Chromosome	Position(bp)	Rate(cM/Mb)	Map(cM)
chr10	0	0	0
chr10	104674	0.3254136846	0
chr10	128549	0.02426335504	0.00776925172
chr10	128552	0.02983313042	0.00776932451
chr10	271472	0.124087105	0.01203307551
chr10	532067	0.05039824837	0.04436955463
chr10	576158	0.09979412915	0.0465916638
chr10	576468	0.1157464686	0.04662259998
chr10	576469	0.1036837139	0.04662271573
chr10	579909	0.1537572636	0.0469793877
chr10	650640	0.09731451935	0.05785479272
chr10	650824	0.1446466505	0.05787269859
chr10	650825	0.1349482852	0.05787284323
chr10	650837	0.1615577468	0.05787446261
chr10	653383	0.1114841971	0.05828578864
chr10	663846	0.1955645734	0.05945224779
chr10	664729	0.2503003597	0.05962493131
chr10	664730	0.2409449137	0.05962518161
chr10	665469	0.2708133469	0.0598032399
chr10	665502	0.3304195247	0.05981217674
chr10	665681	0.6204908004	0.05987132184
chr10	669156	0.8443134672	0.06202752737
chr10	784939	1.72850092	0.1597846735
chr10	786438	1.666664192	0.1623756964
chr10	788646	1.547035974	0.1660556909
chr10	788719	1.456503802	0.1661686246
chr10	788823	1.425759286	0.166320101
chr10	789100	0.5093925958	0.1667150363
chr10	789179	2.0275087	0.1667552783
chr10	789180	1.876447654	0.1667573058
chr10	789203	1.845800457	0.1668004641
chr10	790522	1.81675704	0.1692350749
chr10	790572	1.78729852	0.1693259128
chr10	791989	0.4228183693	0.1718585148
chr10	792358	0.4525641266	0.1720145347
chr10	792359	0.4235211674	0.1720149873
chr10	792379	0.3944827927	0.1720234577
chr10	792398	0.4026104277	0.1720309529
chr10	792399	0.3737931332	0.1720313555
chr10	806677	0.3858297228	0.1773683739
chr10	806678	0.359911231	0.1773687597
chr10	806797	0.151084804	0.1774115891
chr10	806902	0.3865701028	0.177427453
chr10	807098	2.186892412	0.1775032208
chr10	807099	2.145257511	0.1775054077
chr10	823214	9.416214016	0.2120762325
chr10	823215	8.049308285	0.2120856487
chr10	823472	7.817951414	0.2141543209
chr10	823505	12.4809476	0.2144123133
chr10	823509	25.80409862	0.2144622371
chr10	823720	18.53314212	0.2199069019
chr10	823755	18.55666002	0.2205555619
chr10	823756	18.5333856	0.2205741185
chr10	823798	18.29181028	0.2213525207
chr10	823935	9.655415936	0.2238584987
chr10	824293	10.4317152	0.2273151377
chr10	824294	0.8680111802	0.2273255694
chr10	857468	0.09171192049	0.2561209723
chr10	857472	0.1025182578	0.2561213391
chr10	857732	0.1088776693	0.2561479939
chr10	858215	0.1180003044	0.2562005818
chr10	858255	0.1288315519	0.2562053018
chr10	858313	0.160315563	0.256212774
chr10	858332	0.2434405931	0.25621582
chr10	858416	0.2857709517	0.256236269
chr10	916043	0.2560251944	0.2727043917
chr10	919248	0.2799763734	0.2735249524
chr10	919278	0.2196097539	0.2735333517
chr10	926753	0.2311600491	0.2751749346
chr10	926927	0.2698775786	0.2752151565
chr10	1009249	0.2854792324	0.2974320185
chr10	1009962	0.3415452257	0.2976355652
chr10	1011962	0.383284144	0.2983186556
chr10	1057992	1.027426111	0.3159612248
chr10	1063793	1.058006905	0.3219213236
chr10	1063794	0.4238972895	0.3219223816
chr10	1193216	0.3799482066	0.3767840166
chr10	1197897	0.3974877111	0.3785625542
chr10	1197898	0.3703327462	0.3785629517
chr10	1197908	0.5438321791	0.378566655
chr10	1197909	0.5329951251	0.3785671988
chr10	1197929	0.628173874	0.3785778587
chr10	1197930	0.5933344894	0.3785784869
chr10	1197955	0.8854623012	0.3785933203
chr10	1208156	0.888577298	0.3876259212
chr10	1245063	1.156759737	0.4204206436
chr10	1245064	0.9334253146	0.4204218003
chr10	1245096	0.9625549305	0.4204516699
chr10	1245097	0.7128998504	0.4204526325
chr10	1245117	1.14977331	0.4204668905
chr10	1245118	1.044634762	0.4204680403
chr10	1245169	1.764676747	0.4205213166
chr10	1245266	2.013053976	0.4206924903
chr10	1245281	3.083137078	0.4207226861
chr10	1245282	3.062078826	0.4207257692
chr10	1245366	3.106634499	0.4209829838
chr10	1246284	3.34181118	0.4238348743
chr10	1246703	3.656483769	0.4252350932
chr10	1248918	3.679660687	0.4333342047
chr10	1249886	4.018730935	0.4368961163
chr10	1249887	3.219967584	0.436900135
chr10	1250011	3.241431475	0.437299411
chr10	1250078	4.061151993	0.4375165869
chr10	1254480	4.240795842	0.455393778
chr10	1254977	4.263959481	0.4575014535
chr10	1255151	4.312045791	0.4582433825
chr10	1255184	4.358624687	0.45838568
chr10	1255185	3.993199181	0.4583900386
chr10	1255226	4.58590786	0.4585537598
chr10	1257846	5.613992878	0.4705688384
chr10	1257847	5.131955372	0.4705744523
chr10	1261508	13.28127375	0.489362541
chr10	1261509	10.0007213	0.4893758222
chr10	1261510	9.975228845	0.489385823
chr10	1261519	9.999491259	0.4894756
chr10	1261898	10.4225159	0.4932654072
chr10	1261927	11.13853285	0.4935676602
chr10	1261928	10.59288326	0.4935787987
chr10	1262011	11.54418079	0.494458008
chr10	1262012	4.244371285	0.4944695522
chr10	1353060	4.365954365	0.8809110689
chr10	1353162	4.434521448	0.8813563963
chr10	1353163	4.35423987	0.8813608308
chr10	1353175	4.476733805	0.8814130817
chr10	1353176	4.36077811	0.8814175584
chr10	1354222	4.280980602	0.8859789323
chr10	1354345	4.413274134	0.8865054929
chr10	1354346	4.25432521	0.8865099062
chr10	1406818	48.0189284	1.109742859
chr10	1406819	47.42996121	1.109790878
chr10	1406905	49.96933708	1.113869854
chr10	1406906	7.847353407	1.113919824
chr10	1407378	8.094571791	1.117623774
chr10	1407379	7.994520564	1.117631869
chr10	1407560	8.615811874	1.119078877
chr10	1407561	8.402525464	1.119087493
chr10	1407573	9.76921002	1.119188323
chr10	1407574	9.743949603	1.119198092
chr10	1407657	14.92460163	1.12000684
chr10	1407658	14.6092179	1.120021765
chr10	1408973	14.55613103	1.139232886
chr10	1412081	14.4850584	1.184473342
chr10	1412094	13.43700458	1.184661647
chr10	1412095	13.41982583	1.184675084
chr10	1412106	12.59287506	1.184822703
chr10	1412109	12.56836371	1.184860481
chr10	1413150	12.54410194	1.197944148
chr10	1413156	23.17735047	1.198019412
chr10	1413157	22.6377618	1.19804259
chr10	1413466	23.79875501	1.205037658
chr10	1413467	21.62486746	1.205061457
chr10	1413469	21.60059432	1.205104707
chr10	1413501	33.58464641	1.205795926
chr10	1413502	22.29768537	1.20582951
chr10	1413507	21.57181692	1.205940999
chr10	1413511	20.95223053	1.206027286
chr10	1413512	23.28040975	1.206048238
chr10	1413513	22.59602045	1.206071519
chr10	1413579	56.79209261	1.207562856
chr10	1413580	54.22878999	1.207619648
chr10	1413583	55.06229792	1.207782334
chr10	1413584	54.99201001	1.207837397
chr10	1413603	55.39284442	1.208882245
chr10	1413604	55.34433207	1.208937638
chr10	1413619	67.34144457	1.209767803
chr10	1413620	66.01049235	1.209835144
chr10	1413807	80.54085262	1.222179106
chr10	1413808	35.67118098	1.222259647
chr10	1414237	36.64966608	1.237562584
chr10	1414340	37.55451212	1.241337499
chr10	1414341	25.56909237	1.241375054
chr10	1414449	28.33219205	1.244136516
chr10	1414450	28.81286935	1.244164848
chr10	1414519	31.15627583	1.246152936
chr10	1414535	32.2189864	1.246651436
chr10	1414536	28.20687736	1.246683655
chr10	1417913	27.35007624	1.34193828
chr10	1417996	49.57225733	1.344208337
chr10	1417997	38.84357745	1.344257909
chr10	1418405	46.93018827	1.360106088
chr10	1418406	23.30382223	1.360153019
chr10	1418467	24.54970912	1.361574552
chr10	1418468	23.61805452	1.361599102
chr10	1418500	23.8634225	1.362354879
chr10	1418501	23.12597933	1.362378743
chr10	1421420	18.47924041	1.429883476
chr10	1421459	18.72712506	1.430604167
chr10	1422089	39.39624861	1.442402256
chr10	1422103	39.42446238	1.442953803
chr10	1422104	37.05356891	1.442993227
chr10	1422149	36.16767823	1.444660638
chr10	1422196	35.19719445	1.446360519
chr10	1422259	35.45920157	1.448577942
chr10	1422260	32.53131885	1.448613401
chr10	1422266	33.0746254	1.448808589
chr10	1422267	9.730029449	1.448841664
chr10	1422298	9.993518956	1.449143295
chr10	1422304	11.8003935	1.449203256
chr10	1422305	10.29101056	1.449215056
chr10	1422337	8.924014481	1.449544369
chr10	1424716	8.883401335	1.470774599
chr10	1424876	9.599946033	1.472195943
chr10	1424914	8.382957826	1.472560741
chr10	1424917	7.817984854	1.47258589
chr10	1424924	9.387468149	1.472640616
chr10	1424936	12.34720903	1.472753266
chr10	1424937	11.76145384	1.472765613
chr10	1424977	12.8099815	1.473236071
chr10	1428990	10.80459582	1.524642527
chr10	1429011	11.8997682	1.524869423
chr10	1429012	10.9971421	1.524881323
chr10	1429014	11.52652976	1.524903317
chr10	1429108	11.5651685	1.525986811
chr10	1429109	11.32473562	1.525998376
chr10	1429121	11.95062688	1.526134273
chr10	1429178	62.18767575	1.526815459
chr10	1429233	62.81195439	1.530235781
chr10	1429251	64.04058877	1.531366396
chr10	1429252	14.08786572	1.531430437
chr10	1430613	15.56844926	1.550604022
chr10	1430614	15.12571713	1.550619591
chr10	1431002	15.85944161	1.556488369
chr10	1431003	15.10194229	1.556504228
chr10	1435385	15.23977258	1.622680939
chr10	1435386	13.93756684	1.622696179
chr10	1435756	14.45412096	1.627853079
chr10	1435801	18.1144194	1.628503514
chr10	1435802	15.16057404	1.628521629
chr10	1436153	14.26806218	1.63384299
chr10	1436188	14.43148349	1.634342372
chr10	1436195	12.4056051	1.634443393
chr10	1436260	25.89695891	1.635249757
chr10	1436261	23.20487189	1.635275654
chr10	1436300	23.94722881	1.636180644
chr10	1436301	22.74303547	1.636204591
chr10	1436345	31.657688	1.637205285
chr10	1436346	30.4844159	1.637236942
chr10	1436850	38.56671575	1.652601088
chr10	1436851	14.03817811	1.652639655
chr10	1437503	14.40739104	1.661792547
chr10	1437504	14.34708577	1.661806954
chr10	1438544	14.74828437	1.676727924
chr10	1452271	15.70738343	1.879177623
chr10	1458652	16.88507357	1.979406437
chr10	1458653	16.55647946	1.979423322
chr10	1458700	16.6123861	1.980201476
chr10	1458701	16.28059244	1.980218089
chr10	1459939	19.62448606	2.000373462
chr10	1459940	18.8727023	2.000393087
chr10	1459942	20.74142435	2.000430832
chr10	1459943	16.31281843	2.000451574
chr10	1461191	16.41143852	2.020809971
chr10	1461192	16.26363586	2.020826382
chr10	1461693	16.28966658	2.028974464
chr10	1461694	15.98549527	2.028990754
chr10	1461775	20.95813364	2.030285579
chr10	1461776	18.63313493	2.030306537
chr10	1461844	21.19269232	2.03157359
chr10	1461845	20.932622	2.031594783
chr10	1462075	20.99257839	2.036409286
chr10	1462077	21.4951424	2.036451271
chr10	1462078	21.21147796	2.036472766
chr10	1465270	21.31761243	2.104179804
chr10	1465271	20.48834413	2.104201121
chr10	1465277	20.35892126	2.104324051
chr10	1465293	20.54882793	2.104649794
chr10	1465294	20.29013688	2.104670343
chr10	1465298	20.3502677	2.104751504
chr10	1465364	22.11459191	2.106094621
chr10	1465365	22.03173807	2.106116736
chr10	1465366	21.35343718	2.106138768
chr10	1465736	21.64787217	2.114039539
chr10	1465737	16.91984647	2.114061187
chr10	1465753	17.04745357	2.114331905
chr10	1465754	14.25724564	2.114348952
chr10	1465758	14.38226191	2.114405981
chr10	1465759	14.13282268	2.114420363
chr10	1465985	16.48999649	2.117614381
chr10	1465986	15.98490259	2.117630871
chr10	1466020	16.17609796	2.118174358
chr10	1466021	15.30961092	2.118190534
chr10	1467380	15.35459324	2.138996295
chr10	1467420	14.4150748	2.139610479
chr10	1467441	14.54513099	2.139913196
chr10	1467646	14.83754144	2.142894948
chr10	1467647	10.89289605	2.142909785
chr10	1467653	11.15481364	2.142975142
chr10	1467654	9.818173092	2.142986297
chr10	1467672	10.01231314	2.143163024
chr10	1467768	10.47506026	2.144124206
chr10	1467773	10.53064248	2.144176582
chr10	1468335	11.15088414	2.150094803
chr10	1468336	10.36428014	2.150105954
chr10	1468350	10.78108568	2.150251054
chr10	1468351	10.66429243	2.150261835
chr10	1523284	10.88264483	2.736083411
chr10	1523285	10.81421039	2.736094294
chr10	1523396	10.94080539	2.737294671
chr10	1523397	10.83915162	2.737305612
chr10	1523407	11.00705587	2.737414003
chr10	1523408	10.65759374	2.73742501
chr10	1523409	10.57258573	2.737435668
chr10	1523410	10.69106776	2.73744624
chr10	1523411	10.63137693	2.737456932
chr10	1523422	9.859219564	2.737573877
chr10	1523423	9.98564491	2.737583736
chr10	1523424	9.918653931	2.737593722
chr10	1523425	9.110671511	2.73760364
chr10	1523432	9.068178799	2.737667415
chr10	1523437	9.306277294	2.737712756
chr10	1523438	8.542563157	2.737722062
chr10	1523441	8.062833289	2.73774769
chr10	1523619	18.5981095	2.739182874
chr10	1523620	18.55570886	2.739201472
chr10	1523628	18.51331212	2.739349918
chr10	1524325	18.80594015	2.752253696
chr10	1524326	7.449922654	2.752272502
chr10	1524336	7.38420794	2.752347002
chr10	1524410	7.515379645	2.752893433
chr10	1524411	7.393568951	2.752900948
chr10	1524507	7.672983166	2.753610731
chr10	1524508	7.446274599	2.753618404
chr10	1524616	7.321258322	2.754422602
chr10	1524618	7.618805074	2.754437244
chr10	1524623	8.649670879	2.754475338
chr10	1524624	7.932014135	2.754483988
chr10	1524639	8.462108772	2.754602968
chr10	1524640	7.991001635	2.75461143
chr10	1526474	8.273999102	2.769266927
chr10	1526482	8.59547674	2.769333119
chr10	1526483	8.109988302	2.769341715
chr10	1527015	8.04727452	2.773656228
chr10	1549161	8.065639188	2.95187117
chr10	1549162	7.825076783	2.951879236
chr10	1549168	8.943345474	2.951926186
chr10	1549169	8.49456542	2.951935129
chr10	1549170	8.254165174	2.951943624
chr10	1549198	8.921922831	2.952174741
chr10	1549199	8.412450073	2.952183662
chr10	1549416	10.04450178	2.954009164
chr10	1549417	9.233295337	2.954019209
chr10	1549513	9.187965519	2.954905605
chr10	1549535	10.51687853	2.95510774
chr10	1549536	9.383818813	2.955118257
chr10	1549574	9.417762645	2.955474842
chr10	1549575	9.225807925	2.95548426
chr10	1550553	13.22930746	2.9645071
chr10	1550554	13.08742694	2.964520329
chr10	1552338	47.15320464	2.987868299
chr10	1552339	45.06574697	2.987915452
chr10	1552368	45.10058895	2.989222359
chr10	1552369	43.85470206	2.98926746
chr10	1552386	43.79101448	2.99001299
chr10	1552422	43.75946695	2.991589466
chr10	1552445	44.31380384	2.992595934
chr10	1552446	7.749688468	2.992640248
chr10	1552457	11.00062579	2.992725494
chr10	1552458	7.579644027	2.992736495
chr10	1552503	8.313141188	2.993077579
chr10	1552504	8.071386584	2.993085892
chr10	1552520	8.112799747	2.993215034
chr10	1552523	8.53960944	2.993239372
chr10	1552524	8.281867251	2.993247912
chr10	1552536	12.77389325	2.993347294
chr10	1552537	12.37929445	2.993360068
chr10	1553552	13.56614472	3.005925052
chr10	1553582	13.71841358	3.006332037
chr10	1554388	13.75654731	3.017389078
chr10	1554389	11.73158595	3.017402834
chr10	1554461	11.93052613	3.018247509
chr10	1554462	9.977079512	3.018259439
chr10	1555321	10.06692257	3.026829751
chr10	1555322	10.0302345	3.026839817
chr10	1556451	10.24905945	3.038163952
chr10	1556468	10.28803343	3.038338186
chr10	1556481	10.4438302	3.038471931
chr10	1556498	10.55436649	3.038649476
chr10	1556500	10.84329114	3.038670584
chr10	1556501	9.791501771	3.038681428
chr10	1556516	9.834865443	3.0388283
chr10	1556521	9.876038074	3.038877475
chr10	1556522	8.953031554	3.038887351
chr10	1556543	9.743047442	3.039075364
chr10	1560047	9.801007375	3.073215003
chr10	1561162	10.4330087	3.084143126
chr10	1561163	8.547585414	3.084153559
chr10	1561199	9.097866279	3.084461272
chr10	1561200	8.30785039	3.08447037
chr10	1561508	9.088702814	3.087029188
chr10	1561509	7.617980419	3.087038276
chr10	1569848	7.659755663	3.150564615
chr10	1570434	7.747134842	3.155053232
chr10	1570440	7.830343613	3.155099715
chr10	1570441	7.341000729	3.155107545
chr10	1573263	7.734985455	3.175823849
chr10	1573264	7.270016814	3.175831584
chr10	1573279	7.399745582	3.175940634
chr10	1573280	6.908717719	3.175948034
chr10	1622022	6.847920152	3.512692753
chr10	1622056	6.980576358	3.512925582
chr10	1641313	7.202075696	3.647350541
chr10	1641331	7.340190569	3.647480179
chr10	1641332	7.308747117	3.647487519
chr10	1641358	7.337150606	3.647677546
chr10	1641359	7.252373771	3.647684883
chr10	1644809	14.61897615	3.672705573
chr10	1644810	14.60192716	3.672720192
chr10	1645559	14.93673805	3.683657035
chr10	1645879	14.81095532	3.688436792
chr10	1645881	15.1154917	3.688466414
chr10	1646015	15.18992605	3.690491889
chr10	1648118	15.56366681	3.722436304
chr10	1648119	15.52517561	3.722451868
chr10	1648137	15.56342073	3.722731321
chr10	1648138	15.54325042	3.722746884
chr10	1648146	12.23569514	3.72287123
chr10	1648529	12.31545286	3.727557501
chr10	1648530	12.09050713	3.727569817
chr10	1649522	14.82590043	3.7395636
chr10	1649523	14.74589823	3.739578426
chr10	1649641	14.70415332	3.741318442
chr10	1649651	14.47817043	3.741465483
chr10	1649656	14.55386565	3.741537874
chr10	1649657	12.99434614	3.741552428
chr10	1649678	12.95606043	3.741825309
chr10	1650539	12.31398294	3.752980477
chr10	1650548	12.27486351	3.753091303
chr10	1650555	12.22894416	3.753177227
chr10	1650786	12.15407661	3.756002113
chr10	1650855	12.31304481	3.756840745
chr10	1650856	10.40096283	3.756853058
chr10	1650866	16.22349882	3.756957067
chr10	1650867	12.11310892	3.756973291
chr10	1650893	12.03454311	3.757288232
chr10	1650897	12.07184633	3.75733637
chr10	1650898	11.9871916	3.757348442
chr10	1655666	11.92892796	3.814503371
chr10	1657884	17.79698198	3.840961733
chr10	1657885	17.5024588	3.84097953
chr10	1657917	16.93889884	3.841539609
chr10	1657922	16.98147515	3.841624304
chr10	1657923	14.61862977	3.841641285
chr10	1657961	14.74515596	3.842196793
chr10	1657962	13.58586456	3.842211538
chr10	1657971	13.75406039	3.842333811
chr10	1657972	13.63763258	3.842347565
chr10	1658369	13.67799355	3.847761705
chr10	1658378	13.76116069	3.847884807
chr10	1659124	13.80433456	3.858150633
chr10	1659125	13.42757594	3.858164437
chr10	1659137	13.50973641	3.858325568
chr10	1659138	10.43654778	3.858339078
chr10	1659163	10.56741211	3.858599992
chr10	1659164	7.813335048	3.858610559
chr10	1659172	8.174414928	3.858673066
chr10	1659173	6.826051398	3.85868124
chr10	1659176	6.916214466	3.858701718
chr10	1659177	4.07081308	3.858708634
chr10	1659602	4.114233559	3.86043873
chr10	1659787	4.15599837	3.861199863
chr10	1659788	4.079201271	3.861204019
chr10	1659792	4.382029502	3.861220336
chr10	1659793	4.346411367	3.861224718
chr10	1740786	3.473415901	4.213253614
chr10	1744307	3.040150001	4.225483511
chr10	1744333	8.486563932	4.225562555
chr10	1744334	10.85197865	4.225571042
chr10	1744335	10.7158372	4.225581894
chr10	1744340	10.63541828	4.225635473
chr10	1744366	15.54400476	4.225911994
chr10	1744367	15.16257416	4.225927538
chr10	1744373	15.30485524	4.226018513
chr10	1744374	15.20309374	4.226033818
chr10	1744843	23.19694246	4.233164069
chr10	1744844	23.18529357	4.233187266
chr10	1744870	23.07172148	4.233790084
chr10	1744919	23.05219727	4.234920598
chr10	1745631	22.90909526	4.251333762
chr10	1745659	19.99245639	4.251975217
chr10	1745709	53.69141692	4.25297484
chr10	1745710	41.17874788	4.253028531
chr10	1745823	41.22057712	4.25768173
chr10	1745824	5.478007652	4.25772295
chr10	1747878	5.394767586	4.268974778
chr10	1747882	7.958977509	4.268996357
chr10	1747883	5.380114541	4.269004316
chr10	1747885	3.647877856	4.269015076
chr10	1748079	3.779882592	4.269722765
chr10	1748080	3.697486831	4.269726545
chr10	1749496	3.874921314	4.274962186
chr10	1749497	3.819707016	4.274966061
chr10	1749523	4.744177579	4.275065373
chr10	1749524	2.221530531	4.275070117
chr10	1767958	2.021958848	4.316021811
chr10	1767966	2.014782428	4.316037987
chr10	1770230	2.127821128	4.320599454
chr10	1770231	1.252186417	4.320601582
chr10	1770245	2.15414866	4.320619113
chr10	1770246	1.799074203	4.320621267
chr10	1770726	1.883351396	4.321484823
chr10	1770887	2.676989209	4.321788042
chr10	1770888	2.609173071	4.321790719
chr10	1770905	2.640755297	4.321835075
chr10	1770977	2.658579723	4.322025209
chr10	1770978	2.641990742	4.322027868
chr10	1771025	6.921722081	4.322152042
chr10	1771026	6.762756302	4.322158963
chr10	1771047	6.801539242	4.322300981
chr10	1771072	6.819502389	4.32247102
chr10	1771134	8.217434822	4.322893829
chr10	1771150	8.233598253	4.323025308
chr10	1771251	9.182356671	4.323856901
chr10	1772077	9.272074567	4.331441528
chr10	1772078	9.20693829	4.3314508
chr10	1772618	9.278860055	4.336422547
chr10	1772619	9.234593058	4.336431825
chr10	1772763	44.41661667	4.337761607
chr10	1772879	44.58208218	4.342913934
chr10	1772880	13.13674891	4.342958516
chr10	1772946	15.10094506	4.343825542
chr10	1772947	15.08896924	4.343840643
chr10	1772956	15.2618879	4.343976444
chr10	1772999	16.81476613	4.344632705
chr10	1773796	18.56879783	4.358034073
chr10	1773797	18.58589595	4.358052642
chr10	1773798	15.87809144	4.358071228
chr10	1773800	15.91228815	4.358102984
chr10	1773803	15.95841446	4.358150721
chr10	1773860	16.38942689	4.359060351
chr10	1774268	20.76410464	4.365747237
chr10	1774269	19.62997887	4.365768001
chr10	1774280	19.6531048	4.365983931
chr10	1774323	19.77713068	4.366829014
chr10	1774324	18.87516844	4.366848791
chr10	1775926	18.89357215	4.397086811
chr10	1775949	20.5060194	4.397521363
chr10	1775950	5.352935963	4.397541869
chr10	1776107	5.467690515	4.39838228
chr10	1933316	5.651212506	5.257952439
chr10	1933325	6.223696857	5.258003299
chr10	1933326	5.204736443	5.258009523
chr10	1933359	5.351012372	5.258181279
chr10	1933360	5.263000568	5.25818663
chr10	1933366	11.65364834	5.258218209
chr10	1933369	11.66871114	5.258253169
chr10	1933370	11.50740865	5.258264838
chr10	1933543	11.59372599	5.26025562
chr10	1933544	11.50210043	5.260267214
chr10	1933585	11.43238797	5.2607388
chr10	1933607	11.51642799	5.260990312
chr10	1933631	11.64573984	5.261266707
chr10	1933632	12.46543157	5.261278352
chr10	1933633	11.77365185	5.261290818
chr10	1933690	11.75032814	5.261961916
chr10	1933928	11.87110356	5.264758494
chr10	1933929	11.77946206	5.264770365
chr10	1933944	11.83621646	5.264947057
chr10	1933945	5.481978135	5.264958893
chr10	1934071	5.684602471	5.265649622
chr10	1934072	5.662037788	5.265655307
chr10	1934122	5.715071446	5.265938409
chr10	1934123	5.692482518	5.265944124
chr10	1934139	5.752921034	5.266035204
chr10	1934140	5.729640428	5.266040957
chr10	1934157	5.99026788	5.266138361
chr10	1934158	5.94407068	5.266144351
chr10	1934164	6.25480581	5.266180015
chr10	1934180	6.393516609	5.266280092
chr10	1934181	6.34786506	5.266286486
chr10	1934208	6.435987311	5.266457878
chr10	1965645	6.416893829	5.468786011
chr10	1975836	6.972655032	5.534180576
chr10	1975837	6.119449488	5.534187549
chr10	1975864	6.679762015	5.534352774
chr10	1975865	6.079100551	5.534359454
chr10	1975886	5.951513514	5.534487115
chr10	1975958	5.690746412	5.534915624
chr10	1976122	5.73643629	5.535848906
chr10	1976123	5.718344708	5.535854643
chr10	1976166	5.509398096	5.536100531
chr10	1976167	5.656459034	5.536106041
chr10	1976168	5.448052843	5.536111697
chr10	1976505	7.22716005	5.537947691
chr10	1976506	6.432617586	5.537954918
chr10	1976584	6.329651552	5.538456662
chr10	1977034	6.27579971	5.541305006
chr10	1977235	6.055401688	5.542566441
chr10	1977384	6.361122859	5.543468696
chr10	1977385	5.96420503	5.543475057
chr10	1978261	6.306797821	5.548699701
chr10	1978989	6.323834259	5.55329105
chr10	1979095	6.241921669	5.553961376
chr10	1988948	6.494833197	5.61546303
chr10	1988949	6.01168439	5.615469525
chr10	1988972	6.266487631	5.615607794
chr10	1988973	5.962067173	5.61561406
chr10	1988994	6.471940265	5.615739264
chr10	1988995	5.984112549	5.615745736
chr10	1989000	5.540346487	5.615775656
chr10	1989016	5.456896589	5.615864302
chr10	1989043	7.40699443	5.616011638
chr10	1989044	5.97969204	5.616019045
chr10	1989522	6.241811161	5.618877338
chr10	1990436	6.259489302	5.624582353
chr10	1991919	6.495007695	5.633865176
chr10	1992816	7.105292839	5.639691198
chr10	1997993	7.777374807	5.676475299
chr10	1998768	8.555691708	5.682502764
chr10	1998769	8.466627825	5.68251132
chr10	1998795	8.335807933	5.682731452
chr10	1998954	13.01131645	5.684056846
chr10	1998955	11.40816423	5.684069857
chr10	1998957	12.65194516	5.684092673
chr10	1998958	12.20855982	5.684105325
chr10	1998964	12.95207856	5.684178577
chr10	2001999	13.1168982	5.723488135
chr10	2002105	13.06293419	5.724878526
chr10	2003380	13.66345129	5.741533767
chr10	2003381	13.43585247	5.741547431
chr10	2003411	13.18104922	5.741950507
chr10	2003482	13.25048208	5.742886361
chr10	2003483	12.84336632	5.742899611
chr10	2003494	12.87320466	5.743040889
chr10	2003495	11.74119765	5.743053762
chr10	2003511	10.93384545	5.743241621
chr10	2003557	11.81691379	5.743744578
chr10	2003558	10.89367985	5.743756395
chr10	2004841	11.66884571	5.757732986
chr10	2004849	19.12482071	5.757826337
chr10	2004850	15.25336382	5.757845462
chr10	2004872	17.48142356	5.758181036
chr10	2004873	14.86035729	5.758198517
chr10	2008981	14.89652824	5.819244865
chr10	2008982	13.99055203	5.819259761
chr10	2009188	14.01073417	5.822141815
chr10	2009189	13.4378852	5.822155826
chr10	2009191	13.45816256	5.822182701
chr10	2009192	12.61102833	5.82219616
chr10	2009247	13.0189644	5.822889766
chr10	2009248	10.21018349	5.822902785
chr10	2009263	10.29419419	5.823055938
chr10	2009264	9.088458495	5.823066232
chr10	2009337	19.37774237	5.82372969
chr10	2009338	18.55816028	5.823749067
chr10	2009344	19.20933767	5.823860416
chr10	2009345	18.39103162	5.823879626
chr10	2009356	19.20416046	5.824081927
chr10	2009357	18.81937435	5.824101131
chr10	2009693	19.45808436	5.830424441
chr10	2009703	20.16761884	5.830619022
chr10	2009704	9.689070785	5.830639189
chr10	2009705	7.250829674	5.830648878
chr10	2009740	7.720339358	5.830902657
chr10	2020259	7.740053983	5.912112907
chr10	2022426	8.053772101	5.928885604
chr10	2022427	7.273887842	5.928893658
chr10	2024320	7.348119761	5.942663128
chr10	2024321	7.183300122	5.942670476
chr10	2171224	7.359308541	6.997918813
chr10	2171225	7.088919294	6.997926173
chr10	2171231	7.02135416	6.997968706
chr10	2171248	6.999244027	6.998088069
chr10	2171442	7.124652351	6.999445923
chr10	2171443	7.079818023	6.999453047
chr10	2171657	6.878953107	7.000968128
chr10	2171821	7.016587464	7.002096277
chr10	2171854	6.904014079	7.002327824
chr10	2171934	8.361105888	7.002880145
chr10	2171935	8.095699964	7.002888506
chr10	2174158	8.050956841	7.020885247
chr10	2177619	28.58377102	7.048749609
chr10	2177620	28.25598974	7.048778193
chr10	2177633	28.1212734	7.049145521
chr10	2177668	28.17195611	7.050129765
chr10	2177669	28.13078095	7.050157937
chr10	2177684	28.16516866	7.050579899
chr10	2177685	28.14326675	7.050608064
chr10	2177711	28.68452099	7.051339789
chr10	2177712	28.66267034	7.051368473
chr10	2177749	28.68647714	7.052428992
chr10	2177814	28.97146044	7.054293613
chr10	2177815	10.13901153	7.054322585
chr10	2177837	10.69620924	7.054545643
chr10	2177838	10.63122124	7.054556339
chr10	2177852	10.91914611	7.054705176
chr10	2177913	11.19026652	7.055371244
chr10	2177914	11.10298597	7.055382434
chr10	2180477	11.35729606	7.083839388
chr10	2180500	11.44129003	7.084100605
chr10	2180501	11.39896556	7.084112047
chr10	2180504	11.71739243	7.084146244
chr10	2190572	14.18082713	7.20211695
chr10	2190573	13.29786316	7.202131131
chr10	2190621	13.21651565	7.202769429
chr10	2190630	12.16761084	7.202888377
chr10	2190689	14.80307216	7.203606266
chr10	2190690	14.78274415	7.203621069
chr10	2191482	16.27187603	7.215329003
chr10	2191483	13.71875992	7.215345275
chr10	2192050	12.96700577	7.223123812
chr10	2192056	12.86157721	7.223201614
chr10	2192057	12.8934221	7.223214475
chr10	2192058	12.47620766	7.223227369
chr10	2192084	99.27127193	7.22355175
chr10	2192085	93.86912819	7.223651021
chr10	2192126	96.49977168	7.227499656
chr10	2192127	9.316594841	7.227596155
chr10	2192184	9.241910618	7.228127201
chr10	2192218	9.550742439	7.228441426
chr10	2192219	9.358075296	7.228450977
chr10	2192220	9.368209815	7.228460335
chr10	2192221	10.64362702	7.228469703
chr10	2192222	10.56302483	7.228480347
chr10	2194943	12.81916585	7.257222337
chr10	2194944	11.16494153	7.257235157
chr10	2194954	11.14558852	7.257346806
chr10	2195133	10.1378909	7.259341866
chr10	2195143	10.68472562	7.259443245
chr10	2195144	9.506429497	7.25945393
chr10	2195145	9.486589849	7.259463436
chr10	2195183	10.18305716	7.259823927
chr10	2198532	10.14408959	7.293926985
chr10	2198551	12.63420014	7.294119723
chr10	2198552	11.47112851	7.294132357
chr10	2198567	11.60801834	7.294304424
chr10	2198568	11.45270675	7.294316032
chr10	2198569	11.48708801	7.294327485
chr10	2198589	11.46809811	7.294557227
chr10	2198596	11.49920946	7.294637503
chr10	2199461	12.00901659	7.304584319
chr10	2199462	11.86218579	7.304596328
chr10	2200305	12.80825581	7.314596151
chr10	2200306	12.35379749	7.314608959
chr10	2200314	12.9181638	7.31470779
chr10	2200327	13.12368961	7.314875726
chr10	2200328	11.95335028	7.31488885
chr10	2200329	12.02297885	7.314900803
chr10	2200330	9.935605648	7.314912826
chr10	2200358	9.916344735	7.315191023
chr10	2200363	10.05232221	7.315240605
chr10	2200364	9.315759269	7.315250657
chr10	2200365	19.36795597	7.315259973
chr10	2200377	19.34866071	7.315492388
chr10	2200388	19.41858239	7.315705223
chr10	2200394	19.48852301	7.315821735
chr10	2200399	19.52350247	7.315919177
chr10	2200633	19.58698702	7.320487677
chr10	2200634	19.72315094	7.320507264
chr10	2200730	20.49110503	7.322400687
chr10	2200731	9.468196801	7.322421178
chr10	2200732	9.536976754	7.322430646
chr10	2200778	10.32492985	7.322869347
chr10	2200779	9.408543601	7.322879672
chr10	2200787	9.548147867	7.32295494
chr10	2200838	12.32809264	7.323441896
chr10	2200839	12.2206089	7.323454224
chr10	2200925	12.56622646	7.324505196
chr10	2200926	12.54702265	7.324517762
chr10	2200943	12.64253914	7.324731062
chr10	2201108	13.47751514	7.326817081
chr10	2201114	13.62158324	7.326897946
chr10	2201115	13.60283555	7.326911567
chr10	2201870	14.08646506	7.337181708
chr10	2201871	13.15837604	7.337195795
chr10	2201875	13.68454682	7.337248428
chr10	2201903	13.77184871	7.337631595
chr10	2201912	13.80733868	7.337755542
chr10	2201916	13.87560184	7.337810771
chr10	2201921	14.0399723	7.337880149
chr10	2201932	14.07545372	7.338034589
chr10	2201935	14.29582862	7.338076815
chr10	2202691	14.23460037	7.348884462
chr10	2203148	14.3242406	7.355389674
chr10	2206738	14.56384724	7.406813698
chr10	2206740	14.73201333	7.406842826
chr10	2206741	14.14173989	7.406857558
chr10	2206746	14.33498515	7.406928266
chr10	2206820	15.02638703	7.407989055
chr10	2206821	14.09313022	7.408004082
chr10	2206823	14.92602756	7.408032268
chr10	2206824	14.65370729	7.408047194
chr10	2206832	14.80000906	7.408164424
chr10	2206833	11.53070105	7.408179224
chr10	2206842	11.55086461	7.408283
chr10	2206876	11.93198548	7.408675729
chr10	2206877	11.38243125	7.408687661
chr10	2206890	11.92138245	7.408835633
chr10	2223558	11.96623863	7.607541236
chr10	2223583	12.13732139	7.607840392
chr10	2223585	12.18216773	7.607864666
chr10	2224301	12.65009701	7.616587098
chr10	2224302	12.24831509	7.616599748
chr10	2224303	13.52447236	7.616611997
chr10	2224304	12.03970149	7.616625521
chr10	2224507	12.07545844	7.619069581
chr10	2224508	12.0570802	7.619081656
chr10	2224578	12.14746816	7.619925652
chr10	2224579	11.87162198	7.619937799
chr10	2224608	11.91682037	7.620282076
chr10	2229448	11.99682619	7.677959487
chr10	2229471	12.14713659	7.678235414
chr10	2229472	11.8570451	7.678247561
chr10	2229539	11.90542954	7.679041983
chr10	2230828	12.5090383	7.694388082
chr10	2230829	12.29154972	7.694400591
chr10	2268682	12.98943692	8.159672622
chr10	2268683	11.51737687	8.159685611
chr10	2268713	11.89408371	8.160031133
chr10	2268714	10.85456313	8.160043027
chr10	2305365	10.81933617	8.55787362
chr10	2305577	19.64866695	8.56016732
chr10	2305578	16.4482851	8.560186968
chr10	2305584	17.49517043	8.560285658
chr10	2305585	17.45791933	8.560303153
chr10	2305598	19.88434977	8.560530106
chr10	2305599	19.436924	8.56054999
chr10	2305616	21.33826974	8.560880418
chr10	2305617	21.23083975	8.560901756
chr10	2305622	26.62027547	8.561007911
chr10	2305623	25.41411526	8.561034531
chr10	2305992	31.80746803	8.570412339
chr10	2305993	31.63740764	8.570444147
chr10	2306006	39.46886822	8.570855433
chr10	2306007	39.02083095	8.570894902
chr10	2306024	39.74915006	8.571558256
chr10	2306053	40.08983938	8.572710982
chr10	2306057	43.5065502	8.572871341
chr10	2306302	45.81213047	8.583530446
chr10	2306312	45.8553708	8.583988567
chr10	2306325	45.84366904	8.584584687
chr10	2306326	45.73873347	8.584630531
chr10	2306364	45.74728963	8.586368602
chr10	2306365	45.71551652	8.58641435
chr10	2306378	45.6706904	8.587008651
chr10	2306395	46.02299376	8.587785053
chr10	2306396	45.94584207	8.587831076
chr10	2307550	50.29484196	8.640852578
chr10	2307551	45.74094453	8.640902873
chr10	2307582	45.64629059	8.642320842
chr10	2307583	52.80039219	8.642366488
chr10	2307584	50.80830187	8.642419289
chr10	2307589	50.72987385	8.64267333
chr10	2307594	51.2463843	8.64292698
chr10	2307595	51.17801285	8.642978226
chr10	2309476	52.83535152	8.739244068
chr10	2309477	52.75560998	8.739296903
chr10	2309483	53.95928209	8.739613437
chr10	2309496	57.37837366	8.740314908
chr10	2309503	58.08548571	8.740716556
chr10	2309504	56.17028322	8.740774642
chr10	2309505	56.13659179	8.740830812
chr10	2309507	56.10865482	8.740943085
chr10	2309913	48.85579452	8.763723199
chr10	2309914	55.11715232	8.763772055
chr10	2309915	54.98037657	8.763827172
chr10	2310888	54.94939778	8.817323079
chr10	2310915	54.90692076	8.818806712
chr10	2310919	58.72175047	8.81902634
chr10	2310920	57.99706072	8.819085062
chr10	2313284	60.5308789	8.956190113
chr10	2313285	58.38858247	8.956250644
chr10	2313297	54.04574656	8.956951307
chr10	2313315	57.67415023	8.957924131
chr10	2313316	49.28097519	8.957981805
chr10	2313332	51.91360775	8.9587703
chr10	2313333	49.73991147	8.958822214
chr10	2314705	49.70989732	9.027065372
chr10	2314706	47.49261307	9.027115082
chr10	2314717	46.51965186	9.027637501
chr10	2314732	48.27662607	9.028335296
chr10	2314733	45.1447313	9.028383573
chr10	2314735	46.52239593	9.028473862
chr10	2314736	43.55252316	9.028520384
chr10	2314891	43.84784375	9.035271025
chr10	2314892	40.22137521	9.035314873
chr10	2314902	44.04580763	9.035717087
chr10	2314903	43.5431978	9.035761133
chr10	2314909	45.74502148	9.036022392
chr10	2316126	51.53462928	9.091694083
chr10	2316127	38.4715194	9.091745618
chr10	2316128	39.04325273	9.091784089
chr10	2316129	37.34481022	9.091823133
chr10	2316206	48.73176547	9.094698683
chr10	2316207	41.56637106	9.094747415
chr10	2316497	41.31192721	9.106801662
chr10	2316579	41.91486133	9.11018924
chr10	2316580	31.6095981	9.110231155
chr10	2316825	34.72648763	9.117975507
chr10	2316826	21.38911215	9.118010233
chr10	2316838	16.62251684	9.118266903
chr10	2316851	17.93560498	9.118482995
chr10	2316852	15.67602448	9.118500931
chr10	2322562	16.33686146	9.208011031
chr10	2322563	14.21488025	9.208027368
chr10	2322681	13.12356194	9.209704723
chr10	2322935	13.09345593	9.213038108
chr10	2322995	13.14893933	9.213823716
chr10	2322996	11.95655431	9.213836864
chr10	2323008	13.51229309	9.213980343
chr10	2323009	12.16587385	9.213993855
chr10	2323018	13.0056602	9.214103348
chr10	2323019	12.44660338	9.214116354
chr10	2323033	12.50206503	9.214290606
chr10	2323036	12.28620584	9.214328113
chr10	2323066	11.53648007	9.214696699
chr10	2323077	12.84105898	9.2148236
chr10	2323078	12.62573041	9.214836441
chr10	2323089	12.68150399	9.214975324
chr10	2323090	11.55981398	9.214988006
chr10	2326277	11.47017375	9.251829133
chr10	2326428	11.47882135	9.253561129
chr10	2326429	11.21803174	9.253572608
chr10	2327349	10.75372786	9.263893197
chr10	2327368	10.81333648	9.264097518
chr10	2327369	10.15417605	9.264108331
chr10	2327392	20.45024756	9.264341877
chr10	2327393	18.95714982	9.264362328
chr10	2327398	26.04862253	9.264457113
chr10	2327399	22.89679852	9.264483162
chr10	2328461	22.95748177	9.288799562
chr10	2328462	12.46208251	9.288822519
chr10	2328468	5.604425936	9.288897292
chr10	2328561	6.078335895	9.289418504
chr10	2328562	5.18512365	9.289424582
chr10	2328635	5.247785685	9.289803096
chr10	2328636	3.643776004	9.289808344
chr10	2328638	3.681429627	9.289815631
chr10	2328639	3.518874774	9.289819313
chr10	2328648	4.094107071	9.289850983
chr10	2328670	4.154783314	9.289941053
chr10	2328671	3.990309981	9.289945208
chr10	2328792	4.009162293	9.290428035
chr10	2328793	3.847706024	9.290432044
chr10	2328801	3.046537313	9.290462826
chr10	2328814	3.440365392	9.290502431
chr10	2329314	3.459359414	9.292222614
chr10	2332289	3.400566149	9.302514208
chr10	2333138	3.369205776	9.305401289
chr10	2333149	3.335405394	9.30543835
chr10	2333459	3.214983017	9.306472326
chr10	2333564	3.26067255	9.306809899
chr10	2333565	3.014314917	9.306813159
chr10	2333778	3.092641635	9.307455208
chr10	2389037	3.031718222	9.478351493
chr10	2389053	3.070743428	9.4784
chr10	2389054	2.953895748	9.478403071
chr10	2389067	2.909443334	9.478441471
chr10	2389088	2.991669636	9.47850257
chr10	2389089	2.507392502	9.478505561
chr10	2389249	2.542083896	9.478906744
chr10	2389250	2.373186955	9.478909286
chr10	2389288	2.285060428	9.478999467
chr10	2389304	2.312576388	9.479036028
chr10	2389305	1.868907923	9.479038341
chr10	2389362	1.923544108	9.479144869
chr10	2389363	1.617201452	9.479146792
chr10	2389365	2.1408189	9.479150027
chr10	2389366	2.020854571	9.479152167
chr10	2389368	2.425974291	9.479156209
chr10	2389369	2.254568267	9.479158635
chr10	2389403	2.282105852	9.47923529
chr10	2389575	2.447139226	9.479627813
chr10	2389695	2.502332547	9.479921469
chr10	2391335	2.49638481	9.484025295
chr10	2391396	2.884309739	9.484177574
chr10	2391397	2.818156486	9.484180459
chr10	2391452	4.510738455	9.484335457
chr10	2391453	4.453301815	9.484339968
chr10	2391463	4.493050549	9.484384501
chr10	2391467	4.483431625	9.484402473
chr10	2391508	4.55686007	9.484586294
chr10	2391509	4.528580131	9.484590851
chr10	2397104	4.725288431	9.509928257
chr10	2397105	4.67161336	9.509932982
chr10	2397805	4.73038452	9.513203111
chr10	2398002	4.91206223	9.514134997
chr10	2522401	4.782013047	10.12519063
chr10	2522985	4.725251506	10.12798332
chr10	2523005	10.14209295	10.12807783
chr10	2523006	9.031975009	10.12808797
chr10	2523011	60.97336635	10.12813313
chr10	2523012	59.37608492	10.1281941
chr10	2523056	59.28271368	10.13080665
chr10	2523223	59.28669737	10.14070686
chr10	2523936	65.9246598	10.18297828
chr10	2523937	65.57211588	10.1830442
chr10	2523945	65.63843397	10.18356878
chr10	2523946	65.61958166	10.18363442
chr10	2523980	69.00422195	10.18586548
chr10	2523981	68.96000348	10.18593449
chr10	2523983	69.07125552	10.18607241
chr10	2523984	69.02468076	10.18614148
chr10	2525042	69.07333522	10.25916959
chr10	2525066	72.3525971	10.26082735
chr10	2525067	4.978503709	10.2608997
chr10	2525086	5.22107071	10.2609943
chr10	2525087	5.029646272	10.26099952
chr10	2527949	5.249614889	10.27539436
chr10	2527956	5.384425046	10.27543111
chr10	2554438	5.40680988	10.41802146
chr10	2554439	5.384236889	10.41802686
chr10	2554450	12.70016692	10.41808609
chr10	2554451	12.19935304	10.41809879
chr10	2554966	12.38351116	10.42438146
chr10	2554967	5.244754242	10.42439384
chr10	2554988	5.325310919	10.42450398
chr10	2555051	5.486786691	10.42483947
chr10	2555052	5.3407995	10.42484496
chr10	2555060	5.419089969	10.42488769
chr10	2555122	6.300043172	10.42522367
chr10	2555123	5.909547809	10.42522997
chr10	2555142	6.57251783	10.42534225
chr10	2555143	5.411100911	10.42534883
chr10	2555156	5.678327854	10.42541917
chr10	2555246	6.463781412	10.42593022
chr10	2555247	5.993221233	10.42593668
chr10	2555612	6.014350936	10.42812421
chr10	2563817	6.155845584	10.47747196
chr10	2563818	6.063487005	10.47747811
chr10	2600604	11.85042699	10.70052955
chr10	2600605	10.13919968	10.7005414
chr10	2600633	10.19953846	10.70082529
chr10	2600634	9.79481128	10.70083549
chr10	2600637	9.825948435	10.70086488
chr10	2600638	9.583248518	10.7008747
chr10	2600658	10.91519379	10.70106637
chr10	2600659	9.503238551	10.70107728
chr10	2602052	10.96904331	10.7143153
chr10	2602053	5.222272542	10.71432627
chr10	2602067	5.343771763	10.71439938
chr10	2602075	5.640288299	10.71444213
chr10	2602076	5.32603641	10.71444777
chr10	2602616	5.358030288	10.71732383
chr10	2602617	5.310589197	10.71732919
chr10	2602649	5.506762101	10.71749912
chr10	2602650	5.365826628	10.71750463
chr10	2602655	5.494006697	10.71753146
chr10	2604635	5.530888096	10.72840959
chr10	2604779	5.75519006	10.72920604
chr10	2604780	4.836281811	10.7292118
chr10	2604794	4.934067958	10.7292795
chr10	2604795	4.870131602	10.72928444
chr10	2640610	5.125478315	10.9037082
chr10	2640640	5.209840994	10.90386197
chr10	2640641	5.178007951	10.90386718
chr10	2640660	5.333834435	10.90396556
chr10	2640661	5.29115886	10.90397089
chr10	2640665	5.338248377	10.90399206
chr10	2701588	5.443875663	11.22921416
chr10	2701589	5.423033597	11.22921961
chr10	2701598	6.310454358	11.22926841
chr10	2701599	5.674735615	11.22927472
chr10	2704390	5.892559736	11.24511291
chr10	2704391	5.820448457	11.2451188
chr10	2707935	5.781116262	11.26574647
chr10	2711175	5.742121739	11.28447729
chr10	2711514	5.906266075	11.28642387
chr10	2711858	5.970489665	11.28845562
chr10	2714738	9.425423885	11.30565063
chr10	2714739	9.024279015	11.30566006
chr10	2714742	10.79610398	11.30568713
chr10	2714743	10.56756995	11.30569793
chr10	2715225	10.47004393	11.3107915
chr10	2715910	10.49017982	11.31796348
chr10	2716029	13.81376228	11.31921181
chr10	2716030	13.7484129	11.31922562
chr10	2716037	13.69040189	11.31932186
chr10	2716066	15.72234227	11.31971888
chr10	2717594	15.59536784	11.34374262
chr10	2717609	16.11516213	11.34397655
chr10	2717610	15.21201645	11.34399267
chr10	2717618	15.4885531	11.34411436
chr10	2717619	15.43447074	11.34412985
chr10	2717623	16.58691357	11.34419159
chr10	2717627	15.24822174	11.34425794
chr10	2718076	15.21688835	11.35110439
chr10	2718555	15.59684332	11.35839328
chr10	2718556	15.56525787	11.35840888
chr10	2718569	15.40776704	11.35861122
chr10	2718581	13.93453944	11.35879612
chr10	2718643	12.47531442	11.35966006
chr10	2718711	13.06425837	11.36050838
chr10	2718712	13.04536491	11.36052145
chr10	2718794	19.76308558	11.36159116
chr10	2718795	18.81261645	11.36161093
chr10	2718797	20.62005355	11.36164855
chr10	2718798	20.36834366	11.36166917
chr10	2718807	20.75928022	11.36185249
chr10	2718808	20.6966237	11.36187325
chr10	2718819	20.91740526	11.36210091
chr10	2718820	20.84132415	11.36212183
chr10	2718933	21.61347929	11.3644769
chr10	2719536	23.04448019	11.37750983
chr10	2719537	22.20026266	11.37753287
chr10	2719552	22.41894454	11.37786587
chr10	2719561	22.72310327	11.37806764
chr10	2719562	21.92912162	11.37809037
chr10	2719584	25.82513982	11.37857281
chr10	2719585	24.67717252	11.37859863
chr10	2724679	23.32990528	11.50430415
chr10	2724682	23.64500497	11.50437414
chr10	2724683	22.39552153	11.50439778
chr10	2724686	22.92911167	11.50446497
chr10	2724687	20.705741	11.5044879
chr10	2724705	21.33621037	11.5048606
chr10	2724706	21.28788961	11.50488194
chr10	2724707	27.34609167	11.50490323
chr10	2724708	24.45309242	11.50493057
chr10	2724757	27.51318868	11.50612878
chr10	2724760	28.08715186	11.50621132
chr10	2724761	27.4705767	11.5062394
chr10	2728217	33.02703918	11.60117772
chr10	2728218	32.21686319	11.60121074
chr10	2728220	34.67424866	11.60127518
chr10	2728221	34.40137882	11.60130985
chr10	2728237	36.55795808	11.60186027
chr10	2728238	36.17800311	11.60189683
chr10	2728242	41.58040854	11.60204154
chr10	2728243	40.36971855	11.60208312
chr10	2728257	40.21556831	11.6026483
chr10	2728456	44.43651615	11.6106512
chr10	2728458	44.02192251	11.61074007
chr10	2729731	48.83435415	11.66677998
chr10	2729732	47.76987387	11.66682881
chr10	2729736	54.99797602	11.66701989
chr10	2729737	54.63560982	11.66707489
chr10	2729739	55.18994219	11.66718416
chr10	2729740	49.86858573	11.66723935
chr10	2729746	49.51149099	11.66753856
chr10	2729764	48.04917191	11.66842977
chr10	2731169	57.64038847	11.73593886
chr10	2731170	48.34242094	11.7359965
chr10	2731240	46.53613117	11.73938047
chr10	2731259	52.73315976	11.74026465
chr10	2731260	39.59855622	11.74031738
chr10	2731263	30.48736934	11.74043618
chr10	2731341	54.68736229	11.7428142
chr10	2731342	53.96789752	11.74286888
chr10	2731580	54.68228664	11.75571324
chr10	2731581	45.08527323	11.75576792
chr10	2731640	45.79488367	11.75842796
chr10	2731641	43.5919558	11.75847375
chr10	2731656	49.5438692	11.75912763
chr10	2731657	23.45633862	11.75917717
chr10	2732768	23.17728037	11.78523717
chr10	2733147	24.31877478	11.79402136
chr10	2733148	22.16017018	11.79404567
chr10	2733153	23.17230333	11.79415647
chr10	2735482	23.48765393	11.84812477
chr10	2735483	16.01056526	11.84814826
chr10	2735497	15.98299032	11.8483724
chr10	2736184	15.78816808	11.85935272
chr10	2736358	15.47656056	11.86209986
chr10	2736359	15.2716389	11.86211534
chr10	2736375	17.67136807	11.86235968
chr10	2736376	15.34492646	11.86237735
chr10	2736383	14.20799692	11.86248477
chr10	2736387	16.62210715	11.8625416
chr10	2736419	15.03104104	11.86307351
chr10	2736422	13.48714511	11.8631186
chr10	2736730	12.77275599	11.86727264
chr10	2736732	12.02202558	11.86729819
chr10	2736733	9.953154111	11.86731021
chr10	2736745	9.964859532	11.86742965
chr10	2736755	9.970040872	11.8675293
chr10	2736766	9.979102572	11.86763897
chr10	2736767	9.548798012	11.86764895
chr10	2736770	9.592561962	11.86767759
chr10	2736777	9.596836327	11.86774474
chr10	2736788	8.584703179	11.86785031
chr10	2736845	8.589165669	11.86833963
chr10	2736863	8.69385205	11.86849424
chr10	2736899	12.21546091	11.86880722
chr10	2736917	19.2467823	11.8690271
chr10	2736918	18.10482696	11.86904634
chr10	2736968	18.12189728	11.86995158
chr10	2736969	17.625325	11.86996971
chr10	2737580	17.62992253	11.88073878
chr10	2737856	17.6794484	11.88560464
chr10	2737910	18.24734447	11.88655933
chr10	2737911	8.808384629	11.88657758
chr10	2737929	8.839849113	11.88673613
chr10	2737949	8.869663903	11.88691292
chr10	2737950	8.842591362	11.88692179
chr10	2737993	8.874874308	11.88730202
chr10	2737998	9.212386377	11.8873464
chr10	2737999	5.867746384	11.88735561
chr10	2738033	5.898792427	11.88755511
chr10	2738034	2.60505564	11.88756101
chr10	2738044	2.609672456	11.88758706
chr10	2738296	2.747983869	11.8882447
chr10	2738297	2.84692631	11.88824745
chr10	2813607	2.75757128	12.10264947
chr10	2820836	3.107007194	12.12258395
chr10	2820837	1.390377625	12.12258706
chr10	2820848	1.395542781	12.12260235
chr10	2934676	1.406989464	12.2814542
chr10	2934692	1.473021468	12.28147671
chr10	2934711	1.503948363	12.2815047
chr10	3193990	1.49589941	12.67144692
chr10	3193991	1.513725397	12.67144842
chr10	3193992	1.485938317	12.67144993
chr10	3253461	1.654286413	12.7598172
chr10	3253462	1.343189497	12.75981885
chr10	3446764	1.49816719	13.01946007
chr10	3446765	1.406292308	13.01946157
chr10	3446822	1.532684832	13.01954173
chr10	3446823	1.511932959	13.01954326
chr10	3446852	1.578044669	13.01958711
chr10	3446853	1.399801589	13.01958868
chr10	3532561	1.376820448	13.13956288
chr10	3533131	1.341256065	13.14034767
chr10	3533140	4.769257162	13.14035974
chr10	3533141	4.701137613	13.14036451
chr10	3533164	4.696619866	13.14047263
chr10	3534867	4.851139144	13.14847098
chr10	3534868	4.767451993	13.14847583
chr10	3534935	7.95845008	13.14879525
chr10	3534936	7.902573189	13.1488032
chr10	3534951	8.063909094	13.14892174
chr10	3534952	8.058757125	13.14892981
chr10	3535129	8.017121817	13.15035621
chr10	3535358	9.49022048	13.15219213
chr10	3537577	9.485087379	13.17325093
chr10	3537604	9.475883365	13.17350702
chr10	3537703	9.462095457	13.17444514
chr10	3537716	9.720891139	13.17456814
chr10	3537717	8.853588771	13.17457787
chr10	3537741	7.54243268	13.17479035
chr10	3537798	7.723099738	13.17522027
chr10	3537799	7.616122187	13.17522799
chr10	3537809	7.611536645	13.17530415
chr10	3537814	7.596674404	13.17534221
chr10	3537815	7.794966093	13.17534981
chr10	3537816	7.770380991	13.1753576
chr10	3537947	7.775408257	13.17637552
chr10	3537948	7.006269987	13.1763833
chr10	3538987	6.37704064	13.18366281
chr10	3539001	5.472194602	13.18375209
chr10	3539107	5.463037721	13.18433214
chr10	3539119	5.676319113	13.1843977
chr10	3539120	5.592980745	13.18440338
chr10	3539147	5.553131257	13.18455439
chr10	3539230	5.767793956	13.1850153
chr10	3539231	5.750334089	13.18502107
chr10	3539448	5.70602183	13.18626889
chr10	3539494	6.110794988	13.18653137
chr10	3539495	5.271889278	13.18653748
chr10	3539499	5.262708744	13.18655856
chr10	3545007	5.273950871	13.21554556
chr10	3545008	4.130187971	13.21555084
chr10	3548065	4.132816404	13.22817682
chr10	3548066	3.639837174	13.22818095
chr10	3556368	3.647048672	13.25839888
chr10	3556369	2.42514993	13.25840253
chr10	3556432	2.402962107	13.25855531
chr10	3557754	2.428393469	13.26173203
chr10	3557755	1.923294217	13.26173446
chr10	3557759	1.918812206	13.26174215
chr10	3557868	1.939533015	13.2619513
chr10	3558161	2.009910121	13.26251959
chr10	3558162	1.829243062	13.2625216
chr10	3558660	1.797339147	13.26343256
chr10	3558670	3.281604751	13.26345053
chr10	3558671	3.259196788	13.26345381
chr10	3558676	3.35392628	13.26347011
chr10	3558677	3.199407002	13.26347346
chr10	3558700	3.18595951	13.26354705
chr10	3558742	3.275148213	13.26368086
chr10	3558743	3.270700032	13.26368414
chr10	3558786	4.694110148	13.26382478
chr10	3558787	4.690444026	13.26382947
chr10	3558795	4.954839693	13.26386699
chr10	3561295	5.06151587	13.27625409
chr10	3561296	3.478110515	13.27625915
chr10	3561351	3.473642075	13.27645045
chr10	3561377	3.489773402	13.27654076
chr10	3561378	3.35512392	13.27654425
chr10	3561386	3.427688393	13.2765711
chr10	3561387	1.999822466	13.27657452
chr10	3561398	2.161252572	13.27659652
chr10	3561399	1.948669707	13.27659868
chr10	3569165	2.078448676	13.29173205
chr10	3569176	2.273565867	13.29175491
chr10	3571145	2.425026743	13.29623157
chr10	3571146	2.052394973	13.29623399
chr10	3590138	2.070854085	13.33521308
chr10	3590402	2.07774169	13.33575978
chr10	3590443	2.153927131	13.33584497
chr10	3590444	1.722823258	13.33584712
chr10	3597483	2.056185359	13.34797408
chr10	3597484	1.994628941	13.34797613
chr10	3597513	2.047964509	13.34803398
chr10	3597514	1.813631152	13.34803602
chr10	3601622	1.759907487	13.35548642
chr10	3601695	2.491195296	13.35561489
chr10	3601696	2.487024733	13.35561739
chr10	3601724	2.565204342	13.35568702
chr10	3602770	2.747968976	13.35837023
chr10	3602771	2.552240918	13.35837297
chr10	3607873	4.057153113	13.37139451
chr10	3607874	3.974034129	13.37139856
chr10	3608008	3.391251935	13.37193108
chr10	3609344	3.483467527	13.3764618
chr10	3610437	4.155567332	13.38026923
chr10	3610438	2.329022253	13.38027338
chr10	3735235	2.270061308	13.67092837
chr10	3735243	2.636893651	13.67094653
chr10	3735244	2.421725272	13.67094917
chr10	3735263	2.465149924	13.67099518
chr10	3735264	2.329778126	13.67099765
chr10	3735401	2.479945636	13.67131683
chr10	3735418	2.495058057	13.67135899
chr10	3735419	2.552397644	13.67136148
chr10	3735423	2.705180959	13.67137169
chr10	3735424	2.407332986	13.6713744
chr10	3735430	2.558402616	13.67138884
chr10	3735495	3.348274497	13.67155514
chr10	3735496	3.297724633	13.67155848
chr10	3735516	3.386053157	13.67162444
chr10	3735703	7.363397495	13.67225763
chr10	3735704	6.975414656	13.67226499
chr10	3735737	7.038263423	13.67249518
chr10	3759810	8.649394633	13.8419273
chr10	3759811	6.43333391	13.84193595
chr10	3759816	6.676975113	13.84196811
chr10	3759817	6.371832542	13.84197479
chr10	3759822	6.644357606	13.84200665
chr10	3759823	6.491824273	13.8420133
chr10	3759900	10.35836255	13.84251317
chr10	3759901	9.156729641	13.84252352
chr10	3759964	9.533004867	13.8431004
chr10	3760397	9.785843287	13.84722819
chr10	3767331	9.770133444	13.91508323
chr10	3788804	9.642563957	14.1248773
chr10	3788826	13.37581025	14.12508944
chr10	3788838	13.24906696	14.12524995
chr10	3789448	14.05135291	14.13333188
chr10	3789449	11.18460612	14.13334593
chr10	3789549	22.10528812	14.13446439
chr10	3789550	19.18623984	14.1344865
chr10	3789874	19.20624845	14.14070284
chr10	3789875	19.20194633	14.14072204
chr10	3789886	20.85661472	14.14093327
chr10	3789887	20.19654191	14.14095412
chr10	3789920	20.23657177	14.14162061
chr10	3789921	10.34650727	14.14164084
chr10	3789923	11.36974761	14.14166154
chr10	3789924	10.73082504	14.14167291
chr10	3789926	10.75757925	14.14169437
chr10	3789927	10.63541887	14.14170513
chr10	3790016	14.48934099	14.14265168
chr10	3790017	13.87994661	14.14266617
chr10	3790031	15.09321596	14.14286049
chr10	3790032	14.99094121	14.14287558
chr10	3790036	15.24575131	14.14293554
chr10	3790037	12.18748364	14.14295079
chr10	3794265	12.81755104	14.19447947
chr10	3794275	13.01480352	14.19460765
chr10	3794276	4.317453414	14.19462066
chr10	3812136	4.102880756	14.27173038
chr10	3812390	4.140408193	14.27277251
chr10	3812405	4.271366664	14.27283462
chr10	3843953	4.776329172	14.40758769
chr10	3843954	4.021722411	14.40759247
chr10	3843986	4.120736636	14.40772116
chr10	3843988	4.29389975	14.40772941
chr10	3843989	3.9104848	14.4077337
chr10	3844057	4.33631951	14.40799961
chr10	3844058	3.880742258	14.40800395
chr10	3844085	3.961587845	14.40810873
chr10	3844086	3.88772657	14.40811269
chr10	3844742	3.918810908	14.41066304
chr10	3844743	3.85158442	14.41066696
chr10	3844744	3.717268633	14.41067081
chr10	3844747	3.77929752	14.41068196
chr10	3971459	3.713009965	14.88956431
chr10	3971512	3.630616039	14.8897611
chr10	3971514	3.606811336	14.88976836
chr10	3971516	3.647358682	14.88977557
chr10	3971517	3.627102756	14.88977922
chr10	3971771	3.66594875	14.8907005
chr10	3971772	3.625610894	14.89070417
chr10	3973616	3.64692396	14.8973898
chr10	3973624	3.626410302	14.89741897
chr10	3973644	3.691342477	14.8974915
chr10	3973737	3.799952582	14.8978348
chr10	3973738	3.44947751	14.8978386
chr10	3973749	3.491066224	14.89787654
chr10	3973750	3.100150577	14.89788003
chr10	3973764	3.051303272	14.89792343
chr10	3973765	3.022961485	14.89792648
chr10	3973766	2.942457446	14.89792951
chr10	3978861	2.986596806	14.91292133
chr10	3978862	2.830710034	14.91292431
chr10	3978866	2.899002626	14.91293564
chr10	3978867	2.83716571	14.91293854
chr10	4004676	2.814274749	14.98616295
chr10	4008183	2.823796806	14.99603261
chr10	4061810	2.86688875	15.14746436
chr10	4061811	2.859589767	15.14746723
chr10	4061812	2.847403752	15.14747009
chr10	4061823	2.913594924	15.14750141
chr10	4061824	2.902313517	15.14750432
chr10	4062212	3.003070567	15.14863042
chr10	4062213	2.61124619	15.14863342
chr10	4062235	2.594391369	15.14869087
chr10	4062240	5.785817953	15.14870384
chr10	4062241	5.236545489	15.14870963
chr10	4062251	6.215618086	15.14876199
chr10	4062252	6.053100061	15.14876821
chr10	4062763	5.942793578	15.15186134
chr10	4063429	6.319004845	15.15581924
chr10	4063430	3.20043586	15.15582556
chr10	4063981	3.552374615	15.157589
chr10	4066481	2.559949694	15.16646994
chr10	4066495	2.81749811	15.16650578
chr10	4066496	2.649524134	15.16650859
chr10	4066498	3.01656071	15.16651389
chr10	4066499	2.947920051	15.16651691
chr10	4066517	3.018507799	15.16656997
chr10	4066518	2.991687643	15.16657299
chr10	4066539	3.104588616	15.16663582
chr10	4066540	3.054207104	15.16663892
chr10	4066571	3.12510499	15.1667336
chr10	4093680	3.104555381	15.25145207
chr10	4093702	3.116289202	15.25152037
chr10	4093703	2.824638322	15.25152349
chr10	4093785	2.856450722	15.25175511
chr10	4093786	2.702949489	15.25175797
chr10	4094754	2.69088163	15.25437442
chr10	4094769	2.676213093	15.25441478
chr10	4097768	2.851868571	15.26244075
chr10	4097769	2.618319095	15.2624436
chr10	4097830	2.58247715	15.26260332
chr10	4098530	2.797714128	15.26441105
chr10	4098531	2.711327109	15.26441385
chr10	4098728	3.096434904	15.26494798
chr10	4098729	2.98228691	15.26495108
chr10	4098766	2.867194103	15.26506142
chr10	4099125	3.244286706	15.26609074
chr10	4099126	3.031643176	15.26609399
chr10	4117406	2.965452003	15.32151243
chr10	4117448	5.873834604	15.32163697
chr10	4117449	5.67731177	15.32164285
chr10	4117497	5.759851913	15.32191536
chr10	4117521	5.748622636	15.3220536
chr10	4118119	5.875431446	15.32549127
chr10	4118184	5.838749455	15.32587317
chr10	4118224	5.767626796	15.32610672
chr10	4118229	5.734017395	15.32613556
chr10	4118237	5.545432435	15.32618144
chr10	4118372	5.523022684	15.32693007
chr10	4118425	5.511819873	15.32722279
chr10	4118463	5.523057656	15.32743224
chr10	4118464	5.385309511	15.32743776
chr10	4118492	5.457841383	15.32758855
chr10	4118501	5.446645595	15.32763767
chr10	4118571	5.673224052	15.32801894
chr10	4118572	5.424330508	15.32802461
chr10	4118638	4.883222783	15.32838261
chr10	4118712	16.35659407	15.32874397
chr10	4118713	13.22324684	15.32876033
chr10	4118760	13.40418599	15.32938182
chr10	4118761	13.25221395	15.32939523
chr10	4118793	13.88961936	15.3298193
chr10	4118835	14.22597245	15.33040266
chr10	4118869	14.21478918	15.33088634
chr10	4119049	3.262677852	15.33344501
chr10	4119057	3.737537097	15.33347111
chr10	4119081	4.765522329	15.33356081
chr10	4119082	4.752143624	15.33356557
chr10	4119125	6.885556445	15.33376992
chr10	4119126	6.844589433	15.3337768
chr10	4119130	7.909629248	15.33380418
chr10	4119131	7.875774421	15.33381209
chr10	4119143	8.838665826	15.3339066
chr10	4119144	8.832070665	15.33391544
chr10	4119224	9.82879002	15.334622
chr10	4119759	9.967639851	15.33988041
chr10	4119766	11.21204962	15.33995018
chr10	4119767	11.80778775	15.33996139
chr10	4119778	12.25985869	15.34009128
chr10	4119838	12.70980945	15.34082687
chr10	4119861	13.15620391	15.34111919
chr10	4124371	13.1452046	15.40045367
chr10	4124459	13.22310551	15.40161045
chr10	4124502	13.40478069	15.40217905
chr10	4124520	15.93819532	15.40242033
chr10	4124521	15.92720094	15.40243627
chr10	4124564	25.36424801	15.40312114
chr10	4124565	24.719955	15.4031465
chr10	4126714	28.49037904	15.45626969
chr10	4126725	29.66401804	15.45658308
chr10	4126726	29.87464974	15.45661275
chr10	4126737	30.08581337	15.45694137
chr10	4127059	32.1668639	15.466629
chr10	4127104	32.21914395	15.46807651
chr10	4144159	35.95415221	16.01757401
chr10	4144160	34.7719069	16.01760996
chr10	4144166	38.58082627	16.01781859
chr10	4144167	36.7761325	16.01785717
chr10	4144193	29.70028295	16.01881335
chr10	4144259	31.70197174	16.02077357
chr10	4144260	29.40449078	16.02080527
chr10	4144269	30.70269261	16.02106991
chr10	4144270	30.18337233	16.02110062
chr10	4144752	54.87222728	16.035649
chr10	4144753	49.67303373	16.03570387
chr10	4144770	54.87719268	16.03654832
chr10	4144771	53.44629411	16.03660319
chr10	4144781	53.2643134	16.03713766
chr10	4145370	55.35234064	16.06851034
chr10	4145874	55.04205945	16.09640792
chr10	4145896	55.11029462	16.09761884
chr10	4145897	54.51493298	16.09767395
chr10	4145898	51.1089148	16.09772847
chr10	4146079	50.59590936	16.10697918
chr10	4146096	83.18819482	16.10783931
chr10	4146097	49.58151471	16.1079225
chr10	4146111	49.63469632	16.10861664
chr10	4146162	49.99593679	16.11114801
chr10	4146163	49.44043419	16.11119801
chr10	4146172	48.84361087	16.11164297
chr10	4146189	53.18312851	16.11247331
chr10	4146190	52.77532093	16.11252649
chr10	4146198	52.80040038	16.1129487
chr10	4146199	52.63034704	16.1130015
chr10	4146201	103.7290136	16.11310676
chr10	4146231	103.8007842	16.11621863
chr10	4146237	108.3188172	16.11684143
chr10	4146238	81.8937659	16.11694975
chr10	4146240	82.10564965	16.11711354
chr10	4146241	79.93173247	16.11719565
chr10	4146255	80.08126523	16.11831469
chr10	4146256	79.67120505	16.11839477
chr10	4146273	28.5725385	16.11974918
chr10	4146282	33.18923208	16.12000633
chr10	4146283	30.48675905	16.12003952
chr10	4146406	30.51658052	16.12378939
chr10	4146421	30.3482544	16.12424714
chr10	4146438	41.67163963	16.12476306
chr10	4146439	40.05302811	16.12480474
chr10	4147066	35.85792664	16.14991798
chr10	4147067	35.76800301	16.14995384
chr10	4147068	35.63587027	16.14998961
chr10	4147070	35.85612219	16.15006088
chr10	4147071	30.04395158	16.15009674
chr10	4147074	30.18983778	16.15018687
chr10	4147103	28.84599402	16.15106237
chr10	4147130	29.14981475	16.15184122
chr10	4147131	33.60068693	16.15187037
chr10	4147132	14.09420127	16.15190397
chr10	4147136	14.31374573	16.15196034
chr10	4147187	16.60879537	16.15269035
chr10	4147188	16.30531752	16.15270695
chr10	4147326	16.99634183	16.15495709
chr10	4147327	14.00763022	16.15497408
chr10	4147423	14.16461537	16.15631882
chr10	4170858	16.35197343	16.48826658
chr10	4170859	15.5795621	16.48828293
chr10	4171687	15.5016612	16.50118281
chr10	4182703	15.38819976	16.67194911
chr10	4197074	16.01022214	16.89309293
chr10	4197075	11.65883318	16.89310894
chr10	4197091	11.89989969	16.89329548
chr10	4197092	11.28582983	16.89330738
chr10	4197183	11.40104667	16.89433439
chr10	4197184	11.23523193	16.89434579
chr10	4197205	11.7180828	16.89458173
chr10	4197206	10.79569165	16.89459345
chr10	4197218	10.58266591	16.89472299
chr10	4197223	12.18297133	16.89477591
chr10	4197224	11.46293206	16.89478809
chr10	4197236	11.24281966	16.89492565
chr10	4197476	13.53497461	16.89762392
chr10	4197477	12.1441964	16.89763746
chr10	4197493	11.92575154	16.89783177
chr10	4197496	13.25735607	16.89786754
chr10	4197497	11.94454461	16.8978808
chr10	4197503	12.9658848	16.89795247
chr10	4197504	12.77112468	16.89796543
chr10	4197511	19.31834329	16.89805483
chr10	4197512	17.87782533	16.89807415
chr10	4197521	21.08681268	16.89823505
chr10	4197531	21.25771186	16.89844592
chr10	4198769	21.14852992	16.92476297
chr10	4199346	21.90791276	16.93696567
chr10	4199527	24.48319655	16.940931
chr10	4199528	24.30111196	16.94095548
chr10	4199813	33.26542954	16.9478813
chr10	4199814	27.99554661	16.94791456
chr10	4199852	28.04972484	16.9489784
chr10	4199853	27.75068912	16.94900645
chr10	4199869	44.50981201	16.94945046
chr10	4199870	40.85438504	16.94949497
chr10	4199912	41.67369335	16.95121085
chr10	4199913	39.93282444	16.95125252
chr10	4207675	40.68798551	17.26121111
chr10	4207676	40.21672843	17.2612518
chr10	4207748	46.64731207	17.2641474
chr10	4207749	46.11953157	17.26419405
chr10	4207757	46.29179039	17.264563
chr10	4207758	46.17003027	17.26460929
chr10	4208892	69.72686796	17.31696611
chr10	4208893	57.61174556	17.31703584
chr10	4208913	59.13721253	17.31818807
chr10	4208914	54.45088999	17.31824721
chr10	4209104	56.67597928	17.32859288
chr10	4209105	54.25839758	17.32864955
chr10	4209312	54.44418276	17.33988104
chr10	4209313	54.05690866	17.33993549
chr10	4209395	56.32729662	17.34436815
chr10	4209396	52.23597885	17.34442448
chr10	4209434	59.58510627	17.34640945
chr10	4209435	49.50440011	17.34646903
chr10	4214634	49.91936785	17.60384241
chr10	4214635	48.6357686	17.60389233
chr10	4214658	48.38793405	17.60501095
chr10	4214705	50.20471495	17.60728518
chr10	4214706	49.49491448	17.60733539
chr10	4214709	53.51158079	17.60748387
chr10	4214710	51.00895181	17.60753738
chr10	4214713	51.23067808	17.60769041
chr10	4214714	49.31440384	17.60774164
chr10	4214790	50.26889962	17.61148954
chr10	4214791	49.7776319	17.61153981
chr10	4214808	51.904516	17.61238602
chr10	4214809	50.95305054	17.61243793
chr10	4215290	53.13423227	17.63694635
chr10	4215291	48.78669326	17.63699948
chr10	4216129	48.9501055	17.67788273
chr10	4216130	47.98805807	17.67793168
chr10	4217241	48.32852494	17.73124641
chr10	4217242	37.56971224	17.73129474
chr10	4217255	36.8663866	17.73178315
chr10	4217260	35.9859535	17.73196748
chr10	4217297	36.03383419	17.73329896
chr10	4217298	35.61165231	17.73333499
chr10	4218858	36.62349427	17.78888917
chr10	4218859	35.20573578	17.78892579
chr10	4219167	33.7001994	17.79976916
chr10	4219170	32.98428113	17.79987026
chr10	4219211	32.98179901	17.80122262
chr10	4220784	38.23060986	17.85310299
chr10	4220785	32.44738333	17.85314122
chr10	4220786	35.89315675	17.85317366
chr10	4220787	31.86789841	17.85320956
chr10	4220826	31.92734234	17.85445241
chr10	4220827	30.64523377	17.85448433
chr10	4222498	32.50856883	17.90569252
chr10	4222499	26.06767442	17.90572503
chr10	4223499	26.99823456	17.9317927
chr10	4223500	22.8146802	17.9318197
chr10	4223547	25.10652249	17.93289199
chr10	4223548	21.70944749	17.9329171
chr10	4223574	21.78840669	17.93348154
chr10	4223611	21.17297029	17.93428771
chr10	4223616	21.25238112	17.93439358
chr10	4224015	21.79767592	17.94287328
chr10	4226306	21.88198169	17.99281175
chr10	4226346	21.6644377	17.99368703
chr10	4226574	22.11205299	17.99862653
chr10	4226575	20.11084206	17.99864864
chr10	4226593	20.23476051	17.99901063
chr10	4226719	21.14475408	18.00156021
chr10	4226722	21.76763324	18.00162365
chr10	4226723	19.68018616	18.00164541
chr10	4226740	19.91954951	18.00197998
chr10	4226810	20.00484031	18.00337435
chr10	4226844	19.79351901	18.00405451
chr10	4226846	19.88626173	18.0040941
chr10	4226929	19.76123271	18.00574466
chr10	4226939	19.71513327	18.00594227
chr10	4226977	18.45820451	18.00669144
chr10	4226998	18.0392676	18.00707907
chr10	4227072	17.51841315	18.00841397
chr10	4227080	17.10142301	18.00855412
chr10	4227098	17.17258694	18.00886195
chr10	4227542	17.53257242	18.01648657
chr10	4229114	17.92932498	18.04404778
chr10	4229115	15.44854964	18.04406571
chr10	4230761	15.54190895	18.06949402
chr10	4230762	12.77094175	18.06950956
chr10	4230767	12.93658946	18.06957342
chr10	4230768	12.62768065	18.06958635
chr10	4231263	12.8199494	18.07583705
chr10	4231305	12.89286647	18.07637549
chr10	4231306	12.26413448	18.07638839
chr10	4231367	21.64716347	18.0771365
chr10	4231368	17.61100958	18.07715815
chr10	4231379	18.83054901	18.07735187
chr10	4232663	19.16467986	18.10153029
chr10	4232664	17.61628746	18.10154946
chr10	4232667	17.69476664	18.1016023
chr10	4232670	18.5345635	18.10165539
chr10	4269448	18.8298367	18.78331957
chr10	4269449	18.73322665	18.7833384
chr10	4269458	19.09810852	18.78350699
chr10	4269459	19.0254004	18.78352609
chr10	4269765	18.73795543	18.78934786
chr10	4269776	21.59150207	18.78955398
chr10	4269777	20.96933423	18.78957557
chr10	4269802	24.72354662	18.79009981
chr10	4269803	24.62929762	18.79012453
chr10	4269945	26.10615759	18.79362189
chr10	4269946	25.47568835	18.793648
chr10	4270035	24.81681211	18.79591533
chr10	4270168	27.32391501	18.79921597
chr10	4270169	26.1157242	18.79924329
chr10	4270259	25.94664384	18.80159371
chr10	4270264	25.37912902	18.80172344
chr10	4270266	25.82829323	18.8017742
chr10	4270267	25.65496677	18.80180003
chr10	4270273	27.09775118	18.80195396
chr10	4270274	26.71617025	18.80198106
chr10	4270653	26.75988532	18.81210648
chr10	4271716	27.2590176	18.84055224
chr10	4271717	24.62513271	18.8405795
chr10	4271723	25.17325353	18.84072725
chr10	4271724	24.33267072	18.84075243
chr10	4271804	26.11173288	18.84269904
chr10	4278457	24.90046367	19.0164204
chr10	4278537	26.92158286	19.01841244
chr10	4278538	26.85467911	19.01843936
chr10	4278797	24.78396885	19.02539472
chr10	4278799	25.95008739	19.02544429
chr10	4278800	25.7223222	19.02547024
chr10	4279072	25.56807825	19.03246671
chr10	4279075	28.21572206	19.03254341
chr10	4279076	28.06853104	19.03257163
chr10	4279082	28.07986661	19.03274004
chr10	4279083	27.92565821	19.03276812
chr10	4279086	27.97417536	19.0328519
chr10	4279087	26.7879588	19.03287987
chr10	4279121	26.88503791	19.03379066
chr10	4279126	25.65884573	19.03392509
chr10	4279144	25.77143441	19.03438695
chr10	4279145	25.54042198	19.03441272
chr10	4279147	26.58413942	19.0344638
chr10	4279148	26.04514426	19.03449038
chr10	4279150	25.91292367	19.03454247
chr10	4279503	29.77124347	19.04368973
chr10	4279504	28.7151167	19.04371951
chr10	4279514	29.88197493	19.04400666
chr10	4279515	29.50420473	19.04403654
chr10	4279523	29.23990071	19.04427257
chr10	4279540	35.83947154	19.04476965
chr10	4279541	35.37633572	19.04480549
chr10	4279546	35.47420043	19.04498237
chr10	4279547	35.44528282	19.04501785
chr10	4279548	34.69128947	19.04505329
chr10	4279849	34.79171172	19.05549537
chr10	4279850	34.56405848	19.05553016
chr10	4279864	38.18166319	19.05601406
chr10	4279888	37.72110366	19.05693042
chr10	4280253	39.24202305	19.07069862
chr10	4280256	40.77052491	19.07081635
chr10	4280881	36.94309214	19.09629792
chr10	4280930	36.86886128	19.09810814
chr10	4280999	36.91941162	19.10065209
chr10	4281000	36.85181334	19.10068901
chr10	4281760	41.02689959	19.12869639
chr10	4281761	35.65293748	19.12873741
chr10	4281861	35.34784551	19.13230271
chr10	4281908	29.69516108	19.13396405
chr10	4281953	32.03407017	19.13530034
chr10	4281954	27.06511273	19.13533237
chr10	4282295	27.85875262	19.14456157
chr10	4282296	24.23562877	19.14458943
chr10	4282662	27.39679891	19.15345967
chr10	4282663	18.56536527	19.15348707
chr10	4282664	18.49364365	19.15350564
chr10	4282666	18.96632424	19.15354262
chr10	4282667	16.64994332	19.15356159
chr10	4282668	17.32596591	19.15357824
chr10	4282671	17.75133792	19.15363022
chr10	4282672	14.28233956	19.15364797
chr10	4282688	14.43996003	19.15387649
chr10	4282692	14.36827754	19.15393425
chr10	4282717	14.79370748	19.15429345
chr10	4282718	13.49649907	19.15430825
chr10	4282729	13.54772438	19.15445671
chr10	4282735	13.54813914	19.15453799
chr10	4282765	13.87169063	19.15494444
chr10	4283522	14.36860592	19.16544531
chr10	4283523	14.71276906	19.16545968
chr10	4283525	15.05475679	19.1654891
chr10	4283526	12.71584771	19.16550416
chr10	4283684	13.11635979	19.16751326
chr10	4284013	13.22792647	19.17182854
chr10	4284014	13.16706582	19.17184177
chr10	4284016	13.93768676	19.17186811
chr10	4284019	14.14730496	19.17190992
chr10	4284020	14.08323921	19.17192407
chr10	4284050	14.74966148	19.17234656
chr10	4284154	15.11541394	19.17388053
chr10	4284155	15.04570225	19.17389564
chr10	4284546	15.1529757	19.17977851
chr10	4284906	16.62517514	19.18523358
chr10	4284907	15.28541032	19.18525021
chr10	4284908	15.14456046	19.18526549
chr10	4284919	15.53745922	19.18543208
chr10	4284926	15.34390876	19.18554085
chr10	4292861	17.75327614	19.30729476
chr10	4292862	17.17782536	19.30731252
chr10	4292869	17.38783927	19.30743276
chr10	4292870	15.28861545	19.30745015
chr10	4292891	15.46910416	19.30777121
chr10	4292892	15.52996769	19.30778668
chr10	4292893	15.47447592	19.30780221
chr10	4292895	15.72456746	19.30783316
chr10	4292896	14.07186961	19.30784888
chr10	4294009	14.04199487	19.32351087
chr10	4294020	14.0748816	19.32366534
chr10	4294135	14.31847302	19.32528395
chr10	4294136	13.32391337	19.32529827
chr10	4294147	13.45037078	19.32544483
chr10	4294148	13.13997645	19.32545828
chr10	4294151	13.20315113	19.3254977
chr10	4294160	13.26370553	19.32561653
chr10	4294194	12.94442202	19.32606749
chr10	4294213	11.94569537	19.32631344
chr10	4294231	11.58432576	19.32652846
chr10	4294254	11.38148921	19.3267949
chr10	4294282	11.44332497	19.32711358
chr10	4294283	10.70843848	19.32712502
chr10	4294293	10.83365731	19.32723211
chr10	4294304	11.63650915	19.32735128
chr10	4294305	11.24507346	19.32736291
chr10	4294314	11.85921242	19.32746412
chr10	4294333	11.29510986	19.32768945
chr10	4294387	12.50247202	19.32829938
chr10	4294388	9.588747402	19.32831188
chr10	4294414	9.989020681	19.32856119
chr10	4306185	10.02419712	19.44614195
chr10	4306186	9.435048265	19.44615198
chr10	4352348	11.08561085	19.88169268
chr10	4352349	10.76993444	19.88170376
chr10	4352366	10.6618103	19.88188685
chr10	4352370	10.41867042	19.8819295
chr10	4352388	10.03566995	19.88211703
chr10	4352474	12.85274804	19.8829801
chr10	4352475	12.74033917	19.88299295
chr10	4353139	12.50782388	19.89145254
chr10	4353734	12.51266378	19.89889469
chr10	4353735	12.33376214	19.89890721
chr10	4353779	12.35024506	19.89944989
chr10	4353780	7.107412894	19.89946224
chr10	4354195	7.170097824	19.90241182
chr10	4354196	7.064874334	19.90241899
chr10	4354198	7.013444228	19.90243312
chr10	4354203	6.910532943	19.90246819
chr10	4354208	6.572585447	19.90250274
chr10	4354322	6.261809042	19.90325201
chr10	4354345	6.27226871	19.90339604
chr10	4354346	6.228751677	19.90340231
chr10	4354544	6.302012871	19.9046356
chr10	4354545	5.980628366	19.9046419
chr10	4354550	6.135192084	19.90467181
chr10	4354551	4.858311316	19.90467794
chr10	4354576	16.57506899	19.9047994
chr10	4354577	14.4759973	19.90481597
chr10	4354770	14.42497517	19.90760984
chr10	4354813	14.5691972	19.90823012
chr10	4354814	14.42957611	19.90824468
chr10	4354895	14.58623036	19.90941348
chr10	4354896	2.916370754	19.90942807
chr10	4354898	4.288969158	19.9094339
chr10	4354899	4.177751375	19.90943819
chr10	4354916	4.635790756	19.90950921
chr10	4354917	4.02261696	19.90951385
chr10	4354932	4.085740698	19.90957418
chr10	4354957	4.157972052	19.90967633
chr10	4354978	4.107723425	19.90976365
chr10	4355029	4.151923084	19.90997314
chr10	4355053	4.192728115	19.91007279
chr10	4355108	4.166414593	19.91030339
chr10	4355122	4.054322685	19.91036172
chr10	4355126	4.024594714	19.91037793
chr10	4355131	4.065341898	19.91039806
chr10	4355209	3.997004351	19.91071515
chr10	4404708	5.058794823	20.10856287
chr10	4404709	4.025761858	20.10856793
chr10	4404762	4.03771525	20.1087813
chr10	4404763	3.74040186	20.10878533
chr10	4405281	3.796948228	20.11072286
chr10	4405282	3.703076363	20.11072666
chr10	4405283	3.718974423	20.11073036
chr10	4405284	3.4998671	20.11073408
chr10	4405833	3.111859038	20.11265551
chr10	4405891	3.130458502	20.11283599
chr10	4405892	2.8810491	20.11283913
chr10	4405905	2.899654866	20.11287658
chr10	4405906	2.827979354	20.11287948
chr10	4406343	2.862187152	20.11411531
chr10	4406344	2.749979862	20.11411817
chr10	4406410	2.607110355	20.11429967
chr10	4407248	2.654191796	20.11648442
chr10	4407249	2.451391714	20.11648708
chr10	4408173	1.38960124	20.11875217
chr10	4408223	1.457702604	20.11882165
chr10	4410775	1.276353097	20.1225417
chr10	4412886	1.315460462	20.12523608
chr10	4412887	1.197595012	20.1252374
chr10	4413215	1.516821126	20.12563021
chr10	4413216	1.373587411	20.12563173
chr10	4413288	1.488079973	20.12573063
chr10	4413291	1.514260678	20.12573509
chr10	4413292	1.493891599	20.1257366
chr10	4413295	1.665577528	20.12574109
chr10	4413296	1.598815521	20.12574275
chr10	4430108	1.656593509	20.15262204
chr10	4430186	1.66197466	20.15275125
chr10	4445095	1.69761007	20.17752963
chr10	4445096	1.582208923	20.17753133
chr10	4445149	1.598964568	20.17761519
chr10	4445206	1.604506313	20.17770633
chr10	4445215	1.719249237	20.17772077
chr10	4445216	1.522444544	20.17772249
chr10	4445261	1.656799966	20.177791
chr10	4445311	1.675643714	20.17787384
chr10	4445335	1.783555448	20.17791405
chr10	4445416	1.811014145	20.17805852
chr10	4445421	2.751506852	20.17806758
chr10	4445422	2.376382076	20.17807033
chr10	4445776	2.39959365	20.17891157
chr10	4445849	2.491517609	20.17908674
chr10	4445850	2.480279826	20.17908923
chr10	4445865	2.576829922	20.17912643
chr10	4446022	2.600381975	20.179531
chr10	4487835	2.607100573	20.28826077
chr10	4487906	2.712492564	20.28844587
chr10	4588652	2.747702521	20.56171865
chr10	4588653	2.579026795	20.56172139
chr10	4588856	2.802063729	20.56224494
chr10	4588857	2.756104374	20.56224774
chr10	4588871	3.081717878	20.56228632
chr10	4588872	3.056070764	20.56228941
chr10	4601024	3.127222673	20.59942678
chr10	4601025	2.761692396	20.59942991
chr10	4603644	2.87623352	20.60666278
chr10	4603645	2.758865414	20.60666565
chr10	4603697	2.769121927	20.60680911
chr10	4603698	2.707993357	20.60681188
chr10	4604278	2.891814997	20.60838252
chr10	4604279	2.822330624	20.60838541
chr10	4604396	2.838111356	20.60871562
chr10	4604422	2.87092411	20.60878942
chr10	4604423	2.847815321	20.60879229
chr10	4606933	2.983357002	20.6159403
chr10	4606968	3.075022779	20.61604472
chr10	4606969	2.871903252	20.6160478
chr10	4606970	2.963848285	20.61605067
chr10	4606971	2.848258839	20.61605363
chr10	4606979	3.768226499	20.61607642
chr10	4606980	3.406029133	20.61608019
chr10	4606981	3.423644537	20.61608359
chr10	4656922	3.461330049	20.78706382
chr10	4656923	3.439562391	20.78706728
chr10	4658953	3.405033673	20.7940496
chr10	4662821	3.414957323	20.80722027
chr10	4664722	3.468768693	20.8137121
chr10	4664723	3.401683767	20.81371557
chr10	4665041	3.462021585	20.8147973
chr10	4665042	3.398657583	20.81480077
chr10	4670971	3.417217961	20.83495141
chr10	4671091	3.447903538	20.83536147
chr10	4671092	3.431557051	20.83536492
chr10	4672637	3.44406423	20.84066668
chr10	4672638	3.437417345	20.84067012
chr10	4672738	3.445731611	20.84101386
chr10	4673974	3.488438747	20.84527279
chr10	4674131	3.591791732	20.84582047
chr10	4674132	3.543545051	20.84582406
chr10	4674233	3.622054564	20.84618196
chr10	4674234	3.573817306	20.84618558
chr10	4674260	3.683344008	20.8462785
chr10	4674261	3.628662161	20.84628219
chr10	4734987	3.621337995	21.06663633
chr10	4771011	3.657016311	21.1970914
chr10	4771012	3.648174733	21.19709506
chr10	4771028	3.71480721	21.19715343
chr10	4771029	3.638417703	21.19715715
chr10	4771037	3.657642885	21.19718625
chr10	4773573	3.671793884	21.20646204
chr10	4773574	3.573812668	21.20646571
chr10	4833308	3.628763309	21.41994384
chr10	4833322	3.9495811	21.41999464
chr10	4833323	3.840084457	21.41999859
chr10	4835320	3.858224744	21.42766724
chr10	4835321	3.835822599	21.42767109
chr10	4843979	3.868837766	21.46088165
chr10	4843980	3.848313695	21.46088552
chr10	4846667	3.859785799	21.47122593
chr10	4846668	3.805665878	21.47122979
chr10	4846854	3.825180255	21.47193765
chr10	4846870	3.779171262	21.47199885
chr10	4846874	3.763834953	21.47201397
chr10	4947294	3.805598816	21.84997827
chr10	4947295	3.726853809	21.84998208
chr10	4947526	3.843601633	21.85084298
chr10	4947527	3.822270154	21.85084683
chr10	4947797	4.28752627	21.85187884
chr10	4947798	4.126866907	21.85188313
chr10	4948835	4.165716856	21.85616269
chr10	4948836	4.062582583	21.85616685
chr10	4948864	4.094343038	21.85628061
chr10	4948871	4.063329048	21.85630927
chr10	4956375	4.110024712	21.88680049
chr10	4956376	4.088405264	21.8868046
chr10	4956614	4.081199698	21.88777764
chr10	4962070	4.140683998	21.91004466
chr10	4962071	4.062091039	21.9100488
chr10	4962141	4.23509265	21.91033315
chr10	4962142	4.217615779	21.91033738
chr10	4962405	4.241755772	21.91144662
chr10	4962406	4.108508057	21.91145086
chr10	4965664	4.224889363	21.92483638
chr10	4965665	3.950064141	21.9248406
chr10	4965696	3.97487668	21.92496306
chr10	4969921	4.147834638	21.94175691
chr10	4969922	4.066488947	21.94176106
chr10	4970296	4.046236088	21.94328192
chr10	5023919	4.367050877	22.16025324
chr10	5023920	4.178436388	22.16025761
chr10	5028888	4.290859774	22.18101608
chr10	5028889	3.952015974	22.18102037
chr10	5033561	4.045709275	22.19948419
chr10	5033562	3.754447498	22.19948824
chr10	5033579	3.728926106	22.19955206
chr10	5033735	6.122896558	22.20013377
chr10	5033736	5.53270031	22.2001399
chr10	5034311	5.526775979	22.2033212
chr10	5035354	5.484756449	22.20908563
chr10	5035386	5.670748919	22.20926114
chr10	5035387	2.76311687	22.20926681
chr10	5035433	2.812360027	22.20939391
chr10	5035434	2.786952457	22.20939673
chr10	5035435	2.761849096	22.20939951
chr10	5035436	2.81109423	22.20940227
chr10	5035437	2.624456401	22.20940509
chr10	5035487	2.614737849	22.20953631
chr10	5036917	2.738445417	22.21327538
chr10	5036918	2.732220927	22.21327812
chr10	5037892	2.674943149	22.21593931
chr10	5038023	2.999485666	22.21628972
chr10	5038024	2.860798985	22.21629272
chr10	5038134	2.842658699	22.21660741
chr10	5109095	2.837116953	22.41832531
chr10	5110146	2.552264261	22.42130712
chr10	5113273	2.587250702	22.42928805
chr10	5113274	2.512470609	22.42929064
chr10	5113298	2.494267728	22.42935094
chr10	5113887	6.606101408	22.43082006
chr10	5113888	6.527123657	22.43082667
chr10	5113896	6.522283762	22.43087889
chr10	5113972	6.247195143	22.43137458
chr10	5113994	6.239938714	22.43151202
chr10	5114017	6.44381614	22.43165554
chr10	5114018	6.387998396	22.43166198
chr10	5114147	6.52632751	22.43248603
chr10	5114148	6.287439299	22.43249256
chr10	5114753	6.213564023	22.43629646
chr10	5114796	6.319129444	22.43656364
chr10	5114797	2.095935121	22.43656996
chr10	5114811	2.236611778	22.43659931
chr10	5114812	1.959797602	22.43660154
chr10	5115189	2.100973099	22.43734039
chr10	5115190	2.07360648	22.43734249
chr10	5115219	2.052126142	22.43740262
chr10	5115243	1.784724067	22.43745187
chr10	5115278	1.918504802	22.43751434
chr10	5166929	1.72471275	22.53660703
chr10	5166932	1.7115722	22.5366122
chr10	5167013	1.624504752	22.53675084
chr10	5167027	1.59598545	22.53677358
chr10	5167054	1.582847764	22.53681668
chr10	5167305	1.653853747	22.53721397
chr10	5167306	1.358063462	22.53721563
chr10	5167313	1.429902721	22.53722513
chr10	5167314	1.001217534	22.53722656
chr10	5167367	0.8273081354	22.53727963
chr10	5167382	0.8993259861	22.53729204
chr10	5167383	0.8825711932	22.53729293
chr10	5167584	0.8491336088	22.53747033
chr10	5167592	0.7448755613	22.53747712
chr10	5167933	0.8177319906	22.53773113
chr10	5167934	0.7975365683	22.53773195
chr10	5169455	0.7643808834	22.538945
chr10	5169605	0.7595189677	22.53905966
chr10	5170070	0.7485935755	22.53941283
chr10	5170250	0.9011079918	22.53954758
chr10	5170251	0.8321829323	22.53954848
chr10	5170279	1.156867693	22.53957178
chr10	5170280	0.9881838278	22.53957294
chr10	5170536	1.218361276	22.53982591
chr10	5170545	1.396638359	22.53983688
chr10	5170565	1.402857162	22.53986481
chr10	5170807	1.441050072	22.5402043
chr10	5170824	1.518176901	22.5402288
chr10	5218288	1.53021353	22.61228755
chr10	5218431	1.29909071	22.61250637
chr10	5218467	1.435757284	22.61255314
chr10	5218468	0.9812297268	22.61255457
chr10	5218480	1.015877458	22.61256635
chr10	5218524	0.9396645062	22.61261105
chr10	5218525	0.9407304837	22.61261198
chr10	5218526	0.6354740336	22.61261293
chr10	5218547	0.7837688934	22.61262627
chr10	5219009	0.8428843071	22.61298837
chr10	5219054	0.871507893	22.6130263
chr10	5219118	1.268532923	22.61308208
chr10	5219119	1.033558178	22.61308335
chr10	5222766	1.069661803	22.61685273
chr10	5222767	1.063065189	22.6168538
chr10	5323115	0.992311148	22.72353027
chr10	5323493	0.9682565413	22.72390536
chr10	5324666	0.9336088098	22.72504113
chr10	5324670	0.8975051832	22.72504486
chr10	5324800	0.8628792998	22.72516154
chr10	5325755	0.7938769085	22.72598559
chr10	5325767	0.9283126872	22.72599511
chr10	5325768	0.7911363247	22.72599604
chr10	5327305	0.6553121509	22.72721202
chr10	5327315	0.6935276744	22.72721857
chr10	5327316	0.6595242363	22.72721927
chr10	5327333	0.5918849446	22.72723048
chr10	5327346	0.5238969195	22.72723817
chr10	5335026	0.7603431916	22.7312617
chr10	5335033	0.89222114	22.73126702
chr10	5335123	1.149773897	22.73134732
chr10	5335124	1.118088895	22.73134847
chr10	5340445	1.13813829	22.73729782
chr10	5340665	1.669570327	22.73754821
chr10	5342385	1.68983395	22.74041987
chr10	5346651	1.726834692	22.74762871
chr10	5347588	1.163785727	22.74924675
chr10	5350585	2.396698456	22.75273462
chr10	5350586	1.901918011	22.75273701
chr10	5352458	1.92389567	22.7562974
chr10	5352493	1.963098279	22.75636474
chr10	5352699	1.984582349	22.75676914
chr10	5353133	2.380648276	22.75763045
chr10	5353134	2.218782085	22.75763283
chr10	5353685	2.243177411	22.75885538
chr10	5354046	2.264603052	22.75966516
chr10	5354089	2.286434776	22.75976254
chr10	5358530	2.309239611	22.7699166
chr10	5360206	2.332283844	22.77378688
chr10	5360395	2.334548043	22.77422769
chr10	5360413	2.353278272	22.77426971
chr10	5362776	2.05148974	22.7798305
chr10	5362851	2.119773455	22.77998437
chr10	5362852	1.819854649	22.77998648
chr10	5363465	1.889297103	22.78110206
chr10	5363466	1.410598348	22.78110395
chr10	5363565	1.479948291	22.78124359
chr10	5363586	2.234008328	22.78127467
chr10	5363587	1.573644815	22.78127691
chr10	5363606	1.75725218	22.78130681
chr10	5363612	1.837125339	22.78131735
chr10	5364505	1.871867353	22.7829579
chr10	5519859	3.199987511	23.07375998
chr10	5519860	2.415677881	23.07376318
chr10	5519876	2.321510898	23.07380183
chr10	5519908	2.322726381	23.07387612
chr10	5519909	2.295867691	23.07387845
chr10	5520877	2.740580449	23.07610085
chr10	5520878	2.693799888	23.07610359
chr10	5521016	2.670427142	23.07647533
chr10	5521033	2.696110241	23.07652073
chr10	5521651	2.67294208	23.07818692
chr10	5522609	3.043894289	23.0807476
chr10	5522610	2.93478123	23.08075065
chr10	5522626	3.306370362	23.0807976
chr10	5522633	3.283238181	23.08082075
chr10	5522644	4.515415895	23.08085686
chr10	5522645	3.125459086	23.08086138
chr10	5522656	3.281187951	23.08089576
chr10	5522657	3.234944368	23.08089904
chr10	5523947	3.161110651	23.08507212
chr10	5524186	3.186306887	23.08582762
chr10	5524672	3.164938985	23.08737617
chr10	5525692	1.936873265	23.09060441
chr10	5525735	2.250175147	23.09068769
chr10	5525741	3.37941674	23.09070119
chr10	5525754	3.53558228	23.09074513
chr10	5525755	3.512892631	23.09074866
chr10	5525760	4.056575797	23.09076623
chr10	5525761	4.012467083	23.09077028
chr10	5525949	4.263057459	23.09152463
chr10	5526033	4.409460324	23.09188272
chr10	5526055	4.436072673	23.09197973
chr10	5532526	4.957504999	23.12068556
chr10	5532527	2.543498093	23.12069051
chr10	5532532	2.501500543	23.12070323
chr10	5532559	3.409711955	23.12077077
chr10	5532560	3.061311458	23.12077418
chr10	5532856	4.178834506	23.12168033
chr10	5532870	4.6553496	23.12173883
chr10	5548987	5.056982295	23.1967691
chr10	5549177	5.073482463	23.19772993
chr10	5549178	4.852103077	23.197735
chr10	5549217	5.296571242	23.19792424
chr10	5549218	4.590814761	23.19792953
chr10	5549220	4.628289908	23.19793871
chr10	5549221	3.7395627	23.19794334
chr10	5549261	3.798183196	23.19809292
chr10	5549269	4.158950404	23.19812331
chr10	5549312	4.961614888	23.19830215
chr10	5549313	4.805449347	23.19830711
chr10	5549324	5.464345898	23.19835997
chr10	5549338	5.240936619	23.19843647
chr10	5551162	5.536373003	23.20799594
chr10	5551163	5.389970139	23.20800147
chr10	5556839	5.371239909	23.23859494
chr10	5557134	9.511766109	23.24017946
chr10	5557135	9.040750363	23.24018897
chr10	5558755	9.080147567	23.25483499
chr10	5558756	8.690577047	23.25484407
chr10	5558775	8.824700537	23.25500919
chr10	5558776	8.997519838	23.25501801
chr10	5558781	9.332227261	23.255063
chr10	5558782	8.929750212	23.25507233
chr10	5559459	10.82275008	23.26111777
chr10	5559466	13.23460851	23.26119353
chr10	5559467	10.03370225	23.26120677
chr10	5559471	10.81654501	23.2612469
chr10	5559472	9.106397202	23.26125772
chr10	5559494	10.42700839	23.26145806
chr10	5559521	10.49721695	23.26173959
chr10	5569240	10.12106891	23.36376204
chr10	5569252	9.744034268	23.36388349
chr10	5569772	11.20033166	23.36895039
chr10	5569773	6.038996338	23.36896159
chr10	5569950	6.048001588	23.37003049
chr10	5569951	5.696169897	23.37003654
chr10	5569961	5.735121587	23.3700935
chr10	5569962	5.744184513	23.37009924
chr10	5570014	5.783080199	23.37039793
chr10	5570039	7.453894014	23.37054251
chr10	5570040	6.581227071	23.37054997
chr10	5570150	6.735564952	23.3712739
chr10	5664130	6.547252964	24.00428229
chr10	5664248	7.297172246	24.00505487
chr10	5664249	7.15335556	24.00506217
chr10	5664282	10.71133932	24.00529823
chr10	5664283	9.815952467	24.00530894
chr10	5664302	12.41273687	24.00549544
chr10	5664303	11.78159364	24.00550786
chr10	5664315	12.64319502	24.00564923
chr10	5664316	12.60886925	24.00566188
chr10	5664323	12.63121304	24.00575014
chr10	5664324	12.59931431	24.00576277
chr10	5664326	12.35391515	24.00578797
chr10	5664413	14.25833948	24.00686276
chr10	5664414	13.62121914	24.00687702
chr10	5664415	15.47001511	24.00689064
chr10	5664416	15.44211289	24.00690611
chr10	5664582	17.23881764	24.0094695
chr10	5664583	17.16956776	24.00948674
chr10	5664602	21.21238532	24.00981296
chr10	5664603	20.91736388	24.00983417
chr10	5664612	24.17423239	24.01002243
chr10	5664613	24.0624168	24.0100466
chr10	5664938	24.06339598	24.01786689
chr10	5664939	24.05809731	24.01789095
chr10	5665022	24.10412005	24.01988778
chr10	5665023	24.07001922	24.01991188
chr10	5665198	24.21206046	24.02412413
chr10	5665199	24.10766732	24.02414834
chr10	5665422	24.11952186	24.02952435
chr10	5665604	24.15728236	24.03391411
chr10	5665605	24.08019674	24.03393827
chr10	5665614	25.41175808	24.03415499
chr10	5665746	22.1673983	24.03750934
chr10	5666404	31.84925387	24.05209549
chr10	5666405	22.47310211	24.05212734
chr10	5666422	22.63131371	24.05250938
chr10	5666423	20.62818522	24.05253201
chr10	5667744	17.85530715	24.07978184
chr10	5667745	17.86725109	24.0797997
chr10	5667746	17.82969925	24.07981757
chr10	5667819	17.85526634	24.08111913
chr10	5667868	17.86345338	24.08199404
chr10	5667869	17.80297899	24.08201191
chr10	5667917	22.86364472	24.08286645
chr10	5667918	22.79506093	24.08288931
chr10	5668017	22.80701011	24.08514602
chr10	5668018	22.79492497	24.08516883
chr10	5668376	60.80740537	24.09332941
chr10	5668377	54.38038146	24.09339022
chr10	5668403	54.40605273	24.09480411
chr10	5668404	54.37228244	24.09485852
chr10	5668508	55.56568517	24.10051323
chr10	5668509	27.83295401	24.1005688
chr10	5668643	28.14670134	24.10429842
chr10	5668644	17.92930993	24.10432656
chr10	5668670	17.94004419	24.10479272
chr10	5668671	16.31714874	24.10481066
chr10	5668820	16.34286469	24.10724192
chr10	5668988	16.36838044	24.10998752
chr10	5668998	56.44474366	24.1101512
chr10	5669016	56.47096295	24.11116721
chr10	5669029	56.48295689	24.11190133
chr10	5669087	56.53144398	24.11517734
chr10	5669088	55.67790955	24.11523388
chr10	5669089	56.199508	24.11528955
chr10	5669090	5.559038074	24.11534575
chr10	5669153	5.675072384	24.11569597
chr10	5669154	4.898160013	24.11570165
chr10	5670203	4.908942504	24.12083982
chr10	5670204	4.559986299	24.12084473
chr10	5670987	4.785365224	24.12441519
chr10	5670988	4.748920049	24.12441998
chr10	5671007	4.798652456	24.12451021
chr10	5671883	4.820334674	24.12871383
chr10	5671884	3.730552687	24.12871865
chr10	5744383	3.903032059	24.39917999
chr10	5744384	3.836976508	24.39918389
chr10	5744962	7.374673267	24.40140166
chr10	5744963	6.827236433	24.40140904
chr10	5744964	7.509533415	24.40141587
chr10	5744965	7.35227563	24.40142338
chr10	5744984	8.788466793	24.40156307
chr10	5744985	8.389311947	24.40157186
chr10	5744986	8.637659981	24.40158025
chr10	5744987	8.520081937	24.40158888
chr10	5745699	8.569444923	24.40765518
chr10	5745764	8.624858939	24.4082122
chr10	5745801	8.686351151	24.40853132
chr10	5745935	8.800990856	24.40969529
chr10	5745999	8.971700208	24.41025855
chr10	5746000	8.934325353	24.41026752
chr10	5746089	9.259343308	24.41106268
chr10	5746090	5.930582328	24.41107194
chr10	5746114	5.96261207	24.41121427
chr10	5810862	6.05254619	24.79728148
chr10	5810863	5.996718451	24.79728753
chr10	5811032	6.021860105	24.79830098
chr10	5811718	6.642173357	24.80243197
chr10	5811719	6.365741501	24.80243861
chr10	5811775	6.598505408	24.8027951
chr10	5811776	6.415089737	24.80280169
chr10	5811805	6.433838579	24.80298773
chr10	5811886	6.547821727	24.80350887
chr10	5811887	6.496955183	24.80351542
chr10	5859624	6.521910105	25.11366057
chr10	5859625	6.335960023	25.11366709
chr10	5939058	6.359067797	25.6169514
chr10	5939059	6.323444315	25.61695776
chr10	5957366	7.497850444	25.73272106
chr10	5957367	6.023338652	25.73272856
chr10	5958734	6.239223172	25.74096246
chr10	5958735	6.226714446	25.7409687
chr10	5975767	6.18040737	25.8470221
chr10	5975775	6.398300368	25.84707154
chr10	5975776	5.305729604	25.84707794
chr10	5975791	5.270820638	25.84715753
chr10	5975808	5.190147528	25.84724713
chr10	5975813	5.294209302	25.84727308
chr10	5975814	5.271781074	25.84727838
chr10	5975912	7.144187695	25.84779501
chr10	5975913	6.590757731	25.84780215
chr10	5978024	6.56306266	25.86171524
chr10	5978031	6.499822037	25.86176119
chr10	5978091	6.92153511	25.86215117
chr10	5978092	6.832321244	25.8621581
chr10	5978500	7.607068323	25.86494568
chr10	5978501	6.71935424	25.86495329
chr10	5979420	6.697415897	25.87112838
chr10	5979944	6.486383677	25.87463782
chr10	5980001	6.462751048	25.87500755
chr10	5980050	6.960807546	25.87532422
chr10	5980051	6.870558497	25.87533118
chr10	5980061	7.109469109	25.87539989
chr10	5980062	6.974945181	25.875407
chr10	5980145	7.096115816	25.87598592
chr10	5980214	8.670789096	25.87647555
chr10	5980215	7.474431744	25.87648422
chr10	5980217	7.614930635	25.87649917
chr10	5980218	7.453933611	25.87650678
chr10	6006033	6.868746923	26.06893008
chr10	6006075	6.637097461	26.06921857
chr10	6006172	8.150134356	26.06986237
chr10	6006173	7.971806494	26.06987052
chr10	6006186	9.448765141	26.06997415
chr10	6006187	9.074771853	26.0699836
chr10	6006402	10.61818218	26.07193467
chr10	6006403	10.1553744	26.07194529
chr10	6006432	10.02365794	26.0722398
chr10	6006700	10.97629881	26.07492614
chr10	6006701	10.81706297	26.07493712
chr10	6006702	10.79219138	26.07494793
chr10	6006705	10.8255166	26.07498031
chr10	6006766	14.40846026	26.07564067
chr10	6006767	14.27035378	26.07565507
chr10	6007053	15.11399148	26.0797364
chr10	6007054	14.83625865	26.07975151
chr10	6008035	17.06978497	26.09430588
chr10	6008036	18.28002465	26.09432295
chr10	6008061	18.31390285	26.09477995
chr10	6008062	18.29986384	26.09479826
chr10	6008063	18.38737109	26.09481656
chr10	6008064	18.22406335	26.09483495
chr10	6009246	18.27674341	26.11637579
chr10	6009247	18.17299233	26.11639407
chr10	6010507	29.33960842	26.13929204
chr10	6010508	29.09764509	26.13932138
chr10	6010560	29.10734285	26.14083446
chr10	6010561	29.09349075	26.14086357
chr10	6010681	29.09808631	26.14435478
chr10	6010682	27.55103037	26.14438388
chr10	6010810	27.55559329	26.14791041
chr10	6010811	27.40677936	26.14793797
chr10	6010852	33.95322774	26.14906165
chr10	6010853	34.02161565	26.1490956
chr10	6010854	29.66776257	26.14912962
chr10	6010859	29.70155978	26.14927796
chr10	6010860	28.44488019	26.14930766
chr10	6010879	28.47971029	26.14984812
chr10	6011167	73.64150625	26.15805027
chr10	6011168	59.58774603	26.15812391
chr10	6011170	79.76905283	26.15824309
chr10	6011171	78.77105284	26.15832286
chr10	6011230	78.90221892	26.16297035
chr10	6011231	78.02010824	26.16304925
chr10	6011248	81.20375206	26.16437559
chr10	6011249	35.08343905	26.1644568
chr10	6011285	34.9609948	26.1657198
chr10	6011292	34.14811279	26.16596453
chr10	6011413	34.47534633	26.17009645
chr10	6011414	10.58002118	26.17013093
chr10	6011908	10.86168305	26.17535746
chr10	6011909	11.08665533	26.17536832
chr10	6011910	6.114893181	26.1753794
chr10	6012471	6.153003817	26.17880986
chr10	6012472	3.125785227	26.17881601
chr10	6116053	2.932124153	26.50258797
chr10	6116065	2.870573343	26.50262316
chr10	6116083	2.69421214	26.50267483
chr10	6116507	2.704762583	26.50381717
chr10	6116508	2.687914353	26.50381988
chr10	6116509	2.163790956	26.50382257
chr10	6116521	2.128971399	26.50384853
chr10	6116523	2.134209492	26.50385279
chr10	6116524	2.086925809	26.50385492
chr10	6116531	2.103421963	26.50386953
chr10	6116532	2.033091606	26.50387164
chr10	6116568	1.999584894	26.50394483
chr10	6116585	2.061322729	26.50397882
chr10	6116586	1.956345639	26.50398088
chr10	6116637	1.970233525	26.50408066
chr10	6116658	1.984185143	26.50412203
chr10	6116659	1.906949899	26.50412401
chr10	6116663	1.932572363	26.50413164
chr10	6116725	1.982194316	26.50425146
chr10	6116726	1.94731402	26.50425344
chr10	6116786	1.98951897	26.50437028
chr10	6116945	2.073132425	26.50468662
chr10	6116946	1.960427504	26.50468869
chr10	6117008	2.27178025	26.50481024
chr10	6117009	2.1315572	26.50481251
chr10	6117013	2.208022437	26.50482103
chr10	6117014	1.953152868	26.50482324
chr10	6117034	2.006219336	26.50486231
chr10	6117035	1.936674344	26.50486431
chr10	6117069	1.957164927	26.50493016
chr10	6117082	2.090898406	26.5049556
chr10	6117083	1.986650529	26.50495769
chr10	6117087	1.998774675	26.50496564
chr10	6117088	1.884582198	26.50496764
chr10	6117104	2.165686091	26.50499779
chr10	6117105	2.083529753	26.50499996
chr10	6117248	2.509603625	26.5052979
chr10	6117249	2.501416577	26.50530041
chr10	6117257	2.578732455	26.50532042
chr10	6117263	2.68927355	26.50533589
chr10	6117294	2.550283401	26.50541926
chr10	6117341	2.566839683	26.50553913
chr10	6117806	2.900504793	26.50673271
chr10	6117807	2.888038552	26.50673561
chr10	6117944	2.913891659	26.50713127
chr10	6117958	2.924396877	26.50717206
chr10	6117973	2.976159876	26.50721593
chr10	6188480	3.039343909	26.71705603
chr10	6188481	2.883581733	26.71705907
chr10	6197016	2.958109153	26.74167044
chr10	6197017	2.865678645	26.7416734
chr10	6197347	2.973317392	26.74261907
chr10	6201647	3.380947877	26.75540434
chr10	6201648	3.320869314	26.75540772
chr10	6209138	3.490235322	26.78028103
chr10	6209139	3.449953015	26.78028452
chr10	6209202	3.563096602	26.78050187
chr10	6209203	3.366102134	26.78050543
chr10	6249903	3.448173697	26.91750579
chr10	6249904	3.402310638	26.91750924
chr10	6250778	3.415303246	26.92048286
chr10	6250851	3.428076248	26.92073217
chr10	6250852	3.39404228	26.9207356
chr10	6250876	3.413738295	26.92081706
chr10	6250879	3.420012582	26.9208273
chr10	6257487	3.457882407	26.94342674
chr10	6257488	3.318455009	26.9434302
chr10	6259157	3.297013926	26.9489687
chr10	6259281	3.316641617	26.94937753
chr10	6259282	3.163113243	26.94938085
chr10	6259299	3.170075968	26.94943462
chr10	6259763	3.206504719	26.95090554
chr10	6259764	3.154971235	26.95090874
chr10	6259789	3.188331732	26.95098762
chr10	6259790	2.829236872	26.95099081
chr10	6259997	2.989089843	26.95157646
chr10	6259998	2.532912698	26.95157945
chr10	6260001	2.54011087	26.95158705
chr10	6260251	2.780082973	26.95222207
chr10	6260252	2.30551555	26.95222485
chr10	6260366	2.319469179	26.95248768
chr10	6260367	2.216685782	26.95249
chr10	6260370	2.229993484	26.95249665
chr10	6260371	2.18954521	26.95249888
chr10	6339152	2.222352098	27.12499344
chr10	6339153	2.107273103	27.12499566
chr10	6339171	2.115066362	27.1250336
chr10	6339223	2.103851496	27.12514358
chr10	6339247	2.118937054	27.12519407
chr10	6339248	2.107722942	27.12519619
chr10	6339558	3.268146589	27.12584958
chr10	6339559	2.484615483	27.12585285
chr10	6341667	2.49587474	27.13109042
chr10	6344397	2.511955791	27.13790416
chr10	6538171	2.565344589	27.62465588
chr10	6541746	2.822279278	27.63382699
chr10	6541747	2.645588439	27.63382981
chr10	6541880	2.672903887	27.63418167
chr10	6542016	2.732144615	27.63454519
chr10	6542017	2.714834212	27.63454792
chr10	6542630	3.02139572	27.63621211
chr10	6542631	2.936722394	27.63621514
chr10	6542701	2.951735592	27.63642071
chr10	6542702	2.915513955	27.63642366
chr10	6543236	2.94307818	27.63798054
chr10	6543259	3.055904429	27.63804823
chr10	6543260	3.037843222	27.63805129
chr10	6543429	2.984002259	27.63856469
chr10	6543722	3.022543468	27.639439
chr10	6543728	3.049393073	27.63945713
chr10	6548940	3.115954573	27.65535057
chr10	6548941	2.912407088	27.65535369
chr10	6553379	2.919181043	27.66827895
chr10	6553380	2.874150521	27.66828187
chr10	6620448	2.861052497	27.86104539
chr10	6620663	2.924964921	27.86166052
chr10	6620664	2.790316177	27.86166345
chr10	6620696	2.777229707	27.86175274
chr10	6732946	2.771255769	28.17349677
chr10	6732947	2.821941369	28.17349954
chr10	6732948	2.816848392	28.17350236
chr10	6787298	2.940233731	28.32659807
chr10	6787299	2.738639729	28.32660101
chr10	6787325	2.717164504	28.32667222
chr10	6787377	2.700733294	28.32681351
chr10	6787698	2.775233213	28.32768045
chr10	6787699	2.283786856	28.32768322
chr10	6787702	2.275577209	28.32769007
chr10	6787758	2.432128163	28.32781751
chr10	6787759	2.354094921	28.32781994
chr10	6787763	2.523093727	28.32782935
chr10	6787796	3.587820526	28.32791262
chr10	6787797	3.456176207	28.3279162
chr10	6788832	3.641748442	28.33149335
chr10	6788833	3.597078702	28.33149699
chr10	6806401	3.888101009	28.39469047
chr10	6806402	3.805747425	28.39469435
chr10	6807926	4.485301172	28.40049431
chr10	6807927	4.453880614	28.4004988
chr10	6808916	4.432885369	28.40490369
chr10	6809532	5.576131997	28.40763434
chr10	6809533	4.61594633	28.40763992
chr10	6809934	5.935808513	28.40949092
chr10	6809935	5.87298273	28.40949685
chr10	6810482	6.01129491	28.41270937
chr10	6810789	5.994732797	28.41455484
chr10	6811258	7.358556051	28.41736637
chr10	6811259	6.847455747	28.41737373
chr10	6811520	6.875097849	28.41916091
chr10	6811521	6.861086539	28.41916779
chr10	6816473	6.242060319	28.45314389
chr10	6816488	6.420709635	28.45323752
chr10	6816489	6.207096775	28.45324394
chr10	6816519	6.079007648	28.45343015
chr10	6816574	6.437804605	28.4537645
chr10	6816775	6.446095151	28.4550585
chr10	6817115	8.226300608	28.45725017
chr10	6817116	7.249264598	28.4572584
chr10	6817180	7.230666623	28.45772235
chr10	6817227	7.41602125	28.45806219
chr10	6818753	7.424055649	28.46937904
chr10	6818754	6.704542225	28.46938646
chr10	6818898	6.67174962	28.47035192
chr10	6818903	6.663081321	28.47038528
chr10	6818913	7.067756947	28.47045191
chr10	6818914	6.658057169	28.47045898
chr10	6818919	6.648556167	28.47049227
chr10	6818938	6.642720562	28.47061859
chr10	6818998	7.047837912	28.47101715
chr10	6818999	7.042597424	28.4710242
chr10	6819029	7.246392027	28.47123548
chr10	6819030	7.238718788	28.47124272
chr10	6819042	7.451062899	28.47132959
chr10	6819043	7.028592039	28.47133704
chr10	6819671	7.036991128	28.475751
chr10	6819672	7.031748105	28.47575803
chr10	6826102	8.726070281	28.52097217
chr10	6826103	7.036914309	28.5209809
chr10	6827410	7.030430312	28.53017815
chr10	6837064	6.990795697	28.59804992
chr10	6837075	6.999708557	28.59812682
chr10	6837076	5.687801812	28.59813382
chr10	6837081	6.005157456	28.59816226
chr10	6837082	2.734101848	28.59816826
chr10	6837116	2.524592271	28.59826122
chr10	6837156	2.191762165	28.59836221
chr10	6837208	2.042592563	28.59847618
chr10	6837240	3.030464732	28.59854154
chr10	6837241	2.295640944	28.59854457
chr10	6837256	3.224368058	28.59857901
chr10	6837257	2.996715787	28.59858223
chr10	6837289	3.016611147	28.59867812
chr10	6841284	3.113620874	28.61072949
chr10	6841285	1.16943222	28.6107326
chr10	6841376	1.27491445	28.61083902
chr10	6848673	1.289501206	28.62014207
chr10	6848674	0.6400335803	28.62014336
chr10	7249861	0.6031853139	28.87691651
chr10	7257704	0.6068886407	28.88164729
chr10	7257705	0.4975115413	28.8816479
chr10	7257707	0.4714404652	28.88164889
chr10	7257727	0.4635941372	28.88165832
chr10	7260441	0.4183861975	28.88291652
chr10	7260457	0.3665538511	28.88292321
chr10	7260545	0.3927685661	28.88295547
chr10	7260546	0.3581485945	28.88295586
chr10	7260630	0.9485124863	28.88298595
chr10	7260631	0.9190541341	28.88298689
chr10	7260730	0.8929910607	28.88307788
chr10	7260733	1.23074044	28.88308056
chr10	7260791	1.213367779	28.88315194
chr10	7260809	1.333134177	28.88317378
chr10	7260813	1.320668103	28.88317912
chr10	7271625	1.323412587	28.89745818
chr10	7271626	0.9771121227	28.8974595
chr10	7271665	0.9881786127	28.89749761
chr10	7273050	0.9950128117	28.89886624
chr10	7273051	0.6830270828	28.89886723
chr10	7273137	0.3859451139	28.89892597
chr10	7273169	1.592453646	28.89893832
chr10	7273170	1.585641047	28.89893992
chr10	7276144	1.580413135	28.90365561
chr10	7276233	0.3829333229	28.90379627
chr10	7276646	0.3576545427	28.90395442
chr10	7276672	0.3417106776	28.90396372
chr10	7279834	0.4150369261	28.90504421
chr10	7279844	0.4551195512	28.90504836
chr10	7279860	0.4609370343	28.90505564
chr10	7279861	0.4577730079	28.9050561
chr10	7279890	0.4553743238	28.90506938
chr10	7291527	0.4639690303	28.91036857
chr10	7291528	0.3442026336	28.91036903
chr10	7291584	0.4032021401	28.91038831
chr10	7291585	0.3996356798	28.91038871
chr10	7291588	0.4055630835	28.91038991
chr10	7370862	0.4599454542	28.94254052
chr10	7370863	0.4259431157	28.94254098
chr10	7371631	0.4310580408	28.9428681
chr10	7371632	0.3026728402	28.94286853
chr10	7371646	0.3094779792	28.94287277
chr10	7371647	0.3059132649	28.94287308
chr10	7371703	0.4031202949	28.94289021
chr10	7371721	0.441839043	28.94289747
chr10	7371730	0.5863781105	28.94290144
chr10	7371731	0.5611771854	28.94290203
chr10	7371781	0.5695446616	28.94293009
chr10	7400455	0.5726190643	28.95926121
chr10	7400478	0.6294249744	28.95927438
chr10	7400479	0.5014516878	28.95927501
chr10	7400523	0.564262866	28.95929708
chr10	7400538	0.5919807791	28.95930554
chr10	7400539	0.5615006506	28.95930613
chr10	7400557	0.5706209767	28.95931624
chr10	7400635	0.5880767198	28.95936075
chr10	7400636	0.5847771959	28.95936134
chr10	7400678	0.595574368	28.9593859
chr10	7400801	0.6258308218	28.95945915
chr10	7400802	0.6226064748	28.95945978
chr10	7400806	0.6274005329	28.95946227
chr10	7400839	0.6364381646	28.95948297
chr10	7400889	0.7357484577	28.95951479
chr10	7400890	0.709533745	28.95951553
chr10	7438288	0.7172956664	28.98605067
chr10	7438292	0.7508147944	28.98605354
chr10	7438431	0.7539386223	28.98615791
chr10	7449238	0.7664652344	28.99430572
chr10	7449239	0.7195241181	28.99430649
chr10	7449931	0.7274565377	28.9948044
chr10	7449932	0.6333966884	28.99480512
chr10	7464525	0.6366110057	29.00404828
chr10	7464526	0.5791277	29.00404892
chr10	7464821	0.5920909641	29.00421976
chr10	7490260	0.6269607654	29.01928196
chr10	7491369	0.6472326608	29.01997726
chr10	7691789	0.6549546185	29.14969563
chr10	7691790	0.6423073476	29.14969629
chr10	7741424	0.6829032202	29.18157657
chr10	7741425	0.6721060472	29.18157725
chr10	7742557	0.66133798	29.18233808
chr10	7742940	0.6785596298	29.18259137
chr10	7742941	0.6660330157	29.18259205
chr10	7748630	0.6836934574	29.18638111
chr10	7748631	0.6609687323	29.18638179
chr10	7904171	0.6720042265	29.28918887
chr10	7904172	0.646593911	29.28918954
chr10	7912281	0.671672975	29.29443277
chr10	7912282	0.5802885766	29.29443344
chr10	7912294	0.5731002432	29.29444041
chr10	7912319	0.5659100555	29.29445474
chr10	7912345	0.5561094545	29.29446945
chr10	7912349	0.5493042146	29.29447167
chr10	7912350	0.5190632738	29.29447222
chr10	7912373	0.5077938035	29.29448416
chr10	7912374	0.5006065942	29.29448467
chr10	7912423	0.4985585487	29.2945092
chr10	7912431	0.4845678166	29.29451319
chr10	7913737	0.4766353966	29.29514603
chr10	7948009	0.4635267635	29.31148128
chr10	7948811	0.4496065969	29.31185303
chr10	8090919	0.4444916722	29.37574572
chr10	8091059	0.4033121286	29.37580795
chr10	8091062	0.3663645214	29.37580916
chr10	8092004	0.3549157317	29.37615428
chr10	8095119	0.3622442591	29.37725984
chr10	8119928	0.4338138034	29.38624676
chr10	8168235	0.4435331	29.407203
chr10	8168236	0.4247524802	29.40720345
chr10	8168290	0.4344901967	29.40722638
chr10	8168291	0.4274183062	29.40722682
chr10	8168520	0.4226260533	29.4073247
chr10	8168522	0.4409631594	29.40732554
chr10	8169858	0.4495775527	29.40791467
chr10	8170018	0.4579574551	29.4079866
chr10	8170019	0.4552531999	29.40798706
chr10	8170205	0.4334288907	29.40807174
chr10	8170705	0.4247121839	29.40828845
chr10	8170719	0.4209283996	29.4082944
chr10	8170862	0.4067003473	29.40835459
chr10	8170998	0.4019229664	29.4084099
chr10	8171334	0.3303534221	29.40854495
chr10	8171348	0.3487958282	29.40854957
chr10	8171485	0.3585992943	29.40859736
chr10	8171486	0.3545042859	29.40859771
chr10	8171726	0.3839399282	29.4086828
chr10	8171792	0.4490476364	29.40870814
chr10	8171793	0.4048827569	29.40870858
chr10	8250662	0.3539072353	29.44064128
chr10	8251163	0.3418364316	29.44081859
chr10	8251174	0.3735564	29.44082235
chr10	8251175	0.3562487931	29.44082272
chr10	8251490	0.5982876751	29.44093494
chr10	8302747	0.5957771262	29.47160137
chr10	8482901	0.5153930953	29.57893301
chr10	8482903	0.5353479899	29.57893404
chr10	8482904	0.5035512633	29.57893457
chr10	8483147	0.5860220433	29.57905693
chr10	8483148	0.5543020754	29.57905752
chr10	8527348	0.527628178	29.60355767
chr10	8527757	0.7211226567	29.60377347
chr10	8527758	0.6326742281	29.60377419
chr10	8540719	0.6295270479	29.61197428
chr10	8546109	0.7746877664	29.61536744
chr10	8546110	0.7323398539	29.61536821
chr10	8546695	0.72253798	29.61579663
chr10	8546770	0.9380560542	29.61585082
chr10	8546771	0.6892079796	29.61585176
chr10	8546774	0.7482787368	29.61585382
chr10	8546775	0.7328881247	29.61585457
chr10	8546781	0.8059398491	29.61585897
chr10	8547081	1.234219638	29.61610075
chr10	8547082	1.209276503	29.61610199
chr10	8547801	1.358946133	29.61697146
chr10	8547855	1.792974551	29.61704484
chr10	8547856	1.758364972	29.61704663
chr10	8596652	2.243290922	29.70284781
chr10	8596653	1.886211158	29.70285005
chr10	8596893	1.811185586	29.70330274
chr10	8596946	1.655256025	29.70339874
chr10	8596963	1.705407389	29.70342688
chr10	8596964	1.555737758	29.70342858
chr10	8597140	1.800507352	29.70370239
chr10	8597141	1.342362243	29.70370419
chr10	8597143	1.707941887	29.70370688
chr10	8597144	1.608435375	29.70370858
chr10	8597195	1.59886484	29.70379061
chr10	8600993	1.957162662	29.7098631
chr10	8603046	2.019627287	29.71388116
chr10	8609056	2.028167476	29.72601912
chr10	8609057	1.150393452	29.72602115
chr10	8609121	2.299255645	29.72609477
chr10	8609122	2.298390903	29.72609707
chr10	8609123	2.949188548	29.72609937
chr10	8609124	2.945974232	29.72610232
chr10	8609194	3.006160133	29.72630854
chr10	8609362	3.069746445	29.72681357
chr10	8612170	3.067001961	29.73543342
chr10	8615899	3.134621362	29.74687027
chr10	8616055	3.201989411	29.74735927
chr10	8616056	3.00749248	29.74736247
chr10	8616167	3.280662089	29.7476963
chr10	8616185	4.470856215	29.74775536
chr10	8616186	3.738613296	29.74775983
chr10	8616200	4.081826685	29.74781217
chr10	8616201	3.645183515	29.74781625
chr10	8616390	3.708372304	29.74850519
chr10	8616391	3.202305729	29.7485089
chr10	8661944	4.78048964	29.89438353
chr10	8661945	4.500450471	29.89438831
chr10	8662025	6.253184903	29.89474835
chr10	8662026	6.170009793	29.8947546
chr10	8662035	7.159088248	29.89481013
chr10	8662036	6.918398444	29.89481729
chr10	8662071	6.758039991	29.89505943
chr10	8666962	7.301590568	29.92811301
chr10	8666963	7.019905225	29.92812031
chr10	8667198	6.947784314	29.92976999
chr10	8667221	12.35053263	29.92992979
chr10	8667222	11.29661854	29.92994214
chr10	8667273	13.00929741	29.93051826
chr10	8667274	12.79079484	29.93053127
chr10	8668037	14.24902076	29.94029065
chr10	8668038	13.63716246	29.9403049
chr10	8668739	13.6357202	29.94986455
chr10	8669921	13.6337899	29.96598197
chr10	8669922	19.1913488	29.9659956
chr10	8670289	20.85647846	29.97303883
chr10	8670290	19.08084281	29.97305969
chr10	8670294	17.86299972	29.97313601
chr10	8670307	17.93102934	29.97336823
chr10	8670308	16.39963838	29.97338616
chr10	8670323	16.17107058	29.97363215
chr10	8670452	17.05504559	29.97571822
chr10	8670453	16.9194554	29.97573528
chr10	8670560	14.53655776	29.97754566
chr10	8670584	8.978998859	29.97789454
chr10	8670591	8.976101448	29.97795739
chr10	8670616	8.945169711	29.97818179
chr10	8670656	8.9616908	29.9785396
chr10	8670667	8.894322749	29.97863818
chr10	8670942	11.0067077	29.98108412
chr10	8670943	7.565281557	29.98109512
chr10	8671007	7.575256678	29.9815793
chr10	8671008	7.165237288	29.98158688
chr10	8674221	7.195928287	30.00460878
chr10	8674222	6.638923573	30.00461598
chr10	8674562	6.709941746	30.00687321
chr10	8674613	6.892959131	30.00721542
chr10	8674614	3.523515257	30.00722231
chr10	8674707	3.575103207	30.00755
chr10	8674708	1.352291148	30.00755357
chr10	8674841	1.397394789	30.00773343
chr10	8674873	1.110815571	30.00777815
chr10	8676208	1.120932811	30.00926108
chr10	8676209	0.8055975484	30.00926221
chr10	8676221	1.038236261	30.00927187
chr10	8755099	1.051157366	30.09116587
chr10	8755100	0.8696512271	30.09116692
chr10	8755119	0.7297577954	30.09118345
chr10	8756018	0.7599928242	30.0918395
chr10	8756022	0.8156264428	30.09184254
chr10	8756023	0.551252105	30.09184336
chr10	8756294	0.4611674098	30.09199274
chr10	8756347	0.5087008078	30.09201719
chr10	8756410	0.6719754317	30.09204923
chr10	8756411	0.6268717894	30.09204991
chr10	8756439	0.6397683012	30.09206746
chr10	8964118	0.6220554351	30.2249339
chr10	8965748	0.6557645946	30.22594785
chr10	8965749	0.6434511272	30.22594851
chr10	8968741	0.6588072168	30.22787371
chr10	8968742	0.5528615574	30.22787437
chr10	8968743	0.5355345099	30.22787492
chr10	8968777	0.5871536679	30.22789313
chr10	8968778	0.5698346155	30.22789372
chr10	8968896	0.6145083329	30.22796096
chr10	8969083	0.5799096392	30.22807587
chr10	8969088	0.6111823048	30.22807877
chr10	8969089	0.5929998052	30.22807938
chr10	8969120	0.5806874092	30.22809777
chr10	9039834	0.6216328572	30.2691605
chr10	9039835	0.5987366286	30.26916112
chr10	9039854	0.6477523442	30.26917249
chr10	9039855	0.609624174	30.26917314
chr10	9039897	0.9372964211	30.26919874
chr10	9039907	0.9562927978	30.26920812
chr10	9039908	0.9303554721	30.26920907
chr10	9039984	0.912082379	30.26927978
chr10	9040013	1.536080634	30.26930623
chr10	9040045	2.385029226	30.26935539
chr10	9040051	2.320439078	30.2693697
chr10	9040062	2.839207266	30.26939522
chr10	9040074	3.16855146	30.26942929
chr10	9040270	6.041514741	30.27005033
chr10	9040341	6.085317249	30.27047928
chr10	9040342	6.072377419	30.27048536
chr10	9040353	6.091706943	30.27055216
chr10	9040354	6.081755295	30.27055825
chr10	9040357	6.103658635	30.27057649
chr10	9040358	6.090719351	30.2705826
chr10	9040407	6.113160849	30.27088104
chr10	9041711	6.57953283	30.2788526
chr10	9041712	4.028143098	30.27885918
chr10	9041717	4.665165793	30.27887932
chr10	9041718	4.639376928	30.27888399
chr10	9041748	4.706226382	30.27902317
chr10	9041757	5.09895738	30.27906553
chr10	9041783	5.118045117	30.2791981
chr10	9041784	5.105152899	30.27920322
chr10	9041850	5.085119007	30.27954016
chr10	9043046	6.018116319	30.28562196
chr10	9043822	6.008480036	30.29029202
chr10	9047153	6.074352534	30.31030627
chr10	9047154	5.034197826	30.31031234
chr10	9047366	5.037840032	30.31137959
chr10	9051124	5.222273831	30.33031179
chr10	9051125	3.187809394	30.33031702
chr10	9051145	3.305298975	30.33038077
chr10	9051146	2.243542766	30.33038408
chr10	9051245	1.914198572	30.33060619
chr10	9051251	1.869524855	30.33061767
chr10	9051316	1.889618268	30.33073919
chr10	9051334	1.956865047	30.3307732
chr10	9052056	2.049646529	30.33218606
chr10	9052057	2.037202283	30.33218811
chr10	9052547	1.443997852	30.33318634
chr10	9190983	1.471190046	30.53308763
chr10	9190984	1.34113934	30.5330891
chr10	9191069	1.264607051	30.53320309
chr10	9196699	1.239171295	30.54032283
chr10	9198224	1.24571835	30.54221257
chr10	9199395	1.231707359	30.54367131
chr10	9201432	1.879736638	30.54618029
chr10	9204279	3.174284135	30.5515319
chr10	9204280	3.151652272	30.55153508
chr10	9204281	3.127630489	30.55153823
chr10	9204349	3.035930052	30.55175091
chr10	9204379	3.071983439	30.55184199
chr10	9204380	3.040710775	30.55184506
chr10	9204432	3.289630175	30.55200317
chr10	9204549	3.265650355	30.55238806
chr10	9206517	3.235089078	30.55881486
chr10	9207121	1.940541579	30.56076886
chr10	9207144	2.147614953	30.56081349
chr10	9207145	2.101786874	30.56081564
chr10	9207165	2.138822348	30.56085767
chr10	9207177	2.116587545	30.56088334
chr10	9208273	2.094688507	30.56320312
chr10	9208287	2.132147058	30.56323244
chr10	9208326	2.470806177	30.5633156
chr10	9208327	1.699180052	30.56331807
chr10	9226012	1.67921357	30.59336807
chr10	9226050	1.638689723	30.59343188
chr10	9228095	1.61787572	30.596783
chr10	9228128	2.202974955	30.59683639
chr10	9230688	4.132128023	30.602476
chr10	9230689	4.046557819	30.60248013
chr10	9230760	4.058155749	30.60276744
chr10	9230761	4.028945753	30.6027715
chr10	9230872	4.033749777	30.60321871
chr10	9233504	8.429333995	30.61383554
chr10	9233505	8.369243652	30.61384397
chr10	9233580	11.59551841	30.61447166
chr10	9233581	11.15626879	30.61448326
chr10	9234341	6.720500366	30.62296202
chr10	9234415	6.822621856	30.62345934
chr10	9234416	5.728994125	30.62346616
chr10	9234530	5.709906388	30.62411927
chr10	9234680	4.788287152	30.62497575
chr10	9234748	4.993078335	30.62530136
chr10	9234749	0.9398949694	30.62530635
chr10	9306292	0.8912321475	30.69254926
chr10	9306390	0.9212904324	30.6926366
chr10	9306391	0.8698729269	30.69263752
chr10	9306411	0.9354599477	30.69265492
chr10	9306412	0.8849450103	30.69265585
chr10	9306424	0.9471626541	30.69266647
chr10	9306425	0.788966387	30.69266742
chr10	9306504	1.005366432	30.69272975
chr10	9306505	0.8938447588	30.69273075
chr10	9306511	0.9461155308	30.69273611
chr10	9306512	0.8950856139	30.69273706
chr10	9306577	1.081785299	30.69279524
chr10	9306581	1.334837643	30.69279957
chr10	9306644	1.365405902	30.69288366
chr10	9306654	1.431747464	30.69289732
chr10	9306669	1.564454518	30.69291879
chr10	9306670	1.410992267	30.69292036
chr10	9306678	2.045842432	30.69293165
chr10	9306679	1.991607148	30.69293369
chr10	9306783	2.256992993	30.69314082
chr10	9326205	2.070245925	30.73697614
chr10	9326255	2.273359867	30.73707965
chr10	9326275	2.42177687	30.73712512
chr10	9326276	2.336521458	30.73712754
chr10	9326277	1.96108353	30.73712987
chr10	9326282	2.492653042	30.73713968
chr10	9326283	2.247880394	30.73714217
chr10	9326319	2.337265816	30.7372231
chr10	9362111	2.270924255	30.82087851
chr10	9362115	2.848763739	30.8208876
chr10	9362116	2.311937499	30.82089045
chr10	9362172	2.951817785	30.82101992
chr10	9362194	2.752627877	30.82108486
chr10	9362361	2.811356353	30.82154454
chr10	9362362	2.745160414	30.82154736
chr10	9362470	2.643569803	30.82184383
chr10	9362483	3.871491562	30.8218782
chr10	9362486	3.769870085	30.82188981
chr10	9362489	3.668276667	30.82190112
chr10	9362491	3.73660308	30.82190846
chr10	9362492	3.569081215	30.8219122
chr10	9362493	4.181652642	30.82191577
chr10	9362494	4.080129312	30.82191995
chr10	9362500	4.787173578	30.82194443
chr10	9362503	4.781882051	30.82195879
chr10	9362504	7.989371106	30.82196357
chr10	9362505	9.277269893	30.82197156
chr10	9362506	9.081597766	30.82198084
chr10	9362593	11.8370591	30.82277094
chr10	9362594	11.77126212	30.82278277
chr10	9367479	9.436380413	30.88028539
chr10	9367496	9.446233634	30.88044581
chr10	9368451	9.877782635	30.88946696
chr10	9368452	7.307234949	30.88947684
chr10	9368481	7.710433607	30.88968875
chr10	9368482	4.069170184	30.88969646
chr10	9368498	3.525873971	30.88976157
chr10	9368499	2.301749354	30.88976509
chr10	9369625	6.589816545	30.89235686
chr10	9369635	6.680845171	30.89242276
chr10	9369640	7.614115251	30.89245616
chr10	9370397	8.001739946	30.89822005
chr10	9370466	8.081945392	30.89877217
chr10	9370498	9.906098121	30.89903079
chr10	9370499	9.44615263	30.8990407
chr10	9370501	9.526482411	30.89905959
chr10	9370531	9.76816639	30.89934538
chr10	9370532	5.711822407	30.89935515
chr10	9410051	6.655739579	31.12508066
chr10	9410052	6.564710954	31.12508732
chr10	9410093	6.011142123	31.12535647
chr10	9410127	5.827465857	31.12556085
chr10	9410152	6.465202725	31.12570654
chr10	9410987	6.849965744	31.13110498
chr10	9415921	6.212228876	31.16490271
chr10	9415925	6.134731636	31.16492756
chr10	9416301	5.736716752	31.16723422
chr10	9416336	7.191015328	31.16743501
chr10	9416337	6.066144092	31.1674422
chr10	9416372	10.75708465	31.16765451
chr10	9416373	10.44121421	31.16766527
chr10	9416390	12.33252597	31.16784277
chr10	9416391	11.85628988	31.1678551
chr10	9416667	16.7292753	31.17112744
chr10	9416705	17.17414881	31.17176315
chr10	9416778	17.98286921	31.17301686
chr10	9416779	17.90482122	31.17303485
chr10	9416878	21.64188893	31.17480742
chr10	9416879	21.56587124	31.17482907
chr10	9416880	23.25133137	31.17485063
chr10	9416881	23.17536392	31.17487388
chr10	9416937	23.55339376	31.1761717
chr10	9416938	23.47417102	31.17619526
chr10	9416939	24.4933134	31.17621873
chr10	9417002	25.53055726	31.17776181
chr10	9417292	26.66015628	31.18516567
chr10	9417421	27.42944285	31.18860483
chr10	9417422	19.05254887	31.18863226
chr10	9417492	21.99923854	31.18996594
chr10	9420548	24.24941605	31.25719561
chr10	9420549	18.66107444	31.25721986
chr10	9420585	18.53439444	31.25789166
chr10	9420597	18.18553193	31.25811407
chr10	9420606	19.8713511	31.25827774
chr10	9420607	17.68613302	31.25829761
chr10	9422269	16.78491775	31.28769197
chr10	9422298	20.46122737	31.28817873
chr10	9422299	20.45697002	31.28819919
chr10	9424066	20.38828901	31.32434666
chr10	9424648	22.00690054	31.33621264
chr10	9424649	19.45449334	31.33623465
chr10	9424724	18.94576767	31.33769373
chr10	9424877	18.23279531	31.34059244
chr10	9424974	20.06168866	31.34236102
chr10	9424975	14.50139486	31.34238108
chr10	9425007	13.5631176	31.34284512
chr10	9425010	12.65827156	31.34288581
chr10	9425016	12.59319499	31.34296176
chr10	9425089	11.2749922	31.34388107
chr10	9426921	8.416289081	31.36453685
chr10	9426970	10.40723354	31.36494925
chr10	9426971	8.868012376	31.36495966
chr10	9427000	10.89918497	31.36521683
chr10	9427001	7.681036235	31.36522773
chr10	9428369	7.650803071	31.37573539
chr10	9428680	7.289130098	31.37811479
chr10	9428766	6.979649616	31.37874165
chr10	9428767	6.683687585	31.37874863
chr10	9428788	6.719849203	31.37888899
chr10	9428789	6.318723194	31.37889571
chr10	9428822	6.417930773	31.37910423
chr10	9428823	1.670970502	31.37911064
chr10	9428830	1.695817822	31.37912234
chr10	9428854	1.733434708	31.37916304
chr10	9428966	1.118821364	31.37935719
chr10	9428974	1.125326076	31.37936614
chr10	9428975	0.7788848502	31.37936726
chr10	9428987	0.8483821869	31.37937661
chr10	9428994	0.8679460137	31.37938255
chr10	9428996	0.8986221475	31.37938428
chr10	9429074	0.922861588	31.37945438
chr10	9429075	0.766534182	31.3794553
chr10	9429137	0.8837847297	31.37950282
chr10	9429172	0.9582640672	31.37953376
chr10	9429173	0.92250677	31.37953471
chr10	9429223	1.001518605	31.37958084
chr10	9430575	1.225077813	31.38093489
chr10	9430576	1.136203848	31.38093612
chr10	9430604	1.247131816	31.38096793
chr10	9430605	1.185922574	31.38096918
chr10	9430606	1.289680519	31.38097036
chr10	9430607	1.326495763	31.38097165
chr10	9430608	1.344900361	31.38097298
chr10	9620807	1.325696753	31.63677168
chr10	9620886	1.34538158	31.63687641
chr10	9620893	1.32604708	31.63688583
chr10	9736980	1.374070468	31.79082266
chr10	9736981	1.254459917	31.79082403
chr10	9737014	1.268738107	31.79086543
chr10	9737015	1.23292512	31.7908667
chr10	9740628	1.186025189	31.79532126
chr10	9740683	1.209885654	31.79538649
chr10	9740765	1.236320531	31.7954857
chr10	9740841	1.33097338	31.79557966
chr10	9740842	1.133612867	31.79558099
chr10	9740886	1.214102504	31.79563087
chr10	9740887	1.165867791	31.79563208
chr10	9740922	1.180496202	31.79567289
chr10	9740923	1.145033474	31.79567407
chr10	9758779	1.22536645	31.81611979
chr10	9758780	1.158619441	31.81612101
chr10	9760171	1.174112491	31.81773265
chr10	9760172	1.167565438	31.81773383
chr10	9845497	1.192605449	31.91735635
chr10	9845498	1.166040562	31.91735754
chr10	9845540	1.157173883	31.91740651
chr10	9845585	1.18222822	31.91745859
chr10	9992419	1.167601494	32.09104989
chr10	9992426	0.9919062265	32.09105806
chr10	9992429	1.05687019	32.09106103
chr10	9992430	0.8689624627	32.09106209
chr10	9992755	2.615925422	32.0913445
chr10	9992758	2.609397801	32.09135235
chr10	9994562	2.594901554	32.09605971
chr10	9994579	4.135564865	32.09610382
chr10	9994580	4.104039615	32.09610795
chr10	9994643	4.275127914	32.09636651
chr10	9994644	4.249383965	32.09637078
chr10	9994686	5.651283246	32.09654926
chr10	9994687	5.529986327	32.09655491
chr10	9996710	5.525182303	32.10774207
chr10	9996967	2.237556031	32.10916204
chr10	9996980	2.224564959	32.10919113
chr10	9996994	2.260798013	32.10922228
chr10	9996995	2.254302314	32.10922454
chr10	9997362	2.239957486	32.11005187
chr10	9997639	2.179428711	32.11067233
chr10	10023603	1.772318086	32.16725902
chr10	10023606	1.759306913	32.16726434
chr10	10023618	1.824919224	32.16728545
chr10	10023619	1.75615895	32.16728727
chr10	10047396	1.738495549	32.20904347
chr10	10048876	1.886536843	32.21161644
chr10	10048877	1.086875083	32.21161833
chr10	10048933	0.891708475	32.21167919
chr10	10049010	0.9347424523	32.21174785
chr10	10049011	0.831956544	32.21174879
chr10	10049061	0.9063224411	32.21179038
chr10	10049062	0.6763783319	32.21179129
chr10	10049085	0.7603920125	32.21180685
chr10	10049086	0.7425935141	32.21180761
chr10	10049202	0.8923324089	32.21189375
chr10	10049203	0.8202047902	32.21189464
chr10	10049364	0.8142588596	32.21202669
chr10	10053586	0.9793669688	32.2154645
chr10	10053597	1.14451584	32.21547527
chr10	10098151	1.224506796	32.26646803
chr10	10098152	0.7444261625	32.26646925
chr10	10098192	0.7563447539	32.26649903
chr10	10098193	0.6814261246	32.26649978
chr10	10098533	0.7606028305	32.26673147
chr10	10098534	0.444470165	32.26673223
chr10	10098537	0.4334537798	32.26673356
chr10	10098607	0.427960817	32.26676391
chr10	10098617	0.507325403	32.26676818
chr10	10098618	0.497054552	32.26676869
chr10	10098696	8.746166641	32.26680746
chr10	10098705	8.823623091	32.26688618
chr10	10098706	8.822991912	32.266895
chr10	10098725	30.59283802	32.26706264
chr10	10098893	35.31569295	32.27220224
chr10	10098894	13.54584684	32.27223755
chr10	10099015	13.45149308	32.2738766
chr10	10099175	13.44122583	32.27602884
chr10	10099587	13.53196228	32.28156662
chr10	10099588	5.247778372	32.28158015
chr10	10099671	5.563805644	32.28201572
chr10	10099672	0.8354520996	32.28202128
chr10	10099700	0.941282959	32.28204468
chr10	10100884	0.9358236511	32.28315916
chr10	10134463	1.070358238	32.31458318
chr10	10134464	0.9645273761	32.31458425
chr10	10134475	0.9638986637	32.31459486
chr10	10134502	1.00230659	32.31462088
chr10	10134503	0.9561247291	32.31462189
chr10	10134545	1.392015513	32.31466204
chr10	10134546	1.181027473	32.31466343
chr10	10134696	1.84729042	32.31484059
chr10	10134697	1.742251192	32.31484244
chr10	10134708	4.162324253	32.3148616
chr10	10135609	4.261533932	32.31861186
chr10	10135725	5.062732536	32.31910619
chr10	10136590	6.278922385	32.32348546
chr10	10139078	5.437022158	32.33910742
chr10	10139527	5.578578404	32.34154864
chr10	10139721	5.614808244	32.34263088
chr10	10140218	4.948545297	32.34542144
chr10	10140269	5.121614447	32.34567382
chr10	10140316	6.082466889	32.34591453
chr10	10140317	5.281268283	32.34592062
chr10	10140397	5.303013681	32.34634312
chr10	10141003	7.322024267	32.34955674
chr10	10141004	6.48851634	32.34956407
chr10	10144137	10.22027282	32.36989259
chr10	10144138	8.666306517	32.36990281
chr10	10144144	8.737004947	32.36995481
chr10	10144145	6.525218207	32.36996354
chr10	10144166	6.547485173	32.37010057
chr10	10144598	6.609298262	32.37292909
chr10	10144853	6.671120829	32.37461446
chr10	10144854	6.589845197	32.37462113
chr10	10144886	6.624884616	32.374832
chr10	10144974	6.187142477	32.37541499
chr10	10144999	6.23190207	32.37556967
chr10	10145000	6.152725361	32.3755759
chr10	10145030	6.191164679	32.37576049
chr10	10145070	6.603630022	32.37600813
chr10	10145111	6.781260323	32.37627888
chr10	10145133	3.087380815	32.37642807
chr10	10145135	3.12587644	32.37643424
chr10	10145155	3.233954973	32.37649676
chr10	10145183	10.50635042	32.37658731
chr10	10145693	18.94689324	32.38194555
chr10	10145694	10.96279121	32.3819645
chr10	10145998	11.0414641	32.38529719
chr10	10146173	11.35371609	32.38722944
chr10	10146203	12.06685569	32.38757005
chr10	10146204	4.406905202	32.38758212
chr10	10146206	5.246562211	32.38759093
chr10	10237919	5.287750689	32.86876889
chr10	10237920	4.688910783	32.86877418
chr10	10238534	4.649638102	32.87165317
chr10	10238545	6.340496072	32.87170432
chr10	10240481	6.263087076	32.88397952
chr10	10240668	6.224152698	32.88515072
chr10	10240688	6.222839856	32.8852752
chr10	10240707	6.18434423	32.88539343
chr10	10240717	6.38946932	32.88545528
chr10	10240718	6.312034878	32.88546167
chr10	10240729	6.4203318	32.8855311
chr10	10240730	4.697608918	32.88553752
chr10	10240742	4.233229947	32.88559389
chr10	10241254	4.264808233	32.8877613
chr10	10241255	4.226308576	32.88776557
chr10	10241269	5.373611323	32.88782474
chr10	10241270	4.621027405	32.88783011
chr10	10241642	5.071897992	32.88954913
chr10	10246526	4.998958657	32.91432028
chr10	10246558	5.319560991	32.91448025
chr10	10246559	4.556971197	32.91448557
chr10	10246633	5.851345414	32.91482279
chr10	10246634	5.092688992	32.91482864
chr10	10246643	6.315182439	32.91487447
chr10	10246644	6.279288741	32.91488079
chr10	10249781	6.355265753	32.93457892
chr10	10249802	5.904395166	32.93471238
chr10	10249850	6.450877216	32.93499579
chr10	10249851	3.739015506	32.93500224
chr10	10249884	5.015105721	32.93512563
chr10	10249885	4.098540046	32.93513064
chr10	10249901	4.287001711	32.93519622
chr10	10253769	4.337220702	32.95177834
chr10	10253770	4.239112241	32.95178268
chr10	10304855	4.304132581	33.16833773
chr10	10304856	4.083980633	33.16834203
chr10	10307761	4.023793747	33.18020599
chr10	10307955	4.190255886	33.18098661
chr10	10307956	4.135529306	33.1809908
chr10	10307986	4.008960434	33.18111487
chr10	10307992	4.050438243	33.18113892
chr10	10307993	3.904537108	33.18114297
chr10	10308006	4.257582972	33.18119373
chr10	10308007	3.754477059	33.18119799
chr10	10309392	3.922702049	33.18639794
chr10	10309393	3.274575555	33.18640186
chr10	10309406	3.34593291	33.18644443
chr10	10309407	3.101236855	33.18644778
chr10	10309420	3.122569446	33.18648809
chr10	10309421	3.10017821	33.18649121
chr10	10309429	3.038391259	33.18651602
chr10	10309574	3.113894397	33.18695658
chr10	10309586	4.61673379	33.18699395
chr10	10309587	4.256030581	33.18699857
chr10	10324972	4.559939771	33.2524776
chr10	10324979	4.662224292	33.25250952
chr10	10324980	4.417264244	33.25251418
chr10	10336887	4.465844203	33.30511054
chr10	10337221	4.529092552	33.30660213
chr10	10337227	4.556157399	33.30662931
chr10	10337310	4.630332505	33.30700747
chr10	10337311	4.48558704	33.3070121
chr10	10338089	4.586139518	33.31050189
chr10	10338090	4.123228148	33.31050647
chr10	10338095	4.453935667	33.31052709
chr10	10338096	4.058529147	33.31053154
chr10	10338133	4.153740555	33.31068171
chr10	10338134	3.767117607	33.31068586
chr10	10382907	4.09470104	33.47935102
chr10	10382908	3.774607087	33.47935511
chr10	10382935	3.811727758	33.47945703
chr10	10382942	4.067725399	33.47948371
chr10	10382943	3.905229718	33.47948778
chr10	10382944	4.00936807	33.47949168
chr10	10382945	3.959216025	33.47949569
chr10	10382985	4.194565435	33.47965406
chr10	10382986	4.144441402	33.47965826
chr10	10386618	4.1298485	33.49471087
chr10	10453554	4.23814663	33.77114641
chr10	10453555	4.044013622	33.77115065
chr10	10453601	4.285079839	33.77133667
chr10	10453602	3.684964994	33.77134095
chr10	10453616	6.931050443	33.77139254
chr10	10453617	6.705650899	33.77139948
chr10	10453623	6.655119656	33.77143971
chr10	10453630	6.76504866	33.7714863
chr10	10453631	6.733204874	33.77149306
chr10	10453661	6.989026865	33.77169506
chr10	10453662	6.863147675	33.77170205
chr10	10453664	6.851222239	33.77171577
chr10	10454796	3.682159935	33.77947136
chr10	10454798	3.526450569	33.77947872
chr10	10454973	3.463924032	33.78009585
chr10	10454997	3.413352484	33.78017898
chr10	10455019	3.195320199	33.78025408
chr10	10455022	2.869536658	33.78026366
chr10	10455074	3.39264173	33.78041288
chr10	10455075	3.32973009	33.78041627
chr10	10455085	4.00425177	33.78044957
chr10	10455114	3.986325034	33.78056569
chr10	10466238	3.974847382	33.82490957
chr10	10466313	3.940063247	33.82520768
chr10	10466387	4.806615912	33.82549925
chr10	10466388	4.417922207	33.82550406
chr10	10466406	5.31966338	33.82558358
chr10	10466408	5.346785371	33.82559422
chr10	10466457	5.335315556	33.82585621
chr10	10466458	5.39236959	33.82586155
chr10	10466513	5.348323235	33.82615813
chr10	10470478	5.656301134	33.84736423
chr10	10470485	8.442610181	33.84740382
chr10	10470486	6.431769041	33.84741226
chr10	10470676	7.063294412	33.8486343
chr10	10470705	7.392402921	33.84883914
chr10	10470706	7.339184285	33.84884653
chr10	10473208	9.230224819	33.86720917
chr10	10473209	9.207766195	33.8672184
chr10	10473349	9.958175688	33.86850748
chr10	10473350	9.768844724	33.86851744
chr10	10473958	9.795353719	33.8744569
chr10	10473959	9.77864495	33.8744667
chr10	10481881	10.42610793	33.95193312
chr10	10481882	10.34232827	33.95194355
chr10	10481883	11.04643704	33.95195389
chr10	10481884	8.692324438	33.95196494
chr10	10482046	11.69015736	33.95337309
chr10	10482047	10.64407586	33.95338478
chr10	10482212	10.64057741	33.95514106
chr10	10482270	10.62534636	33.95575821
chr10	10482274	12.15067969	33.95580071
chr10	10482314	11.39532635	33.95628674
chr10	10482340	12.94181815	33.95658302
chr10	10482341	12.58939181	33.95659596
chr10	10482423	18.8087431	33.95762829
chr10	10482424	17.14594459	33.9576471
chr10	10485279	20.1898688	34.00659877
chr10	10485280	15.33910193	34.00661896
chr10	10487070	15.32834302	34.03407595
chr10	10487097	15.33115999	34.03448982
chr10	10487098	9.674576926	34.03450515
chr10	10487526	9.531085869	34.03864587
chr10	10487677	6.600528575	34.04008506
chr10	10487715	6.855673846	34.04033588
chr10	10487716	4.611048707	34.04034274
chr10	10488137	4.586655834	34.04228399
chr10	10488139	4.551668062	34.04229316
chr10	10488152	4.382630434	34.04235233
chr10	10488241	3.116506764	34.04274239
chr10	10488465	2.575605285	34.04344048
chr10	10488490	1.859056565	34.04350487
chr10	10488501	2.09487451	34.04352532
chr10	10488502	1.699976337	34.04352742
chr10	10488510	1.778582952	34.04354102
chr10	10535108	1.552890781	34.12641943
chr10	10535155	1.55851566	34.12649241
chr10	10535211	1.341561727	34.12657969
chr10	10535269	18.45367332	34.1266575
chr10	10535314	18.30550659	34.12748792
chr10	10535436	18.30874047	34.12972119
chr10	10535484	1.066364731	34.13060001
chr10	10535599	1.088007338	34.13072264
chr10	10535600	0.8799047312	34.13072373
chr10	10535629	2.553746398	34.13074924
chr10	10535630	2.508075018	34.1307518
chr10	10535787	4.386127081	34.13114557
chr10	10537137	4.213095916	34.13706684
chr10	10537203	4.184982896	34.1373449
chr10	10537745	4.262052236	34.13961316
chr10	10537746	2.384000172	34.13961742
chr10	10537768	2.439150101	34.13966987
chr10	10537769	2.224395296	34.13967231
chr10	10537771	2.381909475	34.13967676
chr10	10537772	2.3661137	34.13967914
chr10	10537778	2.373055338	34.13969334
chr10	10537779	2.321470198	34.13969571
chr10	10537826	2.339036399	34.13980482
chr10	10537827	0.6105615989	34.13980716
chr10	10537877	0.6374075546	34.13983769
chr10	10538094	0.6406498386	34.13997601
chr10	10594121	0.7961902331	34.17586969
chr10	10597962	0.7428509681	34.17892786
chr10	10667879	0.7510957728	34.23086577
chr10	10667903	0.886292333	34.2308838
chr10	10671002	0.8936371881	34.23363042
chr10	10674922	0.8667912326	34.23713348
chr10	10674926	0.8212605849	34.23713694
chr10	10674934	0.7944428077	34.23714351
chr10	10674949	0.7676228805	34.23715543
chr10	10675116	1.114983561	34.23728362
chr10	10675117	1.007840147	34.23728474
chr10	10675120	1.015909904	34.23728776
chr10	10693285	1.102864798	34.25574176
chr10	10693905	1.107377425	34.25642554
chr10	10694417	1.034012505	34.25699252
chr10	10694461	1.010532359	34.25703801
chr10	10694506	0.9833119959	34.25708349
chr10	10694520	0.9466671687	34.25709725
chr10	10694631	8.535797741	34.25720233
chr10	10694662	8.557277779	34.25746694
chr10	10694666	8.582595395	34.25750117
chr10	10694709	9.954698067	34.25787023
chr10	10695070	10.02001611	34.26146387
chr10	10695115	14.66597684	34.26191477
chr10	10695116	6.944998857	34.26192944
chr10	10696426	7.085274923	34.27102739
chr10	10696427	4.281079809	34.27103447
chr10	10697190	4.29525507	34.27430094
chr10	10697297	4.306512317	34.27476053
chr10	10697298	2.406094757	34.27476483
chr10	10697348	2.409865139	34.27488514
chr10	10697349	2.386810367	34.27488755
chr10	10697371	2.414308355	34.27494006
chr10	10697372	2.248999944	34.27494247
chr10	10697379	2.320635531	34.27495822
chr10	10697386	2.348134563	34.27497446
chr10	10697405	0.9834817473	34.27501908
chr10	10748382	0.9914048828	34.32515402
chr10	10751393	0.9260311321	34.32813914
chr10	10751396	0.8607130899	34.32814192
chr10	10751531	0.879473113	34.32825812
chr10	10751532	0.7501238374	34.328259
chr10	10751699	1.030943231	34.32838427
chr10	10751700	0.8993629592	34.3283853
chr10	10751708	0.9226414287	34.32839249
chr10	10751735	0.9232768995	34.32841741
chr10	10754902	0.986882803	34.33134142
chr10	10754903	0.9239673973	34.33134241
chr10	10754974	0.9689501304	34.33140801
chr10	10754984	0.9932090256	34.3314177
chr10	10755135	1.001684329	34.33156768
chr10	10755245	1.045093409	34.33167786
chr10	10759847	1.134783453	34.33648738
chr10	10759848	1.127725936	34.33648852
chr10	10870775	1.146401306	34.46158377
chr10	10877050	1.146917853	34.46877744
chr10	10906564	1.169462626	34.50262757
chr10	10906643	1.273599196	34.50271996
chr10	10906644	1.249340302	34.50272123
chr10	10906648	1.231759563	34.50272623
chr10	10956500	1.307381957	34.56413191
chr10	10956501	1.197412333	34.56413322
chr10	10956539	1.277913228	34.56417872
chr10	10956540	1.145507027	34.56418
chr10	10956668	1.527336359	34.56432662
chr10	10956669	1.472744863	34.56432815
chr10	10956686	1.501781107	34.56435319
chr10	10956687	1.443489057	34.56435469
chr10	10956692	1.481166883	34.5643619
chr10	10956693	1.467101845	34.56436339
chr10	10956733	1.698058924	34.56442207
chr10	10956734	1.648375884	34.56442377
chr10	10956776	1.657270566	34.564493
chr10	10956777	1.643307701	34.56449466
chr10	11050145	1.677786237	34.71792701
chr10	11050146	1.638428274	34.71792869
chr10	11050154	1.697243964	34.7179418
chr10	11051300	1.739869462	34.71988684
chr10	11062086	1.748098095	34.73865307
chr10	11062140	1.846295085	34.73874747
chr10	11062141	1.772626667	34.73874931
chr10	11062460	1.778612639	34.73931478
chr10	11067626	1.790503298	34.74850309
chr10	11067627	1.775029977	34.74850488
chr10	11067777	2.155446992	34.74877114
chr10	11067778	2.01396131	34.74877329
chr10	11067783	1.995386213	34.74878336
chr10	11067802	2.031234665	34.74882128
chr10	11067803	1.964814131	34.74882331
chr10	11068001	1.999748266	34.74921234
chr10	11068031	2.228246807	34.74927233
chr10	11068032	2.150235344	34.74927456
chr10	11069741	2.312708142	34.75294931
chr10	11069754	2.343501293	34.75297938
chr10	11069755	2.255882825	34.75298172
chr10	11069771	2.317590187	34.75301782
chr10	11069772	2.285042975	34.75302013
chr10	11069825	2.301707713	34.75314124
chr10	11114104	2.320250253	34.85505856
chr10	11114105	2.279147644	34.85506088
chr10	11114111	2.328123351	34.85507455
chr10	11114112	2.303853418	34.85507688
chr10	11139147	2.427117734	34.91275385
chr10	11139191	2.409109698	34.91286064
chr10	11139192	2.305891328	34.91286305
chr10	11151326	2.316191861	34.94084274
chr10	11151327	2.278407659	34.94084505
chr10	11188557	2.289906838	35.02567017
chr10	11188558	2.266586801	35.02567246
chr10	11188698	2.328604332	35.02598978
chr10	11188699	2.168675499	35.02599211
chr10	11188798	2.121911907	35.02620681
chr10	11188968	2.113338325	35.02656754
chr10	11189231	2.504112842	35.02712334
chr10	11189232	1.296590319	35.02712585
chr10	11189309	1.362504996	35.02722569
chr10	11189318	1.643418926	35.02723795
chr10	11189319	1.570488887	35.02723959
chr10	11508468	1.779199565	35.52845955
chr10	11508469	1.307695203	35.52846133
chr10	11508502	1.182670353	35.52850448
chr10	11508504	1.185951497	35.52850685
chr10	11508505	1.12832568	35.52850803
chr10	11508983	1.121663654	35.52904737
chr10	11509038	1.110159515	35.52910907
chr10	11509054	1.098655953	35.52912683
chr10	11509163	1.129937921	35.52924658
chr10	11509164	1.118435189	35.52924771
chr10	11509195	1.194420804	35.52928238
chr10	11509196	1.133866038	35.52928358
chr10	11509203	1.122364704	35.52929151
chr10	11509211	1.144851878	35.52930049
chr10	11509242	1.210168761	35.52933598
chr10	11509283	1.292774996	35.5293856
chr10	11509284	1.246702023	35.52938689
chr10	11509305	1.238364564	35.52941307
chr10	11509313	1.26082579	35.52942298
chr10	11509314	1.208190562	35.52942424
chr10	11509323	1.196693541	35.52943512
chr10	11509715	1.478079945	35.52990422
chr10	11509716	1.411938828	35.5299057
chr10	11509850	1.434514173	35.5300949
chr10	11513426	1.47481218	35.53522472
chr10	11513427	1.439486389	35.53522619
chr10	11513443	1.498963115	35.53524923
chr10	11513444	1.474509809	35.53525073
chr10	11513472	1.654274769	35.53529201
chr10	11513473	1.645981923	35.53529367
chr10	11513476	1.637830337	35.5352986
chr10	11513481	1.644292219	35.53530679
chr10	11513482	1.620081087	35.53530844
chr10	11513505	1.666175616	35.5353457
chr10	11622151	1.657675739	35.71636902
chr10	11622153	1.650057946	35.71637233
chr10	11622157	1.616221194	35.71637893
chr10	11626774	1.491121049	35.72384102
chr10	11626780	1.571039029	35.72384997
chr10	11626781	1.531316879	35.72385154
chr10	11626814	1.765657608	35.72390208
chr10	11626815	1.595127019	35.72390384
chr10	11627232	1.564148743	35.72456901
chr10	11672815	2.067567671	35.7958676
chr10	11672816	1.894925781	35.79586967
chr10	11672819	3.057494581	35.79587535
chr10	11672820	2.820677838	35.79587841
chr10	11672825	2.890429613	35.79589251
chr10	11672826	2.834066638	35.7958954
chr10	11673111	2.704005628	35.79670311
chr10	11673138	2.551290161	35.79677612
chr10	11673656	2.563483811	35.79809769
chr10	11673657	2.495691949	35.79810025
chr10	11673663	2.47342067	35.79811523
chr10	11673797	2.491715417	35.79844667
chr10	11674482	2.2888028	35.80015349
chr10	11674489	2.244378056	35.80016951
chr10	11674519	2.309903167	35.80023684
chr10	11674520	2.239799999	35.80023915
chr10	11674538	2.245373766	35.80027947
chr10	11674626	2.241351916	35.80047706
chr10	11676184	2.286829293	35.80396909
chr10	11676185	1.159317993	35.80397138
chr10	11677081	1.117977273	35.80501013
chr10	11680154	0.542807644	35.80844567
chr10	11726807	0.5942884016	35.83376927
chr10	11726808	0.570496297	35.83376987
chr10	11726829	0.6348095525	35.83378185
chr10	11726830	0.6244509641	35.83378248
chr10	11730615	0.5607876314	35.83614603
chr10	11730666	0.7323400126	35.83617463
chr10	11730667	0.6461058433	35.83617536
chr10	11784009	0.8914775904	35.87063994
chr10	11784010	0.8437590856	35.87064083
chr10	11784035	0.7483614109	35.87066193
chr10	11784075	0.7681204104	35.87069186
chr10	11793151	0.6312143431	35.87766332
chr10	11793192	0.6297910183	35.8776892
chr10	11793431	0.6237018029	35.87783972
chr10	11798954	0.5945338163	35.88128443
chr10	11799000	0.6169163562	35.88131178
chr10	11799002	0.6298434982	35.88131301
chr10	11799003	0.3844717529	35.88131364
chr10	11799029	0.3974186882	35.88132364
chr10	11799030	0.37084291	35.88132403
chr10	11799059	0.3967395088	35.88133479
chr10	11799060	0.2628834853	35.88133518
chr10	11799167	0.2705819853	35.88136331
chr10	11799168	0.2578714421	35.88136358
chr10	11799291	0.2655712734	35.8813953
chr10	11799292	0.2630549011	35.88139557
chr10	11799318	0.2813740303	35.88140241
chr10	11799990	0.278040192	35.88159149
chr10	11800149	0.2857545418	35.8816357
chr10	11800151	0.2987693946	35.88163627
chr10	11800290	0.3211195434	35.8816778
chr10	11800291	0.2965591402	35.88167812
chr10	12000145	0.285202514	35.94094665
chr10	12000151	0.4932738165	35.94094836
chr10	12000152	0.456664517	35.94094885
chr10	12000208	0.4454268029	35.94097443
chr10	12018648	0.5013733973	35.9491881
chr10	12018672	0.5156067337	35.94920013
chr10	12019029	4.460526413	35.9493842
chr10	12019038	4.469006797	35.94942435
chr10	12019039	4.274221536	35.94942882
chr10	12019964	4.288539067	35.95338247
chr10	12019965	0.3578724082	35.95338676
chr10	12020311	0.41637675	35.95351058
chr10	12020312	0.4119498595	35.953511
chr10	12081728	0.4307844129	35.97881131
chr10	12082835	0.5901257651	35.97928819
chr10	12082836	0.5454217489	35.97928878
chr10	12083007	0.6018062635	35.97938205
chr10	12083008	0.5990427425	35.97938265
chr10	12083108	0.6180113026	35.97944255
chr10	12083196	0.7906785342	35.97949694
chr10	12083197	0.6933306579	35.97949773
chr10	12083215	0.7032838663	35.97951021
chr10	12083602	0.717942001	35.97978238
chr10	12083605	0.7050148575	35.97978453
chr10	12083684	0.7240399166	35.97984023
chr10	12084321	0.7622325384	35.98030144
chr10	12084324	0.7813188877	35.98030373
chr10	12084409	0.7131222517	35.98037014
chr10	12161253	0.7183583521	36.03516931
chr10	12273959	0.7105911053	36.11613261
chr10	12274037	0.6953161796	36.11618803
chr10	12276897	0.6572530991	36.11817664
chr10	12276929	0.6239449793	36.11819767
chr10	12277065	0.7045530808	36.11828252
chr10	12277066	0.4861808784	36.11828323
chr10	12277080	0.4672403449	36.11829004
chr10	12277085	0.4481539944	36.11829237
chr10	12277101	0.47883983	36.11829954
chr10	12277102	0.4232893517	36.11830002
chr10	12277107	0.4155895173	36.11830214
chr10	12277156	0.4586385742	36.1183225
chr10	12277157	0.3705501873	36.11832296
chr10	12277203	0.3914956021	36.11834001
chr10	12334595	0.5012725168	36.14080872
chr10	12334596	0.4427539619	36.14080922
chr10	12334612	0.4577926234	36.14081631
chr10	12334613	0.4522188597	36.14081676
chr10	12334710	0.5274008714	36.14086063
chr10	12334711	0.5127730981	36.14086116
chr10	12452854	0.5709856197	36.20144171
chr10	12452855	0.5301342975	36.20144228
chr10	12452874	0.545300793	36.20145235
chr10	12452875	0.3707322535	36.2014529
chr10	12532348	0.2821463572	36.2309161
chr10	12532462	0.2677409257	36.23094827
chr10	12579231	0.2630177132	36.24347024
chr10	12579254	0.2965644512	36.24347629
chr10	12579255	0.2130212131	36.24347659
chr10	12579257	0.2230048324	36.24347701
chr10	12579258	0.1817242357	36.24347724
chr10	12646328	0.1751909469	36.25566548
chr10	12688457	0.1601709887	36.2630461
chr10	12688888	0.1740655691	36.26311513
chr10	12688889	0.1651311066	36.26311531
chr10	12688925	0.1211977306	36.26312125
chr10	12689707	0.1151317171	36.26321603
chr10	12689720	0.103003558	36.26321753
chr10	12689798	0.09264580768	36.26322556
chr10	12691322	0.1132540468	36.26336675
chr10	12695455	0.09808754985	36.26383483
chr10	12695591	0.1132753339	36.26384817
chr10	12696410	0.1352418387	36.26394094
chr10	12697791	0.141334301	36.26412771
chr10	12697959	0.1788480095	36.26415146
chr10	12698015	0.1747556374	36.26416147
chr10	12863894	0.2223959825	36.29314976
chr10	12863895	0.2171598865	36.29314999
chr10	12863897	0.1951933808	36.29315042
chr10	12863916	0.1730243611	36.29315413
chr10	12866451	0.1881553044	36.29359275
chr10	12937722	0.1946798704	36.30700276
chr10	12937723	0.1793351799	36.30700296
chr10	12937831	0.1896167774	36.30702233
chr10	12937832	0.1744289901	36.30702252
chr10	12940469	0.1840936719	36.30748248
chr10	12940470	0.1693269342	36.30748267
chr10	12947771	0.1593433135	36.30871892
chr10	12953652	0.1673118129	36.30965602
chr10	12953674	0.2068182638	36.3096597
chr10	12953675	0.1301936592	36.30965991
chr10	12953800	0.136946961	36.30967618
chr10	12953806	0.1893919972	36.30967701
chr10	12953812	0.200154237	36.30967814
chr10	12953817	0.2232811829	36.30967914
chr10	12953825	0.2338665833	36.30968093
chr10	12953860	0.2659260984	36.30968911
chr10	12953927	0.2764782841	36.30970693
chr10	12953944	0.299623708	36.30971163
chr10	12954011	0.3227769974	36.30973171
chr10	12955705	0.3547936361	36.31027849
chr10	13109555	0.331191632	36.36486349
chr10	13109601	0.3432244	36.36487873
chr10	13109602	0.3044785789	36.36487907
chr10	13111532	0.3240585918	36.36546671
chr10	13112899	0.3441882868	36.3659097
chr10	13112900	0.2979159144	36.36591005
chr10	13112913	0.2747626253	36.36591392
chr10	13112990	0.3105194809	36.36593508
chr10	13113668	0.409289996	36.36614561
chr10	13120465	0.3872143566	36.36892755
chr10	13131234	0.4095853061	36.37309746
chr10	13131656	0.4225527732	36.37327031
chr10	13131661	0.4355212013	36.37327242
chr10	13131668	0.4614220024	36.37327547
chr10	13131684	0.4743914815	36.37328285
chr10	13132702	0.4964575879	36.37376578
chr10	13295518	0.5269508537	36.45459702
chr10	13295664	0.6589040993	36.45467396
chr10	13295665	0.5866661343	36.45467462
chr10	13295669	0.5665364411	36.45467696
chr10	13295692	1.594043248	36.45468999
chr10	13295693	1.571672296	36.45469159
chr10	13299335	1.603150181	36.46041562
chr10	13299336	0.5630519407	36.46041722
chr10	13299432	0.5910815943	36.46047127
chr10	13299433	0.4992508056	36.46047186
chr10	13301389	0.4886654054	36.4614484
chr10	13301415	0.5209543921	36.4614611
chr10	13301604	0.5396426639	36.46155956
chr10	13301669	0.5335502015	36.46159464
chr10	13302585	0.5229980157	36.46208337
chr10	13321143	0.5434261325	36.47178917
chr10	13321144	0.5279199502	36.47178971
chr10	13415349	0.6551248148	36.52152241
chr10	13415350	0.6261472397	36.52152307
chr10	13415357	0.9587878722	36.52152745
chr10	13415358	0.9664942127	36.52152841
chr10	13415359	0.964841522	36.52152938
chr10	13415374	0.9518740542	36.52154385
chr10	13416171	0.8712571902	36.52230249
chr10	13416213	0.9135680372	36.52233909
chr10	13416214	0.8678193666	36.52234
chr10	13416216	0.9946194339	36.52234173
chr10	13416222	1.294856589	36.5223477
chr10	13416321	1.316333384	36.52247589
chr10	13416324	1.374771827	36.52247984
chr10	13416325	1.357742312	36.52248122
chr10	13416351	1.402531327	36.52251652
chr10	13444698	1.25245376	36.56227407
chr10	13445083	1.124977096	36.56275627
chr10	13445230	1.13219587	36.56292164
chr10	13445231	1.005395797	36.56292277
chr10	13445363	1.005539788	36.56305548
chr10	13445382	0.8793702406	36.56307459
chr10	13445474	0.9481096219	36.56315549
chr10	13498463	1.671390393	36.61339487
chr10	13498464	1.626217196	36.61339654
chr10	13498471	1.589388012	36.61340793
chr10	13498493	1.592649632	36.61344289
chr10	13498494	1.541106101	36.61344449
chr10	13498585	1.660451673	36.61358473
chr10	13498586	1.458284068	36.61358639
chr10	13498687	1.464398852	36.61373367
chr10	13499573	1.42020488	36.61503113
chr10	13501243	1.399776762	36.61740287
chr10	13501533	1.40178841	36.61780881
chr10	13501534	1.172013497	36.61781021
chr10	13501606	1.176138724	36.6178946
chr10	13501607	1.16961416	36.61789577
chr10	13501724	1.242129919	36.61803262
chr10	13501725	1.232665618	36.61803386
chr10	13503306	1.373200199	36.6199827
chr10	13503307	1.331372238	36.61998408
chr10	13503329	1.289550931	36.62001337
chr10	13503523	1.30187606	36.62026354
chr10	13503533	1.304523792	36.62027656
chr10	13503534	1.262390695	36.62027786
chr10	13503586	1.268939336	36.62034351
chr10	13503587	0.5509252835	36.62034478
chr10	13555245	0.560127576	36.64880447
chr10	13555250	0.4913926806	36.64880727
chr10	13556728	0.4281158632	36.64953355
chr10	13557499	0.426022143	36.64986363
chr10	13586883	0.3616743941	36.66238187
chr10	13587014	0.3627813632	36.66242924
chr10	13587595	0.3663227162	36.66264002
chr10	13587596	0.3249895805	36.66264039
chr10	13587626	0.3419099599	36.66265014
chr10	13587627	0.3204331664	36.66265048
chr10	13673878	0.2943207076	36.69028816
chr10	13674307	0.2728056054	36.69041442
chr10	13674591	0.2779230925	36.6904919
chr10	13674592	0.2069261745	36.69049218
chr10	13674606	0.2201427236	36.69049507
chr10	13674607	0.2058982553	36.69049529
chr10	13674752	0.2425000716	36.69052515
chr10	13674753	0.2068575887	36.69052539
chr10	13674851	0.2119773393	36.69054566
chr10	13680156	0.2393302327	36.6916702
chr10	13680162	0.2682915934	36.69167164
chr10	13680163	0.2474888918	36.69167191
chr10	13680350	0.2899509113	36.69171819
chr10	13680352	0.3189466444	36.69171877
chr10	13952954	0.3272975206	36.77866426
chr10	13952955	0.3191114018	36.77866459
chr10	13952976	0.3274838107	36.77867129
chr10	13952977	0.3007721503	36.77867162
chr10	13952978	0.3613496915	36.77867192
chr10	13952979	0.3264496604	36.77867228
chr10	13953074	0.3348039125	36.77870329
chr10	13953089	0.3515330107	36.77870832
chr10	13953090	0.3245634659	36.77870867
chr10	13953091	0.3329380651	36.77870899
chr10	13953170	0.3999250012	36.77873529
chr10	13953180	0.4250338579	36.77873929
chr10	13953239	0.4333901403	36.77876437
chr10	13953300	0.4417687259	36.77879081
chr10	13954880	0.6097738776	36.7794888
chr10	13954881	0.6047907846	36.77948941
chr10	13954888	0.5975720143	36.77949364
chr10	13955047	0.6124836247	36.77958866
chr10	13955048	0.6032813313	36.77958927
chr10	13955057	0.6537035731	36.7795947
chr10	13955058	0.64057826	36.77959535
chr10	13955090	0.6825848512	36.77961585
chr10	13982944	0.7094377301	36.79862857
chr10	14026411	0.7334814823	36.8294657
chr10	14026601	0.7520716281	36.82960506
chr10	14026602	0.7007748967	36.82960581
chr10	14026630	0.7094957979	36.82962544
chr10	14392407	0.9330769473	37.08914268
chr10	14392408	0.5871441659	37.08914361
chr10	14393411	0.671059226	37.08973252
chr10	14393412	0.6458783979	37.08973319
chr10	14393460	1.208797549	37.08976419
chr10	14393461	1.095586322	37.0897654
chr10	14393497	1.113831502	37.08980484
chr10	14393501	1.182912849	37.0898093
chr10	14393518	1.410359651	37.08982941
chr10	14393519	1.388535002	37.08983082
chr10	14393530	1.635386861	37.08984609
chr10	14393558	1.653648614	37.08989188
chr10	14393560	1.663556352	37.08989519
chr10	14393583	1.937033563	37.08993345
chr10	14393972	1.955303567	37.09068696
chr10	14393973	1.928450689	37.09068891
chr10	14394026	1.946743495	37.09079112
chr10	14394027	1.938362275	37.09079307
chr10	14448501	1.963416608	37.19638341
chr10	14448502	1.922351349	37.19638538
chr10	14448800	1.969087745	37.19695824
chr10	14449437	2.297178561	37.19821255
chr10	14449438	1.751254668	37.19821484
chr10	14452342	1.85436388	37.20330049
chr10	14452343	1.731596131	37.20330234
chr10	14452390	1.72734167	37.20338373
chr10	14456327	1.601682073	37.21018427
chr10	14474794	1.636075389	37.23976253
chr10	14474795	1.490988868	37.23976417
chr10	14474809	1.937571668	37.23978504
chr10	14474810	1.75273922	37.23978698
chr10	14474832	1.827782462	37.23982554
chr10	14474833	1.646892197	37.23982737
chr10	14474848	1.708121305	37.23985207
chr10	14474877	1.836027855	37.23990161
chr10	14499909	1.758682132	37.28586106
chr10	14500143	1.786972923	37.28627259
chr10	14500144	1.748813174	37.28627438
chr10	14503163	1.767687756	37.29155404
chr10	14503164	1.565364533	37.29155581
chr10	14503196	1.572648905	37.2916059
chr10	14503197	1.539441	37.29160748
chr10	14503203	1.40986771	37.29161671
chr10	14503218	1.659585728	37.29163786
chr10	14503219	1.658605028	37.29163952
chr10	14503641	1.497269705	37.29233945
chr10	14590951	1.604952543	37.42306607
chr10	14595022	1.71915044	37.42959983
chr10	14595023	1.291805052	37.42960155
chr10	14595144	1.576056832	37.42975786
chr10	14595145	1.382059819	37.42975943
chr10	14595148	1.591037062	37.42976358
chr10	14595149	1.542165836	37.42976517
chr10	14595219	1.57355818	37.42987312
chr10	14595220	1.56953758	37.4298747
chr10	14595345	1.587311203	37.43007089
chr10	14595346	1.512414755	37.43007248
chr10	14626456	1.562438435	37.4771237
chr10	14626457	1.541654887	37.47712526
chr10	14626491	1.789739031	37.47717768
chr10	14626492	1.510406984	37.47717947
chr10	14626513	4.168351613	37.47721119
chr10	14627561	4.175686641	37.48157962
chr10	14627562	4.075194878	37.48158379
chr10	14627928	4.0943779	37.48307532
chr10	14627929	1.426004706	37.48307941
chr10	14630188	1.477798826	37.48630075
chr10	14630189	1.328984338	37.48630223
chr10	14630222	1.342982799	37.48634609
chr10	14630223	1.320663697	37.48634743
chr10	14823696	1.296014071	37.7418602
chr10	14823708	1.316209953	37.74187575
chr10	14827444	1.297901672	37.74679311
chr10	14827518	1.318508744	37.74688916
chr10	14827519	1.14340511	37.74689048
chr10	14829613	1.284939628	37.74928477
chr10	14829614	0.9669899966	37.74928605
chr10	14829643	0.9409324359	37.74931409
chr10	14829952	0.9228498354	37.74960484
chr10	14892970	0.8927779537	37.80776099
chr10	14892977	2.625232085	37.80776724
chr10	14892978	2.439308507	37.80776987
chr10	14893044	2.415873565	37.80793086
chr10	14893054	2.401160678	37.80795502
chr10	14893063	4.086503779	37.80797663
chr10	14893064	4.067230499	37.80798072
chr10	14893065	4.064582773	37.80798478
chr10	14893133	4.049856726	37.80826118
chr10	14895245	4.314876634	37.81681447
chr10	14895246	0.9163131301	37.81681879
chr10	14986741	0.927017723	37.90065686
chr10	14986742	0.9168051091	37.90065778
chr10	15003855	2.734544235	37.91634707
chr10	15005564	2.70631057	37.92102041
chr10	15005575	2.700299688	37.92105018
chr10	15005679	14.30630597	37.92133101
chr10	15005680	14.26033718	37.92134531
chr10	15005878	14.27261633	37.92416886
chr10	15005879	12.10042135	37.92418313
chr10	15005944	12.0377247	37.92496966
chr10	15005995	12.05742867	37.92558358
chr10	15005996	0.4514223836	37.92559564
chr10	15006054	0.4218616738	37.92562182
chr10	15006086	0.4010137028	37.92563532
chr10	15006120	0.3823702741	37.92564896
chr10	15006134	2.127675771	37.92565431
chr10	15006135	2.049380066	37.92565644
chr10	15006462	3.416568469	37.92632659
chr10	15006940	3.470614125	37.92795971
chr10	15006941	3.344836523	37.92796318
chr10	15007034	5.081081918	37.92827425
chr10	15008241	5.092381478	37.93440711
chr10	15008242	3.347075983	37.9344122
chr10	15008247	3.359452997	37.93442894
chr10	15008248	3.350546996	37.9344323
chr10	15008263	3.457567928	37.93448256
chr10	15008264	3.430108303	37.93448602
chr10	15009153	0.3177878883	37.93753538
chr10	15009340	0.3254751704	37.93759481
chr10	15009341	0.3077015526	37.93759513
chr10	15009768	0.3465495964	37.93772652
chr10	15010024	0.4428717518	37.93781524
chr10	15073554	0.814483343	37.96595088
chr10	15073555	0.758134878	37.9659517
chr10	15074992	0.7810317986	37.96704114
chr10	15075013	0.91437132	37.96705754
chr10	15075014	0.803715352	37.96705845
chr10	15102572	0.7965242789	37.98920724
chr10	15102605	0.6631847604	37.98923352
chr10	15102669	0.6234729142	37.98927597
chr10	15102680	0.6508762881	37.98928283
chr10	15104346	0.7099565309	37.99036719
chr10	15104347	0.5521874532	37.9903679
chr10	15104473	0.5133394083	37.99043747
chr10	15104474	0.5316410419	37.99043799
chr10	15104634	0.5865896743	37.99052305
chr10	15104658	0.6117687586	37.99053713
chr10	15104697	0.7379729325	37.99056099
chr10	15104698	0.5017088664	37.99056172
chr10	15104790	0.6103348945	37.99060788
chr10	15128341	0.6311021374	38.00498188
chr10	15129116	0.6519606279	38.00547098
chr10	15129141	0.6229946577	38.00548728
chr10	15133848	0.6516654523	38.00841972
chr10	15133849	0.5254612791	38.00842037
chr10	15166606	0.6659065378	38.0256329
chr10	15166619	0.6068262943	38.02564156
chr10	15192692	0.6363863527	38.04146334
chr10	15192713	0.6690062833	38.04147671
chr10	15192714	0.6493023208	38.04147738
chr10	15192802	0.5088570622	38.04153451
chr10	15305397	0.4806061474	38.09882927
chr10	15305499	0.4889801133	38.0988783
chr10	15305500	0.1732368597	38.09887879
chr10	15306729	0.1785407733	38.09909169
chr10	15306730	0.1731207802	38.09909187
chr10	15317154	0.1435607218	38.10089648
chr10	15318839	0.1657175919	38.10113838
chr10	15318851	0.1661400514	38.10114037
chr10	15323697	0.1777660824	38.10194549
chr10	15323739	0.1893655754	38.10195295
chr10	15330319	0.2032600861	38.10319898
chr10	15330320	0.1850248305	38.10319918
chr10	15330435	0.1723085923	38.10322046
chr10	15333254	0.1703034026	38.1037062
chr10	15333409	0.2024617132	38.10373259
chr10	15333410	0.1882246891	38.1037328
chr10	15333698	0.2001998476	38.10378701
chr10	15333837	0.2121792164	38.10381483
chr10	15333838	0.2008796536	38.10381504
chr10	15334838	0.2253990039	38.10401592
chr10	15447815	0.1932406906	38.12948083
chr10	15484886	0.2675164339	38.13664445
chr10	15484887	0.2111608329	38.13664472
chr10	15487936	0.2034735476	38.13728855
chr10	15497838	0.2181111982	38.13930335
chr10	15497856	0.2225591967	38.13930727
chr10	15499836	0.2046356783	38.13974794
chr10	15499894	0.2152162679	38.13975981
chr10	15499895	0.2059045566	38.13976002
chr10	15499940	0.2317660234	38.13976929
chr10	15640151	0.2201399923	38.17226543
chr10	15640174	0.1964478592	38.1722705
chr10	15640916	0.2034531548	38.17241626
chr10	15640917	0.161413662	38.17241647
chr10	15640925	0.1684190778	38.17241776
chr10	15640926	0.156443919	38.17241793
chr10	15640957	0.1444645494	38.17242277
chr10	15641026	0.1514713119	38.17243274
chr10	15641039	0.1617050884	38.17243471
chr10	15641042	0.1795913856	38.1724352
chr10	15642201	0.1898537647	38.17264334
chr10	15642202	0.1567550106	38.17264353
chr10	15642248	0.1773012031	38.17265074
chr10	15642263	0.1929491731	38.1726534
chr10	15642264	0.1695716765	38.1726536
chr10	15642283	0.2003846905	38.17265682
chr10	15643520	0.229680872	38.17290469
chr10	15768022	0.2455144414	38.20150042
chr10	15768105	0.2981927381	38.2015208
chr10	15768106	0.2897888678	38.2015211
chr10	15768270	0.3399779665	38.20156862
chr10	15846633	0.351194063	38.22821032
chr10	15846735	0.4282472332	38.22824614
chr10	15846736	0.4103609354	38.22824657
chr10	15846807	0.4343171785	38.2282757
chr10	15847349	0.4823993562	38.2285111
chr10	15847362	0.5304871901	38.22851737
chr10	15847615	0.5710102684	38.22865159
chr10	15847616	0.5604296795	38.22865216
chr10	16000375	0.5398456911	38.31426284
chr10	16000378	0.4292471694	38.31426445
chr10	16000382	0.4518844321	38.31426617
chr10	16000383	0.31612241	38.31426662
chr10	16000387	0.2894888966	38.31426789
chr10	16000498	0.3116795781	38.31430002
chr10	16000499	0.2958370085	38.31430033
chr10	16000512	0.2772601442	38.31430418
chr10	16000544	0.2995082582	38.31431305
chr10	16000545	0.2819558973	38.31431335
chr10	16000678	0.2894640433	38.31435085
chr10	16000690	0.3109684243	38.31435432
chr10	16000691	0.3193545268	38.31435464
chr10	16000692	0.290165364	38.31435496
chr10	16000705	0.2435206819	38.31435873
chr10	16165910	0.2643056405	38.35458956
chr10	16165911	0.2420575242	38.35458983
chr10	16165913	0.7027517412	38.35459031
chr10	16165914	0.693499484	38.35459101
chr10	16166105	0.6724820108	38.35472347
chr10	16166292	0.6933250205	38.35484923
chr10	16166293	0.6618908943	38.35484992
chr10	16166356	0.6388056684	38.35489162
chr10	16167105	0.6501771072	38.35537008
chr10	16167123	1.190348006	38.35538179
chr10	16172286	1.211909636	38.36152755
chr10	16172513	1.25663999	38.36180266
chr10	16173898	1.278626051	38.3635431
chr10	16173899	0.8179318343	38.36354438
chr10	16173933	0.8519657015	38.36357219
chr10	16173934	0.3117948031	38.36357304
chr10	16174019	0.3568255267	38.36359955
chr10	16174152	0.404709219	38.363647
chr10	16174153	0.3934422164	38.36364741
chr10	16174653	0.3822261199	38.36384413
chr10	16175081	0.4041468166	38.36400772
chr10	16175100	0.4050838665	38.3640154
chr10	16324438	0.3937305696	38.42450982
chr10	16324993	0.410391423	38.42472834
chr10	16326329	0.405013135	38.42527662
chr10	16326345	0.3808739334	38.4252831
chr10	16326429	0.3695899651	38.42531509
chr10	16326487	0.345438562	38.42533653
chr10	16330567	0.3219371183	38.42674592
chr10	16330594	0.3449243349	38.42675461
chr10	16342790	0.3907116248	38.43096131
chr10	16342806	0.4179215196	38.43096756
chr10	16342807	0.3647201466	38.43096798
chr10	16342917	0.4652821346	38.4310081
chr10	16342918	0.3902644013	38.43100856
chr10	16476179	0.4987733375	38.48301559
chr10	16477786	1.145457617	38.48381711
chr10	16477787	1.118204387	38.48381826
chr10	16478018	1.046472121	38.48407656
chr10	16478068	1.101261458	38.48412889
chr10	16478095	1.08916698	38.48415862
chr10	16478236	2.104692382	38.4843122
chr10	16478669	2.282753751	38.48522353
chr10	16480141	2.452948414	38.48858374
chr10	16490643	3.934349643	38.5143446
chr10	16490644	3.556511431	38.51434854
chr10	16490692	3.777905114	38.51451925
chr10	16490693	3.705035511	38.51452303
chr10	16493246	3.923156697	38.52398199
chr10	16493247	1.536712628	38.52398591
chr10	16499281	1.616549097	38.53325843
chr10	16499284	1.619839182	38.53326328
chr10	16499285	1.575201835	38.5332649
chr10	16499307	1.895723159	38.53329956
chr10	16499308	1.892096359	38.53330145
chr10	16499330	1.895401276	38.53334308
chr10	16499331	1.369087998	38.53334497
chr10	16541294	2.27304475	38.59079601
chr10	16541295	2.036394928	38.59079829
chr10	16541307	2.039208539	38.59082272
chr10	16541308	1.960984409	38.59082476
chr10	16543990	4.039574236	38.59608412
chr10	16543991	3.87344425	38.59608816
chr10	16544968	3.8166916	38.59987252
chr10	16545217	3.849669966	38.60082287
chr10	16545218	3.79488063	38.60082672
chr10	16545220	3.800885985	38.60083431
chr10	16545221	3.328881276	38.60083811
chr10	16545364	2.339821875	38.60131414
chr10	16545376	2.37283782	38.60134222
chr10	16545759	2.383759558	38.60225102
chr10	16545760	0.295275065	38.6022534
chr10	16545802	0.3057463019	38.6022658
chr10	16545840	0.3148375569	38.60227742
chr10	16545841	0.183872538	38.60227774
chr10	16546050	0.1280515729	38.60231617
chr10	16671082	0.1356096959	38.61832671
chr10	16671083	0.07711207277	38.61832685
chr10	17157857	0.06354859531	38.655863
chr10	17157896	0.06373449696	38.65586548
chr10	17197660	0.05809047025	38.65839982
chr10	17197685	0.05244633089	38.65840127
chr10	17234768	0.06504358618	38.66034613
chr10	17526823	0.06934388352	38.67934244
chr10	17526824	0.04174970992	38.67934251
chr10	17612498	0.04617877404	38.68291937
chr10	17612544	0.05059562978	38.6829215
chr10	17612551	0.04729071201	38.68292185
chr10	17613081	0.04401278967	38.68294692
chr10	17613138	0.05199531472	38.68294942
chr10	17613139	0.04854819797	38.68294948
chr10	17617522	0.06444786749	38.68316226
chr10	17617523	0.06115777998	38.68316233
chr10	17621045	0.05773626794	38.68337773
chr10	17686431	0.1340654253	38.68715287
chr10	17686981	0.1389162447	38.6872266
chr10	17687449	0.1617273008	38.68729162
chr10	17688533	0.1754442965	38.68746693
chr10	17802956	0.1438707801	38.70754179
chr10	17826962	0.1464198789	38.71099555
chr10	17848619	0.1435959182	38.71416657
chr10	17848735	0.1207848621	38.71418323
chr10	17848916	0.1269503898	38.71420509
chr10	17848917	0.08559451677	38.71420522
chr10	17864725	0.09273582882	38.71555829
chr10	17955103	0.1100570843	38.72393957
chr10	17955116	0.1186681308	38.723941
chr10	17955672	0.1214667415	38.72400698
chr10	17956011	0.1412826497	38.72404816
chr10	17956748	0.127565654	38.72415229
chr10	18379910	0.1355116623	38.77813322
chr10	18379911	0.1057438144	38.77813336
chr10	18382369	0.1862756278	38.77839328
chr10	18382370	0.1713610381	38.77839346
chr10	18391548	0.2401511956	38.77996621
chr10	18416206	0.2351097733	38.78588786
chr10	18443170	0.2450436511	38.79222736
chr10	18443171	0.1681203754	38.79222761
chr10	18444899	0.1605949218	38.79251812
chr10	18445030	0.1724955538	38.79253916
chr10	18445031	0.1037053957	38.79253933
chr10	18445431	0.09885457628	38.79258081
chr10	18445512	0.1033016659	38.79258882
chr10	18445513	0.09215600962	38.79258892
chr10	18445637	0.1163954835	38.79260035
chr10	18445638	0.1102299612	38.79260047
chr10	18445670	0.1129830973	38.79260399
chr10	18446011	0.1249216119	38.79264252
chr10	18446318	0.1599525271	38.79268087
chr10	18749200	0.1357130514	38.84112761
chr10	18749822	0.1287934818	38.84121203
chr10	18749871	0.1087712561	38.84121834
chr10	18754181	0.1165581125	38.84168714
chr10	18754182	0.08076854954	38.84168726
chr10	18754187	0.1065985273	38.84168766
chr10	18754188	0.09464834258	38.84168777
chr10	18759451	0.09862926842	38.8421859
chr10	18842724	0.1157941646	38.85039906
chr10	18842906	0.162958028	38.85042013
chr10	18842922	0.2083368358	38.85042274
chr10	18842923	0.2003908289	38.85042295
chr10	18899806	0.2102542462	38.86182178
chr10	18912769	0.2172446473	38.86454731
chr10	18955683	0.2341201011	38.87387014
chr10	18955684	0.2014929384	38.87387038
chr10	18959325	0.2269574932	38.87460401
chr10	18974954	0.2607355029	38.87815113
chr10	19270257	3.141787964	38.95514711
chr10	19270258	3.139238865	38.95515025
chr10	19270272	3.148243323	38.9551942
chr10	19270273	3.123896924	38.95519735
chr10	19270289	3.189578791	38.95524733
chr10	19270290	3.186780178	38.95525052
chr10	19271021	3.194969322	38.95758006
chr10	19272810	3.251524575	38.96329586
chr10	19272811	0.3492564592	38.96329911
chr10	19272818	0.3403579429	38.96330155
chr10	19326303	0.2746760778	38.9815056
chr10	19438989	0.3207446539	39.01245774
chr10	19438990	0.3130744976	39.01245807
chr10	19439076	0.3437614424	39.01248499
chr10	19439077	0.3023680399	39.01248533
chr10	19439091	0.3177121529	39.01248957
chr10	19439166	0.3284462585	39.0125134
chr10	19439208	0.3995012534	39.01252719
chr10	19439209	0.3694663717	39.01252759
chr10	19439225	0.3617999745	39.0125335
chr10	19545185	0.3584614501	39.05086983
chr10	19558555	0.381210306	39.05566246
chr10	19558556	0.3779118017	39.05566284
chr10	19558818	0.3471526344	39.05576185
chr10	19559114	0.3438557808	39.05586461
chr10	19576822	0.3416980807	39.06195361
chr10	19675808	0.3372818346	39.09577693
chr10	19678859	0.2783348421	39.09680598
chr10	19678864	0.2499513027	39.09680737
chr10	19678889	0.4276943812	39.09681362
chr10	19678890	0.4048831566	39.09681405
chr10	19678918	0.6717685608	39.09682538
chr10	19678919	0.6673677873	39.09682605
chr10	19678924	1.712279652	39.09682939
chr10	19683633	1.812653529	39.10489252
chr10	19683634	1.8086726	39.10489433
chr10	19683652	1.909098529	39.10492689
chr10	19683653	1.131110798	39.10492879
chr10	19683846	1.373471747	39.1051471
chr10	19683847	1.355473344	39.10514847
chr10	19684318	1.346532804	39.1057869
chr10	19685845	1.45336859	39.10784306
chr10	19685846	1.420409853	39.10784451
chr10	19685864	112.9084096	39.10787008
chr10	19685897	1.420409853	39.11159605
chr10	19695169	1.462822229	39.12476609
chr10	19695376	1.448460154	39.1250689
chr10	19718672	1.564808336	39.15881223
chr10	19718673	1.559861434	39.15881379
chr10	19720257	1.562258518	39.16128461
chr10	19720258	1.279019625	39.16128617
chr10	19720281	10.33079463	39.16131559
chr10	19720282	9.811956055	39.16132592
chr10	19720287	9.425224027	39.16137498
chr10	19720697	0.5812240468	39.16523932
chr10	19720734	0.6785397559	39.16526083
chr10	19720735	0.5788053076	39.16526151
chr10	19720752	0.5657478657	39.16527135
chr10	19720793	0.5675380785	39.16529454
chr10	19781915	0.2411424188	39.19998361
chr10	19781954	0.2366897585	39.19999301
chr10	19781984	0.2923090392	39.20000011
chr10	19781985	0.2322430133	39.2000004
chr10	19782001	0.2353299635	39.20000412
chr10	19782002	0.2325768236	39.20000435
chr10	19782003	0.234728212	39.20000459
chr10	19782004	0.1751215169	39.20000482
chr10	19782056	0.2308022432	39.20001393
chr10	19788193	0.2323645101	39.20143036
chr10	19848104	0.1855960374	39.21535155
chr10	19848131	0.1010362638	39.21535656
chr10	19848132	0.04541698595	39.21535666
chr10	19848228	0.04765504258	39.21536102
chr10	19848229	0.04571070623	39.21536107
chr10	19848300	0.07496354877	39.21536432
chr10	19848307	0.07757693089	39.21536484
chr10	19848356	0.06858482052	39.21536864
chr10	19848451	0.07095352442	39.21537516
chr10	19848674	0.07580625003	39.21539098
chr10	19848700	0.08070464211	39.21539295
chr10	19848727	0.09622430265	39.21539513
chr10	19848825	0.1038609068	39.21540456
chr10	19984488	0.107579659	39.22949464
chr10	19984489	0.08056496742	39.22949475
chr10	20385883	0.07371573927	39.26183305
chr10	20599783	0.08084727199	39.27760084
chr10	20599784	0.06267967638	39.27760092
chr10	20959515	0.08256526146	39.30014875
chr10	20972347	0.08518803352	39.30120822
chr10	20973825	0.09564715242	39.30133413
chr10	20973826	0.08884144573	39.30133423
chr10	21255080	0.09532329415	39.32632124
chr10	21255081	0.0929262095	39.32632133
chr10	21256101	0.08769876334	39.32641612
chr10	21256389	0.08567414156	39.32644138
chr10	21256395	0.09708017346	39.32644189
chr10	21401665	0.0947114696	39.34054473
chr10	21491266	0.1669134804	39.34903097
chr10	21491267	0.1508489121	39.34903114
chr10	21492113	0.1442208131	39.34915875
chr10	21492114	0.1722389626	39.3491589
chr10	21492115	0.1658777883	39.34915907
chr10	21492195	0.1638432784	39.34917234
chr10	21668528	0.1934106493	39.37806332
chr10	21668529	0.1466117194	39.37806351
chr10	21668603	0.1793430877	39.37807436
chr10	21669797	0.1884826061	39.3782885
chr10	21775071	0.1945752399	39.39813081
chr10	21775096	0.2583610891	39.39813568
chr10	21775914	0.2470252181	39.39834702
chr10	21822681	0.2310379556	39.40989965
chr10	21822836	0.2511512516	39.40993546
chr10	21822870	0.2914202781	39.409944
chr10	21822871	0.2760640406	39.40994429
chr10	21823331	0.2962229622	39.41007128
chr10	21823756	0.2611642305	39.41019717
chr10	22005380	0.2636386256	39.45763086
chr10	22005381	0.2363241797	39.45763113
chr10	22005716	0.2983162659	39.4577103
chr10	22005717	0.2911529409	39.45771059
chr10	22005755	0.271039645	39.45772166
chr10	22005811	0.2808988881	39.45773684
chr10	22005812	0.1389385321	39.45773712
chr10	22005835	0.148799387	39.45774031
chr10	22005836	0.1237313324	39.45774046
chr10	22055764	0.154056183	39.46391812
chr10	22072345	0.1692410194	39.46647252
chr10	22072346	0.1601015024	39.46647269
chr10	22072412	0.167721538	39.46648326
chr10	22072413	0.1092111345	39.46648343
chr10	22143110	0.1248112007	39.47420433
chr10	22143170	0.2481347749	39.47421182
chr10	22143171	0.2388212	39.47421206
chr10	22237598	0.2648394032	39.49676323
chr10	22237605	0.2446068702	39.49676509
chr10	22375101	0.2419840982	39.53039755
chr10	22378931	0.3309803276	39.53132435
chr10	22378932	0.3248876908	39.53132468
chr10	22378937	0.3150268372	39.53132631
chr10	22378949	0.2994267714	39.53133009
chr10	22378973	0.3203000531	39.53133728
chr10	22378974	0.3104408134	39.5313376
chr10	22379002	0.331100189	39.53134629
chr10	22379003	0.3050819845	39.53134662
chr10	22419586	0.3182288724	39.54372776
chr10	22420271	0.2292326462	39.54394575
chr10	22420309	0.2191403287	39.54395446
chr10	22420320	0.2464447277	39.54395687
chr10	22420321	0.166796363	39.54395712
chr10	22555064	0.1216276393	39.56643176
chr10	22555232	0.08643915225	39.56645219
chr10	22556921	0.07125431441	39.56659819
chr10	22556966	0.0623632087	39.56660139
chr10	22557058	0.0773204647	39.56660713
chr10	22557059	0.06843135559	39.56660721
chr10	22557086	0.04777198138	39.56660906
chr10	22557792	0.07383183439	39.56664278
chr10	22557867	0.07424335381	39.56664832
chr10	22557888	0.1001578291	39.56664988
chr10	22558743	0.2113462108	39.56673551
chr10	22558785	0.2701338047	39.56674439
chr10	22559022	0.3577564577	39.56680841
chr10	22621367	0.405532063	39.58911274
chr10	22621368	0.2879963037	39.58911315
chr10	22621402	0.2976425435	39.58912294
chr10	22621403	0.2899494212	39.58912323
chr10	22621633	0.3473518291	39.58918992
chr10	22621642	0.3764064853	39.58919305
chr10	22624372	0.3861450253	39.59022064
chr10	22624373	0.4555375222	39.59022102
chr10	22698374	3.228118167	39.62393126
chr10	22698375	3.025073732	39.62393449
chr10	22698472	3.136639384	39.62422792
chr10	22698659	3.158217946	39.62481447
chr10	22698672	3.195255243	39.62485553
chr10	22698971	3.12162364	39.62581091
chr10	22699432	3.108476752	39.62724998
chr10	22699746	3.141034256	39.62822604
chr10	22699747	0.4614246443	39.62822918
chr10	22699749	0.5292840584	39.6282301
chr10	22699750	0.5031924166	39.62823063
chr10	22699758	0.5313817349	39.62823466
chr10	22699859	0.5054672595	39.62828833
chr10	22700316	0.5093106412	39.62851932
chr10	22702099	0.5306939429	39.62942742
chr10	22702224	0.5346960576	39.62949376
chr10	22757687	0.5497055796	39.65914961
chr10	22757798	0.571994726	39.65921063
chr10	22757856	0.5874515225	39.6592438
chr10	22859360	0.6301183078	39.71887248
chr10	22859361	0.6070684455	39.71887311
chr10	22874153	0.6451244587	39.72785287
chr10	22874154	0.6121386674	39.72785351
chr10	22874895	0.6424460466	39.72830711
chr10	22874896	0.5925492087	39.72830775
chr10	22995881	0.5548953084	39.79999732
chr10	22995884	0.5653163718	39.79999898
chr10	22996039	0.5074418905	39.80008661
chr10	22996090	0.4950841268	39.80011248
chr10	22996288	0.4152475883	39.80021051
chr10	22996296	0.4028860046	39.80021383
chr10	22997451	0.3516280746	39.80067917
chr10	22997486	0.3417675123	39.80069147
chr10	22999193	0.3319518568	39.80127487
chr10	23002154	0.3425628066	39.80225778
chr10	23002155	0.3182302322	39.80225812
chr10	23002160	0.255469245	39.80225971
chr10	23002804	0.2771209324	39.80242424
chr10	23002805	0.1798801456	39.80242451
chr10	23086666	0.1514455059	39.81750944
chr10	23086709	0.1419378681	39.81751595
chr10	23086876	0.1307578318	39.81753966
chr10	23088956	0.1376661913	39.81781163
chr10	23088957	0.1121892171	39.81781177
chr10	23088976	0.1187036389	39.8178139
chr10	23088977	0.1075945279	39.81781402
chr10	23095910	0.1223045274	39.81855998
chr10	23095911	0.1130176628	39.8185601
chr10	23170119	0.1320382252	39.82694691
chr10	23269136	0.122723637	39.84002094
chr10	23269253	0.1649279209	39.8400353
chr10	23271003	0.1741872321	39.84032392
chr10	23346019	0.1594772297	39.85339075
chr10	23348845	3.613313106	39.85384144
chr10	23348881	3.602702152	39.85397151
chr10	23348929	3.59228109	39.85414444
chr10	23349921	3.63161255	39.85770799
chr10	23349922	0.215545704	39.85771162
chr10	23349932	0.2209733039	39.85771377
chr10	23349946	0.210375036	39.85771687
chr10	23350039	0.2219380367	39.85773643
chr10	23443462	0.1826065777	39.87847055
chr10	23443482	0.1614900932	39.8784742
chr10	23443719	0.1404022939	39.87851248
chr10	23443739	0.2326214894	39.87851528
chr10	23492248	0.2607853702	39.88979952
chr10	23492249	0.232655454	39.88979978
chr10	23492257	0.1568257828	39.88980164
chr10	23492476	0.1454126477	39.88983599
chr10	23621514	0.1305163232	39.90859974
chr10	23622879	0.2497355069	39.9087779
chr10	23622880	0.2215716262	39.90877815
chr10	23652564	0.2094581134	39.91535528
chr10	23653739	0.06890573971	39.91560139
chr10	23657573	0.06506235806	39.91586558
chr10	23659618	0.06772759519	39.91599863
chr10	23668217	0.06861269952	39.91658102
chr10	23668218	0.04066017408	39.91658109
chr10	23668343	0.04392556008	39.91658617
chr10	23668344	0.03466625183	39.91658622
chr10	23668405	0.02913876015	39.91658833
chr10	23668490	0.03288440809	39.91659081
chr10	23668492	0.03473876653	39.91659087
chr10	23668592	0.03800482773	39.91659435
chr10	23668593	0.03247889779	39.91659438
chr10	23668597	0.03574600571	39.91659451
chr10	23668935	0.03867180202	39.9166066
chr10	23669036	0.04159826623	39.9166105
chr10	23669093	0.04486681438	39.91661287
chr10	23669153	0.05513008107	39.91661557
chr10	23669216	0.06751998801	39.91661904
chr10	23823965	0.0706546939	39.92706769
chr10	24027625	0.07105870736	39.94145722
chr10	24027626	0.05806947167	39.9414573
chr10	24027783	0.05264187166	39.94146641
chr10	24027793	0.05673692239	39.94146694
chr10	24047295	0.06165707611	39.94257342
chr10	24047520	0.06269293689	39.94258729
chr10	24048196	0.1018014683	39.94262968
chr10	24650724	0.09805581911	40.00396791
chr10	24794225	0.09312423603	40.01803902
chr10	24794700	0.1332690402	40.01808325
chr10	24794701	0.1218049438	40.01808339
chr10	24794708	0.125115295	40.01808424
chr10	24794817	0.1218467265	40.01809788
chr10	24795040	0.1153134166	40.01812505
chr10	24795056	0.1406100694	40.01812689
chr10	24795057	0.1225716772	40.01812703
chr10	24798534	0.1373908195	40.01855322
chr10	24798563	0.1693157134	40.0185572
chr10	24798567	0.1736144058	40.01855788
chr10	24822790	0.2021484185	40.02276334
chr10	24926220	0.182556277	40.04367155
chr10	24926294	0.1925331574	40.04368506
chr10	24926295	0.1866797391	40.04368525
chr10	24926405	0.2897294138	40.04370579
chr10	24926406	0.2868036206	40.04370608
chr10	24927568	0.3379079654	40.04403934
chr10	24958542	0.3397429153	40.0545057
chr10	24997632	0.367581805	40.06778625
chr10	24997633	0.3605720605	40.06778662
chr10	24997764	0.3662208883	40.06783386
chr10	24997765	0.3941163484	40.06783422
chr10	24997766	0.3425601174	40.06783462
chr10	24997852	0.4030785377	40.06786408
chr10	24997853	0.3515850865	40.06786448
chr10	24998203	0.3576409656	40.06798753
chr10	24998271	0.369414136	40.06801185
chr10	24998921	0.3748269725	40.06825197
chr10	24999560	0.3237226275	40.06849149
chr10	24999581	0.3361740755	40.06849829
chr10	25000015	0.6034737297	40.06864419
chr10	25000016	0.5676352767	40.06864479
chr10	25000056	0.5737098236	40.06866749
chr10	25000149	0.6431092814	40.06872085
chr10	25000150	0.6044269477	40.06872149
chr10	25001785	0.6559528498	40.06970973
chr10	25040021	0.661993603	40.09479074
chr10	25040022	0.5673668615	40.09479141
chr10	25040038	0.591530558	40.09480048
chr10	25073043	0.5781266524	40.11432395
chr10	25073187	0.5894523625	40.1144072
chr10	25073188	0.4373674046	40.11440779
chr10	25073396	0.4417905848	40.11449876
chr10	25129654	0.3570771823	40.13935302
chr10	25129691	0.345966361	40.13936623
chr10	25129789	0.3181274725	40.13940013
chr10	25130159	0.3228689342	40.13951784
chr10	25131774	0.329981145	40.14003927
chr10	25295056	0.431085212	40.19391925
chr10	25295057	0.294061315	40.19391969
chr10	25295067	0.3251395952	40.19392263
chr10	25295068	0.3000117522	40.19392295
chr10	25295207	0.4039705002	40.19396465
chr10	25300151	0.4445133434	40.19596188
chr10	25306636	0.4674010377	40.19884455
chr10	25306720	0.4779819017	40.19888381
chr10	25306742	0.5102262708	40.19889433
chr10	25306755	0.5275072536	40.19890096
chr10	25310769	0.5740435753	40.20101838
chr10	25310770	0.5622704016	40.20101895
chr10	25312757	0.6174730593	40.20213618
chr10	25519417	0.6103897135	40.32974316
chr10	25519654	0.5931087306	40.32988783
chr10	25584664	0.5795779866	40.36844583
chr10	25584992	0.5669964767	40.36863593
chr10	25605609	0.5609428994	40.38032569
chr10	25605715	0.5190285184	40.38038515
chr10	25605729	0.4705254476	40.38039242
chr10	25609620	0.458382549	40.38222323
chr10	25626081	0.4008020966	40.38976867
chr10	25629805	0.5878149594	40.39126126
chr10	25629806	0.5762830527	40.39126184
chr10	25649044	0.4770210312	40.40234838
chr10	25649067	1.555634135	40.40235935
chr10	25649068	1.401953023	40.4023609
chr10	25649478	1.214940163	40.40293571
chr10	25652523	1.241895475	40.4066352
chr10	25652524	0.1550601358	40.40663644
chr10	25652650	0.177259816	40.40665598
chr10	25654433	0.1516124452	40.40697203
chr10	25789011	0.1536448266	40.42737573
chr10	25789012	0.1191636399	40.42737588
chr10	25905173	3.012416215	40.44121805
chr10	25905174	2.987595896	40.44122106
chr10	25906102	2.963084954	40.44399355
chr10	25906452	0.08653765784	40.44503063
chr10	25907758	0.09173227511	40.44514365
chr10	25907759	0.07326244133	40.44514374
chr10	25912635	0.09055357651	40.44550097
chr10	25912709	0.09517292597	40.44550767
chr10	25914789	1.266862095	40.44570563
chr10	25917260	1.303179914	40.44883605
chr10	25917929	0.1255840767	40.44970788
chr10	26018563	0.08926625801	40.4623459
chr10	26125409	0.05526984309	40.47188365
chr10	26125665	0.04749185722	40.4718978
chr10	26128001	0.0578055861	40.47200874
chr10	26128002	0.05338861087	40.47200879
chr10	26128048	0.04887598418	40.47201125
chr10	26128107	0.07039666627	40.47201413
chr10	26128108	0.06588437117	40.4720142
chr10	26131919	0.07624588452	40.47226529
chr10	26434007	0.0901766077	40.49529826
chr10	26484689	0.09064426319	40.49986859
chr10	26484720	0.06506493742	40.4998714
chr10	26486992	0.08227880954	40.50001922
chr10	26486993	0.06883063719	40.50001931
chr10	26486994	0.0749226956	40.50001938
chr10	26486995	0.06467129805	40.50001945
chr10	26487031	0.06677151382	40.50002178
chr10	26616011	0.06157689551	40.50863397
chr10	26616063	0.07702584888	40.50863717
chr10	26698107	0.0630951257	40.51495668
chr10	26700721	0.0458812521	40.51512161
chr10	26707434	0.05170579324	40.51542961
chr10	26709162	0.06617877091	40.51551896
chr10	26709163	0.1016110147	40.51551902
chr10	26709164	0.09699166507	40.51551913
chr10	26709182	0.1035348767	40.51552087
chr10	26709218	0.1061253097	40.5155246
chr10	26963367	0.07717929187	40.54249624
chr10	26963558	0.07534434193	40.54251098
chr10	26964368	0.07729576623	40.54257201
chr10	26964369	0.05231670248	40.54257209
chr10	27271460	0.03923050017	40.55863808
chr10	27369035	0.05052319807	40.56246599
chr10	27369036	0.04563709299	40.56246604
chr10	27599256	0.04256885318	40.57297261
chr10	27694684	0.03884223483	40.57703488
chr10	27694829	0.06538816422	40.57704051
chr10	27694830	0.04800341031	40.57704057
chr10	27694835	0.05529636127	40.57704081
chr10	27694836	0.05393166549	40.57704087
chr10	27798430	0.06504497024	40.58262786
chr10	27929733	0.08662658381	40.59116846
chr10	28100168	0.07754997383	40.60593267
chr10	28100207	0.05596836031	40.60593569
chr10	28103396	0.04696346273	40.60611417
chr10	28129469	0.06027926907	40.60733865
chr10	28129483	0.07359574994	40.6073395
chr10	28129484	0.05142758859	40.60733957
chr10	28198683	0.05707806453	40.61089831
chr10	28199309	0.04978511387	40.61093404
chr10	28203327	0.06799291144	40.61113407
chr10	28405388	0.08187985401	40.62487279
chr10	28405389	0.06367205685	40.62487287
chr10	28405764	0.0775118707	40.62489675
chr10	28405765	0.05087958262	40.62489683
chr10	28405792	0.05796526118	40.6248982
chr10	28405947	0.08245945195	40.62490719
chr10	28849695	0.08317701623	40.6614984
chr10	28849712	0.07294536518	40.66149982
chr10	28849797	0.06729488925	40.66150602
chr10	28849888	0.07052337992	40.66151214
chr10	28925023	0.04217681588	40.66681091
chr10	28950410	0.0472831303	40.66788166
chr10	28950411	0.04052583407	40.6678817
chr10	28950451	0.08370627569	40.66788333
chr10	28950452	0.0769517624	40.66788341
chr10	29061287	0.04375763781	40.67641236
chr10	29061383	0.04904422327	40.67641656
chr10	29061524	0.06076817923	40.67642347
chr10	29061584	0.05516146415	40.67642712
chr10	29521266	0.04871611147	40.70178385
chr10	29624994	0.05877526162	40.70683708
chr10	29670911	0.05366894811	40.70953586
chr10	29757309	0.04838124568	40.71417275
chr10	29757315	0.04309466032	40.71417304
chr10	29757429	0.04721719205	40.71417795
chr10	29757552	0.06301588229	40.71418376
chr10	29757553	0.05773003271	40.71418382
chr10	29989462	0.05096057475	40.72757194
chr10	29990425	0.09208304164	40.72762101
chr10	29990426	0.07628435507	40.72762111
chr10	29990441	0.07411355493	40.72762225
chr10	29990718	0.07306348851	40.72764278
chr10	29990740	0.07478832487	40.72764439
chr10	29990741	0.0637766918	40.72764446
chr10	30055512	0.0763284312	40.73177534
chr10	30079892	0.03520596156	40.73363623
chr10	30472100	0.03615963351	40.74744429
chr10	30472101	0.03162105549	40.74744432
chr10	30472115	0.0310803207	40.74744477
chr10	30572035	0.03541752136	40.75055031
chr10	30572036	0.02829470821	40.75055035
chr10	30572060	0.03304581348	40.75055103
chr10	30649823	0.03738264064	40.75312077
chr10	30649865	0.04333611514	40.75312234
chr10	30649866	0.05193908237	40.75312238
chr10	30649867	0.04781655185	40.75312243
chr10	30928432	0.04903779632	40.76644245
chr10	31333561	0.05169982771	40.78630909
chr10	31346427	0.07380079836	40.78697426
chr10	31346428	0.06904969061	40.78697433
chr10	31498162	0.06962745402	40.79745152
chr10	31498163	0.05799181959	40.79745158
chr10	31512258	0.05940574907	40.79826898
chr10	31512307	0.05513982948	40.79827189
chr10	31512895	0.03303886118	40.79830431
chr10	31568742	0.04414029503	40.80014943
chr10	31632216	0.04562254549	40.80295119
chr10	31632244	0.05569320497	40.80295247
chr10	31900150	0.04459177111	40.81787302
chr10	31997462	0.04166181142	40.82221233
chr10	31997572	0.04355860739	40.82221691
chr10	31997573	0.02794722619	40.82221696
chr10	31997649	0.0289054966	40.82221908
chr10	31997865	0.04528882435	40.82222532
chr10	31997883	0.04760698802	40.82222614
chr10	32235020	0.05033237136	40.83351552
chr10	32259457	0.03626808809	40.83474549
chr10	32259612	0.0470212953	40.83475111
chr10	32259618	0.04941273346	40.83475139
chr10	32259619	0.04826232609	40.83475144
chr10	33226332	0.04445656642	40.88140726
chr10	33388048	0.04742576238	40.8885966
chr10	33584339	0.04510671776	40.89790585
chr10	33584617	0.05542299424	40.89791839
chr10	33584960	0.04760349419	40.8979374
chr10	33798039	0.05122024172	40.9080807
chr10	33798068	0.04882880631	40.90808219
chr10	33937215	0.06977100497	40.91487657
chr10	33937216	0.06787420854	40.91487664
chr10	33940315	0.07209687531	40.91508698
chr10	33941018	0.07087563084	40.91513767
chr10	33941225	0.07624426246	40.91515234
chr10	33941226	0.07405642483	40.91515242
chr10	33941248	0.06374014827	40.91515404
chr10	33941256	0.06262235175	40.91515455
chr10	33941258	0.06169105558	40.91515468
chr10	33976905	0.06437872457	40.91735378
chr10	33976906	0.06255534321	40.91735385
chr10	34112894	0.04161314755	40.92586062
chr10	34114300	0.04019921818	40.92591913
chr10	34114322	0.05676541548	40.92592001
chr10	34114323	0.04914501659	40.92592007
chr10	34114328	0.06620958596	40.92592032
chr10	34114340	0.07522692047	40.92592111
chr10	34114372	0.07504917026	40.92592352
chr10	34124412	0.09111096498	40.92667701
chr10	34329926	0.1079303757	40.94540159
chr10	34329927	0.08891239222	40.9454017
chr10	34336366	0.09389432698	40.94597421
chr10	34336406	0.1417737536	40.94597796
chr10	34336407	0.1252075544	40.9459781
chr10	34351813	0.1255613924	40.94790705
chr10	34351814	0.1246043181	40.94790718
chr10	34351827	0.1242599493	40.9479088
chr10	34358197	0.1379398654	40.94870033
chr10	34358279	0.1460557568	40.94871164
chr10	34358691	0.1518862016	40.94877182
chr10	34398731	0.1581116727	40.95485334
chr10	34584726	0.1432956934	40.98426132
chr10	34626521	0.1379270585	40.99025037
chr10	34627043	0.1371335159	40.99032236
chr10	34627138	0.1474301428	40.99033539
chr10	34627139	0.1181264483	40.99033554
chr10	34646250	0.1310537287	40.99259305
chr10	34811537	0.1233103821	41.01425453
chr10	34811589	0.1286899689	41.01426094
chr10	34811590	0.09312886533	41.01426107
chr10	34811600	0.08501297396	41.014262
chr10	34815280	0.08139622631	41.01457485
chr10	34930324	0.09095060349	41.023939
chr10	34930336	0.1550911648	41.02394009
chr10	34930337	0.1505824439	41.02394024
chr10	34930356	0.2746805023	41.02394311
chr10	34930357	0.2701718874	41.02394338
chr10	34930850	0.257244607	41.02407657
chr10	34989644	0.1850407394	41.03920101
chr10	34989655	0.11173345	41.03920305
chr10	34989706	0.1223715387	41.03920875
chr10	34989707	0.04834758909	41.03920887
chr10	34991954	0.09754574194	41.03931751
chr10	34991979	0.1231635755	41.03931995
chr10	34994661	0.1222659621	41.03965027
chr10	35074855	0.1172840274	41.04945527
chr10	35085083	0.1362485733	41.05065485
chr10	35085084	0.09674353981	41.05065498
chr10	35315365	0.1190957306	41.07293318
chr10	35315366	0.1077189495	41.0729333
chr10	35315393	0.1350676939	41.07293621
chr10	35315394	0.1255133147	41.07293635
chr10	35466438	0.1425269706	41.09189438
chr10	35466489	0.1085313622	41.09190165
chr10	35466563	0.1117105761	41.09190968
chr10	35479905	0.1023921896	41.09340012
chr10	35479962	0.08003999612	41.09340596
chr10	35495263	0.07273016459	41.09463065
chr10	35495315	0.08663929463	41.09463443
chr10	35495447	0.0896014598	41.09464587
chr10	35495489	0.1119539306	41.09464963
chr10	35495490	0.1065743427	41.09464974
chr10	35495535	0.1212498901	41.09465454
chr10	35515557	0.123794523	41.09708221
chr10	35561126	0.1295303786	41.1027234
chr10	35561140	0.1321789386	41.10272521
chr10	35608310	0.1383698293	41.10896009
chr10	35759812	0.1466790245	41.1299234
chr10	35759824	0.2422302359	41.12992516
chr10	35759825	0.2144028177	41.1299254
chr10	35836965	0.2144939941	41.14646443
chr10	35836966	0.2129756789	41.14646465
chr10	35851518	0.1728519631	41.14956387
chr10	35898820	0.1763145449	41.15774011
chr10	35898834	0.149848075	41.15774258
chr10	35940964	0.1553434572	41.16405568
chr10	35940965	0.1350327388	41.16405584
chr10	36202548	0.1292968831	41.19937811
chr10	36202586	0.1416121265	41.19938302
chr10	36202587	0.1219085976	41.19938316
chr10	36489325	0.129872595	41.23433899
chr10	36535665	0.1274893096	41.24035728
chr10	36542049	0.09656705134	41.24117118
chr10	36570696	0.09323530823	41.24393753
chr10	36610454	0.07578973675	41.24764438
chr10	36623799	0.09406258528	41.2486558
chr10	36623800	0.07970498598	41.24865589
chr10	36714668	0.08449771371	41.25589852
chr10	36714669	0.07308269377	41.25589861
chr10	36737460	0.07780224109	41.25756423
chr10	36737461	0.07187762417	41.25756431
chr10	36737478	0.07373134991	41.25756553
chr10	36737479	0.0707691817	41.25756561
chr10	36851140	0.07629447356	41.2656093
chr10	36948465	0.08276560237	41.27303466
chr10	36948466	0.08023341122	41.27303475
chr10	36948493	0.08058931655	41.27303691
chr10	36948494	0.07833883144	41.27303699
chr10	36950235	0.09131798606	41.27317338
chr10	36950236	0.08866942842	41.27317347
chr10	36951292	0.08070543101	41.27326711
chr10	36961351	0.07585662587	41.27407892
chr10	36961352	0.07239404349	41.274079
chr10	36961386	0.0698494107	41.27408146
chr10	36961426	0.05895246236	41.27408425
chr10	36961521	0.05504139435	41.27408985
chr10	36961947	0.06891861467	41.2741133
chr10	36999444	0.0760274861	41.27669754
chr10	37346382	0.08244751027	41.30307437
chr10	37352375	0.08518898653	41.30356848
chr10	37352376	0.08477209867	41.30356856
chr10	37352380	0.08489107972	41.3035689
chr10	37352482	0.1057518808	41.30357756
chr10	37516981	0.09864300932	41.32097364
chr10	37517005	0.1223271298	41.320976
chr10	37517006	0.09089431452	41.32097613
chr10	37517313	0.1031597705	41.32100403
chr10	37517314	0.09004731861	41.32100414
chr10	37517325	0.1120550702	41.32100513
chr10	37521118	0.1128228104	41.32143015
chr10	37521247	0.1062447593	41.3214447
chr10	37621400	0.08518771956	41.33208544
chr10	37771724	0.08690194875	41.34489119
chr10	37771725	0.07113577494	41.34489128
chr10	37864750	0.07185950156	41.35150869
chr10	37864915	0.0751109539	41.35152054
chr10	37864916	0.06793129141	41.35152062
chr10	37864919	0.07240144161	41.35152082
chr10	37866028	0.07182368071	41.35160112
chr10	37919449	0.06540365654	41.35543801
chr10	37972458	0.05732007659	41.35890499
chr10	38083199	0.0582473738	41.36525267
chr10	38111959	0.06240707747	41.36692787
chr10	38313312	0.06310974499	41.37949372
chr10	38313313	0.05315661058	41.37949378
chr10	38313393	0.05544836768	41.37949804
chr10	38313394	0.04620525565	41.37949809
chr10	38333235	0.04700244919	41.38041485
chr10	38334685	0.04880467941	41.380483
chr10	38334686	0.04430354415	41.38048305
chr10	38410398	0.04445629224	41.38383736
chr10	38687957	0.03684333798	41.39617661
chr10	38694389	0.03410185839	41.39641358
chr10	38722188	0.04330494363	41.39736158
chr10	38722189	0.04145122187	41.39736162
chr10	38724321	0.04200877711	41.39745
chr10	38734457	0.04556899131	41.3978758
chr10	38944903	0.05656498035	41.40746561
chr10	38944941	0.06317007533	41.40746776
chr10	38944968	0.06059302779	41.40746947
chr10	38996421	0.06276266618	41.41058716
chr10	38996422	0.05860296276	41.41058722
chr10	38996441	0.05520751926	41.41058833
chr10	39279489	0.04421153023	41.42621471
chr10	39279582	0.07607249273	41.42621882
chr10	39279768	0.07398499031	41.42623297
chr10	39279997	0.07429477462	41.42624992
chr10	39280481	0.0798450656	41.42628588
chr10	39501951	0.07323997055	41.44396916
chr10	39521725	0.06403688428	41.44541741
chr10	39725970	0.06549804468	41.45849662
chr10	39767479	0.05795730557	41.46121538
chr10	39767851	0.05439709137	41.46123694
chr10	39917823	0.05500368871	41.46939498
chr10	39917824	0.04347481722	41.46939504
chr10	39917934	0.04515793961	41.46939982
chr10	39917935	0.037680275	41.46939986
chr10	39918704	0.04239418022	41.46942884
chr10	39918758	0.0496658572	41.46943113
chr10	39918759	0.04737410121	41.46943118
chr10	39918877	0.07076093787	41.46943677
chr10	40408629	0.09687656188	41.50409208
chr10	40408630	0.07859364909	41.50409218
chr10	40424707	0.07884887054	41.50535573
chr10	40424708	0.06416672065	41.50535581
chr10	40690312	0.05952868845	41.52239874
chr10	40690384	0.0334130632	41.52240303
chr10	40692143	0.03124342455	41.5224618
chr10	40699154	0.05482379669	41.52268085
chr10	40699183	0.05010989158	41.52268244
chr10	40699892	0.05133270933	41.52271797
chr10	40702156	0.09942054317	41.52283419
chr10	40855165	0.3081577112	41.53804642
chr10	40855172	0.2600698773	41.53804858
chr10	40855178	0.2364895047	41.53805014
chr10	40872818	0.3231561507	41.54222182
chr10	40872819	0.1147555637	41.54222214
chr10	40929138	0.1174198161	41.54868506
chr10	40929139	0.05209597404	41.54868518
chr10	41072017	0.07075573598	41.55612854
chr10	41073981	0.07344466773	41.55626751
chr10	41074024	0.07999076669	41.55627067
chr10	41152522	0.08025720198	41.56254978
chr10	41538031	0.09510449672	41.59348966
chr10	41538032	0.08167897169	41.59348975
chr10	41554445	0.08212481949	41.59483035
chr10	41622463	0.08294001307	41.60041631
chr10	41636053	0.09143659696	41.60154347
chr10	41636054	0.08489049737	41.60154356
chr10	41693806	0.09033643108	41.60644616
chr10	41790823	0.09296919488	41.61521032
chr10	42004174	0.09686581848	41.6350454
chr10	42004175	0.09036194211	41.63504549
chr10	42040719	0.09237483873	41.63834768
chr10	42103815	0.09069171691	41.64417616
chr10	42243748	0.09167560135	41.65686693
chr10	42243903	0.09021444094	41.65688114
chr10	42274704	0.07514488232	41.65965983
chr10	42274705	0.0787440702	41.65965991
chr10	42313239	0.07797632998	41.66269423
chr10	42369375	0.07253039627	41.66707151
chr10	42416214	0.06924522097	41.67046876
chr10	42416239	0.07615937392	41.67047049
chr10	42416240	0.07431156696	41.67047057
chr10	42429765	0.0691501453	41.67147563
chr10	42442221	0.0584059809	41.67233697
chr10	42806354	0.06191579145	41.69360451
chr10	42807078	0.0687172334	41.69364934
chr10	42909421	0.06481414005	41.70068207
chr10	42948304	0.09043805704	41.70320223
chr10	42948305	0.07869512982	41.70320232
chr10	42948341	0.07892606628	41.70320516
chr10	42948350	0.07904478139	41.70320587
chr10	42948351	0.06646139437	41.70320595
chr10	43173132	0.06421131685	41.71814521
chr10	43206335	0.06490018625	41.72027721
chr10	43206639	0.04908215587	41.72029694
chr10	43296908	0.05506712597	41.72472754
chr10	43296909	0.05037881389	41.7247276
chr10	43303783	0.05638754885	41.7250739
chr10	43303784	0.04603787067	41.72507396
chr10	43311261	0.0474148566	41.72541818
chr10	43348008	0.04061341466	41.72716054
chr10	43548772	0.04179246474	41.73531425
chr10	43549195	0.0464915928	41.73533192
chr10	43549196	0.04406517248	41.73533197
chr10	43614381	0.0492084023	41.73820436
chr10	43708601	0.04986031854	41.74284078
chr10	43708602	0.04863750281	41.74284083
chr10	43860645	0.05522553848	41.75023582
chr10	43868485	0.05321264187	41.75066879
chr10	44753688	0.05984564666	41.79777278
chr10	44753689	0.05477068944	41.79777284
chr10	44803972	0.05515312024	41.80052687
chr10	45180424	0.05708939455	41.82128937
chr10	45180425	0.05603357602	41.82128943
chr10	45264201	0.08034955101	41.8259837
chr10	45264202	0.07772827758	41.82598378
chr10	45415505	0.0534123045	41.8377443
chr10	45816369	0.05475927622	41.85915537
chr10	45816370	0.05287808227	41.85915542
chr10	45888527	0.06089647675	41.86297095
chr10	45889050	0.06829434795	41.8630028
chr10	45889051	0.06386041326	41.86300287
chr10	45903752	0.06768175922	41.86394168
chr10	45983005	0.06475882375	41.86930566
chr10	45983113	0.07239898991	41.86931265
chr10	45983114	0.06311332198	41.86931273
chr10	46135629	0.06229812839	41.87893845
chr10	46347360	0.05427973392	41.8921289
chr10	46432959	0.06276533945	41.89677519
chr10	46511066	0.04873725751	41.9016776
chr10	46511137	0.04770462308	41.90168106
chr10	46585223	0.0465857814	41.90521531
chr10	46585358	0.04823338681	41.9052216
chr10	46766666	0.0850748996	41.9139667
chr10	46783360	0.1735478641	41.91538694
chr10	46866528	0.1883718355	41.92982057
chr10	46866529	0.05044063642	41.92982075
chr10	46866658	0.0676480692	41.92982726
chr10	47046935	0.07358216043	41.94202265
chr10	47080467	0.05637472771	41.94449001
chr10	47080520	0.05923845947	41.944493
chr10	47080521	0.05689327636	41.94449306
chr10	47107160	0.05739608176	41.94600864
chr10	47170964	0.07547154511	41.94967074
chr10	47186650	0.07357984947	41.95085458
chr10	47198069	0.07530983459	41.95169479
chr10	47362492	0.06789174781	41.96407746
chr10	47565875	0.06989143799	41.97788549
chr10	47574465	0.0704033152	41.97848585
chr10	47602715	0.09157315617	41.98047475
chr10	47602716	0.08657565092	41.98047484
chr10	47602897	0.07805788546	41.98049051
chr10	47780478	0.08864861911	41.99435211
chr10	47780479	0.06526086131	41.9943522
chr10	47860809	0.06440764415	41.9995946
chr10	47949818	0.06210541973	42.00532746
chr10	47949832	0.06125681061	42.00532833
chr10	48127866	0.06192959034	42.01623412
chr10	48127867	0.04749405735	42.01623419
chr10	48128042	0.04640374378	42.0162425
chr10	48129124	0.05519222423	42.01629271
chr10	48458964	0.04390484722	42.03449731
chr10	48459030	0.04158592911	42.03450021
chr10	48547121	0.04089705972	42.03816355
chr10	48547752	0.0307616045	42.03818936
chr10	48588802	0.03526472625	42.03945212
chr10	48588803	0.03387425812	42.03945216
chr10	48615320	0.04620276431	42.0403504
chr10	48641237	0.04798574759	42.04154784
chr10	48687341	0.04842230483	42.04376018
chr10	49050866	0.05209691843	42.06136289
chr10	49051400	0.04366015456	42.06139071
chr10	49167636	0.04391097974	42.06646559
chr10	49167637	0.04350324794	42.06646564
chr10	49255923	0.0440186696	42.07030637
chr10	49255924	0.04338747745	42.07030641
chr10	49264222	0.04410047339	42.07066644
chr10	49352106	0.04344855513	42.07454217
chr10	49391339	0.04747924843	42.07624678
chr10	49405712	0.04487661706	42.0769292
chr10	49405739	0.04754460839	42.07693041
chr10	49405813	0.05036827844	42.07693393
chr10	49405814	0.04586515757	42.07693398
chr10	49923130	0.05044847719	42.10066076
chr10	50052088	0.04677386358	42.1071665
chr10	50304111	0.04274317027	42.11895459
chr10	50471606	0.04583311863	42.12611385
chr10	50471607	0.04529659028	42.1261139
chr10	50704691	0.04274961648	42.13667181
chr10	50704757	0.05461401997	42.13667463
chr10	50704758	0.05372090328	42.13667469
chr10	50708763	0.05562411332	42.13688984
chr10	50708764	0.05261773794	42.13688989
chr10	50725846	0.04803441832	42.13778871
chr10	50783796	0.3418176462	42.1405723
chr10	50783797	0.3408241721	42.14057265
chr10	50784717	0.3412432648	42.1408862
chr10	50784718	0.3385752751	42.14088655
chr10	50784760	0.3407723146	42.14090077
chr10	51005495	0.3488558207	42.21612114
chr10	51005496	0.06602232507	42.21612149
chr10	51014845	0.07135820113	42.21673873
chr10	51014846	0.06771416257	42.21673881
chr10	51014852	0.09948802671	42.21673921
chr10	51014853	0.08762362157	42.21673931
chr10	51156338	0.08652042572	42.22913674
chr10	51363029	0.08816779484	42.24701973
chr10	51363030	0.07760105952	42.24701982
chr10	51451404	0.08096716186	42.25387774
chr10	51451405	0.0753454337	42.25387782
chr10	51454471	0.07572547239	42.25410883
chr10	51460631	0.08110364291	42.2545753
chr10	51460632	0.07302013384	42.25457538
chr10	51461643	0.08292002462	42.2546492
chr10	51461644	0.0814939887	42.25464928
chr10	51590292	0.0873345524	42.26513332
chr10	51671610	0.08689524077	42.27223519
chr10	51684732	0.0883974217	42.27337543
chr10	51794324	0.09431826541	42.28306308
chr10	52922606	0.08627885715	42.38948068
chr10	53064677	0.08898486064	42.40173841
chr10	53154061	0.09178816263	42.40969223
chr10	53229142	0.09698204025	42.41658378
chr10	53556030	0.1629612498	42.44828604
chr10	53556031	0.1572317676	42.44828621
chr10	53596353	0.1549116179	42.45462611
chr10	53596713	0.1578897549	42.45468187
chr10	53738182	0.1530414689	42.47701838
chr10	53937495	0.1602811182	42.50752153
chr10	53937496	0.133460619	42.50752169
chr10	54133906	0.2984920471	42.53373469
chr10	54133907	0.2150904952	42.53373499
chr10	54134072	0.2139110029	42.53377048
chr10	54327078	0.2141143515	42.57505659
chr10	54422981	0.2116338744	42.5955908
chr10	54424285	0.1152544484	42.59586677
chr10	54424312	0.1167197112	42.59586988
chr10	54424313	0.1162169031	42.59587
chr10	54445682	0.1238322369	42.59835344
chr10	54445683	0.1162529104	42.59835356
chr10	54466478	0.1216638523	42.60077104
chr10	54466479	0.104801124	42.60077116
chr10	54466516	0.1037352312	42.60077504
chr10	54466615	0.113584548	42.60078531
chr10	54466628	0.1234342078	42.60078678
chr10	54832084	0.120456071	42.64589656
chr10	54832136	0.1279667927	42.64590282
chr10	54832137	0.1226248304	42.64590295
chr10	54840153	0.1571554904	42.64688591
chr10	54840154	0.1368754641	42.64688607
chr10	54928800	0.129260132	42.65901953
chr10	54928852	0.1885498358	42.65902625
chr10	54946698	0.2049088224	42.66239111
chr10	54946699	0.1689996834	42.66239132
chr10	54961126	0.2271779138	42.66482947
chr10	54961127	0.2262456169	42.6648297
chr10	54961143	0.2259791817	42.66483332
chr10	54990887	0.2985432334	42.67155485
chr10	54990905	0.2392535295	42.67156022
chr10	55087603	0.1772175712	42.69469556
chr10	55146415	0.2709557663	42.70511808
chr10	55146416	0.2624024168	42.70511835
chr10	55147026	0.2637099086	42.70527841
chr10	55147133	0.2958070614	42.70530663
chr10	55147140	0.2993256567	42.7053087
chr10	55147165	0.2989718177	42.70531618
chr10	55321983	0.2914610971	42.75758184
chr10	55376381	0.1415968264	42.77343674
chr10	55393796	0.2606077629	42.77590265
chr10	55393797	0.2308634453	42.77590291
chr10	55395889	0.2312832602	42.77638588
chr10	55395925	0.362651681	42.7763942
chr10	55396494	0.282798403	42.77660055
chr10	55396531	0.2839737903	42.77661101
chr10	55396532	0.274904026	42.7766113
chr10	55423930	0.2784613216	42.78414312
chr10	55423931	0.1442409382	42.7841434
chr10	55424709	0.1523357085	42.78425562
chr10	55424710	0.03288562144	42.78425577
chr10	55695655	0.0529231137	42.79316596
chr10	55879213	0.04482834671	42.80288042
chr10	55879265	0.05118507573	42.80288276
chr10	55879266	0.03114758372	42.80288281
chr10	55974052	0.03149396973	42.80583516
chr10	55978902	0.05493954321	42.80598791
chr10	56105268	0.0676824411	42.8129304
chr10	56393985	0.07802662338	42.83247147
chr10	56393986	0.05321168876	42.83247155
chr10	56552091	0.0616381044	42.84088458
chr10	56552092	0.05461438946	42.84088464
chr10	56552094	0.05647764233	42.84088475
chr10	56555954	0.07317609822	42.84110276
chr10	56735926	0.07402901671	42.8542724
chr10	56776280	0.05733056082	42.85725977
chr10	56948205	0.06040004052	42.86711633
chr10	56948206	0.05376170762	42.86711639
chr10	57114881	0.05810883152	42.87607712
chr10	57114882	0.05443357249	42.87607718
chr10	57554243	0.05498777746	42.89999317
chr10	57753560	0.05302485073	42.91095317
chr10	57753576	0.04996272	42.91095402
chr10	57755364	0.04789169118	42.91104335
chr10	57755443	0.04900866126	42.91104713
chr10	57755499	0.05017895433	42.91104988
chr10	57755500	0.04712171827	42.91104993
chr10	57960890	0.0458142265	42.92072826
chr10	57961210	0.0470664574	42.92074292
chr10	57961211	0.0427193311	42.92074296
chr10	58061082	0.05852395891	42.92500939
chr10	58112820	0.05984432505	42.9280373
chr10	58112821	0.05819712886	42.92803736
chr10	58146812	0.05935139313	42.93001554
chr10	58146813	0.05187591066	42.9300156
chr10	58333923	0.05318933205	42.9397221
chr10	58333924	0.05162709234	42.93972215
chr10	58333950	0.05012828326	42.93972349
chr10	58397229	0.04980921298	42.94289556
chr10	58526654	0.05126818792	42.94934212
chr10	58526655	0.02834390599	42.94934217
chr10	58827742	0.02999987458	42.95787615
chr10	58827743	0.02746063676	42.95787618
chr10	58988882	0.02661641096	42.96230116
chr10	59333965	0.02586704965	42.97148603
chr10	59435334	0.02803333614	42.97410815
chr10	59563417	0.02761424176	42.97769874
chr10	59563452	0.02675080296	42.97769971
chr10	59992971	0.1143729537	42.98918969
chr10	60036699	0.03023683978	42.99419099
chr10	60108145	0.03382433702	42.99635129
chr10	60108679	0.03773973114	42.99636935
chr10	60568720	0.05308141269	43.01373118
chr10	60626992	0.07526338282	43.01682434
chr10	60684393	0.08537189443	43.02114453
chr10	60896191	0.10940623	43.03922613
chr10	60899247	0.1586944833	43.03956047
chr10	60899248	0.1549515961	43.03956063
chr10	60900284	0.1706037622	43.03972116
chr10	60900285	0.1697873254	43.03972133
chr10	60900531	0.1563373092	43.0397631
chr10	61048330	0.1360189286	43.0628696
chr10	61048354	0.08862049938	43.06287286
chr10	61048380	0.08783004148	43.06287516
chr10	61048719	0.06321604025	43.06290494
chr10	61049267	0.06479261572	43.06293958
chr10	61049268	0.03964131255	43.06293965
chr10	61049467	0.03798534465	43.06294753
chr10	61049473	0.03713242674	43.06294776
chr10	61133679	0.04520931896	43.06607454
chr10	61133680	0.03945553262	43.06607458
chr10	61135088	0.0381421134	43.06613013
chr10	61135338	0.02026673218	43.06613967
chr10	61135783	0.03171371077	43.06614869
chr10	61135784	0.03010511421	43.06614872
chr10	61164432	0.04599729746	43.06701117
chr10	61334209	0.04484303146	43.07482045
chr10	61395935	0.07148544512	43.07758844
chr10	61395936	0.05559326045	43.07758851
chr10	61426756	0.1775228684	43.07930189
chr10	61456930	0.05559326044	43.08465847
chr10	61457187	0.04414628408	43.08467275
chr10	61534027	0.01750387186	43.08806495
chr10	61534107	0.03457795019	43.08806635
chr10	61534136	0.06108303102	43.08806736
chr10	61534368	0.08761028029	43.08808153
chr10	61534535	0.1549265607	43.08809616
chr10	61589189	0.07953339065	43.09656352
chr10	61589214	0.08170366536	43.0965655
chr10	61589303	0.08863389042	43.09657278
chr10	61589444	0.09702851571	43.09658527
chr10	61589464	0.09919911044	43.09658721
chr10	61705150	0.1015291792	43.10806316
chr10	61799199	0.106018974	43.11761188
chr10	61811750	0.1320702552	43.11894252
chr10	61811751	0.06578676769	43.11894266
chr10	62027713	0.05739214249	43.1331501
chr10	62120180	0.0637889741	43.13845698
chr10	62120181	0.0568587461	43.13845704
chr10	62496487	0.03139100505	43.15985333
chr10	62618635	0.05072611486	43.16368768
chr10	62618636	0.0462363198	43.16368773
chr10	62618711	0.04167711068	43.1636912
chr10	62695325	0.03528028207	43.16688425
chr10	62808916	0.01594517246	43.17089177
chr10	62811217	0.02964801646	43.17092846
chr10	62932655	0.05535731873	43.17452885
chr10	63075758	0.1287299085	43.18245065
chr10	63075759	0.1030206089	43.18245078
chr10	63079709	0.08931776493	43.18285771
chr10	63171165	0.05075556311	43.19102636
chr10	63171256	0.05043787761	43.19103098
chr10	63284117	0.05565399164	43.19672345
chr10	63284118	0.05332392491	43.1967235
chr10	63284428	0.07098763746	43.19674003
chr10	63284438	0.1083784227	43.19674074
chr10	63284439	0.08640727809	43.19674085
chr10	63289906	0.11695316	43.19721324
chr10	63289907	0.09977304635	43.19721336
chr10	63381480	0.1086857988	43.20634987
chr10	63382831	0.1113591021	43.20649671
chr10	63382834	0.07396831383	43.20649704
chr10	63382868	0.07194501093	43.20649956
chr10	63477171	0.05229849935	43.21328419
chr10	63491481	0.1033227477	43.21403258
chr10	63491482	0.1062185159	43.21403268
chr10	63492713	0.1335227111	43.21416344
chr10	63492714	0.1158590003	43.21416357
chr10	63627457	0.1331392241	43.22977476
chr10	63627458	0.06787884672	43.22977489
chr10	63627473	0.08820662372	43.22977591
chr10	63794271	0.07929387128	43.2444886
chr10	63989451	0.05374997846	43.25996518
chr10	64159520	0.05688790594	43.26910638
chr10	64159521	0.03713122315	43.26910644
chr10	64178935	0.04538787124	43.2698273
chr10	64178936	0.04003609561	43.26982735
chr10	64564572	0.03660758484	43.28526671
chr10	64564594	0.04196230349	43.28526751
chr10	64577886	0.03518931553	43.28582528
chr10	64624528	0.02693266879	43.28746658
chr10	64693657	0.02348199913	43.28932841
chr10	64757145	0.02057514234	43.29081923
chr10	64759069	0.02704760504	43.29085882
chr10	64759070	0.02437430344	43.29085885
chr10	64761724	0.049778445	43.29092353
chr10	64761931	0.06389565217	43.29093384
chr10	64761994	0.06099988722	43.29093786
chr10	64762030	0.0615168716	43.29094006
chr10	64762031	0.06134290258	43.29094012
chr10	64906547	0.03593876103	43.29980515
chr10	65068476	0.02393692119	43.30562468
chr10	65251671	0.01858220259	43.3100098
chr10	65327493	0.01210973839	43.31141874
chr10	65331983	0.02926037723	43.31147312
chr10	65331984	0.02612245418	43.31147315
chr10	65336093	0.04523507986	43.31158048
chr10	65337149	0.04839552345	43.31162825
chr10	65337228	0.06780215058	43.31163207
chr10	65528589	0.04868952491	43.32460676
chr10	65546500	0.0315388842	43.32547884
chr10	65552657	0.04226238368	43.32567303
chr10	65553462	0.07467788776	43.32570705
chr10	65555333	0.08197009419	43.32584677
chr10	65555350	0.08550735046	43.32584816
chr10	65610704	0.07205423577	43.33058134
chr10	65736363	0.09513779597	43.3396356
chr10	65757319	0.09975740646	43.34162931
chr10	65895744	0.1058338128	43.35543823
chr10	65895745	0.05052931051	43.35543833
chr10	65955200	0.04457579807	43.35844255
chr10	66028783	0.05236265706	43.36172257
chr10	66155475	0.06300254784	43.3683565
chr10	66350831	0.08746012217	43.38066443
chr10	66501158	0.08534475479	43.39381205
chr10	66501218	0.07926835193	43.39381717
chr10	66501259	0.0332235842	43.39382042
chr10	66553729	0.02860397371	43.39556366
chr10	66564384	0.01039370255	43.39586843
chr10	66564428	0.01567527919	43.39586889
chr10	66595451	0.0116315439	43.39635519
chr10	66670349	0.08518567317	43.39722636
chr10	66720368	0.01163154391	43.40148727
chr10	66757070	0.02243036394	43.40191417
chr10	67097764	0.03658724523	43.40955606
chr10	67097765	0.02578842337	43.40955609
chr10	67104497	0.04850370924	43.4097297
chr10	67261020	0.04322213266	43.41732165
chr10	67266463	0.02050684679	43.41755691
chr10	67357644	0.1092262281	43.41942674
chr10	67357645	0.09506934787	43.41942685
chr10	67399113	0.006349967327	43.42336919
chr10	67412268	0.03669633681	43.42345272
chr10	67412563	0.05173014657	43.42346355
chr10	67657284	0.09405291479	43.436123
chr10	67657285	0.06400339432	43.43612309
chr10	67761614	0.7154028268	43.4428005
chr10	67761615	0.704871452	43.44280122
chr10	67767261	0.727849482	43.44678092
chr10	67767262	0.0764500482	43.44678165
chr10	67767655	0.1176877494	43.4468117
chr10	67767904	0.1340142097	43.446841
chr10	67781859	0.1592489846	43.44871117
chr10	67781868	0.1608325936	43.4487126
chr10	67850972	0.1857778701	43.45982678
chr10	67856872	0.1445401688	43.46092287
chr10	67927375	0.1215621407	43.47111338
chr10	67927653	0.1916196339	43.47114718
chr10	67927654	0.1663848564	43.47114737
chr10	67993042	0.1101199802	43.48202694
chr10	67998459	0.06921710576	43.48262346
chr10	67998678	0.07717254444	43.48263862
chr10	68003694	0.07792161464	43.48302572
chr10	68003859	0.1224084285	43.48303857
chr10	68004020	0.1669998449	43.48305828
chr10	68086526	0.1770698432	43.49683677
chr10	68086527	0.1324784265	43.49683695
chr10	68086560	0.08799161265	43.49684132
chr10	68086683	0.1702979606	43.49685214
chr10	68086715	0.1803731707	43.49685759
chr10	68087336	0.2207426633	43.4969696
chr10	68087344	0.230835258	43.49697137
chr10	68133020	0.234292088	43.507515
chr10	68133021	0.2342344691	43.50751523
chr10	68149417	0.2408866541	43.51135574
chr10	68178854	0.294788002	43.51844672
chr10	68178855	0.2548723675	43.51844702
chr10	68178862	0.207750315	43.5184488
chr10	68274330	0.2081679327	43.53828231
chr10	68274331	0.2079036807	43.53828252
chr10	68274549	0.2322761239	43.53832784
chr10	68451878	2.629086545	43.57951713
chr10	68451879	2.464280588	43.57951976
chr10	68461088	0.0674701699	43.60221332
chr10	68461092	0.1003134633	43.60221359
chr10	68461141	0.1025508709	43.60221851
chr10	68461142	0.08080281685	43.60221861
chr10	68463407	0.1132045014	43.60240163
chr10	68702484	0.1065523164	43.62946622
chr10	68767238	0.1114919442	43.63636591
chr10	68805521	0.1171656775	43.64063416
chr10	69053174	0.09852415158	43.66965059
chr10	69139953	0.09308608234	43.67820041
chr10	69140741	0.1023656893	43.67827377
chr10	69140742	0.09693395371	43.67827387
chr10	69140753	0.1015672417	43.67827494
chr10	69219713	0.1108814291	43.68629468
chr10	69453966	0.1052076958	43.71226899
chr10	69471628	0.08332978674	43.71412717
chr10	69512051	0.08413063313	43.71749561
chr10	69512052	0.07205347774	43.71749569
chr10	69536962	0.08402988527	43.71929055
chr10	69536963	0.08060285808	43.71929063
chr10	69536988	0.1045576994	43.71929265
chr10	69536989	0.1011381283	43.71929275
chr10	69537212	0.1486098284	43.7193153
chr10	69537213	0.1393302193	43.71931545
chr10	69537267	0.1794252472	43.71932298
chr10	69537408	0.2269877721	43.71934828
chr10	69590859	0.2378395299	43.731481
chr10	69614713	0.1810536456	43.73715442
chr10	69614761	0.1334911204	43.73716311
chr10	69614770	0.1449390943	43.73716432
chr10	69717152	0.1622329929	43.75200347
chr10	69844157	0.3282611942	43.77260787
chr10	69844158	0.2782482404	43.7726082
chr10	69844778	0.2966611605	43.77278071
chr10	69929891	0.3081434343	43.79803043
chr10	69929892	0.2799977772	43.79803074
chr10	69929959	2.823244472	43.7980495
chr10	69929960	2.709380752	43.79805233
chr10	69930245	2.71206619	43.7988245
chr10	69934796	2.713008669	43.81116711
chr10	69934797	2.710966737	43.81116983
chr10	69934812	2.686389659	43.81121049
chr10	69935704	2.72976721	43.81360675
chr10	69935705	2.689579509	43.81360948
chr10	69935788	2.723394492	43.81383271
chr10	69935943	0.2240168815	43.81425484
chr10	69935975	0.2457696086	43.81426201
chr10	69936049	0.241340955	43.8142802
chr10	69936146	0.2298929813	43.81430361
chr10	70044589	0.1776650779	43.83923389
chr10	70105108	0.09059967979	43.849986
chr10	70105398	0.1778049992	43.85001228
chr10	70105399	0.1358635493	43.85001246
chr10	70105412	0.4429802062	43.85001422
chr10	70105502	0.4407427998	43.85005409
chr10	70105531	0.4773180458	43.85006687
chr10	70105564	0.4556584201	43.85008262
chr10	70129371	0.1485417633	43.86093048
chr10	70129396	0.1590039612	43.8609342
chr10	70151339	0.07892072427	43.86442322
chr10	70151378	0.1278579946	43.8644263
chr10	70205176	0.1366850407	43.8713048
chr10	70206121	0.1001097948	43.87143397
chr10	70226543	0.1280199494	43.87347841
chr10	70226558	0.07908267883	43.87348033
chr10	70226602	0.1069481346	43.87348381
chr10	70226691	0.262433892	43.87349333
chr10	70250306	0.2692829852	43.87969071
chr10	70250307	0.2578007129	43.87969098
chr10	70250353	0.1023149553	43.87970283
chr10	70250365	0.1425220708	43.87970406
chr10	70250386	0.1596435801	43.87970706
chr10	70250390	0.1703047393	43.87970769
chr10	70358633	0.1424392836	43.89814199
chr10	70465267	0.1692578948	43.91333086
chr10	70465268	0.1350165495	43.91333103
chr10	70471884	0.1391381945	43.9142243
chr10	70529223	0.1427188066	43.92220234
chr10	70529280	0.1828189085	43.92221048
chr10	70529281	0.1696281828	43.92221066
chr10	70529552	0.2093726327	43.92225663
chr10	70621028	0.1617890815	43.9414092
chr10	70621942	0.1431795049	43.94155708
chr10	70621974	0.1471154718	43.94156166
chr10	70621975	0.1311663456	43.94156181
chr10	70622120	0.1777943339	43.94158083
chr10	70622121	0.09539715347	43.941581
chr10	70766521	0.09822608883	43.95535635
chr10	70822297	0.09871430593	43.96083501
chr10	70830156	0.1181873763	43.96161081
chr10	70830158	0.1471578273	43.96161104
chr10	70830159	0.1294731461	43.96161119
chr10	70884806	0.1154674359	43.96868651
chr10	70884853	0.1243254682	43.96869194
chr10	71038369	0.1196569277	43.98777788
chr10	71085473	0.115251253	43.9934142
chr10	71085481	0.1401980043	43.99341513
chr10	71085482	0.1257885643	43.99341527
chr10	71250625	0.1378799013	44.01418837
chr10	71250626	0.1320261731	44.01418851
chr10	71300135	0.1414845912	44.02072499
chr10	71300136	0.1243449794	44.02072513
chr10	71300193	0.1386873478	44.02073222
chr10	71300194	0.1298293141	44.02073236
chr10	71300265	0.1271438759	44.02074157
chr10	71318390	0.1286308162	44.02304606
chr10	71318391	0.1251859626	44.02304619
chr10	71364514	0.1180855706	44.02882014
chr10	71554901	0.1059942325	44.0513021
chr10	71556712	1.551614659	44.05149405
chr10	71556713	1.533336325	44.0514956
chr10	71556729	1.556116743	44.05152014
chr10	71556730	1.514347128	44.05152169
chr10	71559257	0.06536368444	44.05534845
chr10	71559383	0.06940999242	44.05535668
chr10	71559384	0.06659935603	44.05535675
chr10	71559651	0.07633529433	44.05537453
chr10	71837166	0.05413224903	44.07655872
chr10	71837519	0.05048002904	44.07657783
chr10	71936765	0.05111377475	44.08158777
chr10	71936808	0.04533513482	44.08158997
chr10	71937540	0.02375740952	44.08162316
chr10	71938043	0.02979895855	44.08163511
chr10	72067047	0.02697002318	44.08547929
chr10	72193441	0.02606393389	44.08888814
chr10	72193608	0.02672701604	44.08889249
chr10	72193848	0.04301834761	44.08889891
chr10	72196229	0.05382395507	44.08900133
chr10	72196237	0.09738736215	44.08900177
chr10	72280691	0.05382395495	44.09722652
chr10	72299950	0.06870134683	44.09826311
chr10	72299951	0.06502156319	44.09826318
chr10	72419680	0.04839915993	44.10604815
chr10	72419927	0.07745063446	44.1060601
chr10	72420375	0.1068675812	44.1060948
chr10	72461861	0.1245157032	44.11052831
chr10	72467658	0.1426848358	44.11125013
chr10	72468633	0.1386385295	44.11138924
chr10	72468795	0.1928913975	44.1114117
chr10	72468852	0.2033920226	44.1114227
chr10	72536608	0.2560306882	44.12520373
chr10	72536609	0.201777819	44.12520399
chr10	72536709	0.2569198543	44.12522416
chr10	72536710	0.2461142443	44.12522442
chr10	72547009	0.2471515899	44.12775915
chr10	72547010	0.2411100395	44.1277594
chr10	72547245	0.2262326501	44.12781606
chr10	72670140	0.2550465943	44.15561892
chr10	72670150	0.1817354288	44.15562147
chr10	72670297	0.1670407609	44.15564819
chr10	72670331	0.149392639	44.15565386
chr10	72670510	0.1199756922	44.15568061
chr10	72676169	0.09361371447	44.15635955
chr10	72676189	0.07925690767	44.15636142
chr10	72676621	0.1242018612	44.15639566
chr10	72676622	0.09792517446	44.15639578
chr10	72676702	0.1016465044	44.15640362
chr10	72758479	0.05670155103	44.16471596
chr10	72760306	0.06142832528	44.16481956
chr10	72818947	0.06577505474	44.16842178
chr10	72818948	0.04105121968	44.16842184
chr10	72819218	0.0481279443	44.16843293
chr10	72819221	0.05172083206	44.16843307
chr10	72819222	0.04122020449	44.16843312
chr10	72819242	0.06987812614	44.16843395
chr10	72819270	0.07422651188	44.1684359
chr10	72915255	0.07347744168	44.17556053
chr10	72947621	0.07877176955	44.17793871
chr10	72947622	0.05011384989	44.17793878
chr10	73339106	0.04303712568	44.19755755
chr10	73642534	0.2042528493	44.21061622
chr10	73642535	0.1989585177	44.21061643
chr10	73665355	0.02532635362	44.21515666
chr10	73665453	0.02695022478	44.21515914
chr10	73665490	0.03353868921	44.21516014
chr10	73740048	0.07386426593	44.21766072
chr10	73791874	0.07029774972	44.22148881
chr10	73792673	0.06881081229	44.22154498
chr10	73831283	0.02848523558	44.22420176
chr10	73836159	0.02532996624	44.22434066
chr10	73840274	0.04709466094	44.22444489
chr10	73843218	0.04350177542	44.22458353
chr10	74006300	0.08110081878	44.23167789
chr10	74009314	0.05933612409	44.23192233
chr10	74104151	0.02173708073	44.23754959
chr10	74106064	0.02093623319	44.23759117
chr10	74177349	0.02744665437	44.23908361
chr10	74177364	0.03004891428	44.23908402
chr10	74223406	0.0310945031	44.24046754
chr10	74223905	0.03591181752	44.24048305
chr10	74223906	0.02932335619	44.24048309
chr10	74223914	0.03641511302	44.24048332
chr10	74224947	0.03918681876	44.24052094
chr10	74235560	0.04394600781	44.24093683
chr10	74302038	0.04689499789	44.24385827
chr10	74305213	0.04984509464	44.24400716
chr10	74305384	0.06121345289	44.24401569
chr10	74559309	0.06492903271	44.25955931
chr10	74559440	0.08778637805	44.25956782
chr10	74643629	0.09558898759	44.26695847
chr10	74644522	0.09964200247	44.26704383
chr10	74742458	0.1170866781	44.27680237
chr10	74742459	0.1105762599	44.27680248
chr10	74742699	0.1149358013	44.27682902
chr10	74742700	0.1078440447	44.27682914
chr10	74742747	0.118171946	44.2768342
chr10	74742755	0.1225103739	44.27683515
chr10	74742777	0.1140989362	44.27683785
chr10	75364624	0.1081855561	44.34778993
chr10	75380546	0.09217062404	44.34951246
chr10	75380585	0.086405151	44.34951605
chr10	75549492	0.08268957114	44.36411049
chr10	75549618	0.09130983614	44.3641209
chr10	75549619	0.08473763606	44.364121
chr10	75549663	0.08017817262	44.36412472
chr10	75552266	0.1370610718	44.36433343
chr10	75552267	0.1330080574	44.36433357
chr10	75552326	0.1245167233	44.36434141
chr10	75586619	0.1162556522	44.36861147
chr10	75586627	0.1126739244	44.3686124
chr10	75586728	0.1087728451	44.36862378
chr10	75589501	0.1060555154	44.3689254
chr10	75590782	0.09458249205	44.36906126
chr10	75591175	0.09198023193	44.36909843
chr10	75628582	0.04377141606	44.37253913
chr10	75628854	0.05594432668	44.37255104
chr10	75628933	0.09707783061	44.37255546
chr10	75628951	0.1229206351	44.37255721
chr10	75629349	0.1262647187	44.37260613
chr10	75630298	0.1299831413	44.37272596
chr10	75718376	0.08884963737	44.38417461
chr10	75888791	0.0746905241	44.39931592
chr10	75931090	0.08895343484	44.40247526
chr10	75931091	0.07515665483	44.40247534
chr10	75931133	0.08061089621	44.4024785
chr10	75931193	0.08583235702	44.40248334
chr10	75931242	0.08467209904	44.40248754
chr10	75932938	0.081993461	44.40263115
chr10	75976415	0.06469911037	44.40619598
chr10	75976463	0.07027907343	44.40619908
chr10	76020137	0.0812420874	44.40926845
chr10	76020529	1.251543466	44.4093003
chr10	76020530	1.249495679	44.40930155
chr10	76020563	1.545557118	44.40934278
chr10	76033815	1.268641268	44.42982451
chr10	76033944	1.283600198	44.42998816
chr10	76034261	1.015013251	44.43039506
chr10	76036458	1.020794848	44.43262505
chr10	76036459	0.7898404256	44.43262607
chr10	76036482	0.8434952008	44.43264423
chr10	76036483	0.3772994948	44.43264508
chr10	76036710	0.3837656228	44.43273072
chr10	76037399	0.3890812224	44.43299514
chr10	76037400	0.387039366	44.43299553
chr10	76068694	0.7592060771	44.44510754
chr10	76068899	0.7641487775	44.44526317
chr10	76093665	0.792595749	44.46418808
chr10	76093666	0.4350952221	44.46418888
chr10	76093694	0.2879310624	44.46420106
chr10	76188176	0.329110911	44.49140536
chr10	76188177	0.2674360127	44.49140569
chr10	76189039	0.2531731003	44.49163622
chr10	76222997	0.2247261267	44.50023347
chr10	76273299	0.2316288644	44.51153765
chr10	76273399	0.2160997805	44.51156081
chr10	76279193	0.2495111815	44.51281289
chr10	76279194	0.1939311551	44.51281314
chr10	76279890	0.200918393	44.51294812
chr10	76279891	0.1717723982	44.51294832
chr10	76350208	0.1779207466	44.52502684
chr10	76350209	0.166193659	44.52502701
chr10	76431641	0.1792564324	44.5385605
chr10	76605672	0.1941202044	44.56975667
chr10	76605673	0.1776810228	44.56975687
chr10	76605690	0.1954065212	44.56975989
chr10	76605691	0.1889403909	44.56976008
chr10	76605831	0.1824784422	44.56978653
chr10	76619724	0.1720832434	44.57232171
chr10	76635805	0.1612818195	44.57508898
chr10	76713289	0.1482190461	44.58758574
chr10	76729532	0.1395593598	44.58999326
chr10	76729674	0.2063113736	44.59001308
chr10	76806182	0.1993300059	44.60579755
chr10	76806291	0.1924272682	44.60581928
chr10	76806320	0.1877475639	44.60582486
chr10	76806435	0.2136357793	44.60584645
chr10	76806436	0.1759492047	44.60584666
chr10	76807037	0.1712712318	44.60595241
chr10	76807667	0.1748939911	44.60606031
chr10	76812611	0.1934173994	44.60692498
chr10	76812612	0.1887723546	44.60692518
chr10	76813249	0.2693878685	44.60704542
chr10	76813250	0.2467196717	44.60704569
chr10	76839906	0.1799676579	44.61362225
chr10	76899960	0.1755417534	44.62443003
chr10	76948550	0.1224615421	44.63295961
chr10	76948597	0.1123487873	44.63296536
chr10	76948604	0.1316552272	44.63296615
chr10	76948605	0.09897826003	44.63296628
chr10	76949192	0.1069346966	44.63302438
chr10	76953444	0.1149649762	44.63347907
chr10	76953445	0.08872239994	44.63347918
chr10	76953552	0.09594647138	44.63348867
chr10	76953680	0.1232092828	44.63350095
chr10	76953681	0.1126374185	44.63350108
chr10	77028799	0.1223172842	44.64196218
chr10	77141671	0.1370948497	44.65576837
chr10	77408877	0.127414984	44.69240094
chr10	77411597	0.1544217412	44.69274751
chr10	77411598	0.1144198631	44.69274766
chr10	77462835	0.1345416294	44.69861019
chr10	77462836	0.1273175579	44.69861033
chr10	77462891	0.1158005441	44.69861733
chr10	77462906	0.1361883619	44.69861907
chr10	77462907	0.1290347888	44.6986192
chr10	77639602	0.1142572232	44.721419
chr10	77643361	0.1514664945	44.7218485
chr10	77643362	0.1152043915	44.72184865
chr10	77645676	0.4030860197	44.72211523
chr10	77645677	0.4211213162	44.72211563
chr10	77645683	0.4564235174	44.72211816
chr10	77742081	0.445291045	44.76611648
chr10	77742096	0.4977082853	44.76612316
chr10	77742097	0.1888007951	44.76612365
chr10	77742236	0.5080216141	44.7661499
chr10	77742237	0.4668547251	44.7661504
chr10	77742326	0.4716504579	44.76619195
chr10	77742365	0.560509163	44.76621035
chr10	77746168	0.5695704599	44.76834196
chr10	77822683	0.6437524931	44.81192265
chr10	77822684	0.3869457724	44.81192329
chr10	77822730	0.4316137947	44.81194109
chr10	77823219	0.9420066149	44.81215215
chr10	77823220	0.7906063245	44.81215309
chr10	77873140	0.7744313815	44.85162016
chr10	77873412	1.508344006	44.85183081
chr10	77873413	1.068557898	44.85183231
chr10	77875326	0.9703365039	44.85387647
chr10	77878425	0.2364238784	44.85688354
chr10	77880670	0.2324550071	44.85741431
chr10	77881587	0.2060288389	44.85762747
chr10	77881642	0.2304978403	44.8576388
chr10	77881962	0.250699261	44.85771256
chr10	77882056	0.438669403	44.85773613
chr10	77882057	0.3767045048	44.85773657
chr10	77885742	0.3891085991	44.85912472
chr10	77886037	0.4139471455	44.85923951
chr10	77886044	0.4343820851	44.85924241
chr10	77886080	0.4784498491	44.85925805
chr10	77945485	0.5187016043	44.88768036
chr10	77945486	0.5025754394	44.88768088
chr10	77945525	0.7674177738	44.88770048
chr10	77945526	0.7654906018	44.88770125
chr10	77959880	1.742416781	44.8986891
chr10	77963645	1.785321821	44.9052493
chr10	77963646	0.4534616437	44.90525108
chr10	77963686	0.4701130911	44.90526922
chr10	78116976	0.5022938948	44.97733286
chr10	78117438	0.5120164799	44.97756492
chr10	78152192	0.4582871607	44.99535954
chr10	78182211	0.3786220393	45.00911686
chr10	78182256	0.3413559814	45.0091339
chr10	78182345	0.3637857162	45.00916428
chr10	78182346	0.2551696843	45.00916464
chr10	78182369	0.2429356514	45.00917051
chr10	78184633	0.3059883298	45.00972052
chr10	78184634	0.2726885254	45.00972082
chr10	78184693	0.3186213462	45.00973691
chr10	78184694	0.2865946424	45.00973723
chr10	78184792	0.3491523584	45.00976532
chr10	78187880	0.434387894	45.0108435
chr10	78341187	0.4263747039	45.0774382
chr10	78341214	0.3323409741	45.07744972
chr10	78343037	0.460371057	45.07805557
chr10	78344852	1.074648292	45.07889115
chr10	78344864	1.066700381	45.07890404
chr10	78344888	0.9670706799	45.07892964
chr10	78346372	1.451201719	45.08036478
chr10	78346373	1.362806876	45.08036623
chr10	78346388	1.501367356	45.08038667
chr10	78349088	1.606088389	45.08444036
chr10	78349090	1.653101486	45.08444357
chr10	78350843	1.810827251	45.08734146
chr10	78351943	2.026727657	45.08933337
chr10	78351944	1.507959465	45.0893354
chr10	78378556	1.528890579	45.12946521
chr10	78378557	1.490300672	45.12946674
chr10	78390167	1.58642608	45.14676913
chr10	78390168	1.418384423	45.14677072
chr10	78418553	1.465070596	45.18703156
chr10	78418554	1.358868092	45.18703303
chr10	78418581	1.88876146	45.18706972
chr10	78418582	1.727194271	45.18707161
chr10	78418676	1.678553966	45.18723396
chr10	78418715	2.105463225	45.18729943
chr10	78419408	2.153361365	45.18875851
chr10	78420141	2.101581651	45.19033693
chr10	78421863	2.186835857	45.19395585
chr10	78421893	3.19982837	45.19402145
chr10	78421894	3.088802356	45.19402465
chr10	78423796	4.307452237	45.19989956
chr10	78424773	4.439174504	45.20410794
chr10	78424774	4.386137809	45.20411238
chr10	78424847	6.25560122	45.20443256
chr10	78424858	6.489409635	45.20450138
chr10	78424859	6.438952889	45.20450786
chr10	78425143	6.453127823	45.20633653
chr10	78425163	6.505222068	45.20646559
chr10	78425164	6.483774341	45.2064721
chr10	78425230	7.759767757	45.20690002
chr10	78425774	7.710667865	45.21112134
chr10	78426205	10.13175465	45.21444464
chr10	78426206	9.649249209	45.21445477
chr10	78426681	9.693740864	45.21903816
chr10	78426682	8.925500316	45.21904785
chr10	78426815	5.837387024	45.22023495
chr10	78426955	5.927992625	45.22105218
chr10	78426989	5.921190919	45.22125373
chr10	78427332	6.030642865	45.2232847
chr10	78427333	5.603733604	45.22329073
chr10	78427346	5.995846919	45.22336358
chr10	78427347	6.054435829	45.22336958
chr10	78427575	6.06138417	45.22474999
chr10	78427576	6.016077238	45.22475605
chr10	78427626	6.068116953	45.22505685
chr10	78427627	6.067981695	45.22506292
chr10	78427652	6.112501346	45.22521462
chr10	78427663	6.107134833	45.22528186
chr10	78427798	6.123681722	45.22610632
chr10	78427799	3.815586369	45.22611244
chr10	78428440	3.905482863	45.22855824
chr10	78428441	2.56738784	45.22856214
chr10	78495774	2.461741249	45.40143207
chr10	78495787	2.409647003	45.40146407
chr10	78495846	2.399924418	45.40160624
chr10	78496219	2.227799555	45.40250141
chr10	78497357	2.536656503	45.40503665
chr10	78497358	2.437420711	45.40503918
chr10	78498273	2.470704324	45.40726942
chr10	78498323	2.743817234	45.40739296
chr10	78498324	2.486069064	45.4073957
chr10	78505090	2.561486629	45.42421644
chr10	78506081	2.538450332	45.42675488
chr10	78506118	2.359152496	45.4268488
chr10	78506124	2.379754491	45.42686296
chr10	78506125	2.290820012	45.42686534
chr10	78506133	2.244353771	45.42688366
chr10	78507752	2.201503237	45.43051727
chr10	78509264	2.156598877	45.43384594
chr10	78509269	1.847741927	45.43385673
chr10	78509306	2.015657039	45.43392509
chr10	78509307	2.015466376	45.43392711
chr10	78509342	1.970604726	45.43399765
chr10	78509365	1.987818358	45.43404297
chr10	78509366	1.965246336	45.43404496
chr10	78509372	2.003545006	45.43405675
chr10	78509373	1.9364823	45.43405876
chr10	78509388	1.805760915	45.4340878
chr10	78509487	1.842802355	45.43426657
chr10	78509488	1.838006622	45.43426842
chr10	78510132	1.855885962	45.43545209
chr10	78510133	1.814191677	45.43545395
chr10	78510291	1.888579867	45.43574059
chr10	78510292	1.677167582	45.43574248
chr10	78510306	1.934734044	45.43576596
chr10	78510307	1.668577013	45.4357679
chr10	78510308	1.702328866	45.43576956
chr10	78510309	1.595032007	45.43577127
chr10	78510311	1.606478733	45.43577446
chr10	78510312	1.519080395	45.43577606
chr10	78510320	1.540178111	45.43578822
chr10	78510321	1.476146036	45.43578976
chr10	78510384	1.550119828	45.43588275
chr10	78511794	1.277006919	45.43806842
chr10	78530270	1.30083161	45.4616624
chr10	78553127	0.9432855555	45.49139551
chr10	78553221	0.8575555312	45.49148418
chr10	78553269	4.331685835	45.49152534
chr10	78554327	4.416348141	45.49610826
chr10	78554328	0.9212867222	45.49611268
chr10	78554518	0.9412069353	45.49628773
chr10	78608810	1.654319647	45.54738773
chr10	78608811	1.3957096	45.54738939
chr10	78611939	1.381855831	45.55175517
chr10	78614221	1.502661547	45.55490856
chr10	78614222	1.447576127	45.55491006
chr10	78614231	1.499790143	45.55492309
chr10	78614310	1.450366215	45.55504158
chr10	78614508	1.499562622	45.55532875
chr10	78614509	0.8539925218	45.55533025
chr10	78615351	0.855358671	45.55604931
chr10	78615352	0.8363411816	45.55605016
chr10	78684693	0.911943637	45.6140429
chr10	78684694	0.8881189473	45.61404381
chr10	78684701	0.859899334	45.61405003
chr10	78684703	0.8734016248	45.61405175
chr10	78684704	0.6583283323	45.61405262
chr10	78689292	0.5691855202	45.61707303
chr10	78715885	0.4512352769	45.63220938
chr10	78715906	0.4154627642	45.63221886
chr10	78718173	0.4308530275	45.63316071
chr10	78720912	0.3292736357	45.63434082
chr10	78721014	0.3118064943	45.6343744
chr10	78723096	0.3177609287	45.63502358
chr10	78723097	0.2883326411	45.6350239
chr10	78723115	0.3040582649	45.63502909
chr10	78723651	0.3547489745	45.63519207
chr10	78723672	0.3699129084	45.63519952
chr10	78723912	0.4096762775	45.6352883
chr10	78723945	0.4254503107	45.63530182
chr10	78724084	0.427729681	45.63536095
chr10	78724085	0.4239830986	45.63536138
chr10	78726231	0.4585069567	45.63627125
chr10	78728317	0.4151221498	45.63722769
chr10	78736714	0.4366767143	45.64071348
chr10	78736715	0.3778773963	45.64071391
chr10	78739207	0.3777802355	45.64165558
chr10	78739209	0.4115461891	45.64165634
chr10	78739210	0.3339765639	45.64165675
chr10	78782516	0.3398060388	45.65611994
chr10	78786436	0.3395372891	45.65745198
chr10	78811130	0.3299395931	45.66583651
chr10	78811192	0.355132896	45.66585697
chr10	78831721	0.3696147388	45.67314749
chr10	78831722	0.3581680091	45.67314786
chr10	78832797	0.4541421603	45.67353289
chr10	78832798	0.3521219292	45.67353335
chr10	78833053	0.3810577593	45.67362314
chr10	78957069	0.3635451442	45.7208804
chr10	78957071	0.330932207	45.72088112
chr10	78957182	0.3344746773	45.72091786
chr10	78957183	0.194823074	45.72091819
chr10	78957227	0.1472903154	45.72092676
chr10	78959784	0.2133109476	45.72130338
chr10	78959785	0.1977303675	45.7213036
chr10	78959809	0.2074154059	45.72130834
chr10	78960199	0.2181312055	45.72138924
chr10	78960200	0.1891953762	45.72138945
chr10	78965510	0.1731150952	45.72239408
chr10	78966293	0.2125459275	45.72252963
chr10	78966294	0.197381995	45.72252984
chr10	79334773	0.2916020979	45.79526096
chr10	79338841	0.2818961592	45.7964472
chr10	79339005	0.272024988	45.79649343
chr10	79339118	6.772208719	45.79652417
chr10	79339684	0.2001938435	45.80035724
chr10	79339938	0.1905159132	45.80040809
chr10	79339956	0.183276931	45.80041152
chr10	79340165	0.1736047761	45.80044982
chr10	79340185	0.2782629744	45.8004533
chr10	79340922	0.3297369723	45.80065838
chr10	79340972	0.3237825332	45.80067486
chr10	79340974	0.3753741851	45.80067551
chr10	79340975	0.3681343941	45.80067589
chr10	79340980	0.4198108322	45.80067773
chr10	79408684	0.4573226278	45.8291006
chr10	79408685	0.4036130838	45.82910106
chr10	79408784	0.3981387969	45.82914101
chr10	79411536	0.3502107066	45.83023669
chr10	79412047	0.3420758293	45.83041565
chr10	79412175	0.2857887197	45.83045943
chr10	79412286	0.2341970663	45.83049116
chr10	79412397	0.1317744174	45.83051715
chr10	79413517	0.1519091781	45.83066474
chr10	79413528	0.1720451508	45.83066641
chr10	79413637	0.1662156759	45.83068516
chr10	79414248	0.2089789177	45.83078672
chr10	79414249	0.1545914449	45.83078693
chr10	79427068	0.1948796395	45.83276864
chr10	79427069	0.190353449	45.83276883
chr10	79427174	0.1983728986	45.83278882
chr10	79427243	0.2227262135	45.83280251
chr10	79427452	0.2445138507	45.83284906
chr10	79578315	0.2201605358	45.86973715
chr10	79578403	0.2244986135	45.86975653
chr10	79578404	0.2020863687	45.86975675
chr10	79580406	0.1806616008	45.87016133
chr10	79596240	0.1856190579	45.87302192
chr10	79596241	0.1453483264	45.87302211
chr10	79596246	0.1236013856	45.87302284
chr10	79596262	0.1285589918	45.87302481
chr10	79596314	0.1067713547	45.8730315
chr10	79637383	0.1166752099	45.87741649
chr10	79637384	0.0841000126	45.87741661
chr10	79637487	0.09621385717	45.87742527
chr10	79638666	0.105652927	45.87753871
chr10	79639780	0.1109193603	45.8776564
chr10	79646868	0.1002035598	45.8784426
chr10	80028440	0.09076449011	45.91667747
chr10	80028467	0.09986449324	45.91667992
chr10	80336333	0.08772577463	45.94742481
chr10	80338171	0.08544640307	45.94758605
chr10	80338375	0.06501570076	45.94760348
chr10	80338382	0.05976732784	45.94760393
chr10	80419074	0.09492619091	45.95242668
chr10	80426499	0.0859251907	45.9531315
chr10	80426577	0.09412766383	45.95313821
chr10	80427656	0.08947217897	45.95323977
chr10	80432764	0.08037217577	45.95369679
chr10	80576303	0.08555397599	45.96523334
chr10	80576333	0.07915144211	45.9652359
chr10	80577729	0.095704128	45.9653464
chr10	80577739	0.1157530747	45.96534735
chr10	80577740	0.09256534782	45.96534747
chr10	80577822	0.1172905446	45.96535506
chr10	80693747	0.1576414643	45.97895197
chr10	80716288	0.1635196413	45.98250536
chr10	80716301	0.1705606922	45.98250749
chr10	80716324	0.1763853495	45.98251141
chr10	80801194	0.1831865274	45.99748124
chr10	80831535	0.1840198962	46.0030393
chr10	80831536	0.1820570327	46.00303948
chr10	80847299	0.2052840221	46.00590925
chr10	80955057	0.2147903577	46.02803024
chr10	80969057	0.2264096694	46.03103731
chr10	80989770	0.2174804772	46.03572693
chr10	80989923	0.2651644522	46.03576021
chr10	80989924	0.2562388146	46.03576047
chr10	81060105	0.2486117684	46.05374357
chr10	81092065	0.2782128911	46.0616892
chr10	81238822	0.3138455114	46.10251889
chr10	81238823	0.3068044637	46.1025192
chr10	81238834	0.3424412256	46.10252258
chr10	81238835	0.3328144892	46.10252292
chr10	81239145	0.3205055177	46.10262609
chr10	81239541	0.3550910389	46.10275301
chr10	81240092	0.3495364419	46.10294867
chr10	81285575	0.3588714735	46.11884663
chr10	81285694	0.3472521618	46.11888934
chr10	81286307	0.5370890648	46.11910221
chr10	81286308	0.5160240419	46.11910274
chr10	81286332	0.5819424445	46.11911513
chr10	81286333	0.5571180225	46.11911571
chr10	81286338	0.5447060188	46.11911849
chr10	81286380	0.6088186614	46.11914137
chr10	81308402	0.727883517	46.13254878
chr10	81308403	0.7265173688	46.1325495
chr10	81308504	0.7201439884	46.13262288
chr10	81338756	0.976527545	46.15440868
chr10	81338757	0.9725271373	46.15440966
chr10	81339301	4.372526568	46.15493871
chr10	81339302	4.237280769	46.15494308
chr10	81339322	4.876624587	46.15502783
chr10	81339323	4.866894829	46.1550327
chr10	81342000	4.852174586	46.16806138
chr10	81342072	5.804793851	46.16841074
chr10	81342073	5.706134651	46.16841654
chr10	81342145	5.633415067	46.16882739
chr10	81342180	3.071716125	46.16902455
chr10	81342382	7.68790683	46.16964504
chr10	81342383	7.683922135	46.16965273
chr10	81343179	3.06773143	46.17576913
chr10	81343481	3.559787601	46.17669559
chr10	81343482	3.54537218	46.17669915
chr10	81343764	5.364909271	46.17769894
chr10	81343765	5.293386039	46.17770431
chr10	81345195	5.300628697	46.18527385
chr10	81345610	5.740291926	46.18747361
chr10	81345786	3.353429628	46.1884839
chr10	81345803	3.353015341	46.18854091
chr10	81345829	3.386651326	46.18862809
chr10	81345911	3.393825348	46.18890579
chr10	81345918	2.402634525	46.18892955
chr10	81347190	2.401232181	46.1919857
chr10	81347966	3.517060371	46.19384906
chr10	81347967	3.391900524	46.19385257
chr10	81347969	3.400635816	46.19385936
chr10	81350831	2.761291999	46.20359198
chr10	81350958	2.269235828	46.20394266
chr10	81351507	2.283734703	46.20518847
chr10	81352937	2.251081928	46.20845421
chr10	81353020	1.982906114	46.20864105
chr10	81353106	1.669547766	46.20881158
chr10	81353776	1.687332964	46.20993018
chr10	81354611	1.764126516	46.2113391
chr10	81354612	0.2482646042	46.21134087
chr10	81354649	0.266072453	46.21135005
chr10	81455209	0.2324364685	46.2381063
chr10	81455241	0.2793187051	46.23811374
chr10	81455242	0.2427583605	46.23811402
chr10	81464379	0.2597494794	46.2403321
chr10	81464385	0.294385152	46.24033366
chr10	81464425	0.306457963	46.24034543
chr10	81464426	0.2754932424	46.24034574
chr10	81464434	0.287433113	46.24034794
chr10	81465552	0.2967838273	46.24066929
chr10	81627440	0.2742202507	46.28871503
chr10	81627542	0.2607402722	46.288743
chr10	81633430	0.2611172576	46.29027824
chr10	81633431	0.2608269448	46.2902785
chr10	81679693	0.2514919132	46.30234488
chr10	81680910	0.2345007942	46.30265095
chr10	81691451	0.2236053948	46.30512282
chr10	81763234	0.2055972305	46.32117388
chr10	81763275	0.8299148959	46.32118231
chr10	81763276	0.8135237427	46.32118314
chr10	81763433	0.8058127733	46.32131087
chr10	81763548	0.8340527487	46.32140354
chr10	81769133	0.8223318253	46.32606172
chr10	81769146	0.766363125	46.32607241
chr10	81769167	0.8073499913	46.3260885
chr10	81769168	0.153209949	46.32608931
chr10	81772570	0.1238019415	46.32661053
chr10	81773154	0.1329029127	46.32668283
chr10	81801793	0.3393524762	46.33048904
chr10	81801816	0.3402729689	46.33049684
chr10	81801817	0.339366721	46.33049718
chr10	81853172	0.3321240624	46.34792536
chr10	81853395	0.2608263609	46.34799943
chr10	81856237	0.1256744987	46.34874069
chr10	81856306	1.624700495	46.34874937
chr10	81858748	1.617526473	46.35271688
chr10	81858771	0.1249893564	46.35275409
chr10	81858929	0.1362622442	46.35277384
chr10	81858930	0.09527537943	46.35277397
chr10	81859008	0.1213557397	46.3527814
chr10	81859009	0.09750614864	46.35278152
chr10	81886952	0.1653527918	46.35550614
chr10	81887768	0.1681714821	46.35564107
chr10	81887769	0.1612816818	46.35564123
chr10	81893828	0.1330417064	46.35661844
chr10	81893935	0.1683864398	46.35663268
chr10	81946213	0.1842998635	46.36543558
chr10	81998004	0.3594369105	46.37498066
chr10	81998005	0.3263076503	46.37498102
chr10	81998027	0.2909629167	46.37498819
chr10	82000076	0.2648825584	46.37558438
chr10	82000574	0.2680266483	46.37571629
chr10	82017385	0.277090557	46.38022209
chr10	82019011	0.07409396029	46.38067263
chr10	82019756	0.09743038471	46.38072783
chr10	82042334	0.10708789	46.38292762
chr10	82042340	0.1167440777	46.38292826
chr10	82177143	0.1212345356	46.39866571
chr10	82177407	0.1293340617	46.39869772
chr10	82177408	0.1043196676	46.39869785
chr10	82177410	0.1342421498	46.39869806
chr10	82177411	0.110905725	46.39869819
chr10	82177456	0.1236246734	46.39870318
chr10	82177488	0.1281163813	46.39870714
chr10	82423286	0.1459114941	46.43019789
chr10	82423291	0.1637070355	46.43019862
chr10	82423292	0.1384967434	46.43019878
chr10	82423319	0.1085742599	46.43020252
chr10	82423350	0.09891807196	46.43020589
chr10	82423352	0.1053363382	46.43020608
chr10	82423434	0.09847850516	46.43021472
chr10	82423935	0.09196688583	46.43026406
chr10	82630034	0.05637622976	46.44921834
chr10	82631512	0.09954604096	46.44930167
chr10	82631644	0.08668524685	46.44931481
chr10	82631756	0.08742090109	46.44932451
chr10	82716736	0.04425108988	46.45675354
chr10	82716805	0.0719212085	46.4567566
chr10	82716842	0.0800612333	46.45675926
chr10	82716860	0.09796884343	46.4567607
chr10	82729238	0.1146351884	46.45797336
chr10	82729726	0.1367757449	46.4580293
chr10	82879024	0.1680819396	46.47844964
chr10	82881630	0.1808076036	46.47888767
chr10	82992278	0.1762923794	46.49889367
chr10	82996459	0.1673097475	46.49963074
chr10	82996539	0.1535206749	46.49964413
chr10	82996544	0.1222144798	46.4996449
chr10	82996571	0.1451343952	46.4996482
chr10	82996575	0.2516198307	46.49964878
chr10	82996576	0.2275594436	46.49964903
chr10	82996609	0.2144105823	46.49965654
chr10	83168714	0.1384381897	46.53655767
chr10	83168819	0.1302981648	46.53657221
chr10	83170248	0.08793047809	46.5367584
chr10	83170259	0.05028175405	46.53675937
chr10	83170575	0.1561461108	46.53677526
chr10	83170738	0.3320451327	46.53680071
chr10	83170739	0.2995090362	46.53680104
chr10	83191654	0.1236100119	46.54306527
chr10	83191788	0.1429799359	46.54308184
chr10	83193022	0.1401612478	46.54325828
chr10	83203803	0.1402447443	46.54476935
chr10	83205328	0.03438038754	46.54498323
chr10	83206096	0.05543572271	46.54500963
chr10	83207578	0.08770601709	46.54509179
chr10	83209033	0.1090802506	46.5452194
chr10	83209039	0.1393747505	46.54522005
chr10	83209608	0.1407446211	46.54529936
chr10	83209788	0.1622544402	46.54532469
chr10	83214611	0.1730585453	46.54610725
chr10	83321587	0.1407882509	46.56462036
chr10	83380830	0.1453998451	46.57296107
chr10	83380831	0.1028346934	46.57296122
chr10	83381160	0.1102834304	46.57299505
chr10	83381161	0.08890920025	46.57299516
chr10	83381204	0.1047019349	46.57299899
chr10	83381242	0.1080337686	46.57300296
chr10	83381727	0.08866384461	46.57305536
chr10	83398809	0.09204954073	46.57456992
chr10	83398833	0.09594837943	46.57457213
chr10	83399054	0.1036628736	46.57459333
chr10	83400067	1.614539421	46.57469834
chr10	83400068	1.595280019	46.57469996
chr10	83400080	1.605398701	46.5747191
chr10	83400128	1.613145211	46.57479616
chr10	83402514	1.619940065	46.57864512
chr10	83402520	1.629636508	46.57865484
chr10	83402521	0.130409126	46.57865647
chr10	83413468	0.1342771724	46.58008406
chr10	83462999	0.1432035916	46.58673494
chr10	83532650	0.1539476028	46.59670922
chr10	83875065	0.1462010932	46.64942318
chr10	83875082	0.1900896862	46.64942567
chr10	83875083	0.1564062837	46.64942586
chr10	83875157	0.2381578099	46.64943743
chr10	83875158	0.2159240072	46.64943767
chr10	83875962	0.208209513	46.64961128
chr10	83876522	0.2026976063	46.64972787
chr10	83906652	0.2043496939	46.65583515
chr10	83906837	0.197350316	46.65587296
chr10	83968988	0.2043063406	46.66813848
chr10	84108346	0.2037018961	46.6966102
chr10	84257679	0.194085762	46.72702961
chr10	84257694	0.1993993735	46.72703253
chr10	84257695	0.1416955596	46.72703272
chr10	84257701	0.1320780932	46.72703357
chr10	84319136	0.1526592257	46.73514779
chr10	84319137	0.1493282919	46.73514795
chr10	84319259	0.184357483	46.73516616
chr10	84342473	0.1891650996	46.73944584
chr10	84342474	0.1813623151	46.73944603
chr10	84364621	0.1774942687	46.74346266
chr10	84408210	0.2252789386	46.75119946
chr10	84408211	0.2183779759	46.75119968
chr10	84410233	0.2388202951	46.75164124
chr10	84485375	0.2670960626	46.76958668
chr10	84485376	0.2487457341	46.76958694
chr10	84485469	0.2803487718	46.76961008
chr10	84485470	0.2613115076	46.76961036
chr10	84486964	0.239373557	46.77000076
chr10	84497897	0.2000205402	46.77261783
chr10	84497917	0.2223178372	46.77262183
chr10	84497960	0.3137611415	46.77263139
chr10	84497961	0.2694743448	46.7726317
chr10	84569880	0.2183188388	46.79201203
chr10	84642272	0.2659344238	46.80781656
chr10	84715322	0.2615553983	46.82724307
chr10	84715420	0.2772190918	46.82726871
chr10	84857180	0.2747264334	46.86656728
chr10	84858024	0.278809992	46.86679915
chr10	84858025	0.2763193921	46.86679943
chr10	84945439	0.2664466705	46.89095362
chr10	84949866	0.2596543448	46.89213318
chr10	84950086	0.2009720433	46.8921903
chr10	84950300	0.2944458046	46.89223331
chr10	84950301	0.2480088928	46.8922336
chr10	84950313	0.2400941857	46.89223658
chr10	84950319	0.2295885587	46.89223802
chr10	84950676	0.2214618214	46.89231998
chr10	84950747	0.2448838192	46.89233571
chr10	84951999	0.2903719655	46.8926423
chr10	84953305	0.3029360528	46.89302153
chr10	85078649	0.293246423	46.93099274
chr10	85107739	0.1761721232	46.93952328
chr10	85107826	0.1327826279	46.93953861
chr10	85107870	0.1386964926	46.93954445
chr10	85113746	0.1159504507	46.94035943
chr10	85113751	0.1170386828	46.94036001
chr10	85113774	0.0823478274	46.9403627
chr10	85113864	0.1126009847	46.94037011
chr10	85114355	0.1327027418	46.9404254
chr10	85115442	0.1305817465	46.94056965
chr10	85115481	0.1507508358	46.94057474
chr10	85115484	0.1709319832	46.94057519
chr10	85115485	0.1573981458	46.94057536
chr10	85115492	0.1621262812	46.94057647
chr10	85115513	0.1668589358	46.94057987
chr10	85115883	0.2044843868	46.94064161
chr10	85115897	0.4018702536	46.94064447
chr10	85115942	0.5264129246	46.94066256
chr10	85190924	0.7115902948	46.98013405
chr10	85200925	0.7407555067	46.98725066
chr10	85200965	0.8466071373	46.98728029
chr10	85204536	0.9350556383	46.99030353
chr10	85204537	0.8935495047	46.99030446
chr10	85206076	0.9064758313	46.99167964
chr10	85246132	0.7207140402	47.02798943
chr10	85246244	0.7562526977	47.02807015
chr10	85246273	0.7280335161	47.02809208
chr10	85246277	0.7355748738	47.028095
chr10	85250528	0.5503975036	47.03122192
chr10	85297378	0.55931622	47.05700805
chr10	85297379	0.5392144623	47.05700861
chr10	85297397	0.4020831159	47.05701831
chr10	85297787	1.464161087	47.05717512
chr10	85297788	1.443979938	47.05717659
chr10	85297806	1.398998039	47.05720258
chr10	85297893	2.216155963	47.05732429
chr10	85297894	2.195986877	47.05732651
chr10	85297971	2.155471071	47.0574956
chr10	85298225	2.161653171	47.05804309
chr10	85301189	2.169689835	47.06445023
chr10	85323548	1.884056203	47.11296233
chr10	85324792	1.747281453	47.11530609
chr10	85324926	1.762226985	47.11554023
chr10	85324930	1.079306229	47.11554728
chr10	85325361	0.8124531066	47.11601246
chr10	85325385	0.795059543	47.11603196
chr10	85325482	0.7655125415	47.11610908
chr10	85325543	0.7479596481	47.11615577
chr10	85325747	43.59050977	47.11630836
chr10	85325877	43.58613201	47.12197512
chr10	85326433	56.10009116	47.14620901
chr10	85326434	13.25754104	47.14626511
chr10	85326484	13.12742361	47.14692799
chr10	85326530	13.12921172	47.14753185
chr10	85326726	13.12987167	47.15010518
chr10	85326727	0.217026482	47.15011831
chr10	85326881	0.2512647189	47.15015173
chr10	85327072	0.222099507	47.15019972
chr10	85327301	0.2046974679	47.15025058
chr10	85327303	2.059983871	47.15025099
chr10	85327320	2.066480588	47.15028601
chr10	85328586	2.934931157	47.15290217
chr10	85328622	2.980294845	47.15300783
chr10	85349761	3.053582309	47.21600828
chr10	85349767	3.273470981	47.21602661
chr10	85349768	1.223088347	47.21602988
chr10	85399961	1.327549064	47.27742035
chr10	85399962	0.3126203408	47.27742168
chr10	85400626	0.3312431431	47.27762926
chr10	85400627	0.3298722996	47.27762959
chr10	85400639	0.3474514187	47.27763355
chr10	85400640	0.3457684073	47.2776339
chr10	85400645	0.3568005674	47.27763563
chr10	85400835	0.3876109105	47.27770342
chr10	85400836	0.3842092984	47.27770381
chr10	85434336	0.3966534621	47.29057482
chr10	85434337	0.3624152232	47.29057521
chr10	85490696	0.3926414323	47.31100057
chr10	85490697	0.3797151062	47.31100097
chr10	85490793	0.393469023	47.31103742
chr10	85495438	0.4089807566	47.31286508
chr10	85709456	0.5572928519	47.40039433
chr10	85709892	0.632243534	47.40063731
chr10	85709893	0.6233248158	47.40063794
chr10	85709904	0.6432560359	47.40064479
chr10	85729903	0.6320827563	47.41350927
chr10	85729985	0.6025767405	47.4135611
chr10	85730017	0.5914298322	47.41358039
chr10	85732620	0.5648584129	47.41511988
chr10	85734133	0.739993105	47.41597451
chr10	85734134	0.6318736812	47.41597525
chr10	85734300	0.6763890233	47.41608014
chr10	85758287	0.6792461207	47.43230468
chr10	85758288	0.5131798854	47.43230536
chr10	85758979	0.401644294	47.43265997
chr10	85759069	0.2225218569	47.43269612
chr10	85776604	0.3163219706	47.43659804
chr10	85816126	0.4112714933	47.44909971
chr10	85816127	0.4060173538	47.44910013
chr10	85816241	0.4045064511	47.44914641
chr10	85816948	0.3599911091	47.4494324
chr10	85841516	0.4305991771	47.45827666
chr10	85841580	0.420772889	47.45830422
chr10	85891262	0.7094432689	47.47920906
chr10	85892900	0.6730749264	47.48037112
chr10	85892952	2.214383679	47.48040612
chr10	85893347	2.208201578	47.48128081
chr10	85893621	8.218962087	47.48188585
chr10	85893622	8.0133522	47.48189407
chr10	85893887	8.011688235	47.48401761
chr10	85894494	3.775612062	47.48888071
chr10	85894497	3.768162539	47.48889203
chr10	85894604	3.782583107	47.48929523
chr10	85894605	3.751404522	47.48929901
chr10	85895198	3.743889879	47.49152359
chr10	85895338	4.292826638	47.49204774
chr10	85895339	2.693730265	47.49205203
chr10	85895669	0.8972927688	47.49294096
chr10	85898078	1.534587761	47.49510254
chr10	85898873	2.292562463	47.49632254
chr10	85898874	2.285188221	47.49632483
chr10	85900233	4.348622877	47.4994304
chr10	85902015	4.357398609	47.50717964
chr10	85902016	2.293963956	47.507184
chr10	85902069	2.297703502	47.50730558
chr10	85902074	2.309950771	47.50731707
chr10	85902669	1.808095091	47.50869149
chr10	85903774	1.824288027	47.51068944
chr10	85903775	1.81698552	47.51069126
chr10	85903796	1.062343805	47.51072942
chr10	85903822	1.071139515	47.51075704
chr10	85903823	1.063837704	47.51075811
chr10	85903850	1.079911087	47.51078683
chr10	85903851	0.4426160977	47.51078791
chr10	85904007	0.1539457178	47.51085696
chr10	85966001	0.1579532902	47.52040067
chr10	85966010	0.1613600922	47.52040209
chr10	85973482	0.1142790112	47.52160778
chr10	85979445	0.1307749424	47.52228922
chr10	85979460	0.1413649127	47.52229118
chr10	86076404	0.1451596225	47.53599566
chr10	86146023	0.1500727721	47.54610153
chr10	86146598	0.1565962953	47.54618782
chr10	86199390	0.1619551398	47.55445485
chr10	86199567	0.1498910403	47.55448352
chr10	86202475	0.1795196596	47.5549194
chr10	86202476	0.1384563524	47.55491958
chr10	86321251	0.1296806174	47.57136474
chr10	86321290	0.1368303674	47.57136979
chr10	86322105	0.9464923352	47.57148131
chr10	86322106	0.9376966292	47.57148226
chr10	86323461	0.9836946977	47.57275284
chr10	86323494	0.9902279401	47.5727853
chr10	86326648	0.9997512791	47.57590848
chr10	86326649	0.1604606914	47.57590948
chr10	86326873	0.1669677161	47.57594542
chr10	86326874	0.1476821555	47.57594559
chr10	86326924	0.1542806048	47.57595297
chr10	86326991	0.2017873229	47.57596331
chr10	86327013	0.2179214683	47.57596775
chr10	86710573	0.1922150638	47.65955371
chr10	86712879	0.2124364755	47.65999695
chr10	86712880	0.2029018335	47.65999717
chr10	86712973	0.1933784943	47.66001604
chr10	86884039	0.1893709217	47.69309652
chr10	86884075	0.212159371	47.69310334
chr10	86884087	0.2046717713	47.69310588
chr10	86884495	0.1811231491	47.69318939
chr10	86885906	0.1708010204	47.69344496
chr10	86885938	0.1616962599	47.69345042
chr10	86886217	0.5840962589	47.69349553
chr10	86886629	1.027468635	47.69373618
chr10	86886630	1.020935394	47.69373721
chr10	86889543	1.052502472	47.69671119
chr10	86892247	1.042330482	47.69955716
chr10	86892278	1.035823458	47.69958947
chr10	86893289	1.059916185	47.70063669
chr10	86894170	1.08569159	47.70157048
chr10	86894820	1.065470178	47.70227618
chr10	86894850	1.089828253	47.70230814
chr10	86894851	1.0849151	47.70230923
chr10	86894927	0.2191427233	47.70239168
chr10	86986326	0.2319807778	47.72242111
chr10	87027382	0.2214749204	47.73194531
chr10	87036697	0.2205920736	47.73400835
chr10	87036906	0.6227238885	47.73405446
chr10	87036907	0.591791677	47.73405508
chr10	87036915	0.9994938041	47.73405981
chr10	87045520	1.011553358	47.74266046
chr10	87045521	0.9651775804	47.74266147
chr10	87045939	0.5447266135	47.74306491
chr10	87045995	0.5177767914	47.74309542
chr10	87046055	0.1156449751	47.74312648
chr10	87046061	0.115939649	47.74312718
chr10	87046062	0.1127325883	47.74312729
chr10	87046065	0.1622848113	47.74312763
chr10	87046171	0.1654434099	47.74314483
chr10	87046313	0.177590195	47.74316833
chr10	87046314	0.1771352303	47.7431685
chr10	87046568	0.2269154134	47.7432135
chr10	87047118	0.22698827	47.7433383
chr10	87047119	0.2268154205	47.74333853
chr10	87047164	0.2633213491	47.74334873
chr10	87120312	0.2137691249	47.76261016
chr10	87120474	0.2457902184	47.76264479
chr10	87120475	0.1960100329	47.76264504
chr10	87120522	0.2367103065	47.76265425
chr10	87120523	0.2204074979	47.76265449
chr10	87120541	0.3003100761	47.76265846
chr10	87120559	0.2956739214	47.76266386
chr10	87120709	0.3278547535	47.76270821
chr10	87121035	0.3922611402	47.76281509
chr10	87121170	0.4083726876	47.76286805
chr10	87121181	0.4104532483	47.76287254
chr10	87121185	0.4266052546	47.76287418
chr10	87121443	0.4744332636	47.76298425
chr10	87270008	0.4498215676	47.83346843
chr10	87271963	0.5450456584	47.83434783
chr10	87271964	0.5207487952	47.83434837
chr10	87272904	0.5079107407	47.83483788
chr10	87277705	0.4845014103	47.83727635
chr10	87348965	0.3722204826	47.87180193
chr10	87349200	0.2956687035	47.8718894
chr10	87349495	0.6405835785	47.87197662
chr10	87349507	0.5879745615	47.87198431
chr10	87349508	0.540529804	47.87198489
chr10	87349521	1.078410506	47.87199192
chr10	87349522	1.046219871	47.871993
chr10	87350445	1.532232695	47.87295866
chr10	87350446	1.480386313	47.87296019
chr10	87350492	1.515014151	47.87302829
chr10	87350508	2.994348286	47.87305253
chr10	87350597	3.465394187	47.87331903
chr10	87350598	3.413244703	47.87332249
chr10	87351582	3.543727985	47.87668113
chr10	87351583	3.519753379	47.87668467
chr10	87351965	4.48887883	47.87802922
chr10	87352995	3.009544696	47.88265276
chr10	87355514	3.040875974	47.8902338
chr10	87355515	3.025158142	47.89023684
chr10	87356069	3.207488931	47.89191278
chr10	87356168	3.403702973	47.89223032
chr10	87356242	3.406656941	47.8924822
chr10	87356360	3.554098292	47.89288418
chr10	87356361	2.179296754	47.89288774
chr10	87356367	2.215997144	47.89290081
chr10	87356557	2.665094224	47.89332185
chr10	87359206	2.778404342	47.90038169
chr10	87360225	2.816530562	47.90321288
chr10	87360262	2.10006003	47.90331709
chr10	87379222	1.940473668	47.94313423
chr10	87380748	1.972823412	47.94609539
chr10	87381312	1.992601533	47.94720807
chr10	87381313	1.004466837	47.94721006
chr10	87381838	1.009096167	47.9477374
chr10	87381839	0.5380502679	47.94773841
chr10	87383914	0.4281245458	47.94885487
chr10	87384068	0.4788386292	47.9489208
chr10	87384069	0.4770505216	47.94892128
chr10	87455883	0.4984379274	47.98318018
chr10	87455884	0.496081459	47.98318068
chr10	87456613	0.5058399708	47.98354233
chr10	87456614	0.268487694	47.98354283
chr10	87456621	0.2318986259	47.98354471
chr10	87456723	0.1937724057	47.98356836
chr10	87456739	0.1591445669	47.98357146
chr10	87494476	0.1617949934	47.9895771
chr10	87494477	0.1294452473	47.98957726
chr10	87494539	0.1760380742	47.98958529
chr10	87495655	0.2114465342	47.98978175
chr10	87495669	0.220315371	47.98978471
chr10	87627905	0.1989279671	48.01891833
chr10	87632864	0.1856627643	48.01990482
chr10	87632887	0.1860290979	48.01990909
chr10	87632888	0.1846624926	48.01990927
chr10	87633414	0.1714235433	48.02000641
chr10	87635745	0.1935236027	48.02040599
chr10	87635759	0.179064387	48.0204087
chr10	87635771	0.2059113982	48.02041085
chr10	87635772	0.1536041404	48.02041106
chr10	87897694	0.1681662738	48.06064336
chr10	87897695	0.1291060758	48.06064353
chr10	88072933	0.1143297981	48.08326782
chr10	88073015	0.1090108909	48.08327719
chr10	88073643	0.1358729193	48.08334565
chr10	88117687	0.1310457948	48.08933004
chr10	88176576	0.1264164654	48.0970472
chr10	88210606	0.05428591409	48.10134915
chr10	88210680	0.04940689943	48.10135317
chr10	88210814	0.07584423313	48.10135979
chr10	88210960	0.08881769276	48.10137086
chr10	88210961	0.08565909243	48.10137095
chr10	88222168	0.09916639243	48.10233093
chr10	88222169	0.09411010513	48.10233103
chr10	88483936	0.07691677013	48.12696595
chr10	88485834	0.100978872	48.12711194
chr10	88486273	0.1225234083	48.12715627
chr10	88487488	0.1192702443	48.12730513
chr10	88487525	0.1314352289	48.12730955
chr10	88487526	0.1271159184	48.12730968
chr10	88494546	0.2530106684	48.12820203
chr10	88494547	0.2135631281	48.12820228
chr10	88494559	0.2845581619	48.12820485
chr10	88494560	0.2802569236	48.12820513
chr10	88494709	0.3146372172	48.12824689
chr10	88494725	0.328189393	48.12825192
chr10	88494786	0.3762953622	48.12827194
chr10	88556191	0.3874698636	48.15137836
chr10	88601701	0.410074863	48.16901211
chr10	88601720	0.4875902206	48.1690199
chr10	88601721	0.4159237913	48.16902039
chr10	88601770	0.3816114732	48.16904077
chr10	88709037	0.4035897882	48.20997509
chr10	88755390	0.4340006329	48.22868269
chr10	88766202	0.4204484572	48.2333751
chr10	88766557	0.5777288976	48.23352436
chr10	88766558	0.5283457484	48.23352494
chr10	88766911	0.8811948575	48.23371145
chr10	88766912	0.8454145858	48.23371233
chr10	88767015	0.9856617551	48.2337994
chr10	88789916	0.9732058388	48.25637204
chr10	88789948	1.011865699	48.25640319
chr10	88789949	0.8350393657	48.2564042
chr10	88789958	0.8775841636	48.25641171
chr10	88789959	0.4695560358	48.25641259
chr10	88793247	0.4815905399	48.25795649
chr10	88793248	0.3413433694	48.25795697
chr10	88793328	0.3814268652	48.25798428
chr10	88793329	0.3694621075	48.25798466
chr10	88876370	0.3390512628	48.28866517
chr10	88876430	0.3024925874	48.28868551
chr10	88876434	0.2092657346	48.28868672
chr10	88876680	0.190009837	48.2887382
chr10	88876725	0.8167737207	48.28874675
chr10	88876726	0.7937688255	48.28874757
chr10	88876750	0.8630917074	48.28876662
chr10	88876774	1.495131562	48.28878733
chr10	88882546	1.530759354	48.29741723
chr10	88882594	2.503724765	48.29749071
chr10	88882595	1.242270606	48.29749321
chr10	88883210	1.287010601	48.29825721
chr10	88883325	1.738822463	48.29840521
chr10	88884128	1.72579572	48.29980149
chr10	88885113	1.987364115	48.3015014
chr10	88885114	1.908620758	48.30150338
chr10	88885117	3.141151409	48.30150911
chr10	88885431	3.480150326	48.30249543
chr10	88885432	3.468975825	48.30249891
chr10	88888102	2.236445175	48.31176108
chr10	88889504	2.234364614	48.31489657
chr10	88889528	2.225050002	48.3149502
chr10	88889593	2.264521132	48.31509482
chr10	88889616	1.740581514	48.31514691
chr10	88889710	1.832302296	48.31531052
chr10	88889714	1.840451723	48.31531785
chr10	88889731	1.949460003	48.31534914
chr10	88889880	2.044741488	48.31563961
chr10	88891468	1.592929626	48.31888666
chr10	88891493	1.689009849	48.31892648
chr10	88891494	1.27562738	48.31892817
chr10	88928164	1.405333607	48.36570543
chr10	88928230	2.525450468	48.36579818
chr10	88928492	5.363822751	48.36645985
chr10	88928493	5.260063033	48.36646521
chr10	88929784	5.399500346	48.37325595
chr10	88929785	5.211566521	48.37326135
chr10	88929821	5.228579681	48.37344897
chr10	88929822	2.301292415	48.3734542
chr10	88930120	2.509604506	48.37413998
chr10	88930121	2.099724514	48.37414249
chr10	88931431	2.113903272	48.37689313
chr10	88931571	2.549838307	48.37718908
chr10	88931572	1.448969368	48.37719163
chr10	88931598	1.454257283	48.3772293
chr10	88956102	1.644968586	48.41286442
chr10	88956270	1.659494309	48.41314078
chr10	88956273	1.784036605	48.41314575
chr10	88956324	1.799776222	48.41323674
chr10	88961892	4.027412918	48.42325789
chr10	88965442	4.226624078	48.43755521
chr10	88965443	1.763475346	48.43755944
chr10	88965995	1.785153898	48.43853288
chr10	88965996	1.469808816	48.43853466
chr10	88966167	1.476386891	48.438786
chr10	88976690	1.297685512	48.45432202
chr10	88982681	1.290148449	48.46209645
chr10	88982803	1.182935904	48.46225385
chr10	88985553	1.19933037	48.46550692
chr10	88985554	1.043844613	48.46550812
chr10	88985811	0.8629783892	48.46577639
chr10	88985813	0.9146790489	48.46577812
chr10	88985814	0.754493425	48.46577903
chr10	88986874	0.7873173615	48.46657879
chr10	88986875	0.4540646894	48.46657958
chr10	89065948	0.5387408919	48.50248384
chr10	89065949	0.4654513713	48.50248438
chr10	89098959	0.4759354795	48.51784893
chr10	89098960	0.4035219211	48.5178494
chr10	89190071	0.4144824644	48.55461469
chr10	89190072	0.3846060959	48.5546151
chr10	89190792	0.3955902343	48.55489202
chr10	89190793	0.383369814	48.55489241
chr10	89190911	0.3691910565	48.55493765
chr10	89209551	0.4273597938	48.56181937
chr10	89209552	0.3175656837	48.5618198
chr10	89209682	0.3044212383	48.56186108
chr10	89209908	0.3319124531	48.56192988
chr10	89209909	0.2807999415	48.56193022
chr10	89209917	0.298095547	48.56193246
chr10	89209924	0.3244307294	48.56193455
chr10	89209925	0.2988773148	48.56193487
chr10	89210469	0.3222167	48.56209746
chr10	89226308	0.3345036834	48.56720105
chr10	89226312	0.3360025715	48.56720239
chr10	89226313	0.3342990027	48.56720273
chr10	89226328	0.3465868078	48.56720774
chr10	89226363	0.3588760495	48.56721987
chr10	89226472	0.3711697674	48.56725899
chr10	89226483	0.3834639365	48.56726307
chr10	89226493	0.395778723	48.56726691
chr10	89283696	0.4003505265	48.58990664
chr10	89349627	0.374015344	48.61630215
chr10	89524040	0.4096258944	48.68153529
chr10	89524051	0.396938349	48.68153979
chr10	89524518	0.3907683372	48.68172516
chr10	89525246	0.3827580599	48.68200964
chr10	89525248	0.3704432743	48.68201041
chr10	89525465	0.3638651997	48.68209079
chr10	89525586	0.3522105896	48.68213482
chr10	89525738	0.6022907968	48.68218836
chr10	89525739	0.4060959326	48.68218896
chr10	89609735	0.4060084084	48.71629939
chr10	89610380	0.3625417607	48.71656127
chr10	89613024	0.2782417815	48.71751983
chr10	89621154	0.2861146058	48.71978193
chr10	89621155	0.2755840608	48.71978222
chr10	89621247	0.2697941532	48.71980757
chr10	89621257	0.5307605306	48.71981027
chr10	89621258	0.4922439482	48.7198108
chr10	89624753	0.4550869115	48.7215312
chr10	89627354	0.4630549597	48.72271488
chr10	89627355	0.4221564969	48.72271534
chr10	89627370	0.4419558879	48.72272167
chr10	89635354	0.4652579051	48.72625025
chr10	89635355	0.1484983982	48.72625071
chr10	89658561	0.2212384887	48.72969677
chr10	89658786	0.2346146886	48.72974655
chr10	89658787	0.2182202235	48.72974678
chr10	89765759	2.546767054	48.75309023
chr10	89767079	2.542379788	48.75645197
chr10	89767123	2.560133991	48.75656383
chr10	89767339	0.231587161	48.75711682
chr10	89768730	0.2272102246	48.75743896
chr10	89769415	0.2491292236	48.7575946
chr10	89769553	0.2495996938	48.75762898
chr10	89769554	0.2098827264	48.75762923
chr10	89800803	0.1993986188	48.76418785
chr10	89937117	0.1861908473	48.79136867
chr10	89937182	0.1998499402	48.79138078
chr10	89937264	0.2270590258	48.79139717
chr10	89937265	0.1750114687	48.79139739
chr10	89937468	0.171500049	48.79143292
chr10	89937611	0.1583156591	48.79145744
chr10	89937688	0.1827258502	48.79146963
chr10	89939104	0.2285816682	48.79172837
chr10	90019336	0.1827258502	48.81006794
chr10	90088407	0.1938588596	48.822689
chr10	90088408	0.1468075197	48.82268919
chr10	90088433	0.1773580109	48.82269286
chr10	90088434	0.1597095052	48.82269304
chr10	90088471	0.1476490439	48.82269895
chr10	90089086	0.1396809932	48.82278975
chr10	90089229	0.170434761	48.82280972
chr10	90089307	0.179499496	48.82282302
chr10	90090029	0.2077146737	48.82295262
chr10	90091476	0.1997873812	48.82325318
chr10	90091538	0.2035916613	48.82326557
chr10	90206534	0.189932568	48.84667779
chr10	90206541	0.207841417	48.84667912
chr10	90206542	0.1941785688	48.84667933
chr10	90206558	0.2167936017	48.84668244
chr10	90206559	0.2103526496	48.84668266
chr10	90206609	0.2039122614	48.84669317
chr10	90208859	0.3313015	48.84715198
chr10	90208860	0.256451003	48.84715231
chr10	90208882	0.2596309372	48.84715795
chr10	90208883	0.2433783282	48.84715821
chr10	90209717	0.7129329641	48.84736119
chr10	90210027	0.7390555428	48.84758219
chr10	90210040	0.7945864618	48.8475918
chr10	90218367	0.8189296281	48.85420832
chr10	90218368	0.3936488493	48.85420914
chr10	90218545	0.4214633239	48.85427882
chr10	90219641	0.4495074125	48.85474074
chr10	90220962	0.4504088879	48.85533454
chr10	90323475	0.6302521243	48.90150731
chr10	90323476	0.5657197076	48.90150794
chr10	90324699	0.6078740437	48.90219981
chr10	90350817	0.6818534999	48.91807627
chr10	90350818	0.5997495893	48.91807695
chr10	90350831	0.5654025135	48.91808475
chr10	90350867	0.5392799348	48.9181051
chr10	90369019	0.4355271961	48.92789411
chr10	90369241	0.5216183183	48.9279908
chr10	90369242	0.4990032828	48.92799132
chr10	90369325	0.4529780421	48.92803274
chr10	90369367	0.4300564184	48.92805176
chr10	90369502	0.405713255	48.92810982
chr10	90411870	0.3272528313	48.94529908
chr10	90411976	0.1810985287	48.94533377
chr10	90413788	0.1825614356	48.94566192
chr10	90414164	0.2301085936	48.94573056
chr10	90418649	0.1914519857	48.9467626
chr10	90418716	0.1528225721	48.94677542
chr10	90418743	0.1352933464	48.94677955
chr10	90418875	0.1241603351	48.94679741
chr10	90419230	0.1783780248	48.94684149
chr10	90419998	0.1863033705	48.94697848
chr10	90487003	0.1955656189	48.95946174
chr10	90487088	0.1413479292	48.95947836
chr10	90491541	0.1480002254	48.96010778
chr10	90491542	0.1004530644	48.96010793
chr10	90492049	0.1098344892	48.96015886
chr10	90492427	0.1147063529	48.96020038
chr10	90492428	0.09293044974	48.96020049
chr10	90495137	0.1188612515	48.96045224
chr10	90495176	0.1237537077	48.96045688
chr10	90495177	0.1146889746	48.960457
chr10	90496407	0.1290763025	48.96059807
chr10	90503980	0.1387520951	48.96157556
chr10	90657425	0.1451224187	48.98286638
chr10	90884217	0.1552106141	49.01577898
chr10	90884218	0.09312562701	49.01577914
chr10	90890181	0.08090448868	49.01633445
chr10	90890226	0.09116083147	49.01633809
chr10	91044598	0.09700015369	49.03041077
chr10	91044599	0.09034786216	49.03041086
chr10	91057345	2.944579043	49.03156244
chr10	91058633	2.965443919	49.03535506
chr10	91058634	0.1008794035	49.03535802
chr10	91234963	0.05982958885	49.05314599
chr10	91247170	0.06196001578	49.05387632
chr10	91247171	0.05216707859	49.05387639
chr10	91247601	0.04729521596	49.05389882
chr10	91247930	0.04996828794	49.05391438
chr10	91248073	0.04642801231	49.05392152
chr10	91248911	0.03633981791	49.05396043
chr10	91248941	0.02608347509	49.05396152
chr10	91261400	0.03076469779	49.0542865
chr10	91365856	0.04034579604	49.05750005
chr10	91365857	0.03716586369	49.05750009
chr10	91367472	0.04639333614	49.05756012
chr10	91749852	0.03681223636	49.0753
chr10	91765047	0.04984571715	49.07585936
chr10	91766183	0.09389609801	49.07591599
chr10	91766184	0.08466862277	49.07591608
chr10	91766277	0.1537105082	49.07592395
chr10	91819565	0.08466862277	49.08411488
chr10	92017639	0.07003741894	49.10088553
chr10	92045678	0.07396385294	49.10284931
chr10	92045863	0.06080916189	49.102863
chr10	92047035	13.39089609	49.10293426
chr10	92047036	13.37779634	49.10294765
chr10	92047311	0.04770941242	49.10662655
chr10	92047327	0.0560587381	49.10662731
chr10	92047328	0.03834403143	49.10662737
chr10	92047359	0.04152149366	49.10662856
chr10	92047674	0.0559878733	49.10664164
chr10	92047680	0.06979806405	49.10664197
chr10	92047711	0.07607719136	49.10664414
chr10	92047753	0.0821173245	49.10664733
chr10	92047754	0.09593135039	49.10664741
chr10	92053149	0.1020254678	49.10716496
chr10	92116373	0.117890464	49.11361542
chr10	92190542	0.1510400247	49.12235924
chr10	92293572	0.1564462581	49.13792089
chr10	92293579	0.1645676407	49.13792199
chr10	92301527	0.1314180801	49.13922997
chr10	92301995	0.1169517009	49.13929147
chr10	92302023	0.1445105128	49.13929475
chr10	92304711	0.1386711889	49.13968319
chr10	92314085	0.1110469693	49.1409831
chr10	92314096	0.1170347921	49.14098432
chr10	92624288	0.1143617202	49.17728757
chr10	92633636	0.1208044296	49.17835663
chr10	92633637	0.1145253043	49.17835675
chr10	92656863	0.09558407742	49.18101671
chr10	92659954	0.1302786849	49.18131216
chr10	92660331	0.233820483	49.18136128
chr10	92744053	0.2537439343	49.2009372
chr10	92744054	0.2098001652	49.20093745
chr10	92744070	0.2177860476	49.20094081
chr10	92744073	0.2656206066	49.20094146
chr10	92855253	0.2811389484	49.23047316
chr10	92928521	0.2752664573	49.25107165
chr10	92928527	0.2392851767	49.2510733
chr10	92928662	0.2255741109	49.2511056
chr10	92928714	0.2937397525	49.25111733
chr10	92928715	0.2363773946	49.25111763
chr10	92928737	0.2928241006	49.25112283
chr10	92928807	0.3998763844	49.25114333
chr10	92928808	0.3940065796	49.25114373
chr10	92928852	0.4373409794	49.25116106
chr10	92928853	0.4037289378	49.2511615
chr10	92974102	0.3790605446	49.26942983
chr10	92974146	0.3845151255	49.26944651
chr10	92974147	0.303370353	49.26944689
chr10	92982687	0.2312782808	49.27203768
chr10	93152056	0.2148036235	49.31120905
chr10	93204668	0.201470203	49.3225103
chr10	93204685	0.1950274928	49.32251372
chr10	93204687	0.1816949894	49.32251411
chr10	93204771	0.147043281	49.32252937
chr10	93205222	0.1553403521	49.32259569
chr10	93205223	0.1379547498	49.32259584
chr10	93205234	0.1067413934	49.32259736
chr10	93205299	0.09343286057	49.3226043
chr10	93205488	0.06645669417	49.32262196
chr10	93206522	0.0841985006	49.32269068
chr10	93328877	0.07500234994	49.33299278
chr10	93329415	0.05948400815	49.33303313
chr10	93398978	0.07422005252	49.33717102
chr10	93501204	0.06173505517	49.34475824
chr10	93538958	0.1317682047	49.34708898
chr10	93579999	0.1277693743	49.35249688
chr10	93639776	0.09127684325	49.36013455
chr10	93648634	0.1031029555	49.36094308
chr10	93648635	0.1003878636	49.36094319
chr10	93648644	0.08663621287	49.36094409
chr10	93648645	0.07190016582	49.36094418
chr10	93648649	0.03835954796	49.36094446
chr10	93649064	0.03463993741	49.36096038
chr10	93654561	0.06372393595	49.3611508
chr10	93905829	0.04908178497	49.37716259
chr10	93906395	1.315595469	49.37719037
chr10	93906396	1.310338662	49.37719168
chr10	93906482	1.312841711	49.37730437
chr10	93909314	0.03800109932	49.38102234
chr10	93959733	0.06952429743	49.38293832
chr10	93959734	0.05769818401	49.38293839
chr10	93959748	0.05956830095	49.38293919
chr10	93959797	0.0912964759	49.38294211
chr10	93959804	0.1001769609	49.38294275
chr10	93959858	0.1041414229	49.38294816
chr10	93969518	0.1060208565	49.38395417
chr10	94017449	0.1102744989	49.38903585
chr10	94017450	0.1035152962	49.38903596
chr10	94075721	0.1026819258	49.3950679
chr10	94075754	0.07095375082	49.39507129
chr10	94076443	0.1267770742	49.39512018
chr10	94076444	0.09525387598	49.3951203
chr10	94076467	0.09931426686	49.3951225
chr10	94077697	0.1098286749	49.39524465
chr10	94077718	0.1148710027	49.39524696
chr10	94077850	0.1158937778	49.39526212
chr10	94508055	0.103068236	49.4451202
chr10	94508446	0.1020821754	49.4451605
chr10	94766695	0.1064125046	49.47152312
chr10	94805083	0.123643207	49.47560809
chr10	94882378	0.1311070008	49.48516509
chr10	94882379	0.1268533541	49.48516522
chr10	94887716	0.1223183776	49.48584224
chr10	94887879	0.118353916	49.48586217
chr10	94887887	0.1138128771	49.48586312
chr10	94982562	0.1231805911	49.49663835
chr10	94982563	0.1191201999	49.49663848
chr10	95117748	0.124304063	49.51274174
chr10	95185200	0.1176638581	49.5211263
chr10	95375305	0.08509568299	49.54349479
chr10	95375527	0.08226360746	49.54351368
chr10	95376331	0.07693023468	49.54357982
chr10	95465311	0.03719292002	49.55042507
chr10	95465412	0.1410944028	49.55042883
chr10	95465477	0.1654866324	49.550438
chr10	95465478	0.1628355202	49.55043816
chr10	95616063	0.164130367	49.57495875
chr10	95616308	0.1306273549	49.57499896
chr10	95616438	0.1425035541	49.57501594
chr10	95655309	0.1467050991	49.5805552
chr10	95655349	0.144535234	49.58056107
chr10	95655429	0.1853961606	49.58057263
chr10	95655430	0.181069572	49.58057282
chr10	95925412	0.1674424029	49.62945834
chr10	95925616	0.1402086427	49.6294925
chr10	95926226	0.1283324435	49.62957803
chr10	95926582	0.1699662144	49.62962371
chr10	95926669	0.170553141	49.6296385
chr10	95927059	0.1766453295	49.62970502
chr10	95927060	0.1747752136	49.62970519
chr10	95927077	0.1807229708	49.62970816
chr10	95927078	0.1788435367	49.62970834
chr10	95927084	0.1908741077	49.62970942
chr10	95927266	0.203062403	49.62974416
chr10	95927632	0.2142288693	49.62981848
chr10	95927633	0.1107537936	49.62981869
chr10	95978427	0.127418138	49.63544432
chr10	95978452	0.1415230373	49.63544751
chr10	96022328	0.1030973693	49.64165697
chr10	96022339	0.1160650886	49.6416581
chr10	96121065	0.1794847948	49.65311675
chr10	96134866	0.1887731628	49.65559382
chr10	96179076	0.1935903455	49.66393948
chr10	96179077	0.1301706393	49.66393967
chr10	96199204	0.1135062948	49.66655962
chr10	96530963	0.3496035816	49.70421635
chr10	96530964	0.3117367796	49.7042167
chr10	96530990	0.2984097016	49.70422481
chr10	96545646	0.3077581567	49.7085983
chr10	96545647	0.3018104014	49.70859861
chr10	96545654	0.3167396258	49.70860072
chr10	96546545	0.361496852	49.70888293
chr10	96546546	0.1189233429	49.70888329
chr10	96546656	0.1282086615	49.70889638
chr10	96546657	0.1222705351	49.7088965
chr10	96547741	0.1381628904	49.70902905
chr10	96547910	0.1475469714	49.7090524
chr10	96548235	0.1518363212	49.70910035
chr10	96548322	0.1611611317	49.70911356
chr10	96653505	0.1703023074	49.72606497
chr10	96653506	0.135905621	49.72606514
chr10	96653510	0.1308371331	49.72606568
chr10	96663895	0.1251024755	49.72742443
chr10	96664074	0.1432495296	49.72744682
chr10	96664143	0.2098241266	49.7274567
chr10	96939197	0.2412874807	49.78516967
chr10	96939198	0.2225691593	49.78516991
chr10	96939967	0.228117635	49.78534107
chr10	96939968	0.2187335519	49.78534129
chr10	96942822	0.2139163692	49.78596556
chr10	96942872	0.1987609127	49.78597626
chr10	96942883	0.2017698648	49.78597844
chr10	96942884	0.1924845424	49.78597864
chr10	96942928	0.2250277212	49.78598711
chr10	96942979	0.211836477	49.78599859
chr10	96943123	0.2770462686	49.78602909
chr10	96943124	0.2639272671	49.78602937
chr10	96943344	0.2965497998	49.78608744
chr10	96943345	0.2833725876	49.78608773
chr10	97022227	0.2756526707	49.80844073
chr10	97055962	0.2104428762	49.81773987
chr10	97055981	0.1615492145	49.81774387
chr10	97056122	0.1283385567	49.81776665
chr10	97056130	0.09687520552	49.81776768
chr10	97073398	0.09362745289	49.81944052
chr10	97097898	0.09566374422	49.82173439
chr10	97097978	0.1113313066	49.82174204
chr10	97104382	0.102974246	49.82245501
chr10	97104525	0.1151893506	49.82246973
chr10	97105584	0.1313813784	49.82259172
chr10	97106264	0.1454108016	49.82268106
chr10	97106265	0.1203305007	49.8226812
chr10	97106986	0.1639797063	49.82276796
chr10	97106987	0.1556718026	49.82276813
chr10	97184684	0.1970186914	49.83486336
chr10	97191273	2.089524308	49.83616151
chr10	97191274	2.045875106	49.8361636
chr10	97193403	0.3185962365	49.84051927
chr10	97213408	0.3265662204	49.84689279
chr10	97213476	0.3424921981	49.846915
chr10	97213499	0.3615591611	49.84692287
chr10	97213539	0.3865083897	49.84693734
chr10	97213540	0.2078883969	49.84693772
chr10	97213571	0.2011921529	49.84694417
chr10	97214254	0.2091971485	49.84708158
chr10	97332800	0.2199475944	49.87188107
chr10	97332801	0.1880880054	49.87188129
chr10	97333624	0.1633860852	49.87203608
chr10	97368506	0.1493566621	49.87773532
chr10	97368532	0.1622537954	49.8777392
chr10	97368546	0.1742581026	49.87774147
chr10	97405718	0.1453980294	49.88421899
chr10	97405965	0.1411086796	49.88425491
chr10	97406456	0.1170859067	49.88432419
chr10	97408565	0.09822122206	49.88457112
chr10	97408752	0.1185585502	49.88458949
chr10	97408808	0.14997327	49.88459613
chr10	97531571	0.1503670148	49.9030073
chr10	97531572	0.1500655698	49.90300745
chr10	97537441	0.1531179069	49.90388818
chr10	97546203	0.1816768356	49.9052298
chr10	97589656	0.1608690401	49.91312421
chr10	97589842	0.1640177345	49.91315413
chr10	97589843	0.163308958	49.91315429
chr10	97603051	0.1577604845	49.91531128
chr10	97671568	0.1456196696	49.92612055
chr10	97673855	0.137614674	49.92645358
chr10	97675027	4.017428893	49.92661487
chr10	97675028	3.921511716	49.92661889
chr10	97675065	3.929042839	49.92676398
chr10	97675975	3.935940867	49.93033941
chr10	97675976	0.05116413683	49.93034335
chr10	97675985	0.1603038517	49.93034381
chr10	97676011	0.1599375211	49.93034798
chr10	97749259	0.1702229105	49.94206308
chr10	97751412	0.1781917628	49.94242957
chr10	97751502	0.1804560958	49.94244561
chr10	97754164	0.1843962977	49.94292598
chr10	97818202	0.2243314299	49.95473435
chr10	97818203	0.1923774199	49.95473458
chr10	97818488	0.1407419595	49.9547894
chr10	97818506	0.1149274903	49.95479194
chr10	97818994	17.06932377	49.95484802
chr10	97819861	17.08891059	49.96964712
chr10	97819862	0.1345143135	49.96966421
chr10	97820520	0.1872950578	49.96975272
chr10	97909436	0.1859771798	49.98640625
chr10	97910132	0.2026395621	49.98653569
chr10	97910328	0.2193315041	49.98657541
chr10	97910329	0.1384304978	49.98657563
chr10	97910519	0.2220424568	49.98660193
chr10	97910697	0.2312971796	49.98664145
chr10	97984095	0.2389725171	50.0036182
chr10	98045278	0.2638461893	50.01823926
chr10	98045279	0.2365450337	50.01823952
chr10	98045307	0.2092495474	50.01824615
chr10	98130739	0.2152616645	50.03612275
chr10	98130740	0.1985697256	50.03612297
chr10	98130898	0.311125298	50.03615434
chr10	98130935	0.2944629156	50.03616585
chr10	98131915	0.2972271389	50.03645443
chr10	98131916	0.2854122646	50.03645473
chr10	98163585	0.1507874493	50.04549345
chr10	98164650	0.1363102545	50.04565404
chr10	98165531	0.1620928847	50.04577412
chr10	98165602	0.2217912183	50.04578563
chr10	98165603	0.2187822695	50.04578585
chr10	98215384	0.2191872825	50.05667705
chr10	98307604	0.1932784644	50.07689051
chr10	98307978	0.2017418364	50.07696279
chr10	98308099	0.1959215192	50.0769872
chr10	98308191	0.2020900827	50.07700523
chr10	98308227	0.3489780909	50.0770125
chr10	98308228	0.3026218671	50.07701285
chr10	98308234	0.3432758504	50.07701467
chr10	98308235	0.3340211261	50.07701501
chr10	98383367	0.5487643691	50.10211069
chr10	98383368	0.3329413767	50.10211124
chr10	98383706	0.4035438721	50.10222377
chr10	98383707	0.3977252223	50.10222417
chr10	98398731	0.4116668464	50.1081996
chr10	98398732	0.3710128629	50.10820001
chr10	98456058	0.2697870167	50.12946869
chr10	98457406	0.26849217	50.12983236
chr10	98457420	0.2185816509	50.12983612
chr10	98457947	0.2213202471	50.12995132
chr10	98463162	0.1291063492	50.1311055
chr10	98463436	0.1214310146	50.13114088
chr10	98463437	0.1339814695	50.131141
chr10	98742687	0.09865576609	50.16855532
chr10	98742780	0.1021035629	50.1685645
chr10	98742781	0.08835771162	50.1685646
chr10	98756582	0.06594938626	50.16978402
chr10	98757800	0.0711700988	50.16986435
chr10	98758107	0.08782637082	50.1698862
chr10	98758296	0.08467767691	50.1699028
chr10	98904358	0.09126981281	50.18227099
chr10	98904547	0.08121832254	50.18228824
chr10	98904619	0.07504975903	50.18229409
chr10	98904665	0.07301346772	50.18229754
chr10	98904728	0.08074182124	50.18230214
chr10	98906812	0.07370863105	50.18247041
chr10	98907980	0.1002494194	50.1825565
chr10	98908031	0.115965739	50.18256161
chr10	98908070	0.1226020133	50.18256613
chr10	98978991	0.1059457413	50.19126119
chr10	99139127	0.1173243196	50.20822692
chr10	99376219	0.1599119628	50.23604358
chr10	99376220	0.1441956441	50.23604374
chr10	99376309	0.1415688378	50.23605657
chr10	99376598	0.1479209441	50.23609748
chr10	99376746	0.2380137329	50.23611937
chr10	99462462	0.2427304935	50.25652096
chr10	99462463	0.1035894711	50.2565212
chr10	99462513	0.09836875847	50.25652638
chr10	99462607	0.1671062719	50.25653563
chr10	99462608	0.1123603064	50.2565358
chr10	99462887	0.1558542806	50.25656714
chr10	99462888	0.153090057	50.2565673
chr10	99465439	0.1603876656	50.25695783
chr10	99531350	0.1068679765	50.26752914
chr10	99531422	0.1204940361	50.26753684
chr10	99531423	0.117245929	50.26753696
chr10	99531460	0.1169512564	50.2675413
chr10	99560108	0.1322336084	50.27089172
chr10	99560289	0.1337989655	50.27091565
chr10	99573684	0.1817088877	50.27270789
chr10	99573794	0.1786183127	50.27272788
chr10	99800795	0.1677304261	50.31327441
chr10	99800850	0.152448074	50.31328364
chr10	99801374	0.1279709533	50.31336352
chr10	99801427	0.07116807301	50.3133703
chr10	99801466	0.5339484494	50.31337308
chr10	99809388	8.201533889	50.31760302
chr10	99809416	7.738753513	50.31783266
chr10	99809514	7.712547404	50.31859106
chr10	99809867	7.720988229	50.32131359
chr10	99809868	0.05274045157	50.32132131
chr10	99810414	0.05737557815	50.3213501
chr10	99810435	0.07113047201	50.32135131
chr10	99813303	0.06934375242	50.32155531
chr10	99830811	0.07272738415	50.32276938
chr10	99874284	0.07999221007	50.32593106
chr10	99966535	0.08315382422	50.33331042
chr10	100130703	0.08854384467	50.34696162
chr10	100242469	0.07532831878	50.35685781
chr10	100245737	0.06688749011	50.35710398
chr10	100260266	0.06128443453	50.35807579
chr10	100260792	0.05311512887	50.35810803
chr10	100380711	0.04585030296	50.36447754
chr10	100469112	0.07309223093	50.36853075
chr10	100469113	0.06750664205	50.36853083
chr10	100471337	0.07309054313	50.36868096
chr10	100473743	0.06579293449	50.36885682
chr10	100604158	0.0611578083	50.3774372
chr10	100604164	0.06815163545	50.37743757
chr10	100604165	0.04090971025	50.37743764
chr10	100604188	0.05262857981	50.37743858
chr10	100806729	0.05958493318	50.38809802
chr10	100807089	0.06819724943	50.38811947
chr10	100813280	0.06280722897	50.38854168
chr10	100823602	0.0748064462	50.38918998
chr10	100826758	0.08693045756	50.38942607
chr10	100831133	0.09419766556	50.38980639
chr10	100917139	0.1114643744	50.39790795
chr10	100918134	0.1315125644	50.39801886
chr10	100918135	0.1164100657	50.39801899
chr10	101101647	0.09636187298	50.41938164
chr10	101130213	0.1297058176	50.42213431
chr10	101130214	0.06979107694	50.42213444
chr10	101234280	0.06117876068	50.42939732
chr10	101240551	0.0278348176	50.42978097
chr10	101244103	0.1078412767	50.42987984
chr10	101244561	0.1477985293	50.42992923
chr10	101335613	0.1006377831	50.44338658
chr10	101336537	6.615376286	50.44347957
chr10	101336538	6.575574218	50.44348619
chr10	101336636	14.66151706	50.44413059
chr10	101336637	14.6215598	50.44414525
chr10	101336945	35.29068335	50.44864869
chr10	101337091	27.20474051	50.45380113
chr10	101337104	20.71602095	50.4541548
chr10	101337123	0.04689740323	50.4545484
chr10	101337393	0.09189952976	50.45456106
chr10	101337394	0.08463232337	50.45456115
chr10	101337418	0.1296482173	50.45456319
chr10	101337623	0.1749741259	50.45458976
chr10	101337720	0.2201569766	50.45460674
chr10	101338474	0.2659494413	50.45477273
chr10	101338703	1.041477264	50.45483364
chr10	101343419	1.042817881	50.45974524
chr10	101343446	1.065398351	50.4597734
chr10	101343447	0.2898705297	50.45977446
chr10	101348004	0.4269581982	50.4610954
chr10	101418766	0.5210618426	50.49130782
chr10	101418767	0.4690699245	50.49130834
chr10	101418792	0.5069227385	50.49132007
chr10	101418793	0.4615968274	50.49132058
chr10	101418817	0.3638491569	50.49133165
chr10	101418842	0.3822744336	50.49134075
chr10	101419146	0.7630749295	50.49145696
chr10	101419147	0.6278740566	50.49145772
chr10	101506379	0.605293585	50.54622843
chr10	101510778	0.673017205	50.54889112
chr10	101515761	0.2922167091	50.55224477
chr10	101515935	1.240620076	50.55229561
chr10	101515960	1.21871491	50.55232663
chr10	101515986	1.336952579	50.55235831
chr10	101515987	1.223414388	50.55235965
chr10	101521539	0.5669004705	50.55915205
chr10	101521723	0.6257511302	50.55925636
chr10	101521755	0.6499436654	50.55927638
chr10	101617674	0.6925510377	50.62161833
chr10	101618519	0.6198253492	50.62220353
chr10	101618698	0.6854030187	50.62231448
chr10	101619337	0.576533953	50.62275245
chr10	101619339	0.5505150142	50.62275361
chr10	101673356	0.4811278622	50.65249078
chr10	101673377	0.4585010073	50.65250088
chr10	101673830	0.4740321202	50.65270858
chr10	101673831	0.1935307273	50.65270905
chr10	101674534	0.1710637399	50.65284511
chr10	101674685	23.90721852	50.65287094
chr10	101674778	24.08398804	50.65509431
chr10	101674801	24.01841037	50.65564824
chr10	101674839	24.12879785	50.65656094
chr10	101674840	0.3926430592	50.65658507
chr10	101675461	0.3814076787	50.6568289
chr10	101695591	0.1834778316	50.66450664
chr10	101704023	0.1408704592	50.66605372
chr10	101708167	0.1484574597	50.66663749
chr10	101708168	0.03806999076	50.66663764
chr10	101708244	0.1155215505	50.66664053
chr10	101708314	0.193087413	50.66664862
chr10	101755746	0.03806999073	50.67580714
chr10	101910374	0.05339192974	50.68169383
chr10	101910618	0.05182657269	50.68170685
chr10	101910715	0.07465645524	50.68171188
chr10	101910716	0.05912533862	50.68171196
chr10	101937591	0.06050975845	50.68330095
chr10	101976913	0.05909488987	50.68568031
chr10	102150350	0.0579613309	50.69592955
chr10	102150494	0.04263939188	50.6959379
chr10	102193088	0.0478342983	50.69775408
chr10	102193089	0.04024729463	50.69775413
chr10	102195091	0.04054640357	50.69783471
chr10	102195092	0.03995947626	50.69783475
chr10	102195172	0.1306873003	50.69783794
chr10	102233021	0.1071010995	50.70278433
chr10	102233558	0.1155220762	50.70284184
chr10	102233578	1.598433802	50.70284415
chr10	102235677	1.602645872	50.70619926
chr10	102235722	1.610961455	50.70627138
chr10	102235723	1.520233629	50.70627299
chr10	102235829	1.527749486	50.70643414
chr10	102236021	1.531717531	50.70672747
chr10	102236058	1.540038319	50.70678414
chr10	102236059	0.05712659513	50.70678568
chr10	102280026	0.07739479546	50.70929736
chr10	102280114	0.09762032097	50.70930418
chr10	102434351	0.1290259485	50.72436084
chr10	102435217	0.1334828538	50.72447258
chr10	102437811	0.1379283234	50.72481883
chr10	102461547	0.1176601231	50.7280927
chr10	102462017	0.1260498124	50.728148
chr10	102462018	0.1058242839	50.72814812
chr10	102678157	0.09750870309	50.75102088
chr10	102678216	0.08918791282	50.75102663
chr10	102699765	0.0918385813	50.75294854
chr10	102881326	0.1157762384	50.76962285
chr10	102881327	0.1100965829	50.76962296
chr10	102900544	0.09617203728	50.77173869
chr10	102901302	0.09097713292	50.77181159
chr10	103109144	0.0867650631	50.79072046
chr10	103125439	0.0905882357	50.79213429
chr10	103214359	0.09606118707	50.8001894
chr10	103249212	0.1003076137	50.80353742
chr10	103249318	0.112852765	50.80354805
chr10	103250385	0.1186352013	50.80366847
chr10	103251203	0.1244250813	50.80376551
chr10	103256953	0.1302678317	50.80448095
chr10	103427897	0.1013185664	50.82674946
chr10	103542586	0.1322583714	50.83836958
chr10	103542587	0.1197132167	50.83836972
chr10	103573199	0.1265112404	50.84203438
chr10	103573499	0.1382620383	50.84207233
chr10	103573500	0.1329467495	50.84207247
chr10	103575649	0.1302054272	50.84235817
chr10	103886593	0.1093218513	50.88284477
chr10	103886615	0.09862768309	50.88284717
chr10	103886640	0.07867930236	50.88284964
chr10	104030382	0.07802778931	50.89415916
chr10	104086185	0.07357088404	50.89851334
chr10	104087755	1.380567653	50.89862885
chr10	104087756	1.347471138	50.89863023
chr10	104093026	1.328728491	50.9057314
chr10	104093512	1.516159294	50.90637717
chr10	104093513	0.235882947	50.90637868
chr10	104093950	0.4121274496	50.90648176
chr10	104114401	0.4053294259	50.91491018
chr10	104114824	0.4130530087	50.91508163
chr10	104114825	0.2368085029	50.91508205
chr10	104114838	1.044869999	50.91508513
chr10	104114914	0.8729653176	50.91516454
chr10	104115611	0.8806590799	50.91577299
chr10	104115612	0.8764126549	50.91577387
chr10	104115623	0.8840858641	50.91578351
chr10	104115626	0.8933496977	50.91578617
chr10	104119390	0.9011480273	50.91914874
chr10	104119391	0.09308653173	50.91914964
chr10	104119431	0.1086845806	50.91915336
chr10	104120152	0.1164955266	50.91923172
chr10	104131681	0.1203962792	50.9205748
chr10	104162065	0.1288707046	50.92423292
chr10	104512772	0.2192191886	50.96942878
chr10	104512773	0.2099553563	50.969429
chr10	104512923	0.254130756	50.96946049
chr10	104544101	0.3322948129	50.97738378
chr10	104591169	0.3324409832	50.99302423
chr10	104591170	0.2239777501	50.99302456
chr10	104591171	0.1930744781	50.99302479
chr10	104591259	0.194530643	50.99304178
chr10	104593783	0.1872600888	50.99353277
chr10	104593804	0.179566325	50.99353671
chr10	104594953	0.1805144478	50.99374303
chr10	104594954	0.1212391522	50.99374321
chr10	104595097	0.1121815239	50.99376054
chr10	104595324	0.1136550368	50.99378601
chr10	104595341	0.125528275	50.99378794
chr10	104596087	0.08136931215	50.99388159
chr10	104596206	0.1164803862	50.99389127
chr10	104596207	0.06168516168	50.99389139
chr10	104722433	0.07203699586	51.00167766
chr10	104722448	0.07134877906	51.00167874
chr10	104918898	0.09460128178	51.01569521
chr10	104931085	0.09536517354	51.01684811
chr10	104931086	0.09439314861	51.01684821
chr10	104931262	0.08344085921	51.01686482
chr10	104931303	0.08394069084	51.01686824
chr10	104931304	0.07296150333	51.01686832
chr10	105011042	0.1897545552	51.02268613
chr10	105011046	0.1808858259	51.02268689
chr10	105074693	0.1856470333	51.03419973
chr10	105074858	0.1898695885	51.03423036
chr10	105074859	0.185968836	51.03423055
chr10	105077122	0.1070398201	51.0346514
chr10	105077665	0.05181708937	51.03470952
chr10	105077838	0.05290000615	51.03471848
chr10	105077839	0.03490936151	51.03471854
chr10	105078074	0.04573165615	51.03472674
chr10	105078752	0.04729091785	51.03475775
chr10	105078753	0.03966657499	51.03475779
chr10	105078819	0.04925942392	51.03476041
chr10	105078834	0.08804234512	51.03476115
chr10	105078928	0.1033297194	51.03476943
chr10	105193853	0.1111383725	51.04664459
chr10	105275862	0.1392503894	51.05575894
chr10	105399283	0.1420386724	51.07294536
chr10	105399284	0.1190731948	51.07294551
chr10	105402896	0.1196551019	51.0733756
chr10	105406735	0.09154308492	51.07383495
chr10	105418030	0.0807207903	51.07486893
chr10	105474888	0.08161918973	51.07945856
chr10	105474905	0.1048421723	51.07945994
chr10	105474906	0.08626421617	51.07946005
chr10	105630447	0.08771900421	51.09287767
chr10	105635185	0.08958663429	51.09329328
chr10	105635195	0.08971382215	51.09329418
chr10	105635196	0.08965102739	51.09329427
chr10	105635274	0.08375721868	51.09330126
chr10	105643583	0.1020277622	51.0939972
chr10	105643584	0.08021648972	51.0939973
chr10	105644777	0.08209104816	51.094093
chr10	105646555	0.0826069595	51.09423896
chr10	105646556	0.07612649075	51.09423904
chr10	105646575	0.08203652348	51.09424049
chr10	105799584	0.08428168117	51.10679281
chr10	105844313	0.09124480727	51.11056265
chr10	105844322	0.1185729145	51.11056347
chr10	105844328	0.123189281	51.11056418
chr10	105844329	0.118383197	51.11056431
chr10	105844345	0.1127273183	51.1105662
chr10	105847417	0.1232144413	51.1109125
chr10	105847418	0.1136664702	51.11091262
chr10	105946156	0.1094439149	51.12213582
chr10	106146582	0.1161172877	51.14407123
chr10	106198237	0.1252690893	51.15006927
chr10	106198238	0.108148822	51.15006939
chr10	106411061	0.1084214318	51.17308595
chr10	106411062	0.1036276822	51.17308606
chr10	106499971	0.1049894173	51.18229949
chr10	106718769	0.1218999373	51.20527096
chr10	106718770	0.08253695915	51.20527109
chr10	106719897	0.07833503015	51.20536411
chr10	106902859	0.07131749879	51.21969644
chr10	106902920	0.07160037158	51.21970079
chr10	106993725	0.06697540679	51.22620246
chr10	106993875	0.06726032166	51.22621251
chr10	107092149	0.0657868087	51.23282245
chr10	107100476	0.06436504485	51.23337026
chr10	107117830	0.06290887996	51.23448725
chr10	107149543	0.06454618543	51.23648228
chr10	107152722	0.06512301011	51.23668747
chr10	107299299	0.06471799707	51.246233
chr10	107319360	0.05169918581	51.24753131
chr10	107384824	0.05199294304	51.25091575
chr10	107438267	0.05776612966	51.25369441
chr10	107438268	0.03755911566	51.25369446
chr10	107590617	0.2682937724	51.25941656
chr10	107605117	0.2643366862	51.26330682
chr10	107607427	0.2761334912	51.26391743
chr10	107607428	0.2742589314	51.26391771
chr10	107607459	0.05581076579	51.26392621
chr10	107607462	0.07426441329	51.26392638
chr10	107607463	0.07165368733	51.26392645
chr10	107609269	0.08517826354	51.26405586
chr10	107880844	0.100658929	51.28718815
chr10	107881245	0.1096008137	51.28722851
chr10	107881299	0.1256927007	51.28723443
chr10	107881300	0.09873279296	51.28723456
chr10	107881310	0.1070000153	51.28723554
chr10	107890060	0.09471352337	51.28817179
chr10	108050087	0.1336334653	51.30332851
chr10	108052445	0.1464013933	51.30364362
chr10	108079868	0.1386139574	51.30765839
chr10	108081043	0.1356909943	51.30782126
chr10	108106537	0.1418644847	51.31128057
chr10	108109863	0.1363863342	51.31175241
chr10	108109929	0.1383200257	51.31176141
chr10	108109930	0.12222814	51.31176155
chr10	108118329	0.1203120318	51.31278814
chr10	108118502	0.1048313664	51.31280895
chr10	108148675	0.2608023563	51.31597203
chr10	108180791	0.3366382799	51.32434796
chr10	108180792	0.2202764994	51.3243483
chr10	108180919	0.2309673736	51.32437627
chr10	108181018	0.254162527	51.32439914
chr10	108326332	0.35942859	51.36133251
chr10	108326333	0.2339076197	51.36133287
chr10	108326397	0.2205924882	51.36134784
chr10	108337462	0.2381552662	51.3637887
chr10	108337463	0.2125504586	51.36378893
chr10	108340596	0.2324959425	51.36445485
chr10	108340597	0.2147096968	51.36445509
chr10	108475235	0.1642106619	51.39336317
chr10	108475318	0.1517094591	51.3933768
chr10	108475360	0.1654440709	51.39338317
chr10	108475361	0.1644959471	51.39338334
chr10	108525053	0.1714172129	51.40155747
chr10	108525054	0.1260775395	51.40155764
chr10	108525087	0.07054529143	51.4015618
chr10	108546945	0.05298251072	51.40310378
chr10	108590247	0.05206156189	51.40539803
chr10	108592290	0.1180935448	51.40550439
chr10	108702489	0.1119200543	51.41851818
chr10	108703723	0.2081032662	51.41865629
chr10	108703724	0.1375980929	51.4186565
chr10	108703732	0.142908128	51.4186576
chr10	108703733	0.141711002	51.41865774
chr10	108703747	0.1467821938	51.41865973
chr10	108704551	0.1423134981	51.41877774
chr10	108741974	0.04613028742	51.42410354
chr10	108743230	0.09425413339	51.42416148
chr10	108743231	0.08051951923	51.42416157
chr10	108844345	0.04413417589	51.43230322
chr10	108984349	0.0472705894	51.43848218
chr10	109056617	0.07314048389	51.44189834
chr10	109056618	0.06621921438	51.44189841
chr10	109056641	0.06654278195	51.44189993
chr10	109056642	0.06622355563	51.4419
chr10	109056651	0.06912592454	51.44190059
chr10	109056652	0.05738742775	51.44190066
chr10	109056724	0.0966233154	51.4419048
chr10	109200935	0.107397027	51.45583894
chr10	109217170	0.08446654574	51.45758253
chr10	109223688	0.06244534523	51.45813308
chr10	109365364	0.07011888185	51.46698009
chr10	109396591	0.06317154361	51.46916969
chr10	109479155	0.07332746389	51.47438539
chr10	109542424	0.0625537524	51.47902474
chr10	109542448	0.08342159911	51.47902624
chr10	109542721	0.09908295888	51.47904902
chr10	109841417	0.08892703861	51.5086447
chr10	110012439	0.08109900785	51.52385318
chr10	110012552	0.1492482298	51.52386235
chr10	110012553	0.1297381788	51.5238625
chr10	110012560	0.1514674679	51.5238634
chr10	110012561	0.1495337786	51.52386356
chr10	110012640	0.1766312428	51.52387537
chr10	110012684	0.2449475051	51.52388314
chr10	110063510	0.245255328	51.53633284
chr10	110063800	0.238198476	51.53640397
chr10	110063821	1.641595221	51.53640897
chr10	110066472	0.2537777968	51.54076084
chr10	110066538	0.1173123108	51.54077759
chr10	110066591	0.1314680905	51.5407838
chr10	110148413	0.1043706264	51.55154079
chr10	110154729	0.08589656676	51.55219999
chr10	110157378	0.07677718934	51.55242753
chr10	110157536	0.09884620766	51.55243966
chr10	110157558	0.1209083446	51.55244184
chr10	110324245	0.09883932606	51.57259569
chr10	110324271	0.08536087967	51.57259826
chr10	110324318	0.147797941	51.57260227
chr10	110324319	0.1139346912	51.57260242
chr10	110373543	0.1019487651	51.57821074
chr10	110383131	0.1140151795	51.57918822
chr10	110383132	0.1040870007	51.57918834
chr10	110383242	0.8673865821	51.57919979
chr10	110383243	0.7934315158	51.57920065
chr10	110383295	0.7972298494	51.57924191
chr10	110383369	0.8102703984	51.57930091
chr10	110387851	0.8227245437	51.58293254
chr10	110388061	0.8525164432	51.58310531
chr10	110388062	0.08921686166	51.58310616
chr10	110394418	0.1164523356	51.58367322
chr10	110488778	0.1237609586	51.59466167
chr10	110664572	0.3201893617	51.6164181
chr10	110664588	0.2929538879	51.61642322
chr10	110665496	0.2984150811	51.61668923
chr10	110665497	0.285374535	51.61668952
chr10	110666025	0.740267409	51.6168402
chr10	110666094	0.9543679673	51.61689128
chr10	110666122	0.9411366835	51.616918
chr10	110666216	0.9279098711	51.61700647
chr10	110683263	0.9154557257	51.63282455
chr10	110683278	0.7013551676	51.63283828
chr10	110683301	0.7457416089	51.63285441
chr10	110683302	0.5493132076	51.63285516
chr10	110683424	0.5528672313	51.63292217
chr10	110683571	0.591761272	51.63300345
chr10	110684208	0.1870861368	51.6333804
chr10	110719198	0.2788386073	51.63992654
chr10	110719235	0.3043941875	51.63993686
chr10	110722551	0.3080841918	51.64094623
chr10	110722666	0.4406692937	51.64098166
chr10	110724464	0.4465329582	51.64177398
chr10	110724467	0.5150489652	51.64177532
chr10	110725883	0.5187549935	51.64250463
chr10	110774789	0.4849285069	51.66787486
chr10	110778163	0.5243293799	51.66951101
chr10	110778164	0.1738438283	51.66951154
chr10	110778271	0.1790012218	51.66953014
chr10	111047273	0.3081547449	51.71768182
chr10	111048029	0.3503108061	51.71791479
chr10	111048030	0.3254881186	51.71791514
chr10	111109950	0.349828035	51.73806936
chr10	111109951	0.2119269158	51.73806971
chr10	111182022	0.2202277312	51.7533435
chr10	111182479	0.2606473757	51.75344414
chr10	111182480	0.244764591	51.7534444
chr10	111182503	0.251545887	51.75345003
chr10	111183639	0.2634911462	51.75373579
chr10	111184743	0.281004726	51.75402668
chr10	111339176	5.226036976	51.79742309
chr10	111339177	5.220575777	51.79742831
chr10	111339390	5.230192187	51.7985403
chr10	111339391	5.209475697	51.79854553
chr10	111339919	5.218190012	51.80129613
chr10	111339920	0.2616271685	51.80130135
chr10	111339946	0.2858719955	51.80130815
chr10	111340281	0.2955964052	51.80140392
chr10	111351905	0.2859344063	51.80483993
chr10	111355034	0.2739505493	51.80573462
chr10	111360113	0.2842114116	51.80712601
chr10	111360214	0.2724548693	51.80715472
chr10	111360215	0.2514331168	51.80715499
chr10	111491635	0.2675186721	51.84019833
chr10	111491636	0.2088790451	51.8401986
chr10	111491694	0.1763416912	51.84021071
chr10	111604886	0.1543778859	51.86017118
chr10	111604898	0.2188063538	51.86017303
chr10	111604916	0.229284997	51.86017697
chr10	111625244	0.2003048005	51.86483788
chr10	111718618	0.1399952813	51.88354114
chr10	111718670	0.129734419	51.88354842
chr10	111719528	0.1269814167	51.88365973
chr10	111719597	0.08730726927	51.88366849
chr10	111720290	0.08363204267	51.883729
chr10	111720355	0.1852310731	51.88373443
chr10	111720356	0.1636733221	51.88373462
chr10	111721976	0.151073527	51.88399977
chr10	111722165	0.2431777701	51.88402832
chr10	111724463	0.2436272837	51.88458714
chr10	111724464	0.2429230787	51.88458739
chr10	111724991	0.2374883512	51.88471541
chr10	111725040	0.2307070552	51.88472704
chr10	111725088	0.2386622702	51.88473812
chr10	111725390	0.2380803632	51.88481019
chr10	111756567	0.1364813357	51.89223283
chr10	111756572	0.1615590212	51.89223351
chr10	111762036	0.1724627839	51.89311627
chr10	111762110	0.07164422906	51.89312903
chr10	111762144	0.1032290342	51.89313147
chr10	111762145	0.101059177	51.89313157
chr10	111762149	0.1200361518	51.89313197
chr10	111864358	0.1358476738	51.90540075
chr10	111956020	0.2586291714	51.91785282
chr10	111956021	0.1917507278	51.91785308
chr10	111967293	0.2425400731	51.92001449
chr10	111969357	0.2867546993	51.92051509
chr10	112089478	0.259187195	51.95496035
chr10	112095294	0.2579739412	51.95646779
chr10	112097042	1.842241545	51.95691873
chr10	112097043	1.81544431	51.95692057
chr10	112099451	1.851444303	51.96129216
chr10	112099452	0.2626403542	51.96129401
chr10	112107249	0.3149217364	51.96334182
chr10	112112170	0.2641323911	51.96489155
chr10	112181347	0.3178711339	51.98316343
chr10	112181348	0.2579034795	51.98316375
chr10	112182526	0.3107196278	51.98346756
chr10	112182527	0.308983138	51.98346787
chr10	112183555	0.3468129855	51.98378551
chr10	112184989	0.3945344318	51.98428284
chr10	112184990	0.3784663728	51.98428323
chr10	112187358	0.3797764379	51.98517944
chr10	112187359	0.3628999707	51.98517982
chr10	112187564	0.3778419924	51.98525421
chr10	112187565	0.3240789174	51.98525459
chr10	112275465	0.3361924712	52.01374113
chr10	112275466	0.3246753309	52.01374146
chr10	112275471	0.3547666148	52.01374309
chr10	112275493	0.3731581345	52.01375089
chr10	112275516	0.841549809	52.01375947
chr10	112278216	0.8209691361	52.01603166
chr10	112280809	0.7831392892	52.01816043
chr10	112280814	0.8676455892	52.01816435
chr10	112280815	0.7922641867	52.01816521
chr10	112283430	0.9572486661	52.02023699
chr10	112283431	0.9090734707	52.02023794
chr10	112283436	0.9341681377	52.02024249
chr10	112283527	0.9435483648	52.0203275
chr10	112283528	0.4843491666	52.02032844
chr10	112283554	0.49690138	52.02034103
chr10	112291980	0.5227492181	52.02452793
chr10	112291981	0.5222493877	52.02452845
chr10	112311376	0.5357849133	52.03465747
chr10	112311377	0.527516629	52.03465801
chr10	112311604	0.3969315509	52.03477776
chr10	112576550	1.748549472	52.13994318
chr10	112576551	1.736109017	52.13994493
chr10	112576649	1.773297605	52.14011507
chr10	112576650	1.715502964	52.14011684
chr10	112576657	2.278918586	52.14012885
chr10	112576658	2.203622383	52.14013113
chr10	112576991	2.240828643	52.14086494
chr10	112576992	2.228626828	52.14086718
chr10	112578285	2.216149156	52.14374879
chr10	112579110	2.221133507	52.14557712
chr10	112579182	2.259299279	52.14573704
chr10	112579183	2.247185725	52.1457393
chr10	112579272	0.8955677999	52.1459393
chr10	112579410	0.8862399396	52.14606289
chr10	112583186	0.9260596698	52.14940933
chr10	112583187	0.3491085263	52.14941025
chr10	112675580	0.1923056216	52.18166544
chr10	112675746	0.1383271964	52.18169736
chr10	112675872	0.1531607978	52.18171479
chr10	112675874	0.3747554089	52.1817151
chr10	112675875	0.3043414504	52.18171547
chr10	112675923	0.3075448496	52.18173008
chr10	112675996	0.3101551633	52.18175253
chr10	112676066	0.3027006429	52.18177424
chr10	112682987	0.3179723377	52.18386923
chr10	112687885	0.3647382308	52.18542666
chr10	112923896	0.3725017805	52.27150889
chr10	112923897	0.2214619883	52.27150927
chr10	112923909	0.3034213165	52.27151192
chr10	112923910	0.2885883722	52.27151223
chr10	112925599	0.2982641973	52.27199965
chr10	112925600	0.1656711305	52.27199995
chr10	112926239	0.1698105478	52.27210582
chr10	112926240	0.1548685252	52.27210599
chr10	112970455	0.0604872464	52.2789535
chr10	112976470	0.06380481803	52.27931733
chr10	112976676	0.06712300601	52.27933047
chr10	112976806	0.0759223325	52.2793392
chr10	112977719	0.1894599464	52.27940852
chr10	112977728	0.1896768449	52.27941022
chr10	113014405	0.1942177406	52.286367
chr10	113014406	0.09393414974	52.28636719
chr10	113267869	0.1721908862	52.31017602
chr10	113317240	0.2769847782	52.31867726
chr10	113317241	0.1974824019	52.31867754
chr10	113352170	0.179066275	52.3255754
chr10	113352348	0.07427238214	52.32560727
chr10	113394918	0.06547305566	52.32876905
chr10	113643686	0.07500599375	52.34505665
chr10	113692872	0.08592655401	52.34874589
chr10	113711863	0.1089991846	52.35037773
chr10	113756450	0.1359353566	52.35523767
chr10	113815037	0.1317959414	52.36320172
chr10	113815245	0.1338851519	52.36322913
chr10	113824423	0.1284409886	52.36445793
chr10	113824620	0.1527738362	52.36448323
chr10	113824621	0.145849805	52.36448338
chr10	113868716	0.1691235628	52.37091463
chr10	114029546	0.2349405541	52.39811477
chr10	114029550	0.2266577431	52.39811571
chr10	114029621	0.2739105014	52.39813181
chr10	114029622	0.2374413927	52.39813208
chr10	114029769	0.2265208325	52.39816698
chr10	114030778	0.2034482018	52.39839554
chr10	114030839	0.2027077404	52.39840795
chr10	114030895	0.336724824	52.39841931
chr10	114030896	0.3347343655	52.39841964
chr10	114031024	0.3399509105	52.39846249
chr10	114085445	0.2476101418	52.41696296
chr10	114085799	0.2832229598	52.41705061
chr10	114085800	0.1427145325	52.41705089
chr10	114184317	0.1189317328	52.4311107
chr10	114184356	0.1323588279	52.43111534
chr10	114184357	0.1221316207	52.43111547
chr10	114184875	0.09885786295	52.43117874
chr10	114186378	0.1131123781	52.43132732
chr10	114186379	0.08964241568	52.43132743
chr10	114251926	0.08590370543	52.43720322
chr10	114444479	0.07164919269	52.45374424
chr10	114458362	0.0483469808	52.45473895
chr10	114495334	0.04804787256	52.45652643
chr10	114632788	0.0527683945	52.4631308
chr10	114633513	1.703330975	52.46316906
chr10	114634103	1.733501531	52.46417403
chr10	114635380	1.790383514	52.46638771
chr10	114635381	1.770300409	52.4663895
chr10	114635557	1.780515716	52.46670107
chr10	114635742	0.1299531354	52.46703047
chr10	114736300	0.08828094239	52.48009829
chr10	114736438	0.09755738972	52.48011048
chr10	114736439	0.09190279746	52.48011057
chr10	114758586	0.107431947	52.48214594
chr10	114995501	0.1156081879	52.50759818
chr10	114995502	0.08986276721	52.5075983
chr10	114995677	0.0796875221	52.50761403
chr10	114995691	0.07837745548	52.50761514
chr10	114995713	0.05798791644	52.50761687
chr10	114995720	0.4332535184	52.50761727
chr10	114995721	0.4230434598	52.50761771
chr10	114995739	0.4330824358	52.50762532
chr10	114998481	0.4419811759	52.50881283
chr10	115005524	0.06671557083	52.51192571
chr10	115006306	0.079565418	52.51197788
chr10	115008109	0.08797735578	52.51212133
chr10	115008462	0.105641475	52.51215239
chr10	115008690	0.1830992607	52.51217648
chr10	115008716	0.1732781814	52.51218124
chr10	115133044	0.2213616312	52.53372457
chr10	115133045	0.2120851844	52.53372479
chr10	115238644	0.2398307529	52.55612077
chr10	115292621	0.2269809057	52.56906612
chr10	115360730	0.2165300933	52.58452556
chr10	115361550	0.2337684862	52.58470311
chr10	115361972	0.3028687274	52.58480176
chr10	115361973	0.2924546826	52.58480207
chr10	115362153	0.2820459433	52.58485471
chr10	115362156	0.2659878413	52.58485555
chr10	115362221	0.2559488654	52.58487284
chr10	115362357	0.2732479682	52.58490765
chr10	115362448	10.57438639	52.58493252
chr10	115362449	10.55358634	52.58494309
chr10	115362800	10.60165344	52.5886474
chr10	115362805	10.7547969	52.58870041
chr10	115362806	0.4355619048	52.58871116
chr10	115362812	0.5104774815	52.58871378
chr10	115411921	0.532986256	52.61378282
chr10	115411922	0.4462144882	52.61378335
chr10	115411925	0.4687399376	52.61378469
chr10	115412040	0.4834849589	52.61383859
chr10	115412172	0.5197076618	52.61390241
chr10	115412173	0.5142992477	52.61390293
chr10	115412186	0.5128206805	52.61390962
chr10	115413613	0.5576793924	52.61464141
chr10	115413615	0.5804489433	52.61464253
chr10	115413630	0.5080612598	52.61465124
chr10	115413641	0.54481371	52.61465682
chr10	115413653	0.5675997599	52.61466336
chr10	115413688	0.6043694734	52.61468323
chr10	115414130	0.6272230383	52.61495036
chr10	115414716	0.7467559663	52.61531791
chr10	115415215	0.6776557279	52.61569054
chr10	115439340	0.8375474607	52.63203899
chr10	115439341	0.7328669961	52.63203983
chr10	115445362	0.7601837621	52.63645242
chr10	115445389	0.815858451	52.63647294
chr10	115445476	0.7908471452	52.63654392
chr10	115445495	0.6713142173	52.63655895
chr10	115445681	0.6815396883	52.63668381
chr10	115445747	0.7099221406	52.63672879
chr10	115445748	0.7015042573	52.6367295
chr10	115503846	1.183088237	52.6774855
chr10	115503847	1.155342665	52.67748668
chr10	115504172	1.259121944	52.67786217
chr10	115504173	1.20237455	52.67786343
chr10	115513715	1.561427197	52.68933648
chr10	115513716	1.51196092	52.68933805
chr10	115513740	1.627440746	52.68937433
chr10	115513741	1.591218041	52.68937596
chr10	115513745	1.831255901	52.68938233
chr10	115513746	1.726078024	52.68938416
chr10	115513779	1.701766389	52.68944112
chr10	115574975	1.684527997	52.79358241
chr10	115575032	1.933553584	52.79367843
chr10	115575033	1.624220319	52.79368037
chr10	115575115	1.640200793	52.79381355
chr10	115575116	1.274635121	52.79381519
chr10	115575194	1.317556645	52.79391461
chr10	115575195	1.234944801	52.79391593
chr10	115575255	2.033361469	52.79399003
chr10	115575256	1.951053044	52.79399206
chr10	115575274	1.928294902	52.79402718
chr10	115575372	1.970984343	52.79421615
chr10	115575373	1.83337791	52.79421812
chr10	115575686	2.669918154	52.79479197
chr10	115575743	2.685884131	52.79494416
chr10	115576246	2.695440863	52.79629516
chr10	115576247	2.490089049	52.79629785
chr10	115576730	2.499657811	52.79750056
chr10	115576731	2.247266788	52.79750306
chr10	115577483	2.276507047	52.79919301
chr10	115577484	2.249874665	52.79919528
chr10	115579863	1.451458001	52.80454774
chr10	115580045	1.424141235	52.8048119
chr10	115580083	1.470127742	52.80486602
chr10	115580084	0.5287176313	52.80486749
chr10	115583527	0.5840205972	52.80668786
chr10	115583533	0.5899586008	52.80669137
chr10	115583778	0.6065268873	52.80683591
chr10	115589805	0.6124459446	52.81049145
chr10	115589806	0.363420362	52.81049206
chr10	115660911	0.3204988413	52.83633306
chr10	115661554	0.326794158	52.83653914
chr10	115661555	0.269359699	52.83653947
chr10	115661575	0.2949260767	52.83654486
chr10	115661589	0.3966782458	52.83654899
chr10	115661590	0.4083423864	52.83654938
chr10	115716789	0.6445773124	52.85908948
chr10	115716790	0.5779280825	52.85909012
chr10	115740043	0.5864641466	52.87252868
chr10	115740044	0.5634641418	52.87252927
chr10	115740138	0.5404776435	52.87258223
chr10	115759273	0.4538778885	52.88292427
chr10	115766189	0.4343814019	52.88606329
chr10	115766398	0.2509544086	52.88615408
chr10	115805339	0.2778021653	52.89592649
chr10	115805340	0.2286486672	52.89592677
chr10	115805478	0.2591865993	52.89595833
chr10	115805479	0.1985075341	52.89595858
chr10	115805835	0.1819392476	52.89602925
chr10	115805945	0.2249533532	52.89604927
chr10	115806176	0.2742766156	52.89610123
chr10	115806177	0.2809202488	52.8961015
chr10	115961220	0.6536387147	52.93965622
chr10	115961221	0.6263333796	52.93965688
chr10	115968793	0.6516536536	52.94439947
chr10	115968834	0.669844886	52.94442619
chr10	115968900	0.6472352734	52.9444704
chr10	115971090	0.6626169125	52.94588785
chr10	115971091	0.2898984472	52.94588851
chr10	115973007	0.3053330669	52.94644395
chr10	115973973	0.2896815345	52.94673891
chr10	115976798	0.3053621853	52.94755726
chr10	115976799	0.2838872695	52.94755756
chr10	115976859	0.2994713455	52.94757459
chr10	115976860	0.2993269957	52.94757489
chr10	115977009	0.3200803178	52.94761949
chr10	115977010	0.2654020667	52.94761981
chr10	116171050	0.2568660011	52.99911843
chr10	116171080	0.2386747687	52.99912614
chr10	116171676	0.2286088207	52.99926839
chr10	116203118	0.2574031086	53.00645631
chr10	116203119	0.2051611362	53.00645656
chr10	116210278	0.189779495	53.00792531
chr10	116211229	0.1894368174	53.00810579
chr10	116211373	0.1968292409	53.00813307
chr10	116211374	0.1754755581	53.00813327
chr10	116211425	0.150731892	53.00814222
chr10	116211481	0.1355720819	53.00815066
chr10	116211587	0.1642427333	53.00816503
chr10	116212940	0.1486586583	53.00838725
chr10	116245972	0.1565781886	53.01329774
chr10	116245973	0.1363794815	53.0132979
chr10	116251276	0.1780011299	53.01402112
chr10	116265158	0.2344005595	53.01649213
chr10	116330391	0.1780011299	53.03178278
chr10	116330889	0.2523091993	53.03187143
chr10	116330890	0.2131184663	53.03187168
chr10	116330893	0.2029580019	53.03187232
chr10	116330965	0.2238562402	53.03188693
chr10	116332138	0.218981027	53.03214951
chr10	116332242	0.2016305347	53.03217229
chr10	116332976	0.2395844836	53.03232029
chr10	116333169	0.2347159218	53.03236653
chr10	116338083	0.2747806507	53.03351992
chr10	116339670	0.2331590022	53.033956
chr10	116339909	0.2577245226	53.03401172
chr10	116339910	0.2290538693	53.03401198
chr10	116429896	0.2516143676	53.05462362
chr10	116429911	4.272493044	53.05462739
chr10	116429912	4.120166299	53.05463167
chr10	116430023	8.808752789	53.05508901
chr10	116430025	8.827015991	53.05510662
chr10	116430825	8.845352014	53.06216824
chr10	116430826	0.2427747113	53.06217708
chr10	116451817	0.3788619237	53.06727317
chr10	116488253	0.4045367785	53.08107738
chr10	116488696	0.4320541792	53.08125659
chr10	116489472	0.3701674529	53.08159186
chr10	116489551	0.3883099275	53.08162111
chr10	116489581	0.4142386485	53.08163275
chr10	116489676	0.3896731301	53.08167211
chr10	116512768	0.3293114627	53.09067044
chr10	116631474	0.1930781686	53.12976169
chr10	116631549	0.1469333696	53.12977617
chr10	116631572	0.1957065479	53.12977955
chr10	116631573	0.1752393355	53.12977974
chr10	116708919	0.1609294352	53.1433338
chr10	116709024	0.2447020191	53.1433507
chr10	116709058	0.2509459875	53.14335902
chr10	116709059	0.2435535703	53.14335927
chr10	116710197	0.3238202601	53.14363644
chr10	116710255	0.3350749221	53.14365522
chr10	116710533	0.3271553937	53.14374837
chr10	116756033	0.1486886977	53.15863394
chr10	116756068	0.1078570683	53.15863914
chr10	116756097	0.2554080325	53.15864227
chr10	116756098	0.2140877953	53.15864253
chr10	116757980	0.2408010006	53.15904544
chr10	116809032	0.2643274428	53.17133881
chr10	116809647	0.2977775111	53.17150137
chr10	116809648	0.2290747047	53.17150167
chr10	117011585	0.1965107434	53.21776033
chr10	117011607	0.1723238189	53.21776465
chr10	117017212	0.2597695428	53.21873053
chr10	117017213	0.2502293136	53.21873079
chr10	117022577	0.2329508465	53.22007302
chr10	117037150	0.2610215759	53.22346781
chr10	117037151	0.2074145488	53.22346807
chr10	117037282	0.2337769044	53.22349524
chr10	117037334	0.220695041	53.2235074
chr10	117037360	0.2242890146	53.22351314
chr10	117037938	0.3453798882	53.22364278
chr10	117037939	0.3323261057	53.22364312
chr10	117059285	0.2448803806	53.23073695
chr10	117059367	0.2205416916	53.23075703
chr10	117067555	0.236490435	53.23256283
chr10	117068320	0.2524989284	53.23274375
chr10	117068321	0.1314080556	53.232744
chr10	117136361	0.1379849191	53.241685
chr10	117176841	0.1116225634	53.24727063
chr10	117179515	0.1999245913	53.24756911
chr10	117221180	0.1116225634	53.25589897
chr10	117298142	0.09561406992	53.26448966
chr10	117298238	0.07119022756	53.26449884
chr10	117298283	0.06494625627	53.26450205
chr10	117299281	0.03687552837	53.26456686
chr10	117299367	0.1340341095	53.26457003
chr10	117337234	0.03687552836	53.2696455
chr10	117337341	0.03253588763	53.26964945
chr10	117337426	0.04357330999	53.26965222
chr10	117361362	0.2803543623	53.27069519
chr10	117361480	0.5189473579	53.27072827
chr10	117376888	0.5134385959	53.27872421
chr10	117376900	0.03806454773	53.27873037
chr10	117377781	2.765346973	53.2787639
chr10	117379129	2.768587173	53.28249159
chr10	117379130	0.04130474726	53.28249436
chr10	117379622	0.04629886145	53.28251468
chr10	117380264	0.05896393997	53.28254441
chr10	117495074	0.07991854289	53.28931406
chr10	117495075	0.1217020937	53.28931414
chr10	117495076	0.1163393114	53.28931426
chr10	117670649	0.0953847108	53.3097403
chr10	117670756	0.07168220994	53.30975051
chr10	117671116	0.0507830785	53.30977631
chr10	117671240	0.02989865771	53.30978261
chr10	117694766	0.04368499241	53.310486
chr10	117694775	0.06396939598	53.3104864
chr10	117694841	0.08350467419	53.31049062
chr10	117694850	0.1261166415	53.31049137
chr10	117695762	0.119539778	53.31060639
chr10	117697728	0.1284174106	53.31084141
chr10	117698099	0.1385520392	53.31088905
chr10	117698100	0.143610529	53.31088919
chr10	117699682	0.1588611605	53.31111638
chr10	118014187	0.1851957805	53.36107901
chr10	118014188	0.1621567391	53.36107919
chr10	118060848	0.172251466	53.36864543
chr10	118061047	0.1686574925	53.3686797
chr10	118061074	0.1584771233	53.36868426
chr10	118061122	0.1483424927	53.36869187
chr10	118061269	0.1383017896	53.36871367
chr10	118061271	0.1484082475	53.36871395
chr10	118061272	0.1383676276	53.3687141
chr10	118061340	0.1484760004	53.36872351
chr10	118061406	0.1784557768	53.3687333
chr10	118061453	0.218261288	53.36874169
chr10	118112152	0.2093836555	53.37980732
chr10	118114473	0.2006175808	53.3802933
chr10	118116310	0.1956234667	53.38066184
chr10	118153880	0.1558179553	53.38801141
chr10	118153892	0.2339622753	53.38801328
chr10	118153893	0.1915983655	53.38801351
chr10	118154435	0.2051808604	53.38811736
chr10	118228497	0.2238746362	53.40331346
chr10	118228498	0.188069872	53.40331369
chr10	118417158	0.1740950177	53.43879495
chr10	118425306	0.07429155984	53.44021348
chr10	118425412	0.1546139572	53.44022135
chr10	118425413	0.1174195222	53.44022151
chr10	118511827	0.07484469154	53.4503682
chr10	118514585	0.07160449201	53.45057462
chr10	118522878	0.02810260228	53.45116843
chr10	118523229	0.04346555263	53.4511783
chr10	118523321	0.05877754461	53.4511823
chr10	118523322	0.04881867748	53.45118236
chr10	118523526	0.0642007052	53.45119231
chr10	118523527	0.05623936109	53.45119238
chr10	118635135	0.06122288841	53.45746914
chr10	118762659	0.07522241659	53.46527653
chr10	118762707	0.08908924798	53.46528014
chr10	118762708	0.05834427202	53.46528023
chr10	118763596	0.1159862109	53.46533204
chr10	118763597	0.1006742177	53.46533215
chr10	118803140	0.1578848912	53.46931311
chr10	118867422	0.1651563363	53.47946227
chr10	118867447	0.1818788462	53.4794664
chr10	118867448	0.1246681754	53.47946658
chr10	119000252	0.2766999267	53.49602301
chr10	119025461	0.1167563313	53.50299834
chr10	119191602	0.1565188895	53.52239636
chr10	119256741	0.1396211149	53.53259184
chr10	119335797	0.1267716078	53.54362973
chr10	119373387	0.2371547652	53.54839507
chr10	119373388	0.1973893361	53.54839531
chr10	119379603	0.2380262539	53.54962208
chr10	119380043	0.2185023499	53.54972682
chr10	119381911	0.2268746035	53.55013498
chr10	119435429	0.257083192	53.56227685
chr10	119435472	1.201237312	53.56228791
chr10	119439803	1.329397833	53.56749047
chr10	119439804	1.27400382	53.5674918
chr10	119439845	0.4326811601	53.56754403
chr10	119440293	0.3776920112	53.56773787
chr10	119440418	2.576797804	53.56778508
chr10	119442090	2.886718264	53.57209349
chr10	119442091	0.6821900207	53.57209638
chr10	119468509	2.939309034	53.59011847
chr10	119468510	2.671894012	53.59012141
chr10	119470032	2.725695389	53.59418803
chr10	119470033	2.594030788	53.59419076
chr10	119470138	2.649052831	53.59446313
chr10	119470139	0.351296901	53.59446578
chr10	119471250	0.2484654406	53.59485607
chr10	119471510	0.2545037769	53.59492067
chr10	119557208	0.3394733454	53.61673114
chr10	119557219	0.3092647568	53.61673487
chr10	119557276	0.3498106338	53.6167525
chr10	119557277	0.3076408391	53.61675285
chr10	119603802	0.228679943	53.63106584
chr10	119603869	0.2332405984	53.63108116
chr10	119603870	0.178218555	53.63108139
chr10	119604603	0.185788295	53.63121203
chr10	119604604	0.1570619182	53.63121221
chr10	119605318	0.2277111548	53.63132436
chr10	119644228	0.2346783367	53.6401846
chr10	119644823	0.2429497223	53.64032423
chr10	119644847	0.25120272	53.64033006
chr10	119644855	0.2594623512	53.64033207
chr10	119786334	0.2715665417	53.67704055
chr10	119786335	0.2331856812	53.67704082
chr10	119786554	0.2426971041	53.67709189
chr10	119786739	0.2524739205	53.67713678
chr10	119787082	0.2649998517	53.67722338
chr10	119798496	0.2877745985	53.68024809
chr10	119798501	0.2687299414	53.68024953
chr10	119877219	0.2572306931	53.70140341
chr10	119906805	0.2566403821	53.70901384
chr10	119906869	0.2563554671	53.70903027
chr10	119906941	0.2441577767	53.70904872
chr10	119907024	0.2697503286	53.70906899
chr10	119908354	0.2689147576	53.70942776
chr10	119909111	0.3037718628	53.70963132
chr10	119909112	0.2916613407	53.70963163
chr10	119909125	0.2905330945	53.70963542
chr10	119909132	0.2890058763	53.70963745
chr10	120080800	0.330541063	53.75925051
chr10	120080801	0.3119767979	53.75925085
chr10	120089600	0.3050653981	53.76199593
chr10	120089622	0.2967940126	53.76200264
chr10	120089651	0.3522081156	53.76201125
chr10	120090286	0.4887392393	53.7622349
chr10	120090287	0.4354599324	53.76223539
chr10	120090311	0.5404482037	53.76224584
chr10	120090367	0.5347730002	53.7622761
chr10	120090384	0.5873218694	53.7622852
chr10	120090630	0.6388968856	53.76242968
chr10	120090631	0.6313271513	53.76243032
chr10	120090636	0.7368045374	53.76243347
chr10	120090637	0.7209707454	53.76243421
chr10	120092493	0.7670765387	53.76377233
chr10	120160287	0.74592034	53.81577552
chr10	120160305	1.151420615	53.81578894
chr10	120160396	1.55562892	53.81589372
chr10	120160397	1.282448341	53.81589528
chr10	120161965	1.20971361	53.81790616
chr10	120163048	1.19386338	53.81921628
chr10	120169372	1.237623229	53.82676627
chr10	120169378	0.7905877659	53.8267737
chr10	120169442	0.8431021357	53.82682429
chr10	120169443	0.7966235644	53.82682514
chr10	120169498	0.3459689637	53.82686895
chr10	120169507	0.3399602913	53.82687206
chr10	120171108	1.971491995	53.82741634
chr10	120172289	2.025370385	53.82974467
chr10	120172290	1.967642552	53.8297467
chr10	120173362	2.021453433	53.83185601
chr10	120173363	0.3299839868	53.83185803
chr10	120173367	1.33438038	53.83185935
chr10	120173431	2.374850966	53.83194475
chr10	120174657	2.331244703	53.83485632
chr10	120174689	6.545567718	53.83493092
chr10	120175560	6.546951703	53.84063211
chr10	120175562	2.332628688	53.8406452
chr10	120176966	2.389039359	53.84392021
chr10	120176967	1.348568773	53.8439226
chr10	120176983	1.407875722	53.84394418
chr10	120177022	1.429276147	53.84399909
chr10	120177030	0.4248797529	53.84401052
chr10	120177041	0.6179123837	53.8440152
chr10	120238503	0.5580525685	53.88199333
chr10	120238510	0.5929841976	53.88199723
chr10	120238515	0.6549779442	53.8820002
chr10	120238520	0.6820357507	53.88200347
chr10	120238631	0.7086957313	53.88207918
chr10	120239500	0.7636977273	53.88269504
chr10	120239501	0.7001176196	53.8826958
chr10	120240501	0.6421424544	53.88339592
chr10	120240506	0.7059084043	53.88339913
chr10	120241196	0.7582067383	53.8838862
chr10	120241197	0.7258378132	53.88388696
chr10	120241733	0.6720269286	53.88427601
chr10	120242083	0.7494957686	53.88451122
chr10	120242084	0.6929315867	53.88451197
chr10	120242159	0.7706694592	53.88456394
chr10	120242186	0.7142587877	53.88458475
chr10	120242213	0.777803731	53.88460403
chr10	120298432	0.8097531534	53.92833138
chr10	120298433	0.7812464491	53.92833219
chr10	120298570	0.8316168437	53.92843922
chr10	120343824	1.012039995	53.96607321
chr10	120343825	0.9550526237	53.96607422
chr10	120343831	0.918847384	53.96607995
chr10	120343832	1.31048693	53.96608087
chr10	120343833	1.275555302	53.96608218
chr10	120343854	1.273227135	53.96610897
chr10	120371368	1.955117331	54.00114054
chr10	120371611	1.901029543	54.00161563
chr10	120373926	1.873660552	54.00601652
chr10	120374487	1.661553236	54.00706764
chr10	120374491	2.113875837	54.00707429
chr10	120374492	1.901776529	54.0070764
chr10	120374520	1.925841206	54.00712965
chr10	120375532	1.78219607	54.0090786
chr10	120375687	1.779913876	54.00935484
chr10	120376632	1.753253895	54.01103686
chr10	120376635	1.725910534	54.01104212
chr10	120376783	1.698570829	54.01129756
chr10	120376902	1.671459987	54.01149969
chr10	120377144	1.886486523	54.01190418
chr10	120377145	1.195754399	54.01190606
chr10	120394254	0.9807278656	54.03236423
chr10	120404698	0.7984934415	54.04260695
chr10	120404712	0.6542534965	54.04261813
chr10	120406576	0.5395860821	54.04383766
chr10	120406772	0.6188026305	54.04394341
chr10	120406773	0.5741131717	54.04394403
chr10	120410562	0.5626486098	54.04611935
chr10	120410574	0.5580879545	54.0461261
chr10	120410575	0.54283481	54.04612666
chr10	120410583	0.5948443664	54.046131
chr10	120413576	0.7125857859	54.04791137
chr10	120413580	0.740456521	54.04791422
chr10	120413581	0.6463377161	54.04791496
chr10	120413586	0.4935375941	54.04791819
chr10	120413618	0.4966266758	54.04793399
chr10	120413619	0.4753740592	54.04793448
chr10	120417920	0.5760335391	54.04997907
chr10	120417946	0.5263923918	54.04999404
chr10	120454469	0.5668225498	54.06921947
chr10	120454470	0.3761962293	54.06922004
chr10	120454486	0.553443373	54.06922606
chr10	120454780	0.7655405057	54.06938877
chr10	120454781	0.72802927	54.06938954
chr10	120476289	0.8526943535	54.08504799
chr10	120476361	0.905495869	54.08510938
chr10	120481192	0.9621628538	54.08948383
chr10	120481322	0.7730574566	54.08960892
chr10	120481402	0.7819707012	54.08967076
chr10	120527404	0.6859290319	54.12564298
chr10	120527446	0.615261531	54.12567179
chr10	120545467	7.047261519	54.13675941
chr10	120545468	7.006831358	54.13676646
chr10	120545572	14.88499836	54.13749517
chr10	120545586	14.81661154	54.13770356
chr10	120545992	14.7762758	54.14371911
chr10	120545995	14.7095154	54.14376343
chr10	120546038	14.72001465	54.14439594
chr10	120546039	0.3028539377	54.14441066
chr10	120546116	69.7241529	54.14443398
chr10	120546117	69.53436598	54.14450371
chr10	120546274	69.83493484	54.1554206
chr10	120546275	0.3915054566	54.15549044
chr10	120614683	0.4251678618	54.18227254
chr10	120614684	0.2638272408	54.18227297
chr10	120614812	0.2731535389	54.18230674
chr10	120614813	0.1657955694	54.18230701
chr10	120616443	0.1207591031	54.18257726
chr10	120620431	0.1302153739	54.18305885
chr10	120623319	0.1344960896	54.18343491
chr10	120765813	0.1549842921	54.20259979
chr10	120765814	0.1306404826	54.20259995
chr10	120765819	0.1476866558	54.2026006
chr10	120765820	0.1309288745	54.20260075
chr10	120768197	0.1439088318	54.20291197
chr10	120769014	0.1485275318	54.20302954
chr10	120778797	0.1521890277	54.20448259
chr10	120789721	0.1634808626	54.2061451
chr10	120789722	0.1483683793	54.20614526
chr10	121009298	0.1574526536	54.2387234
chr10	121009299	0.1330162291	54.23872355
chr10	121009302	0.1421287638	54.23872395
chr10	121009495	0.1845992159	54.23875138
chr10	121009496	0.1658243463	54.23875157
chr10	121051641	0.178543722	54.24574024
chr10	121051642	0.1655637617	54.24574041
chr10	121147892	0.1681440764	54.26167593
chr10	121147893	0.1585738411	54.26167609
chr10	121332170	0.1830020226	54.29089761
chr10	121340893	0.1702826499	54.29249393
chr10	121355292	0.1596431592	54.29494583
chr10	121413043	0.1505306242	54.30416539
chr10	121413313	0.1535152307	54.30420603
chr10	121413314	0.1087316409	54.30420618
chr10	121414295	0.0996473662	54.30431285
chr10	121449866	0.09129281064	54.3078574
chr10	121449906	0.08591473485	54.30786106
chr10	121472049	0.08052274743	54.30976347
chr10	121482274	0.1245639299	54.31058681
chr10	121482449	2.227621692	54.31060861
chr10	121482778	2.286220699	54.3113415
chr10	121482779	2.257511802	54.31134378
chr10	121484197	2.302678012	54.31454494
chr10	121484223	2.378695413	54.3146048
chr10	121484224	0.3059607688	54.31460718
chr10	121484245	0.2982112083	54.31461361
chr10	121484271	0.3434184873	54.31462136
chr10	121484282	0.4195059093	54.31462514
chr10	121565581	0.4082711391	54.34873055
chr10	121565654	0.1831107521	54.34876035
chr10	121565680	0.2410329785	54.34876512
chr10	121565681	0.2376398447	54.34876536
chr10	121603070	0.3535646011	54.35765047
chr10	121603447	0.3226905694	54.35778377
chr10	121603531	0.3315734318	54.35781087
chr10	121603532	0.3007366635	54.3578112
chr10	121603779	0.2704135448	54.35788549
chr10	121604620	0.2972344504	54.3581129
chr10	121604621	0.2941453694	54.3581132
chr10	121604699	0.3209817297	54.35813614
chr10	121604733	0.3526358299	54.35814706
chr10	121604745	0.4281697051	54.35815129
chr10	121605187	0.437088226	54.35834054
chr10	121605205	0.5496679076	54.35834841
chr10	121610152	0.5469803823	54.36106762
chr10	121629198	0.4890581556	54.3714854
chr10	121634803	0.5330792519	54.37422657
chr10	121634807	0.4171544961	54.37422871
chr10	121634853	0.631173938	54.3742479
chr10	121635137	0.7281513583	54.37442715
chr10	121637884	0.7378031626	54.37642738
chr10	121637885	0.6252234818	54.37642812
chr10	121653452	0.6468995011	54.38616097
chr10	121653453	0.3735643375	54.38616162
chr10	121667834	0.3339102742	54.39153385
chr10	121681793	0.3380351308	54.3961949
chr10	121741714	0.2767638594	54.4164503
chr10	121741723	0.2831162761	54.4164528
chr10	121741757	0.2963699117	54.41646242
chr10	121741758	0.2797147336	54.41646272
chr10	121741792	0.3516026155	54.41647223
chr10	121741793	0.2634502994	54.41647258
chr10	121783039	0.2792754917	54.42733885
chr10	121783054	0.2949596182	54.42734304
chr10	121783517	0.310674763	54.42747961
chr10	121783606	0.3070132672	54.42750726
chr10	121808580	0.3761563604	54.43517461
chr10	121861703	0.4000704052	54.45515716
chr10	121861704	0.3676137716	54.45515756
chr10	121861790	0.2501516638	54.45518918
chr10	121861846	0.284993888	54.45520318
chr10	121861847	0.2218922546	54.45520347
chr10	122015523	0.2057592394	54.48930298
chr10	122015550	0.1818451949	54.48930854
chr10	122017628	0.2254695204	54.48968641
chr10	122017629	0.1704533994	54.48968664
chr10	122017710	0.2223878965	54.48970044
chr10	122017711	0.1853614747	54.48970067
chr10	122019054	0.2031725276	54.48994961
chr10	122019067	0.1935207223	54.48995225
chr10	122019348	0.2487689841	54.49000663
chr10	122019349	0.2355153441	54.49000688
chr10	122019357	0.2416121577	54.49000876
chr10	122320889	0.2308726214	54.56286256
chr10	122371915	0.3108639248	54.57464306
chr10	122371916	0.2068041738	54.57464338
chr10	122371917	0.1859821685	54.57464358
chr10	122517267	0.2645535275	54.60167609
chr10	122517268	0.2426405906	54.60167635
chr10	122517420	0.237028556	54.60171324
chr10	122531719	0.2487404345	54.60510251
chr10	122531720	0.2026953698	54.60510276
chr10	122564091	0.5844639688	54.61166421
chr10	122564092	0.4923849639	54.61166479
chr10	122569400	0.4883682468	54.61427837
chr10	122573728	0.09327857368	54.61639203
chr10	122573762	0.2178655382	54.6163952
chr10	122573798	0.6129861212	54.61640304
chr10	122592215	0.7070273043	54.62769241
chr10	122592216	0.4905710599	54.62769312
chr10	122592262	0.5162514702	54.62771568
chr10	122592298	0.536245514	54.62773427
chr10	122595112	0.3636310825	54.62924326
chr10	122595528	0.3905323935	54.62939453
chr10	122595939	0.46401307	54.62955504
chr10	122622804	0.4579162562	54.64202075
chr10	122626092	0.6424527457	54.64352638
chr10	122645977	0.7031611466	54.65630156
chr10	122646005	0.7442569725	54.65632124
chr10	122646006	0.6335652785	54.65632199
chr10	122646007	0.7096661818	54.65632262
chr10	122646008	0.5959170114	54.65632333
chr10	122646028	0.6762204379	54.65633525
chr10	122646029	0.4233169095	54.65633593
chr10	122732291	0.3964155986	54.69285209
chr10	122735515	0.3069013378	54.69413013
chr10	122735526	0.4594451042	54.69413351
chr10	122735527	0.3926569245	54.69413397
chr10	122735530	0.3515610961	54.69413515
chr10	122735560	0.3891087206	54.69414569
chr10	122735589	0.3663739236	54.69415698
chr10	122776308	0.2899090317	54.70907536
chr10	122830308	0.3010545555	54.72473044
chr10	122830336	0.2622495351	54.72473887
chr10	122830456	0.2234935676	54.72477034
chr10	122831180	0.228463221	54.72493215
chr10	122833273	0.1908241733	54.72541033
chr10	122833429	0.1711941193	54.7254401
chr10	122833504	0.1863693768	54.72545294
chr10	122833505	0.1667450782	54.72545312
chr10	122833509	0.1471265393	54.72545379
chr10	122833545	0.1095789148	54.72545908
chr10	122833902	0.1081949304	54.7254982
chr10	122834011	0.1346889889	54.72551
chr10	122834012	0.1151176221	54.72551013
chr10	122834046	0.07638922406	54.72551405
chr10	122834078	0.1157830782	54.72551649
chr10	122834109	0.1286591889	54.72552008
chr10	122834280	0.1272746399	54.72554208
chr10	122921245	0.1426839832	54.73661052
chr10	122921459	0.2333656212	54.73664105
chr10	123075830	0.2339769196	54.77266594
chr10	123075831	0.2101442071	54.77266617
chr10	123075915	0.2265871113	54.77268382
chr10	123075945	0.2114118563	54.77269062
chr10	123075954	0.1333671796	54.77269253
chr10	123077444	0.1490358763	54.77289124
chr10	123119083	0.1496516049	54.77909695
chr10	123119084	0.118126146	54.7790971
chr10	123119840	0.1052500352	54.7791864
chr10	123159954	0.09396246658	54.7834084
chr10	123159987	0.1185855254	54.7834115
chr10	123159988	0.106873653	54.78341162
chr10	123160002	0.131599144	54.78341312
chr10	123160003	0.1161898034	54.78341325
chr10	123160178	0.1409272669	54.78343358
chr10	123160404	0.3302055802	54.78346543
chr10	123160405	0.3077857684	54.78346576
chr10	123160420	0.3480136955	54.78347038
chr10	123161171	0.3612876566	54.78373174
chr10	123161201	0.3861385756	54.78374257
chr10	123272728	0.2878754085	54.82680745
chr10	123308799	0.2630800964	54.8371914
chr10	123308800	0.2383546003	54.83719167
chr10	123308904	0.2136171368	54.83721646
chr10	123309190	0.2570550455	54.83727755
chr10	123309220	0.2323325425	54.83728526
chr10	123309248	0.2074816234	54.83729177
chr10	123309257	0.182765266	54.83729364
chr10	123309403	8.717246303	54.83732032
chr10	123309404	8.652174188	54.83732904
chr10	123309746	8.724344563	54.84028808
chr10	123309825	8.726665464	54.8409773
chr10	123309838	0.2689551387	54.84109075
chr10	123312249	0.2917292008	54.8417392
chr10	123312250	0.2760605029	54.84173949
chr10	123386594	0.5152584739	54.86226293
chr10	123393887	0.5188827217	54.86602071
chr10	123393888	0.4317198751	54.86602123
chr10	123393991	0.4159694096	54.8660657
chr10	123396279	0.4268894925	54.86701744
chr10	123398818	0.4114568798	54.86810131
chr10	123401975	0.1722589088	54.86940028
chr10	123438337	0.1999784516	54.87566396
chr10	123438338	0.1581699263	54.87566416
chr10	123439085	0.1297244922	54.87578231
chr10	123439304	0.2432210371	54.87581072
chr10	123439320	0.3567491016	54.87581461
chr10	123439669	0.4715130915	54.87593912
chr10	123439691	0.4717351779	54.87594949
chr10	123439963	0.4788369275	54.8760778
chr10	123440118	0.4860804845	54.87615202
chr10	123471719	0.4938055085	54.89151265
chr10	123471720	0.3803089632	54.89151315
chr10	123471727	0.152016908	54.89151581
chr10	123471743	0.1571274311	54.89151824
chr10	123471744	0.1344646131	54.8915184
chr10	123473686	0.140335537	54.89177953
chr10	123473687	0.1179407597	54.89177967
chr10	123473797	0.09516669876	54.89179264
chr10	123477596	0.1010754632	54.89215418
chr10	123477672	0.1218029117	54.89216186
chr10	123477952	0.1319360349	54.89219597
chr10	123480378	0.1980683286	54.89251604
chr10	123480545	0.2184803524	54.89254912
chr10	123480909	0.2340706174	54.89262865
chr10	123481153	0.2408226917	54.89268576
chr10	123553379	0.1904246973	54.91007942
chr10	123553675	0.1995282356	54.91013579
chr10	123571062	0.2150383125	54.91360498
chr10	123571063	0.1873187674	54.9136052
chr10	123571494	0.182349114	54.91368593
chr10	123841029	0.1518039667	54.9628354
chr10	123841033	0.1532387602	54.96283601
chr10	123947977	0.1455137373	54.97922398
chr10	123948032	0.1158678537	54.97923198
chr10	123948053	0.1079921154	54.97923441
chr10	123949352	0.1421337634	54.97937469
chr10	123949392	0.1664418643	54.97938038
chr10	123957815	0.1496237994	54.98078232
chr10	123958019	0.1425220498	54.98081284
chr10	124026038	0.1357699755	54.99050705
chr10	124030039	0.1457052008	54.99105026
chr10	124030040	0.1310287382	54.99105041
chr10	124030282	0.2970549796	54.99108212
chr10	124057112	0.2629133315	54.9990521
chr10	124061986	0.3691437698	55.00033354
chr10	124061988	0.3616495553	55.00033428
chr10	124062001	0.4177715913	55.00033898
chr10	124062628	0.4999397512	55.00060093
chr10	124066034	0.5297481707	55.00230372
chr10	124066035	0.4268448047	55.00230425
chr10	124066057	0.6096576582	55.00231364
chr10	124066071	0.6206679947	55.00232218
chr10	124066192	0.6499931447	55.00239728
chr10	124100248	0.6440843802	55.02453344
chr10	124100351	0.5857065824	55.02459979
chr10	124100392	0.6498674381	55.0246238
chr10	124100393	0.5427173907	55.02462445
chr10	124100590	0.7997277988	55.02473136
chr10	124100744	0.8668493905	55.02485452
chr10	124100745	0.7476187179	55.02485539
chr10	124113069	0.7604257579	55.03406904
chr10	124114682	0.6789873681	55.03529561
chr10	124114843	0.6950430915	55.03540493
chr10	124114844	0.6245837653	55.03540562
chr10	124114905	0.3675733572	55.03544372
chr10	124189459	0.3377649392	55.06284778
chr10	124191651	0.2344809948	55.06358817
chr10	124194413	0.2546480935	55.0642358
chr10	124194605	0.3287085164	55.06428469
chr10	124194606	0.2619131791	55.06428502
chr10	124261531	0.335883847	55.08181356
chr10	124261532	0.2766598951	55.0818139
chr10	124343785	0.2833926089	55.10457
chr10	124343786	0.2386645786	55.10457029
chr10	124343909	0.4152097404	55.10459964
chr10	124343910	0.4001016034	55.10460006
chr10	124343989	0.37979905	55.10463167
chr10	124376461	0.4198939061	55.1169645
chr10	124376843	0.6512770625	55.1171249
chr10	124376844	0.5821346007	55.11712555
chr10	124387343	0.9764335118	55.12323738
chr10	124387344	0.7433427102	55.12323836
chr10	124400221	0.7323323735	55.13281038
chr10	124400341	0.7195253338	55.13289826
chr10	124400348	0.7095901065	55.1329033
chr10	124405048	0.7132010255	55.13623837
chr10	124405996	0.7485668263	55.13691449
chr10	124405997	0.5513381334	55.13691524
chr10	124406012	0.3542679104	55.13692351
chr10	124406127	0.3561395469	55.13696425
chr10	124406175	0.3637400278	55.13698134
chr10	124406428	0.372403572	55.13707337
chr10	124406521	3.253456032	55.137108
chr10	124407200	3.270711067	55.1393171
chr10	124407204	3.279651238	55.13933018
chr10	124407307	3.337648338	55.13966799
chr10	124407426	3.455248268	55.14006517
chr10	124407469	3.463398644	55.14021374
chr10	124407798	0.5823461837	55.1413532
chr10	124408880	0.5908038148	55.1419833
chr10	124408881	0.3611325496	55.14198389
chr10	124408883	0.4245839767	55.14198461
chr10	124409021	0.5595693437	55.1420432
chr10	124409022	0.5559450901	55.14204376
chr10	124466769	0.5663982776	55.17414793
chr10	124466770	0.5026897464	55.17414849
chr10	124466836	0.5127900427	55.17418167
chr10	124466839	0.5232477491	55.17418321
chr10	124466840	0.4596163467	55.17418373
chr10	124466865	0.523338862	55.17419522
chr10	124466866	0.459887437	55.17419574
chr10	124466882	0.456708888	55.1742031
chr10	124466897	0.4586069867	55.17420995
chr10	124468101	0.4751147602	55.17476212
chr10	124468220	0.4838326646	55.17481866
chr10	124468221	0.4337355959	55.17481914
chr10	124470112	0.4432260902	55.17563933
chr10	124470150	0.4636121566	55.17565618
chr10	124470707	0.5033581853	55.17591441
chr10	124470742	0.5215262107	55.17593202
chr10	124470743	0.4054230078	55.17593255
chr10	124471189	0.4249038913	55.17611337
chr10	124471276	0.4349588352	55.17615033
chr10	124471277	0.3773386886	55.17615077
chr10	124471434	0.4726720217	55.17621001
chr10	124510025	0.5667179082	55.19445089
chr10	124510026	0.4360187795	55.19445146
chr10	124645639	0.4572742185	55.25358128
chr10	124645645	0.491856095	55.25358402
chr10	124690944	0.5103168737	55.27586461
chr10	124690971	0.5575960955	55.27587839
chr10	124690972	0.4800908355	55.27587895
chr10	124818647	0.4302432301	55.33717454
chr10	124818728	0.9139805641	55.33720939
chr10	124818729	0.8614138649	55.33721031
chr10	124831092	1.111724764	55.34785997
chr10	124831093	0.7143187896	55.34786108
chr10	124833290	0.717140065	55.34943044
chr10	124837176	0.6970325673	55.35221724
chr10	124843884	0.6885749348	55.35689294
chr10	124857206	0.6803992569	55.36606613
chr10	124857218	0.7918433547	55.3660743
chr10	124857536	1.365806536	55.3663261
chr10	124857759	1.348461599	55.36663068
chr10	124857773	1.353044389	55.36664956
chr10	124857774	1.238749262	55.36665091
chr10	124858013	1.345054095	55.36694697
chr10	124858731	1.22356938	55.36791272
chr10	124858800	1.214182354	55.36799715
chr10	124858872	1.206031978	55.36808457
chr10	124858926	1.196554246	55.36814969
chr10	124859087	1.314663521	55.36834234
chr10	124859088	1.16601124	55.36834365
chr10	124859346	1.281512951	55.36864448
chr10	124859347	1.274375128	55.36864576
chr10	124861406	1.853600473	55.3712697
chr10	124861407	1.844172142	55.37127156
chr10	124862035	2.235538425	55.3724297
chr10	124862036	2.116642874	55.37243193
chr10	124862092	2.120668117	55.37255046
chr10	124862212	2.126386623	55.37280494
chr10	124863945	2.257127335	55.37648997
chr10	124863946	1.683164156	55.37649223
chr10	124890230	1.688076779	55.42073252
chr10	124890231	1.576632683	55.4207342
chr10	124890236	2.568431491	55.42074209
chr10	124890237	1.99133534	55.42074466
chr10	124890347	2.784055029	55.4209637
chr10	124890518	2.79804713	55.42143978
chr10	124891744	2.817868974	55.42487018
chr10	124892489	4.290041435	55.42696949
chr10	124892517	4.29706418	55.42708962
chr10	124892518	4.186154257	55.42709391
chr10	124892621	4.210154195	55.42752509
chr10	124892622	3.750270686	55.4275293
chr10	124893982	3.757214394	55.43262967
chr10	124893983	2.775334494	55.43263342
chr10	124894024	2.796167197	55.43274721
chr10	124894100	2.787476907	55.43295972
chr10	124894176	2.789731328	55.43317157
chr10	124894989	2.570626186	55.43543962
chr10	124895012	1.112400267	55.43549874
chr10	124895029	1.142466942	55.43551765
chr10	124895030	0.2361600728	55.4355188
chr10	124895052	0.2764891414	55.43552399
chr10	124898581	0.2998007597	55.43649972
chr10	124898594	0.3022990429	55.43650362
chr10	125084151	0.3132286466	55.49259732
chr10	125084152	0.2745638633	55.49259764
chr10	125153533	0.2885598765	55.51164715
chr10	125184768	0.2924221292	55.52066032
chr10	125184769	0.2670109855	55.52066061
chr10	125188105	0.270120585	55.52155136
chr10	125265594	0.2733488772	55.54248274
chr10	125265620	0.4048315532	55.54248984
chr10	125265621	0.3949039097	55.54249025
chr10	125340505	0.3995210157	55.57206223
chr10	125409263	0.4091535786	55.5995325
chr10	125409264	0.3947205614	55.59953291
chr10	125416400	0.4113605527	55.60234963
chr10	125416401	0.3552141588	55.60235004
chr10	125417151	0.3485636453	55.60261645
chr10	125423828	0.3641034212	55.60494381
chr10	125423829	0.3506181869	55.60494418
chr10	125423831	0.3019881054	55.60494488
chr10	125423930	0.3393452417	55.60497478
chr10	125423931	0.335734326	55.60497512
chr10	125505580	0.3182559931	55.63238749
chr10	125551017	0.335291038	55.64684809
chr10	125656960	0.3070871437	55.68236982
chr10	125657313	0.3169698228	55.68247823
chr10	125660151	0.2796687844	55.68337779
chr10	125660190	0.2873792529	55.68338869
chr10	125660537	0.2925355034	55.68348841
chr10	125660538	0.2411638799	55.68348871
chr10	125660581	0.2720310448	55.68349908
chr10	125660582	0.2268337782	55.68349935
chr10	125660636	0.2371841945	55.6835116
chr10	125775951	0.226732818	55.71086249
chr10	125776099	0.2310662808	55.71089605
chr10	125776100	0.2270410414	55.71089628
chr10	125776136	0.2557368262	55.71090445
chr10	125776168	0.2903949892	55.71091264
chr10	125892831	0.4471773938	55.74479099
chr10	125893270	0.4426303443	55.7449873
chr10	125893285	0.4290539057	55.74499394
chr10	125917849	0.2819956279	55.75553322
chr10	125919660	0.2979239676	55.75604391
chr10	125923353	0.3232295164	55.75714415
chr10	126025760	0.3110031269	55.79024511
chr10	126029590	0.3217795239	55.79143625
chr10	126029591	0.3118968418	55.79143657
chr10	126033621	0.3193670127	55.79269352
chr10	126133721	0.3263342094	55.82466216
chr10	126133722	0.3078825159	55.82466248
chr10	126133725	0.297592956	55.82466341
chr10	126137346	0.3341940129	55.82574099
chr10	126137347	0.21677099	55.82574132
chr10	126269931	0.2416404653	55.85448169
chr10	126271179	0.2319163383	55.85478326
chr10	126271844	0.2379877557	55.85493748
chr10	126271845	0.2430838807	55.85493772
chr10	126370993	0.872743982	55.879039
chr10	126370994	0.8600939085	55.87903987
chr10	126371015	0.8443489704	55.87905793
chr10	126371028	1.059633443	55.87906891
chr10	126371247	1.055203242	55.87930097
chr10	126371248	1.293452954	55.87930203
chr10	126371249	1.256284996	55.87930332
chr10	126371842	1.24306427	55.8800483
chr10	126372184	1.253673356	55.88047342
chr10	126374005	1.279242488	55.88275636
chr10	126374060	1.274086236	55.88282672
chr10	126374083	1.295280331	55.88285603
chr10	126374162	1.28912825	55.88295835
chr10	126374674	1.318530337	55.88361839
chr10	126374675	1.308571991	55.88361971
chr10	126376835	2.829737433	55.88644622
chr10	126376836	2.191964333	55.88644905
chr10	126378844	2.222914782	55.89085052
chr10	126378887	2.373442223	55.8909461
chr10	126378969	2.513662666	55.89114072
chr10	126379020	2.509840697	55.89126892
chr10	126379479	1.115878568	55.89242094
chr10	126381616	1.141388395	55.89480557
chr10	126381617	1.125460057	55.89480671
chr10	126405207	0.495567781	55.92135631
chr10	126405228	0.5393880116	55.92136672
chr10	126405229	0.5369595584	55.92136726
chr10	126405234	0.6416353813	55.92136994
chr10	126405235	0.4251347185	55.92137059
chr10	126405237	0.4520030501	55.92137144
chr10	126405238	0.4473399672	55.92137189
chr10	126405245	0.4854323402	55.92137502
chr10	126407844	0.6049987224	55.92263666
chr10	126440761	0.6482294026	55.9425514
chr10	126440762	0.5364636841	55.94255205
chr10	126525839	0.4965771889	55.98819277
chr10	126525865	0.4533465067	55.98820568
chr10	126525992	0.4438417288	55.98826326
chr10	126526127	0.3986539645	55.98832317
chr10	126526206	0.4138794623	55.98835467
chr10	126526207	0.3530514857	55.98835508
chr10	126529993	0.3235617976	55.98969174
chr10	126530029	0.2940820339	55.98970338
chr10	126617947	0.4086173675	56.01555849
chr10	126617948	0.3882772229	56.0155589
chr10	126617963	0.3920276833	56.01556472
chr10	126619584	0.4294747966	56.0162002
chr10	126620404	0.5243215095	56.01655237
chr10	126620561	0.5383715092	56.01663469
chr10	126620562	0.5278786974	56.01663522
chr10	126624050	0.5438121072	56.01847646
chr10	126624773	0.6650157202	56.01886964
chr10	126624802	0.6809884212	56.01888893
chr10	126624803	0.6517695122	56.01888961
chr10	126625067	0.6658900986	56.01906167
chr10	126625068	0.6511968366	56.01906234
chr10	126625096	0.6670622241	56.01908057
chr10	126625097	0.6627287579	56.01908124
chr10	126625227	0.8099283527	56.0191674
chr10	126659193	0.8549767898	56.04667742
chr10	126659194	0.7601300787	56.04667828
chr10	126659213	0.7627884777	56.04669272
chr10	126659217	0.7813910443	56.04669577
chr10	126659218	0.673153452	56.04669655
chr10	126659236	0.5663982654	56.04670867
chr10	126661233	0.631634073	56.04783977
chr10	126661234	0.5466407984	56.0478404
chr10	126661781	0.7185050421	56.04813941
chr10	126661782	0.6478523254	56.04814013
chr10	126661824	0.6555703962	56.04816734
chr10	126717630	0.5903345859	56.0847521
chr10	126717805	0.612541605	56.08485541
chr10	126717806	0.6638111734	56.08485602
chr10	126717831	0.6867462261	56.08487262
chr10	126717832	0.5836606077	56.0848733
chr10	126718972	0.5514178772	56.08553868
chr10	126719496	0.5641358209	56.08582762
chr10	126719655	0.5251738182	56.08591732
chr10	126721265	0.5039797241	56.08676285
chr10	126721325	0.4893432847	56.08679309
chr10	126767847	0.4741177895	56.10955831
chr10	126767855	0.4394334744	56.10956211
chr10	126773732	0.4835934959	56.11214466
chr10	126773733	0.4742766919	56.11214514
chr10	126789566	0.3947872961	56.11965436
chr10	126789595	0.3852152201	56.11966581
chr10	126854949	0.3800882856	56.14484117
chr10	126854955	0.3641548752	56.14484345
chr10	126855099	0.3451235175	56.14489589
chr10	126855139	0.3291508167	56.14490969
chr10	126855649	0.3339533355	56.14507756
chr10	126855756	0.299515602	56.14511329
chr10	126856990	0.6399173031	56.14548289
chr10	126856991	0.6054493519	56.14548353
chr10	126857045	0.5612893289	56.14551623
chr10	126877814	0.5700438663	56.15717365
chr10	126877815	0.3534459741	56.15717422
chr10	126878245	0.3305109186	56.1573262
chr10	126879410	0.3019912698	56.15771124
chr10	126879460	0.1382572246	56.15772634
chr10	126879484	0.1232175955	56.15772966
chr10	126882419	0.109167599	56.1580913
chr10	126883378	1.13995949	56.158196
chr10	126883427	4.627261852	56.15825185
chr10	126883478	4.60505483	56.15848784
chr10	126884482	1.110075464	56.16311132
chr10	126884486	1.119019527	56.16311576
chr10	126884582	1.102506567	56.16322319
chr10	126884616	1.111402725	56.16326067
chr10	126885616	1.097282141	56.16437207
chr10	126887132	0.1172331286	56.16603555
chr10	126887474	0.1547453408	56.16607565
chr10	126888930	0.2294994514	56.16630096
chr10	126889005	0.2564409881	56.16631817
chr10	126890627	0.2614889679	56.16673412
chr10	126891165	0.2810818062	56.1668748
chr10	126899798	0.2995573716	56.16930138
chr10	126956826	0.3222110116	56.18638453
chr10	126956890	0.3459601135	56.18640516
chr10	126957459	0.3743615684	56.18660201
chr10	127001363	0.3803127981	56.20303798
chr10	127001369	0.4560395226	56.20304026
chr10	127001370	0.4248585637	56.20304072
chr10	127001376	0.4387239241	56.20304326
chr10	127082762	0.4397938937	56.23874925
chr10	127082763	0.4394437468	56.23874969
chr10	127082809	0.446572025	56.2387699
chr10	127083628	0.4768269974	56.23913565
chr10	127083629	0.4393147879	56.23913612
chr10	127138510	0.4623733219	56.26324616
chr10	127138511	0.440234911	56.26324662
chr10	127266553	0.4511598846	56.31961518
chr10	127266554	0.429514285	56.31961563
chr10	127266720	0.5791848352	56.31968693
chr10	127266721	0.4670250488	56.31968751
chr10	127266732	0.4669415521	56.31969265
chr10	127295832	0.4316164981	56.33328064
chr10	127298064	0.4792312538	56.33424401
chr10	127298065	0.2774575165	56.33424449
chr10	127298066	0.30156572	56.33424477
chr10	127298067	0.2495960816	56.33424507
chr10	127298160	0.2371998029	56.33426828
chr10	127298176	0.2876615781	56.33427208
chr10	127298177	0.2663698511	56.33427237
chr10	127302195	0.3274610734	56.33534264
chr10	127302196	0.3185569516	56.33534297
chr10	127326567	0.3584484953	56.34310652
chr10	127598936	0.5623542805	56.44073678
chr10	127598937	0.5156231248	56.44073734
chr10	127603250	0.3923820447	56.44296122
chr10	127603313	0.9059818993	56.44298594
chr10	127603314	0.8114703728	56.44298685
chr10	127603424	1.053126155	56.44307611
chr10	127603425	1.04091255	56.44307716
chr10	127619343	1.02946112	56.45964641
chr10	127619355	0.7896859644	56.45965876
chr10	127619454	0.7846379846	56.45973694
chr10	127619571	0.8786995238	56.45982874
chr10	127619572	0.6464672204	56.45982962
chr10	127619604	0.6941994397	56.45985031
chr10	127621618	0.7891550879	56.46124843
chr10	127621619	0.5869509644	56.46124922
chr10	127621726	0.6360344784	56.46131202
chr10	127621727	0.4647833976	56.46131266
chr10	127696679	2.006325488	56.4961491
chr10	127696680	1.927469071	56.49615111
chr10	127696682	1.782941543	56.49615496
chr10	127697183	3.693172068	56.49704822
chr10	127697403	6.07446915	56.49786071
chr10	127698800	6.085316045	56.50634675
chr10	127698947	6.569090402	56.50724129
chr10	127698948	4.141443572	56.50724786
chr10	127699108	4.14756591	56.50791049
chr10	127699109	0.6191688205	56.50791464
chr10	127706525	0.5849729084	56.51250639
chr10	127706552	0.1011985505	56.51252219
chr10	127720390	0.1125967994	56.51392257
chr10	127720394	0.1702708303	56.51392302
chr10	127720395	0.1644930424	56.51392319
chr10	127721057	0.1600717173	56.51403209
chr10	127764927	0.1867207874	56.52105443
chr10	127800219	0.1406311664	56.52764418
chr10	127801411	0.1865616213	56.52781182
chr10	127801412	0.1679895768	56.527812
chr10	127804752	0.1835598675	56.52837309
chr10	127830428	0.1560523423	56.53308617
chr10	127830475	0.1733495745	56.53309351
chr10	127833020	0.1912994878	56.53353468
chr10	128037985	0.1509182709	56.57274438
chr10	128040889	0.1854528869	56.57318265
chr10	128041041	0.8025921474	56.57321084
chr10	128041042	0.7296663781	56.57321164
chr10	128043075	0.7144423315	56.57469505
chr10	128043167	0.782051373	56.57476078
chr10	128043168	0.7597127833	56.57476156
chr10	128043173	0.7740358328	56.57476536
chr10	128043174	0.7486127338	56.57476613
chr10	128047143	0.1456786154	56.57773738
chr10	128047152	0.1863694663	56.57773869
chr10	128047218	0.2270868862	56.57775099
chr10	128047220	0.267820086	56.57775144
chr10	128047346	0.3231376993	56.57778519
chr10	128047403	0.3546908946	56.57780361
chr10	128047420	0.376038339	56.57780964
chr10	128136534	0.4013883927	56.61131992
chr10	128137541	0.4725420766	56.61172412
chr10	128137542	0.3928249967	56.61172459
chr10	128137567	0.5248552526	56.61173441
chr10	128137568	0.4841644028	56.61173493
chr10	128137574	0.5096853783	56.61173784
chr10	128137575	0.4281927752	56.61173835
chr10	128137617	0.4985198962	56.61175633
chr10	128137919	0.543856474	56.61190689
chr10	128137930	0.5660940998	56.61191287
chr10	128137952	0.5917242391	56.61192532
chr10	128219764	0.5255899612	56.66033547
chr10	128220960	0.5051585536	56.66096407
chr10	128224366	0.4627720746	56.66268464
chr10	128279673	0.6434213944	56.68827918
chr10	128279674	0.617536453	56.68827982
chr10	128279715	0.6016995441	56.68830514
chr10	128281498	0.5603531186	56.68937797
chr10	128281666	0.5350030641	56.68947211
chr10	128281668	0.5094627772	56.68947318
chr10	128281734	0.4839418005	56.6895068
chr10	128281777	0.6563216905	56.68952761
chr10	128300039	0.3813645009	56.70151336
chr10	128300133	0.3587366718	56.70154921
chr10	128300337	0.3441942414	56.70162239
chr10	128300402	2.315397282	56.70164476
chr10	128300403	2.255858041	56.70164708
chr10	128300415	4.214912352	56.70167415
chr10	128300416	4.192320231	56.70167836
chr10	128300581	4.169750979	56.7023701
chr10	128301235	8.108351035	56.70509711
chr10	128301372	12.17815634	56.70620796
chr10	128301759	12.16405313	56.7109209
chr10	128302276	8.094247827	56.71720972
chr10	128302291	6.146601457	56.71733113
chr10	128302293	4.187547149	56.71734343
chr10	128303034	2.14246433	56.7204464
chr10	128303120	1.970084439	56.72063065
chr10	128303178	0.07656720243	56.72074492
chr10	128303374	6.519831636	56.72075992
chr10	128303375	6.49759401	56.72076644
chr10	128303944	10.33448585	56.72446357
chr10	128303945	3.891221417	56.72447391
chr10	128304965	3.918614453	56.72844295
chr10	128304966	0.3187083955	56.72844687
chr10	128305418	0.3811617043	56.72859093
chr10	128305600	0.4087178523	56.7286603
chr10	128305650	0.4489622683	56.72868074
chr10	128305651	0.427073781	56.72868118
chr10	128367223	0.4785960753	56.75497697
chr10	128378300	0.5391345397	56.76027838
chr10	128378301	0.4896556189	56.76027892
chr10	128378324	0.5501811345	56.76029018
chr10	128397069	0.4704295644	56.77060333
chr10	128397121	0.5323027636	56.77062779
chr10	128397122	0.4928180755	56.77062832
chr10	128397408	0.5783269305	56.77076927
chr10	128397450	0.6115888778	56.77079356
chr10	128397515	0.677439001	56.77083331
chr10	128438631	0.6259167068	56.79868689
chr10	128438687	0.7868362707	56.79872194
chr10	128439072	2.909804529	56.79902488
chr10	128439073	2.821739195	56.79902779
chr10	128439090	2.828735299	56.79907575
chr10	128439109	3.014482964	56.7991295
chr10	128439110	2.926438195	56.79913252
chr10	128439113	2.898882046	56.79914129
chr10	128439117	2.871664303	56.79915289
chr10	128439137	2.881805163	56.79921032
chr10	128439251	3.104221539	56.79953885
chr10	128439273	3.022455766	56.79960714
chr10	128440387	3.021769938	56.80297416
chr10	128440434	2.936261083	56.80311618
chr10	128440547	2.966007244	56.80344798
chr10	128440589	2.939082703	56.80357255
chr10	128440804	2.95646889	56.80420445
chr10	128440805	0.8335006285	56.80420741
chr10	128440806	1.079649193	56.80420824
chr10	128456561	0.8461294225	56.82121812
chr10	128456573	0.8741343622	56.82122827
chr10	128456581	0.8118463448	56.82123526
chr10	128456583	0.5141441527	56.82123689
chr10	128456910	0.5320440275	56.82140501
chr10	128458916	0.346296363	56.82247229
chr10	128461274	0.3794139386	56.82328886
chr10	128461466	0.3865863803	56.82336171
chr10	128461550	0.2256668163	56.82339418
chr10	128507981	0.2337179535	56.83387212
chr10	128508059	0.3403233251	56.83389035
chr10	128508060	0.3070613752	56.83389069
chr10	128513995	0.3198484293	56.8357131
chr10	128515552	0.3440066516	56.8362111
chr10	128667843	0.3989178339	56.88860022
chr10	128667844	0.3112947834	56.88860062
chr10	128667883	0.338758575	56.88861276
chr10	128667884	0.3157389939	56.88861309
chr10	128670442	0.3771527352	56.88942076
chr10	128779721	0.3662972633	56.93063563
chr10	128780545	0.3213587002	56.93093746
chr10	128801716	0.3085716461	56.93774094
chr10	128801845	0.1981980475	56.93778075
chr10	128801936	0.2135907593	56.93779878
chr10	128801937	0.1825060158	56.937799
chr10	128802111	46.40738906	56.93783075
chr10	128802112	46.34147698	56.93787716
chr10	128802144	46.36010149	56.93936009
chr10	128802190	46.36945013	56.94149265
chr10	128802191	0.3699948456	56.94153902
chr10	128802224	0.4592058422	56.94155123
chr10	128803959	0.482085845	56.94234795
chr10	128803960	0.4714950486	56.94234844
chr10	128804633	0.5256535054	56.94266575
chr10	128804643	0.528464052	56.94267101
chr10	128964759	0.2873496823	57.02728656
chr10	128964947	1.041109975	57.02734058
chr10	128964948	0.9652617969	57.02734162
chr10	128964969	0.9582656933	57.02736189
chr10	128974416	0.9442018531	57.03641463
chr10	128974709	0.1691115659	57.03669128
chr10	128999684	0.9914414676	57.04091484
chr10	128999685	0.9541955644	57.04091583
chr10	129002056	0.9476433916	57.04317823
chr10	129003159	0.9293437617	57.04422348
chr10	129003658	0.9110894389	57.04468722
chr10	129004158	0.08162397314	57.04514277
chr10	129040521	0.08597704082	57.04811086
chr10	129040608	0.05479489026	57.04811834
chr10	129040952	0.03940218013	57.04813719
chr10	129041012	0.03327508869	57.04813955
chr10	129047595	0.1077011602	57.0483586
chr10	129048435	0.1282596375	57.04844907
chr10	129052559	0.2110980856	57.04897802
chr10	129062166	0.2918346978	57.05100604
chr10	129062184	0.3323458797	57.05101129
chr10	129064510	0.3395652448	57.05178433
chr10	129075579	0.5113575483	57.05554297
chr10	129075582	4.828699492	57.05554451
chr10	129075618	5.000990585	57.05571834
chr10	129075931	6.04691938	57.05728365
chr10	129076524	6.095026706	57.06086947
chr10	129076525	2.19353785	57.06087557
chr10	129093214	2.2536284	57.09748352
chr10	129093628	2.258301459	57.09841652
chr10	129093652	3.368471643	57.09847072
chr10	129093718	10.76883953	57.09869304
chr10	129094304	10.83162073	57.10500358
chr10	129094305	3.765550305	57.10501441
chr10	129094378	5.171398219	57.1052893
chr10	129094861	5.183572741	57.10778708
chr10	129095806	5.200136571	57.11268556
chr10	129096966	2.782333404	57.11871772
chr10	129096972	2.521596892	57.11873441
chr10	129096994	2.587637169	57.11878989
chr10	129096995	0.6635174585	57.11879248
chr10	129097024	0.7282995398	57.11881172
chr10	129097027	0.8604121291	57.1188139
chr10	129097028	0.7859860591	57.11881476
chr10	129097046	0.8635389701	57.11882891
chr10	129152704	0.6173954408	57.16689176
chr10	129152743	0.5513622727	57.16691584
chr10	129152872	0.510801516	57.16698697
chr10	129152906	0.4480203142	57.16700433
chr10	129152979	0.534226416	57.16703704
chr10	129152980	0.4866915438	57.16703757
chr10	129153001	0.350335862	57.16704779
chr10	129153665	24.71526296	57.16728042
chr10	129153741	24.6750871	57.16915878
chr10	129153815	24.68920221	57.17098473
chr10	129153816	0.2594930366	57.17100942
chr10	129154439	0.445859186	57.17117109
chr10	129154440	0.3857686346	57.17117153
chr10	129159305	0.6183866493	57.1730483
chr10	129159550	0.6651343233	57.1731998
chr10	129159659	0.6795866661	57.1732723
chr10	129189733	0.6980522629	57.19371019
chr10	129189751	0.7164657361	57.19372276
chr10	129195656	0.7354560339	57.19795349
chr10	129195657	0.4468344383	57.19795422
chr10	129195734	0.4374857912	57.19798863
chr10	129195858	0.4749250925	57.19804288
chr10	129195880	0.697918999	57.19805332
chr10	129195881	0.6091418146	57.19805402
chr10	129196086	0.6281720894	57.1981789
chr10	129196135	0.6465984736	57.19820968
chr10	129388974	0.612096612	57.32289908
chr10	129389392	0.5740940378	57.32315494
chr10	129389415	0.536053744	57.32316814
chr10	129389490	0.7946356946	57.32320834
chr10	129389556	0.7572260423	57.32326079
chr10	129392390	0.7010614702	57.32540677
chr10	129392400	0.5729522347	57.32541378
chr10	129395800	0.5545258505	57.32736182
chr10	129397058	0.5423513286	57.32805941
chr10	129399142	0.5116399193	57.32918967
chr10	129399485	0.4935701077	57.32936516
chr10	129399534	0.6886238661	57.32938935
chr10	129401597	0.8165348626	57.33080998
chr10	129403625	0.9907040819	57.33246591
chr10	129403689	1.24183746	57.33252932
chr10	129403718	0.9832555095	57.33256533
chr10	129403735	0.98828889	57.33258205
chr10	129406350	1.010217559	57.33516642
chr10	129406351	0.9896590793	57.33516743
chr10	129412929	1.513002464	57.34167741
chr10	129413064	2.203006963	57.34188166
chr10	129413157	3.153369146	57.34208654
chr10	129413182	3.263124344	57.34216538
chr10	129414145	3.889568069	57.34530777
chr10	129414161	4.770157823	57.34537
chr10	129414162	4.753303002	57.34537477
chr10	129414227	4.738850659	57.34568374
chr10	129414465	4.710316735	57.34681158
chr10	129418338	6.183652012	57.36505464
chr10	129418339	4.942888982	57.36506082
chr10	129418395	5.07305824	57.36533762
chr10	129418396	4.187999985	57.3653427
chr10	129419958	4.434242136	57.37188435
chr10	129419959	3.370013132	57.37188879
chr10	129420017	3.378483868	57.37208425
chr10	129420018	2.752040146	57.37208763
chr10	129428519	3.370829099	57.39548272
chr10	129428520	3.131350873	57.39548609
chr10	129428523	3.748782117	57.39549548
chr10	129428525	4.335186958	57.39550298
chr10	129428526	3.974065642	57.39550732
chr10	129428528	4.198027024	57.39551527
chr10	129428577	8.491721294	57.39572097
chr10	129430360	8.360248191	57.41086171
chr10	129432374	10.39257692	57.42769925
chr10	129432375	9.423881817	57.42770964
chr10	129432413	9.449916035	57.42806775
chr10	129432414	8.927167531	57.4280772
chr10	129432460	10.76299786	57.42848785
chr10	129432461	8.608001165	57.42849861
chr10	129434770	8.634489548	57.44837448
chr10	129434798	9.01877776	57.44861625
chr10	129434799	5.339102634	57.44862527
chr10	129434857	4.75825262	57.44893494
chr10	129434899	3.003562747	57.44913478
chr10	129445824	2.515548984	57.48194871
chr10	129445834	2.428385014	57.48197386
chr10	129445910	2.513743425	57.48215842
chr10	129445911	2.214490341	57.48216093
chr10	129446656	2.361199755	57.48381073
chr10	129446657	1.332950461	57.48381309
chr10	129446659	1.202781199	57.48381576
chr10	129446703	0.6883731202	57.48386868
chr10	129510488	0.679501011	57.52777656
chr10	129510944	0.5173840863	57.52808641
chr10	129511053	0.5476459728	57.52814281
chr10	129511078	0.5928695423	57.5281565
chr10	129573665	0.566381159	57.56526242
chr10	129573717	0.5375947548	57.56529187
chr10	129573730	0.5773970599	57.56529886
chr10	129573731	0.4963677291	57.56529944
chr10	129573745	0.6103350145	57.56530639
chr10	129573746	0.5352868868	57.565307
chr10	129573748	0.60641355	57.56530807
chr10	129574126	0.5695737971	57.56553729
chr10	129577761	0.6317192884	57.5676077
chr10	129577762	0.6059848118	57.56760833
chr10	129577858	0.6268477971	57.5676665
chr10	129579664	0.6024968999	57.56879859
chr10	129754204	0.4585256036	57.6739584
chr10	129754253	1.286779543	57.67398087
chr10	129754254	1.215586249	57.67398215
chr10	129754402	2.027750486	57.67416206
chr10	129755584	1.933329571	57.67655886
chr10	129755640	1.890608422	57.67666713
chr10	129756269	3.485036373	57.67785632
chr10	129756270	3.368308753	57.6778598
chr10	129758695	2.507626183	57.68602795
chr10	129758932	1.695461946	57.68662226
chr10	129760726	14.1670009	57.68966392
chr10	129760730	14.16685473	57.68972059
chr10	129760963	14.23366978	57.69302146
chr10	129760964	13.45004806	57.6930357
chr10	129760987	13.5576997	57.69334505
chr10	129760988	12.75841609	57.69335861
chr10	129761010	12.86654083	57.69363929
chr10	129761021	0.3950018723	57.69378082
chr10	129761084	0.8778741812	57.69380571
chr10	129761173	1.304239228	57.69388384
chr10	129761955	1.400829029	57.69490375
chr10	129762100	1.951173622	57.69510687
chr10	129762124	1.983956321	57.6951537
chr10	129762628	2.496794904	57.69615362
chr10	129762728	2.798249452	57.6964033
chr10	129769801	3.16011824	57.71619532
chr10	129769802	1.302454812	57.71619848
chr10	129770484	1.439489242	57.71708675
chr10	129854347	1.809592824	57.83780664
chr10	129854348	1.634163589	57.83780845
chr10	129854370	1.594290348	57.8378444
chr10	129854380	1.713362909	57.83786034
chr10	129861634	2.022600654	57.85028907
chr10	129861635	1.986046482	57.8502911
chr10	129863437	2.080871194	57.85386995
chr10	129870172	7.254529953	57.86788462
chr10	129870910	7.619701565	57.87323846
chr10	129871004	3.197701575	57.87395472
chr10	129871042	4.359034905	57.87407623
chr10	129871091	4.219574894	57.87428982
chr10	129871160	5.425838498	57.87458097
chr10	129873818	5.443056722	57.88900285
chr10	129873819	5.430796066	57.88900829
chr10	129874170	5.901390079	57.8909145
chr10	129874209	7.475675055	57.89114466
chr10	129874210	4.824349667	57.89115213
chr10	129874230	4.789118994	57.89124862
chr10	129874246	5.597826465	57.89132525
chr10	129874247	5.309274304	57.89133084
chr10	129874288	5.924972403	57.89154852
chr10	129874303	5.7906007	57.8916374
chr10	129874351	5.6874382	57.89191535
chr10	129874353	6.242188505	57.89192672
chr10	129874354	6.107890617	57.89193296
chr10	129876173	6.043468127	57.90304322
chr10	129876247	6.05775358	57.90349043
chr10	129876329	6.025586269	57.90398717
chr10	129876545	6.864797946	57.9052887
chr10	129876546	5.290512969	57.90529556
chr10	129876563	5.256052168	57.9053855
chr10	129876574	6.951315413	57.90544332
chr10	129876575	6.887656483	57.90545027
chr10	129876629	8.16864118	57.9058222
chr10	129876630	8.136340568	57.90583037
chr10	129876631	8.561818077	57.90583851
chr10	129876823	9.447069278	57.90748237
chr10	129878708	11.06283739	57.9252901
chr10	129878936	13.48896774	57.92781243
chr10	129879501	16.0653711	57.93543369
chr10	129879502	16.03432171	57.93544976
chr10	129879504	15.64007568	57.93548183
chr10	129879509	15.70571536	57.93556003
chr10	129880900	14.85525211	57.95740668
chr10	129880928	16.16142432	57.95782263
chr10	129880929	8.809595268	57.95783879
chr10	129880978	9.720290912	57.95827046
chr10	129880979	8.835039708	57.95828018
chr10	129880984	9.916262286	57.95832435
chr10	129880985	7.380572259	57.95833427
chr10	129881107	7.41531414	57.9592347
chr10	129881958	7.481912695	57.96554513
chr10	129881987	7.548557093	57.96576211
chr10	129881988	6.54188952	57.96576966
chr10	129882642	7.970667769	57.97004805
chr10	129884644	8.040680595	57.98600533
chr10	129884670	6.897777659	57.98621439
chr10	129884671	6.950283178	57.98622128
chr10	129885211	6.079901348	57.98997444
chr10	129885216	6.115889832	57.99000484
chr10	129885217	4.68711158	57.99001095
chr10	129885277	5.017605247	57.99029218
chr10	129885278	3.134064917	57.9902972
chr10	129885695	3.168753807	57.9916041
chr10	129885696	2.384599134	57.99160727
chr10	129886238	2.451739746	57.99289972
chr10	129886239	1.686514963	57.99290217
chr10	129935558	1.731398108	58.07607941
chr10	129935559	1.429787533	58.07608114
chr10	129935571	1.431043065	58.07609829
chr10	129937191	1.625549828	58.07841658
chr10	129937192	1.297215064	58.07841821
chr10	129937193	1.096308204	58.07841951
chr10	129937200	1.125862802	58.07842718
chr10	129937201	0.9938846858	58.07842831
chr10	129937216	1.018040212	58.07844322
chr10	129937337	1.042575754	58.0785664
chr10	129937338	0.9719066507	58.07856744
chr10	129941035	0.8099413293	58.08216058
chr10	129961124	0.7614344141	58.09843149
chr10	129961496	0.7906821663	58.09871474
chr10	129961513	0.9070764058	58.09872819
chr10	129961523	0.9363304371	58.09873726
chr10	129991754	1.050277774	58.12704346
chr10	129991755	0.8792516736	58.12704451
chr10	130061685	0.8496970768	58.18853058
chr10	130061840	0.8201813644	58.18866229
chr10	130061849	0.8144641291	58.18866967
chr10	130087287	0.7021751018	58.20938801
chr10	130087395	0.5536338302	58.20946384
chr10	130087406	0.5291415759	58.20946993
chr10	130087478	0.5113245739	58.20950803
chr10	130087493	0.4696282728	58.2095157
chr10	130087521	0.5712918719	58.20952885
chr10	130087556	0.5534815976	58.20954884
chr10	130087605	0.694465043	58.20957596
chr10	130087615	0.6652894233	58.20958291
chr10	130088583	0.6938165502	58.21022691
chr10	130088603	0.6757273704	58.21024078
chr10	130088615	0.6271339639	58.21024889
chr10	130089521	0.7093045085	58.21081708
chr10	130089525	0.6564086777	58.21081991
chr10	130090968	0.7671250181	58.21176711
chr10	130091157	1.299966158	58.2119121
chr10	130091158	1.262954531	58.2119134
chr10	130092858	1.396579207	58.21406042
chr10	130093002	1.75909631	58.21426153
chr10	130093414	1.878609824	58.21498628
chr10	130113558	2.224390274	58.25282899
chr10	130113678	2.221579727	58.25309592
chr10	130113696	2.420289098	58.25313591
chr10	130113701	2.242843773	58.25314801
chr10	130113712	2.590618042	58.25317268
chr10	130113910	2.600852245	58.25368562
chr10	130117715	2.585314636	58.26358187
chr10	130117717	2.436453458	58.26358704
chr10	130123708	3.49063798	58.27818383
chr10	130123709	3.025526091	58.27818732
chr10	130123710	2.908436091	58.27819035
chr10	130124197	2.970120718	58.27960675
chr10	130124198	2.267361926	58.27960972
chr10	130124231	2.971833729	58.27968455
chr10	130124290	3.60452573	58.27985988
chr10	130124291	3.256751462	58.27986349
chr10	130124330	3.145844882	58.2799905
chr10	130127198	2.091660357	58.28901279
chr10	130128852	2.10864975	58.29247239
chr10	130129941	2.094486767	58.29476871
chr10	130130104	3.714654156	58.29511011
chr10	130130105	3.066934856	58.29511383
chr10	130130169	3.052173625	58.29531011
chr10	130132207	2.958330901	58.30153044
chr10	130132211	2.759621531	58.30154227
chr10	130132448	2.74499405	58.3021963
chr10	130133789	2.730708594	58.30587734
chr10	130133790	2.741541884	58.30588007
chr10	130133791	2.726992094	58.30588281
chr10	130134295	2.644821549	58.30725722
chr10	130134675	2.699190986	58.30826225
chr10	130134676	0.2957388065	58.30826495
chr10	130139223	0.2672450159	58.30960967
chr10	130141627	0.2964549951	58.31025213
chr10	130141861	0.3145760714	58.3103215
chr10	130344240	0.2970201627	58.37398509
chr10	130344298	0.2621515512	58.37400232
chr10	130344552	0.245455293	58.37406891
chr10	130344864	0.2310995506	58.37414549
chr10	130344890	0.1954768499	58.3741515
chr10	130345405	0.178487457	58.37425217
chr10	130345506	0.1610369683	58.37427019
chr10	130345643	0.189617639	58.37429226
chr10	130347577	0.1580691665	58.37465898
chr10	130348197	0.1872283661	58.37475698
chr10	130348198	0.1566324859	58.37475717
chr10	130348340	0.1863715108	58.37477941
chr10	130348621	0.2049194952	58.37483178
chr10	130348872	0.1905487811	58.37488321
chr10	130472010	0.1797882095	58.39834701
chr10	130472053	0.1500491846	58.39835474
chr10	130473401	0.1289816926	58.39855701
chr10	130474370	0.04452096417	58.39868199
chr10	130546977	0.02597297982	58.40191452
chr10	130547031	0.04283140867	58.40191593
chr10	130547615	0.05298909544	58.40194094
chr10	130557684	0.05324452701	58.40247449
chr10	130557685	0.04862658977	58.40247454
chr10	130560418	0.0525702122	58.40260744
chr10	130560461	0.0555596451	58.4026097
chr10	130560915	0.07664943895	58.40263492
chr10	130645645	0.08985967647	58.40912943
chr10	130813582	0.1044915786	58.42422019
chr10	130813671	0.1377309876	58.42422949
chr10	130816760	0.1524982028	58.42465494
chr10	130909814	0.1212507222	58.43884551
chr10	130923460	0.1462195307	58.4405001
chr10	130923573	0.1722404939	58.44051662
chr10	130924148	0.3975935243	58.44061566
chr10	130924149	0.3746274408	58.44061606
chr10	130924355	0.6233836487	58.44069323
chr10	130924356	0.5901442387	58.44069385
chr10	131033902	0.5230381649	58.50534179
chr10	131033933	0.7575402989	58.50535801
chr10	131033934	0.6233673086	58.50535877
chr10	131033937	0.7420519097	58.50536064
chr10	131033938	0.7084782365	58.50536138
chr10	131064936	0.589793634	58.52732279
chr10	131064963	0.5637726708	58.52733871
chr10	131065026	0.5158842208	58.52737423
chr10	131065311	0.2553192793	58.52752126
chr10	131065353	0.2524986722	58.52753198
chr10	131065520	0.289083764	58.52757415
chr10	131065528	0.3173003479	58.52757646
chr10	131065607	0.291292077	58.52760153
chr10	131065900	0.2765248618	58.52768687
chr10	131066033	0.2947448321	58.52772365
chr10	131066041	1.075140936	58.52772601
chr10	131066042	1.04917452	58.52772709
chr10	131066090	1.854795308	58.52777745
chr10	131066393	1.87306495	58.52833945
chr10	131070801	1.900467577	58.53659592
chr10	131070807	1.928712322	58.53660732
chr10	131070808	0.3521558769	58.53660925
chr10	131070866	0.370840542	58.53662968
chr10	131195916	0.3426239577	58.58300329
chr10	131200950	0.3677684049	58.58472805
chr10	131201065	0.3395236599	58.58477035
chr10	131202519	0.3440519606	58.58526402
chr10	131205062	0.3166493345	58.58613894
chr10	131208585	0.2651138442	58.5872545
chr10	131256314	0.2097126216	58.59990811
chr10	131257691	0.1655911261	58.60019689
chr10	131267771	0.1286368188	58.60186605
chr10	131267960	0.1104168483	58.60189036
chr10	131268042	0.1416015337	58.60189941
chr10	131268047	0.130896879	58.60190012
chr10	131268094	0.1201936885	58.60190627
chr10	131268206	0.1529370376	58.60191974
chr10	131268248	0.160717606	58.60192616
chr10	131268409	0.1905541941	58.60195203
chr10	131268415	0.208320005	58.60195318
chr10	131333548	0.2313861985	58.61552168
chr10	131403981	0.2237154217	58.63181891
chr10	131404021	0.2332513986	58.63182786
chr10	131404022	0.2223826183	58.63182809
chr10	131407574	0.2334224584	58.63261799
chr10	131470995	0.3980503442	58.64742188
chr10	131475503	0.6216157402	58.64921629
chr10	131475504	0.6038499319	58.64921691
chr10	131492518	0.5874482058	58.65949081
chr10	131493050	0.354710616	58.65980334
chr10	131493325	0.3696091516	58.65990088
chr10	131493343	0.1696222443	58.65990754
chr10	131493543	0.1844784876	58.65994146
chr10	131493544	0.1555892225	58.65994164
chr10	131493630	0.1808377306	58.65995502
chr10	131493631	0.1682673779	58.65995521
chr10	131514481	0.1844956882	58.66346358
chr10	131514900	0.200818171	58.66354088
chr10	131514901	0.1858923156	58.66354108
chr10	131515128	0.202247378	58.66358328
chr10	131515151	0.1873366454	58.66358793
chr10	131515467	0.2445070919	58.66364713
chr10	131515468	0.2296375776	58.66364738
chr10	131515970	0.246000496	58.66376266
chr10	131515986	0.3049142102	58.66376659
chr10	131516170	0.3080368318	58.6638227
chr10	131538790	0.3264818767	58.67079049
chr10	131649334	0.3525541029	58.7068811
chr10	131649617	0.3251288021	58.70698087
chr10	131649620	0.3510827657	58.70698185
chr10	131738253	0.3326377208	58.73809937
chr10	131740080	0.3162826584	58.7387071
chr10	131740268	0.3896066403	58.73876656
chr10	131740269	0.374708102	58.73876695
chr10	131740276	0.3583426365	58.73876957
chr10	131740300	0.4306748167	58.73877817
chr10	131740301	0.400458331	58.7387786
chr10	131740813	0.473222542	58.73898364
chr10	131740814	0.4568596231	58.73898411
chr10	131740831	0.4458197828	58.73899188
chr10	131741106	0.4053535002	58.73911448
chr10	131741165	0.4800364061	58.73913839
chr10	131741190	0.4489518517	58.73915039
chr10	131741191	0.5225898976	58.73915084
chr10	131789834	0.5130539204	58.76457118
chr10	131790428	0.4259750279	58.76487594
chr10	131790443	0.4628940005	58.76488233
chr10	131790444	0.3627853644	58.76488279
chr10	131790445	0.3976396243	58.76488315
chr10	131790446	0.3715673963	58.76488355
chr10	131791153	0.2979293515	58.76514625
chr10	131791164	0.2226077389	58.76514953
chr10	131791335	0.2490466308	58.76518759
chr10	131791374	0.2955730025	58.7651973
chr10	131791375	0.1968548275	58.7651976
chr10	131791376	0.2134867808	58.7651978
chr10	131802900	0.2006637603	58.76765802
chr10	131802908	0.2182011747	58.76765962
chr10	131802922	0.3196043125	58.76766268
chr10	131822241	0.3387439828	58.77383711
chr10	131826782	0.4084314007	58.77537535
chr10	131826846	0.428239538	58.77540149
chr10	131829383	0.4881525894	58.77648793
chr10	131920598	0.5129830498	58.82101477
chr10	131920599	0.4413846429	58.82101529
chr10	131925230	0.482614027	58.82305934
chr10	131925231	0.4452433669	58.82305982
chr10	131925249	0.5627966705	58.82306783
chr10	131926517	0.5827197961	58.82378146
chr10	131930480	0.6093206004	58.82609078
chr10	131930490	0.5828817082	58.82609687
chr10	132012064	0.540503041	58.87364486
chr10	132012467	0.5002704835	58.87386269
chr10	132012582	0.6370819179	58.87392022
chr10	132012583	0.5840100297	58.87392086
chr10	132012587	0.6649718145	58.87392319
chr10	132012588	0.6483403926	58.87392386
chr10	132012694	0.6308029783	58.87399258
chr10	132012710	2.369509969	58.87400267
chr10	132013187	2.407044569	58.87513293
chr10	132013188	2.365207569	58.87513534
chr10	132013246	2.433760598	58.87527252
chr10	132014464	2.666848161	58.87823684
chr10	132014465	2.589087351	58.87823951
chr10	132014826	0.8503803607	58.87917417
chr10	132014988	0.8458520599	58.87931193
chr10	132015117	0.8524401941	58.87942104
chr10	132016945	0.8567891641	58.8809793
chr10	132016946	0.8374421601	58.88098016
chr10	132017292	0.9089157658	58.88126992
chr10	132017293	0.8893366935	58.88127082
chr10	132055921	0.7724363736	58.91562412
chr10	132056115	1.113125696	58.91577398
chr10	132066914	0.703883344	58.92779462
chr10	132068445	0.7629341914	58.92887226
chr10	132068766	1.027275992	58.92911717
chr10	132068767	0.8900302145	58.92911819
chr10	132068787	1.037706092	58.92913599
chr10	132068788	0.7199457076	58.92913703
chr10	132068813	0.7298275904	58.92915503
chr10	132068923	0.8168698919	58.92923531
chr10	132068951	0.9055251363	58.92925818
chr10	132068991	0.9927076953	58.92929441
chr10	132110429	1.003833166	58.97043023
chr10	132110449	1.187046351	58.9704503
chr10	132110450	0.9588299853	58.97045149
chr10	132110552	1.142987756	58.97054929
chr10	132110553	1.054899265	58.97055043
chr10	132110554	1.239075473	58.97055149
chr10	132110555	1.02470775	58.97055273
chr10	132110618	1.766224989	58.97061728
chr10	132111181	1.770338983	58.97161167
chr10	132111182	1.748554441	58.97161344
chr10	132111190	3.66827377	58.97162743
chr10	132111191	3.494048908	58.9716311
chr10	132111206	3.456514307	58.97168351
chr10	132130269	17.55269818	59.03757504
chr10	132130270	16.59418486	59.03759259
chr10	132130529	461.0429234	59.04189049
chr10	132130530	444.6070365	59.04235153
chr10	132130667	718.294805	59.10326269
chr10	132130668	374.2059425	59.10398099
chr10	132130748	384.305227	59.13391746
chr10	132130749	14.70424529	59.13430177
chr10	132132129	14.83647315	59.15459363
chr10	132132130	9.51215478	59.15460846
chr10	132132182	7.083703301	59.1551031
chr10	132132192	52.8816783	59.15517393
chr10	132132193	50.33558557	59.15522681
chr10	132132200	50.35641171	59.15557916
chr10	132132201	50.35065025	59.15562952
chr10	132132258	50.37149031	59.15849951
chr10	132132336	50.39232682	59.16242848
chr10	132132433	2.410907319	59.16731654
chr10	132132462	2.567507586	59.16738645
chr10	132132463	0.5190087022	59.16738902
chr10	132132585	0.856209996	59.16745234
chr10	132248752	0.6345142653	59.26691569
chr10	132248842	0.6440356586	59.26697279
chr10	132248843	0.6123896288	59.26697344
chr10	132249929	0.7240575144	59.26763849
chr10	132249930	0.5674572481	59.26763922
chr10	132249962	1.020853382	59.26765738
chr10	132249963	0.8651012138	59.2676584
chr10	132249971	0.8829442706	59.26766532
chr10	132249972	0.8674458006	59.2676662
chr10	132308450	0.846525754	59.3183927
chr10	132308468	0.8258495448	59.31840793
chr10	132308798	0.784130754	59.31868046
chr10	132308857	0.8275336612	59.31872673
chr10	132308858	0.785835898	59.31872756
chr10	132308906	0.7649993812	59.31876528
chr10	132308908	0.7762345889	59.31876681
chr10	132316594	0.8173277111	59.32473294
chr10	132317753	0.9067069031	59.32568023
chr10	132441120	0.9824156706	59.43753794
chr10	132441121	0.7968653268	59.43753892
chr10	132441301	0.8916229035	59.43768236
chr10	132441302	0.6397849344	59.43768325
chr10	132489249	0.6711688059	59.46835902
chr10	132489250	0.6498599403	59.46835969
chr10	132573561	0.6432718061	59.52315003
chr10	132585605	0.7155102537	59.53089759
chr10	132585606	0.7074232238	59.53089831
chr10	132632255	6.126565353	59.5638989
chr10	132632256	6.069330918	59.56390502
chr10	132632594	6.092794442	59.56595646
chr10	132632995	6.083189028	59.56839967
chr10	132633024	6.106221431	59.56857608
chr10	132633590	3.333411231	59.5720322
chr10	132635091	2.036124915	59.57703565
chr10	132635159	2.085445203	59.57717411
chr10	132635160	1.878498319	59.57717619
chr10	132635175	1.866294551	59.57720437
chr10	132635185	1.855020299	59.57722303
chr10	132635246	1.813131856	59.57733619
chr10	132635298	1.872814941	59.57743047
chr10	132635299	0.6641736802	59.57743235
chr10	132636285	0.7854621597	59.57808722
chr10	132636369	0.935767595	59.5781532
chr10	132636370	0.9172294584	59.57815413
chr10	132636534	1.376220382	59.57830456
chr10	132636535	1.167492003	59.57830594
chr10	132636838	1.202792819	59.57865969
chr10	132692013	1.194470014	59.64502378
chr10	132694216	1.130687483	59.6476552
chr10	132694233	1.112739233	59.64767442
chr10	132694380	1.109616612	59.64783799
chr10	132696591	1.132022163	59.65029135
chr10	132696592	0.9336516612	59.65029249
chr10	132696941	0.9853076435	59.65061833
chr10	132696942	0.611873172	59.65061932
chr10	132696961	0.6675067468	59.65063094
chr10	132696962	0.606872504	59.65063161
chr10	132697042	0.7173605269	59.65068016
chr10	132697199	0.8284139525	59.65079278
chr10	132697200	0.7112836789	59.65079361
chr10	132697252	0.8784799448	59.6508306
chr10	132697253	0.8218766033	59.65083148
chr10	132763080	0.8716426478	59.70493315
chr10	132763081	0.8291339972	59.70493402
chr10	132763092	0.717620956	59.70494314
chr10	132763173	0.5978057671	59.70500127
chr10	132763496	0.5691382434	59.70519436
chr10	132763535	0.4583015501	59.70521656
chr10	132763717	0.5085035531	59.70529997
chr10	132763743	0.5584194867	59.70531319
chr10	132763744	0.4199943856	59.70531375
chr10	132764400	0.6272774087	59.70558926
chr10	132764401	0.6234999319	59.70558989
chr10	132764411	0.803787124	59.70559613
chr10	132764412	0.7750537741	59.70559693
chr10	132788247	0.9914199003	59.72407034
chr10	132789394	1.140255264	59.72520749
chr10	132789395	1.11679174	59.72520864
chr10	132791145	1.169613725	59.72716302
chr10	132791146	1.162815474	59.72716419
chr10	132792760	1.139783071	59.72904097
chr10	132792796	1.382703289	59.72908201
chr10	132792797	1.436808553	59.72908339
chr10	132792798	1.300426166	59.72908483
chr10	132813299	1.567984832	59.75574486
chr10	132813300	1.547332069	59.75574643
chr10	132814262	1.881221245	59.75723496
chr10	132814263	1.592235771	59.75723685
chr10	132814293	1.754203808	59.75728461
chr10	132814295	1.871811806	59.75728812
chr10	132826012	1.771339252	59.77922014
chr10	132836964	1.615873206	59.79861985
chr10	132837002	1.618356919	59.79868125
chr10	132837003	1.060008513	59.79868287
chr10	132837008	0.7387926344	59.79868817
chr10	132837334	3.5078154	59.79892902
chr10	132837335	3.432866245	59.79893252
chr10	132837344	3.597987639	59.79896342
chr10	132837448	4.326485495	59.79933761
chr10	132837449	4.276569562	59.79934194
chr10	132837473	4.298736578	59.79944457
chr10	132840878	6.206985537	59.81408177
chr10	132840887	6.392172227	59.81413763
chr10	132840901	6.315691529	59.81422713
chr10	132840922	7.394527756	59.81435975
chr10	132840923	6.369422159	59.81436715
chr10	132840937	6.55468345	59.81445632
chr10	132841806	6.748422471	59.82015234
chr10	132841815	5.927336868	59.82021308
chr10	132841849	5.901947631	59.82041461
chr10	132841850	9.750382765	59.82042051
chr10	132842805	9.95807747	59.82973212
chr10	132842806	4.201393374	59.82974208
chr10	132842854	4.236620674	59.82994375
chr10	132842859	4.442214638	59.82996493
chr10	132844475	5.060792805	59.83714355
chr10	132845281	5.025491989	59.84122255
chr10	132846120	14.24801489	59.84543894
chr10	132846121	13.00956765	59.84545319
chr10	132846254	13.19503441	59.84718346
chr10	132846305	13.45207219	59.8478564
chr10	132846550	13.77086415	59.85115216
chr10	132846551	5.234659994	59.85116593
chr10	132860519	5.02696529	59.92428366
chr10	132860753	7.235541226	59.92545997
chr10	132860754	5.569513511	59.92546721
chr10	132860795	9.132593341	59.92569556
chr10	132860796	6.856736199	59.92570469
chr10	132862913	6.918957889	59.9402204
chr10	132862916	6.914608917	59.94024116
chr10	132865467	6.866246108	59.95788033
chr10	132865794	6.91598229	59.96012559
chr10	132865795	6.186290899	59.96013251
chr10	132865851	5.464614949	59.96047894
chr10	132865881	5.490971454	59.96064288
chr10	132865882	4.767734967	59.96064837
chr10	132865885	4.82229887	59.96066267
chr10	132865886	4.821043336	59.96066749
chr10	132866081	4.873831969	59.9616076
chr10	132866082	4.177954539	59.96161247
chr10	132866090	4.268668938	59.96164589
chr10	132866091	0.9958776628	59.96165016
chr10	132866408	1.06781966	59.96196586
chr10	132866409	0.7730479588	59.96196692
chr10	132866547	1.39777476	59.9620736
chr10	132883542	1.181293207	59.98582879
chr10	132883884	1.239315002	59.98623279
chr10	132886236	1.299659839	59.98914766
chr10	132891739	1.332008729	59.99629969
chr10	132891741	1.364327214	59.99630235
chr10	132947010	1.327704638	60.07170735
chr10	132947204	1.088474104	60.07196492
chr10	132947218	1.151631435	60.07198016
chr10	132947292	1.270880645	60.07206538
chr10	132947293	0.8615162415	60.07206666
chr10	132947294	0.7824943229	60.07206752
chr10	132947337	0.7369552216	60.07210116
chr10	133003360	0.800531644	60.11338761
chr10	133003444	0.845895535	60.11345485
chr10	133003445	0.8237285201	60.1134557
chr10	133003456	0.8587695733	60.11346476
chr10	133005470	1.001439308	60.11519432
chr10	133005471	0.5145562598	60.11519532
chr10	133005579	0.967008603	60.11525089
chr10	133005580	0.9082280259	60.11525186
chr10	133006392	0.9906143993	60.11598934
chr10	133059382	1.027561912	60.168482
chr10	133060372	1.060303184	60.16949928
chr10	133060500	1.107517534	60.169635
chr10	133060501	1.070474857	60.16963611
chr10	133060583	1.089049624	60.16972389
chr10	133061229	1.081726099	60.17042742
chr10	133061309	1.10036901	60.17051395
chr10	133061504	1.119044001	60.17072853
chr10	133061505	1.053258785	60.17072965
chr10	133160297	1.17450616	60.27478319
chr10	133160298	1.151050562	60.27478436
chr10	133160300	1.483429635	60.27478666
chr10	133160301	1.412093228	60.27478815
chr10	133160306	1.388331932	60.27479521
chr10	133164981	1.283758479	60.28128566
chr10	133170621	1.325315718	60.28852606
chr10	133170644	1.390124872	60.28855654
chr10	133170645	1.379801417	60.28855793
chr10	133171368	1.464228106	60.28955553
chr10	133171369	0.9899558273	60.28955699
chr10	133171376	0.9516291165	60.28956392
chr10	133171393	1.016566131	60.2895801
chr10	133171394	0.9497980433	60.28958111
chr10	133171464	1.099282763	60.2896476
chr10	133171465	1.054925745	60.2896487
chr10	133172741	0.9891915759	60.29099478
chr10	133212232	1.039956043	60.33005895
chr10	133212241	1.022153525	60.33006831
chr10	133212247	0.9943819864	60.33007444
chr10	133212289	0.9765929826	60.33011621
chr10	133212326	1.027420566	60.33015234
chr10	133212327	1.009625456	60.33015337
chr10	133258510	1.294004988	60.3767809
chr10	133258511	1.124603169	60.37678219
chr10	133258534	1.696977911	60.37680806
chr10	133258535	1.504225843	60.37680976
chr10	133258652	1.64518768	60.37698575
chr10	133258653	1.612081512	60.3769874
chr10	133258654	1.644085685	60.37698901
chr10	133258655	1.625442777	60.37699065
chr10	133258801	1.661359605	60.37722797
chr10	133258802	1.646836746	60.37722963
chr10	133259152	1.605279506	60.37780602
chr10	133259573	1.608754552	60.37848184
chr10	133283656	1.525001577	60.41722548
chr10	133284070	1.572679977	60.41785683
chr10	133284071	1.428745706	60.4178584
chr10	133284705	1.524893726	60.41876423
chr10	133284706	1.236258122	60.41876575
chr10	133284709	1.351195486	60.41876946
chr10	133284710	1.080939445	60.41877081
chr10	133284752	0.9399776067	60.41881621
chr10	133284781	1.173612986	60.41884347
chr10	133284782	0.8123151838	60.41884464
chr10	133284793	0.8964196635	60.41885358
chr10	133284921	0.7569910058	60.41896832
chr10	133361226	0.7941642117	60.47673052
chr10	133361234	0.9013175131	60.47673687
chr10	133361235	0.6734977407	60.47673778
chr10	133361260	0.5699342332	60.47675461
chr10	133361438	0.5219398687	60.47685606
chr10	133361468	0.7105062899	60.47687172
chr10	133367061	0.5465615032	60.48084558
chr10	133367610	0.5901290374	60.48114564
chr10	133373406	0.6006869691	60.48456603
chr10	133373610	0.702580607	60.48468857
chr10	133373611	0.6705764288	60.48468927
chr10	133377575	0.6473164287	60.48734744
chr10	133380035	0.6903207301	60.48893984
chr10	133380070	0.7066993827	60.488964
chr10	133452055	2.884474476	60.53983575
chr10	133452056	2.840906946	60.53983864
chr10	133452072	2.908409705	60.53988409
chr10	133452073	2.867803736	60.539887
chr10	133452095	2.827207623	60.53995009
chr10	133464577	2.865622793	60.5752393
chr10	133465515	2.949761201	60.57792725
chr10	133465587	2.866076397	60.57813964
chr10	133466397	2.831013603	60.58046116
chr10	133466402	2.839401539	60.58047531
chr10	133466405	2.843467427	60.58048383
chr10	133466430	2.482530385	60.58055492
chr10	133466486	2.56017524	60.58069394
chr10	133466487	2.01070893	60.5806965
chr10	133467157	1.523474923	60.58204367
chr10	133467234	1.721476679	60.58216098
chr10	133467235	1.458945576	60.5821627
chr10	133468029	1.482762627	60.58332111
chr10	133468030	1.022154927	60.58332259
chr10	133475667	0.8663399184	60.59112879
chr10	133558951	0.7875886021	60.66328104
chr10	133559004	1.699247036	60.66332278
chr10	133559005	1.491927798	60.66332448
chr10	133559332	1.496775344	60.66381234
chr10	133559334	1.501306585	60.66381533
chr10	133559335	1.442789069	60.66381684
chr10	133559364	1.457021384	60.66385868
chr10	133559365	1.357348371	60.66386013
chr10	133561331	1.361886278	60.66652868
chr10	133561571	1.37161847	60.66685553
chr10	133563493	1.417090645	60.66949178
chr10	133563600	3.940481584	60.66964341
chr10	133563601	3.107171577	60.66964735
chr10	133563613	3.131231153	60.66968464
chr10	133563614	3.002563998	60.66968777
chr10	133564629	3.021734758	60.67273537
chr10	133564731	3.098843278	60.67304359
chr10	133564761	3.234961768	60.67313656
chr10	133565057	3.317981545	60.6740941
chr10	133565058	0.7945906032	60.67409742
chr10	133565087	0.8229297066	60.67412047
chr10	133565088	0.8037154686	60.67412129
chr10	133565093	0.849669659	60.67412531
chr10	133604698	0.8070343853	60.70777647
chr10	133604763	0.833182585	60.70782893
chr10	133612883	0.8366691306	60.71459437
chr10	133612989	1.056323335	60.71468306
chr10	133612990	0.9800392718	60.71468412
chr10	133613015	0.9869103508	60.71470862
chr10	133613016	0.910196822	60.7147096
chr10	133630541	1.066005232	60.7306608
chr10	133632051	0.8729979929	60.73227047
chr10	133632058	0.885488843	60.73227658
chr10	133632088	0.8904588858	60.73230315
chr10	133654116	0.8301742046	60.75191818
chr10	133654153	0.8376171152	60.75194889
chr10	133654154	0.6818087025	60.75194973
chr10	133654163	0.6873484288	60.75195587
chr10	133654175	0.6075575587	60.75196411
chr10	133654326	0.5878089637	60.75205586
chr10	133666002	0.5706112636	60.75891911
chr10	133666201	0.5758214037	60.75903266
chr10	133666774	0.6680672868	60.75936261
chr10	133666775	0.547459231	60.75936328
chr10	133666997	0.5926813742	60.75948481
chr10	133666998	0.5567058975	60.75948541
chr10	133667057	0.5639900564	60.75951825
chr10	133667058	0.5310582602	60.75951882
chr10	133745465	0.5049100605	60.8011575
chr10	133933803	0.5528354037	60.89625125
chr10	134148463	0.4725910613	61.0149229
chr10	134317480	0.4669345824	61.09479882
chr10	134317638	0.445855612	61.0948726
chr10	134317639	0.4773068625	61.09487305
chr10	134317640	0.2939536255	61.09487352
chr10	134318102	0.2744566215	61.09500933
chr10	134318109	0.2688061285	61.09501125
chr10	134318234	0.3382743046	61.09504485
chr10	134318235	0.3066869011	61.09504519
chr10	134318294	0.2806211459	61.09506328
chr10	134371195	0.2111529714	61.10990842
chr10	134371244	0.2059304581	61.10991877
chr10	134371275	0.2637280261	61.10992515
chr10	134371276	0.2413113373	61.10992542
chr10	134371303	1.502794625	61.10993193
chr10	134371304	1.484237208	61.10993344
chr10	134371311	1.917531755	61.10994383
chr10	134371312	1.912970227	61.10994574
chr10	134372080	1.908432319	61.1114149
chr10	134372312	1.905988974	61.11185766
chr10	134372329	1.883077404	61.11189006
chr10	134372344	1.856813724	61.11191831
chr10	134372359	1.844655175	61.11194616
chr10	134374342	1.905393525	61.11560411
chr10	134374343	0.6951619475	61.11560602
chr10	134374394	0.8097403013	61.11564147
chr10	134379786	0.8678702722	61.12000759
chr10	134379801	1.220620447	61.12002061
chr10	134379802	0.787325904	61.12002183
chr10	134379810	0.8515685579	61.12002813
chr10	134379811	0.8363119595	61.12002898
chr10	134379814	0.9030821444	61.12003149
chr10	134379823	0.898568981	61.12003962
chr10	134379849	0.9155998986	61.12006298
chr10	134380003	0.9921618992	61.12020398
chr10	134380018	1.126563104	61.12021886
chr10	134380024	1.193524081	61.12022562
chr10	134434615	1.126137523	61.1853813
chr10	134434617	0.9664775932	61.18538355
chr10	134434915	0.6962246862	61.18567156
chr10	134434918	0.6292100405	61.18567365
chr10	134434930	0.5714124758	61.1856812
chr10	134434968	0.5044514975	61.18570291
chr10	134443077	0.4463215265	61.18979351
chr10	134443088	0.3950698166	61.18979842
chr10	134443163	0.703409072	61.18982805
chr10	134443175	0.6453552335	61.18983649
chr10	134443178	0.9925387729	61.18983842
chr10	134443179	0.9390517643	61.18983942
chr10	134443239	2.213862572	61.18989576
chr10	134445825	2.158131239	61.19562081
chr10	134445951	2.102513642	61.19589273
chr10	134445974	2.118849678	61.19594109
chr10	134446034	2.596903734	61.19606822
chr10	134446035	2.541356671	61.19607082
chr10	134446124	3.032177574	61.196297
chr10	134446125	1.757366767	61.19630003
chr10	134447242	2.237229032	61.19826301
chr10	134447290	2.707943463	61.1983704
chr10	134453729	2.759895736	61.21580685
chr10	134453730	2.281841681	61.21580961
chr10	134453775	1.93465814	61.21591229
chr10	134453872	1.459812503	61.21609995
chr10	134453887	1.410152595	61.21612185
chr10	134454908	1.441858892	61.21756161
chr10	134454909	0.9619966293	61.21756306
chr10	134455094	1.223712324	61.21774102
chr10	134455095	0.915373073	61.21774225
chr10	134455105	1.026821025	61.2177514
chr10	134455106	0.5561065938	61.21775243
chr10	134455193	0.7720481833	61.21780081
chr10	134455315	0.7893022599	61.217895
chr10	134524545	0.8430942628	61.2725384
chr10	134524546	0.6851869315	61.27253924
chr10	134524556	0.5791799195	61.27254609
chr10	134561308	0.5445090059	61.29383211
chr10	134561350	0.4752269037	61.29385498
chr10	134561437	0.4750997146	61.29389633
chr10	134570845	0.5704567627	61.29836606
chr10	134570846	0.5068608253	61.29836663
chr10	134570858	0.586226264	61.29837272
chr10	134570859	0.5544424476	61.2983733
chr10	134570945	0.5227361471	61.29842098
chr10	134585733	0.5430015564	61.30615121
chr10	134586151	0.5905229195	61.30637818
chr10	134586153	0.5624507998	61.30637936
chr10	134586162	0.6099789169	61.30638442
chr10	134586218	0.6575678962	61.30641858
chr10	134591519	0.6774905364	61.30990435
chr10	134592940	0.6236985341	61.31086706
chr10	134592989	0.6703060507	61.31089763
chr10	134592990	0.6169433589	61.3108983
chr10	134594354	0.5905056071	61.31173981
chr10	134594355	0.6419112796	61.3117404
chr10	134594385	0.7426429403	61.31175965
chr10	134595819	0.7595765013	61.3128246
chr10	134595827	0.8101699365	61.31283068
chr10	134595837	0.8589961494	61.31283878
chr10	134595874	0.8419652318	61.31287057
chr10	134595948	0.8910101426	61.31293287
chr10	134596881	0.9405223554	61.31376418
chr10	134596907	0.9900518985	61.31378864
chr10	134597103	1.041548952	61.31398269
chr10	134597177	1.148621313	61.31405976
chr10	134597227	1.204185151	61.31411719
chr10	134597317	1.259822092	61.31422557
chr10	134663441	1.038059438	61.39753005
chr10	134663443	1.074985626	61.39753212
chr10	134663444	1.019348686	61.3975332
chr10	134663527	1.056306033	61.3976178
chr10	134663528	1.008717055	61.39761886
chr10	134663571	0.7989986913	61.39766223
chr10	134665925	0.7475930187	61.39954308
chr10	134668111	0.7635996297	61.40117732
chr10	134668112	0.7601130861	61.40117808
chr10	134668511	0.7777038717	61.40148136
chr10	134668545	2.404438611	61.40150781
chr10	134668546	2.2335436	61.40151021
chr10	134668587	2.25924123	61.40160179
chr10	134670962	2.268088465	61.40696748
chr10	134670963	2.219043552	61.40696975
chr10	134671187	12.53922049	61.40746682
chr10	134671188	12.37501649	61.40747936
chr10	134671226	17.72255136	61.40794961
chr10	134671227	17.68590032	61.40796733
chr10	134671360	17.76370133	61.41031955
chr10	134671618	17.79418398	61.41490259
chr10	134671913	18.80541168	61.42015187
chr10	134671914	2.197044483	61.42017068
chr10	134671927	2.133469514	61.42019924
chr10	134672876	4.636205717	61.4222239
chr10	134672882	4.780906903	61.42225172
chr10	134675517	4.789041259	61.43484941
chr10	134675965	4.998851288	61.4369949
chr10	134675966	4.503081984	61.4369999
chr10	134676423	4.692965845	61.43905781
chr10	134676424	2.824454049	61.4390625
chr10	134676441	2.907383902	61.43911052
chr10	134676442	2.074559731	61.43911342
chr10	134676453	2.159519646	61.43913624
chr10	134676456	2.20120354	61.43914272
chr10	134676668	2.285049511	61.43960938
chr10	134762294	2.074434204	61.63526903
chr10	134762977	2.709593257	61.63668587
chr10	134763045	2.213066037	61.63687012
chr10	134763076	5.632307662	61.63693872
chr10	134763077	5.436994747	61.63694436
chr10	134763897	5.396574361	61.64140269
chr10	134764045	5.526725204	61.64220138
chr10	134764046	5.406505811	61.64220691
chr10	134764071	5.364520806	61.64234207
chr10	134764082	5.322432537	61.64240108
chr10	134764152	1.862880796	61.64277365
chr10	134764163	1.888391509	61.64279415
chr10	134764166	2.019101851	61.64279981
chr10	134764718	1.977417955	61.64391435
chr10	134764756	1.958444797	61.6439895
chr10	134764766	1.948882796	61.64400908
chr10	134764774	1.907125096	61.64402467
chr10	134767278	1.940192362	61.64880011
chr10	134767279	1.909369021	61.64880205
chr10	134767400	1.750627835	61.64903309
chr10	134768004	2.02300636	61.65009047
chr10	134768005	1.984331463	61.65009249
chr10	134769008	1.374299298	61.65208277
chr10	134769017	2.087932813	61.65209514
chr10	134769018	2.01198968	61.65209723
chr10	134774315	1.209682622	61.66275474
chr10	134792312	1.241178836	61.6845254
chr10	134792313	0.6080748652	61.68452664
chr10	134796081	0.5773231539	61.68681787
chr10	134796135	0.5474731381	61.68684904
chr10	134796193	0.5167550618	61.68688079
chr10	134798282	0.4866766263	61.6879603
chr10	134798402	0.3656455062	61.6880187
chr10	134798432	0.3993067259	61.68802967
chr10	134811608	0.3464505301	61.69329093
chr10	134811755	0.3964035145	61.69334186
chr10	134811756	0.3707058854	61.69334226
chr10	134812069	0.3889031461	61.69345829
chr10	134812070	0.3803918243	61.69345868
chr10	134812141	0.4609147057	61.69348568
chr10	134812241	0.576467693	61.69353178
chr10	134812279	7.8762772	61.69355368
chr10	134812291	7.889679202	61.6936482
chr10	134812782	7.918591386	61.69752203
chr10	134812783	0.6187818758	61.69752995
chr10	134812902	0.6573295324	61.69760358
chr10	134813085	0.7176393311	61.69772387
chr10	134813086	0.7007057695	61.69772459
chr10	134813137	0.7393339665	61.69776033
chr10	134907730	0.6282709884	61.76769615
chr10	134907742	0.5897467425	61.76770368
chr10	134907803	0.551247088	61.76773966
chr10	134908345	0.512699431	61.76803844
chr10	134908355	0.5741030967	61.76804356
chr10	134908380	0.6273040967	61.76805791
chr10	134908381	0.5631651887	61.76805854
chr10	134908414	0.8298310557	61.76807713
chr10	134908429	0.8514821413	61.76808957
chr10	134908446	0.9679573997	61.76810405
chr10	134908461	1.156160242	61.76811857
chr10	134908756	1.177853072	61.76845964
chr10	134908926	1.513690931	61.76865987
chr10	134908978	1.903875457	61.76873858
chr10	134909027	1.925603005	61.76883187
chr10	134909076	2.079244698	61.76892623
chr10	134909097	2.080902021	61.76896989
chr10	134909098	2.079723482	61.76897197
chr10	134909123	2.04822727	61.76902397
chr10	134909228	2.371657063	61.76923903
chr10	134909232	2.390234267	61.76924852
chr10	134909398	2.349552361	61.76964529
chr10	134909401	2.384622175	61.76965234
chr10	134909431	2.419728464	61.76972388
chr10	134933019	2.770129356	61.82680044
chr10	134933020	2.462795241	61.82680321
chr10	134933022	2.278717797	61.82680813
chr10	134933060	2.324043706	61.82689472
chr10	134933064	2.309955672	61.82690402
chr10	134933097	2.44289368	61.82698025
chr10	134936173	2.490027235	61.83449459
chr10	134936174	2.357269903	61.83449708
chr10	134936776	2.404722007	61.83591616
chr10	134936782	2.59973441	61.83593058
chr10	134936993	2.862734974	61.83647913
chr10	134939853	2.742600966	61.84466655
chr10	134940032	3.113546043	61.84515748
chr10	134940033	2.439139533	61.84516059
chr10	134940036	2.488582546	61.84516791
chr10	134940057	2.538031539	61.84522017
chr10	134940074	2.419717159	61.84526331
chr10	134940232	2.716683369	61.84564563
chr10	134940253	2.785356592	61.84570268
chr10	134955520	2.898919297	61.88822672
chr10	134955524	2.961602091	61.88823831
chr10	134955647	2.989762741	61.88860259
chr10	134955648	2.794750335	61.88860558
chr10	134955652	2.857570128	61.88861676
chr10	134960628	2.838369226	61.90283603
chr10	134960858	2.818446586	61.90348885
chr10	134984707	2.846208169	61.97070599
chr10	134984708	2.603094142	61.97070883
chr10	134984821	2.438071199	61.97100298
chr10	134984823	2.36115077	61.97100786
chr10	134984824	2.392628122	61.97101022
chr10	134984837	2.343968518	61.97104132
chr10	134984848	2.380679163	61.97106711
chr10	134984849	2.07415964	61.97106949
chr10	134984866	2.003198851	61.97110475
chr10	134985283	2.040036307	61.97194008
chr10	134985284	1.910872358	61.97194212
chr10	135013942	1.981686579	62.0267039
chr10	135014218	1.793505467	62.02725085
chr10	135014229	2.06623082	62.02727058
chr10	135014230	1.715847162	62.02727264
chr10	135014231	1.840605524	62.02727436
chr10	135014248	1.822408263	62.02730565
chr10	135014308	1.873484941	62.02741499
chr10	135014309	1.721275674	62.02741687
chr10	135014377	1.814531041	62.02753391
chr10	135014446	1.988598591	62.02765912
chr10	135014447	1.904457851	62.02766111
chr10	135014458	2.075536472	62.02768205
chr10	135014459	1.929161949	62.02768413
chr10	135014558	1.971924328	62.02787512
chr10	135014581	2.075354217	62.02792047
chr10	135014582	2.025870638	62.02792255
chr10	135078356	1.960799174	62.15712042
chr10	135082232	2.080091804	62.16472048
chr10	135082292	2.226047451	62.16484528
chr10	135085066	2.348864385	62.17102034
chr10	135085067	2.156015098	62.17102269
chr10	135085157	2.041953936	62.17121673
chr10	135085161	1.914815388	62.1712249
chr10	135085195	2.12155002	62.17129
chr10	135085384	2.20827021	62.17169097
chr10	135085385	2.19670459	62.17169318
chr10	135086293	2.713887689	62.17368779
chr10	135086294	2.634423879	62.1736905
chr10	135086296	2.725405231	62.17369577
chr10	135086297	2.673269761	62.1736985
chr10	135086306	2.652582624	62.17372256
chr10	135086339	2.526384056	62.17381009
chr10	135086809	4.033330391	62.17499749
chr10	135086810	3.858025822	62.17500153
chr10	135087458	4.043661021	62.17750153
chr10	135089372	4.140832431	62.18524109
chr10	135089373	4.091871717	62.18524524
chr10	135089395	4.068344424	62.18533526
chr10	135100593	4.60046823	62.23089258
chr10	135100594	4.557705851	62.23089718
chr10	135100795	4.666262813	62.23181328
chr10	135101704	6.215240397	62.23605491
chr10	135101705	6.035595694	62.23606112
chr10	135101729	6.182777515	62.23620598
chr10	135107276	5.773892866	62.27050185
chr10	135107277	5.287184049	62.27050762
chr10	135107498	6.785192966	62.27167609
chr10	135107499	6.639237318	62.27168287
chr10	135107507	5.494754624	62.27173599
chr10	135107595	5.31775549	62.27221953
chr10	135107766	5.45643784	62.27312886
chr10	135107767	5.437982615	62.27313432
chr10	135107822	5.627911064	62.27343341
chr10	135107839	14.36687541	62.27352908
chr10	135107861	14.91691533	62.27384515
chr10	135107862	14.89847204	62.27386007
chr10	135108260	6.159507692	62.27978966
chr10	135109493	6.369614944	62.28738433
chr10	135109494	6.309609614	62.2873907
chr10	135113072	6.579062081	62.30996649
chr10	135113073	5.799840485	62.30997307
chr10	135113185	9.963567905	62.31062265
chr10	135113186	8.577058614	62.31063261
chr10	135113203	8.749551654	62.31077842
chr10	135113204	8.728672682	62.31078717
chr10	135113215	9.169101553	62.31088319
chr10	135113216	8.890455438	62.31089236
chr10	135113219	8.853288267	62.31091903
chr10	135114980	8.950464305	62.32650967
chr10	135115021	13.94774375	62.32687664
chr10	135115022	13.82492682	62.32689058
chr10	135117191	13.87704173	62.35687685
chr10	135117227	21.12980494	62.35737642
chr10	135117228	13.10495251	62.35739755
chr10	135117231	14.53858125	62.35743687
chr10	135117232	16.91439969	62.35745141
chr10	135117233	15.21543319	62.35746832
chr10	135118004	15.63725204	62.36919942
chr10	135120248	16.82205049	62.40428941
chr10	135120249	14.38353908	62.40430624
chr10	135126726	12.77045619	62.49746842
chr10	135126734	12.1012245	62.49757058
chr10	135126878	12.58190179	62.49931316
chr10	135126879	12.20052893	62.49932574
chr10	135127063	11.8264842	62.50157064
chr10	135127150	11.4557189	62.50259954
chr10	135127156	10.82127235	62.50266828
chr10	135127193	10.6313439	62.50306866
chr10	135127234	7.714637526	62.50350455
chr10	135127808	7.776589904	62.50793275
chr10	135127809	7.432549899	62.50794053
chr10	135131255	5.846945186	62.53355309
chr10	135134056	5.850790778	62.54993039
chr10	135134057	3.439950634	62.54993624
chr10	135134273	3.265478021	62.55067927
chr10	135134294	20.95347798	62.55074784
chr10	135134295	20.16154293	62.5507688
chr10	135134377	19.67025521	62.55242204
chr10	135134487	19.74144668	62.55458577
chr10	135134501	19.75130357	62.55486215
chr10	135134502	1.831390732	62.5548819
chr10	135134531	1.892558252	62.55493501
chr10	135134532	1.239387923	62.55493691
chr10	135134625	0.9834858574	62.55505217
chr10	135134686	0.8749288957	62.55511216
chr10	135134873	0.7052833019	62.55527577
chr10	135135190	0.7766224783	62.55549935
chr10	135135193	1.195218572	62.55550168
chr10	135135205	1.257872546	62.55551602
chr10	135135279	1.40247152	62.5556091
chr10	135186166	1.133313548	62.62697667
chr10	135186172	1.079946795	62.62698347
chr10	135186691	1.066728584	62.62754396
chr10	135186718	1.126209999	62.62757277
chr10	135186761	4.687782109	62.62762119
chr10	135186762	4.493410584	62.62762588
chr10	135186770	4.279413803	62.62766183
chr10	135186788	4.286520149	62.62773886
chr10	135186796	4.143927509	62.62777315
chr10	135187194	4.081975129	62.62942243
chr10	135187229	4.600404338	62.6295653
chr10	135187230	4.549482481	62.6295699
chr10	135187786	4.590195694	62.63209941
chr10	135187787	4.538080789	62.632104
chr10	135187793	5.633623836	62.63213123
chr10	135187794	2.072051724	62.63213687
chr10	135187873	2.019973701	62.63230056
chr10	135193844	7.494830832	62.64436182
chr10	135193925	7.50203651	62.6449689
chr10	135193926	7.439382536	62.6449764
chr10	135194503	6.891080898	62.64926893
chr10	135194516	0.3640963982	62.64935851
chr10	135194521	0.3178422148	62.64936033
chr10	135194526	0.3317592885	62.64936192
chr10	135194527	0.2697526162	62.64936225
chr10	135194669	0.2914045936	62.64940056
chr10	135194679	0.2302370739	62.64940347
chr10	135194681	0.2474828634	62.64940393
chr10	135194691	0.2525042145	62.64940641
chr10	135194769	0.2644823383	62.6494261
chr10	135194770	0.2516343285	62.64942637
chr10	135194778	0.2568791623	62.64942838
chr10	135194804	0.2779790713	62.64943506
chr10	135194869	0.3464886987	62.64945313
chr10	135194874	0.3603744675	62.64945486
chr10	135195035	0.3976734055	62.64951288
chr10	135195099	0.4943561439	62.64953833
chr10	135195163	0.5082570755	62.64956997
chr10	135195196	0.5927872426	62.64958674
chr10	135195213	0.6066913264	62.64959682
chr10	135195254	0.7747854065	62.6496217
chr10	135195278	0.8697629568	62.64964029
chr10	135195279	0.8752547904	62.64964116
chr10	135195294	0.8872388034	62.64965429
chr10	135248541	1.124087937	62.69689709
chr10	135248542	1.05501494	62.69689822
chr10	135248561	1.096074995	62.69691826
chr10	135248570	1.12511853	62.69692813
chr10	135248571	0.9971274845	62.69692925
chr10	135248639	1.005199412	62.69699706
chr10	135248680	1.048199556	62.69703827
chr10	135248742	1.074745406	62.69710326
chr10	135249206	1.187718375	62.69760194
chr10	135249207	1.119527465	62.69760313
chr10	135314590	1.088754147	62.77080119
chr10	135314639	1.114259909	62.77085454
chr10	135314640	1.083482987	62.77085566
chr10	135326532	1.450056118	62.78374044
chr10	135326533	1.299672664	62.78374189
chr10	135326686	1.319149127	62.78394074
chr10	135327667	1.338676296	62.78523482
chr10	135427393	1.351953799	62.91873565
chr10	135427394	1.294904343	62.918737
chr10	135427403	1.258430986	62.91874866
chr10	135428730	1.298964484	62.9204186
chr10	135428913	1.352807802	62.92065631
chr10	135435175	1.361362485	62.92912759
chr10	135447902	1.328327204	62.94645365
chr10	135448048	1.357021111	62.94664759
chr10	135448086	1.338521996	62.94669915
chr10	135448345	1.352888781	62.94704583
chr10	135448346	1.319877192	62.94704718
chr10	135458884	1.450089748	62.96095605
chr10	135458885	1.168384537	62.9609575
chr10	135459574	1.179385836	62.96176252
chr10	135459586	1.209431601	62.96177667
chr10	135459818	1.302804357	62.96205726
chr10	135459819	1.240158484	62.96205856
chr10	135459828	1.309388907	62.96206972
chr10	135459829	1.267720104	62.96207103
chr10	135459836	1.415294754	62.9620799
chr10	135459837	1.259677293	62.96208132
chr10	135460901	1.314083967	62.96342162
chr10	135460902	1.296759204	62.96342293
chr10	135501920	1.615035224	63.0166134
chr10	135501921	1.375361315	63.01661501
chr10	135502294	1.393548864	63.01712802
chr10	135502295	1.381564848	63.01712942
chr10	135502336	1.399762648	63.01718606
chr10	135507605	1.437136532	63.02456141
chr10	135507606	1.401802587	63.02456285
chr10	135507710	1.380810408	63.02470864
chr10	135507720	1.39022889	63.02472244
chr10	135507743	1.446081626	63.02475442
chr10	135507744	1.431887717	63.02475587
chr10	135507752	1.49139224	63.02476732
chr10	135507753	1.481535347	63.02476881
chr10	135509597	1.591929682	63.02750076
chr10	135512213	2.244017623	63.03166525
chr10	135516910	2.263629156	63.0422054
chr10	135517894	2.286864145	63.04443281
chr10	135517895	1.639362563	63.0444351
chr10	135519496	1.798655077	63.04705972
chr10	135519497	1.854470391	63.04706152
chr10	135519498	1.813855453	63.04706337
chr10	135524186	1.854705147	63.05556673
chr10	135524230	1.845665535	63.05564833
chr10	135702463	1.851677792	63.38460684
chr10	135704139	1.83348413	63.38771025
chr10	135704144	1.794846682	63.38771942
chr10	135704175	1.754991869	63.38777506
chr10	135704428	1.927592251	63.38821907
chr10	135704429	1.755234293	63.388221
chr10	135704483	1.785140846	63.38831578
chr10	135704484	1.660438357	63.38831757
chr10	135704485	3.322564645	63.38831923
chr10	135704486	2.761726785	63.38832255
chr10	135704497	2.796307105	63.38835293
chr10	135704508	2.946251577	63.38838369
chr10	135704509	2.680266302	63.38838663
chr10	135704529	2.710162164	63.38844024
chr10	135704530	2.627875787	63.38844295
chr10	135704531	2.588064289	63.38844558
chr10	135704580	2.663519666	63.38857239
chr10	135704581	2.645332119	63.38857506
chr10	135705467	2.810766652	63.39091882
chr10	135705468	2.792691784	63.39092163
chr10	135707034	2.811926514	63.39529499
chr10	135707035	2.779080326	63.3952978
chr10	135707124	2.801378869	63.39554514
chr10	135707125	3.035494906	63.39554794
chr10	135707126	1.609149511	63.39555097
chr10	135738415	1.659913977	63.44589965
chr10	135738416	1.643108201	63.44590131
chr10	135738439	1.627552985	63.4459391
chr10	135739680	1.852193122	63.4479589
chr10	135739681	1.836202859	63.44796075
chr10	135739687	1.95501309	63.44797177
chr10	135739688	1.421154451	63.44797372
chr10	135810809	1.385670635	63.54904765
chr10	135810820	1.520998978	63.54906289
chr10	135810821	1.485519268	63.54906441
chr10	135810829	1.617610366	63.5490763
chr10	135810830	1.565901242	63.54907791
chr10	135810888	1.630411845	63.54916874
chr10	135810889	1.715084103	63.54917037
chr10	135810890	1.635153463	63.54917208
chr10	135810911	1.695263649	63.54920642
chr10	135810916	1.643616953	63.5492149
chr10	135810926	1.71141329	63.54923133
chr10	135810927	1.693302864	63.54923304
chr10	135813132	1.76740166	63.55296678
chr10	135827503	1.737495108	63.5783661
chr10	135827593	1.665746543	63.57852248
chr10	135864515	1.774618319	63.64002517
chr10	135864516	1.689620439	63.64002695
chr10	135865192	1.777126478	63.64116913
chr10	135865193	1.328380977	63.64117091
chr10	135865202	1.290921504	63.64118286
chr10	135865214	1.265713195	63.64119835
chr10	135865244	1.183505976	63.64123633
chr10	135865248	1.16048006	63.64124106
chr10	135865300	1.921626833	63.64130141
chr10	135865301	1.912553444	63.64130333
chr10	135867654	1.889634819	63.64580357
chr10	135867882	1.861646025	63.6462344
chr10	135867909	1.923498417	63.64628467
chr10	135867910	1.894805406	63.64628659
chr10	135867919	1.740186529	63.64630364
chr10	135867943	1.983196086	63.64634541
chr10	135867944	1.882804184	63.64634739
chr10	135868011	2.005188058	63.64647354
chr10	135868012	1.998393523	63.64647554
chr10	135868029	1.975905249	63.64650952
chr10	135868031	2.069217211	63.64651347
chr10	135868039	2.191576662	63.64653002
chr10	135868040	2.134250326	63.64653221
chr10	135868586	3.280745801	63.64769751
chr10	135868587	3.270711894	63.6477008
chr10	135871794	3.374518222	63.65818997
chr10	135871795	2.366262169	63.65819334
chr10	135871904	2.343934664	63.65845127
chr10	135871911	2.64600216	63.65846767
chr10	135871964	2.624031589	63.65860791
chr10	135872116	2.764498298	63.65900676
chr10	135872117	2.660139049	63.65900953
chr10	135872123	2.800643308	63.65902549
chr10	135872124	2.261501456	63.65902829
chr10	135872130	2.258657525	63.65904186
chr10	135896249	4.045497732	63.71351842
chr10	135896250	3.889092048	63.71352247
chr10	135896290	5.712235748	63.71367803
chr10	135896291	5.561329106	63.71368374
chr10	135898073	5.419938161	63.72359403
chr10	135898099	21.84450955	63.72373495
chr10	135898100	21.61034341	63.72375679
chr10	135898107	21.48798395	63.72390806
chr10	135898256	21.46899483	63.72710977
chr10	135898308	17.44993345	63.72822616
chr10	135898323	1.025362057	63.72848791
chr10	135898346	0.8852211171	63.72851149
chr10	135898408	1.301975082	63.72856638
chr10	135898409	1.163735658	63.72856768
chr10	135903243	39.48773557	63.73419318
chr10	135903339	1.163735658	63.737984
chr10	135907218	1.158569241	63.74249813
chr10	135907222	1.456038839	63.74250277
chr10	135907236	0.847972503	63.74252315
chr10	135907259	0.9887186389	63.74254265
chr10	135907396	1.229010194	63.74267811
chr10	135907417	1.23216347	63.74270392
chr10	135907458	2.443428947	63.74275444
chr10	135907459	2.347141017	63.74275688
chr10	135907519	11.44451364	63.74289771
chr10	135907940	11.63366093	63.74771585
chr10	135907941	2.915405023	63.74772748
chr10	135908246	3.116929184	63.74861668
chr10	135910449	3.51757211	63.75548328
chr10	135919295	4.052181154	63.78659972
chr10	135919296	3.428996136	63.78660377
chr10	135919589	3.776723418	63.78760847
chr10	135919590	3.479253823	63.78761224
chr10	135919631	3.953854439	63.78775489
chr10	135919632	3.25100156	63.78775885
chr10	135922665	5.252690347	63.79761913
chr10	135922706	7.825739004	63.79783449
chr10	135922707	7.344178912	63.79784232
chr10	135923888	8.948131207	63.8065158
chr10	135923904	8.724423072	63.80665897
chr10	135926326	7.215356627	63.82778952
chr10	135926329	10.68948693	63.82781116
chr10	135926341	8.687798144	63.82793944
chr10	135926381	7.686681411	63.82828695
chr10	135927381	8.132417292	63.83597363
chr10	135927382	8.495154887	63.83598176
chr10	135927383	7.03664451	63.83599026
chr10	135927388	3.562514207	63.83602544
chr10	135927391	2.504991933	63.83603613
chr10	135927392	2.523290656	63.83603863
chr10	135927399	3.867906859	63.8360563
chr10	135927408	4.849291138	63.83609111
chr10	135927409	4.408764677	63.83609596
chr10	135927416	4.426634224	63.83612682
chr10	135932292	4.316797109	63.85771109
chr10	135932428	4.435558331	63.85829817
chr10	135932429	3.824291527	63.85830261
chr10	135932470	4.060944661	63.8584594
chr10	135933399	3.307014526	63.86223202
chr10	135933430	3.372733389	63.86233454
chr10	135933431	3.106940582	63.86233791
chr10	135933737	3.234196782	63.86328864
chr10	135933961	2.672758663	63.8640131
chr10	135934377	2.854707803	63.86512496
chr10	135935558	2.988585901	63.86849637
chr10	135935634	3.12105643	63.86872351
chr10	135935635	2.675320545	63.86872663
chr10	135962061	2.780893276	63.93942465
chr10	135962062	2.674726481	63.93942743
chr10	135962085	2.851497761	63.93948895
chr10	135962086	2.614155849	63.9394918
chr10	135962647	2.642875735	63.94095834
chr10	135962648	2.411218177	63.94096098
chr10	135962661	29.06648455	63.94099233
chr10	135962662	28.64973124	63.9410214
chr10	135962797	28.52027649	63.94488911
chr10	135962830	28.60041206	63.94583028
chr10	135962831	6.958623872	63.94585888
chr10	135963029	6.752129822	63.94723669
chr10	135963038	6.924250954	63.94729746
chr10	135963039	6.790372857	63.94730438
chr10	135963045	6.812619489	63.94734512
chr10	135963046	6.692454093	63.94735193
chr10	135963406	6.980031422	63.94976122
chr10	135963407	1.79702488	63.9497682
chr10	135963449	1.878183973	63.94984367
chr10	135963455	5.4706451	63.94985494
chr10	135963456	5.368657406	63.94986041
chr10	135964491	5.409221707	63.95541697
chr10	135964492	1.765303079	63.95542238
chr10	135964518	1.79444865	63.95546828
chr10	135964519	1.679652434	63.95547007
chr10	135964613	1.712015013	63.95562796
chr10	135964614	1.630832636	63.95562967
chr10	135964711	1.872974539	63.95578786
chr10	135965007	1.902250918	63.95634227
chr10	135996593	2.241104099	64.01642676
chr10	135996594	2.130247639	64.016429
chr10	135996715	2.448111431	64.01668676
chr10	135996716	2.280733329	64.01668921
chr10	135996909	2.308708332	64.01712939
chr10	135996910	2.093324711	64.0171317
chr10	135996988	2.135972216	64.01729498
chr10	135997133	2.16399153	64.0176047
chr10	135997150	2.220080809	64.01764149
chr10	135997171	2.259396296	64.01768811
chr10	136002027	2.160820263	64.02865974
chr10	136002115	2.231533011	64.02884989
chr10	136002197	2.358926125	64.02903287
chr10	136002198	2.211607299	64.02903523
chr10	136002298	2.282362374	64.02925639
chr10	136002532	2.324100652	64.02979047
chr10	136006323	2.336194257	64.03860113
chr10	136006324	2.157672923	64.03860347
chr10	136007681	2.202002681	64.04153143
chr10	136007690	2.246297214	64.04155125
chr10	136007691	2.164593818	64.04155349
chr10	136007727	2.208908092	64.04163142
chr10	136008417	2.159217331	64.04315557
chr10	136008424	2.279303288	64.04317068
chr10	136008425	1.968358058	64.04317296
chr10	136008740	2.134652149	64.04379299
chr10	136008741	1.748587435	64.04379513
chr10	136008758	1.759635365	64.04382485
chr10	136008780	1.938178627	64.04386356
chr10	136008781	1.85701953	64.0438655
chr10	136078733	1.931338858	64.17376773
chr10	136079382	2.029404975	64.17502117
chr10	136090455	2.075882143	64.19749277
chr10	136090675	1.943860838	64.19794947
chr10	136090679	1.860580806	64.19795724
chr10	136090749	2.032160054	64.19808748
chr10	136090750	1.712107841	64.19808952
chr10	136090762	1.810282726	64.19811006
chr10	136090763	1.73604401	64.19811187
chr10	136126680	1.713561371	64.26046536
chr10	136126890	1.736781881	64.26082521
chr10	136127898	1.705906035	64.26257589
chr10	136128236	1.741262054	64.26315248
chr10	136128237	1.2607726	64.26315423
chr10	136128246	1.278477709	64.26316557
chr10	136128423	1.136300848	64.26339186
chr10	136128430	1.154021646	64.26339982
chr10	136128431	1.044292091	64.26340097
chr10	136128437	1.156630177	64.26340724
chr10	136128438	1.126326339	64.26340839
chr10	136128439	0.8386777353	64.26340952
chr10	136128440	0.85587439	64.26341036
chr10	136128441	0.8042610347	64.26341121
chr10	136128450	0.7859623139	64.26341845
chr10	136128452	0.8068073326	64.26342002
chr10	136166340	0.8333432879	64.29398834
chr10	136166351	3.36890772	64.29399751
chr10	136167800	3.713964631	64.29887906
chr10	136167801	8.780560051	64.29888277
chr10	136167802	6.208784135	64.29889155
chr10	136167809	6.115339454	64.29893501
chr10	136168531	6.136576488	64.30335029
chr10	136168534	6.505173857	64.3033687
chr10	136168535	1.492770604	64.3033752
chr10	136168542	1.708792965	64.30338565
chr10	136168543	1.773225424	64.30338736
chr10	136168666	1.93832559	64.30360547
chr10	136168671	1.978556568	64.30361516
chr10	136168673	2.000540139	64.30361911
chr10	136168879	2.021760148	64.30403123
chr10	136266701	2.074738063	64.50180385
chr10	136266702	1.999779744	64.50180592
chr10	136266734	1.924795046	64.50186991
chr10	136280474	1.880552048	64.5283166
chr10	136280498	1.940002706	64.52836173
chr10	136285324	2.239993464	64.53772419
chr10	136285325	2.153539588	64.53772643
chr10	136285331	2.243760136	64.53773935
chr10	136285332	2.15753804	64.53774159
chr10	136285374	2.193722622	64.53783221
chr10	136285375	2.162234501	64.5378344
chr10	136285426	2.226828914	64.53794467
chr10	136303217	2.160939001	64.57756219
chr10	136303224	2.17153672	64.57757731
chr10	136304102	2.33203528	64.57948392
chr10	136304103	2.298408397	64.57948626
chr10	136304950	2.265142786	64.58143301
chr10	136304985	2.863332995	64.58151229
chr10	136304986	2.687161668	64.58151515
chr10	136304989	2.785470343	64.58152321
chr10	136304990	2.758506737	64.581526
chr10	136306451	2.738397111	64.58555618
chr10	136310542	2.726303508	64.59675896
chr10	136314271	2.714707853	64.60692534
chr10	136314278	2.765221405	64.60694435
chr10	136314396	2.982113472	64.60727064
chr10	136314397	2.935405145	64.60727363
chr10	136314533	2.88513217	64.60767284
chr10	136326110	2.794911616	64.64107402
chr10	136326133	2.771547331	64.6411383
chr10	136326146	2.724949644	64.64117433
chr10	136327086	3.144263197	64.64373578
chr10	136327107	3.39515681	64.64380181
chr10	136327108	3.307106268	64.64380521
chr10	136327307	3.805021594	64.64446332
chr10	136335333	3.850532522	64.67500242
chr10	136335334	3.820484187	64.67500627
chr10	136335400	3.355915752	64.67525843
chr10	136335439	3.333969165	64.67538931
chr10	136335463	3.357959034	64.67546932
chr10	136335467	3.335902187	64.67548275
chr10	136335770	3.219724848	64.67649353
chr10	136335855	3.19773655	64.67676721
chr10	136336030	2.745462252	64.67732681
chr10	136336039	2.701725615	64.67735152
chr10	136336045	2.522861717	64.67736773
chr10	136336099	2.479044915	64.67750397
chr10	136336146	2.549439685	64.67762048
chr10	136336147	4.281338135	64.67762303
chr10	136336221	4.354100906	64.67793985
chr10	136341580	4.332929862	64.70127348
chr10	136341584	4.311759305	64.70129081
chr10	136341770	4.323672073	64.7020928
chr10	136341771	3.748446996	64.70209712
chr10	136342245	3.76105487	64.70387388
chr10	136342246	3.157824179	64.70387764
chr10	136342257	3.190712377	64.70391238
chr10	136342258	2.968871328	64.70391557
chr10	136342363	3.253491869	64.7042273
chr10	136342364	2.542117659	64.70423056
chr10	136342382	2.937346892	64.70427631
chr10	136342383	2.037478348	64.70427925
chr10	136342412	2.180505987	64.70433834
chr10	136342413	1.838644813	64.70434052
chr10	136386784	1.615652577	64.78592303
chr10	136386931	1.633566743	64.78616053
chr10	136387029	1.64799183	64.78632062
chr10	136387049	1.702648817	64.78635358
chr10	136387050	1.511821928	64.78635528
chr10	136387054	1.429408418	64.78636133
chr10	136387111	1.887625785	64.7864428
chr10	136387112	1.733781447	64.78644469
chr10	136387122	1.774044358	64.78646203
chr10	136415655	1.807054923	64.83708084
chr10	136415668	1.756865932	64.83710433
chr10	136416173	1.49446293	64.83799155
chr10	136416323	1.53030204	64.83821572
chr10	136417901	1.546713648	64.84063053
chr10	136417902	1.449304252	64.84063208
chr10	136417975	1.466336067	64.84073788
chr10	136418449	1.487497855	64.84143292
chr10	136418450	1.307025131	64.84143441
chr10	136418504	1.324103081	64.84150499
chr10	136418505	1.275772044	64.84150631
chr10	136418524	1.292223061	64.84153055
chr10	136418525	1.119184666	64.84153185
chr10	136418532	1.135642961	64.84153968
chr10	136418533	0.9702548598	64.84154082
chr10	136418601	0.9867167644	64.84160679
chr10	136418729	1.003189212	64.84173309
chr10	136418730	0.8992333286	64.8417341
chr10	136474923	0.9139958479	64.89226471
chr10	136474924	0.6996563126	64.89226563
chr10	136478498	1.006992946	64.8947662
chr10	136478499	0.8736253516	64.89476721
chr10	136478507	1.050988303	64.8947742
chr10	136478508	1.023961111	64.89477525
chr10	136482896	1.046839404	64.89926839
chr10	136592304	1.173121547	65.01380099
chr10	136592305	1.087621285	65.01380217
chr10	136633934	0.9995332347	65.05907875
chr10	136633985	0.975871424	65.05912973
chr10	136634055	0.9035194034	65.05919804
chr10	136634084	0.8798726487	65.05922424
chr10	136637401	1.065227276	65.06214278
chr10	136642072	1.136248329	65.06711846
chr10	136642073	1.09093002	65.06711959
chr10	136642077	1.333598973	65.06712396
chr10	136642078	1.249372462	65.06712529
chr10	136642093	1.220633823	65.06714403
chr10	136642098	1.197721942	65.06715013
chr10	136642164	1.136309775	65.06722918
chr10	136642270	1.142732614	65.06734963
chr10	136642271	1.08581175	65.06735077
chr10	136642302	1.63168885	65.06738444
chr10	136643254	1.526200289	65.0689378
chr10	136643261	9.756857992	65.06894849
chr10	136643262	9.744630178	65.06895824
chr10	136643381	10.19800097	65.07011785
chr10	136643707	11.29787972	65.0734424
chr10	136643708	3.044343734	65.0734537
chr10	136643762	3.838795039	65.07361809
chr10	136644466	3.864220773	65.07632061
chr10	136644467	3.842053358	65.07632447
chr10	136647941	5.240952215	65.08967176
chr10	136647952	6.654446668	65.08972941
chr10	136650383	6.739123052	65.10590637
chr10	136650384	6.728525328	65.10591311
chr10	136650571	3.917805856	65.10717135
chr10	136650572	3.785791158	65.10717527
chr10	136650606	4.340541452	65.10730398
chr10	136650607	4.328628689	65.10730832
chr10	136650622	4.413688777	65.10737325
chr10	136651496	3.956283064	65.11123082
chr10	136651786	4.631100377	65.11237814
chr10	136651884	4.640215553	65.11283199
chr10	136653023	5.552691746	65.11811719
chr10	136653024	4.321196409	65.11812274
chr10	136654584	4.021643894	65.12486381
chr10	136656393	4.030771214	65.13213896
chr10	136657055	3.118295025	65.13480734
chr10	136657103	2.843653043	65.13495701
chr10	136657237	3.113122816	65.13533806
chr10	136657238	1.359776832	65.13534118
chr10	136657249	1.692990864	65.13535613
chr10	136657250	1.215392096	65.13535783
chr10	136690865	1.225474463	65.17621323
chr10	136690866	1.109530273	65.17621446
chr10	136693832	0.9514553104	65.17950532
chr10	136693874	1.103859276	65.17954529
chr10	136693875	0.4726729223	65.17954639
chr10	136695361	0.6405522403	65.18024878
chr10	136755876	0.6621986125	65.2190118
chr10	136789166	0.5579572794	65.24105639
chr10	136789183	0.5773443519	65.24106588
chr10	136789184	0.5026054916	65.24106645
chr10	136789302	0.5296134447	65.24112576
chr10	136789303	0.4910601302	65.24112629
chr10	136789331	0.5180164326	65.24114004
chr10	136789360	0.5450358868	65.24115506
chr10	136804887	0.5260989601	65.24961784
chr10	136875873	0.5407265573	65.2869635
chr10	136876036	0.5598920509	65.28705164
chr10	136925429	0.5881446042	65.31470638
chr10	136925524	0.7524576802	65.31476226
chr10	136925525	0.5912848131	65.31476301
chr10	136925814	0.6430131947	65.31493389
chr10	136925815	0.6160568984	65.31493453
chr10	136925840	0.5944105263	65.31494994
chr10	136951208	0.6254772172	65.33002894
chr10	136951215	0.5968009064	65.33003332
chr10	136951264	0.6320056218	65.33006256
chr10	136951302	0.6635320631	65.33008658
chr10	136951303	0.65157123	65.33008724
chr10	136951607	0.6372963641	65.33028532
chr10	136960921	0.6760854288	65.3362211
chr10	136961197	0.7149876946	65.3364077
chr10	136978444	1.081078395	65.34873909
chr10	136978445	1.263930443	65.34874017
chr10	136978446	1.252476516	65.34874144
chr10	136978953	1.300370911	65.34937644
chr10	136978954	1.280983842	65.34937774
chr10	136978967	1.212142199	65.34939439
chr10	136980271	1.199296032	65.35097503
chr10	136980274	1.132097784	65.35097863
chr10	137055508	1.075241098	65.43615087
chr10	137055650	1.098370376	65.43630356
chr10	137055651	0.9738531003	65.43630465
chr10	137055735	0.9262518064	65.43638646
chr10	137055769	40.17762555	65.43641795
chr10	137055770	39.69574668	65.43645813
chr10	137055863	41.49490145	65.44014983
chr10	137055864	2.748097747	65.44019133
chr10	137059480	2.733235313	65.45012845
chr10	137068000	2.742702165	65.47341561
chr10	137068001	2.384988201	65.47341836
chr10	137068061	2.027729798	65.47356145
chr10	137069334	1.999530913	65.47614275
chr10	137069634	1.968464222	65.47674261
chr10	137069725	1.703054902	65.47692174
chr10	137069769	1.431343152	65.47699668
chr10	137069801	1.520904931	65.47704248
chr10	137069802	0.9076655633	65.477044
chr10	137069847	0.8978411525	65.47708485
chr10	137069855	0.9232282849	65.47709203
chr10	137069856	0.6620581345	65.47709295
chr10	137069862	0.6485279594	65.47709693
chr10	137070433	0.6993919101	65.47746724
chr10	137070585	0.4095572361	65.47757354
chr10	137070641	0.4350854733	65.47759648
chr10	137074173	0.431932197	65.4791332
chr10	137124257	0.5537339171	65.50076609
chr10	137124756	0.6007268983	65.50104241
chr10	137127070	0.67781761	65.50243249
chr10	137127071	0.6135762286	65.50243317
chr10	137127157	0.78376533	65.50248593
chr10	137127158	0.7321613745	65.50248672
chr10	137127389	0.7742703616	65.50265585
chr10	137127390	0.9330340873	65.50265662
chr10	137127391	0.9184064889	65.50265755
chr10	137127455	0.960387661	65.50271633
chr10	137127549	1.002566644	65.50280661
chr10	137127797	1.044894118	65.50305524
chr10	137130279	1.130852159	65.50564867
chr10	137132130	1.175199017	65.50774188
chr10	137132205	1.219764499	65.50783002
chr10	137132206	1.17157274	65.50783124
chr10	137132441	1.299823716	65.50810656
chr10	137198707	1.503528054	65.59424068
chr10	137198708	1.452108728	65.59424218
chr10	137214716	11.42297518	65.61748754
chr10	137214717	11.22880734	65.61749896
chr10	137214760	10.90897276	65.6179818
chr10	137214775	10.79786489	65.61814543
chr10	137215085	12.9839041	65.62149277
chr10	137215086	3.017262488	65.62150575
chr10	137215092	2.905501518	65.62152386
chr10	137215102	2.928918349	65.62155291
chr10	137215103	2.795723903	65.62155584
chr10	137215140	2.711980714	65.62165928
chr10	137215169	5.191014972	65.62173793
chr10	137215179	100.7521576	65.62178984
chr10	137215180	105.8408215	65.62189059
chr10	137215409	131.4272853	65.64612814
chr10	137215410	35.86614267	65.64625957
chr10	137215571	41.60426106	65.65203402
chr10	137215572	19.03307092	65.65207562
chr10	137215902	22.02038389	65.65835654
chr10	137215903	16.93172	65.65837856
chr10	137216026	17.17812391	65.66046116
chr10	137216083	34.42807283	65.66144031
chr10	137216134	40.46471438	65.66319614
chr10	137216726	43.12258207	65.68715125
chr10	137216727	25.72274793	65.68719438
chr10	137216767	26.48446278	65.68822329
chr10	137216768	10.61988331	65.68824977
chr10	137216950	11.19917854	65.69018259
chr10	137217016	11.7276128	65.69092174
chr10	137217017	9.140864568	65.69093346
chr10	137217102	10.15586329	65.69171044
chr10	137217107	10.16506595	65.69176122
chr10	137217145	7.205207552	65.69214749
chr10	137217146	7.452592164	65.69215469
chr10	137220527	7.3690578	65.71735191
chr10	137221984	6.615451903	65.72808862
chr10	137222010	5.919179384	65.72826063
chr10	137223294	5.93498812	65.73586085
chr10	137223301	5.355692892	65.7359024
chr10	137230152	5.080825204	65.77259425
chr10	137230154	5.111570999	65.77260441
chr10	137230155	4.831557002	65.77260952
chr10	137230522	4.564877966	65.7743827
chr10	137231177	4.303485142	65.7773727
chr10	137231825	4.319895424	65.78016136
chr10	137231826	3.827825901	65.78016568
chr10	137231845	3.568867326	65.78023841
chr10	137231881	1.877321649	65.78036689
chr10	137231944	1.414233971	65.78048516
chr10	137232017	1.445441384	65.7805884
chr10	137232018	1.198056766	65.78058984
chr10	137232048	6.755244485	65.78062578
chr10	137232049	6.275037734	65.78063254
chr10	137232051	6.291484406	65.78064509
chr10	137232067	6.385084598	65.78074575
chr10	137232348	25.15602333	65.78253996
chr10	137232467	25.19891295	65.78553353
chr10	137232468	25.16397735	65.78555873
chr10	137232543	25.17568939	65.78744602
chr10	137232544	6.404750657	65.7874712
chr10	137232693	6.530258517	65.78842551
chr10	137232711	6.718213257	65.78854305
chr10	137232712	1.066982918	65.78854977
chr10	137232715	1.078602227	65.78855297
chr10	137232752	1.109856825	65.78859288
chr10	137232754	1.24853005	65.7885951
chr10	137232757	1.352906871	65.78859885
chr10	137232759	1.415635946	65.78860155
chr10	137235819	1.458261067	65.7929334
chr10	137235820	1.28010485	65.79293486
chr10	137235831	1.296811571	65.79294894
chr10	137246622	1.332514043	65.80694283
chr10	137246641	1.564206627	65.80696815
chr10	137246642	1.561402995	65.80696971
chr10	137246654	1.686357053	65.80698845
chr10	137281337	1.639364072	65.86547637
chr10	137287151	1.651365403	65.87500763
chr10	137349273	1.733684172	65.97759376
chr10	137349274	1.706342034	65.97759549
chr10	137349554	1.571850973	65.97807326
chr10	137349557	1.536097847	65.97807798
chr10	137349572	1.6314535	65.97810102
chr10	137349573	1.56336781	65.97810265
chr10	137349575	1.460400896	65.97810578
chr10	137349671	1.393242069	65.97824598
chr10	137349701	1.330505284	65.97828778
chr10	137349802	1.299084121	65.97842216
chr10	137349816	1.174247193	65.97844034
chr10	137349850	1.142826835	65.97848027
chr10	137349900	1.16169123	65.97853741
chr10	137349901	1.126061712	65.97853857
chr10	137349908	1.227374909	65.97854645
chr10	137349909	1.123858326	65.97854768
chr10	137349910	1.061079259	65.97854881
chr10	137349944	1.163435016	65.97858488
chr10	137349945	1.127820673	65.97858605
chr10	137349952	1.141628894	65.97859394
chr10	137350421	1.473019225	65.97912936
chr10	137350422	1.34797824	65.97913084
chr10	137350445	2.008494405	65.97916184
chr10	137350446	1.883656092	65.97916385
chr10	137350465	1.94876668	65.97919964
chr10	137350466	1.886332962	65.97920159
chr10	137407812	1.989902956	66.08737524
chr10	137421400	1.938681929	66.11441404
chr10	137454599	4.360738544	66.17877634
chr10	137454600	4.307891688	66.1787807
chr10	137455677	4.168052314	66.1834203
chr10	137455749	4.209307122	66.1837204
chr10	137455750	4.17526626	66.18372461
chr10	137455766	9.872048295	66.18379141
chr10	137455767	9.795328381	66.18380129
chr10	137455768	9.76039675	66.18381108
chr10	137455769	9.655795636	66.18382084
chr10	137455939	9.621085471	66.18546233
chr10	137455978	9.662454862	66.18583755
chr10	137456014	9.701871861	66.1861854
chr10	137456015	9.632172063	66.1861951
chr10	137456019	9.911791338	66.18623363
chr10	137456020	9.570947935	66.18624354
chr10	137456048	9.484563193	66.18651153
chr10	137456070	9.511310198	66.18672019
chr10	137456117	9.53426472	66.18716722
chr10	137456118	7.112208103	66.18717675
chr10	137456132	7.195159082	66.18727632
chr10	137456230	7.235837786	66.18798145
chr10	137456629	7.330571066	66.19086855
chr10	137456630	7.286834399	66.19087588
chr10	137456757	7.313715662	66.19180131
chr10	137456815	7.399896234	66.1922255
chr10	137456816	7.314526568	66.1922329
chr10	137456877	7.60224485	66.19267909
chr10	137456878	7.535986668	66.19268669
chr10	137456883	7.833690717	66.19272437
chr10	137456884	7.764733483	66.1927322
chr10	137456919	7.791629486	66.19300397
chr10	137456920	7.706117486	66.19301176
chr10	137456940	7.733034739	66.19316588
chr10	137457032	7.779158508	66.19387732
chr10	137457033	4.875366876	66.1938851
chr10	137457035	5.037875496	66.19389485
chr10	137457036	5.003359411	66.19389989
chr10	137457095	5.128293751	66.19419509
chr10	137457096	2.362050145	66.19420022
chr10	137544836	2.209861061	66.4014465
chr10	137544839	2.084731298	66.40145313
chr10	137544907	2.084658441	66.40159489
chr10	137544911	2.001526609	66.40160323
chr10	137544928	2.053007094	66.40163725
chr10	137544929	1.795992116	66.40163931
chr10	137545010	2.646258807	66.40178478
chr10	137545011	2.627349526	66.40178743
chr10	137545633	6.291795728	66.40342164
chr10	137545634	6.193806239	66.40342793
chr10	137545679	10.03420707	66.40370665
chr10	137546636	10.08280626	66.41330939
chr10	137546637	2.518220711	66.41331947
chr10	137546638	2.446818387	66.41332199
chr10	137546672	2.525180562	66.41340518
chr10	137546673	2.353295988	66.41340771
chr10	137549336	2.408080434	66.41967453
chr10	137549337	1.517954316	66.41967694
chr10	137549352	1.466918004	66.41969971
chr10	137549459	1.47253984	66.41985667
chr10	137549472	1.503055884	66.41987581
chr10	137549473	1.444835092	66.41987732
chr10	137593319	1.418088282	66.48322756
chr10	137593621	1.724032899	66.48365582
chr10	137593622	1.203855844	66.48365754
chr10	137593708	1.689590334	66.48376107
chr10	137593709	1.437461413	66.48376276
chr10	137594479	2.150767256	66.48486961
chr10	137598322	2.166184416	66.49313501
chr10	137598323	2.13663931	66.49313717
chr10	137598463	2.190499823	66.4934363
chr10	137598486	2.244391106	66.49348669
chr10	137599501	2.2904738	66.49576474
chr10	137599515	2.508082127	66.49579681
chr10	137599537	3.234353983	66.49585199
chr10	137599538	3.208563762	66.49585522
chr10	137611973	2.998257143	66.53575371
chr10	137616388	2.362482536	66.54899102
chr10	137616393	3.427145799	66.54900283
chr10	137616394	3.191169156	66.54900626
chr10	137616395	3.154406425	66.54900945
chr10	137616422	2.271823704	66.54909462
chr10	137616482	2.303507884	66.54923093
chr10	137616483	2.141966549	66.54923323
chr10	137616491	2.858676169	66.54925036
chr10	137616492	2.803891731	66.54925322
chr10	137616526	2.780969964	66.54934856
chr10	137616634	3.123084895	66.5496489
chr10	137616635	3.086358587	66.54965202
chr10	137616683	20.5228704	66.54980017
chr10	137616709	20.59281933	66.55033376
chr10	137616739	20.66639405	66.55095155
chr10	137616740	20.61579691	66.55097221
chr10	137616820	20.73247632	66.55262148
chr10	137616893	21.3621597	66.55413495
chr10	137616894	3.893575897	66.55415631
chr10	137616902	3.950899777	66.55418746
chr10	137616918	4.307051892	66.55425067
chr10	137617120	4.453424268	66.5551207
chr10	137617121	4.230397907	66.55512515
chr10	137618078	4.30599697	66.55917364
chr10	137622290	4.361134458	66.5773105
chr10	137622331	3.111564506	66.57748931
chr10	137622339	3.062965323	66.5775142
chr10	137627332	3.13370916	66.59280759
chr10	137627348	3.221394559	66.59285773
chr10	137627388	2.879279626	66.59298658
chr10	137627600	3.044378872	66.59359699
chr10	137627601	2.700794267	66.59360003
chr10	137629927	2.900653243	66.59988208
chr10	137629928	2.628831745	66.59988498
chr10	137629949	2.928799461	66.59994019
chr10	137629950	2.646486383	66.59994312
chr10	137666743	3.156819218	66.69731529
chr10	137666744	2.174523653	66.69731845
chr10	137666755	2.12063237	66.69734237
chr10	137666766	2.129127523	66.69736569
chr10	137666767	2.109382997	66.69736782
chr10	137666771	2.055522484	66.69737626
chr10	137668054	1.983289712	66.7000135
chr10	137669176	2.762806801	66.70223875
chr10	137669177	2.692439117	66.70224151
chr10	137669305	3.135854982	66.70258614
chr10	137669306	2.913950603	66.70258928
chr10	137669387	2.927063986	66.70282531
chr10	137674860	3.626313898	66.71884513
chr10	137674861	3.173110653	66.71884875
chr10	137675961	3.230546397	66.72233918
chr10	137676488	3.288499644	66.72404167
chr10	137676517	3.227307708	66.72413704
chr10	137676540	3.267999459	66.72421127
chr10	137676578	3.334004196	66.72433545
chr10	137676581	4.268023995	66.72434546
chr10	137676587	5.069571706	66.72437106
chr10	137676615	5.11029724	66.72451301
chr10	137678703	5.05084466	66.73518331
chr10	137679337	8.645543971	66.73838555
chr10	137679338	7.730461945	66.73839419
chr10	137679340	8.213940475	66.73840965
chr10	137679341	8.171020455	66.73841787
chr10	137680485	8.604986775	66.74776552
chr10	137680486	5.07393192	66.74777412
chr10	137680520	4.139912122	66.74794663
chr10	137680524	4.27981729	66.74796319
chr10	137680526	4.277921673	66.74797175
chr10	137680531	4.339769907	66.74799314
chr10	137680658	4.282072048	66.74854429
chr10	137680954	4.732721735	66.74981179
chr10	137680955	4.129095151	66.74981652
chr10	137681082	4.255310969	66.75034091
chr10	137681083	4.141027958	66.75034517
chr10	137681084	4.213908933	66.75034931
chr10	137681116	4.281492312	66.75048416
chr10	137681176	4.476517475	66.75074105
chr10	137681177	3.632949756	66.75074552
chr10	137681178	4.888513591	66.75074916
chr10	137681191	5.155882566	66.75081271
chr10	137681213	5.295140816	66.75092614
chr10	137689015	5.441075359	66.79223882
chr10	137689016	5.308612745	66.79224426
chr10	137689050	5.219422826	66.79242476
chr10	137689112	5.221357114	66.79274836
chr10	137689113	4.84490117	66.79275358
chr10	137689118	4.394251491	66.79277781
chr10	137689119	3.930946616	66.7927822
chr10	137689176	4.010275263	66.79300627
chr10	137732317	4.10685729	66.96601355
chr10	137732318	4.04085256	66.96601766
chr10	137732599	5.98901579	66.96715314
chr10	137732600	5.95733161	66.96715913
chr10	137732615	6.035031802	66.96724849
chr10	137732616	5.835151658	66.96725452
chr10	137732629	5.931556373	66.96733038
chr10	137732630	5.860002134	66.96733631
chr10	137732668	5.872249361	66.96755899
chr10	137732669	5.840471584	66.96756486
chr10	137732716	5.769085345	66.96783936
chr10	137735553	7.712904349	66.98420626
chr10	137735554	5.336163919	66.98421397
chr10	137735561	5.349906047	66.98425133
chr10	137735562	5.161292407	66.98425668
chr10	137737726	6.765786082	66.99542571
chr10	137737727	6.700725618	66.99543248
chr10	137737733	6.707624668	66.99547268
chr10	137738800	6.803038843	67.00262972
chr10	137738801	5.153753448	67.00263652
chr10	137739972	4.973662541	67.00867157
chr10	137739980	4.871370296	67.00871136
chr10	137740016	4.926523843	67.00888673
chr10	137740017	4.557200796	67.00889165
chr10	137740019	2.952707125	67.00890077
chr10	137740088	2.319895316	67.0091045
chr10	137740089	1.258997758	67.00910682
chr10	137740129	1.174200104	67.00915718
chr10	137740191	1.31664889	67.00922998
chr10	137740422	1.437450109	67.00953413
chr10	137740423	1.375336652	67.00953557
chr10	137740425	1.382340509	67.00953832
chr10	137766953	1.417599591	67.04620905
chr10	137766954	1.229091526	67.04621046
chr10	137767717	1.266766404	67.04714826
chr10	137767718	1.162005329	67.04714953
chr10	137767813	1.182205202	67.04725992
chr10	137776884	1.189664256	67.0579837
chr10	137776902	1.201066922	67.05800512
chr10	137776903	1.163356888	67.05800632
chr10	137778029	1.174799522	67.05931626
chr10	137778033	1.182276341	67.05932096
chr10	137779958	1.210457285	67.06159684
chr10	137779959	1.082396489	67.06159805
chr10	137779964	1.097780569	67.06160346
chr10	137779965	0.9975191562	67.06160456
chr10	137780140	1.034562276	67.06177912
chr10	137780148	1.042057342	67.0617874
chr10	137780150	1.049754021	67.06178948
chr10	137780372	1.140075952	67.06202253
chr10	137780373	1.026684975	67.06202367
chr10	137780376	0.9381939223	67.06202675
chr10	137780809	1.013684789	67.06243299
chr10	137780814	1.119750664	67.06243806
chr10	137780815	1.04339853	67.06243918
chr10	137780819	1.058503344	67.06244335
chr10	137780820	0.9679497062	67.06244441
chr10	137945759	1.142728507	67.22209706
chr10	137945760	1.100135484	67.22209821
chr10	137948525	1.132676554	67.22514008
chr10	137948563	1.142730041	67.22518312
chr10	137949743	1.227942879	67.22653154
chr10	137949790	1.238061093	67.22658926
chr10	137949925	1.258319807	67.2267564
chr10	137949947	1.268411509	67.22678408
chr10	137949948	1.217573041	67.22678535
chr10	137950202	1.28349761	67.22709461
chr10	137950203	1.269855076	67.22709589
chr10	137953041	1.479079189	67.23069974
chr10	137955123	1.541068016	67.23377919
chr10	137955124	1.551305093	67.23378073
chr10	137955134	1.561563208	67.23379624
chr10	137955177	1.651054205	67.23386339
chr10	137955201	1.676527646	67.23390301
chr10	137955203	1.701577334	67.23390637
chr10	137955367	1.68205063	67.23418542
chr10	137955371	1.71777012	67.23419215
chr10	137983755	1.728917839	67.28294934
chr10	137983807	1.745640279	67.28303924
chr10	137994758	1.760357989	67.30215575
chr10	137994759	1.569169493	67.30215751
chr10	138033070	1.621457059	67.36227396
chr10	138033071	1.477534276	67.36227558
chr10	138099555	1.424204995	67.46050797
chr10	138099630	1.398731551	67.46061479
chr10	138099848	1.432652766	67.46091971
chr10	138099849	1.355057692	67.46092114
chr10	138099881	1.344834125	67.46096451
chr10	138099903	1.379090079	67.46099409
chr10	138099904	1.303936285	67.46099547
chr10	138099947	1.383037869	67.46105154
chr10	138099948	1.333021535	67.46105292
chr10	138100041	1.368091347	67.4611769
chr10	138100042	1.358086307	67.46117826
chr10	138109747	1.397196586	67.47435849
chr10	138110162	1.652512616	67.47493833
chr10	138110358	1.670656481	67.47526222
chr10	138124572	1.394241042	67.49900893
chr10	138203817	1.338408322	67.60949556
chr10	138203889	1.512825108	67.60959193
chr10	138203890	1.402629369	67.60959344
chr10	138204948	1.459098044	67.61107742
chr10	138204949	1.424028237	67.61107888
chr10	138244735	1.518974102	67.66773527
chr10	138244736	1.479645101	67.66773679
chr10	138245471	18.10796695	67.66882433
chr10	138245472	18.08290351	67.66884244
chr10	138245482	18.1361976	67.66902326
chr10	138245483	18.12361697	67.6690414
chr10	138245918	18.27575294	67.67692517
chr10	138245919	1.85118154	67.67694345
chr10	138246074	2.038432356	67.67723038
chr10	138246075	1.951220862	67.67723242
chr10	138246078	1.864015572	67.67723828
chr10	138246155	2.052041538	67.6773818
chr10	138246156	2.036243476	67.67738386
chr10	138246170	2.144968145	67.67741236
chr10	138258161	2.211108153	67.70313268
chr10	138258162	2.195704091	67.70313489
chr10	138258296	3.13290655	67.70342911
chr10	138260263	3.134857502	67.70959154
chr10	138260449	3.197621568	67.71017462
chr10	138260642	3.266745175	67.71079176
chr10	138260778	3.337018774	67.71123604
chr10	138264873	2.777629388	67.72490113
chr10	138265539	2.754859133	67.72675103
chr10	138265611	2.747270253	67.72694938
chr10	138265721	2.823994976	67.72725158
chr10	138265722	2.358875738	67.72725441
chr10	138266737	2.351311246	67.72964867
chr10	138270100	6.698902908	67.73755613
chr10	138270101	5.986951482	67.73756283
chr10	138270124	5.927297227	67.73770053
chr10	138270215	6.168409854	67.73823991
chr10	138270216	6.155224838	67.73824608
chr10	138270223	6.097416674	67.73828916
chr10	138270977	6.260685083	67.74288662
chr10	138270978	2.055356671	67.74289288
chr10	138270982	2.04842229	67.7429011
chr10	138271010	1.968555109	67.74295845
chr10	138271018	1.836955879	67.7429742
chr10	138313098	1.749609805	67.82027331
chr10	138313132	1.576425646	67.82033279
chr10	138313142	1.538915294	67.82034856
chr10	138313402	1.52879708	67.82074868
chr10	138313535	1.518524959	67.82095201
chr10	138313672	2.002362933	67.82116004
chr10	138313673	1.810626244	67.82116205
chr10	138313787	1.520212666	67.82136846
chr10	138313867	1.413682582	67.82149007
chr10	138313907	1.443832744	67.82154662
chr10	138313908	1.323362352	67.82154807
chr10	138313944	2.95432045	67.82159571
chr10	138313945	2.913667098	67.82159866
chr10	138314233	2.84531167	67.8224378
chr10	138314514	2.777628772	67.82323733
chr10	138314516	2.704103168	67.82324288
chr10	138314604	5.037079701	67.82348085
chr10	138314643	5.611042882	67.82367729
chr10	138314864	6.496656724	67.82491733
chr10	138314865	6.486580358	67.82492383
chr10	138314893	11.34655474	67.82510545
chr10	138314894	11.2040825	67.8251168
chr10	138315626	12.27327866	67.83331819
chr10	138315627	13.34278564	67.83333046
chr10	138316055	14.07890088	67.83904117
chr10	138316105	16.2054656	67.83974512
chr10	138316181	13.87248907	67.84097673
chr10	138319066	13.90426684	67.88099886
chr10	138319067	8.101930746	67.88101277
chr10	138319071	7.210628666	67.88104518
chr10	138319105	5.984260669	67.88129034
chr10	138319193	5.991612774	67.88181695
chr10	138320099	6.02341747	67.88724535
chr10	138320100	5.316848626	67.88725138
chr10	138320117	8.85589526	67.88734176
chr10	138320118	8.259992436	67.88735062
chr10	138320131	8.291794111	67.887458
chr10	138320192	7.391597392	67.8879638
chr10	138320356	8.416988694	67.88917602
chr10	138321053	5.474597847	67.89504266
chr10	138321079	7.825463017	67.895185
chr10	138321153	7.85756017	67.89576409
chr10	138321166	4.350311369	67.89586623
chr10	138321276	3.86647339	67.89634477
chr10	138321302	3.794456948	67.8964453
chr10	138321902	3.777881048	67.89872197
chr10	138321909	3.810179106	67.89874842
chr10	138321913	3.85356779	67.89876366
chr10	138321914	3.781339277	67.89876751
chr10	138322537	3.813816383	67.90112329
chr10	138322566	3.831031222	67.90123389
chr10	138322567	3.863529272	67.90123772
chr10	138322596	3.896306422	67.90134976
chr10	138322619	3.907770198	67.90143937
chr10	138322643	5.296635422	67.90153316
chr10	138322644	2.945770256	67.90153846
chr10	138322700	2.957585394	67.90170342
chr10	138322749	2.990123392	67.90184834
chr10	138322806	3.132210754	67.90201878
chr10	138323943	3.29846155	67.9055801
chr10	138323944	2.273070243	67.9055834
chr10	138325292	0.884205013	67.9086475
chr10	138325303	1.017344329	67.90865723
chr10	138325318	1.050651746	67.90867249
chr10	138325639	1.095570753	67.90900975
chr10	138434842	0.9981772381	68.02864936
chr10	138434884	0.9644996876	68.02869128
chr10	138435777	0.60527689	68.02955258
chr10	138435820	0.3634889989	68.02957861
chr10	138435860	0.4871141783	68.02959315
chr10	138435861	0.4234227309	68.02959363
chr10	138435890	0.5509865133	68.02960591
chr10	138435891	0.5125131475	68.02960646
chr10	138435932	0.5246756416	68.02962748
chr10	138435933	0.4612695369	68.029628
chr10	138435980	0.4979392001	68.02964968
chr10	138436226	0.5346802728	68.02977217
chr10	138436229	0.5714514557	68.02977378
chr10	138436352	0.6013920087	68.02984407
chr10	138497479	0.6283234485	68.06660536
chr10	138536283	0.574337425	68.09098682
chr10	138536310	0.6088218072	68.09100233
chr10	138536311	0.535526284	68.09100294
chr10	138536361	0.9846044264	68.09102971
chr10	138536362	0.8380306156	68.0910307
chr10	138536367	0.9786305242	68.09103489
chr10	138536368	0.9053984934	68.09103587
chr10	138536919	0.9431801688	68.09153474
chr10	138634088	1.725385758	68.18318261
chr10	138634089	1.611346451	68.18318434
chr10	138634095	2.003742352	68.18319401
chr10	138634096	1.966098685	68.18319601
chr10	138634296	1.994480257	68.18358923
chr10	138634297	1.919132177	68.18359122
chr10	138634311	2.275045199	68.18361809
chr10	138634316	2.823490362	68.18362947
chr10	138634317	2.811636592	68.18363229
chr10	138634352	2.774088967	68.1837307
chr10	138634367	2.736549388	68.18377231
chr10	138634505	2.790454884	68.18414995
chr10	138637754	3.436451507	68.19321614
chr10	138637755	3.396367325	68.19321958
chr10	138641388	2.864583658	68.20555858
chr10	138642999	2.795598406	68.21017343
chr10	138643463	4.805656658	68.21147058
chr10	138643464	4.79414222	68.21147539
chr10	138643471	4.229996357	68.21150895
chr10	138643491	5.845072792	68.21159355
chr10	138643492	5.827311355	68.21159939
chr10	138643494	6.733992265	68.21161105
chr10	138643495	5.242257154	68.21161778
chr10	138643551	6.051029189	68.21191135
chr10	138643552	6.039565414	68.2119174
chr10	138643574	6.494098672	68.21205027
chr10	138643585	6.845896721	68.2121217
chr10	138643590	6.82818317	68.21215593
chr10	138643593	6.873135264	68.21217642
chr10	138643781	6.918627816	68.21346857
chr10	138646475	7.115553132	68.23210735
chr10	138646476	7.082141668	68.23211447
chr10	138646486	8.772035997	68.23218529
chr10	138646487	6.014141189	68.23219406
chr10	138648093	6.632477996	68.24185277
chr10	138648099	6.692203513	68.24189257
chr10	138648100	5.078658388	68.24189926
chr10	138648584	5.090529682	68.24435733
chr10	138652896	4.307908114	68.26630769
chr10	138652919	3.724755575	68.26640677
chr10	138652951	3.774949359	68.26652597
chr10	138653275	3.913168007	68.26774905
chr10	138653310	4.030152596	68.26788601
chr10	138653311	3.491089733	68.26789004
chr10	138653349	3.564943595	68.2680227
chr10	138653997	3.577901517	68.27033279
chr10	138654042	4.695924517	68.27049379
chr10	138654043	3.227865205	68.27049849
chr10	138654213	3.373664811	68.27104722
chr10	138654231	3.500577371	68.27110795
chr10	138654564	3.52436804	68.27227364
chr10	138654565	3.5153909	68.27227717
chr10	138654715	3.745138656	68.27280448
chr10	138654716	3.414937254	68.27280822
chr10	138654717	4.887064889	68.27281164
chr10	138690275	5.030523909	68.44658589
chr10	138690276	4.997493468	68.44659092
chr10	138702755	5.304892767	68.50895464
chr10	138702756	4.581054695	68.50895995
chr10	138702786	4.427978742	68.50909738
chr10	138702805	5.53375996	68.50918151
chr10	138702806	4.650699681	68.50918704
chr10	138702835	4.845258016	68.50932191
chr10	138702911	4.945008687	68.50969015
chr10	138703141	6.459744156	68.5108275
chr10	138703142	6.383768858	68.51083396
chr10	138703164	6.543140913	68.51097441
chr10	138703165	6.469287055	68.51098095
chr10	138703200	6.722027109	68.51120738
chr10	138703201	6.584528049	68.5112141
chr10	138706510	5.708394468	68.5330023
chr10	138706511	5.428109018	68.53300801
chr10	138725437	6.089800564	68.6357404
chr10	138725438	5.862835386	68.63574649
chr10	138726127	6.161925214	68.63978598
chr10	138726128	6.059233215	68.63979215
chr10	138726248	7.062930393	68.64051925
chr10	138726249	5.259827249	68.64052632
chr10	138726270	5.208889884	68.64063677
chr10	138726366	5.306944416	68.64113683
chr10	138726367	5.256075365	68.64114213
chr10	138726371	5.923120753	68.64116316
chr10	138726372	5.715663526	68.64116908
chr10	138728007	6.626736393	68.65051419
chr10	138728008	6.257555749	68.65052082
chr10	138736537	5.895652936	68.70389151
chr10	138737530	5.913753157	68.70974589
chr10	138737531	5.835898403	68.70975181
chr10	138738427	6.839866828	68.71498077
chr10	138738428	4.611305847	68.71498761
chr10	138738434	5.172619979	68.71501528
chr10	138738435	3.493737495	68.71502045
chr10	138738437	3.351735253	68.71502744
chr10	138738493	3.308081907	68.71521514
chr10	138738531	3.193185308	68.71534084
chr10	138739017	3.366238232	68.71689273
chr10	138739325	3.511027842	68.71792953
chr10	138739326	3.372036181	68.71793304
chr10	138739433	3.694439282	68.71829385
chr10	138739581	3.99672733	68.71884063
chr10	138739582	3.896607482	68.71884463
chr10	138739793	4.049058646	68.71966681
chr10	138739794	3.949307977	68.71967086
chr10	138740151	4.259055738	68.72108076
chr10	138740252	4.216379668	68.72151093
chr10	138763839	3.52770294	68.82096267
chr10	138763887	2.813125845	68.821132
chr10	138763909	2.843277741	68.82119389
chr10	138763910	2.74559031	68.82119674
chr10	138763926	2.136616787	68.82124067
chr10	138763998	1.848821418	68.8213945
chr10	138764006	1.914951909	68.82140929
chr10	138764007	1.704264419	68.82141121
chr10	138764734	4.119959755	68.82265021
chr10	138764735	3.946960265	68.82265433
chr10	138764748	3.807144806	68.82270564
chr10	138765968	3.673558371	68.82735035
chr10	138766015	3.642781192	68.82752301
chr10	138766042	13.0493067	68.82762137
chr10	138766043	12.70820092	68.82763442
chr10	138766065	12.65008839	68.827914
chr10	138766256	12.68094921	68.83033016
chr10	138766257	10.26525388	68.83034284
chr10	138766814	5.499575136	68.83606059
chr10	138766838	5.988616493	68.83619258
chr10	138766839	1.242934583	68.83619857
chr10	138767146	1.313063507	68.83658015
chr10	138767147	1.364446192	68.83658146
chr10	138767148	1.307311031	68.83658283
chr10	138767150	1.400391761	68.83658544
chr10	138767297	1.493641227	68.8367913
chr10	138767305	1.665433361	68.83680325
chr10	138819607	1.83328595	68.92390875
chr10	138819608	1.483244067	68.92391058
chr10	138819611	1.513583191	68.92391503
chr10	138819614	1.574725085	68.92391957
chr10	138819617	1.630530818	68.92392429
chr10	138819618	1.235491421	68.92392592
chr10	138819622	1.26963085	68.92393087
chr10	138819640	1.133822993	68.92395372
chr10	138819653	1.2453404	68.92396846
chr10	138819654	1.175070834	68.9239697
chr10	138823118	1.274433558	68.92804015
chr10	138823119	1.209063284	68.92804142
chr10	138885471	1.304771601	69.00342894
chr10	138885472	1.124773274	69.00343024
chr10	138885480	1.191287552	69.00343924
chr10	138885481	1.166168036	69.00344043
chr10	138885543	1.232775034	69.00351273
chr10	138885544	1.121172046	69.00351397
chr10	138885775	1.209578045	69.00377296
chr10	138885776	1.104051451	69.00377417
chr10	138885800	1.017504616	69.00380066
chr10	138885834	1.157338462	69.00383526
chr10	138885927	1.323728995	69.00394289
chr10	138885928	1.262683627	69.00394422
chr10	138885963	1.351475808	69.00398841
chr10	138886398	1.369578342	69.0045763
chr10	138886399	1.308216293	69.00457767
chr10	138914595	1.456938207	69.04146414
chr10	138914596	1.391333929	69.0414656
chr10	138915259	1.366677864	69.04238805
chr10	138924385	2.60994608	69.05486035
chr10	138924386	2.514283067	69.05486296
chr10	138927388	2.543951837	69.06241084
chr10	138927389	2.387908658	69.06241338
chr10	138927391	1.017339307	69.06241816
chr10	138927398	0.9055672317	69.06242528
chr10	138937924	0.8926093095	69.07195728
chr10	138937944	0.9184132779	69.07197513
chr10	138937945	0.8165959669	69.07197605
chr10	138938982	0.7731263859	69.07282286
chr10	138940597	0.8305749285	69.07407146
chr10	138940636	0.8681686872	69.07410385
chr10	138940779	0.8015616916	69.074228
chr10	138940792	0.8304054973	69.07423842
chr10	138940793	0.5080546237	69.07423925
chr10	138940877	0.4595425998	69.07428193
chr10	138940891	0.4954982785	69.07428836
chr10	138940936	0.6569826601	69.07431066
chr10	138940955	0.5599163316	69.07432314
chr10	138941027	0.7070562537	69.07436346
chr10	138941095	0.7483853006	69.07441154
chr10	138941345	0.8594833076	69.07459863
chr10	138941346	0.8384005771	69.07459949
chr10	138961539	0.8766205102	69.09152931
chr10	139080384	0.95474318	69.19571128
chr10	139080522	0.9943835977	69.19584303
chr10	139080523	0.9422790924	69.19584403
chr10	139080538	0.9651855208	69.19585816
chr10	139080540	1.02552454	69.19586009
chr10	139080541	0.9727828285	69.19586112
chr10	139080543	1.420080437	69.19586306
chr10	139080544	1.393710151	69.19586448
chr10	139089634	1.41428886	69.20853331
chr10	139089635	1.396186336	69.20853472
chr10	139090062	1.449837981	69.2091309
chr10	139090063	1.400435687	69.20913235
chr10	139090078	1.421297839	69.20915335
chr10	139090079	0.9861341076	69.20915477
chr10	139090218	1.042615689	69.20929185
chr10	139100072	1.21800619	69.21956578
chr10	139100073	1.194863964	69.219567
chr10	139100103	1.226664324	69.21960284
chr10	139100104	1.203490173	69.21960407
chr10	139100127	1.180365698	69.21963175
chr10	139100206	1.202513099	69.219725
chr10	139100216	1.411754573	69.21973703
chr10	139119008	1.436728635	69.24626672
chr10	139119027	1.494669988	69.24629402
chr10	139119028	1.486748805	69.24629551
chr10	139119072	1.511457361	69.24636093
chr10	139121568	1.530507191	69.25013352
chr10	139121569	1.337878339	69.25013505
chr10	139122937	1.517425652	69.25196527
chr10	139122939	1.807499856	69.25196831
chr10	139122940	1.748211562	69.25197011
chr10	139122979	1.824906988	69.2520383
chr10	139122980	1.583491107	69.25204012
chr10	139123520	1.609254238	69.25289521
chr10	139123525	1.625577735	69.25290325
chr10	139123617	1.651358374	69.2530528
chr10	139123618	1.590940209	69.25305446
chr10	139123668	1.616713628	69.253134
chr10	139143390	1.598526802	69.28501883
chr10	139143428	1.418979488	69.28507957
chr10	139143438	1.645082861	69.28509376
chr10	139143439	1.58673533	69.28509541
chr10	139143449	1.604114432	69.28511128
chr10	139265594	1.58423512	69.48104583
chr10	139265764	1.641880834	69.48131515
chr10	139266319	1.620988823	69.4822264
chr10	139266324	1.664936264	69.4822345
chr10	139266325	1.387828668	69.48223617
chr10	139266350	1.381893327	69.48227086
chr10	139266415	1.521914996	69.48236069
chr10	139266416	1.422733239	69.48236221
chr10	139266430	2.347927932	69.48238213
chr10	139266431	2.243640159	69.48238447
chr10	139266459	2.232323808	69.4824473
chr10	139266497	4.726631602	69.48253212
chr10	139266498	4.67110695	69.48253685
chr10	139266596	4.687894247	69.48299462
chr10	139266597	4.680527936	69.48299931
chr10	139266700	4.820007931	69.4834814
chr10	139266701	4.769191307	69.48348622
chr10	139266992	8.614554361	69.48487406
chr10	139266993	8.610860542	69.48488267
chr10	139267971	8.904838992	69.49330409
chr10	139267972	2.588735739	69.493313
chr10	139268011	2.606080429	69.49341396
chr10	139268012	2.595373752	69.49341656
chr10	139268415	2.768694316	69.4944625
chr10	139268416	2.700386981	69.49446527
chr10	139270386	2.594775601	69.49978503
chr10	139270429	2.569830832	69.49989661
chr10	139270558	2.666044054	69.50022811
chr10	139270559	2.616184936	69.50023078
chr10	139270607	2.628630398	69.50035636
chr10	139270608	1.728683871	69.50035899
chr10	139339331	1.709902679	69.61915933
chr10	139340343	1.62831209	69.62088975
chr10	139341459	2.022293145	69.62270694
chr10	139341460	1.972887979	69.62270897
chr10	139341483	2.033958026	69.62275434
chr10	139341484	1.983911042	69.62275638
chr10	139345104	2.018027995	69.62993814
chr10	139345139	2.040719465	69.63000877
chr10	139345140	1.899576298	69.63001081
chr10	139345248	1.850317978	69.63021596
chr10	139345442	1.915633703	69.63057492
chr10	139345443	1.82290519	69.63057684
chr10	139345483	1.786241197	69.63064975
chr10	139345488	1.768032318	69.63065869
chr10	139348877	6.322037933	69.63665055
chr10	139348878	6.239748371	69.63665687
chr10	139348911	8.52681562	69.63686278
chr10	139348912	8.247971198	69.63687131
chr10	139349691	3.728187424	69.64329648
chr10	139350039	3.751586036	69.64459389
chr10	139350040	3.707638594	69.64459764
chr10	139350138	3.830615341	69.64496099
chr10	139350139	3.777198568	69.64496482
chr10	139350174	3.800326823	69.64509702
chr10	139350175	3.784136148	69.64510082
chr10	139351212	3.406908219	69.64902497
chr10	139351221	3.411454622	69.64905563
chr10	139352212	3.416099932	69.65243638
chr10	139352227	5.18231866	69.65248762
chr10	139352228	5.292227343	69.65249281
chr10	139352229	4.156829313	69.6524981
chr10	139352231	4.361963647	69.65250641
chr10	139352232	3.254133473	69.65251077
chr10	139355145	3.369344995	69.66199007
chr10	139355146	3.351965896	69.66199343
chr10	139355220	3.369837856	69.66224148
chr10	139355221	2.141012208	69.66224485
chr10	139356000	2.169658973	69.6639127
chr10	139356915	2.128294698	69.66589794
chr10	139356922	2.156620556	69.66591283
chr10	139356936	2.186389419	69.66594303
chr10	139357588	2.269660977	69.66736855
chr10	139357637	2.50924019	69.66747977
chr10	139357638	2.495962784	69.66748228
chr10	139358535	2.592322573	69.66972115
chr10	139358536	2.443948902	69.66972375
chr10	139401727	2.347014739	69.77528034
chr10	139401762	2.393952265	69.77536249
chr10	139401766	2.440902364	69.77537206
chr10	139401767	2.264106939	69.77537451
chr10	139401769	2.651420161	69.77537903
chr10	139401770	2.415435882	69.77538169
chr10	139401813	2.54897723	69.77548555
chr10	139478919	3.148788523	69.97202699
chr10	139480127	3.990319414	69.97583072
chr10	139480128	3.607260416	69.97583471
chr10	139480145	3.410710268	69.97589604
chr10	139480151	4.250688349	69.9759165
chr10	139480152	5.012644266	69.97592075
chr10	139480153	4.983884634	69.97592577
chr10	139480524	5.126651573	69.97777479
chr10	139480525	5.013199671	69.97777991
chr10	139480567	5.037388573	69.97799047
chr10	139482987	5.120059186	69.99018095
chr10	139482988	5.06378699	69.99018607
chr10	139483568	5.195456305	69.99312306
chr10	139484251	5.139092607	69.99667156
chr10	139484252	5.357165278	69.9966767
chr10	139484253	5.312561433	69.99668206
chr10	139484430	5.239087853	69.99762238
chr10	139484527	8.440114598	69.99813057
chr10	139484528	7.554913068	69.99813901
chr10	139484530	7.856898719	69.99815412
chr10	139484531	6.147566959	69.99816198
chr10	139485477	6.358939075	70.00397758
chr10	139485478	6.279108312	70.00398394
chr10	139485756	3.251928073	70.00572953
chr10	139485781	3.225047792	70.00581083
chr10	139485842	3.404402543	70.00600755
chr10	139485850	7.384734459	70.00603479
chr10	139485851	7.36784854	70.00604217
chr10	139486806	7.656989254	70.01307847
chr10	139486807	7.513607481	70.01308613
chr10	139486823	8.065136029	70.01320634
chr10	139486824	3.706176992	70.01321441
chr10	139488158	3.67798916	70.01815845
chr10	139505874	3.74463356	70.08331771
chr10	139505875	3.550540828	70.08332145
chr10	139505899	3.502658273	70.08340666
chr10	139506258	3.50911188	70.08466412
chr10	139506293	4.885685556	70.08478694
chr10	139506294	4.125750863	70.08479182
chr10	139506342	5.391788022	70.08498986
chr10	139506343	5.319302626	70.08499525
chr10	139506354	6.370111066	70.08505376
chr10	139506355	6.190756311	70.08506013
chr10	139507176	7.966385652	70.09014274
chr10	139507178	8.073350614	70.09015868
chr10	139507179	7.792780528	70.09016675
chr10	139507223	8.947627698	70.09050963
chr10	139507274	9.015381593	70.09096596
chr10	139507275	8.945878156	70.09097498
chr10	139507280	9.015674266	70.09101971
chr10	139507281	8.853962517	70.09102872
chr10	139508326	8.819435419	70.10028111
chr10	139509247	10.98301283	70.10840381
chr10	139509248	6.264436715	70.1084148
chr10	139510318	6.483249336	70.11511774
chr10	139510319	5.555354262	70.11512423
chr10	139510734	4.507475028	70.1174297
chr10	139510754	4.660847715	70.11751985
chr10	139510758	4.520573809	70.11753849
chr10	139511509	5.693350673	70.12093344
chr10	139511510	3.889721519	70.12093914
chr10	139511516	4.004066122	70.12096247
chr10	139511533	3.988960711	70.12103054
chr10	139511779	4.649818487	70.12201183
chr10	139558701	4.575424019	70.34019061
chr10	139558724	4.551983518	70.34029584
chr10	139558730	4.242337874	70.34032316
chr10	139558739	4.113294006	70.34036134
chr10	139558770	3.886597518	70.34048885
chr10	139560780	3.623737545	70.34830091
chr10	139561019	3.629875152	70.34916698
chr10	139561020	3.142183025	70.34917061
chr10	139561065	3.174929816	70.34931201
chr10	139561066	2.840117614	70.34931519
chr10	139561079	2.53294013	70.34935211
chr10	139561397	2.536899421	70.35015758
chr10	139561574	2.852656905	70.35060661
chr10	139561575	2.50072231	70.35060947
chr10	139561678	3.309850085	70.35086704
chr10	139561829	3.302205813	70.35136683
chr10	139565739	3.30888372	70.36427845
chr10	139565740	3.152221385	70.36428176
chr10	139566218	3.777397595	70.36578852
chr10	139566219	3.214780685	70.3657923
chr10	139566224	3.395643134	70.36580838
chr10	139566225	2.244402669	70.36581177
chr10	139566259	2.584241955	70.36588808
chr10	139566260	2.500111822	70.36589067
chr10	139566283	2.365441478	70.36594817
chr10	139586476	2.462556679	70.41371353
chr10	139586477	1.214938109	70.41371599
chr10	139586484	1.248657042	70.41372449
chr10	139586566	1.06779459	70.41382688
chr10	139589533	1.16067026	70.41699503
chr10	139589546	1.179305329	70.41701012
chr10	139589547	1.021054996	70.4170113
chr10	139589564	0.771391516	70.41702866
chr10	139589703	0.7267855025	70.41713588
chr10	139591152	1.135821037	70.41818899
chr10	139591153	1.133886737	70.41819013
chr10	139591177	1.228718887	70.41821734
chr10	139591178	1.222955202	70.41821857
chr10	139742924	1.20713831	70.60379713
chr10	139742964	1.731670636	70.60384542
chr10	139742965	1.493990066	70.60384715
chr10	139743015	1.448953833	70.60392185
chr10	139743075	1.531398738	70.60400878
chr10	139743076	1.454751965	70.60401032
chr10	139743114	1.473635919	70.6040656
chr10	139743115	1.449425394	70.60406707
chr10	139785270	6.16622539	70.6651676
chr10	139785271	5.973794233	70.66517376
chr10	139785306	5.997700974	70.66538285
chr10	139785486	5.981307214	70.66646243
chr10	139785879	6.03498259	70.66881309
chr10	139785880	5.984893131	70.66881912
chr10	139785944	5.813692387	70.66920215
chr10	139786044	5.795257053	70.66978352
chr10	139786045	5.708979688	70.66978932
chr10	139786050	0.9921796982	70.66981786
chr10	139786632	1.046349496	70.67039531
chr10	139786633	1.04821697	70.67039636
chr10	139786643	1.098102757	70.67040684
chr10	139786644	0.9825656818	70.67040794
chr10	139786674	1.06102172	70.67043742
chr10	139786675	1.01805559	70.67043848
chr10	139786735	1.077822783	70.67049956
chr10	139786922	1.102184645	70.67070111
chr10	139786974	1.223032598	70.67075843
chr10	139786975	1.185609615	70.67075965
chr10	139787408	1.233004255	70.67127302
chr10	139787409	1.2142579	70.67127425
chr10	139787411	36.6144961	70.67127668
chr10	139787412	36.63179668	70.6713133
chr10	139787413	36.54902531	70.67134993
chr10	139787514	36.75246184	70.67504138
chr10	139787515	1.376461919	70.67507813
chr10	139787580	1.465948851	70.6751676
chr10	139787589	1.489694811	70.67518079
chr10	139787645	1.519798842	70.67526422
chr10	139787699	1.870422892	70.67534629
chr10	139787700	1.76925938	70.67534816
chr10	139787723	1.919140004	70.67538885
chr10	139787724	1.845168279	70.67539077
chr10	139787734	1.868917764	70.67540922
chr10	139787735	1.850202494	70.67541109
chr10	139806867	2.008402703	70.71080916
chr10	139806869	2.222742145	70.71081318
chr10	139806882	2.376514126	70.71084208
chr10	139806918	2.468414069	70.71092763
chr10	139806952	2.579887934	70.71101156
chr10	139806981	2.607003771	70.71108637
chr10	139830123	2.448803565	70.77141766
chr10	139830142	2.514273874	70.77146418
chr10	139830228	2.581192684	70.77168041
chr10	139832904	2.629001817	70.77858768
chr10	139833093	2.664091696	70.77908456
chr10	139833094	2.50385831	70.77908723
chr10	139835076	2.538094316	70.78404987
chr10	139836779	2.588438519	70.78837225
chr10	139836873	2.812495045	70.78861556
chr10	139837223	2.983507315	70.78959994
chr10	139837224	2.968555988	70.78960292
chr10	139838400	3.00388952	70.79309394
chr10	139838478	3.261598434	70.79332824
chr10	139838644	3.409360559	70.79386967
chr10	139838645	3.33711076	70.79387308
chr10	139838648	3.532080996	70.79388309
chr10	139838649	3.540442876	70.79388662
chr10	139838652	3.649971124	70.79389724
chr10	139909840	3.800962219	71.05373139
chr10	139909841	3.451526151	71.05373519
chr10	139909856	3.329610166	71.05378696
chr10	139909857	3.511530949	71.05379029
chr10	139909858	2.818578409	71.0537938
chr10	139909862	2.965859338	71.05380508
chr10	139909863	2.684742229	71.05380804
chr10	139937940	3.538947837	71.12918755
chr10	139937941	2.916779929	71.12919109
chr10	139937952	3.077879711	71.12922317
chr10	139937953	2.915037015	71.12922625
chr10	139938041	2.89056545	71.12948278
chr10	139938287	2.804360621	71.13019385
chr10	139938353	2.856819517	71.13037894
chr10	139939199	3.994273243	71.13279581
chr10	139939200	3.761893665	71.13279981
chr10	139942524	3.989232738	71.14530434
chr10	139942525	3.504519092	71.14530833
chr10	139942538	2.499005234	71.14535389
chr10	139942539	1.490883696	71.14535639
chr10	139942646	1.597826028	71.14551591
chr10	139942647	1.414472739	71.14551751
chr10	139942661	1.441263763	71.14553731
chr10	139942662	1.36675328	71.14553875
chr10	139942690	1.443921008	71.14557702
chr10	139942691	1.420179955	71.14557847
chr10	139942765	1.455471554	71.14568356
chr10	139947015	1.51018682	71.15186931
chr10	139947016	1.494244049	71.15187082
chr10	139970391	2.357638337	71.18679878
chr10	139970392	2.337615887	71.18680114
chr10	139972286	2.402288268	71.19122858
chr10	139972379	2.818427276	71.19145199
chr10	139972380	2.684026278	71.19145481
chr10	139972386	2.709516489	71.19147092
chr10	139972398	2.735028263	71.19150343
chr10	139974923	2.905898782	71.19840938
chr10	139974929	3.458499776	71.19842681
chr10	139974930	2.458226166	71.19843027
chr10	140004538	2.517613009	71.27121343
chr10	140004547	2.478765786	71.27123609
chr10	140005705	2.530849706	71.2741065
chr10	140005740	2.580401926	71.27419508
chr10	140005741	2.444137955	71.27419766
chr10	140005778	2.81322427	71.27428809
chr10	140005779	2.632343333	71.27429091
chr10	140005786	2.864299816	71.27430933
chr10	140005787	2.890142497	71.2743122
chr10	140005788	2.755603191	71.27431509
chr10	140005789	2.788801808	71.27431784
chr10	140005790	2.788774736	71.27432063
chr10	140005845	2.921634547	71.27447401
chr10	140005846	2.564659479	71.27447694
chr10	140005956	5.22672228	71.27475905
chr10	140005957	5.168709629	71.27476428
chr10	140005962	5.20196015	71.27479012
chr10	140005963	5.143813645	71.27479532
chr10	140007455	5.177454852	71.28246989
chr10	140007456	5.170388261	71.28247507
chr10	140007504	5.611511043	71.28272325
chr10	140007505	5.589905091	71.28272886
chr10	140008849	5.67552186	71.29024169
chr10	140008876	6.687173098	71.29039493
chr10	140008877	3.925655708	71.29040162
chr10	140075992	3.870838615	71.553872
chr10	140076342	4.361822803	71.55522679
chr10	140076343	3.809998626	71.55523116
chr10	140078615	4.088711506	71.56388747
chr10	140078616	4.03820073	71.56389156
chr10	140079986	4.451828318	71.5694239
chr10	140079987	4.008415069	71.56942835
chr10	140080053	4.310335683	71.5696929
chr10	140080054	4.260802809	71.56969721
chr10	140080061	4.318149921	71.56972704
chr10	140080269	4.457490974	71.57062521
chr10	140080270	4.185867411	71.57062967
chr10	140080272	4.488455147	71.57063804
chr10	140080273	4.16096196	71.57064253
chr10	140080321	4.420133649	71.57084226
chr10	140080322	4.368658208	71.57084668
chr10	140080830	4.493288551	71.57306596
chr10	140080877	4.444298499	71.57327714
chr10	140116542	4.411080398	71.73178305
chr10	140116609	4.880349508	71.73207859
chr10	140116610	3.352645713	71.73208347
chr10	140116612	3.729583796	71.73209018
chr10	140116613	3.36857351	71.7320939
chr10	140116675	3.666788601	71.73230276
chr10	140116676	3.59280376	71.73230642
chr10	140116719	3.782350589	71.73246091
chr10	140116720	3.756860381	71.7324647
chr10	140116817	7.169534342	71.73282911
chr10	140116818	6.680584675	71.73283628
chr10	140116865	6.815099099	71.73315027
chr10	140118512	7.116959149	71.74437474
chr10	140118524	7.109982851	71.74446014
chr10	140118537	7.528372116	71.74455257
chr10	140119568	7.750419556	71.75231432
chr10	140119569	7.684847872	71.75232207
chr10	140121466	8.008499123	71.76690023
chr10	140121467	7.054231182	71.76690824
chr10	140128440	7.402050372	71.81609739
chr10	140128441	7.342663525	71.81610479
chr10	140128481	7.19249036	71.8163985
chr10	140128526	7.223728247	71.81672216
chr10	140128527	7.193753466	71.81672939
chr10	140128545	8.171082612	71.81685887
chr10	140128546	8.141071166	71.81686704
chr10	140128551	8.268755764	71.81690775
chr10	140136110	9.910078688	71.87941127
chr10	140136111	8.18086263	71.87942118
chr10	140136128	9.793146205	71.87956026
chr10	140136129	8.044749738	71.87957005
chr10	140136136	8.497005908	71.87962637
chr10	140136137	7.40119703	71.87963486
chr10	140136156	7.398214196	71.87977549
chr10	140136211	13.09850757	71.88018239
chr10	140136212	12.61804525	71.88019549
chr10	140138143	12.81580402	71.90456093
chr10	140142951	12.67761327	71.96617932
chr10	140143826	11.71133514	71.97727223
chr10	140144112	11.24568472	71.98062167
chr10	140144143	11.82948414	71.98097029
chr10	140144144	9.922117272	71.98098212
chr10	140144147	9.551689722	71.98101188
chr10	140144186	9.31828052	71.9813844
chr10	140144215	14.32933847	71.98165463
chr10	140144216	11.06258351	71.98166896
chr10	140144260	11.86605011	71.98215571
chr10	140144318	12.29678288	71.98284394
chr10	140144319	12.28649586	71.98285624
chr10	140144395	12.35589589	71.98379001
chr10	140144690	12.40127492	71.987435
chr10	140144691	11.96741831	71.9874474
chr10	140144694	15.64113596	71.98748331
chr10	140144695	15.58731091	71.98749895
chr10	140144732	15.87854055	71.98807568
chr10	140144742	16.17486013	71.98823446
chr10	140144792	19.38737246	71.98904321
chr10	140144793	19.36087301	71.98906259
chr10	140145224	19.63165419	71.99740713
chr10	140145229	19.22740147	71.99750529
chr10	140145291	19.57516363	71.99869739
chr10	140145292	18.91528062	71.99871696
chr10	140146036	18.96132699	72.01278993
chr10	140146037	15.97940012	72.01280889
chr10	140146052	10.87546127	72.01304858
chr10	140146062	10.87351031	72.01315734
chr10	140156615	9.978556649	72.12790549
chr10	140156631	10.00183519	72.12806515
chr10	140156746	22.06816842	72.12921536
chr10	140156747	18.31673496	72.12923743
chr10	140157157	18.34109408	72.13674729
chr10	140157158	18.04477449	72.13676563
chr10	140157230	17.76209266	72.13806485
chr10	140157364	25.77637447	72.14044497
chr10	140157365	24.4507404	72.14047075
chr10	140157415	13.27841438	72.14169329
chr10	140157425	13.4930023	72.14182607
chr10	140157426	13.20403717	72.14183956
chr10	140158063	13.06470707	72.15025054
chr10	140158810	17.61992515	72.16000987
chr10	140158811	14.13809415	72.16002749
chr10	140158816	14.18354071	72.16009818
chr10	140159000	14.25580409	72.16270795
chr10	140159001	13.77813529	72.16272221
chr10	140160455	9.745406939	72.18275562
chr10	140160540	10.30662955	72.18358398
chr10	140160541	3.361416535	72.18359429
chr10	140161400	3.391277914	72.18648174
chr10	140161401	2.90725316	72.18648513
chr10	140161459	3.104007855	72.18665375
chr10	140161492	3.12710344	72.18675619
chr10	140161493	2.982159818	72.18675931
chr10	140161496	3.033017969	72.18676826
chr10	140196115	2.842834253	72.29176831
chr10	140197407	2.864001445	72.29544125
chr10	140197408	2.792366549	72.29544411
chr10	140225560	2.832475829	72.37405482
chr10	140225561	2.777358992	72.37405765
chr10	140225568	2.665670707	72.37407709
chr10	140225585	2.71132169	72.37412241
chr10	140225733	3.153981865	72.37452368
chr10	140225734	3.007018225	72.37452684
chr10	140225764	3.092211983	72.37461705
chr10	140225765	2.724416324	72.37462014
chr10	140225925	2.934350988	72.37505605
chr10	140225926	2.741040543	72.37505898
chr10	140225935	2.823956464	72.37508365
chr10	140225936	2.286891998	72.37508647
chr10	140225937	2.451703907	72.37508876
chr10	140225938	2.340993372	72.37509121
chr10	140225958	2.424510304	72.37513803
chr10	140225976	2.465993977	72.37518167
chr10	140246303	2.434756095	72.42530793
chr10	140246335	2.393404374	72.42538585
chr10	140246350	2.352059623	72.42542175
chr10	140306176	2.495982642	72.56613607
chr10	140306177	2.270226279	72.56613856
chr10	140306976	2.307822632	72.56795247
chr10	140308182	2.112974594	72.57073571
chr10	140308190	1.958518453	72.57075261
chr10	140308192	2.525756202	72.57075653
chr10	140308193	2.321966728	72.57075905
chr10	140314664	2.280483055	72.5857845
chr10	140314677	2.895820742	72.58581415
chr10	140314678	2.069008335	72.58581704
chr10	140314682	2.096208775	72.58582532
chr10	140314683	2.048954386	72.58582741
chr10	140314709	2.0994773	72.58588069
chr10	140314710	2.08959218	72.58588279
chr10	140314781	2.708553147	72.58603115
chr10	140314815	2.684705447	72.58612324
chr10	140314837	3.312110636	72.5861823
chr10	140314838	3.529796203	72.58618561
chr10	140314839	3.488417979	72.58618914
chr10	140316475	3.366587418	72.5918962
chr10	140316646	3.610851393	72.59247188
chr10	140317222	3.587626486	72.59455173
chr10	140317280	4.437696725	72.59475982
chr10	140317287	4.27694778	72.59479088
chr10	140320656	3.531840529	72.60919992
chr10	140320701	2.904435346	72.60935885
chr10	140320724	7.066317693	72.60942565
chr10	140320725	6.233800785	72.60943272
chr10	140320728	6.568873999	72.60945142
chr10	140320729	6.463856651	72.60945799
chr10	140320789	6.441143185	72.60984582
chr10	140320791	6.41801201	72.6098587
chr10	140320834	6.379233984	72.61013468
chr10	140320991	6.400979387	72.61113622
chr10	140320992	6.362357268	72.61114262
chr10	140321027	6.706810408	72.6113653
chr10	140321504	7.066273427	72.61456445
chr10	140321520	7.838571094	72.61467751
chr10	140321521	7.80016228	72.61468535
chr10	140321607	8.172544554	72.61535616
chr10	140321608	3.13819174	72.61536433
chr10	140331609	2.773526858	72.64674939
chr10	140331708	1.3944074	72.64702397
chr10	140331739	0.3102185371	72.64706719
chr10	140331818	4.234803715	72.6470917
chr10	140331843	12.16189786	72.64719757
chr10	140331844	12.14223927	72.64720973
chr10	140332215	18.79468668	72.6517145
chr10	140332773	19.15389902	72.66220194
chr10	140332774	0.82032935	72.66222109
chr10	140332809	0.852940205	72.66224981
chr10	140333221	0.9463379556	72.66260122
chr10	140333225	1.001600502	72.662605
chr10	140333229	1.031971683	72.66260901
chr10	140333321	1.180140134	72.66270395
chr10	140400511	1.222116992	72.74199757
chr10	140400512	1.109794429	72.74199879
chr10	140400587	1.151935245	72.74208202
chr10	140400606	1.193772249	72.74210391
chr10	140400607	1.084856778	72.7421051
chr10	140400621	1.038345305	72.74212029
chr10	140400705	1.12243255	72.74220751
chr10	140400706	1.068274722	72.74220863
chr10	140404833	1.115432198	72.7466174
chr10	140404834	0.9606116671	72.74661852
chr10	140411815	1.00856037	72.75332455
chr10	140411929	1.114719136	72.75343953
chr10	140412402	1.161749662	72.75396679
chr10	140449941	1.039932865	72.79757771
chr10	140449948	0.9770145368	72.79758499
chr10	140449989	0.9455067265	72.79762505
chr10	140453552	0.9152842415	72.80099389
chr10	140454366	1.166346564	72.80173893
chr10	140454367	1.045190451	72.80174009
chr10	140454394	1.152955653	72.80176831
chr10	140475663	1.09522973	72.82629053
chr10	140487892	0.9151073428	72.83968409
chr10	140487948	0.8055515095	72.83973534
chr10	140488000	0.7583184128	72.83977723
chr10	140488128	0.7347774205	72.83987429
chr10	140488155	0.7507341877	72.83989413
chr10	140488157	0.7087573266	72.83989563
chr10	140488183	0.6850147382	72.83991406
chr10	140488491	2.407441698	72.84012504
chr10	140488492	2.383809679	72.84012745
chr10	140488533	4.140783886	72.84022519
chr10	140488534	3.883452396	72.84022933
chr10	140488544	3.982119637	72.84026816
chr10	140488545	3.892333931	72.84027214
chr10	140489112	10.10450294	72.8424791
chr10	140489239	10.1205355	72.84376237
chr10	140490151	10.13640834	72.8529923
chr10	140490181	10.11466295	72.85329639
chr10	140490188	10.16510862	72.85336719
chr10	140490200	10.2155626	72.85348917
chr10	140490292	7.097677859	72.85442901
chr10	140490300	7.113560912	72.85448579
chr10	140490301	4.019276652	72.8544929
chr10	140490444	43.57953463	72.85506766
chr10	140490448	43.56848905	72.85524198
chr10	140490527	43.61915565	72.85868389
chr10	140490571	43.66974073	72.86060313
chr10	140490626	44.03852716	72.86300497
chr10	140490627	40.535819	72.863049
chr10	140490629	40.62053704	72.86313008
chr10	140490630	1.009289246	72.8631707
chr10	140490638	1.06004811	72.86317877
chr10	140499291	1.076816126	72.87235137
chr10	140563119	1.230269447	72.94108239
chr10	140563120	0.6764557249	72.94108362
chr10	140563140	0.7335848693	72.94109715
chr10	140563141	0.6162119635	72.94109788
chr10	140563205	0.7876751056	72.94113732
chr10	140563206	0.7745754908	72.9411381
chr10	140563265	0.8022618658	72.9411838
chr10	140563266	0.7516113164	72.94118461
chr10	140563302	0.7010262289	72.94121166
chr10	140612452	0.6655853107	72.9756671
chr10	140612932	0.6574372636	72.97598658
chr10	140614811	0.6928435632	72.97722191
chr10	140629566	0.73422831	72.98744482
chr10	140696149	1.226035025	73.03633194
chr10	140696150	1.004698684	73.03633317
chr10	140718320	1.437789207	73.05860734
chr10	140718353	1.224666632	73.05865478
chr10	140718466	1.183281886	73.05879317
chr10	140718703	0.8511271853	73.05907361
chr10	140718715	1.987705502	73.05908382
chr10	140718716	1.971672935	73.05908581
chr10	140718721	3.025748796	73.05909567
chr10	140718722	2.811398803	73.05909869
chr10	140718841	2.819511636	73.05943325
chr10	140718842	2.780027915	73.05943607
chr10	140719544	2.747884072	73.06138765
chr10	140721761	2.724692836	73.06747971
chr10	140721848	2.872216955	73.06771676
chr10	140721936	3.347922146	73.06796951
chr10	140721937	3.300260802	73.06797286
chr10	140721951	3.4587882	73.06801906
chr10	140721952	2.322209895	73.06802252
chr10	140723709	2.416661842	73.07210264
chr10	140726815	1.98357132	73.0796088
chr10	140726890	1.533197468	73.07975756
chr10	140726908	1.083813811	73.07978516
chr10	140726914	1.395077076	73.07979166
chr10	140726922	4.56664252	73.07980282
chr10	140726926	4.574210031	73.07982109
chr10	140726973	4.781568632	73.08003608
chr10	140727017	18.30768625	73.08024647
chr10	140727124	18.38413993	73.08220539
chr10	140727147	18.55746183	73.08262823
chr10	140727168	18.63857619	73.08301793
chr10	140727169	49.29777612	73.08303657
chr10	140727288	52.96595724	73.08890301
chr10	140727289	8.780639695	73.08895597
chr10	140727323	9.382695065	73.08925451
chr10	140727337	10.03444582	73.08938587
chr10	140727384	10.69151852	73.08985749
chr10	140727465	11.50645824	73.0907235
chr10	140728418	11.99127873	73.10168916
chr10	140728419	10.152171	73.10170115
chr10	140728481	12.9151137	73.10233058
chr10	140728482	9.833787075	73.1023435
chr10	140728483	10.19397295	73.10235333
chr10	140742155	9.386797877	73.24172533
chr10	140742561	10.24693285	73.24553637
chr10	140742562	9.370885111	73.24554662
chr10	140742578	10.03283257	73.24569655
chr10	140742616	10.10568035	73.2460778
chr10	140743743	9.864617315	73.2574669
chr10	140743755	9.624717472	73.25758528
chr10	140744029	9.75382696	73.26022245
chr10	140745118	10.97288063	73.27084437
chr10	140745119	10.76543186	73.27085534
chr10	140745136	10.89874722	73.27103835
chr10	140745137	13.1208227	73.27104925
chr10	140745138	10.13713579	73.27106237
chr10	140745150	9.917238357	73.27118402
chr10	140745158	10.07065582	73.27126336
chr10	140745159	9.912128408	73.27127343
chr10	140745182	9.935129996	73.27150141
chr10	140745718	10.0599046	73.27682664
chr10	140746786	10.63537587	73.28757061
chr10	140746787	6.483613479	73.28758125
chr10	140748096	6.619333709	73.2960683
chr10	140748135	6.853493417	73.29632645
chr10	140748136	4.972492275	73.29633331
chr10	140748177	4.440106223	73.29653718
chr10	140748355	4.660222942	73.29732752
chr10	140748356	3.850717405	73.29733218
chr10	140748365	4.016957636	73.29736683
chr10	140748373	4.846962725	73.29739897
chr10	140748374	4.313808873	73.29740382
chr10	140751578	4.315582755	73.31122526
chr10	140751594	4.489626178	73.31129431
chr10	140751595	4.171694016	73.3112988
chr10	140751623	4.348846558	73.31141561
chr10	140772391	4.171694016	73.40173245
chr10	140772507	4.019249167	73.40221637
chr10	140772525	3.38090896	73.40228871
chr10	140772543	2.781416594	73.40234957
chr10	140772732	2.809222025	73.40287526
chr10	140772733	2.501863243	73.40287807
chr10	140772743	2.337715367	73.40290309
chr10	140775203	3.114613776	73.40865387
chr10	140775204	2.486413427	73.40865698
chr10	140775207	2.373716498	73.40866444
chr10	140775212	2.80477731	73.40867631
chr10	140775213	2.675354433	73.40867911
chr10	140775230	2.599207733	73.40872459
chr10	140775245	2.863641555	73.40876358
chr10	140775246	2.596059086	73.40876645
chr10	140791130	2.623118086	73.45000225
chr10	140791466	5.296885522	73.45088362
chr10	140791582	5.303161217	73.45149806
chr10	140791583	5.078551689	73.45150336
chr10	140792282	4.216348572	73.45505327
chr10	140792283	4.22220873	73.45505748
chr10	140792284	4.13842326	73.4550617
chr10	140792294	4.055108331	73.45510309
chr10	140792620	3.760737754	73.45642505
chr10	140792635	3.594544459	73.45648147
chr10	140792637	3.612128267	73.45648865
chr10	140792841	3.675478538	73.45722553
chr10	140792842	1.001711097	73.4572292
chr10	140793120	0.6960418884	73.45750768
chr10	140795927	5.053029143	73.45946147
chr10	140795936	5.073432388	73.45950695
chr10	140795989	5.065787973	73.45977584
chr10	140796611	5.07022483	73.46292676
chr10	140796778	0.4059008808	73.46377349
chr10	140796929	4.435587619	73.46383478
chr10	140797841	4.488068015	73.46788003
chr10	140797842	0.4583812802	73.46788452
chr10	140798434	0.5565679314	73.46815588
chr10	140798562	0.6051888507	73.46822712
chr10	140798574	0.6635775948	73.46823439
chr10	140799236	0.6983477908	73.46867367
chr10	140799341	0.7679296228	73.468747
chr10	140903951	1.085847444	73.54908012
chr10	140903952	1.045023623	73.5490812
chr10	140905047	1.090157653	73.55022551
chr10	140905048	0.8557264252	73.5502266
chr10	140905100	0.8189472228	73.55027109
chr10	140905131	0.8580679065	73.55029648
chr10	140905132	0.8002892159	73.55029734
chr10	140905152	1.014455869	73.55031334
chr10	140905194	1.340828476	73.55035595
chr10	140905195	1.308082831	73.55035729
chr10	140924562	2.05741172	73.57569093
chr10	140924563	2.028242349	73.57569299
chr10	140924568	4.376570018	73.57570313
chr10	140924569	4.351931629	73.57570751
chr10	140924573	5.130392953	73.57572492
chr10	140924594	6.587122769	73.57583265
chr10	140924595	6.528734026	73.57583924
chr10	140924613	7.313884709	73.57595676
chr10	140926878	5.721198999	73.59252271
chr10	140927096	5.376222177	73.59376993
chr10	140929503	5.428121728	73.6067105
chr10	140929520	5.624053202	73.60680277
chr10	140929521	1.341616322	73.6068084
chr10	140929546	1.389911788	73.60684194
chr10	140930342	1.540632496	73.60794831
chr10	140930343	0.9006770283	73.60794985
chr10	140930376	0.9624351625	73.60797957
chr10	140930837	0.9834689546	73.60842325
chr10	140930848	1.255929015	73.60843407
chr10	140931242	1.332664186	73.60892891
chr10	140936958	1.340765245	73.61654642
chr10	140975438	1.360185621	73.66813906
chr10	140975439	1.227720003	73.66814042
chr10	140975526	1.292298864	73.66824723
chr10	140975532	1.341460395	73.66825499
chr10	140975543	1.388668584	73.66826974
chr10	140975836	1.421142791	73.66867662
chr10	141012628	1.439391659	73.72096331
chr10	141012672	1.496532317	73.72102664
chr10	141056252	1.518642782	73.78624552
chr10	141193349	1.569896227	73.99444689
chr10	141193350	1.555951242	73.99444846
chr10	141193370	1.763435108	73.99447958
chr10	141193371	1.700610931	73.99448134
chr10	141195285	1.683869391	73.99773631
chr10	141195367	1.636466513	73.99787439
chr10	141195398	1.921474166	73.99792512
chr10	141195399	1.6890472	73.99792704
chr10	141195447	1.68322866	73.99800812
chr10	141209945	1.71663892	74.02241157
chr10	141209946	1.200989959	74.02241328
chr10	141209951	1.174650042	74.02241929
chr10	141211091	1.208411646	74.02375839
chr10	141211092	1.16914963	74.0237596
chr10	141211101	1.202914333	74.02377012
chr10	141211102	0.9256473414	74.02377132
chr10	141211129	0.8458552884	74.02379631
chr10	141212798	0.8330905942	74.02520805
chr10	141212876	0.7852127577	74.02527303
chr10	141213045	0.8704607239	74.02540573
chr10	141213046	0.772678751	74.0254066
chr10	141213096	0.9896734241	74.02544523
chr10	141213097	0.8837361465	74.02544622
chr10	141319657	0.8882473992	74.11961715
chr10	141319658	0.8372510484	74.11961803
chr10	141319720	0.8027456462	74.11966994
chr10	141320063	0.8314506346	74.11994529
chr10	141320064	0.5880882521	74.11994612
chr10	141321693	0.5977233712	74.12090411
chr10	141321694	0.5718660276	74.12090471
chr10	141321704	0.6779520113	74.12091043
chr10	141322743	0.7011839527	74.12161482
chr10	141322775	0.692374766	74.12163726
chr10	141324640	0.9190601617	74.12292854
chr10	141324645	1.361985085	74.12293313
chr10	141324646	1.225222093	74.1229345
chr10	141324649	1.281901298	74.12293817
chr10	141324665	1.720150731	74.12295868
chr10	141324681	2.049405197	74.1229862
chr10	141324682	2.005896536	74.12298825
chr10	141324829	2.368069011	74.12328312
chr10	141327791	2.340703277	74.13029734
chr10	141327919	2.401992054	74.13059695
chr10	141327931	2.796238088	74.13062577
chr10	141332864	2.861129865	74.14441962
chr10	141332866	2.888400459	74.14442534
chr10	141332867	2.965063187	74.14442823
chr10	141332875	7.013470821	74.14445195
chr10	141332876	6.994052995	74.14445896
chr10	141332878	7.115958354	74.14447295
chr10	141332879	7.106818569	74.14448007
chr10	141333059	7.996691181	74.14575929
chr10	141333060	7.558441743	74.14576729
chr10	141337262	8.126376414	74.17752786
chr10	141337263	3.756028001	74.17753599
chr10	141387947	4.45035009	74.36790651
chr10	141387948	4.12094902	74.36791096
chr10	141389045	4.074819596	74.37243164
chr10	141389526	4.403957547	74.37439163
chr10	141389527	4.395072731	74.37439604
chr10	141389559	7.148163093	74.37453668
chr10	141389560	5.842375011	74.37454383
chr10	141389601	6.827937292	74.37478336
chr10	141389608	6.833959546	74.37483116
chr10	141389609	6.768900236	74.37483799
chr10	141389704	6.906258761	74.37548104
chr10	141389705	7.605903292	74.37548794
chr10	141389706	7.587166475	74.37549555
chr10	141389847	8.208112296	74.37656534
chr10	141391108	8.310604898	74.38691577
chr10	141391109	8.294533319	74.38692408
chr10	141393228	8.240860598	74.4045002
chr10	141393237	8.27306043	74.40457436
chr10	141393238	8.151155061	74.40458264
chr10	141393286	8.097555842	74.40497389
chr10	141393333	7.746934671	74.40535448
chr10	141393334	4.916310155	74.40536223
chr10	141393339	4.965840247	74.40538681
chr10	141393340	4.851300531	74.40539177
chr10	141393343	5.393541354	74.40540633
chr10	141395772	4.180433294	74.41850724
chr10	141396159	4.334383576	74.42012507
chr10	141396160	4.326477023	74.4201294
chr10	141396366	4.656239625	74.42102065
chr10	141396367	3.987927138	74.42102531
chr10	141396374	4.160064464	74.42105323
chr10	141396375	4.097825973	74.42105739
chr10	141399391	4.109629853	74.43341643
chr10	141400127	4.180066099	74.43644112
chr10	141400128	3.469891464	74.4364453
chr10	141400145	3.366446763	74.43650429
chr10	141400199	3.424419432	74.43668607
chr10	141400200	3.377549483	74.4366895
chr10	141400204	3.562475543	74.43670301
chr10	141400704	3.233337594	74.43848425
chr10	141420056	3.475923322	74.5010558
chr10	141420057	2.108421648	74.50105927
chr10	141420098	2.390452494	74.50114572
chr10	141420099	1.955416247	74.50114811
chr10	141420313	2.118178437	74.50156657
chr10	141420434	2.156234754	74.50182287
chr10	141421132	2.112368008	74.50332792
chr10	141464602	2.145273266	74.59515255
chr10	141490145	2.172325097	74.64994927
chr10	141490146	2.047048451	74.64995144
chr10	141490187	2.075985194	74.65003537
chr10	141490188	1.99993398	74.65003745
chr10	141490277	2.521594197	74.65021544
chr10	141490278	2.324804336	74.65021796
chr10	141490298	2.367449738	74.65026446
chr10	141490299	2.329507529	74.65026683
chr10	141521354	2.293095538	74.72260968
chr10	141523741	2.481178569	74.7280833
chr10	141523742	2.306858384	74.72808578
chr10	141523772	2.507254892	74.72815499
chr10	141523784	2.48753012	74.72818508
chr10	141572240	2.467374511	74.84872084
chr10	141576219	2.397266962	74.85853852
chr10	141576345	2.384213944	74.85884057
chr10	141576392	2.428672019	74.85895263
chr10	141576393	2.130711617	74.85895506
chr10	141576411	2.004409149	74.85899341
chr10	141576468	2.026177839	74.85910766
chr10	141576469	2.002656108	74.85910969
chr10	141576498	2.066747527	74.85916777
chr10	141576499	1.969208995	74.85916983
chr10	141576500	1.949363994	74.8591718
chr10	141576570	1.892114628	74.85930826
chr10	141600036	1.917616146	74.90370862
chr10	141602625	2.006901042	74.90867333
chr10	141602626	1.822157668	74.90867534
chr10	141602705	2.074860738	74.90881929
chr10	141602723	2.037148609	74.90885663
chr10	141602750	2.003350006	74.90891164
chr10	141603742	1.983320695	74.91089896
chr10	141603772	1.992567576	74.91095846
chr10	141603773	1.988013314	74.91096045
chr10	141615493	1.807980539	74.93425997
chr10	141615506	1.791191096	74.93428347
chr10	141617263	1.876480908	74.9374306
chr10	141617264	1.582224622	74.93743247
chr10	141617270	1.612565498	74.93744197
chr10	141617271	1.486242997	74.93744358
chr10	141617329	1.528920549	74.93752978
chr10	141617330	1.483045261	74.93753131
chr10	141617349	1.414789045	74.93755949
chr10	141617387	1.445159228	74.93761325
chr10	141617388	1.393673909	74.93761469
chr10	141617418	1.348325403	74.9376565
chr10	141617506	1.319408223	74.93777516
chr10	141617540	1.846736168	74.93782002
chr10	141617541	1.811958408	74.93782186
chr10	141617577	1.793328052	74.93788709
chr10	141617661	1.844018968	74.93803773
chr10	141617662	1.812469483	74.93803958
chr10	141617672	2.040824342	74.9380577
chr10	141617673	1.983065789	74.93805974
chr10	141617684	2.022459577	74.93808156
chr10	141625824	2.100416197	74.95454438
chr10	141625825	2.072191867	74.95454648
chr10	141626143	2.158488769	74.95520544
chr10	141626144	2.131410042	74.95520759
chr10	141626146	2.285819704	74.95521186
chr10	141626147	1.813457527	74.95521414
chr10	141626253	1.795611226	74.95540637
chr10	141626260	1.874081704	74.95541894
chr10	141626261	1.85829319	74.95542081
chr10	141626398	1.967426243	74.9556754
chr10	141626399	1.949563483	74.95567737
chr10	141631587	2.047146712	74.9657917
chr10	141633834	2.094776969	74.97039164
chr10	141633902	1.997278628	74.97053408
chr10	141703535	2.835432596	75.10961059
chr10	141703536	2.317446841	75.10961342
chr10	141711076	3.107673351	75.12708697
chr10	141711077	2.785933695	75.12709008
chr10	141711085	2.919767965	75.12711237
chr10	141711086	2.425146048	75.12711529
chr10	141711650	2.533908397	75.12848307
chr10	141711743	3.076622562	75.12871872
chr10	141711744	2.932866509	75.1287218
chr10	141712116	2.9054952	75.12981283
chr10	141712490	3.162701452	75.13089948
chr10	141712532	3.151310084	75.13103231
chr10	141712541	3.200449328	75.13106068
chr10	141712542	3.161668845	75.13106388
chr10	141713011	3.163063582	75.1325467
chr10	141713012	3.142552905	75.13254986
chr10	141720712	3.175645219	75.15674752
chr10	141720713	3.064703689	75.1567507
chr10	141738362	2.875254403	75.21083965
chr10	141738477	3.400840683	75.2111703
chr10	141738478	2.861748192	75.21117371
chr10	141738528	3.498491694	75.21131679
chr10	141738529	3.399155455	75.21132029
chr10	141738552	3.622992764	75.21139847
chr10	141738553	3.466407214	75.2114021
chr10	141738574	3.534267336	75.21147489
chr10	141738575	3.222049243	75.21147842
chr10	141738687	3.311273887	75.21183929
chr10	141744117	6.436646444	75.22981951
chr10	141744118	6.323006171	75.22982595
chr10	141744305	6.562955747	75.23100835
chr10	141744306	5.429447462	75.23101491
chr10	141745355	5.51638486	75.2367104
chr10	141745356	5.428412219	75.23671592
chr10	141745360	5.842921662	75.23673763
chr10	141745376	5.852194859	75.23683112
chr10	141745390	2.764517134	75.23691305
chr10	141745451	2.938054008	75.23708169
chr10	141745460	3.225570936	75.23710813
chr10	141745476	3.945292804	75.23715974
chr10	141745477	3.093308667	75.23716368
chr10	141745481	3.168300595	75.23717606
chr10	141745511	3.642343657	75.23727111
chr10	141745512	3.533394496	75.23727475
chr10	141758499	3.659499175	75.28316294
chr10	141787412	3.522628535	75.38897004
chr10	141787440	3.435007873	75.38906867
chr10	141787588	3.359772111	75.38957706
chr10	141787671	4.096250848	75.38985592
chr10	141787672	3.619292656	75.38986001
chr10	141787673	4.808017692	75.38986363
chr10	141787674	4.229622364	75.38986844
chr10	141788245	4.1555857	75.39228356
chr10	141788272	39.58357721	75.39239576
chr10	141788273	39.3682772	75.39243534
chr10	141788376	3.992277276	75.39649027
chr10	141790705	4.110043037	75.40578829
chr10	141790706	4.106356057	75.4057924
chr10	141790720	3.897943703	75.40584988
chr10	141790729	5.511585805	75.40588497
chr10	141790753	7.272780564	75.40601724
chr10	141790754	7.018706126	75.40602452
chr10	141790768	5.829981089	75.40612278
chr10	141790810	10.94627532	75.40636764
chr10	141790811	10.8651216	75.40637858
chr10	141790818	12.52611663	75.40645464
chr10	141790819	12.36383783	75.40646717
chr10	141791334	12.20378632	75.41283454
chr10	141791901	12.22148104	75.41975409
chr10	141792693	23.19037264	75.4294335
chr10	141792787	22.47123582	75.4316134
chr10	141792789	22.82926989	75.43165834
chr10	141792790	22.40720153	75.43168117
chr10	141793009	20.79355943	75.43658835
chr10	141793032	28.81265868	75.4370666
chr10	141793033	11.21500138	75.43709541
chr10	141793035	11.37358405	75.43711784
chr10	141794192	11.39141513	75.45027708
chr10	141794193	8.222505571	75.45028847
chr10	141794421	8.240356465	75.4521632
chr10	141794422	7.237602578	75.45217144
chr10	141794521	7.403245462	75.45288796
chr10	141794522	4.934048156	75.45289537
chr10	141794540	5.263696053	75.45298418
chr10	141794541	5.188704124	75.45298944
chr10	141795159	5.418835105	75.45619606
chr10	141795246	5.865381127	75.4566675
chr10	141795247	4.204386098	75.45667337
chr10	141827099	5.7164916	75.59059147
chr10	141827100	5.501270528	75.59059719
chr10	141827132	8.501387626	75.59077323
chr10	141827133	7.83048273	75.59078173
chr10	141827404	7.884930781	75.59290379
chr10	141827405	7.406334646	75.59291168
chr10	141827407	8.451741721	75.59292649
chr10	141827408	8.244476486	75.59293494
chr10	141829747	9.629538155	75.61221877
chr10	141829748	6.408141921	75.6122284
chr10	141831889	6.370972448	75.62594823
chr10	141831940	7.96934296	75.62627315
chr10	141831941	5.355185085	75.62628112
chr10	141832022	5.398846073	75.62671489
chr10	141833684	5.410605095	75.63568777
chr10	141833808	5.325153835	75.63635869
chr10	141833851	8.305803048	75.63658767
chr10	141833896	8.327729493	75.63696143
chr10	141835108	8.582092505	75.64705464
chr10	141835109	8.494648855	75.64706322
chr10	141835127	8.583844263	75.64721613
chr10	141835128	4.926820823	75.64722471
chr10	141907613	5.204630369	76.00434532
chr10	141907614	4.815833009	76.00435052
chr10	141907615	5.632182649	76.00435534
chr10	141907616	5.518921212	76.00436097
chr10	141907644	5.819666086	76.0045155
chr10	141907645	5.771068188	76.00452132
chr10	141907721	5.85035751	76.00495992
chr10	141907722	5.655836328	76.00496577
chr10	141907739	6.223887965	76.00506192
chr10	141907740	6.093485021	76.00506814
chr10	141907764	6.189163571	76.00521439
chr10	141907765	6.12376833	76.00522058
chr10	141907772	6.943365801	76.00526344
chr10	141999813	6.903393354	76.64433777
chr10	141999821	6.930279923	76.644393
chr10	141999822	6.192669041	76.64439993
chr10	141999828	6.025674779	76.64443709
chr10	141999829	6.075221663	76.64444311
chr10	141999830	5.852583295	76.64444919
chr10	141999866	5.896724446	76.64465988
chr10	141999867	5.714707395	76.64466578
chr10	141999871	5.67476359	76.64468864
chr10	142000147	5.70144077	76.64625487
chr10	142000148	5.365085568	76.64626057
chr10	142000261	5.32155946	76.64686683
chr10	142000522	5.882196078	76.64825576
chr10	142000523	3.144463648	76.64826164
chr10	142000525	3.194477301	76.64826793
chr10	142000526	2.980161032	76.64827112
chr10	142000581	3.006168015	76.64843503
chr10	142000582	2.6851048	76.64843804
chr10	142000628	2.785075353	76.64856155
chr10	142000629	2.513350945	76.64856434
chr10	142000644	2.716614887	76.64860204
chr10	142000645	2.633260479	76.64860475
chr10	142001396	2.898333946	76.65058233
chr10	142001397	2.859150046	76.65058523
chr10	142001444	2.908431455	76.65071961
chr10	142001445	2.886313086	76.65072252
chr10	142001607	2.936878005	76.6511901
chr10	142001608	2.776037969	76.65119304
chr10	142001630	2.877579513	76.65125411
chr10	142001647	2.829194474	76.65130303
chr10	142001688	3.308534573	76.65141903
chr10	142001689	3.000166008	76.65142234
chr10	142001692	3.441907054	76.65143134
chr10	142001693	3.307103834	76.65143478
chr10	142001785	3.338708814	76.65173903
chr10	142001790	3.630248727	76.65175572
chr10	142001791	3.539396438	76.65175936
chr10	142001803	3.780625845	76.65180183
chr10	142013055	3.837415136	76.69434143
chr10	142013056	3.806969937	76.69434527
chr10	142018644	3.873490769	76.71561862
chr10	142018645	3.660197017	76.71562249
chr10	142020977	3.942822147	76.72415807
chr10	142020978	3.858451531	76.72416201
chr10	142020991	3.437282667	76.72421217
chr10	142020994	3.245572806	76.72422248
chr10	142020998	3.033400507	76.72423547
chr10	142021059	3.17213515	76.7244205
chr10	142070168	2.938772906	76.88020089
chr10	142073596	2.887606017	76.890275
chr10	142073649	2.848587956	76.89042804
chr10	142074057	2.51359006	76.89159027
chr10	142074084	2.464043173	76.89165814
chr10	142074087	2.312395416	76.89166553
chr10	142074095	2.199662177	76.89168403
chr10	142074096	2.259622462	76.89168623
chr10	142074097	1.548961212	76.89168849
chr10	142074367	1.254902423	76.89210671
chr10	142076082	1.372716134	76.89425886
chr10	142076098	1.641643806	76.89428083
chr10	142076099	1.135275321	76.89428247
chr10	142076788	1.198062947	76.89506467
chr10	142076789	1.261670151	76.89506587
chr10	142076799	1.386750156	76.89507849
chr10	142076800	1.337701979	76.89507987
chr10	142076812	1.48590952	76.89509593
chr10	142076981	1.61354761	76.89534705
chr10	142076982	1.549800833	76.89534866
chr10	142101636	1.401593292	76.93355745
chr10	142118194	1.369988313	76.95676503
chr10	142134630	1.052268548	76.97928216
chr10	142135196	1.047757293	76.97987774
chr10	142135384	0.9229295295	76.98007472
chr10	142135407	0.9109845031	76.98009595
chr10	142135454	1.17509822	76.98013876
chr10	142135455	1.075599391	76.98013994
chr10	142135869	1.014046063	76.98058524
chr10	142136002	1.622665422	76.98072011
chr10	142136003	1.598742067	76.98072173
chr10	142136005	2.144440046	76.98072493
chr10	142136006	2.028847806	76.98072707
chr10	142136659	1.924427857	76.98205191
chr10	142136681	1.942317724	76.98209425
chr10	142136682	1.926246009	76.98209619
chr10	142137942	1.976670251	76.98452326
chr10	142138059	1.949993066	76.98475453
chr10	142138245	2.211739229	76.98511723
chr10	142138246	2.199813402	76.98511944
chr10	142142046	2.619064517	76.99347873
chr10	142142047	1.872877493	76.99348135
chr10	142142053	1.923412553	76.99349259
chr10	142142099	1.894902092	76.99358106
chr10	142142121	2.774103677	76.99362275
chr10	142142122	2.764830486	76.99362552
chr10	142142163	2.917041377	76.99373888
chr10	142142987	2.971216754	76.99614252
chr10	142143057	3.072544332	76.99635051
chr10	142143149	3.123749676	76.99663318
chr10	142143155	3.332003061	76.99665193
chr10	142143156	3.303724231	76.99665526
chr10	142143210	3.409668464	76.99683366
chr10	142143290	3.56410699	76.99710643
chr10	142143291	3.548485736	76.99711
chr10	142143292	3.654134392	76.99711355
chr10	142143358	4.017982031	76.99735472
chr10	142143361	4.696293203	76.99736677
chr10	142143362	4.196211107	76.99737147
chr10	142146558	4.303802783	77.01078256
chr10	142146559	4.276636289	77.01078686
chr10	142146602	4.330649413	77.01097076
chr10	142146811	4.384887885	77.01187586
chr10	142147769	4.491725229	77.01607659
chr10	142149285	4.607782373	77.02288604
chr10	142149286	4.094299612	77.02289065
chr10	142149330	4.150414309	77.0230708
chr10	142149383	4.210215749	77.02329077
chr10	142149384	3.946102035	77.02329498
chr10	142149522	4.002534338	77.02383954
chr10	142152294	4.065250257	77.03493457
chr10	142152300	4.308680829	77.03495896
chr10	142152301	3.635401779	77.03496327
chr10	142152624	3.692856359	77.0361375
chr10	142153389	3.665552162	77.03896254
chr10	142153676	3.820163869	77.04001455
chr10	142153677	3.792917908	77.04001837
chr10	142156920	3.924946163	77.05231881
chr10	142210760	3.764202325	77.26363791
chr10	142210772	4.650947076	77.26368308
chr10	142210773	4.570096543	77.26368773
chr10	142210897	5.467001472	77.26425442
chr10	142210898	5.295338639	77.26425989
chr10	142210904	11.27197663	77.26429166
chr10	142210905	10.53749261	77.26430293
chr10	142210956	11.53535104	77.26484034
chr10	142210957	11.30412587	77.26485188
chr10	142210964	12.33990965	77.26493101
chr10	142214516	7.665579202	77.30876237
chr10	142214554	7.746267372	77.30905366
chr10	142214555	6.627692721	77.3090614
chr10	142214642	6.636241579	77.30963801
chr10	142214643	5.532533495	77.30964465
chr10	142214716	5.541151353	77.31004853
chr10	142214717	5.224887139	77.31005407
chr10	142214760	5.233442439	77.31027874
chr10	142214788	4.181696778	77.31042527
chr10	142214807	4.187719341	77.31050473
chr10	142214808	4.059041589	77.31050891
chr10	142214837	4.008498198	77.31062662
chr10	142214856	3.957963138	77.31070279
chr10	142214860	4.018991149	77.31071862
chr10	142214861	3.968412322	77.31072264
chr10	142214893	4.00107308	77.31084963
chr10	142214894	3.835625229	77.31085363
chr10	142214911	3.838023628	77.31091883
chr10	142214921	2.035395378	77.31095721
chr10	142214998	4.407134256	77.31111394
chr10	142214999	3.345183181	77.31111835
chr10	142215032	3.293997072	77.31122874
chr10	142215040	3.32472041	77.31125509
chr10	142215041	3.27344441	77.31125841
chr10	142215108	6.092289908	77.31147773
chr10	142215109	5.936984477	77.31148383
chr10	142215221	5.969218864	77.31214877
chr10	142215259	5.971562472	77.3123756
chr10	142215552	6.395835092	77.31412527
chr10	142216570	6.456696808	77.32063623
chr10	142216625	6.40326495	77.32099135
chr10	142216636	6.492393567	77.32106178
chr10	142216637	4.247668741	77.32106827
chr10	142216658	4.333748706	77.32115748
chr10	142216659	1.755201175	77.32116181
chr10	142216672	1.788501356	77.32118463
chr10	142216684	1.951712145	77.32120609
chr10	142288695	2.015246665	77.46175083
chr10	142288696	1.9111271	77.46175285
chr10	142325986	2.054857077	77.53301878
chr10	142325987	1.978831795	77.53302083
chr10	142327154	2.026662685	77.53533013
chr10	142327155	1.9933625	77.53533215
chr10	142327539	1.895319275	77.53609761
chr10	142329354	2.104169411	77.53953761
chr10	142329355	1.653077227	77.53953971
chr10	142329357	1.556186562	77.53954302
chr10	142329404	1.231389405	77.53961616
chr10	142329413	1.166764925	77.53962724
chr10	142342188	1.137870228	77.55453267
chr10	142342333	1.157808029	77.55469766
chr10	142342334	1.024094134	77.55469881
chr10	142342354	1.036382801	77.5547193
chr10	142346515	1.044101195	77.55903169
chr10	142346543	1.016109382	77.55906092
chr10	142346755	0.9878344643	77.55927634
chr10	142346779	0.9595790904	77.55930004
chr10	142346867	0.9316561105	77.55938449
chr10	142346873	0.9037344005	77.55939008
chr10	142346885	0.8757208476	77.55940092
chr10	142346969	1.148917846	77.55947448
chr10	142346970	0.7998577028	77.55947563
chr10	142346985	0.8654997234	77.55948763
chr10	142402777	0.8881151672	77.60777559
chr10	142402778	0.6314432416	77.60777648
chr10	142403033	0.5001779331	77.6079375
chr10	142403195	0.4959714143	77.60801852
chr10	142404072	0.5034721937	77.60845349
chr10	142404073	0.4556413102	77.60845399
chr10	142404373	0.4629258825	77.60859069
chr10	142404374	0.3798191746	77.60859115
chr10	142404544	0.3846806598	77.60865572
chr10	142405154	0.4812074366	77.60889037
chr10	142405155	0.4424896089	77.60889086
chr10	142405166	0.535967583	77.60889572
chr10	142405332	0.4729292883	77.60898469
chr10	142406293	0.4777300973	77.60943918
chr10	142406294	0.4464449324	77.60943966
chr10	142436214	0.4559511452	77.62279729
chr10	142451413	0.4248853719	77.62972729
chr10	142454538	0.4618194396	77.63105506
chr10	142454539	0.4156299571	77.63105552
chr10	142492358	0.4267486354	77.64677423
chr10	142492385	0.4360715321	77.64678575
chr10	142499929	0.4525870865	77.65007547
chr10	142502821	0.4640713308	77.65138436
chr10	142504217	0.5016901525	77.6520322
chr10	142504218	0.4645469958	77.6520327
chr10	142504340	0.4989822848	77.65208938
chr10	142504344	0.5621676533	77.65209137
chr10	142641631	0.5821673454	77.72926968
chr10	142641632	0.4765428015	77.72927026
chr10	142641744	0.4642541346	77.72932364
chr10	142644797	0.514132438	77.73074101
chr10	142644798	0.4487016841	77.73074152
chr10	142645003	0.8719190703	77.7308335
chr10	142645004	0.8326918399	77.73083438
chr10	142738988	0.8762800208	77.80909409
chr10	142823182	0.8076674755	77.88287161
chr10	142823235	0.7687190642	77.88291441
chr10	142823252	0.7369601357	77.88292748
chr10	142823291	0.7163243999	77.88295622
chr10	142823309	0.6337897915	77.88296911
chr10	142823392	0.6907198298	77.88302172
chr10	142823393	0.8974734129	77.88302241
chr10	142823394	0.6638747357	77.88302331
chr10	142823551	0.656229336	77.88312754
chr10	142825530	0.7095203351	77.88442621
chr10	142825589	0.6576993822	77.88446808
chr10	142825603	0.6260449652	77.88447728
chr10	142825618	0.6242710823	77.88448667
chr10	142825663	0.7421249781	77.88451477
chr10	142825693	0.8572825578	77.88453703
chr10	142825694	0.8308986987	77.88453789
chr10	142886867	1.050258584	77.93536645
chr10	142887001	0.9902484054	77.93550719
chr10	142887015	5.128723089	77.93552105
chr10	142887016	5.11940019	77.93552618
chr10	142887115	5.061663396	77.936033
chr10	142887904	0.9231887152	77.94002665
chr10	142888016	1.437396108	77.94013005
chr10	142888017	1.38046606	77.94013149
chr10	142888040	1.349073337	77.94016324
chr10	142888044	1.339484846	77.94016863
chr10	142888098	1.22163095	77.94024097
chr10	142892354	1.206756929	77.94544023
chr10	142892407	1.098299993	77.94550419
chr10	142893183	1.473795393	77.94635647
chr10	142893184	1.421079376	77.94635794
chr10	142893330	5.895445515	77.94656542
chr10	142893351	6.265912134	77.94668922
chr10	142893352	6.221481663	77.94669549
chr10	142894567	6.651233321	77.95425459
chr10	142894568	6.590441545	77.95426124
chr10	142895128	6.610009692	77.95795189
chr10	142895129	2.519844055	77.9579585
chr10	142902906	2.135643555	77.97755532
chr10	142902981	1.74588684	77.9777155
chr10	142903127	1.762498812	77.9779704
chr10	142903128	1.089291355	77.97797216
chr10	142903151	0.8462055278	77.97799721
chr10	142903164	0.8319543283	77.97800821
chr10	142903282	0.4591449385	77.97810639
chr10	142903458	0.4904628586	77.97818719
chr10	142903549	0.4762442089	77.97823183
chr10	142903570	0.4899712872	77.97824183
chr10	142903638	1.494008558	77.97827515
chr10	142903639	1.274648668	77.97827664
chr10	142904464	2.015955134	77.97932823
chr10	142907548	1.075007821	77.98554543
chr10	142907554	1.121264025	77.98555188
chr10	142907964	1.153812098	77.9860116
chr10	142907979	1.148490252	77.98602891
chr10	142908971	1.105499016	77.98716821
chr10	142909421	1.13744822	77.98766568
chr10	142909426	2.799829304	77.98767137
chr10	142909427	2.051238265	77.98767417
chr10	142909442	2.087612817	77.98770494
chr10	142909460	2.16634065	77.98774252
chr10	142909461	2.15243961	77.98774468
chr10	142911965	2.169101163	77.99313439
chr10	142911971	2.206575738	77.99314741
chr10	142911999	2.790000551	77.99320919
chr10	142912000	1.360667222	77.99321198
chr10	142912038	1.37766682	77.99326368
chr10	142912050	1.448951785	77.99328022
chr10	142912054	1.500521655	77.99328601
chr10	143010116	1.65824521	78.14043017
chr10	143010117	1.397664948	78.14043183
chr10	143010146	2.236685717	78.14047236
chr10	143010147	1.865722925	78.14047459
chr10	143010576	1.890229537	78.14127499
chr10	143010586	1.946044208	78.14129389
chr10	143010587	1.909669651	78.14129584
chr10	143010605	1.941943907	78.14133021
chr10	143010606	2.420329432	78.14133215
chr10	143017701	2.459036068	78.15850439
chr10	143017702	2.437745593	78.15850685
chr10	143018070	4.121895529	78.15940394
chr10	143018071	4.087210554	78.15940806
chr10	143018082	4.394570955	78.15945302
chr10	143018709	4.830503741	78.16220842
chr10	143018710	4.37651756	78.16221325
chr10	143018729	6.249398965	78.1622964
chr10	143018730	5.820798777	78.16230265
chr10	143020667	5.850702655	78.17357754
chr10	143020933	6.188174353	78.17513383
chr10	143020934	3.170721048	78.17514001
chr10	143020975	3.236759349	78.17527001
chr10	143020999	3.645985458	78.1753477
chr10	143021000	3.452066568	78.17535134
chr10	143028285	3.491536428	78.20049965
chr10	143028375	3.570206212	78.20081388
chr10	143028387	3.635155068	78.20085673
chr10	143028388	3.603544655	78.20086036
chr10	143030022	3.629267618	78.20674855
chr10	143030036	3.682573859	78.20679936
chr10	143030051	3.904442295	78.2068546
chr10	143030052	3.59708189	78.20685851
chr10	143030186	3.973418965	78.20734052
chr10	143108313	4.031563634	78.51777182
chr10	143108314	3.831291119	78.51777585
chr10	143112751	3.9190016	78.53477529
chr10	143112752	3.880294972	78.53477921
chr10	143119268	4.086689188	78.56006321
chr10	143119269	3.897452427	78.5600673
chr10	143121497	5.590452446	78.56875082
chr10	143121498	5.263294463	78.56875641
chr10	143124541	6.664467861	78.58477262
chr10	143124542	5.353766977	78.58477928
chr10	143124599	5.424896514	78.58508445
chr10	143124600	5.311720624	78.58508987
chr10	143126800	5.393865479	78.59677566
chr10	143126801	5.327553671	78.59678105
chr10	143128460	5.441659184	78.60561946
chr10	143128461	5.373626381	78.6056249
chr10	143128881	5.342640539	78.60788183
chr10	143129002	5.22056861	78.60852829
chr10	143129029	5.203616558	78.60866924
chr10	143129128	5.172702835	78.6091844
chr10	143132778	5.664209141	78.62806477
chr10	143132779	5.086376473	78.62807043
chr10	143143680	5.053959746	78.68351702
chr10	143143689	5.023972754	78.6835625
chr10	143143691	4.994530972	78.68357255
chr10	143143698	4.906055694	78.68360751
chr10	143160702	5.388750324	78.76703009
chr10	143160703	4.80259289	78.76703547
chr10	143160705	4.668945879	78.76704508
chr10	143160714	5.005398009	78.7670871
chr10	143160715	4.846666945	78.76709211
chr10	143161205	5.469849172	78.76946697
chr10	143161238	5.971750397	78.76964748
chr10	143161290	5.947408683	78.76995801
chr10	143161329	6.484498101	78.77018996
chr10	143161330	6.285443888	78.77019644
chr10	143161345	6.32906411	78.77029072
chr10	143161392	7.651073815	78.77058819
chr10	143161393	7.186466673	78.77059584
chr10	143161407	7.330637839	78.77069645
chr10	143171573	11.34149134	78.84521972
chr10	143171574	10.73549737	78.84523106
chr10	143171587	14.42558721	78.84537062
chr10	143171588	13.38413136	78.84538504
chr10	143171649	13.04383341	78.84620148
chr10	143171722	15.85660405	78.84715368
chr10	143172411	16.20137998	78.85807888
chr10	143172412	16.17551197	78.85809508
chr10	143172624	17.53304481	78.86152429
chr10	143172625	17.50723993	78.86154182
chr10	143172644	17.50243913	78.86187446
chr10	143172646	17.47979849	78.86190946
chr10	143172925	17.4037588	78.86678633
chr10	143172994	17.67269916	78.86798718
chr10	143172995	16.76621059	78.86800486
chr10	143173007	16.44145774	78.86820605
chr10	143173027	22.31345793	78.86853488
chr10	143173028	19.71034116	78.86855719
chr10	143173029	27.07950495	78.8685769
chr10	143173030	23.53534274	78.86860398
chr10	143173049	26.65148487	78.86905116
chr10	143173050	26.62576191	78.86907781
chr10	143173066	27.84562398	78.86950382
chr10	143173067	27.66048958	78.86953166
chr10	143173658	30.84372148	78.88587901
chr10	143173659	16.26902176	78.88590986
chr10	143173674	17.65474831	78.88615389
chr10	143174822	23.4014731	78.90642154
chr10	143174823	19.92487708	78.90644495
chr10	143174835	20.74707611	78.90668404
chr10	143176323	20.39313805	78.93755569
chr10	143176329	18.96048847	78.93767805
chr10	143176376	22.35772263	78.9385692
chr10	143176377	19.92470029	78.93859155
chr10	143176390	20.27469116	78.93885057
chr10	143176579	19.23245207	78.94268249
chr10	143176670	19.16187515	78.94443264
chr10	143176695	18.44358074	78.94491169
chr10	143177664	18.84183837	78.96278352
chr10	143177665	17.54774621	78.96280236
chr10	143179098	16.32788415	78.98794828
chr10	143179239	15.73543584	78.99025051
chr10	143180634	18.54391216	79.01220145
chr10	143180635	16.74675856	79.01221999
chr10	143180706	16.75795285	79.01340901
chr10	143180707	15.71949902	79.01342577
chr10	143181027	15.22023127	79.01845601
chr10	143181909	15.95180892	79.03188025
chr10	143181910	14.76792976	79.0318962
chr10	143181935	14.10610138	79.0322654
chr10	143181944	9.836375106	79.03239236
chr10	143181946	10.45440031	79.03241203
chr10	143181947	9.93709097	79.03242248
chr10	143181992	10.17526692	79.03286965
chr10	143181993	9.309132799	79.03287983
chr10	143182060	9.140975763	79.03350354
chr10	143182131	9.865478462	79.03415255
chr10	143183081	10.83961429	79.04352476
chr10	143183082	9.004883881	79.04353559
chr10	143184737	8.995473926	79.05843868
chr10	143186673	23.42333272	79.07585392
chr10	143186674	22.60138902	79.07587734
chr10	143186752	22.32041269	79.07764025
chr10	143186819	22.0612296	79.07913571
chr10	143186902	19.42284488	79.0809668
chr10	143186926	17.96865467	79.08143294
chr10	143186928	2.986296414	79.08146888
chr10	143186938	2.254718766	79.08149874
chr10	143187878	2.318356778	79.08361818
chr10	143187879	1.834018691	79.0836205
chr10	143187899	1.215993495	79.08365718
chr10	143187962	1.279745078	79.08373379
chr10	143187963	1.055272598	79.08373507
chr10	143187996	1.444884374	79.08376989
chr10	143188016	1.423235708	79.08379879
chr10	143194750	1.248804455	79.09338286
chr10	143197438	1.325050576	79.09673964
chr10	143197439	0.4580337638	79.09674097
chr10	143197443	0.5342877862	79.0967428
chr10	143199590	0.5463607536	79.09788992
chr10	143199620	0.6262561669	79.09790631
chr10	143199621	0.6379466641	79.09790693
chr10	143199835	0.7984135285	79.09804345
chr10	143199838	0.9008612877	79.09804585
chr10	143235750	0.7984135267	79.13039758
chr10	143238588	0.845945749	79.13266348
chr10	143238589	0.7450297629	79.13266432
chr10	143245669	0.6651343464	79.13793913
chr10	143245672	0.6013827616	79.13794113
chr10	143245689	0.426894232	79.13795135
chr10	143245690	0.6701369841	79.13795178
chr10	143245691	0.3737671563	79.13795245
chr10	143245733	0.3899075409	79.13796815
chr10	143245735	0.4060480685	79.13796893
chr10	143257188	1.083728494	79.1426194
chr10	143262701	9.76991241	79.14859399
chr10	143262702	9.854322039	79.14860376
chr10	143262830	9.871794987	79.14986512
chr10	143263044	9.889270177	79.15197768
chr10	143263049	9.906737489	79.15202713
chr10	143263050	9.279118241	79.15203703
chr10	143263057	9.519710472	79.15210199
chr10	143263117	9.695606901	79.15267317
chr10	143263120	9.837570595	79.15270226
chr10	143263129	10.42574029	79.15279079
chr10	143263130	1.638782505	79.15280122
chr10	143263167	1.675597758	79.15286185
chr10	143263168	1.690534282	79.15286353
chr10	143309237	20.06172119	79.23074475
chr10	143309331	21.76499836	79.23263056
chr10	143309438	3.460998399	79.23495941
chr10	143311057	3.479106543	79.24056277
chr10	143311544	1.816610388	79.24225709
chr10	143311771	1.853384309	79.24266946
chr10	143450477	2.012652885	79.49974499
chr10	143450478	1.914471909	79.499747
chr10	143450489	1.875200067	79.49976806
chr10	143450530	1.796671053	79.49984494
chr10	143450537	1.955974099	79.49985752
chr10	143450538	1.897079857	79.49985947
chr10	143450553	1.857821111	79.49988793
chr10	143451883	1.799355196	79.50235883
chr10	143453417	2.543342958	79.50511904
chr10	143453418	2.408650924	79.50512159
chr10	143453461	2.591545339	79.50522516
chr10	143453462	2.514240646	79.50522775
chr10	143453480	2.47567137	79.50527301
chr10	143454854	2.489806059	79.50867458
chr10	143473390	2.432428653	79.55482562
chr10	143473576	3.286414199	79.55527806
chr10	143473577	2.65622498	79.55528134
chr10	143473631	3.732024581	79.55542478
chr10	143473632	2.766424918	79.55542851
chr10	143473670	3.54748326	79.55553363
chr10	143473671	3.525096108	79.55553718
chr10	143473675	3.714226082	79.55555128
chr10	143473676	6.581615125	79.555555
chr10	143473677	6.333376759	79.55556158
chr10	143473695	7.465199943	79.55567558
chr10	143473696	7.430255215	79.55568304
chr10	143474693	7.640784663	79.56309101
chr10	143474752	7.852376712	79.56354182
chr10	143474753	7.834991619	79.56354967
chr10	143502140	8.991506135	79.77812658
chr10	143502141	8.963586867	79.77813557
chr10	143504236	10.11700277	79.79691429
chr10	143504237	9.635310639	79.79692441
chr10	143504326	9.275592944	79.79778195
chr10	143504328	12.14900961	79.7978005
chr10	143504329	11.52195223	79.79781265
chr10	143504342	12.17870053	79.79796243
chr10	143509071	11.1114058	79.85555551
chr10	143509348	12.75574525	79.85863337
chr10	143509349	11.62668931	79.85864612
chr10	143509365	11.61549502	79.85883215
chr10	143509371	11.95271812	79.85890184
chr10	143509483	28.4068981	79.86024055
chr10	143509484	25.41538873	79.86026896
chr10	143509510	35.69355878	79.86092976
chr10	143509516	36.4771805	79.86114392
chr10	143509517	34.95976912	79.86118039
chr10	143509570	44.0072471	79.86303326
chr10	143509571	43.37074948	79.86307727
chr10	143509573	43.25345847	79.86316401
chr10	143509579	43.27190111	79.86342353
chr10	143509629	47.83783571	79.86558713
chr10	143509920	57.71831664	79.87950794
chr10	143509921	49.11577452	79.87956566
chr10	143509943	49.98951636	79.8806462
chr10	143509944	40.75120114	79.88069619
chr10	143509948	42.47323443	79.8808592
chr10	143510868	45.75521837	79.91993457
chr10	143510869	42.78819902	79.91998033
chr10	143512290	46.59687794	79.98078236
chr10	143512291	41.87271407	79.98082896
chr10	143512386	40.3807822	79.98480686
chr10	143514210	40.82587427	80.05846141
chr10	143514211	29.10452692	80.05850224
chr10	143514212	29.12342367	80.05853134
chr10	143514213	27.11941135	80.05856046
chr10	143514230	27.89626245	80.05902149
chr10	143514231	6.629304686	80.05904939
chr10	143514233	6.647616885	80.05906265
chr10	143514234	6.632990103	80.0590693
chr10	143514281	6.667597191	80.05938105
chr10	143514282	9.033742114	80.05938771
chr10	143514287	9.052650136	80.05943288
chr10	143514302	9.068763164	80.05956867
chr10	143514329	9.442011006	80.05981353
chr10	143514330	9.43032051	80.05982297
chr10	143514332	9.831504357	80.05984183
chr10	143514333	9.650492836	80.05985166
chr10	143517654	9.111811171	80.09190095
chr10	143518046	7.955296651	80.09547278
chr10	143519385	7.966256319	80.10612492
chr10	143519386	6.524601144	80.10613289
chr10	143520281	6.187378047	80.11197241
chr10	143520301	7.134380368	80.11209615
chr10	143520302	5.300939833	80.11210329
chr10	143520303	5.314816333	80.11210859
chr10	143520348	5.321460094	80.11234776
chr10	143520349	4.98013864	80.11235308
chr10	143520388	4.996366158	80.1125473
chr10	143520389	4.393925686	80.1125523
chr10	143520590	3.981648066	80.11343548
chr10	143520616	4.143546473	80.113539
chr10	143520627	4.227441091	80.11358458
chr10	143520658	6.428915534	80.11371563
chr10	143521316	6.47781183	80.11794586
chr10	143521492	6.463572434	80.11908595
chr10	143524185	6.593150374	80.13649235
chr10	143524186	1.309652588	80.13649895
chr10	143524312	1.401042368	80.13666396
chr10	143524323	1.502905815	80.13667937
chr10	143528798	2.025717522	80.14340488
chr10	143528831	2.042492113	80.14347173
chr10	143529054	2.059766119	80.1439272
chr10	143531360	2.074246903	80.14867702
chr10	143535697	2.263582006	80.15767303
chr10	143536295	2.442184122	80.15902665
chr10	143536522	2.574830589	80.15958103
chr10	143536523	2.098571169	80.1595836
chr10	143536527	2.141217312	80.159592
chr10	143536535	2.205209409	80.15960913
chr10	143536734	2.555862949	80.16004796
chr10	143536735	2.421525338	80.16005052
chr10	143588164	2.450498996	80.28458715
chr10	143588434	2.482025577	80.28524878
chr10	143595947	2.549363315	80.30389624
chr10	143595995	2.487280259	80.30401861
chr10	143596508	3.269854943	80.30529458
chr10	143596509	3.02880236	80.30529785
chr10	143596531	3.150070976	80.30536449
chr10	143596534	4.11742937	80.30537394
chr10	143596535	3.933976049	80.30537806
chr10	143596558	5.179626143	80.30546854
chr10	143596559	4.74875695	80.30547372
chr10	143596682	5.245582685	80.30605781
chr10	143606580	5.29972812	80.35797859
chr10	143608689	4.966066074	80.36915572
chr10	143613759	4.882807038	80.39433367
chr10	143614531	4.919374286	80.3981032
chr10	143615771	5.095350375	80.40420322
chr10	143615772	5.049404653	80.40420832
chr10	143616067	4.861051405	80.40569789
chr10	143616086	5.102756276	80.40579025
chr10	143616087	4.914595688	80.40579536
chr10	143708865	5.118474192	80.86176171
chr10	143708866	4.823954454	80.86176683
chr10	143708906	4.882749565	80.86195979
chr10	143708907	4.84250883	80.86196467
chr10	143708938	4.726787859	80.86211479
chr10	143708957	4.628590261	80.8622046
chr10	143708960	4.662449122	80.86221849
chr10	143709067	6.660598288	80.86271737
chr10	143709068	5.934015748	80.86272403
chr10	143712387	7.371038564	80.88241903
chr10	143712388	6.894670821	80.8824264
chr10	143715142	7.283256039	80.90141432
chr10	143715143	6.717556104	80.90142161
chr10	143715144	6.852684152	80.90142832
chr10	143715145	4.853402015	80.90143518
chr10	143720110	4.978000192	80.92553232
chr10	143720552	4.853707705	80.92773259
chr10	143720557	4.533507182	80.92775686
chr10	143720565	4.503838664	80.92779313
chr10	143741890	4.42789316	81.02383749
chr10	143741963	4.411268574	81.02416072
chr10	143741973	4.385967855	81.02420484
chr10	143742039	4.343383036	81.02449431
chr10	143742247	4.258083572	81.02539774
chr10	143742374	4.129770307	81.02593851
chr10	143742420	3.823066182	81.02612848
chr10	143742633	3.340197281	81.02694279
chr10	143742637	3.172458077	81.02695616
chr10	143742708	3.145431279	81.0271814
chr10	143743497	3.120392971	81.02966314
chr10	143743516	3.095357899	81.02972243
chr10	143743621	3.148577207	81.03004744
chr10	143743622	2.758995672	81.03005059
chr10	143743657	2.767172433	81.03014716
chr10	143743658	2.421444597	81.03014993
chr10	143747107	2.613667803	81.03850149
chr10	143747108	2.434478579	81.0385041
chr10	143747889	2.799384518	81.04040543
chr10	143747890	2.640543133	81.04040823
chr10	143747895	6.504404666	81.04042143
chr10	143747896	6.367772671	81.04042794
chr10	143747906	6.564017767	81.04049161
chr10	143747907	6.326401291	81.04049818
chr10	143748089	6.42504736	81.04164958
chr10	143748090	6.321999891	81.04165601
chr10	143748156	6.392063383	81.04207326
chr10	143748157	6.375288791	81.04207965
chr10	143748185	6.741589772	81.04225816
chr10	143748186	6.605994204	81.0422649
chr10	143748192	6.662696996	81.04230454
chr10	143748623	6.733389185	81.04517616
chr10	143748624	6.717689526	81.04518289
chr10	143748647	6.817833906	81.0453374
chr10	143748648	6.724882635	81.04534422
chr10	143748871	6.926422159	81.04684387
chr10	143748872	3.136555783	81.04685079
chr10	143748878	3.636856704	81.04686961
chr10	143748879	3.456259718	81.04687325
chr10	143748895	3.453861321	81.04692855
chr10	143748925	3.813970117	81.04703217
chr10	143748934	3.920220578	81.04706649
chr10	143748935	3.896079629	81.04707041
chr10	143748949	4.60264839	81.04712496
chr10	143751371	4.710825507	81.05827257
chr10	143751372	4.663419271	81.05827728
chr10	143751413	4.738115824	81.05846848
chr10	143751445	4.8819943	81.0586201
chr10	143751452	4.990266931	81.05865428
chr10	143752125	5.17678113	81.06201273
chr10	143752126	5.144991815	81.0620179
chr10	143771341	5.406032257	81.16087892
chr10	143771481	5.347237147	81.16163576
chr10	143773740	5.377919871	81.17371517
chr10	143773770	5.229694417	81.17387651
chr10	143785104	5.488308148	81.23314987
chr10	143785105	5.285549456	81.23315536
chr10	143785124	5.183846512	81.23325578
chr10	143785380	6.539617573	81.23458285
chr10	143785381	4.594620652	81.23458939
chr10	143785385	4.395830205	81.23460776
chr10	143785391	4.861225122	81.23463414
chr10	143785392	4.64196621	81.234639
chr10	143785420	4.715307725	81.23476897
chr10	143785421	4.773369923	81.23477369
chr10	143785422	4.655092528	81.23477846
chr10	143785427	4.939208807	81.23480174
chr10	143785428	4.924728022	81.23480668
chr10	143785431	4.998085629	81.23482145
chr10	143785432	4.640079032	81.23482645
chr10	143785435	4.365162089	81.23484037
chr10	143785454	4.498356788	81.23492331
chr10	143795710	4.142199577	81.28105846
chr10	143795849	4.573993158	81.28163422
chr10	143799310	4.218836357	81.29746481
chr10	143800607	5.14930727	81.30293664
chr10	143800608	5.003635792	81.30294179
chr10	143800666	6.624162992	81.303232
chr10	143800667	6.408710759	81.30323863
chr10	143800904	6.17171617	81.30475749
chr10	143800913	6.297794919	81.30481304
chr10	143800920	6.624206108	81.30485712
chr10	143800921	6.553512561	81.30486375
chr10	143800945	7.017852204	81.30502103
chr10	143800987	7.306098979	81.30531578
chr10	143800988	6.999991864	81.30532309
chr10	143801010	8.2018976	81.30547709
chr10	143801045	8.30838705	81.30576415
chr10	143802691	8.444057232	81.31943976
chr10	143808985	6.65153972	81.37258665
chr10	143809074	7.082045684	81.37317864
chr10	143809075	4.985820257	81.37318572
chr10	143810265	4.837976013	81.37911885
chr10	143810284	5.339489644	81.37921077
chr10	143812752	5.286270335	81.39238863
chr10	143812761	5.170981288	81.39243621
chr10	143812766	4.868398509	81.39246206
chr10	143813076	4.678501017	81.39397127
chr10	143815159	4.692641411	81.40371658
chr10	143815160	4.561674919	81.40372128
chr10	143817289	4.616888906	81.41343308
chr10	143817619	5.026360725	81.41495666
chr10	143817620	2.960298317	81.41496168
chr10	143817638	2.906736553	81.41501497
chr10	143820098	3.584588796	81.42216554
chr10	143820099	3.004478797	81.42216912
chr10	143823588	3.617867264	81.43265175
chr10	143823589	3.602221816	81.43265537
chr10	143829809	3.466551634	81.45506119
chr10	143830094	3.340472885	81.45604915
chr10	143830104	5.968404307	81.45608256
chr10	143831504	3.340472885	81.46443833
chr10	143832433	3.262282249	81.46754162
chr10	143832469	3.184133135	81.46765907
chr10	143835584	1.865910679	81.47757764
chr10	143835593	2.054708546	81.47759443
chr10	143835594	1.62204472	81.47759649
chr10	143835648	1.811376956	81.47768408
chr10	143835661	2.190294921	81.47770763
chr10	143835662	1.953909417	81.47770982
chr10	143835743	4.102636721	81.47786808
chr10	143835753	4.483358406	81.47790911
chr10	143845964	4.402138396	81.52368868
chr10	143855079	4.524444961	81.56381418
chr10	143855080	2.719062289	81.5638187
chr10	143855330	12.49450199	81.56449847
chr10	143855331	11.30384177	81.56451096
chr10	143855338	11.31443348	81.56459009
chr10	143855339	11.12668577	81.5646014
chr10	143855848	11.13726369	81.57026488
chr10	143855855	11.07020996	81.57034285
chr10	143856073	11.19669615	81.57275615
chr10	143856186	12.39573454	81.57402138
chr10	143856187	3.605836961	81.57403377
chr10	143856212	4.074035484	81.57412392
chr10	143856257	5.521906417	81.57430725
chr10	143856258	5.342569146	81.57431277
chr10	143856272	5.353469007	81.57438757
chr10	143856273	5.327399914	81.57439292
chr10	143862580	6.779097163	81.60799283
chr10	143862581	4.285377486	81.60799961
chr10	143864069	4.984216503	81.61437625
chr10	143864070	4.516017986	81.61438124
chr10	143864081	4.533437732	81.61443091
chr10	143864082	4.063264704	81.61443545
chr10	143864103	4.139911165	81.61452078
chr10	143864131	4.340322149	81.61463669
chr10	143864184	4.69111391	81.61486673
chr10	143864298	4.727060302	81.61540152
chr10	143882272	4.746121732	81.7003657
chr10	143882273	4.402600607	81.70037045
chr10	143882298	4.261703548	81.70048051
chr10	143885148	4.364554172	81.71262637
chr10	143885149	4.027007803	81.71263073
chr10	143885159	4.241284145	81.712671
chr10	143885160	2.676716889	81.71267524
chr10	143885161	2.513787702	81.71267792
chr10	143885174	3.241303475	81.7127106
chr10	143885175	2.952694089	81.71271384
chr10	143885176	2.825473097	81.71271679
chr10	143885185	2.651240102	81.71274222
chr10	143885187	2.675100333	81.71274752
chr10	143885188	2.548243421	81.7127502
chr10	143892196	2.024303805	81.73060829
chr10	143892201	2.044538786	81.73061841
chr10	143892206	2.064774322	81.73062863
chr10	143892249	4.565463385	81.73071742
chr10	143892250	4.208893957	81.73072198
chr10	143893647	4.229801874	81.73660181
chr10	143893648	4.199119154	81.73660604
chr10	143893705	4.21937586	81.73684539
chr10	143893769	4.422979686	81.73711543
chr10	143893770	1.87997739	81.73711985
chr10	143905051	1.901751233	81.75832788
chr10	143905052	1.815127007	81.75832978
chr10	143915841	1.897774599	81.77791318
chr10	143915887	2.000379176	81.77800048
chr10	143925815	2.340371296	81.79786025
chr10	143925816	2.159321943	81.79786259
chr10	143927030	2.351465923	81.800484
chr10	143927031	2.243070435	81.80048635
chr10	143927142	2.320566607	81.80073533
chr10	143927251	2.510815875	81.80098828
chr10	143927252	2.44364522	81.80099079
chr10	143927362	2.526373234	81.80125959
chr10	144062785	2.610164003	82.14338863
chr10	144062786	2.442939181	82.14339124
chr10	144064208	3.659736393	82.1468651
chr10	144064209	3.464306445	82.14686876
chr10	144068032	3.44418809	82.1601128
chr10	144068069	5.825485175	82.16024024
chr10	144068070	5.799358697	82.16024606
chr10	144069614	3.27621474	82.16920027
chr10	144069635	3.142251135	82.16926907
chr10	144069827	3.122328333	82.16987239
chr10	144073964	5.90741841	82.18278946
chr10	144074019	5.93584889	82.18311437
chr10	144074020	5.655656764	82.1831203
chr10	144074021	5.638114084	82.18312596
chr10	144074052	5.695610406	82.18330074
chr10	144074116	5.619617825	82.18366526
chr10	144075283	5.746451421	82.19022335
chr10	144075284	4.482218586	82.1902291
chr10	144075285	1.541922309	82.19023358
chr10	144075328	1.620409563	82.19029988
chr10	144075329	1.332872953	82.1903015
chr10	144075342	1.35024483	82.19031883
chr10	144075343	1.242723815	82.19032018
chr10	144077977	1.218350333	82.19359352
chr10	144193574	2.323084956	82.33443116
chr10	144193575	1.929241941	82.33443348
chr10	144193583	2.334249901	82.33444892
chr10	144193602	2.708751524	82.33449327
chr10	144193603	2.660342646	82.33449598
chr10	144193640	2.864885037	82.33459441
chr10	144193808	3.250050867	82.33507571
chr10	144193809	3.239151011	82.33507896
chr10	144193845	3.616766119	82.33519557
chr10	144197506	4.083353027	82.34843655
chr10	144197532	4.028162604	82.34854272
chr10	144197843	3.99813278	82.34979548
chr10	144197920	4.204800794	82.35010333
chr10	144199706	4.434515077	82.35761311
chr10	144199707	4.421082398	82.35761754
chr10	144201324	4.386369762	82.36476643
chr10	144202695	4.375778054	82.37078014
chr10	144203360	3.990612225	82.37369004
chr10	144203425	4.333660854	82.37394943
chr10	144203426	3.850699824	82.37395376
chr10	144203515	3.443355292	82.37429647
chr10	144203576	3.501385336	82.37450652
chr10	144203588	3.123770229	82.37454853
chr10	144203611	3.574696076	82.37462038
chr10	144203614	4.78875296	82.3746311
chr10	144203615	4.36500755	82.37463589
chr10	144203642	3.99925509	82.37475375
chr10	144203657	4.452737642	82.37481374
chr10	144203658	4.431373041	82.37481819
chr10	144211402	4.156018779	82.40913474
chr10	144211627	3.951476388	82.41006985
chr10	144211732	4.870563071	82.41048475
chr10	144211769	6.04027305	82.41066496
chr10	144211770	3.944390416	82.410671
chr10	144211862	5.847462646	82.41103389
chr10	144211863	5.836200853	82.41103973
chr10	144211938	6.904465659	82.41147745
chr10	144212085	9.078588172	82.41249241
chr10	144215378	7.961338252	82.4423882
chr10	144215382	6.893073444	82.44242004
chr10	144215492	6.942834105	82.44317828
chr10	144215493	6.932409142	82.44318522
chr10	144215721	7.815951108	82.44476581
chr10	144215722	5.823388654	82.44477363
chr10	144215731	6.164301098	82.44482604
chr10	144215732	5.069898201	82.4448322
chr10	144215734	5.396937439	82.44484234
chr10	144215735	2.280789856	82.44484774
chr10	144215749	2.297230868	82.44487967
chr10	144216146	2.308760857	82.44579167
chr10	144217224	2.342142314	82.44828052
chr10	144217227	2.358491999	82.44828754
chr10	144217328	2.51444369	82.44852575
chr10	144218860	2.550751475	82.45237788
chr10	144218861	2.480033926	82.45238043
chr10	144287126	2.685491438	82.62167994
chr10	144287127	2.652458397	82.62168263
chr10	144287229	2.506191342	82.62195318
chr10	144287304	4.354987311	82.62214115
chr10	144287305	4.220474682	82.6221455
chr10	144287323	4.344027403	82.62222147
chr10	144287324	4.089586226	82.62222581
chr10	144287445	4.274094948	82.62272065
chr10	144287446	4.222793216	82.62272493
chr10	144287456	4.547543696	82.62276715
chr10	144287457	4.220105617	82.6227717
chr10	144287481	7.206405542	82.62287298
chr10	144287482	7.052591839	82.62288019
chr10	144287532	7.511832649	82.62323282
chr10	144287533	7.409367767	82.62324033
chr10	144288804	4.578146507	82.63265764
chr10	144289158	4.754242184	82.6342783
chr10	144289159	4.558948684	82.63428306
chr10	144289162	4.656429051	82.63429673
chr10	144289171	4.867811214	82.63433864
chr10	144289172	4.817713111	82.63434351
chr10	144289277	4.767695383	82.63484937
chr10	144289293	4.86200237	82.63492565
chr10	144289294	3.01320639	82.63493051
chr10	144289418	3.637412846	82.63530415
chr10	144289419	3.487648776	82.63530779
chr10	144289427	4.317485605	82.63533569
chr10	144289428	4.72935829	82.63534001
chr10	144289433	4.743746203	82.63536366
chr10	144289434	4.700895169	82.6353684
chr10	144319763	5.295649103	82.77794185
chr10	144319764	4.849741736	82.77794714
chr10	144319835	5.787175652	82.77829148
chr10	144319836	5.425346113	82.77829726
chr10	144319846	7.466029373	82.77835152
chr10	144319847	7.352357498	82.77835898
chr10	144319862	7.110621298	82.77846927
chr10	144320190	7.266093917	82.78080155
chr10	144320191	7.118517298	82.78080882
chr10	144322074	8.48089658	82.79421299
chr10	144322509	8.653260318	82.79790218
chr10	144323604	8.843775726	82.8073775
chr10	144323703	8.965121638	82.80825303
chr10	144323728	9.018515547	82.80847716
chr10	144325917	11.1993715	82.82821869
chr10	144325943	10.59594293	82.82850987
chr10	144326186	11.42888475	82.83108469
chr10	144326187	11.33469606	82.83109612
chr10	144326282	11.38799483	82.83217291
chr10	144326283	11.28816838	82.8321843
chr10	144326903	11.45535852	82.83918296
chr10	144326904	11.35787815	82.83919442
chr10	144327318	11.26080416	82.84389658
chr10	144327324	11.70301813	82.84396415
chr10	144327325	11.48554075	82.84397585
chr10	144327372	11.63402794	82.84451567
chr10	144327373	10.24786413	82.8445273
chr10	144327438	10.19989203	82.84519341
chr10	144327522	10.24079232	82.8460502
chr10	144327523	10.04764322	82.84606045
chr10	144327547	9.955700101	82.84630159
chr10	144327549	9.863935855	82.8463215
chr10	144327580	12.54779414	82.84662728
chr10	144327581	10.84229861	82.84663983
chr10	144327602	10.96132303	82.84686752
chr10	144327603	11.57973078	82.84687848
chr10	144327604	7.884824435	82.84689006
chr10	144327634	8.155724893	82.8471266
chr10	144327652	8.064022401	82.84727341
chr10	144327671	8.179363354	82.84742662
chr10	144328305	7.987064289	82.85261234
chr10	144328308	7.950077747	82.8526363
chr10	144328313	7.855465188	82.85267605
chr10	144329532	7.898955471	82.86225186
chr10	144329542	8.373174678	82.86233085
chr10	144329557	6.512221723	82.86245645
chr10	144329591	6.420619692	82.86267787
chr10	144329758	6.46751856	82.86375011
chr10	144329759	6.096790633	82.86375658
chr10	144343853	6.172985437	82.94968474
chr10	144343854	5.012207264	82.94969092
chr10	144344207	5.527215933	82.95146023
chr10	144344208	5.504041358	82.95146575
chr10	144346711	5.694380011	82.96524237
chr10	144346737	4.744763005	82.96539042
chr10	144346747	4.682850243	82.96543787
chr10	144346796	4.722557375	82.96566733
chr10	144346834	6.24253822	82.96584679
chr10	144346835	5.85342476	82.96585303
chr10	144347009	7.000904318	82.96687153
chr10	144347010	6.749912643	82.96687853
chr10	144349574	6.829317056	82.9841853
chr10	144350685	7.060493758	82.99177267
chr10	144350686	4.945206091	82.99177974
chr10	144350738	5.050890209	82.99203689
chr10	144350739	4.893764264	82.99204194
chr10	144350775	5.430607416	82.99221811
chr10	144350776	5.050447929	82.99222354
chr10	144350837	5.107851411	82.99253162
chr10	144350850	5.224135236	82.99259802
chr10	144350851	5.06775729	82.99260325
chr10	144350866	5.196218922	82.99267926
chr10	144350867	5.132399266	82.99268446
chr10	144414127	8.527184832	83.31736004
chr10	144414128	7.041927308	83.31736856
chr10	144414139	8.587378849	83.31744602
chr10	144414928	13.87920064	83.32422147
chr10	144414929	13.27219416	83.32423535
chr10	144417405	14.25829191	83.3570973
chr10	144417406	13.78720294	83.35711156
chr10	144417474	16.5936694	83.35804909
chr10	144417475	16.55276911	83.35806568
chr10	144417483	16.94676182	83.3581981
chr10	144417484	16.89161028	83.35821505
chr10	144417627	18.13349658	83.36063055
chr10	144419191	18.29326312	83.38899134
chr10	144419238	19.11632889	83.38985112
chr10	144419281	17.08030012	83.39067312
chr10	144423393	16.64567472	83.46090732
chr10	144423707	16.66100847	83.46613406
chr10	144423708	14.59839692	83.46615072
chr10	144423764	15.31709999	83.46696823
chr10	144423765	12.97037408	83.46698355
chr10	144426800	13.68274982	83.50634863
chr10	144426801	8.752020006	83.50636232
chr10	144426812	8.703634299	83.50645859
chr10	144426820	8.805654119	83.50652822
chr10	144426821	7.792960649	83.50653702
chr10	144426908	7.861708383	83.50721501
chr10	144426909	7.769615673	83.50722287
chr10	144426912	7.037014259	83.50724618
chr10	144427061	7.355161883	83.5082947
chr10	144427090	7.826959134	83.508508
chr10	144427091	7.516489606	83.50851582
chr10	144432300	7.349434153	83.54766922
chr10	144436142	7.506793412	83.57590574
chr10	144436319	7.309965678	83.57723445
chr10	144439451	7.334584453	83.60012926
chr10	144439452	6.923045058	83.60013659
chr10	144439524	6.939874595	83.60063505
chr10	144439525	6.633649065	83.60064199
chr10	144439529	6.650893923	83.60066853
chr10	144439530	6.417537077	83.60067518
chr10	144439541	6.241985842	83.60074577
chr10	144439563	6.266117443	83.60088309
chr10	144439566	6.286411806	83.60090189
chr10	144439717	6.247891191	83.60185114
chr10	144440424	6.05698369	83.6062684
chr10	144441046	6.096044142	83.61003584
chr10	144441080	6.055343838	83.61024311
chr10	144441182	5.919297394	83.61086075
chr10	144441759	5.958983538	83.61427619
chr10	144441826	6.012818673	83.61467544
chr10	144442218	6.347592787	83.61703247
chr10	144442219	4.169041708	83.61703881
chr10	144442252	4.692298603	83.61717639
chr10	144442253	4.437162143	83.61718108
chr10	144442263	4.761915463	83.61722546
chr10	144442264	4.190093775	83.61723022
chr10	144445957	3.893551036	83.63270423
chr10	144533939	4.162502762	83.97526664
chr10	144533940	2.78072743	83.9752708
chr10	144533958	2.763551007	83.97532086
chr10	144533968	2.511155394	83.97534849
chr10	144534463	2.578346965	83.97659151
chr10	144534464	2.403297974	83.97659409
chr10	144534662	2.543006019	83.97706995
chr10	144534663	2.503376308	83.97707249
chr10	144535111	2.571730647	83.978194
chr10	144535112	2.358646658	83.97819657
chr10	144535150	2.287791903	83.9782862
chr10	144535235	2.349876013	83.97848066
chr10	144535236	2.105363775	83.97848301
chr10	144535245	2.071431527	83.97850196
chr10	144535266	2.037421174	83.97854546
chr10	144544456	2.003454152	83.99726936
chr10	144545106	2.088551625	83.99857161
chr10	144545107	1.994384708	83.9985737
chr10	144545141	1.935125814	83.99864151
chr10	144545159	2.094546574	83.99867634
chr10	144584726	2.080456977	84.08155126
chr10	144584813	2.057612352	84.08173226
chr10	144588339	2.199574993	84.0889874
chr10	144588340	1.91683923	84.0889896
chr10	144588893	2.250212262	84.09004961
chr10	144588894	2.11085954	84.09005186
chr10	144588895	2.337323721	84.09005398
chr10	144588896	2.126627843	84.09005631
chr10	144588912	2.41722411	84.09009034
chr10	144588913	2.285146648	84.09009276
chr10	144588934	2.386998815	84.09014074
chr10	144588935	2.19424318	84.09014313
chr10	144588942	2.339587624	84.09015849
chr10	144588943	2.316894339	84.09016083
chr10	144588951	2.462290482	84.09017937
chr10	144591916	2.848118058	84.09748006
chr10	144591917	2.719601626	84.0974829
chr10	144591941	2.697323064	84.09754818
chr10	144592003	3.030595465	84.09771541
chr10	144592004	2.981470658	84.09771844
chr10	144592005	3.146823645	84.09772142
chr10	144592023	3.122692043	84.09777806
chr10	144592230	4.876904862	84.09842446
chr10	144594494	5.571655706	84.10946577
chr10	144594495	3.875529936	84.10947135
chr10	144594526	3.851374251	84.10959149
chr10	144612350	3.804453488	84.17823838
chr10	144613911	3.636519218	84.18417713
chr10	144614066	3.731724263	84.18474079
chr10	144614067	3.696336252	84.18474453
chr10	144614194	4.946456535	84.18521396
chr10	144614254	5.337664092	84.18551075
chr10	144614255	3.818987395	84.18551609
chr10	144614256	3.912233139	84.1855199
chr10	144617136	4.496949913	84.19678714
chr10	144617137	3.246829633	84.19679163
chr10	144618328	3.806276524	84.20065861
chr10	144618329	3.543567813	84.20066241
chr10	144618353	3.418674609	84.20074746
chr10	144618377	3.397785445	84.20082951
chr10	144618490	3.958111974	84.20121346
chr10	144620545	4.773696988	84.20934738
chr10	144620555	5.64490324	84.20939511
chr10	144620556	5.51501889	84.20940076
chr10	144620584	5.526190406	84.20955518
chr10	144620852	8.424705541	84.2110362
chr10	144620853	8.34397728	84.21104462
chr10	144620878	8.155943854	84.21125322
chr10	144624777	8.1785698	84.24305325
chr10	144624778	5.87021096	84.24306143
chr10	144624781	6.005509931	84.24307904
chr10	144624966	5.88477273	84.24419006
chr10	144624986	5.782838727	84.24430775
chr10	144624988	5.762705288	84.24431932
chr10	144625055	6.533101839	84.24470542
chr10	144625056	3.280325955	84.24471195
chr10	144625110	2.398944756	84.24488909
chr10	144625117	2.278822146	84.24490588
chr10	144625344	2.708645411	84.24542317
chr10	144625349	2.821273341	84.24543672
chr10	144625350	3.208653766	84.24543954
chr10	144625351	3.162775075	84.24544275
chr10	144625440	3.432138769	84.24572423
chr10	144625443	3.566427339	84.24573453
chr10	144625470	3.695654736	84.24583082
chr10	144625676	4.335987659	84.24659213
chr10	144652709	5.772093516	84.36380688
chr10	144652710	4.733847497	84.36381266
chr10	144652757	3.95972347	84.36403515
chr10	144652839	5.69694862	84.36435984
chr10	144652840	5.554243083	84.36436554
chr10	144652874	5.401727104	84.36455439
chr10	144653605	5.160533052	84.36850305
chr10	144653635	5.098324026	84.36865786
chr10	144653669	5.944873495	84.36883121
chr10	144653711	6.320407223	84.36908089
chr10	144653712	6.227161492	84.36908721
chr10	144653713	6.215013095	84.36909344
chr10	144653731	7.073814217	84.36920531
chr10	144653732	7.058459339	84.36921238
chr10	144653734	7.474647576	84.3692265
chr10	144653752	8.731279686	84.36936104
chr10	144653939	9.616530889	84.37099379
chr10	144653940	9.358645496	84.37100341
chr10	144656413	9.240205423	84.39414734
chr10	144658014	9.555818707	84.40894091
chr10	144658015	6.938002109	84.40895046
chr10	144658043	7.063149826	84.40914473
chr10	144658082	7.74120069	84.40942019
chr10	144658083	7.007036814	84.40942793
chr10	144658094	7.753154506	84.40950501
chr10	144658095	6.769116854	84.40951276
chr10	144658133	7.052718217	84.40976999
chr10	144658134	4.712070327	84.40977704
chr10	144658806	5.082517305	84.41294355
chr10	144658807	4.833014225	84.41294864
chr10	144662573	4.934058524	84.43114977
chr10	144662574	4.092816706	84.4311547
chr10	144663474	4.115301268	84.43483824
chr10	144663507	4.823285764	84.43497404
chr10	144663508	3.090147411	84.43497887
chr10	144663511	3.128206979	84.43498814
chr10	144663595	3.175569645	84.43525091
chr10	144663596	3.078546859	84.43525408
chr10	144663634	2.737731297	84.43537107
chr10	144663641	2.795085663	84.43539023
chr10	144663642	2.779751908	84.43539302
chr10	144663687	2.846694116	84.43551811
chr10	144663688	2.836863779	84.43552096
chr10	144664015	2.895365727	84.43644861
chr10	144666507	3.060669172	84.44366387
chr10	144666508	2.86337703	84.44366693
chr10	144669617	2.889640211	84.45256917
chr10	144669621	2.964204069	84.45258072
chr10	144669641	3.027778519	84.45264001
chr10	144669642	2.428087562	84.45264304
chr10	144669670	2.944201555	84.45271102
chr10	144669671	2.628588278	84.45271397
chr10	144669683	2.706489691	84.45274551
chr10	144669718	2.728723285	84.45284024
chr10	144669723	3.162867941	84.45285388
chr10	144669724	3.291649108	84.45285704
chr10	144669725	2.954703973	84.45286034
chr10	144669726	3.447489312	84.45286329
chr10	144738143	3.764952538	84.68873017
chr10	144738144	3.442406412	84.68873393
chr10	144739304	4.159017138	84.69272712
chr10	144739305	3.839364738	84.69273128
chr10	144739443	3.70362114	84.69326111
chr10	144760168	3.731730378	84.77001866
chr10	144760177	4.820049341	84.77005225
chr10	144760178	4.303231008	84.77005707
chr10	144760255	5.21500948	84.77038842
chr10	144760256	5.178983272	84.77039363
chr10	144760303	5.140974429	84.77063704
chr10	144763872	5.19377064	84.78898518
chr10	144763897	5.21328171	84.78911503
chr10	144763898	5.13519893	84.78912024
chr10	144763904	5.096133501	84.78915105
chr10	144763992	5.149064918	84.78959951
chr10	144764000	5.288039603	84.7896407
chr10	144764001	5.095188366	84.78964599
chr10	144764211	5.466524925	84.79071598
chr10	144764212	4.437937193	84.79072145
chr10	144764214	4.399001171	84.79073032
chr10	144764379	5.205849021	84.79145616
chr10	144764380	4.619358603	84.79146136
chr10	144764539	5.003613566	84.79219584
chr10	144764540	4.145012865	84.79220085
chr10	144771232	4.159304366	84.81993927
chr10	144771513	4.218643796	84.82110804
chr10	144771604	4.104739648	84.82149193
chr10	144802010	4.006971744	84.94630065
chr10	144802085	4.031870258	84.94660117
chr10	144802123	4.044873198	84.94675438
chr10	144819497	3.807997673	85.01703001
chr10	144819529	3.86434921	85.01715186
chr10	144819530	3.818489958	85.01715573
chr10	144819537	3.639687528	85.01718246
chr10	144819552	3.874909311	85.01723705
chr10	144819553	3.826930789	85.01724093
chr10	144819654	4.359513156	85.01762745
chr10	144819655	4.226202348	85.01763181
chr10	144819718	4.939929497	85.01789806
chr10	144819719	4.807368285	85.017903
chr10	144820516	5.089486521	85.02173447
chr10	144820517	5.340174994	85.02173956
chr10	144820518	5.294873645	85.0217449
chr10	144827076	5.248110328	85.05646868
chr10	144827101	5.278049244	85.05659988
chr10	144827102	5.255564685	85.05660516
chr10	144829229	5.286066293	85.06778375
chr10	144829439	5.31658587	85.06889382
chr10	144829440	5.263408096	85.06889914
chr10	144829456	5.183848272	85.06898335
chr10	144829464	5.071083986	85.06902482
chr10	144833498	5.447974246	85.08948158
chr10	144833499	4.806131528	85.08948702
chr10	144833513	5.186618594	85.08955431
chr10	144833514	4.607830746	85.0895595
chr10	144833515	4.586167034	85.0895641
chr10	144833557	4.251252581	85.08975672
chr10	144835176	4.841080923	85.0966395
chr10	144835177	4.348132577	85.09664434
chr10	144835192	9.464701662	85.09670956
chr10	144835193	7.691982874	85.09671903
chr10	144835203	7.902183543	85.09679595
chr10	144835938	7.934498621	85.10260405
chr10	144835941	7.927279867	85.10262786
chr10	144835943	7.962920321	85.10264371
chr10	144835944	3.070494807	85.10265167
chr10	144836094	3.102854222	85.10311225
chr10	144836095	3.080740371	85.10311535
chr10	144945999	3.048033154	85.44170104
chr10	144949753	2.98473538	85.45314336
chr10	144949788	63.3893367	85.45324782
chr10	144949789	62.23535837	85.45331121
chr10	144949845	62.20326934	85.45679639
chr10	144949848	62.4468467	85.456983
chr10	144949849	1.969347508	85.45704545
chr10	144949850	1.926399587	85.45704742
chr10	144949912	2.702561389	85.45716686
chr10	144949913	2.691389874	85.45716956
chr10	144949931	2.736911508	85.457218
chr10	144949987	8.046523419	85.45737127
chr10	144949988	7.925048472	85.45737932
chr10	144950001	8.989669311	85.45748234
chr10	144950002	8.958965586	85.45749133
chr10	144950071	10.65931889	85.4581095
chr10	144950072	10.59908316	85.45812016
chr10	144950076	10.73041805	85.45816256
chr10	144950077	10.69839829	85.45817329
chr10	144950138	10.74674521	85.45882589
chr10	144950169	10.79173138	85.45915904
chr10	144950176	10.82577636	85.45923458
chr10	144950177	10.81265792	85.45924541
chr10	144950223	10.85954401	85.45974279
chr10	144950224	10.83139369	85.45975365
chr10	144950228	12.3687809	85.45979697
chr10	144950229	12.33726311	85.45980934
chr10	144950265	13.43387614	85.46025348
chr10	144950702	13.46057772	85.46612409
chr10	144950703	8.322164324	85.46613755
chr10	144950734	8.44347737	85.46639554
chr10	144950735	8.412986531	85.46640398
chr10	144950747	8.516847226	85.46650494
chr10	144950767	9.376405316	85.46667527
chr10	144950768	9.366237998	85.46668465
chr10	144950775	9.754779981	85.46675021
chr10	144950776	9.723405169	85.46675997
chr10	144951352	10.55091394	85.47236065
chr10	144951353	10.60805708	85.4723712
chr10	144952460	12.41511708	85.48411432
chr10	144952461	12.80344635	85.48412673
chr10	144952462	11.24520505	85.48413954
chr10	144959811	11.35429473	85.56678055
chr10	144959812	11.30245848	85.5667919
chr10	144959876	11.35350327	85.56751526
chr10	144960183	20.45738715	85.57100079
chr10	144960184	17.60411406	85.57102124
chr10	144960235	17.7019142	85.57191905
chr10	144960236	16.83983582	85.57193676
chr10	144960237	17.25864793	85.57195359
chr10	144960238	16.89110508	85.57197085
chr10	144960243	17.80369814	85.57205531
chr10	144960244	15.72639499	85.57207311
chr10	144960491	16.54402949	85.57595753
chr10	144960492	16.91736966	85.57597408
chr10	144960493	15.816304	85.57599099
chr10	144960593	16.15935381	85.57757262
chr10	144960594	16.13001532	85.57758878
chr10	144960620	16.65312939	85.57800816
chr10	144960621	16.64074659	85.57802482
chr10	144960624	16.72442598	85.57807474
chr10	144960634	17.66993643	85.57824198
chr10	144960635	8.82956686	85.57825965
chr10	144960955	8.939176202	85.58108511
chr10	144960962	9.149111528	85.58114769
chr10	144960978	9.205986998	85.58129407
chr10	144960979	10.14988165	85.58130328
chr10	144960980	10.14962621	85.58131343
chr10	145015700	10.91604386	86.13670098
chr10	145015701	10.63474352	86.13671189
chr10	145015736	10.77878895	86.13708411
chr10	145015737	10.5223286	86.13709489
chr10	145025619	11.84295265	86.24107654
chr10	145025651	11.76717375	86.24145551
chr10	145025664	11.8971583	86.24160849
chr10	145025665	11.78383148	86.24162038
chr10	145025693	11.95547485	86.24195033
chr10	145025694	11.78593556	86.24196229
chr10	145025714	11.72974115	86.24219801
chr10	145025774	11.67338405	86.24290179
chr10	145026235	11.90327777	86.24828322
chr10	145026236	11.85493084	86.24829512
chr10	145026777	12.81203386	86.25470864
chr10	145026778	12.80193212	86.25472145
chr10	145026833	13.63778284	86.25542556
chr10	145027261	13.68534828	86.26126253
chr10	145027262	13.45303807	86.26127622
chr10	145028490	15.06577019	86.27779655
chr10	145028491	14.27515223	86.27781161
chr10	145028511	14.45207224	86.27809712
chr10	145028512	13.10294758	86.27811157
chr10	145028609	13.04882321	86.27938255
chr10	145028611	12.67604931	86.27940865
chr10	145028613	12.76353663	86.279434
chr10	145028614	12.6554206	86.27944677
chr10	145028664	14.65136555	86.28007954
chr10	145028665	12.75386854	86.28009419
chr10	145028669	15.05467763	86.2801452
chr10	145028670	14.78505872	86.28016026
chr10	145028691	14.98393006	86.28047075
chr10	145028692	14.82900769	86.28048573
chr10	145028698	14.95214732	86.2805747
chr10	145028699	14.84443005	86.28058966
chr10	145028704	14.88815707	86.28066388
chr10	145028705	14.73311127	86.28067877
chr10	145030620	14.9172111	86.30889267
chr10	145030621	13.96010809	86.30890759
chr10	145030661	14.09350078	86.309466
chr10	145030662	13.84488476	86.30948009
chr10	145030751	13.97871416	86.31071228
chr10	145030752	13.93319253	86.31072626
chr10	145030767	13.88084032	86.31093526
chr10	145030774	13.94463612	86.31103243
chr10	145031206	13.89419584	86.31705651
chr10	145031946	14.72629613	86.32733821
chr10	145031947	14.38330153	86.32735294
chr10	145031948	14.28072666	86.32736732
chr10	145031951	15.05465967	86.32741017
chr10	145031952	10.74387831	86.32742522
chr10	145031954	10.75548128	86.32744671
chr10	145031955	8.206558062	86.32745746
chr10	145032022	8.586765261	86.3280073
chr10	145032023	8.393567877	86.32801589
chr10	145054799	8.385619639	86.51918779
chr10	145054900	8.535842326	86.52003474
chr10	145054901	8.463113714	86.52004327
chr10	145055211	8.615268552	86.52266684
chr10	145055531	8.808837862	86.52542373
chr10	145055532	8.79216309	86.52543253
chr10	145056789	8.626085723	86.53648428
chr10	145056797	8.478039207	86.53655329
chr10	145057356	8.596304146	86.54129252
chr10	145058241	8.887385519	86.54890025
chr10	145058242	6.465537881	86.54890913
chr10	145079194	6.296957617	86.68437508
chr10	145079218	6.616032593	86.68452621
chr10	145079219	6.198780209	86.68453283
chr10	145079390	6.342012711	86.68559282
chr10	145079391	5.885439704	86.68559916
chr10	145079712	5.664480593	86.68748839
chr10	145079731	5.504401586	86.68759601
chr10	145085067	4.911654859	86.7169675
chr10	145088410	5.059934079	86.73338716
chr10	145088414	5.03123077	86.7334074
chr10	145088440	4.844272534	86.73353821
chr10	145088443	4.867071581	86.73355274
chr10	145088444	4.293284539	86.73355761
chr10	145088457	4.172113641	86.73361342
chr10	145088461	4.53137018	86.73363011
chr10	145088462	3.909485159	86.73363464
chr10	145088464	4.225188917	86.73364246
chr10	145088465	3.312193464	86.73364669
chr10	145088483	3.423479711	86.73370631
chr10	145088484	3.36599012	86.73370973
chr10	145088487	3.397442711	86.73371983
chr10	145088488	3.152386012	86.73372323
chr10	145088493	3.101844009	86.73373899
chr10	145098146	3.354408297	86.76368109
chr10	145104448	2.633532788	86.78482057
chr10	145104877	2.608026497	86.78595036
chr10	145109352	2.794922551	86.79762127
chr10	145109353	2.286022621	86.79762407
chr10	145109363	2.398387255	86.79764693
chr10	145111703	2.240071321	86.80325915
chr10	145112703	2.493011365	86.80549923
chr10	145112704	2.37951936	86.80550172
chr10	145112713	1.907384649	86.80552313
chr10	145112725	1.776200373	86.80554602
chr10	145112840	1.928955896	86.80575029
chr10	145112841	2.528900012	86.80575222
chr10	145112842	2.324916885	86.80575474
chr10	145113217	2.498444378	86.80662659
chr10	145113221	4.512304429	86.80663658
chr10	145113222	4.364025206	86.80664109
chr10	145202525	4.391380557	87.19636164
chr10	145202526	4.224106108	87.19636603
chr10	145202696	4.319121842	87.19708413
chr10	145202697	4.25469709	87.19708845
chr10	145205341	4.183280495	87.20833786
chr10	145205344	4.209229886	87.20835041
chr10	145205345	3.727664138	87.20835462
chr10	145205405	3.808447218	87.20857828
chr10	145205406	3.56915102	87.20858209
chr10	145205426	3.489348319	87.20865348
chr10	145205435	3.457895996	87.20868488
chr10	145205452	3.923959341	87.20874366
chr10	145205453	3.844402776	87.20874759
chr10	145205460	3.77322719	87.2087745
chr10	145205493	3.733354813	87.20889902
chr10	145205497	3.829558139	87.20891395
chr10	145205498	3.710111007	87.20891778
chr10	145205725	3.630566255	87.20975997
chr10	145205726	4.196833615	87.2097636
chr10	145205727	3.879488581	87.2097678
chr10	145205733	3.362655073	87.20979108
chr10	145205740	3.243357285	87.20981462
chr10	145205769	3.124262875	87.20990867
chr10	145211379	3.086781427	87.22743579
chr10	145212330	3.049801419	87.23037132
chr10	145212496	3.009768733	87.23087758
chr10	145213329	2.973156361	87.23338472
chr10	145213345	3.438990049	87.23343229
chr10	145213346	1.765321139	87.23343573
chr10	145213765	1.728866936	87.2341754
chr10	145213971	2.331643117	87.23453155
chr10	145213972	2.261303015	87.23453388
chr10	145241383	2.244005214	87.29651846
chr10	145241412	2.215305039	87.29658353
chr10	145241417	2.079180115	87.29659461
chr10	145242972	1.952318835	87.29982773
chr10	145243739	2.497856201	87.30132516
chr10	145243740	2.249987605	87.30132766
chr10	145244591	2.289936177	87.3032424
chr10	145244592	2.110122551	87.30324469
chr10	145244617	2.852476058	87.30329744
chr10	145244618	2.648428564	87.3033003
chr10	145244661	2.530945361	87.30341418
chr10	145244723	2.57093171	87.3035711
chr10	145249573	1.828578201	87.31604011
chr10	145249742	6.955613227	87.31634914
chr10	145249755	6.929407289	87.31643957
chr10	145249771	6.97173671	87.31655044
chr10	145249772	6.6400295	87.31655741
chr10	145249813	6.718091882	87.31682965
chr10	145249814	6.645655105	87.31683637
chr10	145249815	6.726134927	87.31684301
chr10	145249816	6.642689612	87.31684974
chr10	145250482	6.849717735	87.32127377
chr10	145250483	1.238363511	87.32128062
chr10	145250516	1.281043541	87.32132149
chr10	145250947	1.364356208	87.32187362
chr10	145250948	1.283573118	87.32187498
chr10	145251001	1.324028172	87.32194301
chr10	145251217	1.407602448	87.322229
chr10	145251619	1.494061782	87.32279486
chr10	145251631	1.53473419	87.32281279
chr10	145251657	1.87299403	87.32285269
chr10	145335852	1.761892144	87.48054942
chr10	145336654	1.642822252	87.48196246
chr10	145336687	1.560544255	87.48201667
chr10	145336718	1.431378467	87.48206505
chr10	145336725	2.157996619	87.48207507
chr10	145336726	1.804887499	87.48207723
chr10	145336732	1.67865213	87.48208806
chr10	145336771	1.63637767	87.48215352
chr10	145336803	2.376885536	87.48220589
chr10	145336816	2.394130069	87.48223679
chr10	145336963	2.784693126	87.48258872
chr10	145337017	4.009402701	87.4827391
chr10	145337018	3.982047338	87.48274311
chr10	145339647	5.489259138	87.49321191
chr10	145339648	5.431776547	87.4932174
chr10	145341944	4.339796137	87.50568876
chr10	145341950	4.283488292	87.5057148
chr10	145341964	4.227008802	87.50577477
chr10	145341965	4.187084498	87.50577899
chr10	145342087	5.647915941	87.50628982
chr10	145342088	4.100031739	87.50629546
chr10	145342105	5.4795233	87.50636517
chr10	145342150	4.722111961	87.50661174
chr10	145342159	5.463119814	87.50665424
chr10	145342250	8.525374556	87.50715139
chr10	145342256	10.8386275	87.50720254
chr10	145342257	10.7980193	87.50721338
chr10	145342280	11.69470562	87.50746173
chr10	145344277	13.01574835	87.53081606
chr10	145344278	12.50905451	87.53082908
chr10	145344501	10.87462359	87.53361859
chr10	145344772	9.495132029	87.53656562
chr10	145344779	9.513049686	87.53663208
chr10	145344854	6.684054003	87.53734556
chr10	145346258	6.645906039	87.54672997
chr10	145346281	6.607767963	87.54688283
chr10	145346356	9.456616468	87.54737841
chr10	145346357	8.559492844	87.54738787
chr10	145346382	8.577551483	87.54760186
chr10	145346383	6.906262015	87.54761043
chr10	145346464	6.942578986	87.54816984
chr10	145346653	6.960646668	87.54948199
chr10	145347061	7.050949961	87.55232193
chr10	145347062	5.729907239	87.55232898
chr10	145347123	5.928097238	87.55267851
chr10	145347124	3.343840776	87.55268444
chr10	145347131	3.380055015	87.55270784
chr10	145347610	3.398206488	87.55432689
chr10	145347637	3.543656428	87.55441864
chr10	145347664	0.7308857927	87.55451432
chr10	145347750	0.7490665075	87.55457718
chr10	145349036	0.8735608503	87.55554047
chr10	145349037	0.8619578829	87.55554135
chr10	145349897	0.9332951266	87.55628263
chr10	145412978	0.9601234636	87.61515582
chr10	145414356	0.9030468103	87.61647887
chr10	145435398	0.8604458517	87.63548078
chr10	145435456	0.8902248347	87.63553069
chr10	145435482	0.9222859047	87.63555383
chr10	145438770	0.9798808844	87.63858631
chr10	145438795	1.010487033	87.63861081
chr10	145548047	0.973878084	87.74900854
chr10	145548055	0.9555735377	87.74901633
chr10	145548066	1.014561425	87.74902684
chr10	145550112	1.428362353	87.75110263
chr10	145550113	1.256777921	87.75110406
chr10	145550164	1.771770087	87.75116816
chr10	145550165	1.718239729	87.75116993
chr10	145550219	1.70012463	87.75126271
chr10	145550235	1.649949889	87.75128991
chr10	145550282	1.613726795	87.75136746
chr10	145550284	2.567227952	87.75137069
chr10	145550285	2.440445232	87.75137326
chr10	145550298	3.157899215	87.75140498
chr10	145550299	3.098386262	87.75140814
chr10	145550333	3.975954286	87.75151349
chr10	145550334	3.888729595	87.75151746
chr10	145550347	4.410905339	87.75156802
chr10	145550364	5.413295484	87.751643
chr10	145550399	5.377005607	87.75183247
chr10	145550471	6.640375062	87.75221961
chr10	145550472	7.964407696	87.75222625
chr10	145553644	8.506968379	87.77748935
chr10	145553858	9.067209584	87.77930984
chr10	145554593	8.17443987	87.78597424
chr10	145555046	8.841064982	87.78967726
chr10	145555047	8.060601682	87.7896861
chr10	145555260	9.076841621	87.79140301
chr10	145555261	8.30876145	87.79141209
chr10	145555425	20.49183188	87.79277473
chr10	145555426	18.95325757	87.79279522
chr10	145555443	22.12360297	87.79311742
chr10	145556101	22.16398033	87.80767475
chr10	145556166	23.04867941	87.80911541
chr10	145557029	29.69893254	87.82900642
chr10	145557030	25.11437928	87.82903612
chr10	145557188	25.26801939	87.83300419
chr10	145557189	25.25050534	87.83302946
chr10	145557307	32.14282522	87.83600902
chr10	145557308	31.62783306	87.83604117
chr10	145559002	34.10939841	87.88961871
chr10	145559003	10.28495183	87.88965282
chr10	145560424	10.3624654	87.90426774
chr10	145560425	6.899750754	87.9042781
chr10	145560447	7.011703405	87.9044299
chr10	145560483	8.097310783	87.90468232
chr10	145560484	7.24527188	87.90469042
chr10	145560564	7.312037013	87.90527004
chr10	145560565	6.645411898	87.90527735
chr10	145561652	6.783885457	87.91250091
chr10	145574785	7.54358652	88.00159368
chr10	145574786	6.928521607	88.00160122
chr10	145574790	7.020864047	88.00162894
chr10	145574821	7.178299299	88.00184658
chr10	145574822	6.689158765	88.00185376
chr10	145576286	6.741237527	88.01164669
chr10	145576287	6.371042101	88.01165343
chr10	145576354	6.696360416	88.01208029
chr10	145576355	6.505989721	88.01208699
chr10	145576373	6.364968448	88.0122041
chr10	145583870	6.451592671	88.05992226
chr10	145588220	7.5400132	88.08798669
chr10	145588221	4.753008702	88.08799423
chr10	145607776	4.524351536	88.18093932
chr10	145607782	10.4298154	88.18096646
chr10	145607783	10.27661224	88.18097689
chr10	145607887	10.77312336	88.18204566
chr10	145607888	8.932988989	88.18205643
chr10	145607924	9.037661982	88.18237802
chr10	145607925	8.804593414	88.18238706
chr10	145607934	9.383279519	88.1824663
chr10	145607935	8.93518776	88.18247568
chr10	145607957	8.860034987	88.18267226
chr10	145607987	8.831619542	88.18293806
chr10	145608009	8.898082147	88.18313236
chr10	145608019	8.753047562	88.18322134
chr10	145608055	8.832724959	88.18353645
chr10	145608056	8.755447473	88.18354528
chr10	145608092	8.818384401	88.18386048
chr10	145608094	8.633262937	88.18387811
chr10	145608095	8.72520836	88.18388675
chr10	145608096	8.57066636	88.18389547
chr10	145608109	8.648380955	88.18400689
chr10	145608118	8.985318809	88.18408472
chr10	145608239	8.988130515	88.18517195
chr10	145608245	9.209408602	88.18522588
chr10	145608371	9.951054636	88.18638626
chr10	145608372	9.87422898	88.18639621
chr10	145608404	10.88598805	88.18671219
chr10	145608405	4.980524177	88.18672307
chr10	145608415	5.323915644	88.18677288
chr10	145608416	5.252319644	88.1867782
chr10	145609256	5.3140589	88.19119015
chr10	145611797	5.364579388	88.20469318
chr10	145611817	5.435951779	88.20480047
chr10	145611895	5.520143548	88.20522447
chr10	145611972	5.593612486	88.20564952
chr10	145646908	6.096085031	88.40106797
chr10	145646909	6.001802218	88.40107406
chr10	145646931	5.949723458	88.4012061
chr10	145647218	7.325663418	88.40291367
chr10	145647219	7.190580961	88.402921
chr10	145648108	7.574271507	88.40931343
chr10	145648109	7.062663757	88.409321
chr10	145654230	6.113841691	88.45255157
chr10	145654316	5.516190216	88.45307736
chr10	145656118	5.192618185	88.46301753
chr10	145662048	7.129381544	88.49380976
chr10	145662049	6.252860259	88.49381689
chr10	145663227	7.360356946	88.50118276
chr10	145663228	7.130556571	88.50119012
chr10	145663365	6.79303595	88.502167
chr10	145663506	6.527861949	88.50312482
chr10	145663512	6.486396509	88.50316399
chr10	145665421	6.62977547	88.51554652
chr10	145665422	6.45323628	88.51555315
chr10	145665489	6.47621804	88.51598552
chr10	145665662	9.047220132	88.5171059
chr10	145665663	8.696195768	88.51711495
chr10	145665707	8.87608401	88.51749758
chr10	145665708	7.837553612	88.51750646
chr10	145666548	9.803775825	88.52409
chr10	145666549	7.663782578	88.52409981
chr10	145666640	9.680835205	88.52479721
chr10	145666641	9.491415239	88.52480689
chr10	145666725	11.72263622	88.52560417
chr10	145666726	11.59245463	88.52561589
chr10	145666769	13.76301745	88.52611437
chr10	145666903	16.58446521	88.52795861
chr10	145666904	16.52157455	88.5279752
chr10	145667092	17.56122822	88.53108125
chr10	145667093	14.26096865	88.53109881
chr10	145668376	56.06896856	88.54939564
chr10	145668377	56.0076113	88.54945171
chr10	145668463	57.1800398	88.55426836
chr10	145668464	6.906875669	88.55432554
chr10	145668507	4.613169938	88.55462254
chr10	145668527	4.664150827	88.5547148
chr10	145668727	4.895628365	88.55564763
chr10	145668814	4.742356858	88.55607355
chr10	145668847	4.680617602	88.55623005
chr10	145672804	4.566418234	88.57475125
chr10	145672806	5.077983047	88.57476038
chr10	145672807	3.210778773	88.57476546
chr10	145684620	3.802831998	88.61269439
chr10	145684621	2.325856728	88.61269819
chr10	145687416	2.144834095	88.61919896
chr10	145688334	2.164559717	88.62116792
chr10	145688335	2.001968942	88.62117009
chr10	145690310	2.046804351	88.62512397
chr10	145690440	2.093578769	88.62539006
chr10	145691080	2.158883845	88.62672995
chr10	145691081	2.015504894	88.62673211
chr10	145691088	2.042547187	88.62674622
chr10	145704192	2.082451985	88.65351176
chr10	145704193	1.983287433	88.65351384
chr10	145704633	2.702948663	88.65438648
chr10	145704634	1.922837669	88.65438919
chr10	145704635	1.943902282	88.65439111
chr10	145772367	2.03333326	88.7860555
chr10	145772368	1.988497857	88.78605753
chr10	145825576	1.998740927	88.89186153
chr10	145825577	1.450461332	88.89186353
chr10	145825582	1.403114587	88.89187078
chr10	145827137	2.173907674	88.89405262
chr10	145827138	2.054519674	88.89405479
chr10	145839426	2.159848933	88.91930073
chr10	145839427	2.108788917	88.91930289
chr10	145839663	2.273754646	88.91980057
chr10	145839664	2.305965377	88.91980284
chr10	145839679	2.402113396	88.91983743
chr10	145839691	2.081810188	88.91986626
chr10	145871900	3.525909776	88.98691928
chr10	145871901	3.104395256	88.98692281
chr10	145874847	3.248464807	88.99606835
chr10	145874848	2.854060105	88.9960716
chr10	145874899	4.206520813	88.99621716
chr10	145874900	2.86772643	88.99622137
chr10	145874902	2.877982908	88.9962271
chr10	145874903	2.495433424	88.99622998
chr10	145877943	3.145555226	89.0038161
chr10	145877944	1.788096837	89.00381924
chr10	145878205	2.123538593	89.00428594
chr10	145878206	2.071230905	89.00428806
chr10	145878209	2.032494219	89.00429427
chr10	145878289	2.198811472	89.00445687
chr10	145878290	2.125793501	89.00445907
chr10	145878369	2.296082971	89.00462701
chr10	145878402	2.465845981	89.00470278
chr10	145878403	2.448548507	89.00470525
chr10	145878461	2.783789654	89.00484726
chr10	145878462	2.762678139	89.00485005
chr10	145878476	2.741514768	89.00488872
chr10	145878634	3.444129533	89.00532188
chr10	145878635	3.424580105	89.00532533
chr10	145878641	3.614159861	89.00534587
chr10	145878658	3.786588225	89.00540731
chr10	145878732	3.803694051	89.00568752
chr10	145879288	4.327277487	89.00780238
chr10	145879292	4.505166672	89.00781968
chr10	145879293	4.484102047	89.00782419
chr10	145879325	4.662275518	89.00796768
chr10	145879341	4.669468123	89.00804228
chr10	145879372	4.681573186	89.00818703
chr10	145879401	4.667997006	89.0083228
chr10	145879430	5.02616523	89.00845817
chr10	145879446	5.505255834	89.00853859
chr10	145879467	5.863703223	89.0086542
chr10	145879469	6.395930043	89.00866593
chr10	145879470	6.540746872	89.00867232
chr10	145879544	6.817444628	89.00915634
chr10	145879545	6.798570168	89.00916315
chr10	145899958	6.81149028	89.14794237
chr10	145899959	6.604352611	89.14794918
chr10	145899974	5.547428145	89.14804824
chr10	145899994	5.551712064	89.14815919
chr10	145899995	5.00200407	89.14816474
chr10	145900019	4.491265118	89.14828479
chr10	145900074	4.125344289	89.14853181
chr10	145900132	13.88424081	89.14877108
chr10	145900133	13.70774267	89.14878497
chr10	145900139	13.72683893	89.14886721
chr10	145900140	13.54885508	89.14888094
chr10	145900144	13.61718077	89.14893513
chr10	145900384	13.47311123	89.15220326
chr10	145900409	22.18790149	89.15254009
chr10	145900410	20.63644436	89.15256227
chr10	145900411	20.28302702	89.15258291
chr10	145900488	19.90878936	89.1541447
chr10	145900508	20.19919144	89.15454288
chr10	145900509	10.31169538	89.15456308
chr10	145901139	10.33089127	89.16105945
chr10	145901278	10.35010652	89.16249544
chr10	145901353	11.02418899	89.1632717
chr10	145901354	3.237725522	89.16328272
chr10	145901401	3.256953116	89.1634349
chr10	145901533	3.313977274	89.16386481
chr10	145901534	2.833010346	89.16386813
chr10	145901651	2.865025536	89.16419959
chr10	145901652	2.699165656	89.16420245
chr10	145901745	2.712249566	89.16445348
chr10	145907809	2.725604961	89.18090056
chr10	145907892	4.120388494	89.18112678
chr10	145908164	4.146994591	89.18224753
chr10	145908166	4.232903862	89.18225582
chr10	145908167	3.630572256	89.18226006
chr10	145909185	3.664631516	89.18595598
chr10	145913176	3.958426404	89.20058152
chr10	145913177	2.870196568	89.20058548
chr10	145913193	3.004343748	89.2006314
chr10	145913201	2.989406135	89.20065544
chr10	145913227	3.009636444	89.20073316
chr10	145913228	2.69981716	89.20073617
chr10	145913339	2.726999774	89.20103585
chr10	145913348	2.893132533	89.2010604
chr10	145913443	1.567568133	89.20133524
chr10	145913782	1.746705955	89.20186665
chr10	145913786	1.790295105	89.20187364
chr10	145915245	1.803948166	89.20448568
chr10	145915468	1.824430874	89.20488796
chr10	145932008	1.84723373	89.23506404
chr10	145932053	1.876562737	89.23514717
chr10	146076881	1.854005248	89.506926
chr10	146076961	1.831458817	89.50707432
chr10	146092740	2.074072924	89.53597291
chr10	146092741	1.955781059	89.53597498
chr10	146092745	3.566033541	89.5359828
chr10	146092746	3.468001728	89.53598637
chr10	146092758	3.5086602	89.53602799
chr10	146092759	3.428098599	89.53603149
chr10	146092762	3.408971766	89.53604178
chr10	146092799	5.377925177	89.53616791
chr10	146092800	5.116964743	89.53617329
chr10	146092828	5.096416371	89.53631656
chr10	146093351	5.102781486	89.53898199
chr10	146093352	5.060111562	89.53898709
chr10	146093810	5.073841308	89.54130462
chr10	146093811	5.056735478	89.5413097
chr10	146095087	5.528301173	89.54776209
chr10	146095088	2.043088591	89.54776762
chr10	146095587	2.084348491	89.54878712
chr10	146095639	2.131994933	89.54889551
chr10	146095640	2.113150053	89.54889764
chr10	146095642	2.211713587	89.54890187
chr10	146182938	1.717503558	89.74197561
chr10	146182961	1.624508035	89.74201512
chr10	146183160	1.610872229	89.74233839
chr10	146183246	1.570213755	89.74247693
chr10	146183266	1.544199876	89.74250833
chr10	146183270	1.476556514	89.74251451
chr10	146183286	1.283749796	89.74253814
chr10	146183301	1.22949541	89.74255739
chr10	146183303	1.149499253	89.74255985
chr10	146183313	1.163426759	89.74257135
chr10	146183316	1.150422119	89.74257484
chr10	146183373	1.177864632	89.74264041
chr10	146183374	1.003119664	89.74264159
chr10	146183427	0.9761228303	89.74269475
chr10	146184697	0.9836608825	89.74393443
chr10	146184698	0.9565528829	89.74393541
chr10	146184716	0.8753722334	89.74395263
chr10	146184724	0.951919759	89.74395963
chr10	146184725	0.8717358284	89.74396059
chr10	146184733	0.9749059586	89.74396756
chr10	146184734	0.8819290988	89.74396853
chr10	146184756	0.6974550135	89.74398794
chr10	146229929	0.6706256983	89.77549407
chr10	146232787	0.5677966003	89.77741072
chr10	146232921	0.5411043177	89.77748681
chr10	146232934	0.5295764253	89.77749384
chr10	146233246	0.6266555346	89.77765907
chr10	146233247	0.5925962719	89.77765969
chr10	146233441	0.5811024124	89.77777466
chr10	146233452	0.5695931998	89.77778105
chr10	146233502	0.5792790745	89.77780953
chr10	146233503	0.5412135678	89.77781011
chr10	146233612	0.4556874574	89.7778691
chr10	146233656	0.8033306784	89.77788915
chr10	146233657	0.735673683	89.77788995
chr10	146233693	0.8481318143	89.77791644
chr10	146233699	0.865728531	89.77792153
chr10	146234576	0.8283098525	89.77868077
chr10	146235025	0.8625616989	89.77905268
chr10	146235063	0.9318472533	89.77908546
chr10	146270001	0.9218672616	89.81164234
chr10	146271144	0.8247881547	89.81269603
chr10	146273150	0.8464774055	89.81435056
chr10	146273151	0.6601700744	89.81435141
chr10	146273190	0.649950256	89.81437715
chr10	146280584	0.8475865072	89.81918288
chr10	146280605	0.8788117247	89.81920068
chr10	146280646	0.8591238938	89.81923671
chr10	146280648	0.7707576755	89.81923843
chr10	146339057	0.8386284378	89.86425762
chr10	146339058	0.8235139606	89.86425846
chr10	146361776	0.8097842188	89.88296705
chr10	146442199	0.7870195992	89.94809232
chr10	146442505	0.7239603063	89.94833315
chr10	146442522	0.706229428	89.94834546
chr10	146442694	0.6886292596	89.94846693
chr10	146442778	0.6266599388	89.94852477
chr10	146445519	2.49802514	89.95024245
chr10	146445520	2.483990636	89.95024495
chr10	146447472	2.347292401	89.9550937
chr10	146447474	2.311319813	89.95509839
chr10	146447484	4.209376158	89.9551215
chr10	146447485	2.272049405	89.95512571
chr10	146447515	2.250009736	89.95519388
chr10	146449329	2.228204278	89.95927539
chr10	146449448	2.266912915	89.95954055
chr10	146449449	0.3030182464	89.95954282
chr10	146449939	0.4553898094	89.9596913
chr10	146449940	0.4213687685	89.95969175
chr10	146452447	0.4480333864	89.96074812
chr10	146457715	0.5701272556	89.96310836
chr10	146457717	0.5954064193	89.9631095
chr10	146457718	0.5788854459	89.9631101
chr10	146457738	0.6538551389	89.96312168
chr10	146457739	0.6374366506	89.96312233
chr10	146457766	0.9014823092	89.96313954
chr10	146457767	0.8948813388	89.96314044
chr10	146457768	1.031103082	89.96314134
chr10	146457769	1.017695071	89.96314237
chr10	146590423	1.438553113	90.09814369
chr10	146590424	1.19357824	90.09814513
chr10	146590480	1.238288334	90.09821197
chr10	146590481	1.182844651	90.09821321
chr10	146590582	1.203049628	90.09833267
chr10	146591819	1.373971998	90.09982085
chr10	146591820	1.346527057	90.09982222
chr10	146595406	1.395065329	90.10465087
chr10	146598900	1.765136736	90.10952522
chr10	146600612	1.687888813	90.11254714
chr10	146603255	1.885543085	90.11700823
chr10	146603256	1.86026393	90.11701011
chr10	146603272	2.162880307	90.11703988
chr10	146603273	1.82728959	90.11704204
chr10	146608018	1.916667956	90.12571253
chr10	146613343	2.144103973	90.13591879
chr10	146613344	1.963495722	90.13592093
chr10	146613365	2.024718199	90.13596217
chr10	146613366	1.770390542	90.13596419
chr10	146614082	2.039559386	90.13723179
chr10	146614506	2.253841856	90.13809656
chr10	146614507	2.184619039	90.13809882
chr10	146614520	2.256075989	90.13812722
chr10	146614595	2.399183064	90.13829642
chr10	146614607	2.805912047	90.13832521
chr10	146614608	2.782454656	90.13832802
chr10	146658961	3.06546265	90.26173823
chr10	146658962	2.984814154	90.2617413
chr10	146659077	3.049795326	90.26208455
chr10	146659138	4.222717592	90.26227059
chr10	146659139	4.144055929	90.26227481
chr10	146659672	4.062415987	90.26448359
chr10	146659685	3.98079959	90.2645364
chr10	146659686	4.581455769	90.26454038
chr10	146659687	4.506536015	90.26454496
chr10	146659741	5.102040888	90.26478832
chr10	146659742	4.836937068	90.26479342
chr10	146659750	4.819610878	90.26483212
chr10	146660735	4.885346726	90.26957943
chr10	146660736	4.727628032	90.26958432
chr10	146665927	7.773991896	90.29412543
chr10	146665928	7.702444617	90.29413321
chr10	146666007	7.595652609	90.2947417
chr10	146666010	8.140059833	90.29476449
chr10	146666011	8.050837015	90.29477263
chr10	146666014	7.907857747	90.29479678
chr10	146666078	8.456895799	90.29530288
chr10	146666100	9.037320154	90.29548894
chr10	146666101	8.966012786	90.29549797
chr10	146666104	8.907474002	90.29552487
chr10	146666120	10.51121194	90.29566739
chr10	146666121	10.49355408	90.2956779
chr10	146668717	11.43490969	90.32291917
chr10	146668718	11.41747343	90.3229306
chr10	146671175	13.02828953	90.35098334
chr10	146671176	12.98272957	90.35099636
chr10	146671178	12.27266155	90.35102233
chr10	146671203	14.63257431	90.35132915
chr10	146671204	14.10459818	90.35134378
chr10	146671361	13.19523773	90.3535582
chr10	146671365	13.17862222	90.35361098
chr10	146671960	13.25518066	90.36145226
chr10	146671961	12.90940859	90.36146552
chr10	146672062	12.93041896	90.36276937
chr10	146672215	12.97036059	90.36474772
chr10	146672216	12.38535439	90.36476069
chr10	146672261	12.47046171	90.36531803
chr10	146672761	12.6844923	90.37155326
chr10	146672762	10.32457954	90.37156595
chr10	146672767	20.16703519	90.37161757
chr10	146672768	14.59011279	90.37163774
chr10	146672772	14.90817466	90.3716961
chr10	146672773	14.84492287	90.37171101
chr10	146672779	14.29588482	90.37180008
chr10	146673458	14.374307	90.38150698
chr10	146673459	12.14155504	90.38152136
chr10	146673523	12.73180526	90.38229842
chr10	146673524	2.366998711	90.38231115
chr10	146715490	2.281891399	90.48164461
chr10	146715554	2.194358292	90.48179066
chr10	146715694	2.279485301	90.48209787
chr10	146715695	1.980703985	90.48210015
chr10	146715826	2.066089801	90.48235962
chr10	146715829	2.141560148	90.48236582
chr10	146715835	2.138114413	90.48237867
chr10	146716066	1.825902287	90.48287257
chr10	146716494	1.951446492	90.48365406
chr10	146716497	2.207411279	90.48365991
chr10	146716525	2.275581969	90.48372172
chr10	146758695	2.103563363	90.57968301
chr10	146758792	2.060416334	90.57988706
chr10	146758811	2.099923492	90.5799262
chr10	146758812	2.053278962	90.5799283
chr10	146758898	1.967851512	90.58010488
chr10	146758913	1.882724504	90.5801344
chr10	146758914	1.797338692	90.58013629
chr10	146758931	1.840959949	90.58016684
chr10	146764218	1.561399845	90.5899
chr10	146764236	1.555897122	90.5899281
chr10	146764327	1.475438503	90.59006969
chr10	146764332	1.394741315	90.59007706
chr10	146764343	1.396640229	90.59009241
chr10	146764344	1.356130826	90.5900938
chr10	146764578	1.280660478	90.59041114
chr10	146766397	1.702285965	90.59274066
chr10	146766411	1.662997767	90.59276449
chr10	146767727	1.591182346	90.594953
chr10	146767749	1.552136818	90.594988
chr10	146770494	1.415830787	90.59924862
chr10	146770505	2.426783369	90.59926419
chr10	146770546	2.419930747	90.59936369
chr10	146770569	2.34442539	90.59941935
chr10	146770583	2.485078987	90.59945217
chr10	146770585	3.307225131	90.59945714
chr10	146770678	3.716378155	90.59976471
chr10	146772671	3.471462007	90.60717145
chr10	146773959	3.488186347	90.6116427
chr10	146774334	2.527333907	90.61295077
chr10	146775060	1.705187764	90.61478561
chr10	146775085	1.806958224	90.61482824
chr10	146775086	1.744166309	90.61483005
chr10	146775122	1.797633104	90.61489284
chr10	146775123	1.24109773	90.61489464
chr10	146779543	1.206899911	90.62038029
chr10	146779669	1.313862484	90.62053236
chr10	146779670	0.8715503397	90.62053367
chr10	146779679	0.9261769763	90.62054152
chr10	146779724	0.9808157818	90.62058319
chr10	146779730	0.8934011628	90.62058908
chr10	146779738	1.002725865	90.62059623
chr10	146779746	1.163730278	90.62060425
chr10	146779754	1.33774011	90.62061356
chr10	146779769	1.441051675	90.62063362
chr10	146779863	1.667554287	90.62076908
chr10	146779864	1.633199679	90.62077075
chr10	146811031	1.95899527	90.67167268
chr10	146811032	1.92007736	90.67167464
chr10	146811235	2.817175414	90.67206442
chr10	146811236	2.50763501	90.67206724
chr10	146811266	2.684361668	90.67214246
chr10	146811278	3.053957215	90.67217468
chr10	146811282	3.156877852	90.67218689
chr10	146811283	3.040188327	90.67219005
chr10	146843261	3.466058246	90.76940919
chr10	146843273	3.422436989	90.76945078
chr10	146843342	4.420295408	90.76968693
chr10	146843933	4.366828608	90.77229933
chr10	146843939	4.197011236	90.77232553
chr10	146843940	3.815921502	90.77232973
chr10	146843941	5.007341187	90.77233354
chr10	146843942	4.894854437	90.77233855
chr10	146847028	25.43767917	90.78744407
chr10	146847029	22.61891956	90.78746951
chr10	146847059	22.45487876	90.78814807
chr10	146847170	23.07331951	90.79064057
chr10	146847171	23.05230914	90.79066364
chr10	146847211	22.95004363	90.79158573
chr10	146847217	24.51761941	90.79172343
chr10	146847218	5.153914188	90.79174795
chr10	146847248	6.732459497	90.79190257
chr10	146847249	6.630301888	90.7919093
chr10	146847254	7.103620296	90.79194245
chr10	146847319	7.290767696	90.79240419
chr10	146847392	8.686741054	90.79293641
chr10	146847393	8.632260029	90.7929451
chr10	146847420	9.637205124	90.79317817
chr10	146847932	10.32194437	90.79811242
chr10	146850662	10.22863005	90.82629133
chr10	146850740	13.20821793	90.82708916
chr10	146850945	13.15652769	90.82979685
chr10	146850988	12.91971494	90.83036258
chr10	146851039	16.1777575	90.83102148
chr10	146851040	14.10111969	90.83103766
chr10	146851081	13.09617459	90.83161581
chr10	146851090	13.00376266	90.83173367
chr10	146851936	12.15459353	90.84273485
chr10	146853118	14.00385415	90.85710158
chr10	146853119	13.3854134	90.85711559
chr10	146853134	11.8486114	90.85731637
chr10	146853247	11.25702047	90.85865526
chr10	146853290	7.137855853	90.85913931
chr10	146853296	5.924323066	90.85918214
chr10	146853305	3.615972168	90.85923546
chr10	146853329	4.708667146	90.85932224
chr10	146853645	6.63995533	90.86081018
chr10	146853661	6.688647133	90.86091642
chr10	146853666	11.60066849	90.86094986
chr10	146853667	10.96463813	90.86096146
chr10	146853712	10.7913223	90.86145487
chr10	146853795	13.74405424	90.86235055
chr10	146853954	13.96242422	90.86453586
chr10	146854128	18.13374394	90.86696532
chr10	146854395	22.7268825	90.87180703
chr10	146854415	17.81486115	90.87226157
chr10	146855010	13.55943609	90.88286141
chr10	146855027	13.08611768	90.88309192
chr10	146855041	10.13338575	90.88327513
chr10	146855195	13.3314101	90.88483567
chr10	146855196	8.738271533	90.884849
chr10	146855218	8.811260939	90.88504124
chr10	146855549	17.10657612	90.88795777
chr10	146855550	15.17528793	90.88797487
chr10	146855564	21.23539143	90.88818733
chr10	146855578	23.65744804	90.88848462
chr10	146855582	23.8044094	90.88857925
chr10	146856670	25.36660985	90.91447845
chr10	146856695	27.0900801	90.91511262
chr10	146856696	20.29619132	90.91513971
chr10	146857044	20.34716539	90.92220278
chr10	146857045	17.88787128	90.92222313
chr10	146857096	19.99346799	90.92313541
chr10	146857097	8.548807526	90.9231554
chr10	146857491	8.837922271	90.92652363
chr10	146857527	8.997854997	90.9268418
chr10	146857534	9.32179806	90.92690478
chr10	146860825	9.405522521	90.95758282
chr10	146861025	9.57256556	90.95946393
chr10	146861026	7.786925366	90.9594735
chr10	146861027	7.870951955	90.95948128
chr10	146861053	7.955034229	90.95968593
chr10	146861259	8.12936743	90.96132467
chr10	146861332	6.736448583	90.96191811
chr10	146861334	5.947618393	90.96193158
chr10	146861940	4.67382666	90.96553584
chr10	146862010	4.765051654	90.96586301
chr10	146902339	4.796010643	91.15803278
chr10	146902340	4.137364435	91.15803757
chr10	146902361	3.816648601	91.15812446
chr10	146902364	3.84403053	91.15813591
chr10	146902365	3.753831871	91.15813975
chr10	146902415	4.873400059	91.15832744
chr10	146902416	4.63172057	91.15833232
chr10	146902721	4.66523705	91.15974499
chr10	146904657	4.351367767	91.16877689
chr10	146904666	4.196686078	91.16881605
chr10	146904667	4.119346858	91.16882025
chr10	146904701	4.035110573	91.16896031
chr10	146904768	3.643761442	91.16923066
chr10	146904809	3.481855707	91.16938005
chr10	146904811	3.545282524	91.16938702
chr10	146904812	3.306403931	91.16939056
chr10	146905455	3.147518187	91.17151658
chr10	146905562	3.473362128	91.17185336
chr10	146905563	3.175576572	91.17185684
chr10	146905593	3.201116684	91.1719521
chr10	146905594	3.142093308	91.17195531
chr10	146905624	2.997900032	91.17204957
chr10	146905648	2.924414953	91.17212152
chr10	146905654	2.779776126	91.17213906
chr10	146905715	2.811743045	91.17230863
chr10	146905716	2.73838397	91.17231144
chr10	146905786	3.042594367	91.17250313
chr10	146905794	3.10653266	91.17252747
chr10	146905795	2.018040356	91.17253058
chr10	146907021	2.68555921	91.17500469
chr10	146907022	2.538176926	91.17500738
chr10	146914533	5.662421273	91.19407163
chr10	146914534	5.537642433	91.19407729
chr10	146916721	5.572989544	91.20618811
chr10	146916734	5.570177837	91.20626056
chr10	146916852	7.113360439	91.20691784
chr10	146916853	5.141681713	91.20692496
chr10	146916891	5.1770812	91.20712034
chr10	146916935	5.018535578	91.20734813
chr10	146917000	7.227406044	91.20767434
chr10	146917001	6.858758355	91.20768156
chr10	146917026	6.894057989	91.20785303
chr10	146917027	6.832668988	91.20785993
chr10	146917059	6.868004888	91.20807857
chr10	146917060	6.808178175	91.20808544
chr10	146919300	6.958469783	91.22333576
chr10	146919301	2.755708721	91.22334272
chr10	146919309	2.768196346	91.22336476
chr10	146919330	3.400277066	91.2234229
chr10	146919331	2.275490084	91.2234263
chr10	146927824	2.31069852	91.24275203
chr10	146927825	2.287245541	91.24275434
chr10	146928910	3.315419718	91.24523601
chr10	146928911	2.571023195	91.24523932
chr10	146928965	2.816604939	91.24537816
chr10	146929220	2.415866732	91.24609639
chr10	147012491	2.382350253	91.44726803
chr10	147012895	2.358735826	91.4482305
chr10	147012942	2.826577131	91.44834136
chr10	147012943	2.699712605	91.44834419
chr10	147020806	1.833059134	91.46957203
chr10	147020822	1.585429757	91.46960136
chr10	147020825	1.629519396	91.46960611
chr10	147020848	1.589502167	91.46964359
chr10	147020917	1.549514948	91.46975327
chr10	147020931	30.06970093	91.46977496
chr10	147020932	29.99349607	91.46980503
chr10	147020948	29.96154664	91.47028492
chr10	147021060	1.342842294	91.47364062
chr10	147021163	1.027501789	91.47377893
chr10	147021176	15.17100489	91.47379229
chr10	147021177	14.90533731	91.47380746
chr10	147021187	14.82559688	91.47395651
chr10	147021250	15.02988044	91.47489053
chr10	147021251	14.95473822	91.47490556
chr10	147021276	15.00091404	91.47527942
chr10	147021417	44.44698974	91.47739455
chr10	147021440	44.55985564	91.47841683
chr10	147021441	30.63668358	91.47846139
chr10	147021444	30.90392867	91.4785533
chr10	147021543	1.704690639	91.48161279
chr10	147021547	1.664975363	91.48161961
chr10	147021776	1.708929105	91.48200089
chr10	147021797	1.811195587	91.48203678
chr10	147022130	1.865300057	91.48263991
chr10	147049644	2.043610962	91.53396177
chr10	147049645	2.018070846	91.53396382
chr10	147090129	26.64735241	91.6156634
chr10	147090130	26.07138242	91.61569004
chr10	147090139	26.34210561	91.61592469
chr10	147090430	29.87873657	91.62359024
chr10	147090431	5.407355061	91.62362012
chr10	147090553	8.997780341	91.62427981
chr10	147090554	8.838449362	91.62428881
chr10	147090570	12.22932862	91.62443023
chr10	147090571	12.17610623	91.62444246
chr10	147090582	15.90493295	91.62457639
chr10	147090583	15.85144672	91.6245923
chr10	147091654	19.79820013	91.6415692
chr10	147091655	6.479636842	91.641589
chr10	147091721	6.39219943	91.64201665
chr10	147091755	7.842143293	91.64223399
chr10	147095791	8.400167701	91.67388488
chr10	147095792	7.420018153	91.67389328
chr10	147096045	17.6433155	91.67577054
chr10	147096046	15.927413	91.67578819
chr10	147096066	18.17013167	91.67610673
chr10	147096200	18.20138229	91.67854153
chr10	147097218	19.86678734	91.69707054
chr10	147097219	19.81800709	91.69709041
chr10	147097221	18.39944411	91.69713004
chr10	147097292	23.57486672	91.6984364
chr10	147097296	26.80646	91.6985307
chr10	147100951	26.83900634	91.79650831
chr10	147100952	26.79283053	91.79653515
chr10	147103647	28.10445406	91.86874183
chr10	147103648	27.13531055	91.86876993
chr10	147103695	26.56071989	91.87004529
chr10	147103801	28.78539158	91.87286073
chr10	147103802	27.54898359	91.87288952
chr10	147103967	31.60210696	91.8774351
chr10	147103968	31.13774951	91.8774667
chr10	147103970	30.65384732	91.87752898
chr10	147104157	30.71294844	91.88326124
chr10	147104158	28.19782701	91.88329196
chr10	147104173	27.56082604	91.88371493
chr10	147104196	29.21658842	91.88434882
chr10	147104197	25.58040275	91.88437804
chr10	147104214	25.63608179	91.88481291
chr10	147104215	24.55618249	91.88483854
chr10	147104227	24.77748725	91.88513322
chr10	147104228	21.38315228	91.885158
chr10	147104233	24.3892114	91.88526491
chr10	147104234	22.51584692	91.8852893
chr10	147104270	22.56164451	91.88609987
chr10	147104271	22.47315021	91.88612243
chr10	147104292	21.94756393	91.88659437
chr10	147104582	22.00804492	91.89295916
chr10	147104583	21.97944314	91.89298117
chr10	147105160	22.01324321	91.90566331
chr10	147105161	19.68713899	91.90568532
chr10	147105176	19.74121642	91.90598063
chr10	147105177	19.3374074	91.90600037
chr10	147105291	22.60191848	91.90820483
chr10	147105309	22.70696134	91.90861167
chr10	147105403	22.46592989	91.91074612
chr10	147105451	22.49135984	91.91182449
chr10	147105452	22.10025705	91.91184698
chr10	147105479	22.15702284	91.91244369
chr10	147105480	11.96259692	91.91246584
chr10	147105528	12.03049398	91.91304005
chr10	147105529	11.64256652	91.91305208
chr10	147106402	9.727787512	91.92321604
chr10	147106418	3.674280735	91.92337168
chr10	147106451	3.731910809	91.92349294
chr10	147106452	2.420287283	91.92349667
chr10	147106504	2.662313064	91.92362252
chr10	147106561	3.271249405	91.92377427
chr10	147106567	4.537412579	91.9237939
chr10	147106568	4.187787567	91.92379844
chr10	147106570	4.538450597	91.92380681
chr10	147106571	4.495233629	91.92381135
chr10	147166363	4.434973794	92.19259036
chr10	147166371	4.373454431	92.19262584
chr10	147166408	3.851948727	92.19278766
chr10	147166415	3.669851788	92.19281462
chr10	147170182	104.9295947	92.20663896
chr10	147170183	104.5322174	92.20674388
chr10	147170250	104.358901	92.21374754
chr10	147170290	106.8185928	92.2179219
chr10	147170291	4.553769817	92.21802872
chr10	147173089	4.498463241	92.23077017
chr10	147173199	8.088469571	92.231265
chr10	147173200	7.495449188	92.23127309
chr10	147173210	7.44137175	92.23134804
chr10	147173211	7.330971036	92.23135548
chr10	147175247	7.279356221	92.24628134
chr10	147175278	12.44663711	92.246507
chr10	147175279	11.70919393	92.24651944
chr10	147175330	14.38490593	92.24711661
chr10	147176676	14.3324335	92.2664787
chr10	147176691	14.8978406	92.26669368
chr10	147176692	14.32316019	92.26670858
chr10	147176701	16.87340264	92.26683749
chr10	147176702	7.304519698	92.26685436
chr10	147176704	7.699122023	92.26686897
chr10	147176705	4.932185033	92.26687667
chr10	147177101	5.991981027	92.26882982
chr10	147177120	6.093244486	92.26894366
chr10	147183198	4.924408817	92.3059784
chr10	147183205	5.044155728	92.30601288
chr10	147183206	4.478574789	92.30601792
chr10	147183337	7.620166812	92.30660461
chr10	147183338	7.06583443	92.30661223
chr10	147184342	6.584339339	92.31370633
chr10	147184455	7.014682467	92.31445036
chr10	147184456	6.065848424	92.31445738
chr10	147184603	7.5676964	92.31534906
chr10	147184604	4.618107175	92.31535662
chr10	147187421	5.396644866	92.32836583
chr10	147187422	4.736001735	92.32837123
chr10	147187463	4.69121872	92.3285654
chr10	147187466	4.972122011	92.32857948
chr10	147187471	5.113729493	92.32860434
chr10	147187503	5.395030147	92.32876798
chr10	147187543	5.592538159	92.32898378
chr10	147187544	4.341567748	92.32898937
chr10	147191677	4.394105361	92.34693307
chr10	147193412	4.459816554	92.35455684
chr10	147213451	4.659268043	92.44392711
chr10	147213452	3.750246677	92.44393177
chr10	147213453	3.623372267	92.44393552
chr10	147213462	3.588954343	92.44396813
chr10	147213470	3.69134793	92.44399684
chr10	147213502	3.656942881	92.44411496
chr10	147213873	3.119513608	92.44547169
chr10	147213928	3.23633526	92.44564326
chr10	147213929	2.756294222	92.4456465
chr10	147213993	1.744951177	92.4458229
chr10	147213996	1.846777976	92.44582813
chr10	147214009	1.654247691	92.44585214
chr10	147214038	1.624446758	92.44590012
chr10	147214049	1.563577224	92.44591799
chr10	147214287	1.440249791	92.44629012
chr10	147214348	1.644671794	92.44637797
chr10	147214571	2.350963399	92.44674473
chr10	147214572	2.13601952	92.44674708
chr10	147214615	2.42246675	92.44683893
chr10	147214616	2.287180699	92.44684136
chr10	147214622	2.600210188	92.44685508
chr10	147215077	2.78428786	92.44803817
chr10	147249401	2.193373299	92.54360607
chr10	147250058	2.088198948	92.54504712
chr10	147250126	2.971961621	92.54518911
chr10	147250127	2.211155176	92.54519209
chr10	147250138	2.107713671	92.54521641
chr10	147250354	2.049253023	92.54567168
chr10	147250528	2.671144941	92.54602825
chr10	147250529	2.504121573	92.54603092
chr10	147250561	4.268997046	92.54611105
chr10	147250562	4.012612027	92.54611532
chr10	147250723	5.00936855	92.54676135
chr10	147254116	5.138882543	92.56375814
chr10	147254117	4.104263872	92.56376327
chr10	147254174	3.918464615	92.56399722
chr10	147254285	3.961970325	92.56443217
chr10	147254289	3.078207657	92.56444802
chr10	147254309	5.083867889	92.56450958
chr10	147261668	14.36804678	92.60192176
chr10	147261669	12.53719991	92.60193613
chr10	147261670	12.20111659	92.60194867
chr10	147261705	12.06967566	92.60237571
chr10	147261710	12.17173059	92.60243606
chr10	147261711	11.50693683	92.60244823
chr10	147261757	11.68518799	92.60297755
chr10	147261837	11.73885132	92.60391236
chr10	147261840	11.792535	92.60394758
chr10	147262013	11.9730248	92.60598769
chr10	147262014	11.64718085	92.60599966
chr10	147262071	11.66937462	92.60666355
chr10	147262072	2.515365248	92.60667522
chr10	147262106	2.696619755	92.60676074
chr10	147262212	2.878888964	92.60704658
chr10	147262345	2.801807383	92.60742947
chr10	147262347	2.853274182	92.60743508
chr10	147262348	3.36520738	92.60743793
chr10	147262379	3.548047257	92.60754225
chr10	147262390	3.602165256	92.60758128
chr10	147282396	3.678813258	92.6796462
chr10	147282397	2.409800416	92.67964988
chr10	147282403	2.48676912	92.67966434
chr10	147282404	2.305514611	92.67966682
chr10	147282479	2.19036629	92.67983974
chr10	147282489	2.741955086	92.67986164
chr10	147282490	2.444188068	92.67986438
chr10	147282500	2.810866405	92.67988883
chr10	147282501	2.080350654	92.67989164
chr10	147282504	2.157200385	92.67989788
chr10	147282522	2.962211866	92.67993671
chr10	147282523	2.832697867	92.67993967
chr10	147282591	2.969777444	92.68013229
chr10	147282624	3.099800247	92.6802303
chr10	147330165	4.552316509	92.8275979
chr10	147330191	6.593146253	92.82771626
chr10	147330192	6.438895831	92.82772285
chr10	147330202	7.394757404	92.82778724
chr10	147330203	6.93203808	92.82779464
chr10	147330372	6.966190824	92.82896615
chr10	147330373	6.425710914	92.82897312
chr10	147330377	7.498648799	92.82899882
chr10	147330378	7.344973405	92.82900632
chr10	147330395	7.749448343	92.82913118
chr10	147330396	7.619137011	92.82913893
chr10	147330424	8.056552776	92.82935227
chr10	147331921	8.588676581	92.84141293
chr10	147332061	9.031995535	92.84261534
chr10	147332077	8.883575743	92.84275985
chr10	147332102	8.809370338	92.84298194
chr10	147333382	8.73703247	92.85425794
chr10	147333393	8.639407838	92.85435404
chr10	147333763	11.90575166	92.85755063
chr10	147333764	11.63934169	92.85756253
chr10	147333805	12.30717479	92.85803974
chr10	147333806	9.198771352	92.85805205
chr10	147333807	9.201460718	92.85806125
chr10	147333831	10.99023865	92.85828209
chr10	147333832	10.93877186	92.85829308
chr10	147333841	12.99755456	92.85839152
chr10	147333856	13.23234437	92.85858649
chr10	147333857	12.18484277	92.85859972
chr10	147333873	12.38036299	92.85879468
chr10	147333874	13.02109863	92.85880706
chr10	147333904	14.33693817	92.85919769
chr10	147338816	17.27187902	92.92962073
chr10	147338817	16.54392017	92.929638
chr10	147338835	25.99337419	92.92993579
chr10	147338836	24.51232254	92.92996179
chr10	147338850	24.77815376	92.93030496
chr10	147338851	24.73464804	92.93032974
chr10	147338939	25.00251146	92.93250639
chr10	147338940	24.2892906	92.93253139
chr10	147338942	24.53252107	92.93257997
chr10	147338943	24.4671949	92.9326045
chr10	147338953	24.68719753	92.93284917
chr10	147339490	31.29605729	92.9461062
chr10	147339491	27.24632745	92.94613749
chr10	147339507	27.47386805	92.94657343
chr10	147339576	27.92401705	92.94846913
chr10	147339577	27.29121623	92.94849706
chr10	147339615	27.57281622	92.94953412
chr10	147339616	16.87743198	92.94956169
chr10	147340359	20.18871933	92.96210163
chr10	147340360	14.37975029	92.96212182
chr10	147340843	15.00227612	92.96906723
chr10	147340950	15.25211341	92.97067248
chr10	147340951	13.48819199	92.97068773
chr10	147347904	13.7183246	93.06447113
chr10	147347905	13.57546147	93.06448485
chr10	147352297	13.25425456	93.12410827
chr10	147352612	14.52116364	93.12828336
chr10	147352660	14.60668511	93.12898038
chr10	147352661	13.02344148	93.12899499
chr10	147352674	12.59185859	93.12916429
chr10	147352679	18.02363704	93.12922725
chr10	147352680	14.87124817	93.12924527
chr10	147352689	16.25630112	93.12937912
chr10	147352690	15.3218458	93.12939537
chr10	147352901	15.98367419	93.13262828
chr10	147353052	17.43844049	93.13504182
chr10	147353053	17.13712157	93.13505925
chr10	147353113	17.19500917	93.13608748
chr10	147353140	16.65030296	93.13655175
chr10	147353183	16.39388367	93.13726771
chr10	147353834	17.28861008	93.14794013
chr10	147353835	16.0571403	93.14795742
chr10	147353990	15.57161025	93.15044627
chr10	147354017	15.6153565	93.15086671
chr10	147354018	12.59835219	93.15088232
chr10	147354038	14.9752718	93.15113429
chr10	147354067	15.03405845	93.15156857
chr10	147354068	14.79082799	93.15158361
chr10	147354084	17.07315056	93.15182026
chr10	147355516	15.58593585	93.17626901
chr10	147355581	12.41264205	93.1772821
chr10	147355619	8.600573481	93.17775378
chr10	147355675	8.699690014	93.17823541
chr10	147355676	6.556498942	93.17824411
chr10	147355695	8.144471238	93.17836868
chr10	147355696	5.635127559	93.17837683
chr10	147355927	5.724653271	93.17967854
chr10	147355929	5.821690777	93.17968999
chr10	147356067	7.484637592	93.18049338
chr10	147356068	7.262710703	93.18050087
chr10	147356100	7.049614613	93.18073328
chr10	147356221	7.350153707	93.18158628
chr10	147356228	7.394459445	93.18163773
chr10	147356231	7.230710824	93.18165991
chr10	147356237	7.009889504	93.1817033
chr10	147356421	7.06344581	93.18299312
chr10	147356429	7.137857425	93.18304963
chr10	147356451	7.198972114	93.18320666
chr10	147356452	7.353564972	93.18321386
chr10	147357947	7.576229307	93.19420744
chr10	147358459	7.629254554	93.19808647
chr10	147358460	6.235494379	93.1980941
chr10	147358499	31.78759967	93.19833728
chr10	147358500	30.27543198	93.19836907
chr10	147358607	29.01200341	93.20160854
chr10	147358618	28.9779556	93.20192767
chr10	147358624	29.02327034	93.20210154
chr10	147358641	30.62483069	93.20259493
chr10	147358642	30.49563505	93.20262556
chr10	147358650	30.64691425	93.20286952
chr10	147358652	30.98133834	93.20293082
chr10	147358653	7.091052687	93.2029618
chr10	147416296	7.419591583	93.61171135
chr10	147416297	7.358507336	93.61171877
chr10	147416319	7.484993532	93.61188066
chr10	147416461	7.297499267	93.61294353
chr10	147416509	7.922711944	93.61329381
chr10	147416510	7.859333755	93.61330173
chr10	147416650	8.516433951	93.61440203
chr10	147416651	7.657011058	93.61441055
chr10	147416661	7.985884213	93.61448712
chr10	147416665	7.922632417	93.61451906
chr10	147416669	7.864744823	93.61455076
chr10	147416695	7.802119645	93.61475524
chr10	147416698	7.675687782	93.61477864
chr10	147416707	8.601017269	93.61484773
chr10	147418259	8.548723843	93.6281965
chr10	147425095	9.744871292	93.68663558
chr10	147425096	9.636496692	93.68664533
chr10	147425117	8.997765143	93.68684769
chr10	147425544	8.945107971	93.69068974
chr10	147425551	8.902680922	93.69075235
chr10	147425620	9.171660596	93.69136664
chr10	147427583	9.401660279	93.70937061
chr10	147427584	9.367220766	93.70938001
chr10	147427842	9.457183154	93.71179675
chr10	147427843	8.930129496	93.71180621
chr10	147427844	9.919538087	93.71181514
chr10	147427845	9.101055255	93.71182506
chr10	147427847	12.46579473	93.71184326
chr10	147427848	9.717230623	93.71185573
chr10	147428747	14.90879055	93.72059152
chr10	147428748	13.08499862	93.72060643
chr10	147428779	13.13490047	93.72101206
chr10	147428892	13.52055078	93.72249631
chr10	147428893	13.22848887	93.72250983
chr10	147428906	13.14538941	93.7226818
chr10	147437905	12.69001089	93.84097716
chr10	147437961	13.13950436	93.8416878
chr10	147437981	13.09636896	93.84195059
chr10	147438066	14.43879512	93.84306378
chr10	147438067	13.63928939	93.84307822
chr10	147438096	16.82941894	93.84347376
chr10	147438097	13.52595518	93.84349059
chr10	147438110	13.13301445	93.84366642
chr10	147438118	12.95510562	93.84377149
chr10	147438138	18.45727331	93.84403059
chr10	147438139	18.36940452	93.84404905
chr10	147438431	21.14667357	93.84941291
chr10	147438432	20.38114675	93.84943406
chr10	147438957	21.0568316	93.86013416
chr10	147439087	20.37369641	93.86287155
chr10	147439225	20.05034398	93.86568312
chr10	147439263	27.43659535	93.86644503
chr10	147439264	27.0687987	93.86647247
chr10	147439266	40.71015427	93.86652661
chr10	147439267	33.78188408	93.86656732
chr10	147439297	38.08487381	93.86758077
chr10	147439298	36.67222161	93.86761886
chr10	147439299	38.77049573	93.86765553
chr10	147439300	38.28642805	93.8676943
chr10	147439807	50.12940601	93.88710552
chr10	147439808	36.15658908	93.88715565
chr10	147439813	43.46341102	93.88733643
chr10	147439814	31.13993929	93.8873799
chr10	147439928	31.14906758	93.89092985
chr10	147440012	32.95569803	93.89354637
chr10	147443073	33.00599131	93.99442376
chr10	147443165	44.95780927	93.99746031
chr10	147443166	43.86251186	93.99750527
chr10	147443698	45.48367981	94.02084013
chr10	147443699	42.70474222	94.02088561
chr10	147443706	44.5835033	94.02118454
chr10	147443707	36.48769736	94.02122913
chr10	147443780	30.50541445	94.02389273
chr10	147444001	30.64566143	94.03063443
chr10	147444002	30.60263248	94.03066507
chr10	147444402	26.95273261	94.04290613
chr10	147444451	27.06713902	94.04422681
chr10	147444452	24.07586813	94.04425388
chr10	147444498	24.12057279	94.04536137
chr10	147444499	22.66275252	94.04538549
chr10	147444560	25.53571115	94.04676791
chr10	147444561	16.94833259	94.04679345
chr10	147445406	13.69950643	94.06111479
chr10	147446085	15.3516801	94.07041676
chr10	147446086	12.05298815	94.07043211
chr10	147446137	12.05948108	94.07104681
chr10	147446138	11.63637671	94.07105887
chr10	147446145	12.43216683	94.07114032
chr10	147446146	6.226372776	94.07115276
chr10	147446623	6.278558648	94.07412274
chr10	147514296	12.3168473	94.49901164
chr10	147514297	10.00560286	94.49902395
chr10	147514298	9.95161985	94.49903396
chr10	147514349	11.48394138	94.49954149
chr10	147514350	11.38102555	94.49955297
chr10	147514356	14.51306828	94.49962126
chr10	147514357	14.07190519	94.49963577
chr10	147514360	14.13458158	94.49967799
chr10	147515651	14.1985994	94.51792573
chr10	147515652	14.1500912	94.51793993
chr10	147515694	14.21420384	94.51853424
chr10	147515695	13.89703967	94.51854845
chr10	147516225	13.91137269	94.52591388
chr10	147516226	13.71522894	94.52592779
chr10	147516749	14.00139237	94.53310086
chr10	147516750	6.298305039	94.53311486
chr10	147517101	6.767727356	94.53532556
chr10	147517102	6.561504982	94.53533233
chr10	147517122	7.334043786	94.53546356
chr10	147517123	5.624632609	94.5354709
chr10	147517156	6.096289468	94.53565651
chr10	147517157	5.602227797	94.53566261
chr10	147517160	6.320183473	94.53567941
chr10	147517161	4.936699941	94.53568573
chr10	147571105	4.878603016	94.80199107
chr10	147572990	4.812704682	94.81118724
chr10	147573060	4.750028294	94.81152413
chr10	147573072	4.684706774	94.81158113
chr10	147573078	5.494995108	94.81160924
chr10	147573079	3.561826935	94.81161473
chr10	147573120	3.718686187	94.81176077
chr10	147573121	3.143527495	94.81176449
chr10	147577706	3.240618554	94.82617756
chr10	147577707	3.17991328	94.8261808
chr10	147585309	3.191787641	94.8503545
chr10	147585310	2.834713391	94.85035769
chr10	147585845	2.947573577	94.85187427
chr10	147585846	2.89405544	94.85187721
chr10	147585942	2.953784133	94.85215504
chr10	147585952	3.289192705	94.85218458
chr10	147585953	3.184371761	94.85218787
chr10	147681889	3.281540316	95.15768376
chr10	147681890	3.129225902	95.15768704
chr10	147681908	3.15074179	95.15774337
chr10	147681909	2.767010166	95.15774652
chr10	147681911	2.616806887	95.15775205
chr10	147681936	2.749341064	95.15781747
chr10	147681937	2.705947562	95.15782022
chr10	147691385	3.437354763	95.18338601
chr10	147691386	2.369926534	95.18338945
chr10	147691388	2.241602848	95.18339419
chr10	147691391	2.322450058	95.18340092
chr10	147691392	2.232044144	95.18340324
chr10	147691395	2.274340101	95.18340993
chr10	147691843	2.508290692	95.18442884
chr10	147691844	2.400821343	95.18443135
chr10	147691860	2.938473017	95.18446976
chr10	147691861	2.839954448	95.1844727
chr10	147691862	2.964052871	95.18447554
chr10	147693835	2.982205689	95.19032361
chr10	147693840	3.61681345	95.19033853
chr10	147696876	3.721714528	95.20131917
chr10	147710909	4.419763982	95.25354599
chr10	147710910	3.247174794	95.25355041
chr10	147711661	3.300987253	95.25598904
chr10	147757992	3.219404626	95.40892708
chr10	147776313	3.242974272	95.46790979
chr10	147776328	3.281319221	95.46795844
chr10	147776507	3.588338117	95.46854579
chr10	147776508	3.417580061	95.46854938
chr10	147776509	3.475636419	95.4685528
chr10	147776510	3.3781397	95.46855627
chr10	147776513	3.437923539	95.46856641
chr10	147776514	3.39446305	95.46856985
chr10	147776516	3.40508666	95.46857664
chr10	147776648	3.272835175	95.46902611
chr10	147780029	3.661217249	95.48009156
chr10	147780030	3.427113441	95.48009522
chr10	147842972	3.227970746	95.6958046
chr10	147852782	3.292581013	95.72747099
chr10	147852783	3.184908538	95.72747428
chr10	147895145	3.173034179	95.86239338
chr10	147895519	3.217978232	95.86358009
chr10	147895520	3.018366289	95.86358331
chr10	147895572	3.006956516	95.86374027
chr10	147896508	3.023201302	95.86655478
chr10	147896509	2.974389801	95.8665578
chr10	147896639	2.956465162	95.86694447
chr10	147932407	2.991417077	95.97269132
chr10	147932408	2.867405509	95.97269431
chr10	147932442	2.760539849	95.9727918
chr10	147945085	2.77863586	96.00769331
chr10	147945086	2.758504683	96.00769609
chr10	147948215	2.744179627	96.01632745
chr10	147961073	2.929022401	96.05161211
chr10	147961074	2.670750743	96.05161504
chr10	147961125	2.723110981	96.05175125
chr10	147961126	2.513790199	96.05175397
chr10	147961162	2.553659655	96.05184446
chr10	147961163	2.20063628	96.05184702
chr10	147976075	2.174677481	96.08466291
chr10	147988624	2.202059305	96.11195293
chr10	147988889	2.316447905	96.11253648
chr10	147988890	2.195102714	96.1125388
chr10	147988958	2.396452487	96.11268806
chr10	147988959	2.362877737	96.11269046
chr10	147991218	2.34545683	96.1180282
chr10	147991243	2.165653798	96.11808684
chr10	147991259	2.156578867	96.11812149
chr10	147991340	2.148820613	96.11829617
chr10	147991341	2.176841846	96.11829832
chr10	147991342	2.043029479	96.1183005
chr10	147991359	2.001090706	96.11833523
chr10	147991360	2.125618295	96.11833723
chr10	147991361	1.859708489	96.11833935
chr10	147991371	1.96956519	96.11835795
chr10	147991372	1.939324357	96.11835992
chr10	147991381	1.922202211	96.11837738
chr10	148018892	1.887688503	96.17125908
chr10	148018910	2.103017209	96.17129306
chr10	148018911	2.044952577	96.17129516
chr10	148023448	2.101368025	96.18057311
chr10	148023449	1.952566023	96.18057521
chr10	148023763	1.976826518	96.18118832
chr10	148023769	2.050904925	96.18120018
chr10	148023770	2.005621971	96.18120223
chr10	148028582	2.032058583	96.19085328
chr10	148122026	2.023698693	96.38073697
chr10	148122637	2.166929136	96.38197345
chr10	148122638	1.993764495	96.38197561
chr10	148122829	2.15918871	96.38235642
chr10	148122830	1.878457335	96.38235858
chr10	148122984	2.14256778	96.38264786
chr10	148122985	2.062024464	96.38265001
chr10	148122986	2.213732344	96.38265207
chr10	148122987	2.043368212	96.38265428
chr10	148122993	2.284994508	96.38266654
chr10	148122994	2.265842992	96.38266883
chr10	148123098	3.190212851	96.38290447
chr10	148123099	3.068332251	96.38290766
chr10	148124119	3.400204918	96.38603736
chr10	148124120	3.329537646	96.38604076
chr10	148124152	3.486841008	96.38614731
chr10	148124163	3.478330493	96.38618566
chr10	148125077	3.491947575	96.38936486
chr10	148127838	3.50835677	96.39900613
chr10	148127839	3.49185495	96.39900963
chr10	148127917	3.569316291	96.399282
chr10	148127918	3.547253495	96.39928557
chr10	148161820	3.539094227	96.51954456
chr10	148162385	4.288750517	96.52154414
chr10	148162386	4.276867259	96.52154843
chr10	148167226	4.100215539	96.54224847
chr10	148167298	3.994097001	96.54254369
chr10	148167748	6.528825452	96.54434103
chr10	148167749	6.303267806	96.54434756
chr10	148167775	7.103073017	96.54451144
chr10	148167776	6.413032439	96.54451855
chr10	148167792	8.129741417	96.54462115
chr10	148167793	7.992151761	96.54462928
chr10	148169913	7.971827914	96.56157265
chr10	148171213	10.26871756	96.57193602
chr10	148171214	9.731860612	96.57194629
chr10	148171264	9.723868727	96.57243288
chr10	148171471	10.67135881	96.57444572
chr10	148175328	10.73446765	96.61560516
chr10	148175329	10.08567226	96.61561589
chr10	148175353	12.13531237	96.61585795
chr10	148175354	10.95753061	96.61587008
chr10	148175355	13.00945699	96.61588104
chr10	148175372	15.32551639	96.6161022
chr10	148175373	15.29629871	96.61611753
chr10	148175398	15.4426595	96.61649993
chr10	148175399	14.54530597	96.61651538
chr10	148175412	14.63804519	96.61670446
chr10	148175413	14.46635713	96.6167191
chr10	148175491	24.12279805	96.61784748
chr10	148175580	26.83065217	96.61999441
chr10	148175807	26.37413102	96.62608497
chr10	148175871	29.21733349	96.62777291
chr10	148175872	18.95836421	96.62780213
chr10	148175932	18.97985017	96.62893963
chr10	148175933	18.20037898	96.62895861
chr10	148176252	18.22136633	96.63476453
chr10	148176253	18.20172296	96.63478275
chr10	148176313	18.24032725	96.63587485
chr10	148176314	18.23104326	96.6358931
chr10	148176338	17.8005373	96.63633064
chr10	148176375	17.84675255	96.63698926
chr10	148176925	33.29161701	96.64680497
chr10	148176974	33.32957444	96.64843626
chr10	148176975	26.42548654	96.64846959
chr10	148176976	26.36932059	96.64849602
chr10	148177043	26.40805103	96.65026276
chr10	148177044	26.40015824	96.65028917
chr10	148177075	26.33199765	96.65110758
chr10	148177147	27.23293187	96.65300348
chr10	148177148	21.85886275	96.65303071
chr10	148177164	22.24868032	96.65338045
chr10	148177165	3.280092892	96.6534027
chr10	148177261	3.6865821	96.65371759
chr10	148177375	3.751103312	96.65413786
chr10	148177567	3.772243822	96.65485807
chr10	148177915	3.817592884	96.65617081
chr10	148177916	3.061666948	96.65617463
chr10	148252277	3.147019726	96.88384325
chr10	148252278	3.040497332	96.8838464
chr10	148252342	3.114916623	96.88404099
chr10	148252343	3.065978708	96.8840441
chr10	148252355	3.162470938	96.88408089
chr10	148254754	3.250690426	96.89166766
chr10	148254755	2.686271917	96.89167091
chr10	148255357	2.694512347	96.89328805
chr10	148255358	2.553523245	96.89329074
chr10	148255370	2.593602815	96.89332138
chr10	148255371	2.631836407	96.89332398
chr10	148255519	2.630575793	96.89371349
chr10	148255558	2.58365503	96.89381608
chr10	148255655	2.622467419	96.8940667
chr10	148255982	2.8228757	96.89492424
chr10	148255983	2.776660443	96.89492707
chr10	148256088	2.97755011	96.89521862
chr10	148256089	2.930944954	96.89522159
chr10	148270350	3.152435369	96.9370198
chr10	148270351	3.113034403	96.93702295
chr10	148270359	3.159018029	96.93704786
chr10	148271615	3.423406881	96.94101558
chr10	148271616	3.143654092	96.94101901
chr10	148328610	3.095036604	97.12018843
chr10	148328612	2.974254249	97.12019462
chr10	148328649	2.950218658	97.12030467
chr10	148328650	2.756317881	97.12030762
chr10	148330428	2.732194665	97.12520835
chr10	148331729	2.848600247	97.12876293
chr10	148338723	3.134355897	97.14868604
chr10	148345538	3.143015533	97.17004668
chr10	148345539	3.021154507	97.17004982
chr10	148345550	2.93633349	97.17008306
chr10	148345641	3.424066307	97.17035026
chr10	148345642	3.303644754	97.17035369
chr10	148345660	3.281797213	97.17041315
chr10	148345669	3.274332817	97.17044269
chr10	148346153	5.101349899	97.17202746
chr10	148346154	5.093978789	97.17203257
chr10	148347164	5.250611437	97.17717748
chr10	148347165	5.178705366	97.17718274
chr10	148350367	5.406915093	97.19376495
chr10	148350368	5.233993484	97.19377036
chr10	148350415	5.289568233	97.19401635
chr10	148350446	10.24833891	97.19418033
chr10	148350447	10.12457776	97.19419058
chr10	148351091	10.08558479	97.20071081
chr10	148351214	5.050636139	97.20195133
chr10	148351219	5.221274037	97.20197659
chr10	148351220	5.141792639	97.20198181
chr10	148351230	5.2269354	97.20203323
chr10	148351231	4.986229299	97.20203845
chr10	148351248	5.156585791	97.20212322
chr10	148351251	5.135454146	97.20213869
chr10	148351315	5.114351227	97.20246736
chr10	148351406	5.182143383	97.20293276
chr10	148351407	5.081596919	97.20293795
chr10	148351552	5.348886688	97.20367478
chr10	148351553	5.327899329	97.20368013
chr10	148351597	5.597515141	97.20391455
chr10	148351598	5.169086527	97.20392015
chr10	148351615	5.243985328	97.20400803
chr10	148351630	5.198005149	97.20408669
chr10	148351754	5.282537558	97.20473124
chr10	148351755	5.261466908	97.20473652
chr10	148351927	5.522808635	97.20564149
chr10	148351928	5.458179145	97.20564702
chr10	148352048	4.817664106	97.206302
chr10	148352180	4.828203444	97.20693793
chr10	148352181	4.798146642	97.20694276
chr10	148352269	4.886328128	97.20736499
chr10	148352270	3.683416893	97.20736988
chr10	148355702	3.760337319	97.22001137
chr10	148356568	3.875580632	97.22326782
chr10	148356569	3.538912983	97.2232717
chr10	148356580	3.716796112	97.22331062
chr10	148394090	3.630214699	97.36272765
chr10	148394108	3.512009763	97.36279299
chr10	148394117	3.286997275	97.3628246
chr10	148394123	3.199806451	97.36284432
chr10	148394166	3.087622493	97.36298191
chr10	148394240	10.23498501	97.3632104
chr10	148394241	9.791426212	97.36322063
chr10	148394258	24.46509548	97.36338708
chr10	148394259	24.10149984	97.36341155
chr10	148394440	28.53415525	97.36777392
chr10	148394441	28.07461849	97.36780246
chr10	148394486	32.82798282	97.36906581
chr10	148394548	33.17194511	97.37110115
chr10	148394615	38.78889777	97.37332367
chr10	148394616	38.69654982	97.37336246
chr10	148394627	44.50872042	97.37378812
chr10	148394628	44.49181161	97.37383263
chr10	148395259	46.92792871	97.40190696
chr10	148395260	25.14356734	97.40195389
chr10	148395268	28.63663056	97.40215504
chr10	148395269	26.81764362	97.40218367
chr10	148395270	9.442720777	97.40221049
chr10	148395277	9.358188369	97.40227659
chr10	148395289	9.893411345	97.40238889
chr10	148395290	9.888184637	97.40239878
chr10	148395302	9.921000671	97.40251744
chr10	148395331	12.65182533	97.40280515
chr10	148395498	13.45295182	97.404918
chr10	148395499	13.35841948	97.40493146
chr10	148400614	13.40792054	97.47325977
chr10	148400682	13.46468952	97.47417151
chr10	148400683	13.44835862	97.47418498
chr10	148400719	15.07543131	97.47466912
chr10	148400720	12.95973963	97.47468419
chr10	148400735	19.07833727	97.47487859
chr10	148400736	16.27468057	97.47489767
chr10	148400751	16.29704744	97.47514179
chr10	148401336	16.66243864	97.48467556
chr10	148401337	15.89363392	97.48469222
chr10	148401343	16.51029234	97.48478758
chr10	148401344	15.83250667	97.48480409
chr10	148401362	16.46415306	97.48508908
chr10	148401655	16.9104977	97.48991308
chr10	148402237	17.17633047	97.49975499
chr10	148402238	16.64916268	97.49977216
chr10	148402279	16.90577871	97.50045478
chr10	148402408	18.41542172	97.50263562
chr10	148402409	16.21762962	97.50265404
chr10	148402452	17.04406985	97.5033514
chr10	148402474	17.34818486	97.50372637
chr10	148402499	17.66382013	97.50416007
chr10	148402522	17.69883421	97.50456634
chr10	148402528	17.9693285	97.50467253
chr10	148403531	18.01154694	97.52269577
chr10	148403532	17.93462652	97.52271378
chr10	148403589	17.99296631	97.52373605
chr10	148403592	18.00823317	97.52379003
chr10	148403603	18.26072812	97.52398812
chr10	148406552	18.67928444	97.57783901
chr10	148406553	18.35352704	97.57785769
chr10	148406774	19.57150453	97.58191382
chr10	148407576	19.97848506	97.59761017
chr10	148407584	20.18486896	97.59776999
chr10	148407585	20.16058397	97.59779018
chr10	148407605	20.17308432	97.59819339
chr10	148407606	20.16925778	97.59821356
chr10	148407756	20.19205993	97.60123895
chr10	148408896	20.30353216	97.6242579
chr10	148415820	20.31648762	97.76483956
chr10	148415835	20.34155527	97.7651443
chr10	148415836	16.92996301	97.76516465
chr10	148415843	17.0244565	97.76528316
chr10	148415844	16.66647995	97.76530018
chr10	148415911	16.86703505	97.76641683
chr10	148416045	17.02251485	97.76867702
chr10	148416046	13.74501428	97.76869404
chr10	148416615	13.83220075	97.77651495
chr10	148416616	12.19047407	97.77652879
chr10	148416617	12.36115911	97.77654098
chr10	148416618	12.12975436	97.77655334
chr10	148416701	12.29929441	97.77756011
chr10	148416702	10.04788537	97.77757241
chr10	148418124	10.40950926	97.7918605
chr10	148418125	9.542462908	97.79187091
chr10	148418155	11.45566873	97.79215718
chr10	148418156	8.054534946	97.79216864
chr10	148418173	8.423934943	97.79230556
chr10	148418174	6.941661452	97.79231399
chr10	148454777	6.991029039	98.04639962
chr10	148454778	6.896535544	98.04640661
chr10	148506991	6.947394041	98.40649542
chr10	148506992	6.877189221	98.40650237
chr10	148507011	6.940368237	98.40663304
chr10	148507012	6.4235236	98.40663998
chr10	148507414	6.49055778	98.40922224
chr10	148507415	5.013918196	98.40922873
chr10	148507549	4.981153889	98.40990059
chr10	148507596	5.044978465	98.41013471
chr10	148507597	4.118306322	98.41013975
chr10	148507904	4.253473094	98.41140407
chr10	148507905	4.09016134	98.41140832
chr10	148507909	4.289103117	98.41142468
chr10	148507910	3.538125299	98.41142897
chr10	148507912	3.602297213	98.41143605
chr10	148507913	3.479343919	98.41143965
chr10	148507927	3.397378407	98.41148836
chr10	148507956	3.525827523	98.41158689
chr10	148507957	3.152181333	98.41159041
chr10	148508334	3.216829086	98.41277878
chr10	148508335	2.766772978	98.412782
chr10	148562207	2.741601565	98.5618336
chr10	148562298	2.606923118	98.56208308
chr10	148562322	2.539314901	98.56214565
chr10	148562362	2.420731024	98.56224722
chr10	148562601	2.426273625	98.56282577
chr10	148562602	2.300168511	98.5628282
chr10	148562720	2.371986739	98.56309962
chr10	148562721	2.231869973	98.56310199
chr10	148565238	1.978408349	98.56871961
chr10	148565239	2.05925015	98.56872159
chr10	148565240	1.767345755	98.56872365
chr10	148565243	1.821192484	98.56872895
chr10	148565244	1.233413299	98.56873077
chr10	148569104	1.261113013	98.57349175
chr10	148569105	1.238310865	98.57349301
chr10	148569132	1.282884994	98.57352644
chr10	148569155	1.237359383	98.57355595
chr10	148569178	1.251989076	98.57358441
chr10	148569179	1.23014737	98.57358566
chr10	148569269	14.07733868	98.57369637
chr10	148569270	14.05619452	98.57371045
chr10	148569314	29.19654017	98.57432892
chr10	148569315	29.17471609	98.57435812
chr10	148569434	29.2026198	98.57782991
chr10	148569480	29.15752287	98.57917323
chr10	148569556	33.42295975	98.5813892
chr10	148569557	5.46412504	98.58142263
chr10	148569603	7.346513459	98.58167397
chr10	148569612	7.32464995	98.58174009
chr10	148571621	8.473817175	98.59645532
chr10	148571622	4.912245063	98.59646379
chr10	148571627	4.999607732	98.59648835
chr10	148571629	5.361895944	98.59649835
chr10	148571630	3.546847111	98.59650371
chr10	148571631	3.579536867	98.59650726
chr10	148571677	3.667003382	98.59667192
chr10	148571733	4.082692044	98.59687727
chr10	148571734	4.007205805	98.59688135
chr10	148571741	4.113165943	98.5969094
chr10	148571742	4.090893989	98.59691352
chr10	148611981	4.504124149	98.761527
chr10	148611982	3.956922862	98.7615315
chr10	148612001	4.36838413	98.76160668
chr10	148612044	4.409379216	98.76179452
chr10	148612070	4.450633568	98.76190917
chr10	148612071	4.599573298	98.76191362
chr10	148612091	4.643766209	98.76200561
chr10	148612107	10.63904702	98.76207991
chr10	148612431	10.73194665	98.76552696
chr10	148612432	10.55598883	98.76553769
chr10	148612498	10.59750902	98.76623439
chr10	148612524	10.86335199	98.76650992
chr10	148612525	10.77316019	98.76652079
chr10	148612533	10.68323293	98.76660697
chr10	148613739	10.87681366	98.77949095
chr10	148613740	10.61871669	98.77950183
chr10	148613879	10.70879257	98.78097783
chr10	148613893	10.72614257	98.78112775
chr10	148613934	10.7712534	98.78156753
chr10	148613947	10.83369737	98.78170755
chr10	148613948	4.766598335	98.78171839
chr10	148651265	4.99382908	98.95959354
chr10	148651266	4.902603048	98.95959853
chr10	148651670	5.528117939	98.96157918
chr10	148651671	4.740561259	98.96158471
chr10	148651677	4.761715262	98.96161315
chr10	148651696	5.013230165	98.96170363
chr10	148651697	4.940543604	98.96170864
chr10	148651698	4.850509018	98.96171358
chr10	148651804	5.72687614	98.96222773
chr10	148651805	5.267960321	98.96223346
chr10	148651826	23.17924302	98.96234409
chr10	148651827	22.94976478	98.96236727
chr10	148651829	23.03283516	98.96241317
chr10	148651839	23.49812758	98.96264349
chr10	148651840	23.26995773	98.96266699
chr10	148651873	24.78670822	98.9634349
chr10	148651874	24.72651899	98.96345969
chr10	148652008	25.83042854	98.96677304
chr10	148652009	25.69542048	98.96679887
chr10	148652033	26.07667236	98.96741556
chr10	148652034	8.295772765	98.96744164
chr10	148652075	8.765424752	98.96778176
chr10	148652076	8.673665085	98.96779053
chr10	148692767	8.493135436	99.32073064
chr10	148692771	8.403621702	99.32076461
chr10	148692778	8.314064388	99.32082343
chr10	148694660	8.830140134	99.3364705
chr10	148695342	8.756698309	99.34249266
chr10	148695349	8.667857886	99.34255396
chr10	148695490	9.82014825	99.34377612
chr10	148695491	8.61310023	99.34378594
chr10	148695566	8.629998248	99.34443193
chr10	148695567	9.178943799	99.34444056
chr10	148695568	8.732602678	99.34444974
chr10	148695575	8.533741321	99.34451086
chr10	148695585	7.732977101	99.3445962
chr10	148696117	9.028436253	99.34871014
chr10	148696118	8.779318847	99.34871917
chr10	148697471	8.766802333	99.36059759
chr10	148697908	8.786034087	99.36442868
chr10	148697909	8.557554684	99.36443747
chr10	148699340	8.582593397	99.37668333
chr10	148699800	8.625571354	99.38063132
chr10	148699801	8.602029527	99.38063995
chr10	148700274	8.380147534	99.38470871
chr10	148700286	10.87953883	99.38480927
chr10	148701051	10.83819129	99.39313212
chr10	148701108	10.7966711	99.3937499
chr10	148701248	10.44210016	99.39526143
chr10	148701251	10.24493337	99.39529276
chr10	148701262	23.16706372	99.39540545
chr10	148701263	22.2292403	99.39542862
chr10	148701277	22.11274189	99.39573983
chr10	148701284	21.99371046	99.39589462
chr10	148701758	19.19907502	99.40631963
chr10	148701760	37.50307498	99.40635803
chr10	148701761	29.68690143	99.40639554
chr10	148701789	29.12983059	99.40722677
chr10	148701795	28.90844151	99.40740155
chr10	148701797	27.53898887	99.40745936
chr10	148701826	49.43841739	99.408258
chr10	148701827	49.13327024	99.40830743
chr10	148701834	48.15643533	99.40865137
chr10	148701918	47.44116896	99.41269651
chr10	148701924	47.52232503	99.41298115
chr10	148701925	40.99045335	99.41302868
chr10	148701961	22.65954323	99.41450433
chr10	148701994	0.7601147036	99.4152521
chr10	148702010	0.7574327867	99.41526426
chr10	148702016	0.7451968422	99.4152688
chr10	148702100	0.7183147941	99.4153314
chr10	148702499	0.7781473522	99.41561801
chr10	148702524	2.45108363	99.41563746
chr10	148704811	3.562342727	99.42124309
chr10	148704812	1.954342731	99.42124665
chr10	148704846	2.016493956	99.4213131
chr10	148704852	2.078651484	99.4213252
chr10	148705026	2.53808123	99.42168688
chr10	148763748	2.038229309	99.57072809
chr10	148763988	2.634682133	99.57121727
chr10	148763989	2.014411617	99.5712199
chr10	148764041	2.422601824	99.57132465
chr10	148764042	2.030918004	99.57132707
chr10	148764080	2.090793407	99.57140425
chr10	148773121	2.260250398	99.59030711
chr10	148773122	2.098505909	99.59030937
chr10	148789585	2.200871007	99.62485707
chr10	148810124	2.352955335	99.67006076
chr10	148810125	2.267406094	99.67006312
chr10	148810141	2.107975334	99.67009939
chr10	148810143	1.928887251	99.67010361
chr10	148810149	2.27891141	99.67011518
chr10	148810150	2.085333873	99.67011746
chr10	148810157	2.005554534	99.67013206
chr10	148810262	1.970665306	99.67034264
chr10	148810363	2.649528085	99.67054168
chr10	148810364	2.554778469	99.67054433
chr10	148810471	5.566918034	99.67081769
chr10	148810472	5.408532195	99.67082326
chr10	148810535	5.661986108	99.671164
chr10	148810536	5.627187299	99.67116966
chr10	148820659	7.352374979	99.72813367
chr10	148820660	5.803720463	99.72814103
chr10	148825508	5.81301714	99.75627746
chr10	148825509	4.792547845	99.75628328
chr10	148825516	4.548007865	99.75631682
chr10	148825526	4.141389816	99.75636231
chr10	148825542	13.07125387	99.75642857
chr10	148825543	12.58305005	99.75644164
chr10	148825596	22.76304154	99.75710854
chr10	148825597	22.61776498	99.7571313
chr10	148825619	21.72953726	99.75762889
chr10	148825644	21.90822707	99.75817213
chr10	148825645	21.66576602	99.75819404
chr10	148825649	21.72533411	99.7582807
chr10	148825650	20.98818644	99.75830243
chr10	148825726	20.72964042	99.75989753
chr10	148825829	21.7430175	99.76203268
chr10	148825830	21.72853792	99.76205443
chr10	148825944	21.79868383	99.76453148
chr10	148825945	21.7641944	99.76455328
chr10	148825953	21.77413921	99.76472739
chr10	148825954	12.84427515	99.76474917
chr10	148825971	13.24366646	99.76496752
chr10	148825972	3.450151275	99.76498076
chr10	148833178	3.496297552	99.78984255
chr10	148833179	2.833721216	99.78984605
chr10	148833189	2.891409123	99.78987439
chr10	148836558	2.520005594	99.79961554
chr10	148836559	2.17252694	99.79961806
chr10	148836606	2.191015176	99.79972017
chr10	148839224	2.250556498	99.80545625
chr10	148839337	2.433584175	99.80571056
chr10	148843055	2.892809775	99.81475863
chr10	148843056	2.355537134	99.81476152
chr10	148886450	2.101191888	99.9169777
chr10	148886475	2.296878122	99.91703023
chr10	148886476	2.216825505	99.91703253
chr10	148886591	2.156276083	99.91728746
chr10	148887411	3.046645062	99.91905561
chr10	148887412	2.515193142	99.91905866
chr10	148896882	2.435728928	99.94287753
chr10	148896908	2.299093867	99.94294086
chr10	148896959	2.280171842	99.94305812
chr10	148896964	2.544971764	99.94306952
chr10	148896965	2.419038564	99.94307206
chr10	148896974	2.370829117	99.94309383
chr10	148897099	2.494697313	99.94339019
chr10	148897100	2.431004223	99.94339268
chr10	148912282	2.43888141	99.98030019
chr10	148912283	1.443156135	99.98030263
chr10	148912905	1.347076988	99.98120027
chr10	148913280	1.386129568	99.98170542
chr10	148913281	1.344059582	99.98170681
chr10	148913289	1.409051308	99.98171756
chr10	148913290	1.249987672	99.98171897
chr10	148919101	1.263278944	99.98898265
chr10	148921673	1.273009758	99.9922318
chr10	148921682	1.68417471	99.99224326
chr10	148921759	1.696257947	99.99237294
chr10	148921948	1.663357103	99.99269354
chr10	148923025	1.518209835	99.99448497
chr10	148923031	1.545182988	99.99449408
chr10	148925284	1.845932275	99.99797538
chr10	148925285	1.803126108	99.99797722
chr10	148925828	1.814026867	99.99895632
chr10	148928095	1.827781915	100.0030687
chr10	148930629	1.893610332	100.0077003
chr10	148930630	1.451826748	100.0077022
chr10	148930735	1.28378125	100.0078547
chr10	148930747	1.864999945	100.0078701
chr10	148930748	1.729354339	100.0078719
chr10	148930765	1.798716713	100.0079013
chr10	148930814	1.811384146	100.0079895
chr10	148991749	1.85563913	100.1183662
chr10	149194792	1.841705506	100.4951407
chr10	149195568	1.760440218	100.4965699
chr10	149195592	2.011909757	100.4966121
chr10	149195593	2.000007812	100.4966141
chr10	149195656	2.376505591	100.4967401
chr10	149195657	2.362617468	100.4967425
chr10	149195667	2.274402732	100.4967661
chr10	149195705	2.247488926	100.4968525
chr10	149195752	2.37415491	100.4969582
chr10	149195792	2.393912626	100.4970531
chr10	149195904	4.92322161	100.4973213
chr10	149195905	4.893899543	100.4973262
chr10	149195906	5.788097312	100.4973311
chr10	149195907	5.367591605	100.4973369
chr10	149195911	5.353716787	100.4973583
chr10	149195912	5.325967237	100.4973637
chr10	149195934	5.770841298	100.4974809
chr10	149195935	5.61066907	100.4974866
chr10	149196085	6.28629698	100.4983282
chr10	149196086	6.244697139	100.4983345
chr10	149196107	6.308305438	100.4984657
chr10	149198142	6.439248381	100.5113031
chr10	149198143	6.412281314	100.5113095
chr10	149198226	7.722308155	100.5118417
chr10	149198227	7.70939621	100.5118494
chr10	149199464	7.779041908	100.521386
chr10	149199465	7.765350595	100.5213937
chr10	149218603	7.810683201	100.670007
chr10	149218604	7.469816754	100.6700148
chr10	149218689	7.279362516	100.6706498
chr10	149218740	7.312014574	100.671021
chr10	149218741	8.430861584	100.6710283
chr10	149218742	8.59300583	100.6710368
chr10	149218743	8.431903063	100.6710454
chr10	149218752	8.272606909	100.6711212
chr10	149218782	8.250444819	100.6713694
chr10	149221048	8.321505661	100.6900649
chr10	149221049	8.296627098	100.6900732
chr10	149221066	8.283954472	100.6902143
chr10	149221159	8.140053976	100.6909847
chr10	149221203	7.979932811	100.6913429
chr10	149221251	8.790390467	100.6917259
chr10	149221252	8.730900348	100.6917347
chr10	149221481	8.718245812	100.6937341
chr10	149222001	9.373749165	100.6982676
chr10	149222002	7.346570417	100.6982769
chr10	149222014	7.77951297	100.6983651
chr10	149222015	7.471545253	100.6983729
chr10	149222030	7.557830203	100.6984849
chr10	149222069	8.555521346	100.6987797
chr10	149222127	8.536625889	100.6992759
chr10	149222142	9.938092361	100.699404
chr10	149222143	9.773079698	100.6994139
chr10	149225211	8.448747305	100.7293977
chr10	149225276	8.43988524	100.7299469
chr10	149226238	9.908854324	100.738066
chr10	149226239	8.490666373	100.738076
chr10	149226326	8.743347394	100.7388146
chr10	149226327	8.612423083	100.7388234
chr10	149226386	8.877265813	100.7393315
chr10	149226387	6.947729517	100.7393404
chr10	149251783	7.377682067	100.9157849
chr10	149251784	6.957564074	100.9157923
chr10	149251912	6.625461803	100.9166829
chr10	149252290	6.425108902	100.9191873
chr10	149252545	6.360154117	100.9208257
chr10	149252575	6.351636015	100.9210165
chr10	149252582	5.949141375	100.921061
chr10	149252723	6.315239588	100.9218998
chr10	149252724	5.911846338	100.9219061
chr10	149252959	5.990456316	100.9232954
chr10	149252960	5.925973979	100.9233014
chr10	149252984	5.911890476	100.9234436
chr10	149253946	6.319231488	100.9291309
chr10	149253947	5.85127602	100.9291372
chr10	149255201	6.468606955	100.9364747
chr10	149255202	6.398096026	100.9364811
chr10	149255301	6.384136337	100.9371146
chr10	149255339	6.66028315	100.9373572
chr10	149259115	6.71471139	100.9625064
chr10	149259116	6.668823449	100.9625131
chr10	149259215	6.856499361	100.9631733
chr10	149260340	5.722932086	100.9708869
chr10	149260451	5.615396822	100.9715221
chr10	149261167	7.597840494	100.9755427
chr10	149261168	7.541466121	100.9755503
chr10	149262960	7.440872694	100.9890646
chr10	149262978	6.606594593	100.9891986
chr10	149263023	6.361900762	100.9894959
chr10	149263076	6.272330366	100.9898331
chr10	149263311	6.304244863	100.9913071
chr10	149263312	6.205008101	100.9913134
chr10	149263332	6.538125234	100.9914375
chr10	149263333	6.438944638	100.991444
chr10	149263337	5.757856966	100.9914698
chr10	149264669	4.514236295	100.9991392
chr10	149264705	4.418593173	100.9993017
chr10	149268095	4.250878774	101.0142808
chr10	149268214	5.165918382	101.0147866
chr10	149268635	4.992363461	101.0169615
chr10	149268661	5.4744783	101.0170913
chr10	149268662	4.154354708	101.0170967
chr10	149268693	4.187832147	101.0172255
chr10	149268694	4.050631195	101.0172297
chr10	149268697	4.25464593	101.0172419
chr10	149268698	4.089210491	101.0172461
chr10	149271873	4.450279519	101.0302294
chr10	149271874	4.328061183	101.0302338
chr10	149272821	5.124829201	101.0343325
chr10	149272822	3.44315359	101.0343376
chr10	149272870	3.675709451	101.0345029
chr10	149272871	3.361363585	101.0345066
chr10	149272889	3.496297348	101.0345671
chr10	149272908	3.633306397	101.0346335
chr10	149299030	3.953186948	101.1295427
chr10	149299031	3.740604818	101.1295467
chr10	149299054	3.779229771	101.1296327
chr10	149299760	6.568085126	101.1323009
chr10	149299761	5.545036774	101.1323074
chr10	149299799	6.016439457	101.1325181
chr10	149299800	5.748330241	101.1325241
chr10	149300106	6.749155531	101.1342831
chr10	149300107	6.632158019	101.1342899
chr10	149300109	6.679036333	101.1343032
chr10	149300154	6.868950024	101.1346037
chr10	149300155	6.599418179	101.1346106
chr10	149300233	6.753947296	101.1351253
chr10	149300398	7.827106758	101.1362397
chr10	149310141	7.471362803	101.2124992
chr10	149310169	9.24527987	101.2127084
chr10	149310170	8.891859695	101.2127177
chr10	149310182	8.945640689	101.2128244
chr10	149310872	8.858480849	101.2189969
chr10	149310954	8.913372367	101.2197233
chr10	149311680	15.57841583	101.2261944
chr10	149311681	15.16589081	101.22621
chr10	149311687	15.40759247	101.2263009
chr10	149311688	15.322014	101.2263164
chr10	149311761	15.01544754	101.2274349
chr10	149311762	14.69169676	101.2274499
chr10	149311841	14.74402886	101.2286105
chr10	149311867	14.8554038	101.2289939
chr10	149312218	15.66193809	101.2342081
chr10	149312219	14.30811948	101.2342238
chr10	149312231	14.70732164	101.2343955
chr10	149312232	7.148893746	101.2344102
chr10	149312239	7.250945998	101.2344602
chr10	149312240	6.84681391	101.2344675
chr10	149312242	7.073233661	101.2344812
chr10	149312243	5.299316602	101.2344882
chr10	149312251	5.93825402	101.2345306
chr10	149312252	5.84713973	101.2345366
chr10	149331386	5.83521095	101.3464157
chr10	149331413	5.717215309	101.3465733
chr10	149331415	6.125239281	101.3465847
chr10	149331416	6.080715648	101.3465909
chr10	149331548	6.314495408	101.3473935
chr10	149331549	6.008113368	101.3473998
chr10	149331577	6.165275508	101.3475681
chr10	149331578	6.161323066	101.3475742
chr10	149331608	7.574409636	101.3477591
chr10	149331609	7.414601203	101.3477666
chr10	149332698	7.583763191	101.3558411
chr10	149333653	7.715505363	101.3630836
chr10	149333694	7.85951552	101.3634
chr10	149333695	7.751099313	101.3634078
chr10	149375063	9.135312013	101.6840553
chr10	149375064	8.874399288	101.6840644
chr10	149375217	9.073103292	101.6854222
chr10	149376123	8.744567448	101.6936424
chr10	149376178	10.90890547	101.6941234
chr10	149376179	10.12115987	101.6941343
chr10	149376189	9.863977813	101.6942355
chr10	149376203	9.239783026	101.6943736
chr10	149377934	8.977838451	101.7103677
chr10	149377939	8.930540078	101.7104126
chr10	149377978	10.56744662	101.7107609
chr10	149377979	10.33919561	101.7107714
chr10	149377982	10.18052463	101.7108024
chr10	149377989	9.989324936	101.7108737
chr10	149378033	9.638314444	101.7113132
chr10	149378524	9.60349225	101.7160457
chr10	149378590	16.51241197	101.7166795
chr10	149378591	15.16004995	101.716696
chr10	149378624	34.90600332	101.7171963
chr10	149378625	34.71694344	101.7172312
chr10	149378663	37.0377047	101.7185504
chr10	149378664	36.94424414	101.7185875
chr10	149378707	36.71371471	101.7201761
chr10	149378738	47.10051132	101.7213142
chr10	149378739	47.06608406	101.7213613
chr10	149378820	47.38487752	101.7251736
chr10	149378821	28.5761089	101.725221
chr10	149378896	31.35743201	101.7273642
chr10	149378897	31.20183116	101.7273956
chr10	149378944	35.18826574	101.7288621
chr10	149378945	34.93166791	101.7288973
chr10	149379052	37.27679016	101.732635
chr10	149379060	39.66336764	101.7329332
chr10	149379092	43.72155217	101.7342024
chr10	149379093	42.45942387	101.7342461
chr10	149379103	42.38205863	101.7346707
chr10	149379291	47.75158749	101.7426385
chr10	149379292	42.43354267	101.7426863
chr10	149379316	44.19882345	101.7437047
chr10	149379339	46.17039052	101.7447213
chr10	149379340	46.16251332	101.7447674
chr10	149379349	46.3611905	101.7451829
chr10	149379358	46.55996429	101.7456002
chr10	149379963	49.01803337	101.7737689
chr10	149379964	43.0162324	101.773818
chr10	149379970	44.65176882	101.774076
chr10	149379976	47.69512172	101.774344
chr10	149379988	47.90195239	101.7749163
chr10	149380641	48.1166652	101.8061963
chr10	149381698	48.32370538	101.8570556
chr10	149381987	48.25095555	101.8710211
chr10	149381997	48.61949836	101.8715037
chr10	149381998	48.54339734	101.8715523
chr10	149382002	49.34346344	101.8717464
chr10	149382003	42.04301864	101.8717958
chr10	149382020	43.2454712	101.8725105
chr10	149382022	39.27137563	101.872597
chr10	149382133	39.50520708	101.8769561
chr10	149382134	37.01426913	101.8769956
chr10	149382144	34.33694252	101.8773658
chr10	149382235	36.68473468	101.8804904
chr10	149382236	32.15514518	101.8805271
chr10	149382752	42.78754197	101.8971192
chr10	149382753	31.88420703	101.897162
chr10	149382781	32.32125906	101.8980547
chr10	149382782	34.17815209	101.898087
chr10	149382783	31.9081009	101.8981212
chr10	149382790	32.34645476	101.8983446
chr10	149382806	32.58742306	101.8988621
chr10	149385059	31.98577073	101.9722816
chr10	149391183	30.62805664	102.1681625
chr10	149391199	18.99938931	102.1686525
chr10	149391200	18.56233728	102.1686715
chr10	149391208	19.12905077	102.16882
chr10	149391209	18.36686645	102.1688391
chr10	149391729	18.07047525	102.1783899
chr10	149391906	16.86473874	102.1815884
chr10	149392072	15.67550602	102.1843879
chr10	149392135	14.19965962	102.1853755
chr10	149394305	14.79343524	102.2161887
chr10	149394306	13.47600075	102.2162035
chr10	149397699	13.51339914	102.2619276
chr10	149397700	11.33122289	102.2619411
chr10	149397720	11.13890172	102.2621677
chr10	149397776	8.064115963	102.2627915
chr10	149397863	7.443253547	102.2634931
chr10	149397866	19.25836737	102.2635154
chr10	149397867	17.36418647	102.2635347
chr10	149397952	17.92656862	102.2650106
chr10	149397953	17.75760861	102.2650286
chr10	149397967	17.79508854	102.2652772
chr10	149397968	17.79015605	102.265295
chr10	149398039	22.23822033	102.2665581
chr10	149398074	21.38652627	102.2673364
chr10	149398078	21.12032005	102.267422
chr10	149398131	25.09343452	102.2685413
chr10	149398132	24.66877041	102.2685664
chr10	149398155	24.66431911	102.2691338
chr10	149398178	24.46219275	102.2697011
chr10	149398187	26.69601425	102.2699212
chr10	149398188	15.27022545	102.2699479
chr10	149399055	15.34478726	102.2831872
chr10	149399057	11.37167281	102.2832179
chr10	149399078	11.36434361	102.2834567
chr10	149399467	11.64928041	102.2878774
chr10	149399468	11.44224023	102.2878891
chr10	149399567	11.45968021	102.2890219
chr10	149399580	11.91433962	102.2891709
chr10	149399581	11.73878473	102.2891828
chr10	149399648	12.60462045	102.2899693
chr10	149399649	10.31946269	102.2899819
chr10	149399739	10.37286042	102.2909106
chr10	149399740	7.993383145	102.290921
chr10	149399761	8.073883419	102.2910889
chr10	149399775	8.018242271	102.2912019
chr10	149399833	12.07545479	102.291667
chr10	149399834	9.471092057	102.291679
chr10	149400927	9.268665427	102.3020309
chr10	149400937	9.417239781	102.3021236
chr10	149400938	6.051200422	102.302133
chr10	149400965	6.594321767	102.3022964
chr10	149404493	7.612527583	102.3255612
chr10	149404494	6.290941142	102.3255688
chr10	149404579	6.279308466	102.3261035
chr10	149407335	6.383819553	102.3434093
chr10	149407336	6.253558123	102.3434157
chr10	149407671	6.268086821	102.3455106
chr10	149407672	5.689526827	102.3455169
chr10	149407676	5.561691386	102.3455397
chr10	149407738	5.700982797	102.3458845
chr10	149407739	4.966632946	102.3458902
chr10	149407833	5.094628493	102.346357
chr10	149407967	5.167033271	102.3470397
chr10	149407993	5.159831965	102.3471741
chr10	149408321	5.512883178	102.3488665
chr10	149408322	4.043039041	102.348872
chr10	149408323	3.609693458	102.348876
chr10	149408385	4.364671084	102.3490998
chr10	149408422	4.702430099	102.3492613
chr10	149410826	4.841584527	102.360566
chr10	149410827	4.618905436	102.3605708
chr10	149412247	5.047897091	102.3671297
chr10	149412248	4.543456843	102.3671347
chr10	149412309	4.665164607	102.3674119
chr10	149412327	5.187983746	102.3674958
chr10	149412328	5.155300353	102.367501
chr10	149412341	5.173844883	102.367568
chr10	149412342	5.171979707	102.3675732
chr10	149412354	5.340769173	102.3676353
chr10	149412378	6.032116048	102.3677635
chr10	149412379	5.701738015	102.3677695
chr10	149412409	5.940849498	102.3679405
chr10	149434150	6.038091684	102.4971006
chr10	149434151	5.480590289	102.4971066
chr10	149434199	5.369980465	102.4973697
chr10	149434206	6.172079082	102.4974073
chr10	149434207	6.003537046	102.4974134
chr10	149436576	6.477182154	102.5116358
chr10	149436577	5.836168061	102.5116423
chr10	149436658	5.861791595	102.512115
chr10	149436760	5.917919133	102.5127129
chr10	149441173	5.662469632	102.5388287
chr10	149441829	5.791116463	102.5425433
chr10	149442537	6.297987227	102.5466434
chr10	149442538	5.440339428	102.5466497
chr10	149442598	5.333001816	102.5469761
chr10	149444266	5.351284532	102.5558715
chr10	149445434	5.128686275	102.5621218
chr10	149445463	5.155868024	102.5622706
chr10	149445464	5.050117213	102.5622757
chr10	149445468	5.142460552	102.5622959
chr10	149445469	4.988288105	102.5623011
chr10	149445492	5.544444264	102.5624158
chr10	149445493	4.583100542	102.5624214
chr10	149448381	5.155294709	102.5756573
chr10	149448398	5.080732887	102.575745
chr10	149448785	5.461351334	102.5777112
chr10	149448864	8.131700396	102.5781427
chr10	149448917	8.228674034	102.5785737
chr10	149448918	8.037361991	102.5785819
chr10	149457512	7.611933685	102.647655
chr10	149457519	10.76923935	102.6477083
chr10	149457520	10.34420423	102.647719
chr10	149457525	16.3740205	102.6477707
chr10	149457526	15.86778994	102.6477871
chr10	149458703	15.89791937	102.6664635
chr10	149458704	15.74773959	102.6664794
chr10	149458733	15.77814843	102.6669361
chr10	149458764	20.38110087	102.6674252
chr10	149458765	13.48524591	102.6674456
chr10	149458779	13.60941278	102.6676344
chr10	149458780	13.53700799	102.667648
chr10	149458785	13.63566994	102.6677157
chr10	149458815	14.22710602	102.6681248
chr10	149458816	13.48773625	102.668139
chr10	149458817	13.57434269	102.6681525
chr10	149458818	13.22183679	102.668166
chr10	149458830	13.30636337	102.6683247
chr10	149458871	13.58385433	102.6688703
chr10	149458872	13.41884248	102.6688839
chr10	149458906	13.43895413	102.6693401
chr10	149458913	10.436451	102.6694342
chr10	149458936	10.07117062	102.6696742
chr10	149458939	10.17013031	102.6697044
chr10	149458941	10.254873	102.6697248
chr10	149459652	10.66416257	102.677016
chr10	149459653	6.525687895	102.6770266
chr10	149463703	6.68831143	102.7034557
chr10	149463704	5.624551799	102.7034624
chr10	149468638	6.464500103	102.7312139
chr10	149468639	6.296356261	102.7312204
chr10	149468640	6.404412659	102.7312267
chr10	149468641	5.563344311	102.7312331
chr10	149468861	6.015523113	102.732457
chr10	149468870	6.313904393	102.7325111
chr10	149469866	6.323801934	102.7387998
chr10	149469878	6.436226807	102.7388757
chr10	149474562	6.47179948	102.769023
chr10	149474563	6.255940295	102.7690294
chr10	149474719	6.429327541	102.7700054
chr10	149474720	5.706381033	102.7700118
chr10	149495938	5.178625159	102.8910898
chr10	149495939	4.906075391	102.891095
chr10	149496074	5.032102749	102.8917573
chr10	149496075	4.760806101	102.8917623
chr10	149496080	7.367271706	102.8917861
chr10	149496081	7.26199693	102.8917935
chr10	149496111	7.439082397	102.8920113
chr10	149496119	7.477411188	102.8920709
chr10	149496128	7.573077568	102.8921382
chr10	149496129	7.535597645	102.8921457
chr10	149496157	7.631145801	102.8923567
chr10	149497845	7.986035484	102.9052381
chr10	149497846	7.853674447	102.9052461
chr10	149497847	7.759415787	102.9052539
chr10	149497873	7.665084625	102.9054557
chr10	149497894	5.636912634	102.9056166
chr10	149497945	5.838822403	102.9059041
chr10	149497946	5.585832612	102.90591
chr10	149498028	5.706403101	102.906368
chr10	149498029	5.17386239	102.9063737
chr10	149502308	5.22573022	102.9285127
chr10	149502309	4.953545328	102.9285179
chr10	149502355	5.136409712	102.9287458
chr10	149502356	4.62299098	102.9287509
chr10	149502441	4.648234068	102.9291439
chr10	149502442	3.770200637	102.9291485
chr10	149502521	3.826733528	102.9294463
chr10	149502550	3.883291621	102.9295573
chr10	149502578	3.931586502	102.9296661
chr10	149502602	3.976021731	102.9297604
chr10	149502603	3.863596861	102.9297644
chr10	149502676	3.976909269	102.9300464
chr10	149502677	4.138472609	102.9300504
chr10	149502687	4.404022221	102.9300918
chr10	149502688	4.295965828	102.9300962
chr10	149502694	4.448232888	102.930122
chr10	149508590	4.563008579	102.9563488
chr10	149567599	5.357989096	103.2256073
chr10	149567600	4.682259977	103.2256127
chr10	149567604	4.619917074	103.2256314
chr10	149567618	4.582746899	103.2256961
chr10	149567666	4.492327556	103.2259161
chr10	149568383	4.455356467	103.2291371
chr10	149568436	4.350971396	103.2293732
chr10	149569044	4.54941282	103.2320186
chr10	149569206	4.514540788	103.2327556
chr10	149577986	4.66897103	103.2723933
chr10	149577987	4.587385967	103.2723979
chr10	149578398	4.72546725	103.2742833
chr10	149578399	4.69339025	103.2742881
chr10	149578757	4.810742297	103.2759683
chr10	149578758	4.52034327	103.2759731
chr10	149579675	5.531209069	103.2801183
chr10	149579676	3.808598679	103.2801238
chr10	149579721	3.598634838	103.2802952
chr10	149580240	4.182136848	103.2821629
chr10	149580241	3.843898644	103.2821671
chr10	149580804	4.173124951	103.2843312
chr10	149580813	4.142995529	103.2843687
chr10	149580815	4.115813779	103.284377
chr10	149584570	4.259877684	103.2998319
chr10	149584571	4.156616653	103.2998362
chr10	149585350	4.305219292	103.3030742
chr10	149585351	3.557966468	103.3030785
chr10	149585398	3.704067012	103.3032457
chr10	149585399	3.524485662	103.3032494
chr10	149586187	3.590637562	103.3060267
chr10	149586188	3.548905438	103.3060303
chr10	149586225	3.975644518	103.3061616
chr10	149586226	3.890799227	103.3061656
chr10	149587584	3.692357804	103.3114493
chr10	149588327	3.856062707	103.3141927
chr10	149591976	4.312392122	103.3282635
chr10	149591978	4.515321194	103.3282721
chr10	149591979	3.848067301	103.3282766
chr10	149592074	3.82044702	103.3286422
chr10	149592075	3.9277862	103.328646
chr10	149592086	3.900190574	103.3286892
chr10	149592106	4.104562535	103.3287672
chr10	149592107	4.066233741	103.3287713
chr10	149610106	4.278704381	103.4019595
chr10	149610107	9.249872036	103.4019637
chr10	149610108	7.477990746	103.401973
chr10	149610495	12.119786	103.404867
chr10	149610524	13.31208779	103.4052184
chr10	149610525	13.26248696	103.4052317
chr10	149610558	13.49782164	103.4056694
chr10	149610559	13.47189804	103.4056829
chr10	149610580	13.32579749	103.4059658
chr10	149610599	14.4110789	103.406219
chr10	149610733	14.72650362	103.4081501
chr10	149610734	14.58730901	103.4081648
chr10	149610758	14.70567668	103.4085149
chr10	149610800	17.64498721	103.4091326
chr10	149610801	12.17997972	103.4091502
chr10	149613946	12.83240987	103.4474562
chr10	149613947	11.85826517	103.4474691
chr10	149613988	14.42811212	103.4479553
chr10	149613989	10.97869741	103.4479697
chr10	149613992	11.08605694	103.4480026
chr10	149614004	11.21837026	103.4481357
chr10	149614021	12.12188302	103.4483264
chr10	149616113	12.57652115	103.4736853
chr10	149616123	12.6590752	103.4738111
chr10	149616128	12.94562652	103.4738744
chr10	149616140	15.11050836	103.4740298
chr10	149616141	17.09813883	103.4740449
chr10	149616144	17.38449499	103.4740962
chr10	149616630	17.84929772	103.482545
chr10	149616692	17.93303933	103.4836517
chr10	149616915	18.40349915	103.4876507
chr10	149617966	17.89008805	103.5069928
chr10	149617991	18.04435465	103.5074401
chr10	149617992	16.05672417	103.5074581
chr10	149617996	9.200750355	103.5075223
chr10	149617998	9.355302088	103.5075407
chr10	149618027	9.664301709	103.5078121
chr10	149618093	8.760788942	103.5084499
chr10	149618110	9.07127496	103.5085988
chr10	149618111	8.743246056	103.5086079
chr10	149618112	7.85112579	103.5086166
chr10	149637771	7.868811239	103.6629619
chr10	149637931	7.525122186	103.6642209
chr10	149637932	7.352410517	103.6642285
chr10	149641404	6.938393159	103.689756
chr10	149641802	7.131026493	103.6925175
chr10	149641803	6.558766103	103.6925246
chr10	149641804	6.532391845	103.6925312
chr10	149641809	6.19297947	103.6925639
chr10	149641810	5.560237358	103.6925701
chr10	149641839	7.925196996	103.6927313
chr10	149641840	4.778155416	103.6927392
chr10	149643414	5.258181403	103.70026
chr10	149643415	5.133334817	103.7002653
chr10	149643435	5.151355239	103.700368
chr10	149643436	2.847595698	103.7003731
chr10	149645499	2.942801984	103.7062477
chr10	149645500	2.781020484	103.7062507
chr10	149646584	2.680159559	103.7092653
chr10	149646622	2.704718682	103.7093671
chr10	149646623	2.679225116	103.7093698
chr10	149647940	2.704002229	103.7128984
chr10	149647971	3.104557917	103.7129822
chr10	149648188	3.026907435	103.7136559
chr10	149648222	4.231768154	103.7137588
chr10	149648246	5.640091729	103.7138604
chr10	149648247	5.521453057	103.713866
chr10	149648261	5.292396956	103.7139433
chr10	149648263	6.455450413	103.7139539
chr10	149648487	6.751817739	103.7153999
chr10	149648684	7.182273336	103.71673
chr10	149648686	8.490408484	103.7167444
chr10	149648718	8.981408818	103.7170161
chr10	149650011	8.879276736	103.728629
chr10	149656664	10.65985425	103.7877029
chr10	149656665	9.588455323	103.7877135
chr10	149657148	9.607122545	103.7923447
chr10	149657156	8.77055074	103.7924216
chr10	149657230	9.836845265	103.7930706
chr10	149657231	9.14011595	103.7930805
chr10	149657286	8.32615489	103.7935832
chr10	149657371	7.902539	103.7942909
chr10	149657375	6.359971198	103.7943225
chr10	149657398	5.471522074	103.7944688
chr10	149658179	5.414767966	103.798742
chr10	149660625	19.10673853	103.8119866
chr10	149660626	17.71844395	103.8120057
chr10	149660675	17.80105918	103.8128739
chr10	149660689	17.71850512	103.8131231
chr10	149660696	18.57593391	103.8132471
chr10	149660697	17.66368397	103.8132657
chr10	149660726	17.81427528	103.8137779
chr10	149660731	18.19879602	103.813867
chr10	149660741	18.71576669	103.814049
chr10	149660742	18.6984089	103.8140677
chr10	149660900	19.63629302	103.8170221
chr10	149660901	3.876603386	103.8170417
chr10	149704728	3.709627434	103.9869416
chr10	149705207	4.440771662	103.9887185
chr10	149705208	3.696608353	103.9887229
chr10	149705329	4.486007427	103.9891702
chr10	149705330	4.072675167	103.9891747
chr10	149714638	3.535843181	104.0270832
chr10	149714652	3.262925544	104.0271327
chr10	149714744	8.362269455	104.0274329
chr10	149714745	7.444191777	104.0274412
chr10	149715372	13.34965565	104.0321087
chr10	149715373	13.28236768	104.0321221
chr10	149715629	15.27991485	104.0355224
chr10	149715630	10.56637824	104.0355377
chr10	149715682	11.09236838	104.0360871
chr10	149715683	11.02521061	104.0360982
chr10	149715994	12.06441573	104.039527
chr10	149715995	5.406200129	104.0395391
chr10	149716003	5.467202982	104.0395824
chr10	149716004	5.333861982	104.0395878
chr10	149716084	5.394336261	104.0400145
chr10	149716293	9.349850941	104.041142
chr10	149716355	9.437586539	104.0417216
chr10	149717383	21.4083726	104.0514235
chr10	149717384	18.03614164	104.0514449
chr10	149717763	18.07009643	104.0582806
chr10	149717923	20.27927526	104.0611718
chr10	149717924	20.21475674	104.0611921
chr10	149717957	20.26164163	104.0618592
chr10	149720118	21.43820191	104.1056446
chr10	149720321	21.46606694	104.1099965
chr10	149720340	21.6695299	104.1104044
chr10	149720341	17.52855839	104.1104261
chr10	149722786	17.4333521	104.1532834
chr10	149723243	15.54985177	104.1612504
chr10	149723244	15.75795757	104.161266
chr10	149723245	10.90121344	104.1612817
chr10	149723246	10.98149372	104.1612926
chr10	149723247	10.35408853	104.1613036
chr10	149723337	10.38369641	104.1622355
chr10	149723338	7.446772216	104.1622459
chr10	149723339	8.203765091	104.1622533
chr10	149723340	5.488913473	104.1622615
chr10	149723341	5.521812255	104.162267
chr10	149723357	5.535906818	104.1623554
chr10	149723390	5.790033697	104.162538
chr10	149723391	3.89245596	104.1625438
chr10	149776454	3.831969253	104.3690892
chr10	149776599	3.76282486	104.3696449
chr10	149796427	4.813844953	104.4442541
chr10	149796428	2.9681053	104.444259
chr10	149798842	3.05423471	104.451424
chr10	149798843	2.965322868	104.451427
chr10	149826115	2.99397577	104.5322973
chr10	149826116	2.892981591	104.5323003
chr10	149826658	2.857405132	104.5338683
chr10	149829448	2.881150632	104.5418405
chr10	149829471	2.848168382	104.5419067
chr10	149829545	2.815207998	104.5421175
chr10	149831893	2.751252732	104.5487276
chr10	149832029	2.824459074	104.5491018
chr10	149832030	2.790593967	104.5491046
chr10	149832031	2.725036318	104.5491074
chr10	149835171	2.804955443	104.557664
chr10	149835172	2.479793784	104.5576668
chr10	149835182	3.05438445	104.5576916
chr10	149835183	3.023152661	104.5576947
chr10	149835256	3.325015476	104.5579153
chr10	149835418	3.350278842	104.558454
chr10	149837269	3.321854615	104.5646554
chr10	149837432	3.83170223	104.5651968
chr10	149837433	3.790085292	104.5652007
chr10	149837758	4.790506622	104.5664324
chr10	149837759	4.697904076	104.5664372
chr10	149837890	4.858102542	104.5670526
chr10	149837891	4.509928011	104.5670575
chr10	149837893	5.025992252	104.5670665
chr10	149837894	4.934662885	104.5670716
chr10	149839166	4.964133203	104.5733484
chr10	149841531	5.283666297	104.5850886
chr10	149841532	5.101628535	104.5850939
chr10	149841557	5.169014543	104.5852214
chr10	149841558	4.940615115	104.5852266
chr10	149841585	4.356126915	104.58536
chr10	149841587	4.381890948	104.5853687
chr10	149841594	4.411945795	104.5853994
chr10	149841595	3.420228692	104.5854038
chr10	149844329	3.842337916	104.5947547
chr10	149844357	3.813362661	104.5948623
chr10	149845800	3.866044423	104.600365
chr10	149845801	3.308605727	104.6003688
chr10	149845813	3.335155469	104.6004085
chr10	149845839	3.394058763	104.6004953
chr10	149846659	3.447034246	104.6032784
chr10	149846660	3.272093613	104.6032818
chr10	149846668	3.369026491	104.603308
chr10	149847338	3.786158075	104.6055653
chr10	149847339	3.758069877	104.605569
chr10	149847395	3.831077635	104.6057795
chr10	149847399	3.972315966	104.6057948
chr10	149847400	3.942660362	104.6057988
chr10	149847411	4.960698392	104.6058422
chr10	149847443	5.046264349	104.6060009
chr10	149847444	4.74440154	104.606006
chr10	149847461	4.772188495	104.6060866
chr10	149847597	5.107481783	104.6067356
chr10	149847598	5.059853487	104.6067407
chr10	149847644	6.149875037	104.6069735
chr10	149850865	6.84072171	104.6267822
chr10	149850866	6.821382542	104.6267891
chr10	149850918	7.056649455	104.6271438
chr10	149851102	9.617597865	104.6284422
chr10	149851727	9.293697967	104.6344532
chr10	149852003	10.57174204	104.6370183
chr10	149852004	10.25306609	104.6370288
chr10	149852077	10.50101756	104.6377773
chr10	149853044	11.06691924	104.6479318
chr10	149853045	9.645414044	104.6479429
chr10	149854028	9.673609437	104.6574243
chr10	149854032	9.967373728	104.657463
chr10	149854236	11.45174519	104.6594963
chr10	149854237	10.16779251	104.6595078
chr10	149854239	10.2557224	104.6595281
chr10	149854240	9.056403626	104.6595384
chr10	149855031	9.119665346	104.666702
chr10	149855057	9.355023955	104.6669391
chr10	149855068	9.566537055	104.667042
chr10	149858714	9.902368348	104.7019216
chr10	149858715	8.416318366	104.7019315
chr10	149858718	8.445594512	104.7019568
chr10	149861328	7.926826324	104.7239998
chr10	149861516	6.07574502	104.72549
chr10	149866536	5.88337357	104.7559903
chr10	149866556	5.354342364	104.7561079
chr10	149866660	5.37203666	104.7566648
chr10	149866914	5.38720704	104.7580293
chr10	149866915	5.139255558	104.7580347
chr10	149868070	5.567810462	104.7639705
chr10	149868071	5.210249015	104.7639761
chr10	149962555	5.263453843	105.2562612
chr10	149962556	4.967745585	105.2562665
chr10	149962561	4.801040875	105.2562913
chr10	149963912	4.768427596	105.2627775
chr10	149963980	4.813114742	105.2631018
chr10	149963981	4.781502973	105.2631066
chr10	149964006	4.87797675	105.2632261
chr10	149964007	4.462117297	105.263231
chr10	149979657	4.706840184	105.3330632
chr10	149979719	4.746714723	105.333355
chr10	149979720	4.560483031	105.3333597
chr10	149979742	4.446651317	105.3334601
chr10	149979762	4.565701872	105.333549
chr10	149979763	4.104380341	105.3335536
chr10	149979864	4.239611926	105.3339681
chr10	149979865	4.12586757	105.3339723
chr10	149979966	4.204216339	105.3343891
chr10	149979967	4.005441487	105.3343933
chr10	149980983	4.025313928	105.3384628
chr10	149980984	3.986255519	105.3384668
chr10	149981037	4.146950118	105.3386781
chr10	149981038	4.063298173	105.3386822
chr10	149981047	4.272722009	105.3387188
chr10	149981048	3.958281858	105.3387231
chr10	149984181	4.06668488	105.3511244
chr10	149984182	3.943040852	105.3511284
chr10	149984256	3.984977521	105.3514202
chr10	149984386	4.729503942	105.3519383
chr10	149984387	3.863757745	105.351943
chr10	149984489	3.810005824	105.3523371
chr10	149984511	3.844703549	105.3524209
chr10	149984513	3.897623159	105.3524286
chr10	149984514	3.77810838	105.3524325
chr10	149984659	3.976869465	105.3529803
chr10	149984660	3.920995979	105.3529843
chr10	149984661	3.960391882	105.3529882
chr10	149984897	4.001881635	105.3539229
chr10	149984898	4.083891	105.3539269
chr10	149984899	4.029222666	105.353931
chr10	149984901	4.00260916	105.353939
chr10	149984929	4.160259593	105.3540511
chr10	149984930	4.110031691	105.3540553
chr10	149986219	4.36164963	105.3593531
chr10	149986220	4.282242494	105.3593575
chr10	149986326	4.309158953	105.3598114
chr10	149986327	4.251518995	105.3598157
chr10	150071946	4.17589466	105.7238265
chr10	150071972	4.247214477	105.7239351
chr10	150071973	4.117421549	105.7239393
chr10	150071985	5.316776551	105.7239887
chr10	150071986	4.703765209	105.723994
chr10	150071989	4.535988879	105.7240081
chr10	150071991	4.326101358	105.7240172
chr10	150073279	4.309396003	105.7295892
chr10	150073309	4.692197375	105.7297185
chr10	150073458	4.652845302	105.7304177
chr10	150073462	5.041839174	105.7304363
chr10	150073463	5.002574871	105.7304413
chr10	150073571	5.082927458	105.7309816
chr10	150073572	4.856895641	105.7309867
chr10	150073925	5.39977656	105.7327012
chr10	150074028	11.63414439	105.7332573
chr10	150074029	11.61734183	105.733269
chr10	150074309	13.13595958	105.7365218
chr10	150074310	13.01513592	105.736535
chr10	150074337	13.24214301	105.7368864
chr10	150074338	13.20039147	105.7368996
chr10	150074585	14.04924946	105.7401601
chr10	150074586	13.93966815	105.7401742
chr10	150074621	14.86396546	105.740662
chr10	150074622	14.54252966	105.7406769
chr10	150074639	16.16023674	105.7409241
chr10	150074640	10.02495773	105.7409403
chr10	150078049	9.001844187	105.7751154
chr10	150078143	9.298522196	105.7759615
chr10	150079334	9.801017796	105.7870361
chr10	150079335	8.783496853	105.7870459
chr10	150079338	8.666921309	105.7870722
chr10	150080654	9.105206732	105.7984779
chr10	150080702	8.524127549	105.798915
chr10	150082919	8.596535181	105.8178129
chr10	150082920	6.412879021	105.8178215
chr10	150084589	6.517646056	105.8285246
chr10	150087838	6.482082665	105.8497005
chr10	150090518	6.645838567	105.8670724
chr10	150090519	6.414419275	105.8670791
chr10	150090543	10.26351204	105.867233
chr10	150090544	7.508800004	105.8672433
chr10	150090563	8.600419235	105.867386
chr10	150090564	7.927346886	105.8673946
chr10	150090565	8.675773407	105.8674025
chr10	150090713	8.78730873	105.8686865
chr10	150090714	8.77480697	105.8686953
chr10	150092643	10.86468892	105.8856219
chr10	150092644	10.30428685	105.8856328
chr10	150092659	10.5412281	105.8857873
chr10	150092695	14.34734449	105.8861668
chr10	150092696	14.26421934	105.8861812
chr10	150092706	15.10916676	105.8863238
chr10	150106383	15.74547473	106.0929719
chr10	150106384	14.78097227	106.0929876
chr10	150106414	15.34198233	106.0934311
chr10	150107963	18.0026467	106.1171958
chr10	150107964	17.53638594	106.1172138
chr10	150108033	20.47630068	106.1184238
chr10	150108034	19.9164737	106.1184443
chr10	150109432	20.96291375	106.1462875
chr10	150109433	20.94774337	106.1463085
chr10	150112971	25.52081054	106.2204216
chr10	150112972	24.7294529	106.2204471
chr10	150112984	29.23307689	106.2207439
chr10	150112985	26.45154619	106.2207731
chr10	150119358	26.06992205	106.3893488
chr10	150119364	25.48974391	106.3895052
chr10	150119396	25.3622319	106.3903209
chr10	150119687	24.37142433	106.3977013
chr10	150119688	24.23512588	106.3977257
chr10	150119705	27.25524399	106.3981377
chr10	150119706	25.27448527	106.3981649
chr10	150119744	24.73023911	106.3991253
chr10	150123011	27.78723237	106.479919
chr10	150123012	26.53834375	106.4799468
chr10	150123195	27.62593765	106.4848033
chr10	150123196	27.28111649	106.484831
chr10	150123557	28.88600018	106.4946795
chr10	150123558	20.77694879	106.4947083
chr10	150123695	21.3132471	106.4975548
chr10	150123696	18.72972096	106.4975761
chr10	150123698	19.09623859	106.4976136
chr10	150123699	18.58690931	106.4976326
chr10	150123701	18.95375586	106.4976698
chr10	150123702	17.55864208	106.4976888
chr10	150123728	17.92728978	106.4981453
chr10	150123731	18.00894603	106.4981991
chr10	150123732	16.96898582	106.4982171
chr10	150123751	16.85071708	106.4985395
chr10	150123822	16.06117054	106.4997359
chr10	150123835	15.95066038	106.4999447
chr10	150123836	15.48572332	106.4999606
chr10	150123841	17.20171583	106.5000381
chr10	150123842	16.05496286	106.5000553
chr10	150123900	16.49267864	106.5009865
chr10	150123903	16.57461677	106.5010359
chr10	150123996	18.25370437	106.5025774
chr10	150123997	16.91777478	106.5025956
chr10	150124021	16.7481018	106.5030017
chr10	150124041	19.8568371	106.5033366
chr10	150124042	19.29693308	106.5033565
chr10	150124050	21.24277258	106.5035109
chr10	150124051	20.80329947	106.5035321
chr10	150124080	26.19311614	106.5041354
chr10	150124081	25.62087137	106.5041616
chr10	150124087	26.00216519	106.5043153
chr10	150124093	26.76744943	106.5044713
chr10	150124136	27.43042095	106.5056223
chr10	150124156	27.59357072	106.5061709
chr10	150124157	27.26466817	106.5061985
chr10	150124246	27.81646695	106.5086251
chr10	150124247	24.8398456	106.5086529
chr10	150124271	26.14172286	106.5092491
chr10	150124347	26.03288651	106.5112358
chr10	150124355	28.53675705	106.5114441
chr10	150127399	33.36332728	106.59831
chr10	150127400	27.80099699	106.5983433
chr10	150133414	27.87550143	106.7655385
chr10	150133415	27.03136896	106.7655664
chr10	150133521	27.31525176	106.7684317
chr10	150133522	26.20163884	106.7684591
chr10	150133707	26.72988104	106.7733064
chr10	150133708	22.50234154	106.7733331
chr10	150133729	29.47980644	106.7738056
chr10	150133730	21.13443969	106.7738351
chr10	150133735	23.5180068	106.7739408
chr10	150133736	18.62541941	106.7739643
chr10	150133910	18.74783322	106.7772051
chr10	150133917	19.09038019	106.7773364
chr10	150133918	16.6311856	106.7773555
chr10	150133929	16.94768292	106.7775384
chr10	150133951	17.03327931	106.7779113
chr10	150133952	16.67458729	106.7779283
chr10	150134024	26.01707477	106.7791289
chr10	150134025	24.79485951	106.7791549
chr10	150134026	26.32769003	106.7791797
chr10	150134434	16.83129423	106.7899214
chr10	150134446	17.72972141	106.7901233
chr10	150134447	11.88726048	106.7901411
chr10	150135732	12.24137227	106.8054162
chr10	150135733	11.93199589	106.8054284
chr10	150135734	12.47763572	106.8054404
chr10	150135735	10.63808372	106.8054528
chr10	150164120	9.874568691	107.1074149
chr10	150166055	9.631907741	107.1265221
chr10	150166087	9.517161648	107.1268304
chr10	150166114	9.287456243	107.1270873
chr10	150166119	8.646952987	107.1271338
chr10	150166128	8.615522162	107.1272116
chr10	150166130	8.527681841	107.1272288
chr10	150166177	8.413636461	107.1276296
chr10	150166181	7.806577522	107.1276633
chr10	150166209	7.844902314	107.1278819
chr10	150166210	6.818691395	107.1278897
chr10	150166218	6.475345613	107.1279443
chr10	150166226	6.300814576	107.1279961
chr10	150166227	6.201643124	107.1280024
chr10	150166229	6.000107831	107.1280148
chr10	150168704	5.788822121	107.142865
chr10	150168742	9.719488773	107.143085
chr10	150168743	9.389308438	107.1430947
chr10	150168779	11.16669225	107.1434327
chr10	150168780	10.84869237	107.1434439
chr10	150168786	23.58283433	107.143509
chr10	150168787	22.58987122	107.1435326
chr10	150168803	24.0890986	107.143894
chr10	150168804	23.58400744	107.1439181
chr10	150168832	24.65637228	107.1445785
chr10	150168833	23.77157695	107.1446031
chr10	150168836	23.47923651	107.1446744
chr10	150169677	24.61336227	107.1644205
chr10	150169678	20.53254509	107.1644451
chr10	150169688	21.08193385	107.1646504
chr10	150169689	16.72224419	107.1646715
chr10	150169734	17.29167678	107.165424
chr10	150169735	13.41485488	107.1654413
chr10	150169767	14.35580607	107.1658706
chr10	150169768	10.60926433	107.1658849
chr10	150176162	10.52195349	107.2337205
chr10	150176164	17.47670544	107.2337416
chr10	150176165	13.42483425	107.2337591
chr10	150176194	21.46564267	107.2341484
chr10	150176195	19.81183885	107.2341699
chr10	150176209	23.1828583	107.2344472
chr10	150176210	22.59043731	107.2344704
chr10	150176261	22.09520188	107.2356225
chr10	150176282	22.52465256	107.2360865
chr10	150176289	23.05375548	107.2362442
chr10	150176290	22.95310043	107.2362672
chr10	150176665	22.86745621	107.2448747
chr10	150176676	22.96780545	107.2451262
chr10	150176677	15.35061292	107.2451492
chr10	150176816	15.44387284	107.2472829
chr10	150176817	9.809716655	107.2472983
chr10	150176821	17.75225148	107.2473376
chr10	150176822	17.23076261	107.2473553
chr10	150176830	21.16730884	107.2474932
chr10	150176831	20.5279821	107.2475143
chr10	150176883	20.98879171	107.2485818
chr10	150176912	24.40247688	107.2491905
chr10	150176913	24.3211162	107.2492149
chr10	150176932	34.03315613	107.249677
chr10	150176933	33.94755973	107.249711
chr10	150177280	33.96893595	107.2614908
chr10	150177374	34.45539688	107.2646839
chr10	150177413	35.43885157	107.2660277
chr10	150177416	36.28017423	107.266134
chr10	150177443	52.3714305	107.2671135
chr10	150177684	58.03212656	107.2797351
chr10	150177922	58.1372258	107.2935467
chr10	150178018	59.67918054	107.2991279
chr10	150178537	70.30272636	107.3301014
chr10	150178538	56.7126038	107.3301717
chr10	150178576	63.79794804	107.3323268
chr10	150178770	61.81780596	107.3447036
chr10	150178784	62.42441832	107.345569
chr10	150179782	63.85882621	107.4078686
chr10	150179783	62.28655955	107.4079324
chr10	150179901	64.62223914	107.4152822
chr10	150179902	57.91509142	107.4153469
chr10	150179971	57.78398284	107.419343
chr10	150180160	55.51712887	107.4302642
chr10	150180184	56.2911882	107.4315966
chr10	150180185	55.08049862	107.4316529
chr10	150180246	56.66199417	107.4350128
chr10	150180247	56.58290427	107.4350695
chr10	150180251	56.81222083	107.4352958
chr10	150180258	58.78054358	107.4356935
chr10	150180259	57.88210549	107.4357523
chr10	150180262	61.99442836	107.4359259
chr10	150180263	54.88002421	107.4359879
chr10	150180272	55.79541855	107.4364818
chr10	150180273	47.22182723	107.4365376
chr10	150180292	47.26684146	107.4374348
chr10	150180293	40.81549935	107.4374821
chr10	150180299	40.86051744	107.437727
chr10	150180300	40.85093328	107.4377678
chr10	150180403	43.72523327	107.4419755
chr10	150180404	39.77101701	107.4420192
chr10	150181153	40.75843086	107.4718077
chr10	150181154	38.36912826	107.4718485
chr10	150181640	42.96194416	107.4904959
chr10	150181641	41.11331571	107.4905388
chr10	150181682	41.2310621	107.4922245
chr10	150181683	33.63090054	107.4922657
chr10	150181789	31.30576905	107.4958306
chr10	150182794	31.399747	107.5272929
chr10	150182795	27.89882656	107.5273243
chr10	150184813	26.27897491	107.5836241
chr10	150184849	23.64336432	107.5845702
chr10	150184861	20.44691649	107.5848539
chr10	150184866	20.45515838	107.5849561
chr10	150184867	18.69391749	107.5849766
chr10	150184872	18.83069733	107.58507
chr10	150184873	17.75486189	107.5850889
chr10	150184878	18.22963809	107.5851776
chr10	150184879	10.02103112	107.5851959
chr10	150184936	10.60317553	107.5857671
chr10	150184937	5.742750639	107.5857777
chr10	150184944	6.133451279	107.5858179
chr10	150184945	4.930444504	107.585824
chr10	150211770	4.202312444	107.7180832
chr10	150212927	4.528740462	107.7229452
chr10	150212928	2.935825309	107.7229498
chr10	150213203	3.01090293	107.7237571
chr10	150213204	2.705779567	107.7237601
chr10	150213210	2.575619516	107.7237764
chr10	150213338	2.805370997	107.7241061
chr10	150213339	2.413114938	107.7241089
chr10	150215614	2.571586052	107.7295987
chr10	150215615	2.451663504	107.7296013
chr10	150216265	3.09423703	107.7311948
chr10	150216266	2.766302699	107.7311979
chr10	150216331	3.543012639	107.7313778
chr10	150216332	3.372179542	107.7313813
chr10	150260556	5.281418765	107.8805126
chr10	150260557	5.089848365	107.8805178
chr10	150260572	5.045871506	107.8805942
chr10	150261307	4.800467024	107.8843029
chr10	150261383	10.54009884	107.8846677
chr10	150262020	10.58209918	107.8913818
chr10	150262021	10.03021474	107.8913924
chr10	150262023	10.07548146	107.8914124
chr10	150262024	3.419261029	107.8914225
chr10	150262072	3.292408493	107.8915866
chr10	150262206	3.523453984	107.8920278
chr10	150262207	2.914190993	107.8920313
chr10	150262426	2.885649789	107.8926695
chr10	150262482	3.045334765	107.8928311
chr10	150262483	1.307752447	107.8928342
chr10	150262620	1.388872793	107.8930133
chr10	150262653	1.841914809	107.8930592
chr10	150262654	1.76249197	107.893061
chr10	150349179	4.741720403	108.0455606
chr10	150349180	4.656764338	108.0455654
chr10	150349199	4.614337289	108.0456539
chr10	150349211	4.571832795	108.0457092
chr10	150349282	5.46201521	108.0460338
chr10	150349283	5.233071494	108.0460393
chr10	150349337	5.882286951	108.0463219
chr10	150349366	7.550814838	108.0464925
chr10	150349386	7.682526578	108.0466435
chr10	150349391	7.993945573	108.0466819
chr10	150349392	7.88620263	108.0466899
chr10	150349617	7.817205435	108.0484643
chr10	150350024	8.228968611	108.0516459
chr10	150350025	7.997480761	108.0516541
chr10	150351442	6.288923415	108.0629865
chr10	150351480	6.247504658	108.0632255
chr10	150351565	6.164746335	108.0637566
chr10	150351570	6.307863146	108.0637874
chr10	150351571	4.639335264	108.0637937
chr10	150351600	4.597987725	108.0639282
chr10	150351683	5.6674947	108.0643099
chr10	150351794	5.585360843	108.064939
chr10	150355004	4.264774481	108.082868
chr10	150355122	5.475257765	108.0833712
chr10	150355123	3.695120081	108.0833767
chr10	150355416	3.89227479	108.0844594
chr10	150355417	3.266131827	108.0844633
chr10	150355419	3.583591322	108.0844698
chr10	150355447	4.225540328	108.0845701
chr10	150358958	4.847556411	108.099406
chr10	150358959	4.435793237	108.0994108
chr10	150361204	4.590833441	108.1093692
chr10	150361205	4.279414445	108.1093738
chr10	150362024	4.643862582	108.1128786
chr10	150362025	4.110890837	108.1128833
chr10	150362075	4.271838559	108.1130888
chr10	150362101	4.432969554	108.1131999
chr10	150367136	4.304126456	108.1355199
chr10	150367211	3.999791607	108.1358427
chr10	150367238	3.687765146	108.1359507
chr10	150367267	3.764411019	108.1360576
chr10	150367268	3.744467264	108.1360614
chr10	150367401	4.011980097	108.1365594
chr10	150367486	4.24926553	108.1369004
chr10	150367487	3.943692113	108.1369047
chr10	150367528	4.487254791	108.1370664
chr10	150367537	5.290201975	108.1371068
chr10	150371592	5.41886601	108.1585585
chr10	150371593	5.360405362	108.1585639
chr10	150371973	5.765058248	108.1606009
chr10	150371974	5.761354509	108.1606067
chr10	150372002	7.534416674	108.160768
chr10	150372087	8.670440423	108.1614084
chr10	150372088	8.646819634	108.1614171
chr10	150372118	9.852108434	108.1616765
chr10	150372119	8.121544397	108.1616863
chr10	150372152	9.37067401	108.1619543
chr10	150372911	11.61649944	108.1690667
chr10	150374076	14.48524769	108.1825999
chr10	150374077	12.51503081	108.1826144
chr10	150374118	13.0446269	108.1831275
chr10	150374130	15.15448427	108.183284
chr10	150375570	16.76353987	108.2051065
chr10	150376551	15.92718979	108.2215515
chr10	150376563	13.44615845	108.2217427
chr10	150376567	15.86204321	108.2217964
chr10	150376568	15.04099791	108.2218123
chr10	150377276	16.11450531	108.2324613
chr10	150377277	15.77055308	108.2324775
chr10	150377319	15.63884134	108.2331398
chr10	150377399	16.32742529	108.2343909
chr10	150377400	16.29553761	108.2344073
chr10	150377426	16.34713578	108.2348309
chr10	150377876	14.75168739	108.2421871
chr10	150377877	14.01082875	108.2422019
chr10	150381053	13.77922735	108.2867003
chr10	150381065	11.29397659	108.2868656
chr10	150381154	11.02646376	108.2878708
chr10	150382741	11.11114889	108.3053698
chr10	150382742	7.799330673	108.3053809
chr10	150383073	7.38793584	108.3079625
chr10	150383110	6.437083379	108.3082358
chr10	150384933	7.21086306	108.3199706
chr10	150384934	2.277530681	108.3199779
chr10	150384962	1.972236183	108.3200416
chr10	150448667	1.894779032	108.4456829
chr10	150448670	1.971313822	108.4456886
chr10	150448671	1.798146925	108.4456906
chr10	150448728	2.01511611	108.4457931
chr10	150448729	1.551534334	108.4457951
chr10	150453006	1.499173927	108.452431
chr10	150496558	1.068292701	108.517723
chr10	150496567	1.005772713	108.5177327
chr10	150496571	0.9728170539	108.5177367
chr10	150496740	5.192466404	108.5179011
chr10	150496741	5.052411244	108.5179063
chr10	150496768	4.989527133	108.5180427
chr10	150496801	4.882395995	108.5182073
chr10	150496945	4.849550371	108.5189104
chr10	150498612	15.70236451	108.5269946
chr10	150498613	15.67204314	108.5270103
chr10	150498651	17.51898289	108.5276058
chr10	150498652	13.67054775	108.5276234
chr10	150498944	16.89136027	108.5316152
chr10	150498945	16.85909084	108.5316321
chr10	150498951	6.006276701	108.5317332
chr10	150500199	6.105886935	108.539229
chr10	150500642	6.209232552	108.541934
chr10	150500643	2.196840184	108.5419402
chr10	150500726	3.565072902	108.5421225
chr10	150500727	3.511205193	108.5421261
chr10	150506545	2.207284519	108.5625543
chr10	150506598	1.726607227	108.5626712
chr10	150506645	1.975548562	108.5627524
chr10	150506650	2.156588039	108.5627623
chr10	150506651	1.721856681	108.5627644
chr10	150506666	1.846251596	108.5627903
chr10	150506679	1.970886714	108.5628143
chr10	150506680	2.09206533	108.5628162
chr10	150506681	1.616544585	108.5628183
chr10	150506737	1.863299861	108.5629088
chr10	150536046	1.764137983	108.6175203
chr10	150536198	1.410903843	108.6177885
chr10	150536203	1.14227984	108.6177955
chr10	150536221	6.076973193	108.6178161
chr10	150536222	5.952561457	108.6178221
chr10	150536242	5.724820925	108.6179412
chr10	150536956	5.685613534	108.6220287
chr10	150536988	0.888867782	108.6222107
chr10	150537013	0.8754887355	108.6222329
chr10	150537041	0.7543101186	108.6222574
chr10	150537134	0.6546998847	108.6223275
chr10	150537144	0.7968691771	108.6223341
chr10	150537272	0.940344498	108.6224361
chr10	150537334	0.9722341054	108.6224944
chr10	150546522	1.005370529	108.6314273
chr10	150546663	1.300470787	108.631569
chr10	150546689	1.637852954	108.6316028
chr10	150546817	1.675438169	108.6318125
chr10	150546977	2.47162244	108.6320806
chr10	150546994	2.508802006	108.6321226
chr10	150547060	2.900587504	108.6322882
chr10	150547061	2.809348941	108.6322911
chr10	150570981	2.870409866	108.6994907
chr10	150570988	2.89690054	108.6995108
chr10	150570989	2.787783358	108.6995137
chr10	150571103	2.87795637	108.6998315
chr10	150571198	2.726059092	108.7001049
chr10	150571239	2.826699301	108.7002167
chr10	150571240	1.963660377	108.7002195
chr10	150571448	1.989512029	108.7006279
chr10	150571449	1.690737944	108.7006299
chr10	150571619	1.879250235	108.7009173
chr10	150571620	1.672821842	108.7009192
chr10	150571624	2.666161507	108.7009259
chr10	150571625	2.41297794	108.7009286
chr10	150571685	2.461305174	108.7010734
chr10	150571747	2.811778501	108.701226
chr10	150571748	2.665113007	108.7012288
chr10	150571870	2.855194635	108.7015539
chr10	150571878	3.012138907	108.7015768
chr10	150626825	2.96601462	108.8670848
chr10	150626827	2.935378394	108.8670907
chr10	150627244	2.803084115	108.8683147
chr10	150627246	2.604346385	108.8683203
chr10	150627256	2.472080639	108.8683464
chr10	150627266	2.775107723	108.8683711
chr10	150628965	2.869478848	108.873086
chr10	150628966	2.805041691	108.8730889
chr10	150628996	4.432243811	108.873173
chr10	150629513	4.177610568	108.8754645
chr10	150629561	4.114108764	108.875665
chr10	150629617	4.384950801	108.8758954
chr10	150629642	4.437921847	108.876005
chr10	150629649	4.684957631	108.8760361
chr10	150629650	4.430946309	108.8760408
chr10	150631233	5.829076244	108.883055
chr10	150631234	5.706300914	108.8830608
chr10	150631239	5.600625073	108.8830893
chr10	150631246	5.84402828	108.8831285
chr10	150631247	5.706306969	108.8831344
chr10	150631256	6.162903205	108.8831858
chr10	150631257	4.527459201	108.8831919
chr10	150631285	4.581031104	108.8833187
chr10	150631323	5.680101412	108.8834928
chr10	150631546	5.827430581	108.8847594
chr10	150631680	6.568879423	108.8855403
chr10	150631818	8.06886095	108.8864468
chr10	150635815	8.286946539	108.918698
chr10	150635816	8.245533383	108.9187063
chr10	150635850	7.333057194	108.9189867
chr10	150635919	7.356900104	108.9194927
chr10	150635966	7.414360965	108.9198384
chr10	150635967	7.357181411	108.9198458
chr10	150636381	8.374117639	108.9228917
chr10	150639323	9.009651237	108.9475284
chr10	150639324	8.995909494	108.9475374
chr10	150641694	9.24124852	108.9688577
chr10	150641695	9.227627402	108.9688669
chr10	150644334	11.0820145	108.9932186
chr10	150644335	10.00876141	108.9932297
chr10	150644349	33.08011345	108.9933698
chr10	150644350	32.12228308	108.9934029
chr10	150644353	31.05583179	108.9934993
chr10	150644447	32.33069265	108.9964185
chr10	150644448	31.05308552	108.9964509
chr10	150644515	32.04635735	108.9985314
chr10	150644516	31.96161897	108.9985635
chr10	150644519	34.77426492	108.9986594
chr10	150644520	13.25903689	108.9986941
chr10	150644541	16.42388645	108.9989726
chr10	150644542	16.17685067	108.998989
chr10	150644562	17.30575646	108.9993125
chr10	150644563	17.02017826	108.9993298
chr10	150644679	16.96981752	109.0013042
chr10	150644703	17.15083123	109.0017115
chr10	150644704	17.11324601	109.0017286
chr10	150645948	26.57435319	109.0230175
chr10	150645949	26.02032692	109.0230441
chr10	150645957	26.62081131	109.0232522
chr10	150645972	26.96250404	109.0236515
chr10	150645973	24.43217117	109.0236785
chr10	150647813	25.45754083	109.0686337
chr10	150647814	23.50296484	109.0686591
chr10	150647815	21.53236816	109.0686827
chr10	150647820	23.91557561	109.0687903
chr10	150647821	15.96601184	109.0688142
chr10	150647850	18.47356449	109.0692772
chr10	150648302	16.6191774	109.0776273
chr10	150651671	15.02268471	109.1336173
chr10	150652616	15.08694292	109.1478137
chr10	150652684	15.16536021	109.1488397
chr10	150652685	14.94727462	109.1488548
chr10	150652703	15.18175998	109.1491239
chr10	150652704	9.663771021	109.149139
chr10	150653020	11.3875269	109.1521928
chr10	150653021	10.90847079	109.1522042
chr10	150653521	11.14752154	109.1576584
chr10	150653568	11.30016773	109.1581824
chr10	150653582	11.53815739	109.1583406
chr10	150653583	10.26135573	109.1583521
chr10	150654080	10.66411886	109.163452
chr10	150654081	10.23483161	109.1634627
chr10	150654096	10.36644984	109.1636162
chr10	150654107	10.20551619	109.1637302
chr10	150655275	10.09981632	109.1756503
chr10	150656205	9.659468747	109.1850431
chr10	150656211	9.743706954	109.185101
chr10	150656212	9.30530086	109.1851108
chr10	150656380	9.389866299	109.1866741
chr10	150656517	9.645229198	109.1879605
chr10	150656518	9.484963655	109.1879701
chr10	150656521	9.177859817	109.1879986
chr10	150656594	10.03583281	109.1886686
chr10	150656603	10.12068691	109.1887589
chr10	150656604	7.920060841	109.188769
chr10	150656609	7.987902185	109.1888086
chr10	150656690	7.107029565	109.1894556
chr10	150657550	7.419430744	109.1955677
chr10	150657551	6.964064761	109.1955751
chr10	150699096	7.910215629	109.4848972
chr10	150699097	7.393993578	109.4849051
chr10	150699601	7.007430149	109.4886316
chr10	150699754	6.770573722	109.4897038
chr10	150699863	6.685696132	109.4904418
chr10	150699885	6.798162246	109.4905889
chr10	150699886	6.014725612	109.4905957
chr10	150699960	6.054770282	109.4910408
chr10	150699961	5.725703207	109.4910468
chr10	150699970	5.638972797	109.4910983
chr10	150699994	5.44292233	109.4912337
chr10	150699995	5.811939772	109.4912391
chr10	150699996	5.057876068	109.4912449
chr10	150700060	5.090401189	109.4915686
chr10	150700061	5.079200429	109.4915737
chr10	150700464	5.178050586	109.4936206
chr10	150703690	4.948409118	109.510325
chr10	150703738	5.545569323	109.5105626
chr10	150703739	5.087954805	109.5105681
chr10	150703953	5.121730053	109.5116569
chr10	150704065	5.654393149	109.5122306
chr10	150704066	5.476696395	109.5122362
chr10	150709796	6.779495259	109.5436177
chr10	150709870	16.74996678	109.5441194
chr10	150709871	16.5165304	109.5441361
chr10	150709899	15.65618392	109.5445986
chr10	150709914	15.58592374	109.5448334
chr10	150709942	15.52843235	109.5452698
chr10	150709964	32.9795151	109.5456115
chr10	150709965	31.76947749	109.5456444
chr10	150710027	31.18050294	109.5476141
chr10	150710034	31.01961412	109.5478324
chr10	150710119	62.46494738	109.5504691
chr10	150710120	62.2704307	109.5505315
chr10	150710132	62.4555056	109.5512788
chr10	150710133	62.32543272	109.5513412
chr10	150710153	85.90943266	109.5525877
chr10	150710154	85.85041023	109.5526737
chr10	150710228	87.26986107	109.5590266
chr10	150710229	87.14002724	109.5591139
chr10	150710235	87.30454471	109.5596367
chr10	150710236	55.85921144	109.559724
chr10	150710239	45.88873992	109.5598916
chr10	150710244	46.05956705	109.560121
chr10	150710245	32.96667028	109.5601671
chr10	150710308	33.16050116	109.562244
chr10	150710309	9.520640421	109.5622771
chr10	150710347	18.40736503	109.5626389
chr10	150710348	18.36179266	109.5626573
chr10	150710760	19.77034512	109.5702224
chr10	150710761	10.8836205	109.5702422
chr10	150710765	12.11039742	109.5702857
chr10	150710839	25.65888336	109.5711819
chr10	150710840	25.59104202	109.5712075
chr10	150710971	25.80579243	109.5745599
chr10	150710972	25.27312933	109.5745858
chr10	150711052	25.47486778	109.5766076
chr10	150711129	30.68001738	109.5785692
chr10	150711132	32.27189882	109.5786612
chr10	150711133	32.20323704	109.5786935
chr10	150711192	41.43653991	109.5805935
chr10	150711212	31.57299033	109.5814222
chr10	150712200	31.55138717	109.6126163
chr10	150712619	31.58808171	109.6258364
chr10	150712620	23.44981794	109.6258679
chr10	150712667	23.91411678	109.6269701
chr10	150712668	11.81991461	109.626994
chr10	150712677	12.0584148	109.6271004
chr10	150713452	12.29072547	109.6364456
chr10	150713711	12.38483825	109.6396289
chr10	150713763	14.07932429	109.640273
chr10	150713764	7.6443398	109.640287
chr10	150713781	8.369862584	109.640417
chr10	150713782	7.152422482	109.6404254
chr10	150720591	6.688123644	109.6891262
chr10	150724044	6.729541469	109.7122203
chr10	150728103	5.589870711	109.7395355
chr10	150728125	5.649115536	109.7396585
chr10	150728126	5.446544019	109.7396641
chr10	150728134	5.190214054	109.7397077
chr10	150728882	4.739342479	109.74359
chr10	150729288	6.555121885	109.7455142
chr10	150729289	5.453313776	109.7455207
chr10	150729290	5.260306535	109.7455262
chr10	150729924	5.212682056	109.7488612
chr10	150730011	4.232187667	109.7493147
chr10	150730091	10.79449697	109.7496533
chr10	150730092	9.95491909	109.7496641
chr10	150730107	11.43187774	109.7498134
chr10	150730139	17.49587388	109.7501792
chr10	150731760	17.55884635	109.77854
chr10	150731761	13.08753854	109.7785576
chr10	150731780	17.52872599	109.7788062
chr10	150731781	11.46451685	109.7788238
chr10	150732347	11.26654526	109.7853127
chr10	150732597	11.52216434	109.7881293
chr10	150732598	8.272043194	109.7881409
chr10	150732622	3.902561019	109.7883394
chr10	150732882	4.032668713	109.789354
chr10	150732883	2.522516295	109.7893581
chr10	150733020	3.033693942	109.7897037
chr10	150741463	3.106758724	109.8153171
chr10	150743954	3.810841932	109.8230561
chr10	150743955	2.836319567	109.8230599
chr10	150745167	2.915155257	109.8264975
chr10	150783134	2.845794475	109.9371772
chr10	150786981	2.781123988	109.948125
chr10	150787119	2.713644732	109.9485088
chr10	150787226	2.560921713	109.9487991
chr10	150787293	2.637011719	109.9489707
chr10	150790162	4.836117512	109.9565363
chr10	150790163	4.566485513	109.9565411
chr10	150790184	4.439625284	109.956637
chr10	150790215	4.313538623	109.9567747
chr10	150790224	4.394410496	109.9568135
chr10	150790225	4.223388152	109.9568179
chr10	150791817	3.735865321	109.9635415
chr10	150791834	3.831929277	109.963605
chr10	150791835	1.2382723	109.9636089
chr10	150791851	1.253101118	109.9636287
chr10	150791852	1.193531098	109.9636299
chr10	150791856	1.134729411	109.9636347
chr10	150791896	1.040616627	109.9636801
chr10	150791959	1.055453638	109.9637456
chr10	150792095	1.124275966	109.9638892
chr10	150792196	1.462853052	109.9640027
chr10	150792288	1.632565161	109.9641373
chr10	150792293	1.849052858	109.9641455
chr10	150792557	2.738723936	109.9646336
chr10	150792558	2.679781878	109.9646364
chr10	150792582	3.018367003	109.9647007
chr10	150792584	3.103663733	109.9647067
chr10	150792588	3.043160116	109.9647191
chr10	150792598	2.967526862	109.9647496
chr10	150793300	3.264286645	109.9668328
chr10	150801015	3.27971104	109.9920167
chr10	150804754	4.017929058	110.0042796
chr10	150804755	3.919378109	110.0042836
chr10	150804879	4.873505339	110.0047696
chr10	150812873	4.832087514	110.0437284
chr10	150812881	5.280830649	110.0437671
chr10	150812882	5.193686556	110.0437723
chr10	150812953	6.2328197	110.0441411
chr10	150812954	5.784148486	110.0441473
chr10	150812967	5.800386537	110.0442225
chr10	150812975	5.935531348	110.0442689
chr10	150812976	5.481152695	110.0442749
chr10	150813019	5.748645394	110.0445105
chr10	150813074	6.784847827	110.0448267
chr10	150813075	6.738890628	110.0448335
chr10	150814847	6.930874712	110.0567748
chr10	150818873	7.05751765	110.0846785
chr10	150819213	7.223399971	110.0870781
chr10	150819663	7.683805933	110.0903286
chr10	150819664	6.851553611	110.0903363
chr10	150835644	7.449928987	110.1998241
chr10	150835645	5.194835014	110.1998316
chr10	150835710	5.496030596	110.2001692
chr10	150835711	5.042119071	110.2001747
chr10	150835716	9.652178917	110.2001999
chr10	150835717	8.990951156	110.2002096
chr10	150836040	9.39545788	110.2031137
chr10	150836041	9.236106528	110.2031231
chr10	150836043	13.34611363	110.2031415
chr10	150836044	13.26151125	110.2031549
chr10	150836182	16.56115608	110.204985
chr10	150837120	18.23478382	110.2205193
chr10	150837121	18.0701545	110.2205376
chr10	150837122	19.39719419	110.2205556
chr10	150837123	19.0877541	110.220575
chr10	150837134	19.44887542	110.220785
chr10	150837135	19.29596806	110.2208045
chr10	150837152	19.31411657	110.2211325
chr10	150837153	15.99960848	110.2211518
chr10	150837274	19.83971822	110.2230878
chr10	150837275	17.47980546	110.2231076
chr10	150837296	18.6676065	110.2234747
chr10	150837297	15.13455289	110.2234933
chr10	150837339	15.48213003	110.224129
chr10	150838701	15.90889073	110.2452156
chr10	150841391	16.98421595	110.2880106
chr10	150841392	16.04077931	110.2880275
chr10	150845500	15.20329185	110.3539231
chr10	150845515	12.49969313	110.3541511
chr10	150845537	12.52731797	110.3544261
chr10	150845544	12.41443086	110.3545138
chr10	150845552	12.50835894	110.3546131
chr10	150845553	11.51632311	110.3546256
chr10	150845557	11.6146684	110.3546717
chr10	150845558	10.29851448	110.3546833
chr10	150847279	8.926703372	110.3724071
chr10	150847299	8.954712021	110.3725856
chr10	150847321	11.68807309	110.3727826
chr10	150847322	9.490188694	110.3727943
chr10	150847562	11.14020665	110.3750719
chr10	150847563	11.05401266	110.3750831
chr10	150847923	14.34864366	110.3790625
chr10	150847924	12.81634293	110.3790769
chr10	150847925	12.51514735	110.3790897
chr10	150847957	14.17321974	110.3794902
chr10	150847958	13.53491964	110.3795043
chr10	150847961	13.83035601	110.3795449
chr10	150847962	12.93111772	110.3795588
chr10	150848529	12.41569267	110.3868907
chr10	150848666	15.29695966	110.3885917
chr10	150848667	12.56359859	110.388607
chr10	150849340	12.262927	110.3970623
chr10	150849524	12.57906627	110.3993186
chr10	150849525	12.47866499	110.3993312
chr10	150849907	19.41520129	110.4040981
chr10	150849908	17.49109057	110.4041175
chr10	150849975	17.78717565	110.4052894
chr10	150849976	14.4028292	110.4053072
chr10	150849999	14.42220566	110.4056384
chr10	150850024	14.59735209	110.405999
chr10	150850029	14.73128493	110.406072
chr10	150850361	15.12440026	110.4109628
chr10	150850362	11.82639968	110.4109779
chr10	150850392	11.90302479	110.4113327
chr10	150850463	14.25541947	110.4121778
chr10	150850464	6.121747486	110.412192
chr10	150850473	6.58117283	110.4122471
chr10	150850500	6.332315688	110.4124248
chr10	150899982	6.4624098	110.7257605
chr10	150899983	6.320668925	110.7257669
chr10	150906622	6.508161532	110.7677299
chr10	150913094	6.846749983	110.8098507
chr10	150913095	6.671333661	110.8098575
chr10	150970426	6.583002413	111.1923318
chr10	150978605	6.508132614	111.2461741
chr10	150978606	6.485919968	111.2461806
chr10	150978609	6.457760397	111.2462001
chr10	150978654	6.80238125	111.2464907
chr10	150978655	4.265414842	111.2464975
chr10	150978717	4.54065372	111.246762
chr10	150978718	4.114928899	111.2467665
chr10	150978720	4.590412497	111.2467747
chr10	150978871	4.475948909	111.2474679
chr10	151006267	4.452401588	111.370091
chr10	151039539	4.801608	111.5182313
chr10	151039540	4.584647406	111.5182361
chr10	151039874	4.141941735	111.5197674
chr10	151039927	3.875371142	111.5199869
chr10	151039931	3.795912531	111.5200024
chr10	151039955	3.969050397	111.5200935
chr10	151039956	3.628417288	111.5200975
chr10	151041363	3.658011587	111.5252026
chr10	151041444	4.006206268	111.5254989
chr10	151041445	3.909043734	111.5255029
chr10	151041464	3.889961047	111.5255772
chr10	151041480	4.528155529	111.5256395
chr10	151041481	4.391714876	111.525644
chr10	151041494	9.240016468	111.5257011
chr10	151041495	9.815834034	111.5257103
chr10	151041496	9.762534878	111.5257201
chr10	151047216	11.08203119	111.5815618
chr10	151047217	10.2933626	111.5815729
chr10	151047347	10.57909606	111.5829111
chr10	151047348	10.56086426	111.5829216
chr10	151056303	10.54691484	111.6774942
chr10	151056316	11.72743917	111.6776313
chr10	151056317	10.45684537	111.677643
chr10	151056333	12.56478087	111.6778103
chr10	151056334	11.12543092	111.6778229
chr10	151058606	11.09016352	111.7030999
chr10	151058704	12.72532084	111.7041867
chr10	151058705	12.43331005	111.7041994
chr10	151058706	12.3873132	111.7042119
chr10	151058767	14.19301357	111.7049675
chr10	151058791	15.21244627	111.7053081
chr10	151058792	12.22761243	111.7053233
chr10	151060220	13.6907607	111.7227844
chr10	151060221	13.47680744	111.722798
chr10	151060222	14.71057806	111.7228115
chr10	151060223	14.04652298	111.7228262
chr10	151060251	17.47425331	111.7232195
chr10	151060252	16.64458787	111.723237
chr10	151060353	16.62705914	111.7249181
chr10	151062018	16.58289276	111.7526022
chr10	151062063	16.61964007	111.7533484
chr10	151062103	16.38927053	111.7540132
chr10	151062123	38.30504191	111.754341
chr10	151062124	35.92262482	111.7543793
chr10	151062183	35.70485649	111.7564987
chr10	151062346	42.11822035	111.7623186
chr10	151062347	23.73203509	111.7623607
chr10	151062676	23.71469825	111.7701686
chr10	151062691	22.5806692	111.7705243
chr10	151062764	31.33348952	111.7721727
chr10	151062765	27.88953434	111.772204
chr10	151062792	36.89105506	111.772957
chr10	151062793	31.14682004	111.7729939
chr10	151062796	29.66722976	111.7730874
chr10	151062810	39.08249404	111.7735027
chr10	151062811	38.91030777	111.7735418
chr10	151062861	38.95134081	111.7754873
chr10	151062921	39.03451636	111.7778244
chr10	151062922	31.76171878	111.7778634
chr10	151062993	49.51072462	111.7801185
chr10	151062994	49.49451383	111.780168
chr10	151063173	50.55433664	111.7890275
chr10	151063203	55.48010337	111.7905441
chr10	151063204	8.324160103	111.7905996
chr10	151063209	8.638332559	111.7906412
chr10	151063210	8.621074436	111.7906499
chr10	151063214	9.467563645	111.7906844
chr10	151063236	9.817817357	111.7908927
chr10	151063237	9.588174759	111.7909025
chr10	151069135	9.6849449	111.8474535
chr10	151069171	9.724500472	111.8478022
chr10	151069172	8.490625365	111.8478119
chr10	151076503	9.068357414	111.9100567
chr10	151076504	8.515647926	111.9100658
chr10	151077231	9.960815845	111.9162566
chr10	151077232	9.436316021	111.9162666
chr10	151081032	10.27050786	111.9521246
chr10	151081033	8.27641956	111.9521349
chr10	151081198	8.824176281	111.9535005
chr10	151082198	8.971599905	111.9623246
chr10	151082203	9.129176744	111.9623695
chr10	151082209	10.18899032	111.9624243
chr10	151082210	9.801858835	111.9624345
chr10	151085977	9.858295471	111.9993581
chr10	151085978	9.811616992	111.9993679
chr10	151086756	10.2026892	112.0070014
chr10	151088768	10.40279275	112.0275292
chr10	151088769	10.11615293	112.0275396
chr10	151092810	10.37264373	112.068419
chr10	151092811	9.685298623	112.0684293
chr10	151100905	10.27404946	112.1468221
chr10	151105550	12.69484417	112.1945451
chr10	151105551	11.20675488	112.1945578
chr10	151105579	11.55007784	112.1948716
chr10	151105580	10.71347127	112.1948831
chr10	151106752	10.68843236	112.2074393
chr10	151107153	36.30084133	112.2117254
chr10	151107154	30.36775458	112.2117617
chr10	151107550	32.0659079	112.2237873
chr10	151107551	22.4138073	112.2238194
chr10	151107870	23.80736574	112.2309694
chr10	151107871	18.43616884	112.2309932
chr10	151107879	18.72128054	112.2311407
chr10	151107882	19.65305913	112.2311968
chr10	151107883	18.91522445	112.2312165
chr10	151107922	19.23788051	112.2319542
chr10	151107923	9.544100994	112.2319734
chr10	151110221	10.4024965	112.2539058
chr10	151110222	7.748543448	112.2539162
chr10	151110245	7.906735178	112.2540944
chr10	151110246	7.717090575	112.2541023
chr10	151110258	7.590486859	112.2541949
chr10	151110320	7.621440901	112.2546655
chr10	151110321	7.466642022	112.2546731
chr10	151151167	7.137604078	112.5596556
chr10	151152514	6.263724003	112.5692699
chr10	151152523	5.466109305	112.5693263
chr10	151152540	5.61155143	112.5694192
chr10	151152580	5.22694704	112.5696437
chr10	151152608	4.938420024	112.5697901
chr10	151153100	6.381393632	112.5722198
chr10	151153101	6.348996314	112.5722261
chr10	151156739	6.431808657	112.5953238
chr10	151156740	6.087490153	112.5953302
chr10	151156752	5.403479916	112.5954033
chr10	151156778	5.516354904	112.5955438
chr10	151156779	3.574014372	112.5955493
chr10	151156792	3.498810905	112.5955957
chr10	151161405	3.559706087	112.6117358
chr10	151161406	2.93658994	112.6117393
chr10	151161464	3.071274179	112.6119096
chr10	151161465	2.554542959	112.6119127
chr10	151161470	2.425746271	112.6119255
chr10	151162181	2.725470878	112.6136502
chr10	151162182	2.513657707	112.6136529
chr10	151165438	2.389072214	112.6218374
chr10	151165479	2.317415549	112.6219353
chr10	151165533	2.189808453	112.6220605
chr10	151165563	74.5550701	112.6221262
chr10	151165564	74.36791389	112.6222007
chr10	151165576	74.55395946	112.6230931
chr10	151165577	74.44505531	112.6231677
chr10	151165613	74.62320785	112.6258477
chr10	151165614	2.211959199	112.6259223
chr10	151165680	2.389196965	112.6260683
chr10	151165681	2.270030947	112.6260707
chr10	151165849	2.45503746	112.6264521
chr10	151165850	2.330438694	112.6264545
chr10	151201165	2.691170536	112.708754
chr10	151201166	2.347475142	112.7087567
chr10	151201190	2.777285587	112.708813
chr10	151201191	2.711333636	112.7088158
chr10	151203132	2.565891512	112.7140785
chr10	151203684	2.539860975	112.7154949
chr10	151203725	2.443156967	112.715599
chr10	151203813	2.354784945	112.715814
chr10	151204243	2.561534257	112.7168265
chr10	151204914	2.499420455	112.7185453
chr10	151208016	3.610596536	112.7262985
chr10	151208017	3.456872999	112.7263022
chr10	151208187	3.3948179	112.7268898
chr10	151210079	3.312146979	112.7333128
chr10	151211317	3.199946748	112.7374133
chr10	151211326	3.893927442	112.7374421
chr10	151211327	2.627497698	112.7374459
chr10	151211363	3.394111616	112.7375405
chr10	151211364	2.72347933	112.7375439
chr10	151221822	1.83765315	112.7660261
chr10	151221967	1.515456946	112.7662925
chr10	151222021	1.558934386	112.7663744
chr10	151222022	1.470600005	112.7663759
chr10	151222037	1.572100928	112.766398
chr10	151222038	0.9566918696	112.7663996
chr10	151222101	0.9335363944	112.7664598
chr10	151222246	1.077406893	112.7665952
chr10	151222247	0.7393782233	112.7665963
chr10	151222334	11.49699223	112.7666606
chr10	151222675	11.54085533	112.7705811
chr10	151222676	0.7832413118	112.7705926
chr10	151222678	0.7899458296	112.7705942
chr10	151222679	0.6187371137	112.770595
chr10	151222682	0.6625568385	112.7705968
chr10	151229177	0.7793038248	112.7749001
chr10	151258235	0.8701979539	112.7975451
chr10	151258284	0.7686970302	112.7975878
chr10	151258326	0.9966003698	112.7976201
chr10	151258441	0.9777984463	112.7977347
chr10	151259254	1.212315325	112.7985296
chr10	151259255	0.9498138861	112.7985308
chr10	151305857	0.870868239	112.8427941
chr10	151306112	0.8446822591	112.8430161
chr10	151306552	0.5104191772	112.8433878
chr10	151306641	12.45904393	112.8434332
chr10	151306642	12.09985648	112.8434457
chr10	151306669	12.90053199	112.8437724
chr10	151306984	12.93855733	112.8478361
chr10	151306985	2.167877654	112.847849
chr10	151311263	2.184846053	112.8571232
chr10	151311264	1.384170532	112.8571254
chr10	151311356	1.423995428	112.8572527
chr10	151311357	0.6438631196	112.8572541
chr10	151312056	2.128570138	112.8577042
chr10	151314226	2.169671934	112.8623232
chr10	151314236	2.210778323	112.8623449
chr10	151314338	2.251931611	112.8625704
chr10	151314533	2.321002611	112.8630095
chr10	151314534	0.3701732132	112.8630118
chr10	151403737	0.653950039	112.8960324
chr10	151403738	0.4237842346	112.896033
chr10	151404586	0.4175664335	112.8963924
chr10	151473663	0.3359746582	112.9252366
chr10	151474452	0.2839474505	112.9255017
chr10	151474664	0.4039952159	112.9255619
chr10	151474665	0.3580443296	112.9255623
chr10	151505311	0.1738876794	112.936535
chr10	151505335	0.1877074141	112.9365391
chr10	151505336	0.1514954057	112.9365393
chr10	151505354	0.1653823278	112.936542
chr10	151507850	0.1927780163	112.9369548
chr10	151511015	0.1584829699	112.937565
chr10	151511667	0.1726588319	112.9376683
chr10	151514117	0.2250662874	112.9380913
chr10	151514118	0.1917353369	112.9380916
chr10	151528084	0.1747669437	112.9407693
chr10	151595772	0.129710254	112.952599
chr10	151633430	0.1581638278	112.9574836
chr10	151642145	0.1307681392	112.958862
chr10	151762732	0.1023145655	112.9746309
chr10	151770287	0.08842764317	112.9754039
chr10	151771199	0.09591278172	112.9754845
chr10	151771200	0.06171257141	112.9754846
chr10	151771240	0.06919833693	112.9754871
chr10	151771428	0.0524878524	112.9755001
chr10	151771556	0.03866811623	112.9755068
chr10	151810442	0.02962199193	112.9770105
chr10	151810606	0.02232167539	112.9770153
chr10	151810768	0.05033757524	112.977019
chr10	151811009	0.06840658812	112.9770311
chr10	151942090	0.04039068833	112.9859979
chr10	152012175	0.05407228319	112.9888287
chr10	152014622	0.06890151383	112.988961
chr10	152014623	0.04348173809	112.9889611
chr10	152262720	0.01368159486	112.9997488
chr10	152281084	0	113
chr10	152435371	0	113
