Chromosome	Position(bp)	Rate(cM/Mb)	Map(cM)
chr2	0	0	0
chr2	31193	0.003118141707	0
chr2	31213	0.005775133384	6.236283414e-08
chr2	31247	0.009286850046	2.587173692e-07
chr2	107002	0.03411211794	0.0007037840426
chr2	107107	0.03779779404	0.000707365815
chr2	168147	0.04188863157	0.003014543163
chr2	199172	0.05888685778	0.004314137958
chr2	250936	0.0642790466	0.007362357264
chr2	250975	0.06967156915	0.007364864147
chr2	881129	0.1661729221	0.05126868213
chr2	881221	0.1803458088	0.05128397004
chr2	882200	0.1759622582	0.05146052859
chr2	891232	0.1716291931	0.0530498197
chr2	935872	0.2037764877	0.06071134688
chr2	935954	0.1955778957	0.06072805655
chr2	998813	0.198493155	0.0730218875
chr2	998888	0.2540438572	0.07303677448
chr2	998899	0.2571527238	0.07303956897
chr2	999775	0.3131580687	0.07326483475
chr2	999831	0.4141483104	0.0732823716
chr2	1000515	0.4291368186	0.07356564905
chr2	1001639	0.4575677322	0.07404799883
chr2	1001648	0.4477411229	0.07405211694
chr2	1003951	0.5042856185	0.07508326475
chr2	1029049	0.5226566133	0.0877398252
chr2	1029087	0.5558153099	0.08775968615
chr2	1029621	0.5195683137	0.08805649153
chr2	1031452	0.5929090063	0.08900782111
chr2	1033479	0.4696140738	0.09020964767
chr2	1033564	0.508485711	0.09024956486
chr2	1120983	0.305968459	0.1347008772
chr2	1121161	0.2775375455	0.1347553396
chr2	1121267	0.2495676408	0.1347847586
chr2	1121316	0.2127232681	0.1347969874
chr2	1121480	0.1850043334	0.134831874
chr2	1121483	0.8628575439	0.134832429
chr2	1122413	0.8808938895	0.1356348866
chr2	1127480	0.9677433646	0.1400983759
chr2	1127482	0.505863433	0.1401003114
chr2	1127678	0.5675017361	0.1401994606
chr2	1127717	0.7302394495	0.1402215932
chr2	1127730	0.7488676532	0.1402310863
chr2	1128671	0.7886815917	0.1409357708
chr2	1182307	0.7951995656	0.1832374966
chr2	1182514	0.8711929383	0.1834021029
chr2	1182808	0.5633530974	0.1836582336
chr2	1185936	0.5052218593	0.1854204021
chr2	1186639	0.6563149559	0.1857755731
chr2	1186676	0.8655448526	0.1857998567
chr2	1186705	0.9378443717	0.1858249575
chr2	1214021	0.9330015709	0.2114431144
chr2	1226672	0.400452607	0.2232465173
chr2	1227230	0.3094707261	0.2234699698
chr2	1247890	0.3638528221	0.229863635
chr2	1310148	0.2389964346	0.252516384
chr2	1310200	0.1983140329	0.2525288118
chr2	1310376	0.1589340103	0.2525637151
chr2	1310817	1.034341137	0.252633805
chr2	1314490	1.221855033	0.25643294
chr2	1314774	1.238203229	0.2567799468
chr2	1314782	1.260033627	0.2567898525
chr2	1315215	1.285177318	0.257335447
chr2	1315251	0.5898531748	0.2573817134
chr2	1372481	0.5312571736	0.2911390106
chr2	1372549	0.4727284416	0.2911751361
chr2	1377025	0.5236318684	0.2932910686
chr2	1377123	0.5657623673	0.2933423845
chr2	1443669	0.5462431533	0.330991607
chr2	1443670	0.5817965196	0.3309921533
chr2	1450363	0.4959398051	0.3348861174
chr2	1470442	0.6000999284	0.3448440927
chr2	1473208	0.5786901346	0.3465039691
chr2	1522472	0.3844165632	0.3750125599
chr2	1522633	1.332371432	0.375074451
chr2	1526110	1.594997574	0.3797071064
chr2	1526550	1.871942941	0.3804089054
chr2	1527162	2.493985916	0.3815545344
chr2	1527885	3.279860026	0.3833576863
chr2	1528261	3.317400428	0.3845909136
chr2	1528612	4.218010758	0.3857553212
chr2	1532085	4.202394041	0.4004044725
chr2	1532209	3.061661989	0.4009255694
chr2	1533796	5.155405044	0.405784427
chr2	1533803	5.195365527	0.4058205148
chr2	1533957	5.235388137	0.4066206011
chr2	1536809	4.107568803	0.4215519281
chr2	1536886	4.09256673	0.4218682109
chr2	1537314	4.54896107	0.4236198294
chr2	1538820	4.272015703	0.4304705648
chr2	1538989	3.449470585	0.4311925355
chr2	1539049	2.328676083	0.4313995037
chr2	1539069	2.326186691	0.4314460772
chr2	1539211	2.369016532	0.4317763957
chr2	1539244	2.388443796	0.4318545733
chr2	1539248	1.433089171	0.431864127
chr2	1542699	1.445349581	0.4368097178
chr2	1546688	1.468109317	0.4425752173
chr2	1546885	1.521264736	0.4428644348
chr2	1547073	1.574216393	0.4431504326
chr2	1547128	1.004255862	0.4432370145
chr2	1547238	1.165751937	0.4433474826
chr2	1547265	1.260127606	0.4433789579
chr2	1548108	1.247251342	0.4444412455
chr2	1571382	1.521094492	0.4734697732
chr2	1571383	1.611953307	0.4734712943
chr2	1571385	1.465967155	0.4734745182
chr2	1571394	1.396277861	0.4734877119
chr2	1583791	1.122434711	0.4907973686
chr2	1588141	1.155645744	0.4956799596
chr2	1588180	1.070845393	0.4957250297
chr2	1588299	1.06176626	0.4958524604
chr2	1588309	1.173066894	0.495863078
chr2	1588623	1.267534577	0.496231421
chr2	1588626	1.251636862	0.4962352236
chr2	1588664	1.223524118	0.4962827858
chr2	1589182	2.801581874	0.4969165713
chr2	1589321	3.105267961	0.4973059912
chr2	1590386	3.289978493	0.5006131016
chr2	1591382	1.87176388	0.5038899202
chr2	1591500	2.297604684	0.5041107883
chr2	1591635	2.482889289	0.5044209649
chr2	1608488	4.768107615	0.5462650981
chr2	1608765	4.593343181	0.5475858639
chr2	1608783	4.303297172	0.5476685441
chr2	1608825	4.129070365	0.5478492826
chr2	1609434	4.350405801	0.5503638864
chr2	1609859	4.366983127	0.5522128089
chr2	1609975	1.91434721	0.5527193789
chr2	1610813	1.897793683	0.5543236019
chr2	1610824	1.912932771	0.5543444776
chr2	1610962	1.738329973	0.5546084624
chr2	1611247	2.364769125	0.5551038864
chr2	1611261	2.289198907	0.5551369932
chr2	1611382	2.329165501	0.5554139862
chr2	1611741	2.372230916	0.5562501566
chr2	1617433	5.474305351	0.569752895
chr2	1618269	5.01036527	0.5743294143
chr2	1618441	5.286128401	0.5751911971
chr2	1618551	1.85532575	0.5757726712
chr2	1618555	1.819899887	0.5757800926
chr2	1618567	1.775293452	0.5758019313
chr2	1618651	1.822426714	0.575951056
chr2	1618750	1.862464413	0.5761314762
chr2	1618771	1.893197853	0.576170588
chr2	1618780	2.415084895	0.5761876268
chr2	1618833	2.590131031	0.5763156263
chr2	1618840	3.57569309	0.5763337572
chr2	1618862	3.747256995	0.5764124224
chr2	1619094	3.705126496	0.5772817861
chr2	1688748	7.231000624	0.835358667
chr2	1690457	7.183537538	0.8477164471
chr2	1690460	9.352421637	0.8477379977
chr2	1690469	9.11559404	0.8478221695
chr2	1690483	10.47901964	0.8479497878
chr2	1690484	10.55871244	0.8479602668
chr2	1690553	13.27197228	0.848688818
chr2	1690556	13.12988794	0.8487286339
chr2	1690596	12.60964474	0.8492538294
chr2	1690609	27.51599495	0.8494177548
chr2	1690647	27.3828091	0.8504633626
chr2	1690651	28.82025396	0.8505728939
chr2	1690746	32.18522056	0.853310818
chr2	1690747	34.38282586	0.8533430032
chr2	1690873	34.33655517	0.8576752393
chr2	1690915	34.19511418	0.8591173746
chr2	1691505	25.50189296	0.8792924919
chr2	1692996	24.00420081	0.9173158143
chr2	1693015	14.05530146	0.9177718942
chr2	1693080	9.842205559	0.9186854888
chr2	1693109	8.482957699	0.9189709127
chr2	1693115	7.065707172	0.9190218105
chr2	1695992	7.042947436	0.93934985
chr2	1696032	7.252878419	0.9396315679
chr2	1696182	7.281491513	0.9407194997
chr2	1696395	7.51590926	0.9422704573
chr2	1696406	7.475942666	0.9423531323
chr2	1702852	6.846231918	0.9905430588
chr2	1702885	5.040273871	0.9907689844
chr2	1702982	4.754723386	0.991257891
chr2	1703623	3.186461892	0.9943056687
chr2	1703653	2.083318397	0.9944012625
chr2	1703746	2.832043019	0.9945950112
chr2	1703748	2.861683901	0.9946006752
chr2	1703854	3.377269972	0.9949040137
chr2	1703952	3.346073305	0.9952349862
chr2	1704147	3.60698544	0.9958874705
chr2	1704497	4.135957988	0.9971499154
chr2	1709055	4.092946106	1.016001612
chr2	1709999	4.566749738	1.019865353
chr2	1710014	4.979832399	1.019933854
chr2	1710891	4.811145819	1.024301167
chr2	1710921	4.28217327	1.024445502
chr2	1710939	3.842483787	1.024522581
chr2	1710942	3.363065101	1.024534108
chr2	1710960	4.378671441	1.024594643
chr2	1711006	4.410318066	1.024796062
chr2	1712014	5.707062829	1.029241663
chr2	1712225	5.739043025	1.030445853
chr2	1715266	5.703794283	1.047898283
chr2	1717171	4.803679144	1.058764011
chr2	1717255	6.669803006	1.05916752
chr2	1717264	10.4561786	1.059227548
chr2	1718054	10.50393579	1.067487929
chr2	1718102	6.467483001	1.067992118
chr2	1718113	2.141201252	1.068063261
chr2	1718420	2.665013863	1.068720609
chr2	1718441	2.683761593	1.068776575
chr2	1718496	3.111241218	1.068924182
chr2	1718510	3.218429408	1.068967739
chr2	1718577	3.288953226	1.069183374
chr2	1718589	4.30131218	1.069222841
chr2	1718592	4.439966518	1.069235745
chr2	1718657	4.469587247	1.069524343
chr2	1718683	4.543694942	1.069640552
chr2	1807872	4.641586273	1.47488816
chr2	1807920	5.578145239	1.475110957
chr2	1810201	5.352140036	1.487834706
chr2	1810329	5.320257657	1.48851978
chr2	1810482	5.458910489	1.489333779
chr2	1810581	6.171445942	1.489874211
chr2	1810590	6.134577985	1.489929754
chr2	1810695	6.937726094	1.490573885
chr2	1814759	7.151682669	1.518768804
chr2	1814761	7.116410878	1.518783107
chr2	1814834	8.047912975	1.519302605
chr2	1814841	7.977304164	1.519358941
chr2	1814845	15.12118496	1.51939085
chr2	1814905	15.10734316	1.520298121
chr2	1814926	14.16316495	1.520615375
chr2	1814943	24.58790551	1.520856149
chr2	1814947	26.23046457	1.520954501
chr2	1814955	26.22517681	1.521164344
chr2	1814977	26.79866192	1.521741298
chr2	1815290	10.77814345	1.530129279
chr2	1815924	10.7083819	1.536962622
chr2	1815940	10.60825312	1.537133956
chr2	1818383	10.5766065	1.563049919
chr2	1818391	9.576582085	1.563134532
chr2	1818393	10.92900128	1.563153685
chr2	1818397	11.13022824	1.563197401
chr2	1818444	11.09664633	1.563720522
chr2	1818482	16.2832364	1.564142194
chr2	1818529	16.26997341	1.564907506
chr2	1819861	16.34406333	1.586579111
chr2	1820178	16.9964188	1.591760179
chr2	1820412	16.96563818	1.595737341
chr2	1820496	17.19542717	1.597162455
chr2	1821124	17.37609173	1.607961183
chr2	1821139	17.41934847	1.608221824
chr2	1822074	16.94201743	1.624508915
chr2	1822183	16.26217008	1.626355595
chr2	1822185	15.34450342	1.626388119
chr2	1822382	15.65514604	1.629410986
chr2	1822390	14.68919513	1.629536228
chr2	1822449	13.79988003	1.63040289
chr2	1822451	13.47330568	1.63043049
chr2	1822492	13.44104127	1.630982895
chr2	1825387	10.46695125	1.66989471
chr2	1825820	10.49016744	1.6744269
chr2	1828413	9.90078303	1.701627904
chr2	1828533	9.565662749	1.702815998
chr2	1828534	9.341726717	1.702825564
chr2	1829057	9.368391289	1.707711287
chr2	1832235	9.318493421	1.737484034
chr2	1833321	7.767201678	1.747603918
chr2	1833378	7.703660494	1.748046648
chr2	1833399	7.416800428	1.748208425
chr2	1833403	9.22334995	1.748238093
chr2	1835061	9.120972404	1.763530407
chr2	1835203	7.908663379	1.764825585
chr2	1835284	5.224245395	1.765466187
chr2	1835297	4.988351547	1.765534102
chr2	1835299	5.040586916	1.765544078
chr2	1835404	5.991088752	1.76607334
chr2	1839906	5.927048737	1.793045222
chr2	1839933	4.729961265	1.793205252
chr2	1892373	4.933348177	2.041244421
chr2	1892382	5.243310747	2.041288821
chr2	1892395	5.226748138	2.041356984
chr2	1892396	5.102510495	2.041362211
chr2	1894363	8.320202553	2.051398849
chr2	1896330	8.338315618	2.067764687
chr2	1899696	8.239805023	2.095831458
chr2	1899726	9.377725174	2.096078652
chr2	1899732	9.264125079	2.096134918
chr2	1899736	10.22596879	2.096171975
chr2	1899771	10.99788422	2.096529883
chr2	1899772	13.52243709	2.096540881
chr2	1900021	15.69878425	2.099907968
chr2	1900353	15.53409073	2.105119965
chr2	1900410	15.36560007	2.106005408
chr2	1900418	15.25323767	2.106128333
chr2	1900453	22.73964509	2.106662196
chr2	1902256	22.30912188	2.147661776
chr2	1902261	22.16510554	2.147773322
chr2	1902541	21.90498009	2.153979551
chr2	1902549	21.76795552	2.154154791
chr2	1902580	20.22431029	2.154829598
chr2	1902615	20.01862485	2.155537448
chr2	1902628	29.05990176	2.155797691
chr2	1902646	33.51105098	2.156320769
chr2	1903140	33.12388912	2.172875228
chr2	1903251	33.07380408	2.17655198
chr2	1903345	29.35827328	2.179660917
chr2	1903349	24.81110809	2.17977835
chr2	1903354	24.71131597	2.179902406
chr2	1903378	24.55797194	2.180495477
chr2	1903380	23.17441782	2.180544593
chr2	1903402	18.83781912	2.181054431
chr2	1903449	17.86855306	2.181939808
chr2	1903568	18.04508347	2.184066166
chr2	1903597	17.67708264	2.184589473
chr2	1903606	54.44086074	2.184748567
chr2	1903633	53.51125758	2.18621847
chr2	1903738	54.74117628	2.191837152
chr2	1903745	52.68998976	2.192220341
chr2	1903757	53.0277314	2.19285262
chr2	1903777	33.47323667	2.193913175
chr2	1903783	34.45352516	2.194114014
chr2	1903791	26.64355272	2.194389643
chr2	1903807	10.60167692	2.19481594
chr2	1903816	10.02133198	2.194911355
chr2	1904002	10.32029053	2.196775322
chr2	1904332	10.39624229	2.200181018
chr2	1909863	9.726461495	2.257682634
chr2	1909916	10.44552651	2.258198137
chr2	1910876	9.505935935	2.268225842
chr2	1914277	10.23959102	2.30055553
chr2	1918999	9.985031856	2.348906879
chr2	1919003	9.627739867	2.348946819
chr2	1919006	11.06495439	2.348975703
chr2	1919035	9.270804453	2.349296586
chr2	1919052	9.276634851	2.34945419
chr2	1919086	10.08225829	2.349769595
chr2	1919196	14.17313591	2.350878644
chr2	1919198	14.29881066	2.35090699
chr2	1923135	14.34477779	2.407201408
chr2	1923165	14.17302547	2.407631751
chr2	1923254	14.00040941	2.40889315
chr2	1923258	8.518862481	2.408949152
chr2	1923304	11.36889916	2.40934102
chr2	1923309	10.65766378	2.409397864
chr2	1923332	14.01326775	2.40964299
chr2	1923347	13.74078602	2.409853189
chr2	1923418	13.94194675	2.410828785
chr2	1923690	19.15378671	2.414620995
chr2	1923832	18.2286401	2.417340832
chr2	1924009	18.08864424	2.420567302
chr2	1924326	12.08883475	2.426301402
chr2	1924342	7.355719132	2.426494823
chr2	1924423	7.47775611	2.427090637
chr2	1924437	7.494092642	2.427195325
chr2	1924695	7.578637704	2.429128801
chr2	1946237	7.402092961	2.592387814
chr2	1946314	7.362183639	2.592957776
chr2	1946559	7.209342383	2.594761511
chr2	1947421	7.190503737	2.600975964
chr2	1947462	7.200949952	2.601270774
chr2	1949936	7.347011012	2.619085925
chr2	1952233	7.443831813	2.635962009
chr2	1952268	9.670713077	2.636222543
chr2	1952964	9.911658207	2.642953359
chr2	1953332	10.43681395	2.646600849
chr2	1959375	10.5827126	2.709670516
chr2	1959514	11.3841454	2.711141513
chr2	1959515	11.4193587	2.711152897
chr2	1959517	10.58696678	2.711175736
chr2	1959521	10.52647618	2.711218084
chr2	1959580	10.61714106	2.711839146
chr2	1959592	10.86091661	2.711966552
chr2	1961685	10.3631438	2.73469845
chr2	1962929	10.15959869	2.747590201
chr2	1963006	10.49630445	2.74837249
chr2	1963028	10.59615517	2.748603409
chr2	1963047	10.77118894	2.748804736
chr2	1963554	10.47009736	2.754265729
chr2	1964399	10.52661442	2.763112961
chr2	1964795	10.73963128	2.7672815
chr2	1964888	11.23672423	2.768280286
chr2	1964891	11.15510341	2.768313996
chr2	1964907	11.36399993	2.768492478
chr2	1981159	9.366812981	2.953180205
chr2	1981174	8.803216558	2.953320707
chr2	1981210	8.402807273	2.953637623
chr2	1981238	9.796050263	2.953872901
chr2	1983677	8.203950949	2.977765468
chr2	1985734	5.550574668	2.994640995
chr2	1985833	5.907337882	2.995190502
chr2	1985870	4.903164599	2.995409073
chr2	1987025	4.84673422	3.001072228
chr2	1987330	4.462051938	3.002550482
chr2	1987355	3.449891765	3.002662034
chr2	1987413	3.871634995	3.002862127
chr2	1993813	3.557150718	3.027640591
chr2	1994434	2.693554375	3.029849582
chr2	1996302	2.146618868	3.034881142
chr2	1997060	1.460717344	3.036508279
chr2	2043985	1.402282215	3.10505244
chr2	2044038	1.345937999	3.105126761
chr2	2044134	1.233049002	3.105255971
chr2	2044437	1.251416323	3.105629585
chr2	2044476	0.851080119	3.10567839
chr2	2044587	0.8353519428	3.10577286
chr2	2045549	0.8617202045	3.106576469
chr2	2047356	0.9546157663	3.108133597
chr2	2083115	0.987400959	3.142269702
chr2	2083936	0.8497277609	3.143080358
chr2	2088859	0.8997517997	3.147263568
chr2	2088861	0.9344611994	3.147265368
chr2	2092834	0.945620137	3.150977982
chr2	2093407	1.015297314	3.151519822
chr2	2093677	1.087410925	3.151793953
chr2	2093704	1.067346686	3.151823313
chr2	2095090	1.035805222	3.153302655
chr2	2107478	1.128853238	3.16613421
chr2	2108210	1.101085605	3.166960531
chr2	2109102	1.458552496	3.167942699
chr2	2110668	1.511441421	3.170226792
chr2	2115671	1.699734349	3.177788534
chr2	2186663	1.630245992	3.298456075
chr2	2186713	1.796779272	3.298537587
chr2	2186763	1.593614951	3.298627426
chr2	2187392	2.023305962	3.29962981
chr2	2188329	1.996672568	3.301525648
chr2	2188332	1.93330178	3.301531638
chr2	2188389	2.115885312	3.301641836
chr2	2188455	2.18989989	3.301781484
chr2	2188875	2.333685938	3.302701242
chr2	2188993	2.518586271	3.302976617
chr2	2189024	2.828896061	3.303054693
chr2	2189042	3.005918403	3.303105613
chr2	2189065	3.55101444	3.303174749
chr2	2192279	2.855675858	3.31458771
chr2	2192298	3.049462236	3.314641968
chr2	2192304	3.152351377	3.314660265
chr2	2193840	3.478207277	3.319502276
chr2	2193876	3.587062057	3.319627492
chr2	2223441	3.275104927	3.425678981
chr2	2223454	3.077711976	3.425721558
chr2	2224528	4.237875736	3.42902702
chr2	2224530	4.048146279	3.429035496
chr2	2224533	4.033818982	3.429047641
chr2	2224693	3.749400775	3.429693052
chr2	2224739	4.889653687	3.429865524
chr2	2224937	11.26436714	3.430833676
chr2	2225093	11.15551236	3.432590917
chr2	2225261	10.84647851	3.434465043
chr2	2225331	10.74358937	3.435224296
chr2	2225650	16.40634472	3.438651501
chr2	2225849	16.31414481	3.441916364
chr2	2225897	12.68771472	3.442699443
chr2	2226692	12.71669037	3.452786176
chr2	2226702	12.83575065	3.452913343
chr2	2226760	15.70438929	3.453657817
chr2	2227281	15.60725297	3.461839803
chr2	2227405	12.19689119	3.463775103
chr2	2227411	12.10832699	3.463848284
chr2	2227457	2.676488211	3.464405267
chr2	2227468	3.119962227	3.464434709
chr2	2227474	3.091255104	3.464453428
chr2	2227522	3.333493459	3.464601809
chr2	2227613	3.384938029	3.464905156
chr2	2227630	3.609044054	3.4649627
chr2	2227637	3.61952023	3.464987964
chr2	2227639	4.027882825	3.464995203
chr2	2227647	4.279227182	3.465027426
chr2	2227809	4.318096596	3.465720661
chr2	2227844	4.347451465	3.465871794
chr2	2227876	3.191235184	3.466010912
chr2	2227878	3.416933886	3.466017295
chr2	2228459	3.964698134	3.468002533
chr2	2229210	4.255951884	3.470980022
chr2	2229272	4.934090186	3.471243891
chr2	2229290	4.854279028	3.471332704
chr2	2229371	5.104822393	3.471725901
chr2	2229446	6.143901167	3.472108763
chr2	2229616	6.943038914	3.473153226
chr2	2229654	7.460295882	3.473417061
chr2	2229655	7.495589654	3.473424522
chr2	2229869	9.470147961	3.475028578
chr2	2239117	9.490651045	3.562608506
chr2	2240111	9.656379526	3.572042213
chr2	2241381	9.367546577	3.584305815
chr2	2241410	8.895497189	3.584577474
chr2	2241550	8.358571071	3.585822844
chr2	2242793	7.150197346	3.596212548
chr2	2242860	6.9150688	3.596691611
chr2	2242877	6.981980676	3.596809167
chr2	2242910	7.031931722	3.597039572
chr2	2242934	5.590148969	3.597208339
chr2	2242962	5.505736943	3.597364863
chr2	2248157	5.55497435	3.625967166
chr2	2248173	5.731317299	3.626056046
chr2	2293543	5.729631524	3.886085912
chr2	2293662	5.38701946	3.886767738
chr2	2293663	5.354720399	3.886773125
chr2	2293667	5.196329276	3.886794544
chr2	2293671	4.947640344	3.886815329
chr2	2307009	5.211670936	3.952806956
chr2	2307060	5.677059554	3.953072751
chr2	2307076	5.770087359	3.953163584
chr2	2307077	5.675447734	3.953169354
chr2	2307116	6.015007947	3.953390697
chr2	2307193	5.953262313	3.953853852
chr2	2307442	5.881918435	3.955336215
chr2	2307463	6.18812203	3.955459735
chr2	2307484	6.041263892	3.955589686
chr2	2307542	5.936071977	3.955940079
chr2	2310939	6.549796095	3.976104915
chr2	2311008	6.50813307	3.976556851
chr2	2311346	6.46043012	3.9787566
chr2	2313589	6.379251915	3.993247345
chr2	2313620	6.331178469	3.993445102
chr2	2315035	6.496980842	4.002403719
chr2	2315047	6.338041663	4.002481683
chr2	2315126	6.307264613	4.002982388
chr2	2315233	5.213637919	4.003657266
chr2	2315258	5.330927704	4.003787607
chr2	2315289	5.241637621	4.003952865
chr2	2315310	5.662402681	4.00406294
chr2	2315316	5.883676116	4.004096914
chr2	2315328	6.487946266	4.004167518
chr2	2317172	6.438708858	4.016131291
chr2	2324355	6.780658006	4.062380537
chr2	2325826	6.57198357	4.072354885
chr2	2325827	5.419930887	4.072361457
chr2	2325906	5.235681055	4.072789631
chr2	2325936	5.872413663	4.072946702
chr2	2325942	6.418746049	4.072981936
chr2	2325950	5.461707604	4.073033286
chr2	2325960	6.461645986	4.073087903
chr2	2326005	6.672766125	4.073378677
chr2	2329713	6.898757307	4.098121294
chr2	2329743	7.304871573	4.098328257
chr2	2329749	7.363877148	4.098372086
chr2	2329759	8.3374312	4.098445725
chr2	2330047	8.514407381	4.100846905
chr2	2330233	9.181490155	4.102430585
chr2	2333976	9.355259935	4.136796903
chr2	2334228	9.432798319	4.139154428
chr2	2335327	7.863654719	4.149521073
chr2	2335439	7.412593468	4.150401803
chr2	2335530	7.215348276	4.151076349
chr2	2343604	6.643029346	4.209333071
chr2	2343639	6.523001101	4.209565577
chr2	2343642	6.330821503	4.209585146
chr2	2343659	6.210928773	4.20969277
chr2	2343661	5.916549649	4.209705192
chr2	2343680	5.331016657	4.209817606
chr2	2343967	6.618180837	4.211347608
chr2	2344113	6.902146871	4.212313862
chr2	2344158	6.568408936	4.212624459
chr2	2344167	6.818417739	4.212683575
chr2	2344209	10.00912205	4.212969948
chr2	2344221	9.824391435	4.213090058
chr2	2344230	9.880538702	4.213178477
chr2	2346304	10.62039908	4.233670714
chr2	2346306	8.33083752	4.233691955
chr2	2346320	8.165027056	4.233808587
chr2	2347165	8.004957357	4.240708035
chr2	2347168	8.775367043	4.24073205
chr2	2347205	8.834312032	4.241056738
chr2	2347230	8.805701347	4.241277596
chr2	2347258	9.247426132	4.241524156
chr2	2347282	9.388608551	4.241746094
chr2	2347318	9.978404958	4.242084084
chr2	2347320	9.865571455	4.242104041
chr2	2347344	10.585208	4.242340814
chr2	2347414	10.69622501	4.243081779
chr2	2349248	10.48728578	4.262698656
chr2	2349394	10.64204825	4.264229799
chr2	2350049	11.45976762	4.271200341
chr2	2350065	11.12558643	4.271383697
chr2	2350171	11.61487371	4.272563009
chr2	2350225	11.77572383	4.273190212
chr2	2354361	13.87575541	4.321894606
chr2	2354436	14.86643772	4.322935288
chr2	2355364	14.56181023	4.336731342
chr2	2355876	15.1481723	4.344186989
chr2	2356114	16.13553082	4.347792254
chr2	2356191	16.35739927	4.34903469
chr2	2356202	15.97377772	4.349214621
chr2	2356230	16.58131168	4.349661887
chr2	2356238	16.73616777	4.349794537
chr2	2356259	16.84338765	4.350145997
chr2	2356272	17.70707017	4.350364961
chr2	2356287	17.64882811	4.350630567
chr2	2356296	18.20606008	4.350789407
chr2	2356646	17.84176766	4.357161528
chr2	2356650	16.00017498	4.357232895
chr2	2357457	15.81320509	4.370145036
chr2	2357461	18.81103364	4.370208289
chr2	2357523	19.13526779	4.371374573
chr2	2357548	19.55181226	4.371852954
chr2	2357554	19.79810635	4.371970265
chr2	2361827	20.12041856	4.456567574
chr2	2362382	20.78789423	4.467734406
chr2	2362387	20.58192196	4.467838346
chr2	2362449	19.73530006	4.469114425
chr2	2362460	20.46914522	4.469331513
chr2	2365025	20.14823487	4.52183487
chr2	2371351	17.30542216	4.649292604
chr2	2371364	17.11737931	4.649517575
chr2	2371459	17.1394447	4.651143726
chr2	2371488	17.16619334	4.65164077
chr2	2371492	16.9240758	4.651709434
chr2	2378023	14.39189678	4.762240574
chr2	2378053	14.07240363	4.76267233
chr2	2378527	13.29006915	4.76934265
chr2	2378571	11.90519393	4.769927413
chr2	2378966	11.53777718	4.774629964
chr2	2379091	11.3335878	4.776072187
chr2	2379961	11.03153272	4.785932408
chr2	2379971	10.02308179	4.786042723
chr2	2387169	9.911737397	4.858188866
chr2	2387285	8.829814862	4.859338628
chr2	2387293	8.782603674	4.859409266
chr2	2387718	9.009431616	4.863141873
chr2	2387871	9.209521096	4.864520316
chr2	2387886	9.097832694	4.864658458
chr2	2387952	7.737251446	4.865258915
chr2	2390352	7.768569943	4.883828319
chr2	2390423	6.853472691	4.884379887
chr2	2390466	6.559870003	4.884674587
chr2	2390491	6.525699684	4.884838583
chr2	2390504	6.839824573	4.884923418
chr2	2390629	6.913604516	4.885778396
chr2	2390822	7.11180576	4.887112721
chr2	2391509	6.920292956	4.891998532
chr2	2391746	6.791746397	4.893638641
chr2	2391846	6.831171451	4.894317816
chr2	2396538	6.766207781	4.926369672
chr2	2397090	6.567707889	4.930104619
chr2	2397354	6.378197811	4.931838494
chr2	2397373	6.339238112	4.93195968
chr2	2397442	7.07531683	4.932397087
chr2	2397455	8.267297555	4.932489066
chr2	2397476	7.910502127	4.932662679
chr2	2397506	8.383712498	4.932899995
chr2	2401298	10.37324727	4.964691032
chr2	2401349	11.00832648	4.965220068
chr2	2402829	10.94231693	4.981512391
chr2	2404031	10.69110678	4.994665056
chr2	2404689	10.63540812	5.001699804
chr2	2404714	10.60176724	5.00196569
chr2	2404852	10.41991251	5.003428733
chr2	2404854	6.455109379	5.003449573
chr2	2404999	6.743325879	5.004385564
chr2	2405001	6.886744544	5.004399051
chr2	2405016	6.372232927	5.004502352
chr2	2478933	6.419039013	5.475518693
chr2	2479912	6.815682795	5.481802932
chr2	2498094	6.225805542	5.605725677
chr2	2498521	19.17132151	5.608384096
chr2	2498527	21.5931329	5.608499124
chr2	2498531	21.48411981	5.608585496
chr2	2498580	20.85763445	5.609638218
chr2	2498583	20.40994565	5.609700791
chr2	2498694	20.37373381	5.611966295
chr2	2498775	21.83816401	5.613616568
chr2	2498846	25.61532135	5.615167077
chr2	2498854	16.84839299	5.615372
chr2	2498855	16.77596852	5.615388848
chr2	2499012	16.67237435	5.618022675
chr2	2499540	16.60621461	5.626825689
chr2	2499557	16.57033275	5.627107995
chr2	2499564	13.79710102	5.627223987
chr2	2499575	21.64820737	5.627375755
chr2	2499618	21.59000385	5.628306628
chr2	2499622	21.61658094	5.628392988
chr2	2499639	21.7423361	5.62876047
chr2	2499644	23.26206761	5.628869181
chr2	2499723	20.43501299	5.630706885
chr2	2499750	29.72099535	5.63125863
chr2	2500206	29.64146445	5.644811404
chr2	2500345	29.70542103	5.648931568
chr2	2500455	29.66982223	5.652199164
chr2	2500740	29.63432865	5.660655063
chr2	2500830	27.73737948	5.663322153
chr2	2500870	27.81874162	5.664431648
chr2	2501058	17.80472262	5.669661571
chr2	2501092	21.72430425	5.670266932
chr2	2501106	15.27069772	5.670571072
chr2	2501118	16.51846773	5.670754321
chr2	2501136	14.27857284	5.671051653
chr2	2501193	15.4903167	5.671865532
chr2	2501655	9.997971382	5.679022058
chr2	2501758	10.17532718	5.680051849
chr2	2501880	11.76781232	5.681293239
chr2	2501940	13.0362407	5.681999308
chr2	2503909	13.26181955	5.707667666
chr2	2503918	11.03069863	5.707787022
chr2	2504619	10.49998574	5.715519542
chr2	2504639	10.70956509	5.715729542
chr2	2504644	10.64187595	5.715783089
chr2	2518359	10.44757555	5.861736418
chr2	2518483	10.20202894	5.863031917
chr2	2518498	9.522580689	5.863184948
chr2	2518724	28.74614868	5.865337051
chr2	2518734	29.28873348	5.865624513
chr2	2518891	8.369517568	5.870222844
chr2	2518897	8.140031561	5.870273061
chr2	2518958	7.915698372	5.870769603
chr2	2518973	7.764738915	5.870888338
chr2	2519657	6.507451937	5.87619942
chr2	2519687	6.35668322	5.876394643
chr2	2519713	6.179363446	5.876559917
chr2	2519822	6.149806869	5.877233468
chr2	2520086	6.907310416	5.878857017
chr2	2520673	7.632629445	5.882911608
chr2	2520842	8.493627789	5.884201522
chr2	2520853	8.29774324	5.884294952
chr2	2524960	7.032223883	5.918373784
chr2	2525358	5.337973938	5.921172609
chr2	2525465	5.359980903	5.921743772
chr2	2525878	4.773288975	5.923957444
chr2	2526178	4.800082827	5.925389431
chr2	2526249	3.962355358	5.925730237
chr2	2526272	3.7846219	5.925821371
chr2	2529698	3.251759267	5.938787485
chr2	2529741	3.286563229	5.938927311
chr2	2529969	3.091068143	5.939676647
chr2	2529995	2.391768647	5.939757015
chr2	2530020	2.524190927	5.939816809
chr2	2534556	2.487586376	5.951266539
chr2	2540108	2.33261761	5.965077619
chr2	2540225	2.653088706	5.965350535
chr2	2541773	2.667937058	5.969457517
chr2	2587147	2.526716364	6.090512493
chr2	2589999	2.515452664	6.097718688
chr2	2590254	2.607145046	6.098360128
chr2	2609869	2.548654896	6.149499278
chr2	2623525	2.594732166	6.184303709
chr2	2627314	3.090767287	6.19413515
chr2	2627324	3.186213851	6.194166057
chr2	2627377	3.116524462	6.194334927
chr2	2627395	3.164358082	6.194391024
chr2	2627475	3.533740321	6.194644173
chr2	2627481	3.764197838	6.194665375
chr2	2627515	3.834605053	6.194793358
chr2	2627521	3.915680592	6.194816366
chr2	2627803	4.056454768	6.195920587
chr2	2628077	4.080303398	6.197032056
chr2	2633106	4.154839237	6.217551902
chr2	2663849	4.219367196	6.345284125
chr2	2766777	4.154396902	6.779575151
chr2	2767754	4.1216928	6.783633997
chr2	2768338	4.011051382	6.786041066
chr2	2768342	6.61180096	6.78605711
chr2	2768508	7.126459806	6.787154669
chr2	2768985	7.050080215	6.79055399
chr2	2769487	10.01032531	6.79409313
chr2	2770564	11.47567986	6.804874251
chr2	2770628	16.23498779	6.805608694
chr2	2770658	27.93018956	6.806095744
chr2	2771388	32.15382899	6.826484782
chr2	2771401	37.42861503	6.826902782
chr2	2771482	39.64006919	6.8299345
chr2	2771687	22.68793013	6.838060714
chr2	2771729	23.46982094	6.839013607
chr2	2774632	23.4573623	6.907146497
chr2	2775322	27.06557614	6.923332077
chr2	2775354	26.29454872	6.924198176
chr2	2776342	23.3745748	6.95017719
chr2	2776346	22.62675845	6.950270688
chr2	2776485	22.79422252	6.953415808
chr2	2776497	21.26029632	6.953689338
chr2	2776513	21.24706377	6.954029503
chr2	2776793	21.40392252	6.959978681
chr2	2778143	17.26736414	6.988873976
chr2	2778156	12.84085059	6.989098452
chr2	2778185	13.39221204	6.989470837
chr2	2778287	10.39010469	6.990836842
chr2	2778364	10.9819054	6.99163688
chr2	2778369	11.03634413	6.99169179
chr2	2778634	10.20518161	6.994616421
chr2	2778740	10.27285975	6.99569817
chr2	2778876	12.64419238	6.997095279
chr2	2779115	15.3475493	7.000117241
chr2	2780309	11.78650362	7.018442215
chr2	2780372	10.09767166	7.019184765
chr2	2784106	6.284843648	7.056889471
chr2	2784165	5.974891451	7.057260277
chr2	2784614	27.94247543	7.059943003
chr2	2784718	28.05142523	7.06284902
chr2	2784729	27.95316615	7.063157586
chr2	2784757	3.813391106	7.063940275
chr2	2785339	4.235488518	7.066159668
chr2	2788308	4.263336928	7.078734834
chr2	2788569	4.340953237	7.079847565
chr2	2788581	4.35540927	7.079899656
chr2	2788710	4.230321826	7.080461504
chr2	2788797	4.296955542	7.080829542
chr2	2788868	3.618874516	7.081134626
chr2	2828950	45.97642655	7.226186354
chr2	2828959	45.9369539	7.226600142
chr2	2829028	5.988805622	7.229769792
chr2	2829045	6.918388428	7.229871601
chr2	2831093	6.975642095	7.244040461
chr2	2831116	7.090569622	7.244200901
chr2	2831141	7.205468057	7.244378165
chr2	2832350	7.102952716	7.253089576
chr2	2832563	7.436494103	7.254602505
chr2	2833060	7.104318009	7.258298442
chr2	2833065	7.106333026	7.258333964
chr2	2833068	8.923807801	7.258355283
chr2	2835059	8.985376862	7.276122584
chr2	2839209	11.13336653	7.313411898
chr2	2839675	14.26756238	7.318600047
chr2	2839715	15.89544372	7.319170749
chr2	2839794	15.82881001	7.32042649
chr2	2840790	14.69775619	7.336191984
chr2	2840791	9.037905303	7.336206682
chr2	2842660	9.235075892	7.353098527
chr2	2842751	8.244074168	7.353938919
chr2	2842785	8.181233305	7.354219218
chr2	2844265	4.590458705	7.366327443
chr2	2886859	4.447078298	7.561853441
chr2	2886870	4.61427224	7.561902359
chr2	2890251	2.923058884	7.577503213
chr2	2890258	2.768275168	7.577523675
chr2	2890331	2.902745446	7.577725759
chr2	2890445	2.922045881	7.578056672
chr2	2890478	2.848105957	7.578153099
chr2	2911718	3.053179087	7.63864687
chr2	2911763	3.458819159	7.638784263
chr2	2913009	3.638815005	7.643093951
chr2	2913026	3.615276294	7.643155811
chr2	2914900	4.501400754	7.649930839
chr2	2914923	4.541453343	7.650034371
chr2	2918105	5.466417801	7.664485276
chr2	2918131	6.523587667	7.664627403
chr2	2918284	14.35795473	7.665625512
chr2	2919572	17.19170685	7.684118557
chr2	2919972	21.81428307	7.69099524
chr2	2921603	19.53010799	7.726574336
chr2	2921639	19.76052083	7.72727742
chr2	2921671	21.13031992	7.727909756
chr2	2921697	18.16134773	7.728459145
chr2	2921708	13.1050475	7.728658919
chr2	2922339	13.88458227	7.736928204
chr2	2922419	12.76955245	7.738038971
chr2	2922439	12.91774376	7.738294362
chr2	2922815	12.5238751	7.743151434
chr2	2923298	10.70625245	7.749200465
chr2	2923664	11.4951831	7.753118954
chr2	2923698	10.23987477	7.75350979
chr2	2923707	10.31932949	7.753601949
chr2	2924224	9.588865252	7.758937042
chr2	2924424	8.928689476	7.760854815
chr2	2924547	9.947345416	7.761953044
chr2	2924556	9.495704527	7.76204257
chr2	2924617	9.504025664	7.762621808
chr2	2925703	8.129198937	7.77294318
chr2	2925841	7.848838722	7.774065009
chr2	2925855	7.858460122	7.774174893
chr2	2925890	7.785244508	7.774449939
chr2	2926149	7.235119909	7.776466318
chr2	2926155	5.12186142	7.776509728
chr2	2926220	5.318849214	7.776842649
chr2	2927933	4.522850233	7.785953838
chr2	2965602	5.72828466	7.956325083
chr2	2965680	5.307501236	7.95677189
chr2	2965684	5.151953109	7.95679312
chr2	2965865	5.160967909	7.957725623
chr2	2965983	5.560307504	7.958334617
chr2	2966475	5.443467816	7.961070289
chr2	2968114	5.44286209	7.969992132
chr2	2968117	3.738362188	7.970008461
chr2	2968118	5.544329999	7.970012199
chr2	2968421	4.392739976	7.971692131
chr2	2970696	4.435819698	7.981685615
chr2	2970727	4.527317426	7.981823125
chr2	2970810	4.477496714	7.982198893
chr2	2970825	3.222188383	7.982266055
chr2	2970878	3.198298331	7.982436831
chr2	2970913	3.126378933	7.982548771
chr2	2970930	4.832452551	7.98260192
chr2	2970952	4.766315539	7.982708234
chr2	2971209	4.802794447	7.983933177
chr2	2971851	4.669525001	7.987016571
chr2	2971854	4.703933552	7.98703058
chr2	2971897	4.077205472	7.987232849
chr2	2972808	2.267770088	7.990947183
chr2	2973050	2.276960057	7.991495983
chr2	2973051	2.286150423	7.99149826
chr2	2973064	2.466436529	7.99152798
chr2	2974259	2.55941426	7.994475372
chr2	2974283	2.23623248	7.994536798
chr2	2974289	1.977754368	7.994550215
chr2	3044292	1.886652999	8.132998954
chr2	3044326	2.08600731	8.1330631
chr2	3044331	1.947476722	8.13307353
chr2	3044338	1.802803578	8.133087163
chr2	3044937	1.709523728	8.134167042
chr2	3045696	1.88778467	8.135464571
chr2	3045709	1.852358224	8.135489112
chr2	3045743	1.838974958	8.135552092
chr2	3046900	2.032864466	8.137679786
chr2	3050041	2.007103571	8.144065013
chr2	3061010	1.469741777	8.166080932
chr2	3064362	1.077165429	8.171007507
chr2	3064404	1.089937962	8.171052748
chr2	3064451	1.101828729	8.171103975
chr2	3064469	1.117075754	8.171123808
chr2	3064920	1.040736138	8.171627609
chr2	3065139	1.112452895	8.17185553
chr2	3067867	1.123210898	8.174890302
chr2	3070612	1.391802921	8.177973516
chr2	3070992	2.107715476	8.178502401
chr2	3071029	2.142479915	8.178580386
chr2	3075616	2.158690926	8.188407942
chr2	3075899	2.171422019	8.189018851
chr2	3075981	3.564836663	8.189196908
chr2	3081158	2.971205678	8.207652067
chr2	3081194	2.987856679	8.20775903
chr2	3170448	2.970835272	8.474437191
chr2	3252906	8.598837553	8.719406325
chr2	3274390	8.589202772	8.904143751
chr2	3274396	8.649222195	8.904195287
chr2	3274418	9.024080554	8.904385569
chr2	3274437	8.811649141	8.904557027
chr2	3281870	7.669817963	8.970054015
chr2	3282344	7.440330891	8.973689509
chr2	3285212	7.330174669	8.995028378
chr2	3285234	4.589659368	8.995189642
chr2	3285273	4.573008367	8.995368638
chr2	3286121	4.343912746	8.999246549
chr2	3286135	4.376758578	8.999307364
chr2	3286271	4.513153193	8.999902603
chr2	3286275	4.600179588	8.999920656
chr2	3286277	4.726632255	8.999929856
chr2	3286318	8.020917062	9.000123648
chr2	3287340	4.522032644	9.008321026
chr2	3287499	4.611690428	9.009040029
chr2	3288052	4.67374294	9.011590294
chr2	3289147	4.814998719	9.016708042
chr2	3289181	4.944801245	9.016871752
chr2	3325322	4.77192491	9.195581814
chr2	3325400	4.682267127	9.195954024
chr2	3330421	4.60706586	9.219463687
chr2	3330453	4.939745789	9.219611113
chr2	3330988	4.861892974	9.222253877
chr2	3330989	4.400520891	9.222258739
chr2	3331013	4.13853019	9.222364352
chr2	3331021	3.751803808	9.22239746
chr2	3332989	3.292469733	9.22978101
chr2	3332998	3.417875485	9.229810642
chr2	3337260	3.209967692	9.244377627
chr2	3342489	3.149522289	9.261162548
chr2	3342799	4.17105883	9.2621389
chr2	3342814	3.926800555	9.262201466
chr2	3342847	4.427057998	9.262331051
chr2	3342995	4.526102553	9.262986255
chr2	3343009	4.715417376	9.263049621
chr2	3349478	4.314027807	9.293553656
chr2	3349495	4.259356105	9.293626994
chr2	3350229	4.247465338	9.296753362
chr2	3350371	4.375271854	9.297356502
chr2	3350830	4.50332882	9.299364751
chr2	3350879	4.746488599	9.299585414
chr2	3350890	5.159282532	9.299637626
chr2	3351516	5.193090423	9.302867337
chr2	3356052	5.382602848	9.326423195
chr2	3356081	5.542371509	9.32657929
chr2	3359093	5.333821144	9.343272913
chr2	3359122	5.555343392	9.343427594
chr2	3359184	5.347951286	9.343772025
chr2	3359737	5.723210103	9.346729443
chr2	3359828	5.521169574	9.347250255
chr2	3359960	5.475148912	9.347979049
chr2	3360080	7.85881471	9.348636067
chr2	3360088	7.662266636	9.348698937
chr2	3360095	7.536860884	9.348752573
chr2	3360239	7.929208148	9.349837881
chr2	3360242	9.585034462	9.349861669
chr2	3360249	9.491819093	9.349928764
chr2	3360251	9.997773961	9.349947748
chr2	3365594	17.90025722	9.403365854
chr2	3365629	23.4404998	9.403992363
chr2	3366696	23.75231111	9.429003376
chr2	3366711	32.03202071	9.429359661
chr2	3367668	30.39358307	9.460014305
chr2	3367674	19.42649932	9.460196666
chr2	3367702	16.14804332	9.460740608
chr2	3368372	16.52653737	9.471559797
chr2	3368464	16.30659812	9.473080239
chr2	3368477	16.69156692	9.473292224
chr2	3368599	16.53874843	9.475328596
chr2	3368600	15.79681623	9.475345134
chr2	3368876	15.03234456	9.479705056
chr2	3368900	16.06423828	9.480065832
chr2	3374496	17.00985448	9.569961309
chr2	3376836	14.89120153	9.609764369
chr2	3376941	14.46706752	9.611327945
chr2	3376959	14.33926101	9.611588352
chr2	3377304	13.04655663	9.616535397
chr2	3377315	12.26289628	9.616678909
chr2	3377320	11.35845273	9.616740224
chr2	3377350	7.416612245	9.617080977
chr2	3377366	5.705130167	9.617199643
chr2	3377464	5.540474042	9.617758746
chr2	3377465	3.488796731	9.617764286
chr2	3377594	28.39751203	9.618214341
chr2	3377642	28.21402824	9.619577422
chr2	3377859	6.247971522	9.625699866
chr2	3377884	6.289731316	9.625856065
chr2	3378079	12.23365616	9.627082563
chr2	3378083	12.8403883	9.627131498
chr2	3378084	13.28113015	9.627144338
chr2	3379299	11.01897627	9.643280911
chr2	3379363	9.328814021	9.643986126
chr2	3379418	9.832612338	9.64449921
chr2	3379423	9.875157971	9.644548373
chr2	3379432	7.406547253	9.64463725
chr2	3379443	7.534331822	9.644718722
chr2	3379453	7.577280214	9.644794065
chr2	3383736	7.211042749	9.677247556
chr2	3385794	2.768992073	9.692087882
chr2	3386050	2.575763389	9.692796744
chr2	3386163	2.264055272	9.693087805
chr2	3386256	2.278603387	9.693298363
chr2	3386304	1.563666638	9.693407736
chr2	3386310	1.891442617	9.693417118
chr2	3455987	1.749517478	9.825207165
chr2	3456056	1.506575922	9.825327881
chr2	3458284	1.577305073	9.828684533
chr2	3458474	1.596873859	9.828984221
chr2	3458554	6.666124047	9.82911197
chr2	3458574	6.623175656	9.829245293
chr2	3458580	6.619403393	9.829285032
chr2	3459257	6.5776436	9.833766368
chr2	3459293	6.47102825	9.834003163
chr2	3459339	7.731038281	9.834300831
chr2	3459611	7.685003903	9.836403673
chr2	3459662	7.638770354	9.836795608
chr2	3459933	10.1542669	9.838865715
chr2	3459942	12.83635138	9.838957103
chr2	3460027	14.14382335	9.840048193
chr2	3460083	14.159691	9.840840247
chr2	3461483	14.1212191	9.860663815
chr2	3462591	22.25579319	9.876310126
chr2	3462626	20.18737599	9.877089078
chr2	3462658	20.2609905	9.877735074
chr2	3462661	20.24045814	9.877795857
chr2	3462688	20.38104603	9.87834235
chr2	3462698	20.39671351	9.87854616
chr2	3462730	16.8003816	9.879198855
chr2	3462752	17.91487184	9.879568463
chr2	3462846	5.531220532	9.881252461
chr2	3462920	5.933481894	9.881661772
chr2	3462928	6.007529521	9.881709239
chr2	3462940	6.027632574	9.88178133
chr2	3466457	3.663721079	9.902980514
chr2	3466509	3.684239267	9.903171027
chr2	3466580	3.791890749	9.903432608
chr2	3466586	3.534162845	9.903455359
chr2	3503708	3.370314051	10.03465055
chr2	3503758	5.134455278	10.03481907
chr2	3503976	6.196784841	10.03593838
chr2	3504013	13.49279427	10.03616766
chr2	3504770	13.53364957	10.04638171
chr2	3505677	11.49151036	10.05865673
chr2	3505710	7.463589537	10.05903595
chr2	3505718	5.539429461	10.05909565
chr2	3505723	5.487060368	10.05912335
chr2	3505747	7.699377849	10.05925504
chr2	3507404	7.702291593	10.07201291
chr2	3507424	7.730544276	10.07216696
chr2	3508245	7.81585693	10.07851373
chr2	3508819	4.278550754	10.08300003
chr2	3619834	4.343659349	10.55798335
chr2	3619839	4.290247823	10.55800507
chr2	3619873	4.246470709	10.55815093
chr2	3627694	3.766071177	10.59136258
chr2	3627700	3.551615361	10.59138518
chr2	3627911	3.586681	10.59213457
chr2	3627965	3.497534912	10.59232825
chr2	3627988	3.915594602	10.59240869
chr2	3627989	3.887079711	10.59241261
chr2	3628068	3.916929413	10.59271969
chr2	3628094	6.107615598	10.59282153
chr2	3630017	4.235633453	10.60456647
chr2	3630043	4.21533187	10.6046766
chr2	3631746	4.187688474	10.61185531
chr2	3631975	4.300483419	10.61281429
chr2	3632002	3.451708547	10.6129304
chr2	3632124	3.352395936	10.61335151
chr2	3632136	3.245596349	10.61339174
chr2	3632189	3.569052565	10.61356376
chr2	3632203	4.077996898	10.61361372
chr2	3632222	4.819062215	10.6136912
chr2	3632252	5.404938444	10.61383578
chr2	3632254	5.57259696	10.61384659
chr2	3632914	5.699568092	10.6175245
chr2	3634857	5.280423079	10.62859876
chr2	3661282	5.163564878	10.76813394
chr2	3663149	4.724332712	10.77777432
chr2	3667811	5.556792853	10.79979916
chr2	3668003	6.363320614	10.80086606
chr2	3668004	6.268612707	10.80087242
chr2	3668045	6.914896085	10.80112944
chr2	3668048	11.31875197	10.80115018
chr2	3671119	13.60264975	10.83591007
chr2	3671290	14.19401343	10.83823612
chr2	3671330	15.04019535	10.83880388
chr2	3672601	13.0600124	10.85791997
chr2	3672620	13.03988875	10.85816811
chr2	3672628	13.30386138	10.85827243
chr2	3672634	19.41686818	10.85835225
chr2	3673049	20.31516896	10.86641025
chr2	3673059	21.36501911	10.86661341
chr2	3674237	14.72575243	10.8917814
chr2	3674240	14.82715531	10.89182557
chr2	3674247	15.17084288	10.89192937
chr2	3674251	15.35059953	10.89199005
chr2	3674273	16.410922	10.89232776
chr2	3674304	16.58280463	10.8928365
chr2	3674316	17.7210866	10.89303549
chr2	3674553	15.95031033	10.89723539
chr2	3674644	16.64479626	10.89868687
chr2	3679369	78.19336857	10.97733353
chr2	3679391	77.1638764	10.97905379
chr2	3679478	11.24969948	10.98576704
chr2	3679537	10.55521355	10.98643078
chr2	3679588	9.925775982	10.98696909
chr2	3680374	10.51307346	10.99477075
chr2	3680498	9.967190788	10.99607437
chr2	3680664	9.603132544	10.99772893
chr2	3680876	8.942722929	10.99976479
chr2	3683272	7.823382461	11.02119155
chr2	3685501	7.456614358	11.03862987
chr2	3685507	7.477163565	11.03867461
chr2	3686359	6.975299786	11.04504516
chr2	3686445	7.796415144	11.04564503
chr2	3688497	6.328283961	11.06164328
chr2	3688507	4.892269372	11.06170656
chr2	3688560	4.654422403	11.06196585
chr2	3688629	4.912638182	11.062287
chr2	3692902	4.196866705	11.08327871
chr2	3693151	3.955648203	11.08432373
chr2	3693155	3.471757927	11.08433955
chr2	3693212	3.431946539	11.08453744
chr2	3693772	3.483487866	11.08645933
chr2	3694074	3.311605233	11.08751134
chr2	3701789	16.50048645	11.11306038
chr2	3702017	7.566753232	11.11682249
chr2	3702065	18.85772369	11.11718569
chr2	3702068	18.88439129	11.11724227
chr2	3702600	13.70495045	11.12728876
chr2	3702661	13.79856298	11.12812476
chr2	3702674	13.8724645	11.12830415
chr2	3702676	14.34582634	11.12833189
chr2	3702722	9.659882897	11.1289918
chr2	3704426	10.45794919	11.14545224
chr2	3706072	10.5162015	11.16266602
chr2	3706613	13.63998395	11.16835529
chr2	3708834	10.87983258	11.19864969
chr2	3708848	9.390569079	11.19880201
chr2	3708858	9.412306333	11.19889592
chr2	3708870	5.343721696	11.19900886
chr2	3708874	5.433051082	11.19903024
chr2	3708953	4.985991368	11.19945945
chr2	3708955	4.223445877	11.19946942
chr2	3709131	4.364597568	11.20021275
chr2	3709135	4.648026802	11.20023021
chr2	3709160	4.677878075	11.20034641
chr2	3709362	4.904724726	11.20129134
chr2	3709371	4.961297352	11.20133548
chr2	3710292	5.138404703	11.20590484
chr2	3710328	5.1686086	11.20608982
chr2	3712019	5.191555844	11.21482994
chr2	3712024	5.218299636	11.21485589
chr2	3712213	5.394480705	11.21584215
chr2	3811511	5.447410093	11.7515033
chr2	3811825	5.517796597	11.75321378
chr2	3811858	5.533965031	11.75339587
chr2	3811943	7.174165177	11.75386626
chr2	3817944	7.112494528	11.79691842
chr2	3822609	7.725607415	11.83009821
chr2	3822741	8.077424583	11.83111799
chr2	3822780	8.246499042	11.83143301
chr2	3822834	9.07219095	11.83187832
chr2	3822864	10.39959155	11.83215049
chr2	3822995	10.19016445	11.83351283
chr2	3823271	10.46398553	11.83632532
chr2	3823275	10.40610163	11.83636717
chr2	3823301	10.68116051	11.83663773
chr2	3824212	10.65081989	11.84636827
chr2	3824300	11.16796435	11.84730554
chr2	3824406	11.10875263	11.84848935
chr2	3826446	12.27056115	11.8711512
chr2	3829484	12.21409874	11.90842917
chr2	3829493	12.10636088	11.90853909
chr2	3829504	11.90446616	11.90867226
chr2	3829516	9.323173329	11.90881512
chr2	3829541	9.325086904	11.9090482
chr2	3830334	9.87657359	11.91644299
chr2	3830341	9.980903197	11.91651213
chr2	3830431	9.789793073	11.91741041
chr2	3830435	9.763195601	11.91744957
chr2	3830469	10.03130436	11.91778152
chr2	3830506	10.19823891	11.91815267
chr2	3830534	8.82190175	11.91843823
chr2	3830572	8.926895405	11.91877346
chr2	3830601	8.898867133	11.91903234
chr2	3836691	8.54059648	11.97322644
chr2	3839086	8.218928758	11.99368117
chr2	3839094	8.166747131	11.99374692
chr2	3840464	8.140907685	12.00493536
chr2	3840510	8.766959453	12.00530984
chr2	3841155	8.55706004	12.01096453
chr2	3841175	8.266174947	12.01113567
chr2	3841194	8.704394249	12.01129273
chr2	3841336	9.151739925	12.01252875
chr2	3842908	9.049872044	12.02691529
chr2	3844263	9.02587216	12.03917787
chr2	3845688	7.786323126	12.05203973
chr2	3848089	8.045813236	12.0707347
chr2	3848091	9.985284867	12.07075079
chr2	3848127	10.27675154	12.07111026
chr2	3848490	11.71588172	12.07484072
chr2	3850152	11.84317691	12.09431251
chr2	3850862	12.29665674	12.10272117
chr2	3850872	12.53381414	12.10284414
chr2	3850873	14.06611274	12.10285667
chr2	3850914	13.94509708	12.10343338
chr2	3850977	14.29659327	12.10431192
chr2	3850979	17.29001746	12.10434052
chr2	3851395	17.26716113	12.11153316
chr2	3853060	15.41646645	12.14028299
chr2	3853131	16.10615542	12.14137755
chr2	3853749	15.73424996	12.15133116
chr2	3853792	14.57011168	12.15200773
chr2	3854651	15.19339114	12.16452346
chr2	3854669	15.05375195	12.16479694
chr2	3854681	15.12465796	12.16497758
chr2	3860103	10.22748081	12.24698348
chr2	3862911	11.27694732	12.27570225
chr2	3862912	11.07371663	12.27571352
chr2	3862926	11.47009125	12.27586855
chr2	3862933	11.10305763	12.27594884
chr2	3862937	10.44607467	12.27599326
chr2	3863259	10.34828004	12.27935689
chr2	3863277	10.46403164	12.27954316
chr2	3863295	10.3899411	12.27973151
chr2	3863301	12.18979261	12.27979385
chr2	3865185	9.015415231	12.30275942
chr2	3865189	4.628660724	12.30279549
chr2	3871024	4.266078602	12.32980372
chr2	3871499	3.789317595	12.33183011
chr2	3875712	3.481079552	12.3477945
chr2	3879386	3.264070816	12.36058399
chr2	3879687	3.280365626	12.36156647
chr2	3921991	2.929743792	12.50033906
chr2	3924815	2.877232362	12.50861266
chr2	3925015	1.788523166	12.50918811
chr2	3925142	1.823942752	12.50941525
chr2	3929846	1.709472106	12.51799507
chr2	3929848	1.860304651	12.51799849
chr2	3982194	1.831733418	12.615378
chr2	3991660	1.793420982	12.63271719
chr2	3997648	1.770699748	12.64345619
chr2	4020818	1.750980842	12.68448331
chr2	4021081	1.597559538	12.68494381
chr2	4021914	1.780628023	12.68627458
chr2	4022028	1.76445959	12.68647757
chr2	4022083	3.106305679	12.68657462
chr2	4022099	3.463159667	12.68662432
chr2	4025753	3.610121555	12.69927871
chr2	4034203	3.559024057	12.72978423
chr2	4034232	3.622056163	12.72988744
chr2	4034491	3.078005712	12.73082556
chr2	4034501	5.696377755	12.73085634
chr2	4034561	5.686015991	12.73119812
chr2	4034567	13.23750078	12.73123224
chr2	4034798	13.15872755	12.7342901
chr2	4035211	13.06225675	12.73972465
chr2	4035226	22.91187892	12.73992059
chr2	4035294	31.65017108	12.74147859
chr2	4035298	31.63198064	12.74160519
chr2	4035368	27.38963401	12.74381943
chr2	4035571	38.14648988	12.74937953
chr2	4035589	34.82151958	12.75006617
chr2	4035676	31.92950286	12.75309564
chr2	4035680	32.19248574	12.75322336
chr2	4035697	24.06855495	12.75377063
chr2	4035733	3.094588733	12.7546371
chr2	4036093	2.608934931	12.75575115
chr2	4036166	2.76726685	12.7559416
chr2	4036249	3.164885977	12.75617128
chr2	4057369	2.541203136	12.82301368
chr2	4057392	2.384694309	12.82307212
chr2	4057566	2.409271429	12.82348706
chr2	4057567	2.747325513	12.82348947
chr2	4057628	3.867654545	12.82365706
chr2	4057629	3.713600702	12.82366092
chr2	4057702	6.240136491	12.82393202
chr2	4058152	6.08880629	12.82674008
chr2	4061201	3.195413641	12.84530485
chr2	4067595	2.748002523	12.86573632
chr2	4067619	2.071927982	12.86580228
chr2	4074049	1.941996459	12.87912477
chr2	4074051	1.734147682	12.87912866
chr2	4074122	1.692939372	12.87925178
chr2	4076962	1.39536907	12.88405973
chr2	4077030	1.475342296	12.88415461
chr2	4077037	1.083639183	12.88416494
chr2	4079500	0.9282752632	12.88683394
chr2	4083413	0.8562262502	12.89046629
chr2	4083431	1.687918546	12.8904817
chr2	4083477	1.821030409	12.89055934
chr2	4087333	1.65548382	12.89758124
chr2	4087945	1.674256821	12.89859439
chr2	4088045	0.8781877635	12.89876182
chr2	4088072	0.9291088917	12.89878553
chr2	4088127	1.29689993	12.89883663
chr2	4088227	1.28060512	12.89896632
chr2	4088298	1.414192133	12.89905724
chr2	4088313	1.460109295	12.89907845
chr2	4088332	1.479008842	12.8991062
chr2	4088832	1.584489179	12.8998457
chr2	4088837	1.828400456	12.89985362
chr2	4088904	1.854003552	12.89997613
chr2	4089021	1.917963938	12.90019304
chr2	4089045	1.946706756	12.90023908
chr2	4139170	2.04128754	12.99781775
chr2	4139173	2.721561913	12.99782388
chr2	4139196	3.091394209	12.99788647
chr2	4139220	3.259900264	12.99796067
chr2	4139328	3.442060499	12.99831273
chr2	4140964	4.521514009	13.00394395
chr2	4144084	4.575453273	13.01805107
chr2	4144106	4.679203571	13.01815173
chr2	4144112	3.896438307	13.0181798
chr2	4144421	4.682518384	13.0193838
chr2	4144467	4.737868663	13.0195992
chr2	4145874	4.848592666	13.02626538
chr2	4146273	4.905620535	13.02819997
chr2	4147564	4.847762474	13.03453313
chr2	4154805	4.847672592	13.06963577
chr2	4154811	4.32326256	13.06966486
chr2	4154821	3.496434293	13.06970809
chr2	4154829	3.629555549	13.06973606
chr2	4155027	3.266747901	13.07045472
chr2	4205860	3.197813413	13.23651331
chr2	4205874	3.131242355	13.23655808
chr2	4205890	3.370718783	13.23660818
chr2	4207083	3.31677952	13.24062945
chr2	4207254	2.792776406	13.24119662
chr2	4207270	2.715138056	13.2412413
chr2	4207277	2.741541038	13.24126031
chr2	4207286	2.71297893	13.24128498
chr2	4207300	2.759991081	13.24132296
chr2	4216321	2.704737103	13.26622084
chr2	4216344	2.657692585	13.26628305
chr2	4216821	2.766415845	13.26755077
chr2	4216883	2.832604385	13.26772229
chr2	4216976	2.742093353	13.26798572
chr2	4216978	2.695462004	13.26799121
chr2	4216994	2.244860279	13.26803433
chr2	4216998	2.403887979	13.26804331
chr2	4221627	2.17796394	13.27917091
chr2	4221656	2.119134859	13.27923407
chr2	4263026	1.929453444	13.36690268
chr2	4263029	1.900879328	13.36690847
chr2	4263148	1.885936956	13.36713467
chr2	4263151	1.857392123	13.36714033
chr2	4263152	1.82998329	13.36714219
chr2	4263174	1.769215771	13.36718245
chr2	4266512	1.715845797	13.37308809
chr2	4267147	1.721167382	13.37417765
chr2	4267293	1.364294291	13.37442894
chr2	4267331	1.175948047	13.37448079
chr2	4267430	4.259541196	13.37459721
chr2	4268131	4.240641649	13.37758314
chr2	4268223	4.174453109	13.37797328
chr2	4268236	4.144491291	13.37802755
chr2	4268262	4.125552877	13.37813531
chr2	4268318	4.099235753	13.37836634
chr2	4268484	4.156050045	13.37904681
chr2	4268526	11.99293259	13.37922137
chr2	4268532	8.947401383	13.37929332
chr2	4268560	8.98683019	13.37954385
chr2	4268956	0.9657863751	13.38310263
chr2	4268964	0.9469019524	13.38311036
chr2	4268972	1.004183608	13.38311794
chr2	4268989	1.113969591	13.38313501
chr2	4268993	1.437349352	13.38313946
chr2	4269020	1.943971075	13.38317827
chr2	4269021	2.183976443	13.38318022
chr2	4284079	2.708551679	13.41606653
chr2	4284103	2.822777189	13.41613154
chr2	4284113	2.900607105	13.41615977
chr2	4284145	2.693297594	13.41625259
chr2	4322684	3.073763395	13.52004958
chr2	4322722	3.53227391	13.52016638
chr2	4323257	3.994727616	13.52205615
chr2	4328255	4.50112301	13.5420218
chr2	4328295	4.003414471	13.54220184
chr2	4328341	4.495278699	13.542386
chr2	4332592	4.46816359	13.56149543
chr2	4332733	4.398272194	13.56212544
chr2	4332871	3.5860311	13.5627324
chr2	4332984	3.516498665	13.56313763
chr2	4333049	3.463805653	13.5633662
chr2	4333078	3.410780457	13.56346665
chr2	4333121	6.488955862	13.56361331
chr2	4333671	10.7579504	13.56718224
chr2	4333730	10.14613373	13.56781696
chr2	4333732	14.32684262	13.56783725
chr2	4333769	13.70080731	13.56836734
chr2	4333850	9.080285856	13.56947711
chr2	4333871	9.141774703	13.56966779
chr2	4334467	4.846058457	13.57511629
chr2	4334476	4.91112911	13.57515991
chr2	4334556	1.630672635	13.5755528
chr2	4334559	1.85288302	13.57555769
chr2	4334560	2.028079425	13.57555954
chr2	4334561	2.211624524	13.57556157
chr2	4335065	2.591413008	13.57667623
chr2	4335636	2.650843552	13.57815592
chr2	4335788	2.771827034	13.57855885
chr2	4335859	3.026315748	13.57875565
chr2	4336288	2.922353172	13.58005394
chr2	4336965	2.92188642	13.58203238
chr2	4337317	3.009277626	13.58306088
chr2	4337330	3.336064958	13.5831
chr2	4337356	3.397338709	13.58318674
chr2	4337607	3.46328576	13.58403947
chr2	4386698	3.202699889	13.75405563
chr2	4386771	3.003169683	13.75428943
chr2	4386808	2.93647319	13.75440055
chr2	4389135	9.555781103	13.76123372
chr2	4389137	12.60369966	13.76125283
chr2	4389151	15.42256112	13.76142928
chr2	4389173	17.04976712	13.76176858
chr2	4389185	18.80695281	13.76197318
chr2	4392144	17.61787054	13.81762295
chr2	4392153	15.36077572	13.81778151
chr2	4392262	15.30052857	13.81945583
chr2	4392370	15.32254282	13.82110829
chr2	4392595	15.26398989	13.82455586
chr2	4392713	12.23232889	13.82635701
chr2	4392719	12.39482505	13.82643041
chr2	4392736	13.18422186	13.82664112
chr2	4392814	16.03001224	13.82766949
chr2	4393203	15.19427204	13.83390516
chr2	4393218	11.12029229	13.83413308
chr2	4393291	12.45918892	13.83494486
chr2	4393467	12.68841309	13.83713768
chr2	4393470	12.11024727	13.83717574
chr2	4393513	12.2249595	13.83769648
chr2	4393582	12.25031663	13.83854
chr2	4393599	12.48696804	13.83874826
chr2	4393653	12.66082936	13.83942256
chr2	4395067	12.64618803	13.85732497
chr2	4395105	9.048399206	13.85780552
chr2	4395115	10.10978048	13.85789601
chr2	4395131	10.13942912	13.85805776
chr2	4395139	9.57326457	13.85813888
chr2	4395525	9.760943773	13.86183416
chr2	4395766	10.77071861	13.86418655
chr2	4395829	10.29291403	13.8648651
chr2	4395882	11.04696255	13.86541063
chr2	4395918	11.38488612	13.86580832
chr2	4402548	11.35773449	13.94129011
chr2	4404734	12.14115359	13.96611812
chr2	4404895	12.77784445	13.96807285
chr2	4405209	12.44173641	13.97208509
chr2	4405271	12.32746019	13.97285648
chr2	4405305	11.63931337	13.97327561
chr2	4405311	12.52398373	13.97334545
chr2	4413146	11.59859004	14.07147086
chr2	4413182	11.16904641	14.07188841
chr2	4413189	10.58954649	14.07196659
chr2	4413193	10.41627028	14.07200895
chr2	4413198	9.540283738	14.07206103
chr2	4413201	9.398860412	14.07208965
chr2	4413229	8.15930626	14.07235282
chr2	4413340	8.018905498	14.0732585
chr2	4413631	11.3949728	14.075592
chr2	4413656	11.25638152	14.07587688
chr2	4413752	10.68238106	14.07695749
chr2	4413765	9.884708167	14.07709636
chr2	4413818	9.716783693	14.07762025
chr2	4415085	9.81483454	14.08993142
chr2	4415292	9.474375703	14.09196309
chr2	4415294	9.618878154	14.09198204
chr2	4415334	9.712387692	14.09236679
chr2	4415383	7.450804063	14.0928427
chr2	4415457	8.291922789	14.09339406
chr2	4415458	8.159349588	14.09340235
chr2	4415469	9.035153622	14.0934921
chr2	4416460	6.6882278	14.10244594
chr2	4416636	6.524210055	14.10362307
chr2	4419324	6.571307581	14.12116015
chr2	4419349	5.357810638	14.12132443
chr2	4419350	5.159492646	14.12132979
chr2	4419366	5.48784511	14.12141234
chr2	4419397	6.092307472	14.12158246
chr2	4419497	5.277897435	14.12219169
chr2	4419506	5.557049756	14.12223919
chr2	4419518	6.3408289	14.12230588
chr2	4419734	6.546948366	14.1236755
chr2	4419767	6.362374678	14.12389155
chr2	4419778	6.601124038	14.12396153
chr2	4429677	6.631014698	14.18930606
chr2	4429701	6.419557346	14.1894652
chr2	4429715	6.091204882	14.18955508
chr2	4429731	6.098376989	14.18965254
chr2	4433952	5.797643414	14.21539379
chr2	4433957	5.416304264	14.21542277
chr2	4434011	5.144750765	14.21571525
chr2	4435557	4.976718343	14.22366904
chr2	4435559	4.76707434	14.22367899
chr2	4435613	4.17999305	14.22393641
chr2	4435628	4.879596544	14.22399911
chr2	4435671	4.669225737	14.22420894
chr2	4435728	4.510112635	14.22447508
chr2	4436033	5.047840314	14.22585067
chr2	4437312	6.151125915	14.23230685
chr2	4437548	5.960016324	14.23375852
chr2	4437555	7.376552599	14.23380024
chr2	4437598	7.190333855	14.23411743
chr2	4437730	8.547828565	14.23506656
chr2	4438391	8.562633831	14.24071667
chr2	4438466	8.657899269	14.24135887
chr2	4438674	8.810837297	14.24315971
chr2	4438727	8.907114199	14.24362669
chr2	4438810	14.06933344	14.24436598
chr2	4438845	14.12691686	14.2448584
chr2	4439360	16.42426383	14.25213377
chr2	4439896	16.60319071	14.26093717
chr2	4440055	13.34710902	14.26357708
chr2	4440243	17.39215296	14.26608633
chr2	4440392	25.16968457	14.26867777
chr2	4440763	25.24450508	14.27801572
chr2	4440774	11.70319431	14.27829341
chr2	4440859	11.76386202	14.27928818
chr2	4440878	11.78727746	14.27951169
chr2	4441138	9.05082375	14.28257638
chr2	4441173	9.112341539	14.28289316
chr2	4441179	9.222100362	14.28294784
chr2	4441189	9.466148041	14.28304006
chr2	4441191	9.862797622	14.28305899
chr2	4441192	9.923828166	14.28306885
chr2	4441205	9.984842272	14.28319786
chr2	4442011	8.706795971	14.29124565
chr2	4442463	8.211997451	14.29518112
chr2	4496329	15.17186896	14.73752857
chr2	4496411	21.23537427	14.73877267
chr2	4496871	8.27734286	14.74854094
chr2	4496874	16.38797185	14.74856577
chr2	4496899	16.2907888	14.74897547
chr2	4496903	20.64868875	14.74904063
chr2	4497672	12.52847397	14.76491947
chr2	4497821	9.354410144	14.76678622
chr2	4497908	9.272848004	14.76760005
chr2	4497917	9.088794554	14.76768351
chr2	4497921	9.799103846	14.76771986
chr2	4498017	9.813564641	14.76866058
chr2	4498034	10.17311597	14.76882741
chr2	4501136	10.40725144	14.80038441
chr2	4507485	9.771726112	14.86646005
chr2	4507489	7.990886833	14.86649914
chr2	4507493	8.08831677	14.8665311
chr2	4509744	8.200743675	14.8847379
chr2	4509746	8.477030228	14.8847543
chr2	4509789	8.347307306	14.88511882
chr2	4509796	8.683521461	14.88517725
chr2	4531603	8.920403768	15.0745388
chr2	4531709	9.025403986	15.07548436
chr2	4531984	8.676721024	15.07796635
chr2	4532109	9.155594518	15.07905094
chr2	4532308	9.671170595	15.0808729
chr2	4532335	9.388284931	15.08113402
chr2	4532528	9.358817225	15.08294596
chr2	4532533	9.260676585	15.08299276
chr2	4534729	9.331179919	15.1033292
chr2	4534741	13.10686842	15.10344118
chr2	4534809	13.1774142	15.10433244
chr2	4535597	13.04597415	15.11471625
chr2	4535641	9.182637474	15.11529027
chr2	4540231	9.19136966	15.15743858
chr2	4543164	9.686339879	15.18439686
chr2	4543182	10.64517725	15.18457122
chr2	4543212	10.23895233	15.18489057
chr2	4543356	10.27335607	15.18636498
chr2	4543362	10.12600693	15.18642662
chr2	4543368	10.09288492	15.18648738
chr2	4544775	9.65793939	15.20068807
chr2	4544886	9.393732412	15.2017601
chr2	4544919	9.316454115	15.20207009
chr2	4544952	9.078664051	15.20237753
chr2	4544957	9.082876974	15.20242293
chr2	4545049	8.952815774	15.20325855
chr2	4546726	6.835656714	15.21827242
chr2	4546730	6.729471927	15.21829977
chr2	4546737	6.837855494	15.21834687
chr2	4547247	6.798561965	15.22183418
chr2	4547320	6.909966282	15.22233047
chr2	4547337	6.819573931	15.22244794
chr2	4547363	6.48161554	15.22262525
chr2	4547793	6.770876255	15.22541235
chr2	4547827	6.751448106	15.22564256
chr2	4547967	8.425126333	15.22658776
chr2	4547972	8.528168789	15.22662989
chr2	4551315	7.658316098	15.25513955
chr2	4551323	7.612793017	15.25520082
chr2	4551348	7.827659894	15.25539114
chr2	4551552	6.988005228	15.25698798
chr2	4551582	7.096616461	15.25719762
chr2	4551602	7.203197387	15.25733955
chr2	4551616	7.553807215	15.2574404
chr2	4560454	7.181981014	15.32420095
chr2	4562307	7.161956466	15.33750916
chr2	4582869	7.053345233	15.48477331
chr2	4582927	6.788397727	15.4851824
chr2	4582953	12.25473859	15.4853589
chr2	4582961	12.39370544	15.48545694
chr2	4582978	16.73264084	15.48566763
chr2	4583095	16.54410615	15.48762535
chr2	4583229	19.3559162	15.48984226
chr2	4583234	20.19081376	15.48993904
chr2	4583362	24.75204819	15.49252346
chr2	4583408	24.7059182	15.49366206
chr2	4583485	24.50899934	15.49556441
chr2	4583548	24.461983	15.49710848
chr2	4583593	24.33282003	15.49820927
chr2	4583641	24.48922996	15.49937725
chr2	4584087	41.16939321	15.51029944
chr2	4584107	35.04291506	15.51112283
chr2	4584133	34.94551396	15.51203395
chr2	4584193	35.63957435	15.51413068
chr2	4584239	39.49669087	15.5157701
chr2	4584244	21.57060599	15.51596758
chr2	4584302	23.63348795	15.51721868
chr2	4584325	18.23937749	15.51776225
chr2	4586001	13.12784722	15.54833144
chr2	4587127	11.91112205	15.5631134
chr2	4587148	13.51971735	15.56336353
chr2	4588565	13.5625742	15.58252097
chr2	4588750	13.6830023	15.58503005
chr2	4588788	12.03307521	15.58555
chr2	4588794	11.99572216	15.5856222
chr2	4589067	7.757673254	15.58889703
chr2	4589068	5.283399773	15.58890479
chr2	4589089	3.356186733	15.58901574
chr2	4589107	3.653403575	15.58907615
chr2	4598245	3.424321785	15.62246095
chr2	4602482	2.797615066	15.63696981
chr2	4602499	2.617419941	15.63701737
chr2	4603682	2.424100632	15.64011377
chr2	4645184	1.492303621	15.7407188
chr2	4667855	1.2666126	15.77455081
chr2	4667912	1.266670644	15.77462301
chr2	4694396	0.8733555917	15.80816952
chr2	4694618	0.7461137864	15.8083634
chr2	4694954	4.89889826	15.80861409
chr2	4694957	4.721050997	15.80862879
chr2	4695766	0.608375146	15.81244812
chr2	4695774	0.6814231405	15.81245299
chr2	4695792	0.7833575941	15.81246525
chr2	4695883	0.8048792553	15.81253654
chr2	4696084	0.8775709714	15.81269832
chr2	4696121	1.036149751	15.81273079
chr2	4742293	1.065028316	15.8605719
chr2	4742831	3.531737301	15.86114488
chr2	4742850	3.581957797	15.86121198
chr2	4742944	3.632248157	15.86154869
chr2	4743192	7.882290974	15.86244949
chr2	4743561	13.88603594	15.86535805
chr2	4743601	13.89497701	15.86591349
chr2	4743644	13.98230047	15.86651098
chr2	4744087	11.63508948	15.87270514
chr2	4744120	11.70881825	15.87308909
chr2	4744127	2.235008334	15.87317106
chr2	4800888	2.236182026	16.00003236
chr2	4801045	2.178343661	16.00038344
chr2	4810065	2.076714613	16.0200321
chr2	4810215	2.036918465	16.02034361
chr2	4810228	2.02566531	16.02037009
chr2	4810230	1.944564895	16.02037414
chr2	4810321	1.892048662	16.0205511
chr2	4810366	1.840747771	16.02063624
chr2	4810367	1.90847531	16.02063808
chr2	4810387	1.893595825	16.02067625
chr2	4810479	2.256331208	16.02085046
chr2	4810500	2.254928762	16.02089784
chr2	4810514	2.774213221	16.02092941
chr2	4811325	3.522349477	16.0231793
chr2	4811340	3.561837701	16.02323214
chr2	4853551	3.641157036	16.17358087
chr2	4853776	3.699293118	16.17440013
chr2	4856518	3.746024883	16.18454359
chr2	4856703	3.672454993	16.1852366
chr2	4857945	3.599565253	16.18979779
chr2	4857955	3.646891175	16.18983379
chr2	4862164	3.644802082	16.20518355
chr2	4862225	4.046809989	16.20540589
chr2	4864316	4.715600453	16.21386777
chr2	4864370	5.150509112	16.21412241
chr2	4890368	4.846811953	16.34802534
chr2	4890482	5.071659413	16.34857788
chr2	4890704	5.664596012	16.34970379
chr2	4893619	5.533765133	16.36621609
chr2	4893629	5.452030445	16.36627142
chr2	4893639	5.220711808	16.36632594
chr2	4893990	6.564747959	16.36815841
chr2	4896392	5.967972017	16.38392694
chr2	4896435	5.75511417	16.38418356
chr2	4896444	4.335743197	16.38423536
chr2	4896524	4.714841554	16.38458222
chr2	4896773	5.101606823	16.38575621
chr2	4896881	6.894201392	16.38630719
chr2	4897020	8.599427436	16.38726548
chr2	4897394	8.54050996	16.39048167
chr2	4897539	8.523735915	16.39172004
chr2	4901263	8.440130285	16.42346243
chr2	4902007	7.758734726	16.42974189
chr2	4902749	7.742196638	16.43549887
chr2	4903080	5.649137235	16.43806154
chr2	4903104	5.669393195	16.43819712
chr2	4903131	6.055046435	16.43835019
chr2	4903143	6.075345472	16.43842285
chr2	4904778	5.711095233	16.44835604
chr2	4905559	8.356753035	16.45281641
chr2	4905560	8.335824529	16.45282476
chr2	4905595	8.43665663	16.45311652
chr2	4905639	8.048654843	16.45348773
chr2	4905647	9.476519727	16.45355212
chr2	4905701	11.04796243	16.45406385
chr2	4905860	13.28062974	16.45582048
chr2	4906104	12.15691292	16.45906095
chr2	4906152	12.1776577	16.45964448
chr2	4907382	9.075234693	16.474623
chr2	4907531	9.114639581	16.47597521
chr2	4907543	7.407947178	16.47608459
chr2	4907643	5.777371529	16.47682538
chr2	4907646	5.679535237	16.47684271
chr2	4907959	5.721335868	16.47862041
chr2	4907979	5.91588099	16.47873484
chr2	4907996	3.199771407	16.47883541
chr2	4908256	3.220786111	16.47966735
chr2	4908317	3.127319808	16.47986381
chr2	4908458	3.033915421	16.48030477
chr2	4923486	3.051077815	16.52589845
chr2	4923805	3.030202279	16.52687174
chr2	4925446	1.97188968	16.5318443
chr2	4925491	1.994496788	16.53193304
chr2	4927906	1.722091566	16.53674975
chr2	4927941	1.693200904	16.53681002
chr2	4928028	1.788752433	16.53695733
chr2	4928043	1.836520214	16.53698416
chr2	4930699	1.826298891	16.54186196
chr2	4930716	1.912960576	16.54189301
chr2	5069892	4.814200634	16.80813121
chr2	5069910	4.790270888	16.80821786
chr2	5069958	8.251838142	16.8084478
chr2	5069978	8.244841462	16.80861283
chr2	5069990	8.215827038	16.80871177
chr2	5070006	8.19189291	16.80884322
chr2	5070094	8.051796156	16.80956411
chr2	5070112	8.011916493	16.80970904
chr2	5070157	8.148434073	16.81006958
chr2	5070167	8.127538512	16.81015106
chr2	5070546	8.231749669	16.8132314
chr2	5070583	8.439776584	16.81353597
chr2	5070613	8.420159107	16.81378917
chr2	5070616	8.356317671	16.81381443
chr2	5070742	8.335396509	16.81486732
chr2	5070748	8.315123389	16.81491734
chr2	5070761	8.96237627	16.81502543
chr2	5070762	8.921638435	16.8150344
chr2	5070842	8.901599871	16.81574813
chr2	5070863	8.993497581	16.81593506
chr2	5070873	5.348108521	16.816025
chr2	5070904	5.547264877	16.81619079
chr2	5070911	5.526714054	16.81622962
chr2	5070914	5.589507306	16.8162462
chr2	5070920	5.660376764	16.81627973
chr2	5070947	5.872005316	16.81643256
chr2	5071058	2.936785453	16.81708436
chr2	5071059	5.370968586	16.81708729
chr2	5071078	5.438387581	16.81718934
chr2	5072429	5.672918581	16.8245366
chr2	5072455	3.215620405	16.8246841
chr2	5072779	3.280524516	16.82572596
chr2	5075785	3.348386474	16.83558722
chr2	5075794	3.350537599	16.83561735
chr2	5075803	3.469783913	16.83564751
chr2	5075828	3.388243285	16.83573425
chr2	5084417	3.589054373	16.86483587
chr2	5084418	9.933718184	16.86483946
chr2	5084422	10.00925901	16.8648792
chr2	5084424	10.10354908	16.86489922
chr2	5084431	10.23472528	16.86496994
chr2	5085221	10.47658954	16.87305537
chr2	5086918	4.188260354	16.89083415
chr2	5086925	4.276154142	16.89086346
chr2	5087004	4.943890645	16.89120128
chr2	5087020	4.938673139	16.89128038
chr2	5087028	4.955299943	16.89131989
chr2	5110336	4.807302944	17.00681802
chr2	5115517	4.357733735	17.03172466
chr2	5116199	4.679942509	17.03469663
chr2	5118504	4.572065695	17.0454839
chr2	5118854	4.624994259	17.04708413
chr2	5118869	3.870558004	17.0471535
chr2	5119201	3.776348355	17.04843853
chr2	5120463	3.223263401	17.05320428
chr2	5120551	2.963603596	17.05348792
chr2	5120609	2.717946002	17.05365981
chr2	5120721	7.565951252	17.05396422
chr2	5121481	2.981479831	17.05971435
chr2	5121484	3.741961631	17.05972329
chr2	5123491	3.686341394	17.06723341
chr2	5123501	3.953742739	17.06727027
chr2	5123504	3.818400133	17.06728213
chr2	5123560	3.876033478	17.06749596
chr2	5123583	3.862480155	17.06758511
chr2	5123622	4.623215311	17.06773575
chr2	5123623	5.019318133	17.06774037
chr2	5123876	3.570516612	17.06901026
chr2	5123986	3.590815648	17.06940302
chr2	5123987	4.06140169	17.06940661
chr2	5123991	9.782141843	17.06942285
chr2	5123999	9.80242973	17.06950111
chr2	5124585	4.081689577	17.07524533
chr2	5124931	4.103450216	17.0766576
chr2	5124940	4.161319116	17.07669453
chr2	5125030	4.098525863	17.07706905
chr2	5125135	3.904721093	17.07749939
chr2	5125316	3.933831112	17.07820615
chr2	5125859	3.870906721	17.08034222
chr2	5126706	3.916293956	17.08362088
chr2	5128178	3.958676617	17.08938566
chr2	5131550	3.309762036	17.10273432
chr2	5132411	3.03599839	17.10558402
chr2	5132434	3.058857337	17.10565385
chr2	5132475	3.081722591	17.10577926
chr2	5132634	3.104330301	17.10626926
chr2	5181344	3.045593163	17.25748119
chr2	5181580	3.075828234	17.25819995
chr2	5181641	10.66360107	17.25838757
chr2	5182491	2.801936656	17.26745163
chr2	5182521	2.686609298	17.26753569
chr2	5182528	9.184930937	17.2675545
chr2	5182574	9.376436803	17.267977
chr2	5183056	2.960660318	17.27249645
chr2	5183058	2.967044153	17.27250237
chr2	5183101	3.274038015	17.27262995
chr2	5183661	3.346624495	17.27446341
chr2	5185462	3.372339441	17.28049068
chr2	5198950	3.563901734	17.3259768
chr2	5198976	3.646667637	17.32606946
chr2	5198985	3.686912075	17.32610228
chr2	5199125	3.852478438	17.32661845
chr2	5276445	3.807091202	17.62449208
chr2	5278846	5.545999594	17.63363291
chr2	5281090	8.575846307	17.64607813
chr2	5281109	8.390434604	17.64624107
chr2	5281119	8.355782191	17.64632497
chr2	5281121	8.321114575	17.64634169
chr2	5281227	10.70468822	17.64722372
chr2	5281287	11.22770159	17.647866
chr2	5281620	13.63120016	17.65160483
chr2	5281721	13.61756986	17.65298158
chr2	5281753	13.94911609	17.65341734
chr2	5282101	13.97573298	17.65827164
chr2	5282677	14.3103107	17.66632166
chr2	5282942	11.33105906	17.67011389
chr2	5283010	7.568661451	17.6708844
chr2	5283418	7.534964656	17.67397242
chr2	5283422	7.494720217	17.67400256
chr2	5283691	7.626614553	17.67601864
chr2	5286015	7.646367617	17.69374289
chr2	5286052	6.96153899	17.6940258
chr2	5286064	6.97041257	17.69410934
chr2	5286130	8.939640102	17.69456939
chr2	5286161	8.874031104	17.69484652
chr2	5287309	8.309746871	17.70503391
chr2	5287358	8.05371139	17.70544108
chr2	5287368	8.873523127	17.70552162
chr2	5287769	9.136046502	17.7090799
chr2	5287792	9.718939364	17.70929003
chr2	5287793	9.819544217	17.70929975
chr2	5287813	10.04203617	17.70949614
chr2	5287839	11.05675843	17.70975723
chr2	5288978	11.49232429	17.72235088
chr2	5289010	9.802824618	17.72271864
chr2	5291389	9.295995194	17.74603956
chr2	5291404	11.92176314	17.746179
chr2	5291484	9.730117453	17.74713274
chr2	5291494	9.709829566	17.74723004
chr2	5291505	9.808448704	17.74733685
chr2	5291513	9.200848625	17.74741531
chr2	5293970	8.62737945	17.7700218
chr2	5293976	4.6932134	17.77007356
chr2	5294094	4.662597779	17.77062736
chr2	5294100	4.948322125	17.77065534
chr2	5295004	4.887613231	17.77512862
chr2	5295210	4.858053673	17.77613547
chr2	5303085	4.86980041	17.81439264
chr2	5303086	3.782659042	17.81439751
chr2	5305489	3.19938192	17.82348724
chr2	5305874	3.092786431	17.824719
chr2	5305876	2.768383823	17.82472519
chr2	5305909	2.376036904	17.82481655
chr2	5305993	2.304571337	17.82501613
chr2	5306069	2.256761928	17.82519128
chr2	5311111	1.753933207	17.83656987
chr2	5324221	1.675147192	17.85956394
chr2	5324355	1.682734041	17.85978841
chr2	5324376	1.6886346	17.85982375
chr2	5324383	1.503853759	17.85983557
chr2	5324575	1.401786618	17.86012431
chr2	5324616	1.421392549	17.86018178
chr2	5325940	1.49853068	17.8620637
chr2	5325962	1.475549859	17.86209667
chr2	5326075	1.509961637	17.86226341
chr2	5326146	1.536381476	17.86237062
chr2	5326164	1.541096601	17.86239827
chr2	5326180	1.561039562	17.86242293
chr2	5327599	1.617349275	17.86463804
chr2	5328957	1.621574882	17.8668344
chr2	5329000	1.545722402	17.86690413
chr2	5329269	1.747755993	17.86731993
chr2	5330206	1.809622665	17.86895758
chr2	5330267	2.063681588	17.86906797
chr2	5440108	1.869631678	18.09574481
chr2	5444843	1.840648364	18.10459752
chr2	5444885	1.932728331	18.10467483
chr2	5444913	2.314967216	18.10472894
chr2	5444922	2.306766643	18.10474978
chr2	5444923	2.31839611	18.10475209
chr2	5444924	2.246056311	18.1047544
chr2	5444928	2.216675807	18.10476339
chr2	5444936	2.511964775	18.10478112
chr2	5446008	2.577401318	18.10747395
chr2	5446047	2.602034655	18.10757447
chr2	5451952	2.559400271	18.12293948
chr2	5452051	2.535289872	18.12319286
chr2	5453719	3.247882214	18.12742173
chr2	5454273	3.263819327	18.12922105
chr2	5454530	3.315190365	18.13005985
chr2	5454543	3.008008828	18.13010295
chr2	5454552	2.965906065	18.13013002
chr2	5454554	2.955359165	18.13013595
chr2	5454765	2.975021477	18.13075954
chr2	5454766	3.11872336	18.13076251
chr2	5454984	3.118722136	18.13144239
chr2	5455365	3.183975968	18.13263063
chr2	5458040	2.397556239	18.14114776
chr2	5458045	2.520800546	18.14115975
chr2	5458106	2.599521363	18.14131352
chr2	5458132	2.403082709	18.14138111
chr2	5496000	2.385206431	18.23238104
chr2	5496003	2.388392059	18.2323882
chr2	5496050	2.371448952	18.23250045
chr2	5497911	2.407424641	18.23691372
chr2	5497937	2.308055834	18.23697631
chr2	5497938	2.325629637	18.23697862
chr2	5498067	2.261733589	18.23727863
chr2	5498812	2.373738587	18.23896362
chr2	5499176	2.456676567	18.23982766
chr2	5499647	2.584396837	18.24098475
chr2	5528844	2.534556901	18.31644139
chr2	5528851	2.569184949	18.31645913
chr2	5528911	2.521174669	18.31661328
chr2	5528922	2.510141243	18.31664101
chr2	5528936	2.376017333	18.31667615
chr2	5528947	2.390103036	18.31670229
chr2	5528999	10.5950149	18.31682658
chr2	5529013	10.61225513	18.31697491
chr2	5529028	10.57184558	18.31713409
chr2	5529151	10.2493469	18.31843443
chr2	5529357	10.20165466	18.32054579
chr2	5529408	10.18469866	18.32106608
chr2	5529411	1.961175165	18.32109663
chr2	5529439	2.377269571	18.32115154
chr2	5529465	2.289495731	18.32121335
chr2	5529467	2.307493293	18.32121793
chr2	5575924	2.193908732	18.42841715
chr2	5575986	2.134168057	18.42855317
chr2	5575992	2.120395041	18.42856598
chr2	5576002	2.055591402	18.42858718
chr2	5576005	2.089542382	18.42859335
chr2	5576086	2.113301801	18.4287626
chr2	5578520	2.183132874	18.43390638
chr2	5578543	2.127611121	18.43395659
chr2	5581961	2.059733111	18.44122876
chr2	5582282	2.014430669	18.44188994
chr2	5583995	1.989797331	18.44534066
chr2	5584005	1.928020076	18.44536055
chr2	5584006	1.968209303	18.44536248
chr2	5584009	1.902436393	18.44536839
chr2	5584034	1.876104586	18.44541595
chr2	5584084	1.761983498	18.44550975
chr2	5584105	1.726688072	18.44554676
chr2	5584114	1.766945383	18.4455623
chr2	5584298	1.807325159	18.44588741
chr2	5592367	1.805475024	18.46047072
chr2	5626983	1.878127742	18.52296904
chr2	5627035	2.171894688	18.52306671
chr2	5627038	2.222662227	18.52307322
chr2	5627174	2.187893519	18.5233755
chr2	5627182	2.201641245	18.52339301
chr2	5627575	2.181589674	18.52425825
chr2	5627589	2.253799937	18.52428879
chr2	5627612	2.305924891	18.52434063
chr2	5628549	2.344956576	18.52650128
chr2	5663019	2.319874014	18.60733194
chr2	5663100	2.22161489	18.60751985
chr2	5663177	2.306552948	18.60769091
chr2	5667516	2.344150941	18.61769904
chr2	5668452	2.032074719	18.61989317
chr2	5668524	2.460258495	18.62003948
chr2	5668538	2.445064782	18.62007392
chr2	5668559	2.258019419	18.62012527
chr2	5668686	2.176535601	18.62041204
chr2	5668979	2.491163447	18.62104976
chr2	5669012	2.472795288	18.62113197
chr2	5669014	2.497547368	18.62113692
chr2	5669018	2.559069933	18.62114691
chr2	5669023	2.684397989	18.6211597
chr2	5676094	23.36331861	18.64014108
chr2	5676120	23.50166132	18.64074853
chr2	5676222	23.69794827	18.6431457
chr2	5676251	2.794569262	18.64383294
chr2	5676252	3.187039663	18.64383573
chr2	5676258	3.345645015	18.64385485
chr2	5676460	3.328411379	18.64453067
chr2	5676562	3.369017942	18.64487017
chr2	5710475	3.270180804	18.75912368
chr2	5710794	3.360267934	18.76016686
chr2	5710829	3.164974825	18.76028447
chr2	5710846	3.229526071	18.76033828
chr2	5710853	3.392623631	18.76036088
chr2	5710868	3.294460311	18.76041177
chr2	5710879	3.287454524	18.76044801
chr2	5710883	3.206286014	18.76046116
chr2	5710904	3.126103861	18.76052849
chr2	5711090	3.639733534	18.76110995
chr2	5711182	4.008404296	18.76144481
chr2	5711183	7.444282559	18.76144881
chr2	5718202	8.762059021	18.81370023
chr2	5718230	8.892848992	18.81394557
chr2	5718243	6.52631511	18.81406118
chr2	5718265	7.878839447	18.81420476
chr2	5718277	6.259705407	18.8142993
chr2	5718350	7.018627546	18.81475626
chr2	5719108	20.03956598	18.82007638
chr2	5720060	7.614865944	18.83915405
chr2	5720380	7.794172252	18.84159081
chr2	5723480	7.871064965	18.86575274
chr2	5723497	7.810435605	18.86588655
chr2	5744165	7.94617031	19.02731263
chr2	5748356	8.454018608	19.06061503
chr2	5751890	8.386134004	19.09049153
chr2	5752004	8.302146008	19.09144755
chr2	5752032	8.421220722	19.09168001
chr2	5752494	7.911791253	19.09557062
chr2	5752547	8.370406109	19.09598994
chr2	5756688	8.147017208	19.13065179
chr2	5760246	8.158954553	19.15963888
chr2	5762129	7.961295497	19.17500219
chr2	5762144	8.60445836	19.17512161
chr2	5762153	8.121870667	19.17519905
chr2	5762181	7.635376643	19.17542646
chr2	5762192	7.520049254	19.17551045
chr2	5762202	7.44274723	19.17558565
chr2	5762214	7.365277787	19.17567496
chr2	5762216	7.125233318	19.1756897
chr2	5762230	7.046430859	19.17578945
chr2	5762236	7.03898157	19.17583173
chr2	5762240	7.646793715	19.17585988
chr2	5762259	7.312124936	19.17600517
chr2	5762260	18.06566814	19.17601248
chr2	5762306	18.0919405	19.17684351
chr2	5762566	17.86942097	19.18154741
chr2	5762576	7.115877768	19.1817261
chr2	5762718	8.514056984	19.18273656
chr2	5767673	8.054341153	19.22492371
chr2	5767690	7.977035026	19.22506063
chr2	5767732	9.943856959	19.22539567
chr2	5768239	9.722670143	19.23043721
chr2	5768266	7.365437279	19.23069972
chr2	5768290	5.818894242	19.23087649
chr2	5768398	5.750997031	19.23150493
chr2	5768400	6.103645396	19.23151643
chr2	5768439	10.04512214	19.23175447
chr2	5769226	11.14175176	19.23965998
chr2	5770104	9.061831818	19.24944244
chr2	5770105	6.810774867	19.2494515
chr2	5770118	6.838935768	19.24954004
chr2	5770146	8.513455525	19.24973153
chr2	5770193	8.437212972	19.25013167
chr2	5770251	5.121974289	19.25062103
chr2	5770294	5.529672717	19.25084127
chr2	5770434	5.558144842	19.25161542
chr2	5770444	6.050602741	19.25167101
chr2	5770513	5.670141637	19.2520885
chr2	5770528	7.666038369	19.25217355
chr2	5770963	7.846591591	19.25550828
chr2	5770986	7.771036941	19.25568875
chr2	5771915	7.771888829	19.26290804
chr2	5772212	7.582669622	19.26521629
chr2	5772251	7.575082773	19.26551202
chr2	5772255	4.783804836	19.26554232
chr2	5775991	4.700357745	19.28341461
chr2	5777764	4.266196027	19.29174835
chr2	5778036	3.4720069	19.29290875
chr2	5779801	3.592697768	19.29903684
chr2	5779829	3.243240791	19.29913744
chr2	5780058	3.13605135	19.29988014
chr2	5780796	3.196193997	19.30219455
chr2	5780800	2.880014127	19.30220733
chr2	5780827	2.557397621	19.30228509
chr2	5780861	2.588299732	19.30237204
chr2	5780873	2.645195358	19.3024031
chr2	5780892	2.737392065	19.30245336
chr2	5780916	2.768316673	19.30251906
chr2	5889590	2.799714817	19.60336311
chr2	5889779	2.742371413	19.60389225
chr2	5889783	2.61298785	19.60390322
chr2	5889801	2.587322388	19.60395025
chr2	5890768	3.50968879	19.6064522
chr2	5890780	3.453326315	19.60649431
chr2	5890786	4.437454104	19.60651503
chr2	5890800	3.991222336	19.60657716
chr2	5890816	6.219328707	19.60664102
chr2	5890825	6.160278059	19.60669699
chr2	5891648	6.134005698	19.6117669
chr2	5892540	6.07372275	19.61723843
chr2	5892749	6.947237953	19.61850784
chr2	5893792	4.681679857	19.62575381
chr2	5893798	3.988332185	19.6257819
chr2	5893810	4.513057271	19.62582976
chr2	5893855	4.50596588	19.62603285
chr2	5893864	5.035103166	19.6260734
chr2	5900177	4.113630147	19.65786001
chr2	5900182	4.159457789	19.65788057
chr2	5900242	4.132907282	19.65813014
chr2	5900268	4.055545212	19.6582376
chr2	5900274	3.589566877	19.65826193
chr2	5900286	1.843623927	19.65830501
chr2	5900303	1.759585882	19.65833635
chr2	5900307	1.044116452	19.65834339
chr2	5900345	1.01567364	19.65838306
chr2	5900385	1.041859956	19.65842369
chr2	5900422	1.083873987	19.65846224
chr2	5900444	1.381644213	19.65848608
chr2	5932726	5.130487211	19.70308832
chr2	5933653	1.526620562	19.70784428
chr2	5933661	1.644728046	19.7078565
chr2	5974232	1.770318445	19.77458476
chr2	5974247	1.883897904	19.77461131
chr2	5974332	2.223323538	19.77477144
chr2	5974335	2.21114519	19.77477811
chr2	6026667	2.180817635	19.89049176
chr2	6026680	2.051113343	19.89052011
chr2	6026721	2.068978249	19.89060421
chr2	6026732	2.004128638	19.89062697
chr2	6029470	1.879807094	19.89611427
chr2	6029777	2.270615843	19.89669137
chr2	6030029	2.253907741	19.89726357
chr2	6030122	3.086375735	19.89747318
chr2	6030152	3.025866085	19.89756577
chr2	6030194	4.025013644	19.89769286
chr2	6030237	6.221601718	19.89786594
chr2	6031272	6.439751532	19.90430529
chr2	6032199	6.739515086	19.91027494
chr2	6037917	7.005825403	19.94881149
chr2	6043434	6.338283718	19.98746263
chr2	6043535	8.477984427	19.9881028
chr2	6043545	8.46504675	19.98818758
chr2	6043575	8.210276946	19.98844153
chr2	6046666	8.389059135	20.01381949
chr2	6046692	8.182549281	20.01403761
chr2	6046849	5.795249268	20.01532227
chr2	6046924	5.805167166	20.01575691
chr2	6047346	6.090026001	20.01820669
chr2	6047706	7.242814042	20.0203991
chr2	6050677	6.617529786	20.0419175
chr2	6052062	6.796086858	20.05108278
chr2	6054625	7.002433692	20.06850115
chr2	6057167	7.056339602	20.08630134
chr2	6057215	6.698981346	20.08664004
chr2	6058657	6.579895324	20.09629997
chr2	6060625	6.306986068	20.10924921
chr2	6060652	6.060799034	20.1094195
chr2	6060653	6.303564954	20.10942556
chr2	6062226	6.13048316	20.11934106
chr2	6062251	5.919371912	20.11949433
chr2	6062270	5.813669546	20.1196068
chr2	6062278	5.533637024	20.1196533
chr2	6063196	5.117888611	20.12473318
chr2	6063269	5.347715319	20.12510679
chr2	6069019	5.185943064	20.15585615
chr2	6070942	5.229560426	20.16582872
chr2	6071093	3.547408357	20.16661838
chr2	6071115	4.133060136	20.16669643
chr2	6074170	2.84997502	20.17932293
chr2	6077175	2.32025712	20.1878871
chr2	6077419	2.381270131	20.18845324
chr2	6077445	2.635092908	20.18851516
chr2	6077535	2.535444228	20.18875232
chr2	6109476	2.446912335	20.26973694
chr2	6109540	2.341035418	20.26989354
chr2	6114307	2.290661561	20.28105326
chr2	6114576	2.284130653	20.28166945
chr2	6114675	2.221228138	20.28189557
chr2	6114906	2.402654708	20.28240868
chr2	6114985	3.13424671	20.28259849
chr2	6115051	3.736041834	20.28280535
chr2	6116136	3.721801526	20.28685895
chr2	6116152	3.788414996	20.2869185
chr2	6116188	3.800668907	20.28705489
chr2	6116309	3.834448439	20.28751477
chr2	6116446	4.032128466	20.28804009
chr2	6116481	4.023577005	20.28818121
chr2	6132328	3.885496005	20.35194283
chr2	6132343	3.631315197	20.35200112
chr2	6132412	8.321370266	20.35225168
chr2	6132431	7.966544892	20.35240978
chr2	6133114	2.611524294	20.35785093
chr2	6133130	3.605444337	20.35789272
chr2	6133146	3.694678329	20.35795041
chr2	6133160	6.506494494	20.35800213
chr2	6133354	6.540793298	20.35926439
chr2	6133476	9.112639922	20.36006237
chr2	6133580	9.116695425	20.36101008
chr2	6133636	8.729391265	20.36152062
chr2	6134754	8.332700493	20.37128008
chr2	6134817	3.803722116	20.37180504
chr2	6135091	3.888144727	20.37284726
chr2	6135114	3.929032232	20.37293668
chr2	6135234	3.969774629	20.37340817
chr2	6136405	4.011330659	20.37805677
chr2	6136534	4.055674009	20.37857424
chr2	6136619	4.105883566	20.37891897
chr2	6136657	3.360329072	20.37907499
chr2	6136663	2.497219292	20.37909515
chr2	6136667	2.617877485	20.37910514
chr2	6136675	2.71458631	20.37912609
chr2	6136705	2.911729421	20.37920752
chr2	6140332	2.95512426	20.38976837
chr2	6140369	3.004415948	20.38987771
chr2	6140508	3.097558521	20.39029532
chr2	6147232	3.052928047	20.4111233
chr2	6207539	3.643917784	20.59523623
chr2	6207543	3.595979974	20.59525081
chr2	6207553	3.571074012	20.59528677
chr2	6207565	3.525431648	20.59532962
chr2	6207675	4.790083546	20.59571742
chr2	6208911	5.292804951	20.60163796
chr2	6209263	5.236879266	20.60350103
chr2	6209279	5.190056442	20.60358482
chr2	6209308	4.769442956	20.60373533
chr2	6209334	4.741753231	20.60385934
chr2	6209357	4.889446192	20.6039684
chr2	6210049	5.346059959	20.6073519
chr2	6210362	4.999234812	20.60902521
chr2	6210392	5.042951235	20.60917519
chr2	6210401	4.996871287	20.60922058
chr2	6213050	5.161082726	20.62245729
chr2	6213166	6.308218303	20.62305597
chr2	6213987	6.57580785	20.62823502
chr2	6216856	6.166850148	20.64710101
chr2	6216901	6.125483822	20.64737852
chr2	6216904	6.221371141	20.6473969
chr2	6216906	8.596170618	20.64740934
chr2	6217227	8.819716414	20.65016871
chr2	6217491	9.58294447	20.65249712
chr2	6218032	6.565076219	20.65768149
chr2	6218177	14.24157518	20.65863343
chr2	6218221	14.23425381	20.65926005
chr2	6218223	13.47974178	20.65928852
chr2	6218639	10.47588839	20.6648961
chr2	6221912	8.414785752	20.69918368
chr2	6223065	7.647022614	20.70888593
chr2	6223308	7.05253732	20.71074415
chr2	6225642	6.218745233	20.72720478
chr2	6226683	5.933165372	20.73367849
chr2	6226686	4.759332514	20.73369629
chr2	6226757	4.348985209	20.7340342
chr2	6228395	3.964834989	20.74115784
chr2	6232365	3.817142028	20.75689823
chr2	6232395	3.826724696	20.75701275
chr2	6232428	2.720101787	20.75713903
chr2	6239868	2.204532123	20.77737659
chr2	6240851	2.199072616	20.77954364
chr2	6242577	1.389360567	20.78333924
chr2	6243163	1.210033508	20.78415341
chr2	6243195	10.13257102	20.78419213
chr2	6243250	10.22189292	20.78474942
chr2	6243271	10.25218351	20.78496408
chr2	6243304	10.32194935	20.7853024
chr2	6243310	10.02770393	20.78536433
chr2	6243565	0.8435967639	20.7879214
chr2	6243590	0.9368274605	20.78794249
chr2	6243598	1.356037879	20.78794998
chr2	6243605	1.324258961	20.78795947
chr2	6243620	1.335981142	20.78797934
chr2	6251704	1.006912566	20.79877941
chr2	6251726	1.031790812	20.79880156
chr2	6257287	1.056760095	20.80453935
chr2	6260362	1.082306602	20.80778889
chr2	6260647	1.107907961	20.80809735
chr2	6263861	1.044390519	20.81165816
chr2	6263885	0.8968642683	20.81168323
chr2	6264018	0.9239463138	20.81180251
chr2	6265552	0.9585644847	20.81321984
chr2	6265700	0.9861818188	20.81336171
chr2	6316309	1.032500521	20.86327139
chr2	6316312	1.020626871	20.86327448
chr2	6355455	1.140956913	20.90322488
chr2	6361402	1.242620927	20.91001015
chr2	6361437	1.717006116	20.91005364
chr2	6362980	1.973342227	20.91270298
chr2	6363055	2.101873873	20.91285099
chr2	6363069	2.086862123	20.91288041
chr2	6363103	2.219394091	20.91295136
chr2	6363712	2.55444646	20.91430298
chr2	6363757	3.470381676	20.91441793
chr2	6364983	3.447234668	20.91867261
chr2	6364989	3.585594589	20.9186933
chr2	6367467	2.642315163	20.9275784
chr2	6367506	2.619488615	20.92768145
chr2	6388316	2.594610369	20.98219301
chr2	6388333	5.206539386	20.98223712
chr2	6388743	4.863857497	20.9843718
chr2	6389493	4.082826022	20.98801969
chr2	6389549	3.934548204	20.98824833
chr2	6389634	1.297982635	20.98858277
chr2	6389652	1.422489331	20.98860613
chr2	6389739	2.509684455	20.98872989
chr2	6389784	2.709754208	20.98884282
chr2	6389948	2.512721787	20.98928722
chr2	6393379	2.417284846	20.99790837
chr2	6393414	1.514155462	20.99799298
chr2	6393497	1.750884527	20.99811865
chr2	6394368	2.658744439	20.99964367
chr2	6394416	2.908477639	20.99977129
chr2	6394529	3.262737925	21.00009995
chr2	6394551	3.416461372	21.00017173
chr2	6394587	20.25144778	21.00029472
chr2	6394596	21.90836469	21.00047698
chr2	6394605	23.576909	21.00067416
chr2	6394680	23.55847282	21.00244243
chr2	6394692	23.81822818	21.00272513
chr2	6394827	17.8471186	21.00594059
chr2	6394899	18.10604268	21.00722558
chr2	6396826	20.75049377	21.04211593
chr2	6396992	23.69080106	21.04556051
chr2	6397006	22.27550758	21.04589218
chr2	6398111	12.66951425	21.07050662
chr2	6398122	7.667300742	21.07064598
chr2	6407145	6.10823755	21.13982804
chr2	6407217	6.43513293	21.14026783
chr2	6407228	6.088844121	21.14033862
chr2	6407359	5.822596401	21.14113625
chr2	6407404	6.150918514	21.14139827
chr2	6407408	6.198204266	21.14142287
chr2	6407508	6.221028514	21.14204269
chr2	6407675	6.008706634	21.14308161
chr2	6407735	5.75007815	21.14344213
chr2	6407774	5.138659779	21.14366638
chr2	6408023	4.17346374	21.14494591
chr2	6408024	5.899682765	21.14495008
chr2	6408036	4.868824008	21.14502088
chr2	6408537	4.944296788	21.14746016
chr2	6410020	3.350404637	21.15479255
chr2	6417603	2.495446754	21.18019867
chr2	6417847	2.349579668	21.18080756
chr2	6418544	2.187792724	21.18244522
chr2	6418550	2.009777858	21.18245834
chr2	6419375	1.725915219	21.18411641
chr2	6419395	1.755677338	21.18415093
chr2	6453489	1.798143748	21.24400899
chr2	6533508	1.628387259	21.38789465
chr2	6533552	1.600879247	21.3879663
chr2	6533571	1.157529003	21.38799672
chr2	6533578	1.130464213	21.38800482
chr2	6533647	1.100941789	21.38808283
chr2	6533654	1.073890573	21.38809053
chr2	6533658	1.044370969	21.38809483
chr2	6533668	0.9855762003	21.38810527
chr2	6535776	0.828383324	21.39018287
chr2	6551077	0.7572657472	21.40285796
chr2	6551111	0.7335172872	21.40288371
chr2	6551135	0.6113746739	21.40290131
chr2	6551253	2.395144236	21.40297345
chr2	6551287	2.322106428	21.40305489
chr2	6551377	3.757110494	21.40326388
chr2	6552546	8.937170937	21.40765594
chr2	6553179	8.861451322	21.41331317
chr2	6553187	8.814548381	21.41338406
chr2	6553202	1.816887047	21.41351628
chr2	6553205	3.33866029	21.41352173
chr2	6553289	3.313440274	21.41380218
chr2	6553321	4.942025582	21.41390821
chr2	6554479	4.967975925	21.41963107
chr2	6555375	4.095056267	21.42408238
chr2	6555438	0.9681249468	21.42434037
chr2	6556388	0.2899929079	21.42526009
chr2	6556390	0.2442651859	21.42526067
chr2	6556511	0.2228124103	21.42529022
chr2	6562706	0.2196267817	21.42667054
chr2	6562721	0.2504652317	21.42667384
chr2	6562747	0.3430024164	21.42668035
chr2	6565129	0.7861583438	21.42749738
chr2	6565240	1.227759338	21.42758465
chr2	6565495	2.146191619	21.42789773
chr2	6565573	2.478694541	21.42806513
chr2	6565576	2.950898176	21.42807256
chr2	6572510	3.01307231	21.44853409
chr2	6572797	2.569916383	21.44939884
chr2	6572935	2.188995624	21.44975349
chr2	6573232	2.76908845	21.45040362
chr2	6573756	2.871899767	21.45185463
chr2	6577437	2.934834319	21.46242609
chr2	6578358	2.271915932	21.46512907
chr2	6578365	2.303655965	21.46514498
chr2	6578375	2.368032581	21.46516801
chr2	6579405	2.400095153	21.46760709
chr2	6579505	1.2944457	21.46784709
chr2	6582973	1.187317085	21.47233623
chr2	6594463	1.085629	21.48597851
chr2	6594531	1.12898287	21.48605233
chr2	6594551	1.19614044	21.48607491
chr2	6672912	1.593329065	21.57980567
chr2	6672924	2.015823115	21.57982479
chr2	6680967	0.7161082405	21.59603805
chr2	6681045	0.6491765948	21.59609391
chr2	6683912	0.6166297382	21.5979551
chr2	6683945	0.5522531227	21.59797545
chr2	6684450	0.4931956394	21.59825434
chr2	6685389	1.406422048	21.59871745
chr2	6685426	1.914062079	21.59876949
chr2	6691928	1.879165547	21.61121472
chr2	6692105	2.4143025	21.61154733
chr2	6692107	3.484913606	21.61155216
chr2	6692227	3.419858342	21.61197035
chr2	6692462	2.994202316	21.61277401
chr2	6698371	2.708270672	21.63046676
chr2	6698437	3.165068582	21.6306455
chr2	6698455	3.938956132	21.63070247
chr2	6698465	3.372885892	21.63074186
chr2	6698469	5.555364795	21.63075535
chr2	6698534	6.017254104	21.63111645
chr2	6698571	6.4814781	21.63133909
chr2	6699883	4.635180595	21.63984279
chr2	6700023	5.215758017	21.64049172
chr2	6700026	3.033279115	21.64050736
chr2	6700095	2.709532789	21.64071666
chr2	6700208	3.357231478	21.64102284
chr2	6700295	3.418068625	21.64131492
chr2	6705876	2.627418475	21.66039116
chr2	6705891	1.373871379	21.66043057
chr2	6705995	1.682880974	21.66057345
chr2	6705996	1.751735724	21.66057513
chr2	6706003	1.803287215	21.6605874
chr2	6706053	2.122300575	21.66067756
chr2	6751899	2.218169022	21.75797655
chr2	6752182	1.997449794	21.75860429
chr2	6755348	1.598996056	21.76492822
chr2	6755551	1.737040566	21.76525282
chr2	6755601	1.668702313	21.76533967
chr2	6755936	1.607848824	21.76589868
chr2	6756002	1.917740517	21.7660048
chr2	6756031	2.043769507	21.76606042
chr2	6756144	2.259167558	21.76629136
chr2	6756151	2.198330411	21.76630718
chr2	6759831	2.345073066	21.77439703
chr2	6761033	2.812095934	21.77721581
chr2	6770749	2.539072032	21.80453813
chr2	6770750	2.490900452	21.80454067
chr2	6770814	2.516562326	21.80470009
chr2	6770815	2.568798497	21.80470261
chr2	6771501	2.517005787	21.8064648
chr2	6771506	4.022049311	21.80647739
chr2	6771920	3.733404891	21.80814252
chr2	6771950	4.276756274	21.80825452
chr2	6771968	4.327851976	21.8083315
chr2	6772009	4.121379765	21.80850894
chr2	6782971	2.713579127	21.85368751
chr2	6782988	1.425886153	21.85373364
chr2	6782994	1.299857163	21.85374219
chr2	6782997	1.32967517	21.85374609
chr2	6783029	1.054419634	21.85378864
chr2	6783078	1.279575907	21.85384031
chr2	6783105	1.41845895	21.85387486
chr2	6783106	1.692701092	21.85387628
chr2	6813577	2.486904749	21.90545457
chr2	6814034	2.510978083	21.90659109
chr2	6814053	16.3244726	21.90663879
chr2	6814057	16.25324436	21.90670409
chr2	6814272	16.18307325	21.91019854
chr2	6814285	16.0740858	21.91040892
chr2	6814289	15.98294976	21.91047322
chr2	6814299	2.096652408	21.91063305
chr2	6818854	1.906969201	21.9201833
chr2	6818872	1.731421732	21.92021762
chr2	6818880	1.858527888	21.92023147
chr2	6820248	2.278062085	21.92277394
chr2	6821414	2.404785105	21.92543016
chr2	6821430	2.668846222	21.92546864
chr2	6822447	2.801236298	21.92818285
chr2	6827082	2.889368526	21.94116658
chr2	6829776	3.059612228	21.94895054
chr2	6835868	3.099358498	21.9675897
chr2	6835905	3.252616842	21.96770438
chr2	6896931	3.179230501	22.16619857
chr2	6896959	7.40934089	22.16628759
chr2	6897880	7.52792614	22.17311159
chr2	6897890	13.86375041	22.17318687
chr2	6898193	14.78552908	22.17738759
chr2	6898714	16.58915315	22.18509085
chr2	6898729	18.82120126	22.18533969
chr2	6898818	19.59087729	22.18701477
chr2	6898835	19.50102257	22.18734782
chr2	6901670	19.44938098	22.24263322
chr2	6901691	17.58392779	22.24304166
chr2	6901703	16.4470527	22.24325266
chr2	6901721	17.96029213	22.24354871
chr2	6901744	17.99323177	22.2439618
chr2	6902707	31.96838898	22.26128928
chr2	6903233	11.79565472	22.27810465
chr2	6903281	9.654124536	22.27867084
chr2	6903335	11.9912082	22.27919217
chr2	6903821	11.5485921	22.28501989
chr2	6903853	10.36020272	22.28538945
chr2	6903854	8.767085204	22.28539981
chr2	6903861	8.663264203	22.28546118
chr2	6903865	8.154439699	22.28549583
chr2	6904698	8.418030871	22.29228848
chr2	6904789	3.586668157	22.29305452
chr2	6904790	3.746254305	22.29305811
chr2	6904836	3.813737567	22.29323043
chr2	6904978	3.90587136	22.29377198
chr2	6918525	3.789457769	22.34668482
chr2	6918529	2.360890573	22.34669998
chr2	6918531	2.363565987	22.3467047
chr2	6918537	2.365025177	22.34671888
chr2	6918747	2.339994648	22.34721554
chr2	6918858	2.498161672	22.34747528
chr2	6919155	2.765163771	22.34821723
chr2	6955129	2.669157083	22.44769123
chr2	6955191	2.394821464	22.44785672
chr2	6955219	2.46336649	22.44792378
chr2	6955424	2.212795757	22.44842877
chr2	6955480	2.228702584	22.44855268
chr2	6955946	2.207805059	22.44959126
chr2	6955973	2.227242879	22.44965087
chr2	6955975	2.160609163	22.44965532
chr2	6955992	2.095474899	22.44969206
chr2	6956020	2.075831567	22.44975073
chr2	6956030	1.998986683	22.44977149
chr2	6957358	1.934345551	22.45242614
chr2	6957386	1.877230457	22.4524803
chr2	7004794	1.010294473	22.54147604
chr2	7004797	0.8972338633	22.54147908
chr2	7004868	0.8635901136	22.54154278
chr2	7004906	0.6061099941	22.5415756
chr2	7007417	0.6409195457	22.54309754
chr2	7032347	0.6731472337	22.55907566
chr2	7032663	0.554888955	22.55928838
chr2	7032712	0.5563590212	22.55931557
chr2	7033294	0.5301043205	22.55963937
chr2	7034012	0.5990219113	22.56001998
chr2	7036952	0.6352341435	22.56178111
chr2	7037013	0.7056454414	22.56181986
chr2	7037208	0.8440338297	22.56195746
chr2	7037319	0.9389570996	22.56205114
chr2	7040878	0.6705276052	22.56539289
chr2	7083319	0.5279156757	22.59385075
chr2	7085274	0.4575043778	22.59488283
chr2	7085310	0.5868447641	22.5948993
chr2	7089734	0.5221507145	22.5974955
chr2	7089814	0.5284182238	22.59753727
chr2	7089883	0.611481525	22.59757373
chr2	7130791	0.5752692935	22.62258822
chr2	7130793	0.4189665125	22.62258937
chr2	7137675	0.2479681636	22.6254727
chr2	7137788	0.1806757799	22.62550072
chr2	7137978	1.279369071	22.62553505
chr2	7138023	3.024212284	22.62559262
chr2	7138029	3.357622768	22.62561076
chr2	7138037	4.410880126	22.62563762
chr2	7138976	4.777768449	22.62977944
chr2	7140733	5.671348236	22.63817398
chr2	7140745	6.124854129	22.63824204
chr2	7141415	6.652840401	22.64234569
chr2	7142354	4.648039772	22.64859271
chr2	7147851	4.1200535	22.67414298
chr2	7148221	5.438311668	22.6756674
chr2	7148238	6.407888148	22.67575985
chr2	7148317	8.196996628	22.67626607
chr2	7148442	14.98084859	22.6772907
chr2	7148526	14.98765556	22.67854909
chr2	7149873	14.90541258	22.69873746
chr2	7149933	10.58902357	22.69963179
chr2	7151550	8.630001772	22.71675424
chr2	7151586	13.37597894	22.71706492
chr2	7152200	11.87702894	22.72527777
chr2	7152247	10.50050694	22.72583599
chr2	7152302	4.916300857	22.72641352
chr2	7152363	4.935884191	22.72671341
chr2	7152367	3.539779158	22.72673316
chr2	7152371	5.047040037	22.72674731
chr2	7152372	4.225046894	22.72675236
chr2	7156880	3.580528413	22.74579887
chr2	7156930	2.90217388	22.7459779
chr2	7156970	2.974025693	22.74609399
chr2	7158468	3.050435357	22.75054908
chr2	7158469	1.03915874	22.75055213
chr2	7158476	1.150632363	22.7505594
chr2	7158487	1.239685688	22.75057206
chr2	7158507	1.259987878	22.75059685
chr2	7158544	1.280847396	22.75064347
chr2	7158649	1.362119279	22.75077796
chr2	7159512	1.052805639	22.75195347
chr2	7222024	1.106193222	22.81776646
chr2	7222041	0.9992719083	22.81778526
chr2	7222641	1.032380688	22.81838482
chr2	7222647	1.225316225	22.81839102
chr2	7222648	1.47263851	22.81839224
chr2	7222654	1.474620021	22.81840108
chr2	7222676	1.50753733	22.81843352
chr2	7222684	1.65022317	22.81844558
chr2	7223219	1.683681189	22.81932845
chr2	7223234	1.716777392	22.81935371
chr2	7223424	1.809987866	22.81967989
chr2	7321449	1.428969422	22.99710395
chr2	7325274	1.302362781	23.00256976
chr2	7325276	1.236142963	23.00257237
chr2	7325884	2.22299418	23.00332394
chr2	7325908	2.13024721	23.00337729
chr2	7348699	19.58088014	23.05192776
chr2	7349176	21.75717812	23.06126784
chr2	7349322	21.73937331	23.06444439
chr2	7349324	21.52845146	23.06448787
chr2	7349760	19.13690035	23.07387427
chr2	7349765	19.32539156	23.07396995
chr2	7349766	13.56586673	23.07398928
chr2	7349770	8.732321242	23.07404354
chr2	7349780	3.241549256	23.07413087
chr2	7349795	4.743148749	23.07417949
chr2	7350415	6.805114556	23.07712024
chr2	7350424	7.769120131	23.07718149
chr2	7350430	7.630681296	23.0772281
chr2	7352058	6.129081803	23.08965085
chr2	7352063	4.707565452	23.0896815
chr2	7352179	5.79646801	23.09022757
chr2	7352193	5.641074948	23.09030873
chr2	7352205	6.412200233	23.09037642
chr2	7353949	4.612246657	23.1015593
chr2	7354824	4.875442354	23.10559501
chr2	7357650	4.923357658	23.11937301
chr2	7357674	4.493433613	23.11949117
chr2	7360003	4.511121559	23.12995638
chr2	7361959	5.099438673	23.13878013
chr2	7363643	5.403684321	23.14736759
chr2	7364510	4.851369059	23.15205258
chr2	7367735	2.926609563	23.16769825
chr2	7367793	2.058658968	23.16786799
chr2	7367950	2.173246483	23.1681912
chr2	7367975	1.958121157	23.16824553
chr2	7368008	1.997171719	23.16831015
chr2	7374182	2.603557681	23.18064069
chr2	7374225	2.180473872	23.18075264
chr2	7374812	1.917565867	23.18203258
chr2	7374815	1.95153599	23.18203833
chr2	7374904	1.816282063	23.18221202
chr2	7379484	1.788055261	23.19053059
chr2	7379555	1.831649401	23.19065754
chr2	7379634	1.404466791	23.19080224
chr2	7382394	1.520510382	23.19467857
chr2	7382399	1.703732364	23.19468617
chr2	7382414	1.727294256	23.19471173
chr2	7454758	7.439417628	23.3196711
chr2	7454762	7.486700419	23.31970086
chr2	7454777	7.439754042	23.31981316
chr2	7454891	11.32818987	23.32066129
chr2	7455682	11.28182005	23.32962189
chr2	7455762	11.19857323	23.33052444
chr2	7456464	9.20670943	23.33838584
chr2	7456588	9.169054223	23.33952747
chr2	7456998	9.097893048	23.34328678
chr2	7457016	8.848419089	23.34345054
chr2	7457478	8.853906008	23.34753851
chr2	7457495	6.385362331	23.34768903
chr2	7457504	1.193573159	23.3477465
chr2	7458375	1.119256672	23.3487861
chr2	7458392	1.076110329	23.34880513
chr2	7458589	1.083007741	23.34901712
chr2	7458613	1.22785411	23.34904311
chr2	7458626	1.277819844	23.34905907
chr2	7458872	1.233384297	23.34937342
chr2	7502338	1.519883336	23.4029837
chr2	7503841	1.450463118	23.40526808
chr2	7504024	1.461579346	23.40553352
chr2	7510945	1.436724755	23.41564911
chr2	7511924	1.448129984	23.41705566
chr2	7526617	2.709495853	23.43833304
chr2	7526630	10.42929736	23.43836826
chr2	7526635	12.82354112	23.43842041
chr2	7526646	13.77715711	23.43856147
chr2	7526649	13.63738007	23.4386028
chr2	7526668	13.59461841	23.43886191
chr2	7528424	13.62253478	23.46273406
chr2	7528553	16.33844933	23.46449137
chr2	7529202	16.29272098	23.47509502
chr2	7529311	5.467633852	23.47687093
chr2	7529324	5.643637645	23.476942
chr2	7529880	5.653582769	23.48007987
chr2	7530128	4.630887683	23.48148196
chr2	7530143	4.817720741	23.48155142
chr2	7530422	5.957298594	23.48289556
chr2	7530589	4.384637511	23.48389043
chr2	7530650	4.290309491	23.48415789
chr2	7547358	4.297861036	23.55584039
chr2	7548331	5.775287732	23.5600222
chr2	7549702	5.755324393	23.56794012
chr2	7549736	5.642099277	23.56813581
chr2	7549748	2.190971632	23.56820351
chr2	7549754	2.267859309	23.56821666
chr2	7552118	1.724462731	23.57357788
chr2	7556528	1.691072541	23.58118276
chr2	7564155	1.448799303	23.59408057
chr2	7564243	1.817223103	23.59420806
chr2	7564365	1.635294873	23.59442976
chr2	7564371	1.608743728	23.59443957
chr2	7644519	1.557131947	23.72337717
chr2	7645982	1.528006288	23.72565525
chr2	7645991	1.44490418	23.725669
chr2	7650149	1.509903647	23.73167691
chr2	7650150	1.540283308	23.73167842
chr2	7650192	1.551005396	23.73174312
chr2	7662375	1.312763247	23.75063901
chr2	7662446	1.286991998	23.75073222
chr2	7668806	1.303460224	23.75891749
chr2	7675376	1.32102729	23.76748122
chr2	7801742	1.294136199	23.93441416
chr2	7801777	1.324701975	23.93445945
chr2	7801991	1.312240043	23.93474294
chr2	7809145	2.106750132	23.9441307
chr2	7809352	2.001113571	23.9445668
chr2	7809714	1.989997344	23.9452912
chr2	7809868	1.978592114	23.94559766
chr2	7812711	1.98233766	23.9512228
chr2	7813011	1.752625289	23.9518175
chr2	7813013	1.627436678	23.95182101
chr2	7813422	0.8305718961	23.95248663
chr2	7871523	0.815218784	24.00074369
chr2	7871567	0.7954220959	24.00077956
chr2	7871986	0.7647858422	24.00111284
chr2	7871994	0.7294765656	24.00111896
chr2	7872074	0.7993496164	24.00117732
chr2	7872077	0.7805511619	24.00117971
chr2	7875079	0.7696146747	24.00352293
chr2	7875096	0.7822989317	24.00353601
chr2	7875150	0.7364950171	24.00357826
chr2	7912838	0.7276052106	24.03133528
chr2	7912951	0.7049757107	24.0314175
chr2	7912955	0.6334515466	24.03142032
chr2	7913071	0.5981883668	24.0314938
chr2	7913081	1.355306736	24.03149978
chr2	7914331	1.305938715	24.03319391
chr2	7916557	2.191096217	24.03610093
chr2	7919223	4.580460899	24.0419424
chr2	7919280	4.631197277	24.04220348
chr2	7919308	4.638284695	24.04233316
chr2	7919310	4.725428817	24.04234243
chr2	7919409	7.665212045	24.04281025
chr2	7919487	7.708863305	24.04340814
chr2	7919502	7.804130234	24.04352377
chr2	7919657	7.847896747	24.04473341
chr2	7919697	11.45141706	24.04504733
chr2	7919871	11.49530453	24.04703987
chr2	7920046	11.50238056	24.04905155
chr2	7920396	10.64559475	24.05307738
chr2	7920640	1.986235073	24.05567491
chr2	7922026	1.993352209	24.05842783
chr2	7969374	1.925342209	24.15280907
chr2	7986163	2.024832786	24.18513364
chr2	7986256	2.148810225	24.18532195
chr2	7996566	1.995239985	24.20747618
chr2	7997298	1.837275221	24.2089367
chr2	7997299	1.494638177	24.20893854
chr2	7997334	1.325729735	24.20899085
chr2	7997348	1.276370798	24.20900941
chr2	7997372	1.200079761	24.20904004
chr2	7997438	6.242662465	24.20911925
chr2	7997524	6.180006647	24.20965612
chr2	7997573	6.165134222	24.20995894
chr2	7997602	6.215699519	24.21013773
chr2	7997609	5.918816796	24.21018124
chr2	7997613	7.880453737	24.21020491
chr2	7997705	7.873555507	24.21092991
chr2	7997785	7.958171564	24.2115598
chr2	7997819	7.963267793	24.21183038
chr2	7997829	7.971723982	24.21191001
chr2	7997849	7.964512644	24.21206944
chr2	7997927	7.972788489	24.21269067
chr2	7998110	2.932983238	24.2141497
chr2	7998155	2.941501921	24.21428168
chr2	7998203	2.732017835	24.21442287
chr2	7998315	2.740301507	24.21472886
chr2	7998316	2.748765995	24.2147316
chr2	7998332	2.799330926	24.21477558
chr2	7999352	2.893560878	24.2176309
chr2	7999368	0.942816848	24.21767719
chr2	7999395	0.9513362357	24.21770265
chr2	8102541	0.9748553794	24.31582918
chr2	8273054	0.9811909115	24.48205469
chr2	8299422	1.006154352	24.50792673
chr2	8397057	0.9748690282	24.60616261
chr2	8397058	0.9677547663	24.60616359
chr2	8398264	0.8672768714	24.6073307
chr2	8398292	1.786329471	24.60735498
chr2	8398298	2.099249183	24.6073657
chr2	8398440	2.090758915	24.6076638
chr2	8398483	2.092553064	24.6077537
chr2	8398618	2.08406657	24.60803619
chr2	8398695	2.079099912	24.60819667
chr2	8398766	2.397709302	24.60834428
chr2	8398785	3.484759734	24.60838984
chr2	8398788	3.459310606	24.60840029
chr2	8398799	3.450803205	24.60843835
chr2	8398805	3.442336839	24.60845905
chr2	8398808	3.426741339	24.60846938
chr2	8398814	3.375831438	24.60848994
chr2	8398878	3.72774938	24.60870599
chr2	8398906	3.710783128	24.60881037
chr2	8398947	3.703791055	24.60896251
chr2	8399273	3.686830265	24.61016995
chr2	8399274	3.669909271	24.61017363
chr2	8399482	3.640680926	24.61093697
chr2	8399640	3.536527938	24.6115122
chr2	8399645	3.511095481	24.61152988
chr2	8399679	6.023508903	24.61164926
chr2	8399705	6.414817016	24.61180587
chr2	8399769	9.756750761	24.61221642
chr2	8399772	11.42873473	24.61224569
chr2	8400276	11.42165871	24.61800577
chr2	8400278	11.38796592	24.61802862
chr2	8401015	8.854721446	24.62642155
chr2	8401027	8.847757316	24.6265278
chr2	8401786	3.747490987	24.63324325
chr2	8401790	3.730678927	24.63325824
chr2	8401795	2.771085844	24.6332769
chr2	8401911	2.184863659	24.63359834
chr2	8401945	2.117444782	24.63367263
chr2	8401951	2.106095396	24.63368533
chr2	8401983	2.626834856	24.63375273
chr2	8402007	2.618395573	24.63381577
chr2	8402022	3.867272103	24.63385505
chr2	8407616	3.256477902	24.65548857
chr2	8407669	2.6696533	24.65566116
chr2	8407685	2.723230155	24.65570387
chr2	8408389	2.331922042	24.65762103
chr2	8408466	2.342581806	24.65780059
chr2	8408485	1.992945048	24.6578451
chr2	8408534	1.233768141	24.65794275
chr2	8408598	0.9145399262	24.65802171
chr2	8408696	0.4457505784	24.65811134
chr2	8408736	0.4777361501	24.65812917
chr2	8408979	0.4884397657	24.65824526
chr2	8585027	0.4698713132	24.7442341
chr2	8719954	0.4822882031	24.80763243
chr2	8720581	0.4498358498	24.80793482
chr2	8720593	1.053838508	24.80794022
chr2	8720646	1.042981098	24.80799607
chr2	8721240	1.027406907	24.8086156
chr2	8721258	1.535803024	24.8086341
chr2	8726453	1.482621496	24.81661259
chr2	8726586	1.471935181	24.81680978
chr2	8726682	1.46157465	24.81695109
chr2	8727178	1.450938675	24.81767603
chr2	8727246	1.44027891	24.81777469
chr2	8727254	1.446830058	24.81778621
chr2	8727938	1.430977767	24.81877585
chr2	8727940	1.431915702	24.81877871
chr2	8727941	1.378953684	24.81878014
chr2	8727942	0.8599469631	24.81878152
chr2	8727957	0.866562132	24.81879442
chr2	8727971	3.844224481	24.81880655
chr2	8728698	3.857092734	24.8216013
chr2	8728927	8.021455052	24.82248458
chr2	8729149	8.067100481	24.82426534
chr2	8729266	8.056827524	24.82520919
chr2	8729551	8.096255312	24.82750539
chr2	8729716	8.102849966	24.82884127
chr2	8729743	3.938487649	24.82906004
chr2	8729793	3.074839876	24.82925697
chr2	8730940	1.930306481	24.83278381
chr2	8731627	1.919789015	24.83410993
chr2	8732272	0.5387684938	24.83534819
chr2	8732319	0.5282735057	24.83537352
chr2	8732326	0.5606424847	24.83537721
chr2	8732350	0.3539780205	24.83539067
chr2	8732419	0.3701709548	24.83541509
chr2	8732487	0.381900824	24.83544027
chr2	8734689	0.3982944484	24.83628121
chr2	8736148	0.3881923019	24.83686232
chr2	8803595	0.3579968236	24.86304473
chr2	8941972	0.3177517724	24.91258326
chr2	8942271	0.3840311327	24.91267826
chr2	8942304	0.4442012029	24.91269094
chr2	8944762	0.4592814372	24.91378278
chr2	8944781	0.4873942052	24.91379151
chr2	8988591	0.5004544024	24.93514425
chr2	8992768	0.487586149	24.93723465
chr2	9022185	0.7064848472	24.95157797
chr2	9170098	0.6941950161	25.05607626
chr2	9170100	0.6712215536	25.05607765
chr2	9174174	0.7191999746	25.05881221
chr2	9174193	0.9595567731	25.05882587
chr2	9174344	1.144804913	25.05897077
chr2	9174754	1.107170173	25.05944014
chr2	9225974	0.9755366401	25.11614939
chr2	9225995	1.153831391	25.11616988
chr2	9226009	1.088059211	25.11618603
chr2	9226251	1.081179048	25.11644934
chr2	9227145	1.0453894	25.11741592
chr2	9227196	0.9812775641	25.11746923
chr2	9227226	0.9693510731	25.11749867
chr2	9227264	0.9505614723	25.1175355
chr2	9228727	1.19474833	25.11892618
chr2	9229307	1.39773021	25.11961913
chr2	9229332	1.945929434	25.11965407
chr2	9229353	2.036219344	25.11969494
chr2	9229398	3.096470013	25.11978657
chr2	9229595	3.335824817	25.12039657
chr2	9238566	2.965174768	25.15032226
chr2	9238575	2.586765007	25.15034894
chr2	9240948	3.425392759	25.15648734
chr2	9241044	3.133608485	25.15681617
chr2	9241154	3.157950435	25.15716087
chr2	9241183	3.142433765	25.15725245
chr2	9241193	3.945012804	25.15728388
chr2	9241576	3.897472027	25.15879482
chr2	9241621	3.881986329	25.1589702
chr2	9241643	3.595273508	25.15905561
chr2	9241683	4.337287291	25.15919942
chr2	9241761	6.379366285	25.15953773
chr2	9241817	6.107190102	25.15989497
chr2	9241827	7.126116533	25.15995604
chr2	9241922	7.973353121	25.16063302
chr2	9244963	7.925336735	25.18487999
chr2	9244964	7.659646333	25.18488792
chr2	9244981	7.633168515	25.18501813
chr2	9245000	6.713491875	25.18516316
chr2	9245019	5.664371764	25.18529072
chr2	9245054	44.31698363	25.18548897
chr2	9245071	81.65895781	25.18624236
chr2	9245107	79.6278044	25.18918208
chr2	9245162	155.4421816	25.19356161
chr2	9245266	90.09372673	25.2097276
chr2	9245345	52.95580705	25.216845
chr2	9245404	45.59006035	25.21996939
chr2	9245427	19.14129527	25.22101796
chr2	9245464	24.9599933	25.22172619
chr2	9245913	14.36949026	25.23293323
chr2	9245960	14.42613192	25.2336086
chr2	9245980	43.52060842	25.23389712
chr2	9246048	33.34218982	25.23685652
chr2	9246059	33.44401612	25.23722328
chr2	9246097	0.8323343458	25.23849416
chr2	9246114	0.9109347471	25.23850831
chr2	9246155	1.100294071	25.23854565
chr2	9246156	1.194035303	25.23854675
chr2	9246157	1.282475407	25.23854795
chr2	9246166	1.398582169	25.23855949
chr2	9246179	1.431762395	25.23857767
chr2	9246186	1.464933228	25.23858769
chr2	9246199	1.62304028	25.23860674
chr2	9246200	1.775764964	25.23860836
chr2	9246201	1.931785152	25.23861014
chr2	9248115	2.081124548	25.24230757
chr2	9248152	2.147676747	25.24238458
chr2	9248295	2.277121067	25.24269169
chr2	9248310	2.581576777	25.24272585
chr2	9248400	2.624343552	25.24295819
chr2	9248415	2.67272156	25.24299756
chr2	9248506	2.804970572	25.24324078
chr2	9248780	2.622453453	25.24400934
chr2	9318656	2.480334214	25.42725589
chr2	9318696	2.617577058	25.42735511
chr2	9318745	2.963605435	25.42748337
chr2	9319671	3.412264427	25.43022767
chr2	9319720	3.537572455	25.43039487
chr2	9325881	3.708409499	25.45218985
chr2	9325929	3.864401037	25.45236786
chr2	9327466	4.014302649	25.45830744
chr2	9327852	4.261994331	25.45985696
chr2	9327853	4.220399642	25.45986122
chr2	9327857	5.175917923	25.45987811
chr2	9327869	5.051114499	25.45994022
chr2	9335301	6.234870712	25.4974801
chr2	9336559	6.005615648	25.50532357
chr2	9336650	6.509600765	25.50587008
chr2	9336675	6.320079312	25.50603282
chr2	9339116	6.283507358	25.52146013
chr2	9339402	6.534791811	25.52325721
chr2	9339481	7.074947534	25.52377346
chr2	9339539	7.179584468	25.52418381
chr2	9339553	7.832857502	25.52428432
chr2	9339555	8.755254286	25.52429999
chr2	9342629	11.36791992	25.55121364
chr2	9344254	10.22773291	25.56968651
chr2	9345713	10.09724678	25.58460877
chr2	9345757	9.707354562	25.58505305
chr2	9345772	6.506146998	25.58519866
chr2	9347713	6.179017283	25.59782709
chr2	9347748	6.110791879	25.59804336
chr2	9348155	6.201547279	25.60053045
chr2	9348593	6.168367053	25.60324673
chr2	9348629	5.627402441	25.60346879
chr2	9350135	3.88836548	25.61194366
chr2	9350220	6.073783855	25.61227417
chr2	9350249	5.889413243	25.61245031
chr2	9350683	5.928181108	25.61500632
chr2	9350698	5.552260724	25.61509524
chr2	9351215	5.757471465	25.61796576
chr2	9352925	4.342248593	25.62781103
chr2	9352955	4.437284941	25.6279413
chr2	9352985	4.164203136	25.62807442
chr2	9352990	4.242877883	25.62809524
chr2	9353002	4.282715626	25.62814615
chr2	9353048	4.322554303	25.62834316
chr2	9353972	3.416872093	25.6323372
chr2	9356881	4.240059993	25.64227688
chr2	9357106	3.593638059	25.64323089
chr2	9357507	3.832209452	25.64467194
chr2	9357596	3.968088186	25.64501301
chr2	9357713	5.019161384	25.64547728
chr2	9357730	4.964702502	25.6455626
chr2	9360946	3.999445974	25.66152909
chr2	9360976	4.04336692	25.66164907
chr2	9361009	3.025883433	25.6617825
chr2	9388697	3.412666567	25.74556316
chr2	9388703	4.006889778	25.74558364
chr2	9388710	4.158218072	25.74561168
chr2	9388711	4.063181725	25.74561584
chr2	9388716	4.144833926	25.74563616
chr2	9388721	4.220133511	25.74565688
chr2	9388781	4.920390973	25.74591009
chr2	9389010	4.996175884	25.74703686
chr2	9389073	5.154426118	25.74735162
chr2	9389086	5.062060489	25.74741863
chr2	9389097	5.430674316	25.74747431
chr2	9389100	5.499558902	25.7474906
chr2	9389108	6.049429826	25.7475346
chr2	9389138	6.202361879	25.74771608
chr2	9389162	6.891046733	25.74786494
chr2	9396182	6.258615707	25.79624009
chr2	9396192	5.867735844	25.79630267
chr2	9430333	6.065556085	25.99663304
chr2	9430598	5.808398967	25.99824041
chr2	9433792	5.516925042	26.01679244
chr2	9433849	5.642438532	26.0171069
chr2	9434017	7.115288053	26.01805483
chr2	9434050	7.507190128	26.01828964
chr2	9434056	7.431607494	26.01833468
chr2	9434306	7.357102031	26.02019258
chr2	9437377	6.064162722	26.04278624
chr2	9437472	4.884234429	26.04336234
chr2	9437512	5.890779246	26.04355771
chr2	9437527	5.384666461	26.04364607
chr2	9437890	6.483497475	26.0456007
chr2	9437943	6.592973168	26.04594433
chr2	9438301	8.901820201	26.04830461
chr2	9438336	8.863052336	26.04861618
chr2	9438345	7.708851776	26.04869595
chr2	9438969	7.517845129	26.05350627
chr2	9440767	7.67924069	26.06702335
chr2	9440773	7.90652052	26.06706943
chr2	9440912	8.70695496	26.06816844
chr2	9441000	7.447925819	26.06893465
chr2	9441012	7.16498889	26.06902402
chr2	9441095	7.202644611	26.06961872
chr2	9441098	7.10881643	26.06964033
chr2	9441124	7.244015467	26.06982515
chr2	9443312	6.535085946	26.08567506
chr2	9443373	5.648816327	26.0860737
chr2	9446222	5.258676298	26.10216718
chr2	9446342	3.988453024	26.10279822
chr2	9446348	4.012999747	26.10282215
chr2	9446395	3.797299762	26.10301076
chr2	9446444	4.129866332	26.10319683
chr2	9446478	4.154987161	26.10333724
chr2	9448471	4.218317878	26.11161813
chr2	9448548	4.22915676	26.11194294
chr2	9450642	3.514443009	26.1207988
chr2	9453265	3.644343474	26.13001718
chr2	9455613	3.670528175	26.1385741
chr2	9456487	3.527473859	26.14178214
chr2	9460371	3.184929222	26.15548285
chr2	9460410	3.230553814	26.15560706
chr2	9460478	3.274752397	26.15582674
chr2	9534890	3.076824473	26.39950762
chr2	9534899	3.170130704	26.39953531
chr2	9536165	3.261931768	26.40354869
chr2	9536214	3.224078146	26.40370853
chr2	9537361	5.27553127	26.40740655
chr2	9537364	7.187810196	26.40742237
chr2	9537555	7.143783977	26.40879524
chr2	9537557	9.242684318	26.40880953
chr2	9538219	9.204821416	26.41492819
chr2	9539042	9.748148147	26.42250376
chr2	9539141	9.501157888	26.42346882
chr2	9539176	6.712234804	26.42380136
chr2	9539203	6.814557215	26.42398259
chr2	9550898	6.806829213	26.50367884
chr2	9551478	6.771409463	26.5076268
chr2	9551485	6.551080537	26.5076742
chr2	9551494	6.651337799	26.50773316
chr2	9551567	9.96640104	26.50821871
chr2	9551589	10.20215013	26.50843797
chr2	9552676	9.952911486	26.51952771
chr2	9552688	7.020410014	26.51964714
chr2	9552785	7.621676211	26.52032812
chr2	9552786	7.880127537	26.52033574
chr2	9552814	8.006916618	26.52055639
chr2	9553771	7.543936504	26.52821901
chr2	9553961	7.314100884	26.52965235
chr2	9561625	6.69364234	26.58570762
chr2	9562025	6.584191692	26.58838508
chr2	9562268	6.550843118	26.58998504
chr2	9562275	6.534248144	26.59003089
chr2	9562321	6.066443915	26.59033147
chr2	9562374	5.903475311	26.59065299
chr2	9566795	5.614590673	26.61675226
chr2	9566934	5.215300247	26.61753268
chr2	9569916	5.052288659	26.63308471
chr2	9571161	5.290736463	26.63937481
chr2	9571234	5.770087521	26.63976103
chr2	9571318	5.513646232	26.64024572
chr2	9573470	5.585843895	26.65211109
chr2	9575449	5.629493691	26.66316547
chr2	9577468	5.651744562	26.67453142
chr2	9578525	5.666473208	26.68050531
chr2	9578541	5.439416915	26.68059598
chr2	9581593	5.263092733	26.69719708
chr2	9581749	4.993747436	26.69801812
chr2	9581848	4.972711885	26.6985125
chr2	9581899	7.569133092	26.69876611
chr2	9582943	7.600345441	26.70666828
chr2	9582976	9.555922323	26.7069191
chr2	9585091	9.620253897	26.72712987
chr2	9585358	9.935464246	26.72969848
chr2	9585388	5.826114281	26.72999654
chr2	9585405	5.891929135	26.73009559
chr2	9585412	3.702725122	26.73013683
chr2	9585822	3.800863769	26.73165495
chr2	9585826	3.832590763	26.73167015
chr2	9585857	3.86563965	26.73178896
chr2	9688668	9.701811836	27.12921924
chr2	9688678	11.40673439	27.12931626
chr2	9688754	13.04477712	27.13018317
chr2	9689594	13.04922997	27.14114078
chr2	9689823	13.02667837	27.14412906
chr2	9691814	11.41889704	27.17006517
chr2	9691815	11.68919939	27.17007659
chr2	9691824	11.64391997	27.17018179
chr2	9691827	14.72471747	27.17021673
chr2	9691831	14.66088684	27.17027562
chr2	9692682	16.868229	27.18275204
chr2	9692862	16.80864594	27.18578832
chr2	9692879	17.12652046	27.18607407
chr2	9692886	17.77611684	27.18619395
chr2	9692903	14.92278444	27.18649615
chr2	9692930	8.381824742	27.18689906
chr2	9692931	8.505531296	27.18690744
chr2	9694185	5.194082762	27.19757338
chr2	9694221	5.172170719	27.19776037
chr2	9694289	5.898201473	27.19811208
chr2	9694294	5.949264159	27.19814157
chr2	9695767	6.413887785	27.20690483
chr2	9696249	6.891554309	27.20999633
chr2	9696261	6.943527629	27.21007902
chr2	9696286	7.400204497	27.21025261
chr2	9703164	7.068162319	27.26115122
chr2	9703259	5.661658137	27.2618227
chr2	9703269	4.218510893	27.26187931
chr2	9703363	2.946563815	27.26227585
chr2	9703432	3.005871963	27.26247916
chr2	9703462	2.965293489	27.26256934
chr2	9703666	3.120798818	27.26317426
chr2	9703697	3.476259793	27.26327101
chr2	9760107	3.465607781	27.45936682
chr2	9760118	3.136402189	27.45940494
chr2	9760593	3.017333062	27.46089473
chr2	9760650	2.93872397	27.46106672
chr2	9760656	2.879097375	27.46108435
chr2	9760661	2.819476011	27.46109875
chr2	9760728	3.625058304	27.46128765
chr2	9760749	3.506313719	27.46136378
chr2	9760825	3.456301656	27.46163026
chr2	9760827	3.493504223	27.46163717
chr2	9760842	6.09902747	27.46168957
chr2	9760876	6.049015406	27.46189694
chr2	9761230	14.63044279	27.46403829
chr2	9761619	5.562104667	27.46972954
chr2	9761643	5.650978757	27.46986303
chr2	9762057	7.56218216	27.47220253
chr2	9762060	7.463401652	27.47222522
chr2	9762072	5.197246212	27.47231478
chr2	9762117	5.247180501	27.47254865
chr2	9762129	10.317119	27.47261162
chr2	9762678	13.7273281	27.47827572
chr2	9762723	14.03050892	27.47889345
chr2	9762780	14.37112098	27.47969319
chr2	9762813	23.62352683	27.48016743
chr2	9763474	23.68935635	27.49578259
chr2	9763475	23.75514635	27.49580628
chr2	9763483	23.91262115	27.49599632
chr2	9763835	6.426998034	27.50441356
chr2	9763878	6.730477276	27.50468992
chr2	9763942	6.768975465	27.50512067
chr2	9763980	6.803431815	27.50537789
chr2	9763987	7.492000943	27.50542552
chr2	9763990	7.701365666	27.50544799
chr2	9803401	7.396320385	27.80896651
chr2	9803685	7.740934464	27.81106707
chr2	9803691	7.575225072	27.81111351
chr2	9805862	7.494369439	27.82755933
chr2	9805916	7.415532244	27.82796402
chr2	9805936	7.48927776	27.82811234
chr2	9806040	8.135376241	27.82889122
chr2	9806041	8.05017789	27.82889936
chr2	9806045	7.969672805	27.82893156
chr2	9806051	8.246167487	27.82897937
chr2	9808321	8.169781216	27.84769817
chr2	9808515	8.130978783	27.84928311
chr2	9809240	8.174508983	27.85517807
chr2	9809376	8.449801298	27.8562898
chr2	9813535	8.496193994	27.89143253
chr2	9813756	8.33585935	27.89331019
chr2	9814756	8.398132471	27.90164605
chr2	9814773	8.489376756	27.90178881
chr2	9815029	8.061380404	27.9039621
chr2	9815094	7.741493578	27.90448608
chr2	9815126	7.665323157	27.90473381
chr2	9815193	7.598961409	27.90524739
chr2	9815213	9.359039663	27.90539937
chr2	9815218	10.04690475	27.90544616
chr2	9815339	9.401868038	27.90666184
chr2	9815365	10.08190982	27.90690629
chr2	9815387	9.977606117	27.90712809
chr2	9815394	9.912979737	27.90719793
chr2	9815401	10.03173264	27.90726732
chr2	9818322	10.13213208	27.93657001
chr2	9818341	9.169072932	27.93676253
chr2	9818342	8.565090034	27.93677169
chr2	9818397	9.64983132	27.93724277
chr2	9818404	9.701978597	27.93731032
chr2	9818448	9.956751224	27.93773721
chr2	9819976	10.03647251	27.95295113
chr2	9820941	9.680813965	27.96263632
chr2	9821079	9.79067881	27.96397227
chr2	9822579	9.675180816	27.97865829
chr2	9822744	8.956185584	27.9802547
chr2	9852009	7.771433488	28.24235747
chr2	9852015	6.914785064	28.2424041
chr2	9852079	7.088815054	28.24284664
chr2	9852099	19.2660696	28.24298842
chr2	9852145	19.52775789	28.24387466
chr2	9852168	18.48636342	28.2443238
chr2	9852209	18.71385214	28.24508174
chr2	9852307	18.69214446	28.2469157
chr2	9852357	6.647593346	28.2478503
chr2	9852371	6.609707227	28.24794337
chr2	9852375	6.976909434	28.24796981
chr2	9852464	6.938502619	28.24859075
chr2	9852465	7.351425168	28.24859769
chr2	9852545	7.894843068	28.24918581
chr2	9852588	8.743862851	28.24952528
chr2	9852919	8.653729442	28.2524195
chr2	9853862	9.15871137	28.26057997
chr2	9859660	9.493606827	28.31368218
chr2	9859681	9.855108918	28.31388154
chr2	9861339	9.33718537	28.33022131
chr2	9861414	9.520066789	28.3309216
chr2	9862601	9.420190451	28.34222192
chr2	9863257	9.63493512	28.34840157
chr2	9863296	10.44874299	28.34877733
chr2	9863306	10.4150216	28.34888182
chr2	9863308	23.32472646	28.34890265
chr2	9863495	22.93787115	28.35326437
chr2	9863569	11.69357182	28.35496177
chr2	9863596	12.3617719	28.3552775
chr2	9863607	12.58137379	28.35541348
chr2	9869081	11.69769233	28.42428392
chr2	9869126	11.49916925	28.42481032
chr2	9869131	11.09356891	28.42486781
chr2	9869170	11.52009328	28.42530046
chr2	9869182	11.3181248	28.4254387
chr2	9869196	11.64212847	28.42559716
chr2	9869305	12.74197117	28.42686615
chr2	9869324	12.70645448	28.42710825
chr2	9872205	14.80453365	28.46371554
chr2	9872240	16.39608195	28.4642337
chr2	9872620	16.05784805	28.47046421
chr2	9872646	17.87769146	28.47088171
chr2	9872649	18.27860223	28.47093535
chr2	9872659	18.11122366	28.47111813
chr2	9872694	19.47002217	28.47175203
chr2	9872703	19.13364129	28.47192726
chr2	9877101	18.26188151	28.55607701
chr2	9877104	19.41359763	28.5561318
chr2	9877128	24.22384974	28.55659772
chr2	9877137	26.09650056	28.55681574
chr2	9877294	27.41864604	28.56091289
chr2	9877587	29.6631108	28.56894655
chr2	9877592	29.47361048	28.56909487
chr2	9877865	27.8822725	28.57714116
chr2	9877879	18.0490433	28.57753151
chr2	9878305	17.83265769	28.58522041
chr2	9878402	21.40006216	28.58695017
chr2	9878415	22.96873054	28.58722838
chr2	9878449	22.78787367	28.58800931
chr2	9878989	22.2869716	28.60031476
chr2	9878993	20.01834463	28.60040391
chr2	9879081	18.66984825	28.60216553
chr2	9879095	16.73435457	28.6024269
chr2	9879099	14.79728223	28.60249384
chr2	9879101	58.68531057	28.60252344
chr2	9879140	53.69322103	28.60481216
chr2	9879167	2.206559657	28.60626188
chr2	9879191	3.81020272	28.60631484
chr2	9879995	3.315967109	28.60937824
chr2	9880030	5.152823448	28.6094943
chr2	9880140	5.172948527	28.61006111
chr2	9880155	5.055656951	28.6101387
chr2	9881125	8.607307609	28.61504269
chr2	9881299	8.65575732	28.61654036
chr2	9881310	7.083653965	28.61663558
chr2	9881386	7.113218256	28.61717393
chr2	9881871	7.514164104	28.62062385
chr2	9881879	7.58789042	28.62068396
chr2	9881918	7.617582325	28.62097989
chr2	9881923	7.63729251	28.62101797
chr2	9881927	7.987040931	28.62104852
chr2	9881943	2.151931723	28.62117632
chr2	9881963	2.24437631	28.62121935
chr2	9882000	2.553526603	28.6213024
chr2	9882022	3.118880044	28.62135857
chr2	9882547	3.326482102	28.62299599
chr2	9882905	3.330173197	28.62418687
chr2	9883210	3.336595249	28.62520257
chr2	9924852	3.397786867	28.76414507
chr2	9924904	3.445364919	28.76432175
chr2	9924976	3.28718408	28.76456982
chr2	9925026	3.334816152	28.76473418
chr2	9925265	3.442338647	28.7655312
chr2	9925481	3.542177105	28.76627475
chr2	9927717	3.666043513	28.77419505
chr2	9927734	3.591741688	28.77425738
chr2	9927750	3.443308337	28.77431484
chr2	9927886	3.299808098	28.77478313
chr2	9927893	3.740664306	28.77480623
chr2	9927967	3.901471276	28.77508304
chr2	9927970	3.753824585	28.77509475
chr2	9935601	2.882937391	28.80374018
chr2	9935769	3.160485079	28.80422452
chr2	9936111	3.273284833	28.8053054
chr2	9936173	3.3487809	28.80550834
chr2	9939911	3.409015228	28.81802609
chr2	9945768	3.466160431	28.83799269
chr2	9945774	3.494707902	28.83801349
chr2	9945798	3.558818528	28.83809736
chr2	9987894	6.041494061	28.98790938
chr2	9987895	5.897512466	28.98791543
chr2	9988994	5.826145549	28.99439679
chr2	9989007	2.788229898	28.99447253
chr2	9989030	2.55190674	28.99453666
chr2	9989051	2.436023794	28.99459025
chr2	9989061	2.436411364	28.99461461
chr2	9989062	2.383146797	28.99461705
chr2	9989073	2.456069384	28.99464326
chr2	9996326	2.242407511	29.01245713
chr2	9996327	2.18597534	29.01245938
chr2	9996364	1.834766191	29.01254026
chr2	9996367	1.787134119	29.01254576
chr2	9996377	1.873367679	29.01256363
chr2	9996396	2.341199305	29.01259923
chr2	9998770	2.806671735	29.01815723
chr2	9998802	3.212810984	29.01824705
chr2	9998820	3.183722475	29.01830488
chr2	10000803	3.465943167	29.0246182
chr2	10034821	3.366051355	29.14252265
chr2	10034933	2.962074754	29.14289965
chr2	10034973	2.763179837	29.14301814
chr2	10034978	2.885895961	29.14303195
chr2	10035548	2.929775476	29.14467691
chr2	10035627	2.949924052	29.14490836
chr2	10035672	3.405043927	29.14504111
chr2	10035783	3.592385294	29.14541907
chr2	10035854	3.836615768	29.14567413
chr2	10035867	3.966297684	29.14572401
chr2	10035879	4.343860627	29.1457716
chr2	10035889	4.357915337	29.14581504
chr2	10039855	4.492889902	29.16309853
chr2	10048990	4.336687182	29.20414108
chr2	10048996	7.19637683	29.2041671
chr2	10050349	7.437037791	29.2139038
chr2	10050359	7.605728422	29.21397817
chr2	10050364	4.859768165	29.2140162
chr2	10050371	4.639654183	29.21405022
chr2	10054117	3.927551407	29.23143036
chr2	10054147	3.756858614	29.23154819
chr2	10062640	3.491387244	29.26345519
chr2	10064806	1.746775405	29.27101753
chr2	10064808	1.19502795	29.27102103
chr2	10064925	1.265430183	29.27116084
chr2	10064981	1.162105665	29.27123171
chr2	10064989	1.070371488	29.27124101
chr2	10065019	1.091800092	29.27127312
chr2	10065031	1.074512483	29.27128622
chr2	10065063	1.177663447	29.2713206
chr2	10065092	1.188804531	29.27135476
chr2	10065101	1.237616946	29.27136545
chr2	10094809	1.102616425	29.30813258
chr2	10094831	1.11408842	29.30815684
chr2	10277556	1.083146257	29.51172864
chr2	10277646	1.067171719	29.51182613
chr2	10277654	1.081351769	29.51183466
chr2	10277661	1.06537355	29.51184223
chr2	10277667	1.009592582	29.51184863
chr2	10277708	1.031823437	29.51189002
chr2	10277718	1.000917834	29.51190034
chr2	10305144	0.9867789144	29.53935151
chr2	10368492	0.9055516355	29.60186198
chr2	10368500	0.8233469059	29.60186922
chr2	10368519	0.8121500227	29.60188487
chr2	10370100	0.77223571	29.60316888
chr2	10370140	0.7497377566	29.60319977
chr2	10371495	0.9235901894	29.60421566
chr2	10371527	0.913054593	29.60424522
chr2	10371537	2.508710576	29.60425435
chr2	10371571	2.453307949	29.60433964
chr2	10373611	0.8241096598	29.60934439
chr2	10373781	0.9161169157	29.60948449
chr2	10373789	0.8831064783	29.60949182
chr2	10373794	0.8194778195	29.60949623
chr2	10373864	0.8056626121	29.6095536
chr2	10373913	1.157646862	29.60959307
chr2	10374222	1.241910995	29.60995079
chr2	10374225	1.411106356	29.60995451
chr2	10374341	1.40107394	29.6101182
chr2	10374349	1.391035034	29.61012941
chr2	10374389	1.380050609	29.61018505
chr2	10374507	1.415104239	29.6103479
chr2	10391041	1.16814873	29.63374523
chr2	10391080	2.778906064	29.63379079
chr2	10392792	2.771464149	29.63854828
chr2	10394277	2.760116961	29.6426639
chr2	10394309	1.98899944	29.64275222
chr2	10394335	2.109692732	29.64280394
chr2	10410709	2.017342486	29.67734805
chr2	10410728	2.007512723	29.67738638
chr2	10410858	2.174004221	29.67764735
chr2	10410985	2.167581308	29.67792345
chr2	10412290	2.137822712	29.68075215
chr2	10412343	2.246992461	29.68086545
chr2	10414549	2.739854629	29.68582232
chr2	10414569	3.229256511	29.68587711
chr2	10414609	3.867760659	29.68600628
chr2	10420215	3.85860671	29.70768895
chr2	10420437	2.67766651	29.70854556
chr2	10420824	3.063091348	29.70958182
chr2	10420920	3.783073457	29.70987587
chr2	10420959	4.136234287	29.71002341
chr2	10422490	4.484164411	29.71635599
chr2	10429399	5.502220396	29.74733708
chr2	10429403	4.867422203	29.74735909
chr2	10429420	6.226638786	29.74744183
chr2	10429434	5.900679675	29.74752901
chr2	10430305	6.461981236	29.7526685
chr2	10431547	6.37072715	29.76069428
chr2	10431559	6.771180119	29.76077073
chr2	10431601	12.21688469	29.76105512
chr2	10431660	10.51466542	29.76177592
chr2	10432205	10.14965751	29.76750641
chr2	10432225	4.761603885	29.7677094
chr2	10432364	4.819557661	29.76837126
chr2	10432512	5.014058242	29.76908456
chr2	10432571	4.595076475	29.76938039
chr2	10432672	4.948613946	29.76984449
chr2	10432694	6.321591583	29.76995336
chr2	10433009	6.543487864	29.77194466
chr2	10433111	4.35397778	29.7726121
chr2	10433478	4.8455309	29.77421001
chr2	10434714	4.689775312	29.78019908
chr2	10434796	4.39285107	29.78058364
chr2	10435145	4.309637248	29.78211675
chr2	10435169	2.936659611	29.78222018
chr2	10436359	2.933998226	29.78571481
chr2	10437015	3.244442192	29.78763951
chr2	10437152	3.518219154	29.788084
chr2	10437186	3.851175809	29.78820362
chr2	10438001	3.914898119	29.79134233
chr2	10446410	3.92517698	29.8242627
chr2	10446416	3.66253054	29.82428625
chr2	10446428	3.696085714	29.8243302
chr2	10446516	3.772304081	29.82465546
chr2	10446761	3.783772978	29.82557967
chr2	10447961	3.506534135	29.8301202
chr2	10447972	3.467129591	29.83015877
chr2	10448310	6.065289174	29.83133066
chr2	10448323	5.051936235	29.83140951
chr2	10448738	4.537560453	29.83350607
chr2	10449564	1.619593269	29.83725409
chr2	10449983	1.477085248	29.8379327
chr2	10487591	2.321532723	29.89348292
chr2	10487593	2.268608061	29.89348757
chr2	10487624	2.29724551	29.89355789
chr2	10487671	2.325851137	29.89366586
chr2	10490999	2.102200089	29.9014063
chr2	10491008	2.211154685	29.90142522
chr2	10491065	1.422987303	29.90155125
chr2	10491077	1.481887337	29.90156833
chr2	10491100	1.334735259	29.90160241
chr2	10491128	1.377687021	29.90163978
chr2	10491146	1.473863469	29.90166458
chr2	10491168	1.473362164	29.90169701
chr2	10491215	1.514213626	29.90176625
chr2	10491307	1.542628608	29.90190556
chr2	10491328	1.478906298	29.90193796
chr2	10491367	1.731019166	29.90199563
chr2	10491415	1.74487095	29.90207872
chr2	10491419	1.785795699	29.9020857
chr2	10492022	1.812869221	29.90316254
chr2	10493538	1.885826485	29.90591085
chr2	10493562	2.050587645	29.90595611
chr2	10493569	2.085447663	29.90597046
chr2	10494681	2.176738008	29.90828948
chr2	10582555	2.065279159	30.09956816
chr2	10582668	1.991086836	30.09980153
chr2	10582708	1.952978508	30.09988118
chr2	10582729	1.95534244	30.09992219
chr2	10582829	1.977421629	30.10011772
chr2	10591048	1.784347637	30.11637015
chr2	10591065	1.995440471	30.11640048
chr2	10592220	2.522624279	30.11870522
chr2	10606259	2.492169175	30.15412034
chr2	10606261	2.245724522	30.15412532
chr2	10606263	2.048083356	30.15412982
chr2	10606264	2.018564779	30.15413186
chr2	10606284	1.989927331	30.15417224
chr2	10606371	1.960379492	30.15434536
chr2	10606390	1.928088172	30.15438261
chr2	10606403	1.660748939	30.15440767
chr2	10606424	2.686452941	30.15444255
chr2	10606442	2.738614141	30.1544909
chr2	10606463	2.760335539	30.15454841
chr2	10606487	2.711966424	30.15461466
chr2	10606488	2.737919938	30.15461737
chr2	10609545	2.761715128	30.1629872
chr2	10609574	2.732955282	30.16306729
chr2	10609579	2.82961907	30.16308095
chr2	10609724	1.953267262	30.16349125
chr2	10610449	1.974464705	30.16490736
chr2	10610464	2.189343916	30.16493698
chr2	10610473	2.270086197	30.16495668
chr2	10736686	2.231589624	30.45147107
chr2	10736698	2.2054926	30.45149785
chr2	10736723	1.864058246	30.45155299
chr2	10736735	1.806165085	30.45157536
chr2	10737135	1.848982906	30.45229783
chr2	10737218	1.797045699	30.45245129
chr2	10737395	1.771092382	30.45276937
chr2	10737419	1.745138868	30.45281187
chr2	10741300	1.693486292	30.45958476
chr2	10741325	1.667518894	30.4596271
chr2	10741330	1.526773877	30.45963543
chr2	10741399	1.52818431	30.45974078
chr2	10742790	2.092279875	30.46186648
chr2	10743051	2.003340125	30.46241257
chr2	10745666	2.217314349	30.4676513
chr2	10765421	2.572910973	30.51145435
chr2	10765427	2.432672515	30.51146979
chr2	10767743	2.506734594	30.51710386
chr2	10768283	2.485322911	30.51845749
chr2	10768300	2.474661675	30.51849974
chr2	10768659	2.569723892	30.51938815
chr2	10770757	3.562509937	30.52477943
chr2	10771261	3.417610809	30.52657493
chr2	10772564	2.827753135	30.53102808
chr2	10772699	2.841813276	30.53140983
chr2	10774786	2.613242109	30.53734069
chr2	10774811	2.602780819	30.53740602
chr2	10777003	2.503328552	30.54311132
chr2	10777059	1.952221313	30.5432515
chr2	10777423	2.441003062	30.54396211
chr2	10780704	3.354712977	30.55197104
chr2	10784133	1.749277842	30.56347435
chr2	10784178	1.721620257	30.56355307
chr2	10784246	1.770027899	30.56367014
chr2	10784281	3.517222459	30.56373209
chr2	10784328	3.025097962	30.5638974
chr2	10785095	3.006108918	30.56621765
chr2	10786028	1.060991774	30.56902235
chr2	10786037	0.7002055789	30.5690319
chr2	10786053	0.7570344189	30.5690431
chr2	10786373	0.7996665217	30.56928535
chr2	10786692	0.8815442944	30.56954045
chr2	10787510	0.6842112327	30.57026155
chr2	10787565	0.727537464	30.57029918
chr2	10787643	1.18038817	30.57035593
chr2	10787646	1.222387449	30.57035947
chr2	10787700	1.261264423	30.57042548
chr2	10787772	1.384282062	30.57051629
chr2	10788176	1.424044289	30.57107554
chr2	10788204	1.517635348	30.57111542
chr2	10788270	1.639518131	30.57121558
chr2	10854444	1.525924628	30.67970905
chr2	10865996	1.439229034	30.69733653
chr2	10866045	2.11628017	30.69740706
chr2	10866081	1.943333849	30.69748324
chr2	10868469	2.370772336	30.70212392
chr2	10868535	2.336018919	30.70228039
chr2	10868555	4.135800921	30.70232711
chr2	10871064	3.458749785	30.71270384
chr2	10871182	3.383568109	30.71311197
chr2	10871265	3.342931438	30.71339281
chr2	10873637	3.303169212	30.72132224
chr2	10875107	2.752373038	30.7261779
chr2	10878354	2.714858745	30.73511485
chr2	10878549	2.337462183	30.73564425
chr2	10878555	2.526698673	30.73565828
chr2	10878981	2.489878254	30.73673465
chr2	10883083	2.454038025	30.74694813
chr2	10883107	3.24139764	30.74700703
chr2	10883133	3.008298474	30.7470913
chr2	10884390	3.474049522	30.75087274
chr2	10884396	3.725669692	30.75089358
chr2	10884429	4.57751596	30.75101653
chr2	10884540	6.117506597	30.75152463
chr2	10889380	15.24568998	30.78113336
chr2	10889402	21.17380718	30.78146877
chr2	10889453	22.00177599	30.78254863
chr2	10889461	23.78166351	30.78272465
chr2	10890085	18.96163563	30.7975644
chr2	10890218	25.50711465	30.8000863
chr2	10890267	29.93597902	30.80133615
chr2	10890687	32.24448422	30.81390926
chr2	10891622	32.48945623	30.84405786
chr2	10891665	32.73167346	30.8454549
chr2	10891686	25.5630194	30.84614227
chr2	10891802	25.61674376	30.84910758
chr2	10891814	25.6082636	30.84941498
chr2	10891878	23.21456855	30.85105391
chr2	10891904	23.75759488	30.85165749
chr2	10891916	23.93238628	30.85194258
chr2	10892159	22.93139529	30.85775815
chr2	10892207	21.17978722	30.85885885
chr2	10893452	15.05925534	30.88522769
chr2	10893463	16.2905332	30.88539334
chr2	10894192	15.76703378	30.89726914
chr2	10894258	15.79819233	30.89830976
chr2	10896478	13.81896059	30.93338175
chr2	10896502	12.52592959	30.93371341
chr2	10896512	9.240804098	30.93383866
chr2	10896540	10.09532293	30.93409741
chr2	10896565	10.52683019	30.93434979
chr2	10896579	11.26915449	30.93449717
chr2	10904325	11.26093177	31.02178804
chr2	10904382	10.63913494	31.02242991
chr2	10904407	10.3673506	31.02269589
chr2	10904432	10.09610861	31.02295507
chr2	10904440	8.923318982	31.02303584
chr2	10904453	5.265803616	31.02315184
chr2	10904529	4.841332762	31.02355204
chr2	10904534	4.109614843	31.02357625
chr2	10904592	3.9410824	31.02381461
chr2	10904615	3.518220323	31.02390525
chr2	10904630	3.656873809	31.02395803
chr2	10904653	3.353199131	31.02404214
chr2	10904869	5.968303363	31.02476643
chr2	10906052	3.239811636	31.03182693
chr2	10906078	3.351593624	31.03191116
chr2	10907050	4.634386279	31.03516891
chr2	10907067	4.705201092	31.0352477
chr2	10907163	4.563942377	31.0356994
chr2	10907216	4.244480156	31.03594129
chr2	10910906	4.023155524	31.05160342
chr2	10911318	3.377861249	31.05326096
chr2	10911357	3.203069848	31.05339269
chr2	10911361	3.042349058	31.05340551
chr2	10911375	2.342612063	31.0534481
chr2	10911439	2.430836527	31.05359803
chr2	10911783	2.423541209	31.05443423
chr2	10911787	1.110962786	31.05444393
chr2	10911924	1.226717066	31.05459613
chr2	10912111	1.638211338	31.05482553
chr2	10913125	1.662569047	31.05648667
chr2	10913212	1.822918219	31.05663132
chr2	10913611	1.892690505	31.05735866
chr2	10913656	2.096220491	31.05744383
chr2	10913905	2.052935849	31.05796579
chr2	10925474	3.392486013	31.08171621
chr2	10926084	3.486227245	31.08378562
chr2	10926554	3.775329927	31.08542415
chr2	10926686	4.764993713	31.08592249
chr2	10926697	6.157095167	31.08597491
chr2	10926794	6.441003267	31.08657215
chr2	10926798	6.536781604	31.08659791
chr2	10927622	7.12413325	31.09198422
chr2	10927649	7.254293297	31.09217657
chr2	10929138	5.116927468	31.10297821
chr2	10929145	4.925699576	31.10301403
chr2	10929170	5.765506738	31.10313717
chr2	10929183	5.996616513	31.10321213
chr2	10933888	6.310176337	31.13142621
chr2	10934035	6.523273411	31.1323538
chr2	10934254	6.527209304	31.1337824
chr2	10934288	6.790343859	31.13400432
chr2	10934311	6.58405631	31.1341605
chr2	10934341	6.433417084	31.13435802
chr2	10934390	6.791683796	31.13467326
chr2	10934404	7.208547644	31.13476834
chr2	10947166	7.019721258	31.22676383
chr2	10947187	6.814721092	31.22691124
chr2	10947202	5.834070979	31.22701346
chr2	10947508	5.949088013	31.22879869
chr2	10947523	6.427182451	31.22888793
chr2	10947541	6.256585551	31.22900362
chr2	10947564	6.316922554	31.22914752
chr2	10947895	6.378236105	31.23123842
chr2	10951234	6.769943693	31.25253535
chr2	10954644	6.891809526	31.27562086
chr2	10954744	6.826788247	31.27631004
chr2	10954749	6.801376069	31.27634417
chr2	10954762	6.870719789	31.27643259
chr2	10954767	6.843300241	31.27646694
chr2	10955053	8.533751601	31.27842413
chr2	10955100	8.834030648	31.27882521
chr2	10955117	8.784553665	31.27897539
chr2	10955318	8.714453664	31.28074109
chr2	10959241	8.846864019	31.31492789
chr2	10962233	7.185106853	31.34139771
chr2	10962277	6.854919411	31.34171385
chr2	10962314	6.620471393	31.34196748
chr2	10962334	5.837620574	31.34209989
chr2	10962361	5.532226519	31.34225751
chr2	10963471	5.348131406	31.34839828
chr2	10963667	5.256569967	31.34944651
chr2	10991956	5.148448835	31.49814962
chr2	11000182	5.24399856	31.54050076
chr2	11000479	5.174994201	31.54205823
chr2	11002704	5.23287519	31.55357259
chr2	11003317	4.45957686	31.55678034
chr2	11003337	4.442050198	31.55686953
chr2	11003629	4.168720154	31.55816661
chr2	11003659	4.029331636	31.55829168
chr2	11003716	3.908312724	31.55852135
chr2	11003730	3.531292257	31.55857606
chr2	11003766	2.983077188	31.55870319
chr2	11003815	3.066599678	31.55884936
chr2	11003853	3.105576303	31.55896589
chr2	11003883	3.278839371	31.55905906
chr2	11019608	3.222548357	31.61061881
chr2	11019644	4.748744073	31.61073482
chr2	11019732	11.87783915	31.61115271
chr2	11019757	13.5797352	31.61144965
chr2	11019843	15.11526148	31.61261751
chr2	11019864	16.80856124	31.61293493
chr2	11019897	18.74525323	31.61348962
chr2	11019929	21.85778545	31.61408946
chr2	11019961	23.07423203	31.61478891
chr2	11020017	23.09552457	31.61608107
chr2	11020183	26.64736359	31.61991493
chr2	11020192	31.35884327	31.62015475
chr2	11022056	27.42799795	31.67860764
chr2	11022086	16.82298442	31.67943048
chr2	11022107	13.28233496	31.67978376
chr2	11022151	17.26542667	31.68036818
chr2	11022993	10.69393002	31.69490567
chr2	11042275	6.783646729	31.90110603
chr2	11042276	5.181481663	31.90111281
chr2	11042350	5.215181421	31.90149624
chr2	11044370	4.797533875	31.91203091
chr2	11044515	4.659320272	31.91272655
chr2	11044564	5.744634756	31.91295486
chr2	11044642	5.239385602	31.91340294
chr2	11044878	4.885452639	31.91463944
chr2	11044891	7.136536877	31.91470295
chr2	11044911	8.716032753	31.91484568
chr2	11044956	12.23705507	31.9152379
chr2	11044959	12.39051755	31.91527461
chr2	11044968	12.58190638	31.91538612
chr2	11046516	13.02095583	31.93486292
chr2	11047545	12.98419755	31.94826148
chr2	11047609	12.74040376	31.94909247
chr2	11047695	12.28680512	31.95018814
chr2	11048672	10.44125129	31.96219235
chr2	11048874	6.319303772	31.96430148
chr2	11050872	6.333350972	31.97692745
chr2	11052399	5.61096159	31.98659848
chr2	11052442	5.63700142	31.98683975
chr2	11052506	5.665006592	31.98720052
chr2	11052509	5.0979918	31.98721751
chr2	11052624	4.654835873	31.98780378
chr2	11052634	4.630478164	31.98785033
chr2	11052667	3.946465087	31.98800314
chr2	11052705	3.972597635	31.9881531
chr2	11052762	4.05295235	31.98837954
chr2	11053309	4.299317873	31.99059651
chr2	11055092	3.631252218	31.99826219
chr2	11061428	3.660005737	32.0212698
chr2	11067102	2.781638304	32.04203668
chr2	11067115	2.788419435	32.04207284
chr2	11067336	2.375625503	32.04268908
chr2	11067435	2.335884401	32.04292427
chr2	11068705	2.050343972	32.04589084
chr2	11068717	1.086132609	32.04591544
chr2	11115368	1.05794987	32.09658461
chr2	11115398	1.142682148	32.09661635
chr2	11115422	1.212878667	32.09664378
chr2	11115449	1.484549963	32.09667653
chr2	11116718	1.496454861	32.09856042
chr2	11147553	1.455685949	32.1447036
chr2	11173033	1.416076378	32.18179448
chr2	11173514	1.469160385	32.18247562
chr2	11173835	1.441093685	32.18294722
chr2	11173845	1.413088512	32.18296163
chr2	11174660	1.349803656	32.18411329
chr2	11178908	1.373057498	32.18984726
chr2	11178932	2.234856112	32.18988021
chr2	11179004	3.359688833	32.19004112
chr2	11179275	3.308294601	32.1909516
chr2	11179302	3.474670474	32.19104092
chr2	11179487	3.488454216	32.19168374
chr2	11179566	4.421710906	32.19195932
chr2	11179606	4.368745219	32.19213619
chr2	11179609	5.224930878	32.1921493
chr2	11179625	5.234481698	32.1922329
chr2	11179822	5.253729308	32.19326409
chr2	11179830	5.224394866	32.19330612
chr2	11182025	6.200917315	32.20477367
chr2	11182739	6.185667444	32.20920112
chr2	11182939	6.052478038	32.21043826
chr2	11182950	6.065747416	32.21050483
chr2	11184287	3.544887141	32.21861474
chr2	11184505	2.174677604	32.21938752
chr2	11186015	2.154950852	32.22267129
chr2	11186022	1.304783314	32.22268637
chr2	11186039	1.338688975	32.22270855
chr2	11186040	1.353670409	32.22270989
chr2	11186067	1.358606237	32.22274644
chr2	11188123	1.387170026	32.22553973
chr2	11237528	1.172980505	32.29407287
chr2	11248140	1.214239349	32.30652054
chr2	11404832	1.19062976	32.49678213
chr2	11409875	1.202548054	32.50278648
chr2	11411469	1.16545895	32.50470334
chr2	11411766	1.158044852	32.50504948
chr2	11412862	1.08966803	32.5063187
chr2	11426018	1.04532425	32.52065437
chr2	11426049	1.06841589	32.52068677
chr2	11426092	1.147967785	32.52073272
chr2	11426365	1.155550132	32.52104611
chr2	11426401	1.177787678	32.52108771
chr2	11426404	1.127077459	32.52109124
chr2	11474760	1.132482737	32.5755922
chr2	11501133	1.19442429	32.60545917
chr2	11502574	1.15179444	32.60718033
chr2	11502601	1.223563807	32.60721143
chr2	11502634	1.272777682	32.60725181
chr2	11502647	1.32789454	32.60726836
chr2	11562997	1.879933041	32.68740679
chr2	11563007	1.886710061	32.68742559
chr2	11563074	2.213144045	32.687552
chr2	11563138	2.204206047	32.68769364
chr2	11563159	2.210410526	32.68773993
chr2	11563182	2.231451255	32.68779077
chr2	11563185	2.233507623	32.68779746
chr2	11564300	2.182414068	32.69028783
chr2	11567489	2.327386736	32.69724754
chr2	11568165	2.279306943	32.69882086
chr2	11568170	4.23619254	32.69883225
chr2	11568194	5.553465323	32.69893392
chr2	11568229	5.553584295	32.69912829
chr2	11568285	5.66101882	32.69943929
chr2	11571679	5.682201859	32.71865279
chr2	11571682	5.269607034	32.71866984
chr2	11571712	5.272561911	32.71882793
chr2	11571718	5.283210051	32.71885956
chr2	11573178	4.604671782	32.72657305
chr2	11573187	4.647981488	32.72661449
chr2	11573207	3.238922312	32.72670745
chr2	11573214	2.060255746	32.72673012
chr2	11573235	2.090091665	32.72677339
chr2	11573243	2.148686946	32.72679011
chr2	11573249	2.221743066	32.726803
chr2	11573271	2.298324893	32.72685188
chr2	11573336	2.314014523	32.72700127
chr2	11578828	2.099364807	32.73970984
chr2	11578837	2.122349146	32.73972873
chr2	11579211	2.118076972	32.74052249
chr2	11579291	2.151988205	32.74069194
chr2	11815264	2.123908342	33.24850305
chr2	11870983	2.11249641	33.3668451
chr2	11874527	1.392635922	33.37433179
chr2	11877087	1.355566277	33.37789693
chr2	11877913	1.325741082	33.37901663
chr2	11877920	2.013379104	33.37902591
chr2	11882720	1.927975622	33.38869013
chr2	11883743	1.91299123	33.39066245
chr2	11885264	1.957643303	33.39357211
chr2	11886004	1.537292034	33.39502077
chr2	11886017	1.505171454	33.39504075
chr2	11886186	1.478298135	33.39529513
chr2	11890846	3.316029429	33.402184
chr2	11890883	3.285942126	33.40230669
chr2	11890886	3.264342651	33.40231655
chr2	11890938	3.246539786	33.40248629
chr2	11890948	3.199835778	33.40251876
chr2	11890965	3.189191807	33.40257315
chr2	11891137	3.064800974	33.4031217
chr2	11891212	3.033835908	33.40335156
chr2	11891287	2.747527375	33.40357909
chr2	11892513	2.762804939	33.40694756
chr2	11892593	0.7843030991	33.40716859
chr2	11892648	0.8041574956	33.40721172
chr2	11892690	0.7936862758	33.4072455
chr2	11892691	1.08369961	33.40724629
chr2	11892718	1.11866562	33.40727555
chr2	11913636	1.19729588	33.4306758
chr2	11913637	1.057698152	33.430677
chr2	11913802	1.037885028	33.43085152
chr2	11913807	1.217879403	33.43085671
chr2	11913848	1.263237573	33.43090664
chr2	11914055	1.285874952	33.43116813
chr2	11914925	1.352570368	33.43228684
chr2	11914930	1.398258465	33.4322936
chr2	11914938	1.41140467	33.43230479
chr2	11915025	1.609985873	33.43242758
chr2	11961215	1.5648735	33.50679283
chr2	11961216	1.752704596	33.50679439
chr2	11961248	1.782624733	33.50685048
chr2	12031057	1.775104206	33.63129373
chr2	12031059	1.750563022	33.63129728
chr2	12031095	1.743166367	33.6313603
chr2	12055887	1.719042617	33.67457688
chr2	12063600	1.600155888	33.68783586
chr2	12063609	1.593226126	33.68785026
chr2	12063732	1.755741342	33.68804623
chr2	12063766	3.406537084	33.68810592
chr2	12063771	3.666947044	33.68812295
chr2	12063792	3.885760568	33.68819996
chr2	12063798	3.836406371	33.68822327
chr2	12063800	3.796713228	33.68823095
chr2	12063880	5.065143117	33.68853468
chr2	12063939	5.161278936	33.68883353
chr2	12063948	5.213088592	33.68887998
chr2	12063949	5.296135655	33.68888519
chr2	12064166	7.211922219	33.69003445
chr2	12064169	7.228565555	33.69005609
chr2	12074768	9.061574961	33.76667165
chr2	12074810	9.265338404	33.76705224
chr2	12074821	8.40277108	33.76715416
chr2	12075884	7.841932715	33.77608631
chr2	12076142	13.45288729	33.77810952
chr2	12076476	13.70360874	33.78260279
chr2	12076482	13.41779262	33.78268501
chr2	12076508	12.33135257	33.78303387
chr2	12076605	12.39284346	33.78423001
chr2	12076730	6.034243467	33.78577912
chr2	12076761	4.329216045	33.78596618
chr2	12076779	4.403240642	33.78604411
chr2	12076913	4.136658729	33.78663414
chr2	12076950	4.154413492	33.7867872
chr2	12079283	4.632753484	33.79647944
chr2	12079315	4.963531333	33.79662769
chr2	12079351	5.263532908	33.79680638
chr2	12079380	5.234775496	33.79695902
chr2	12088727	5.44560312	33.84588847
chr2	12088765	5.511716765	33.8460954
chr2	12088766	5.367821347	33.84610091
chr2	12088769	5.322826386	33.84611702
chr2	12088771	5.544708178	33.84612766
chr2	12088830	6.029653389	33.8464548
chr2	12088853	6.642561847	33.84659348
chr2	12088867	6.856859612	33.84668648
chr2	12103343	6.731933335	33.94594638
chr2	12103427	5.797010104	33.94651186
chr2	12103452	5.179318751	33.94665679
chr2	12103941	4.969264358	33.94918947
chr2	12103978	4.81658967	33.94937333
chr2	12104086	4.183879285	33.94989353
chr2	12104692	4.075174001	33.95242896
chr2	12104724	3.860876237	33.95255936
chr2	12104845	3.36272585	33.95302653
chr2	12104860	5.625811495	33.95307697
chr2	12104867	5.623682052	33.95311635
chr2	12106377	5.516034203	33.96160811
chr2	12106400	3.128799592	33.96173498
chr2	12106447	2.626579253	33.96188203
chr2	12106448	3.095182199	33.96188466
chr2	12106454	3.060230697	33.96190323
chr2	12106472	3.200696888	33.96195831
chr2	12106473	3.280904588	33.96196152
chr2	12106509	3.345204608	33.96207963
chr2	12106514	3.3718581	33.96209635
chr2	12106534	3.114495179	33.96216379
chr2	12106550	3.095658036	33.96221362
chr2	12106583	3.212287934	33.96231578
chr2	12106586	3.554149521	33.96232542
chr2	12106603	3.64783298	33.96238584
chr2	12106611	4.065380875	33.96241502
chr2	12106620	4.900066974	33.96245161
chr2	12108283	4.952952273	33.97060042
chr2	12108294	5.014058542	33.9706549
chr2	12108438	5.121690668	33.97137693
chr2	12108454	5.142943792	33.97145887
chr2	12110208	5.164561155	33.9804796
chr2	12112946	4.853886076	33.99462017
chr2	12113036	5.118032397	33.99505701
chr2	12113056	5.596000997	33.99515938
chr2	12113063	5.629124946	33.99519855
chr2	12116863	5.662634663	34.01658922
chr2	12116864	5.336394295	34.01659489
chr2	12116894	5.44769298	34.01675498
chr2	12142606	5.591289916	34.15682606
chr2	12163515	5.534713993	34.27373434
chr2	12163562	5.307629357	34.27399447
chr2	12163732	5.305107421	34.27489677
chr2	12163840	5.181454679	34.27546972
chr2	12163858	5.123857479	34.27556299
chr2	12163904	4.384726243	34.27579868
chr2	12163906	4.394505883	34.27580745
chr2	12163933	4.955950553	34.2759261
chr2	12164003	5.255336987	34.27627302
chr2	12164006	5.320595084	34.27628879
chr2	12164009	5.263307634	34.27630475
chr2	12166506	5.28425885	34.28944723
chr2	12176892	6.018053088	34.34432954
chr2	12176901	6.100300152	34.3443837
chr2	12177999	6.088670394	34.35108183
chr2	12179998	6.245739224	34.36325308
chr2	12180072	6.49431749	34.36371527
chr2	12181553	6.7495855	34.37333335
chr2	12182091	6.97618057	34.37696463
chr2	12186892	7.134845166	34.41045727
chr2	12186917	7.329066255	34.41063564
chr2	12187889	7.674895651	34.4177595
chr2	12188062	8.109990367	34.41908725
chr2	12202401	9.221967418	34.53537641
chr2	12202831	9.122838256	34.53934185
chr2	12207077	9.138254049	34.57807742
chr2	12207407	9.104538196	34.58109305
chr2	12207541	8.36366807	34.58231305
chr2	12208309	8.205003474	34.58873635
chr2	12208326	8.096900158	34.58887584
chr2	12208435	7.737382299	34.5897584
chr2	12208596	6.754431678	34.59100412
chr2	12215632	6.014895712	34.6385283
chr2	12215651	5.7013716	34.63864258
chr2	12215691	5.66826282	34.63887064
chr2	12215704	5.602662055	34.63894432
chr2	12215863	4.647309444	34.63983515
chr2	12215976	4.298271009	34.64036029
chr2	12215990	3.850542249	34.64042047
chr2	12216078	3.58236214	34.64075932
chr2	12216093	3.276726543	34.64081305
chr2	12216097	3.180582711	34.64082616
chr2	12216108	4.858260087	34.64086115
chr2	12216192	4.95775996	34.64126924
chr2	12218217	2.842540862	34.6513087
chr2	12218268	2.880021047	34.65145367
chr2	12218270	2.804886575	34.65145943
chr2	12218352	2.774945085	34.65168943
chr2	12218601	2.681871416	34.6523804
chr2	12250025	2.559345584	34.73665552
chr2	12250033	2.363618196	34.736676
chr2	12250302	2.406486218	34.73731181
chr2	12250341	2.367127886	34.73740566
chr2	12250344	2.654809918	34.73741277
chr2	12250379	2.591831288	34.73750568
chr2	12266901	4.864821021	34.78032792
chr2	12266967	6.645870701	34.780649
chr2	12267261	6.477244011	34.78260288
chr2	12267361	6.471637797	34.78325061
chr2	12267402	6.450020435	34.78351595
chr2	12268342	6.198912605	34.78957896
chr2	12268396	3.801319013	34.78991371
chr2	12268477	3.848125713	34.79022161
chr2	12268803	2.944372678	34.7914761
chr2	12268849	2.88519477	34.79161154
chr2	12268867	2.800864137	34.79166348
chr2	12268942	2.850625001	34.79187354
chr2	12270766	2.970808966	34.79707308
chr2	12270773	3.985580637	34.79709388
chr2	12270800	5.289540595	34.79720149
chr2	12271006	6.627646384	34.79829113
chr2	12272335	6.645575102	34.80709928
chr2	12276012	3.642938868	34.83153505
chr2	12276080	3.554702585	34.83178277
chr2	12276085	2.189350066	34.83180055
chr2	12276265	2.29908556	34.83219463
chr2	12276280	2.407240187	34.83222912
chr2	12276608	6.063045284	34.83301869
chr2	12276736	6.048717913	34.83379476
chr2	12277023	6.223892842	34.83553074
chr2	12277443	1.741112169	34.83814478
chr2	12328598	1.676408264	34.92721137
chr2	12328698	1.655457048	34.92737901
chr2	12328759	1.589775131	34.92748
chr2	12328780	1.821286213	34.92751338
chr2	12328799	1.762731259	34.92754799
chr2	12337122	2.371713275	34.9422192
chr2	12337231	3.033000281	34.94247771
chr2	12337235	2.977434592	34.94248985
chr2	12337704	2.922112248	34.94388626
chr2	12339100	4.111513596	34.94796553
chr2	12339196	4.057516049	34.94836024
chr2	12340279	4.085094384	34.95275453
chr2	12340546	4.036047509	34.95384525
chr2	12340599	3.983215225	34.95405916
chr2	12341074	3.906502311	34.95595119
chr2	12341076	2.975919367	34.955959
chr2	12341100	3.062125945	34.95603042
chr2	12341109	2.994641881	34.95605798
chr2	12341116	2.942446628	34.95607894
chr2	12341117	2.96932092	34.95608188
chr2	12341127	3.012799321	34.95611158
chr2	12341957	1.850450481	34.9586122
chr2	12341992	3.748366749	34.95867697
chr2	12342441	3.656074192	34.96035998
chr2	12342451	3.724009195	34.96039654
chr2	12342670	3.745969668	34.9612121
chr2	12342702	3.136987652	34.96133197
chr2	12342787	3.13788904	34.96159862
chr2	12343302	3.219093031	34.96321463
chr2	12343444	3.305913335	34.96367174
chr2	12343458	3.347244942	34.96371802
chr2	12343464	3.39968435	34.96373811
chr2	12343639	3.427874453	34.96433305
chr2	12343725	1.467043724	34.96462785
chr2	12343726	1.525819978	34.96462932
chr2	12397655	1.550403831	35.04691526
chr2	12397695	1.660625033	35.04697728
chr2	12398138	1.554061603	35.04771294
chr2	12458795	2.74033688	35.14197765
chr2	12459355	15.14203952	35.14351224
chr2	12459773	15.98843288	35.14984161
chr2	12459982	10.56878432	35.15318319
chr2	12460034	5.535040444	35.15373277
chr2	12460199	7.568624915	35.15464605
chr2	12460501	7.539630473	35.15693178
chr2	12460549	8.021838455	35.15729368
chr2	12461462	8.010074536	35.16461762
chr2	12461860	8.150614969	35.16780563
chr2	12461870	6.117631435	35.16788713
chr2	12462157	5.132333508	35.16964289
chr2	12462196	5.169365522	35.16984305
chr2	12462391	5.180747982	35.17085108
chr2	12463496	5.625291078	35.17657581
chr2	12463531	5.143425682	35.17677269
chr2	12464182	5.115235579	35.18012106
chr2	12464218	5.087328842	35.18030521
chr2	12467562	5.191305753	35.19731724
chr2	12467569	5.208937712	35.19735358
chr2	12467596	3.57591155	35.19749422
chr2	12497408	2.98725389	35.30409929
chr2	12497440	2.432149041	35.30419489
chr2	12497500	2.132247258	35.30434082
chr2	12497503	1.745261217	35.30434721
chr2	12497513	1.225283047	35.30436466
chr2	12497947	1.312218158	35.30489644
chr2	12501541	1.240979575	35.30961255
chr2	12501638	1.418402707	35.30973292
chr2	12502991	1.30119065	35.31165202
chr2	12505546	1.221881347	35.31497657
chr2	12505631	1.235283197	35.31508043
chr2	12525858	0.979349432	35.3400665
chr2	12528790	1.001497697	35.34293795
chr2	12530357	0.8980352791	35.3445073
chr2	12531047	1.331911639	35.34512694
chr2	12531053	1.447876698	35.34513493
chr2	12531088	1.486181339	35.34518561
chr2	12531182	2.099449639	35.34532531
chr2	12535806	2.879828282	35.35503317
chr2	12536723	2.266559982	35.35767397
chr2	12536796	2.39708275	35.35783943
chr2	12537035	2.348325402	35.35841233
chr2	12538623	2.303885787	35.36214147
chr2	12538844	2.345920914	35.36265063
chr2	12538879	2.001404628	35.36273274
chr2	12539190	2.043631458	35.36335517
chr2	12539276	1.290500827	35.36353093
chr2	12539331	1.425487116	35.3636019
chr2	12539659	1.467027398	35.36406946
chr2	12611411	1.444254087	35.46933161
chr2	12612727	5.06653659	35.47123225
chr2	12614146	6.937747851	35.47842167
chr2	12614149	7.917251529	35.47844248
chr2	12614155	8.531517554	35.47848998
chr2	12615529	8.608171769	35.49021229
chr2	12615962	5.206785915	35.49393963
chr2	12616753	5.142142745	35.49805819
chr2	12616756	4.298727592	35.49807362
chr2	12617276	4.278541094	35.50030896
chr2	12617324	4.61875233	35.50051433
chr2	12617475	6.186873996	35.50121176
chr2	12617566	6.226102382	35.50177477
chr2	12617904	4.476298236	35.50387919
chr2	12617909	4.502674804	35.50390157
chr2	12619642	2.847282467	35.51170471
chr2	12619663	1.318335259	35.5117645
chr2	12619684	1.276300132	35.51179218
chr2	12619687	0.6620341066	35.51179601
chr2	12619717	3.275640546	35.51181587
chr2	12619801	5.27440106	35.51209103
chr2	12619897	9.777495189	35.51259737
chr2	12621093	16.51692783	35.52429125
chr2	12621134	16.8529209	35.52496845
chr2	12621437	17.37859402	35.53007488
chr2	12621462	5.859867168	35.53050935
chr2	12621470	4.679651033	35.53055623
chr2	12621475	4.744556809	35.53057963
chr2	12621480	4.771336641	35.53060335
chr2	12621554	4.798687233	35.53095643
chr2	12621568	4.82548565	35.53102361
chr2	12621611	4.963706755	35.5312311
chr2	12621617	5.095978028	35.53126089
chr2	12621633	5.165874715	35.53134242
chr2	12621642	5.19268878	35.53138892
chr2	12621674	5.30406927	35.53155508
chr2	12623289	5.356017527	35.54012115
chr2	12623385	5.399004493	35.54063533
chr2	12623405	5.486880099	35.54074331
chr2	12623446	5.623778864	35.54096827
chr2	12623493	5.651350485	35.54123259
chr2	12629431	5.803997492	35.57479031
chr2	12629702	5.607598287	35.57636319
chr2	12629847	5.245349299	35.5771763
chr2	12629907	5.654924996	35.57749102
chr2	12630016	5.728501725	35.5781074
chr2	12630027	5.776710209	35.57817042
chr2	12630046	5.854196279	35.57828017
chr2	12636795	5.9647267	35.61779014
chr2	12636896	5.831948137	35.61839258
chr2	12636902	5.947382756	35.61842757
chr2	12636940	6.080620077	35.61865357
chr2	12636948	6.141615018	35.61870222
chr2	12637536	6.193975141	35.62231349
chr2	12700504	5.420312235	36.01233572
chr2	12700515	7.822691564	36.01239534
chr2	12700975	8.33696664	36.01599378
chr2	12701046	8.411333507	36.0165857
chr2	12701070	8.509828576	36.01678757
chr2	12701858	8.462910718	36.02349332
chr2	12701893	8.549584731	36.02378952
chr2	12702325	6.686291759	36.02748294
chr2	12702402	6.617292763	36.02799779
chr2	12702430	6.533708103	36.02818307
chr2	12702435	6.466582096	36.02821574
chr2	12704190	6.607801017	36.03956459
chr2	12704597	5.956139228	36.04225397
chr2	12704609	6.238105239	36.04232544
chr2	12745753	8.770236127	36.29898604
chr2	12745797	14.00119864	36.29937193
chr2	12745968	13.92567312	36.30176614
chr2	12746050	14.05178924	36.30290804
chr2	12746072	14.5341484	36.30321718
chr2	12746088	14.39807869	36.30344973
chr2	12746193	13.92468627	36.30496153
chr2	12746740	13.75999341	36.31257833
chr2	12746896	13.64586799	36.31472489
chr2	12746899	13.54552254	36.31476583
chr2	12747092	13.49209088	36.31738011
chr2	12747095	11.20722185	36.31742059
chr2	12747145	11.57924946	36.31798095
chr2	12747179	13.10238691	36.31837464
chr2	12747200	13.38782325	36.31864979
chr2	12748230	15.42873595	36.33243925
chr2	12748364	12.78807096	36.3345067
chr2	12748371	12.94782127	36.33459622
chr2	12748372	13.15546683	36.33460917
chr2	12749410	13.32713311	36.34826454
chr2	12749442	13.21941752	36.34869101
chr2	12749463	13.46508848	36.34896862
chr2	12749877	13.43862482	36.35454316
chr2	12749895	11.90460335	36.35478506
chr2	12758907	11.66800987	36.46206934
chr2	12759034	11.71450135	36.46355118
chr2	12759105	12.46636553	36.46438291
chr2	12759164	14.7535464	36.46511843
chr2	12759187	18.81689687	36.46545776
chr2	12760838	17.10239747	36.49652445
chr2	12760931	15.08318831	36.49811498
chr2	12761643	14.72158237	36.50885421
chr2	12761688	10.72891599	36.50951668
chr2	12763925	7.941897887	36.53351726
chr2	12763928	7.072068775	36.53354109
chr2	12764009	5.740107438	36.53411393
chr2	12764026	5.538808958	36.53421151
chr2	12764547	4.904831411	36.53709723
chr2	12764656	4.665604723	36.53763186
chr2	12764733	4.458009901	36.53799111
chr2	12764737	4.728617516	36.53800894
chr2	12764776	4.314736649	36.53819335
chr2	12768209	3.836683771	36.55300585
chr2	12768211	3.413686826	36.55301352
chr2	12768276	3.076510323	36.55323541
chr2	12772203	3.02910881	36.56531686
chr2	12772252	3.067435485	36.56546529
chr2	12772268	3.110717017	36.56551437
chr2	12774285	3.157788254	36.57178869
chr2	12774329	3.265582939	36.57192763
chr2	12774344	2.780781353	36.57197661
chr2	12774389	2.4130489	36.57210175
chr2	12774402	2.872839401	36.57213312
chr2	12774805	2.744446758	36.57329087
chr2	12804324	2.76248728	36.6543042
chr2	12804422	2.555668172	36.65457492
chr2	12805853	2.25051386	36.65823208
chr2	12805937	2.312283253	36.65842112
chr2	12806078	2.098393351	36.65874716
chr2	12806974	2.257802269	36.66062732
chr2	12844901	2.120004986	36.74625898
chr2	12844902	2.032983048	36.7462611
chr2	12844922	1.984796439	36.74630176
chr2	12846476	1.854075062	36.74938614
chr2	12846498	2.048011686	36.74942693
chr2	12846551	1.96753901	36.74953547
chr2	12846565	2.121046312	36.74956302
chr2	12846989	2.934804341	36.75046234
chr2	12847170	2.852559269	36.75099354
chr2	12847192	2.770357966	36.7510563
chr2	12847996	3.068621782	36.75328366
chr2	12850780	2.312214273	36.76182671
chr2	12850814	2.571887532	36.76190532
chr2	12858716	2.254010443	36.78222838
chr2	12859382	4.522448127	36.78372955
chr2	12859389	6.603786361	36.7837612
chr2	12859411	6.563839968	36.78390649
chr2	12859412	6.500393684	36.78391305
chr2	12859417	8.823100212	36.78394555
chr2	12860494	8.736374896	36.79344803
chr2	12860759	8.673195206	36.79576317
chr2	12860763	8.433857295	36.79579787
chr2	12860779	8.394332327	36.79593281
chr2	12860795	5.929819828	36.79606712
chr2	12860880	0.9121741252	36.79657115
chr2	12860914	0.8483251103	36.79660216
chr2	12860938	0.8090568328	36.79662252
chr2	12860950	0.1415847468	36.79663223
chr2	12861000	0.1745081609	36.79663931
chr2	12861019	0.2109534215	36.79664263
chr2	12861084	0.2089691549	36.79665634
chr2	12861113	0.254071767	36.7966624
chr2	12861130	0.2731534165	36.79666672
chr2	12861203	0.3084120327	36.79668666
chr2	12865548	0.3184578541	36.79802671
chr2	12865600	0.3554019686	36.79804327
chr2	12954129	0.3725785895	36.82950665
chr2	12954139	0.3898018742	36.82951038
chr2	12954150	0.3839328999	36.82951466
chr2	12954258	0.3983532202	36.82955613
chr2	12956314	0.4157140379	36.83037514
chr2	12957580	0.5917872249	36.83090144
chr2	12957611	0.6984988434	36.83091978
chr2	12969600	0.7460840977	36.83929409
chr2	13088086	0.7174045942	36.92769461
chr2	13088917	0.7737049347	36.92829077
chr2	13122366	0.8153352933	36.95417043
chr2	13122398	0.7964507932	36.95419652
chr2	13123722	0.8561492937	36.95525102
chr2	13123726	0.9278588769	36.95525444
chr2	13148521	0.9979106634	36.9782607
chr2	13149274	0.9148655336	36.97901213
chr2	13149290	0.8797168256	36.97902677
chr2	13149340	2.139331156	36.97907075
chr2	13151437	2.122107871	36.98355693
chr2	13151736	0.6513549175	36.98419144
chr2	13151745	1.082817122	36.9841973
chr2	13151838	1.131799646	36.984298
chr2	13151868	1.24824975	36.98433196
chr2	13151943	1.291345405	36.98442558
chr2	13151963	1.586546954	36.9844514
chr2	13152049	1.978879676	36.98458785
chr2	13152147	2.277720557	36.98478178
chr2	13152231	2.325791716	36.98497311
chr2	13162308	2.407363555	37.00841011
chr2	13162584	2.093854961	37.00907454
chr2	13163518	2.697658651	37.0110302
chr2	13163519	2.938970709	37.0110329
chr2	13163932	2.996385335	37.01224669
chr2	13201381	3.29391792	37.12445833
chr2	13201462	4.050948784	37.12472514
chr2	13203805	3.820784497	37.13421651
chr2	13203810	3.726401346	37.13423561
chr2	13203902	3.642256149	37.13457844
chr2	13203963	31.95991991	37.13480062
chr2	13203966	31.36471252	37.1348965
chr2	13203992	31.32308216	37.13571198
chr2	13203997	31.23913444	37.1358686
chr2	13204052	31.12410969	37.13758675
chr2	13204083	2.638904378	37.1385516
chr2	13204088	2.573375719	37.13856479
chr2	13204154	3.493527263	37.13873463
chr2	13204499	3.368539959	37.1399399
chr2	13204503	3.427938386	37.13995338
chr2	13204511	4.435684427	37.1399808
chr2	13205692	8.477894596	37.14521934
chr2	13206628	8.444042304	37.15315465
chr2	13206972	7.202788636	37.1560594
chr2	13207164	7.23434621	37.15744234
chr2	13207847	6.133098435	37.1623834
chr2	13207883	7.576986054	37.16260419
chr2	13207916	6.185084596	37.16285423
chr2	13208029	6.458144856	37.16355314
chr2	13208037	8.801034984	37.16360481
chr2	13209287	5.45313826	37.1746061
chr2	13209297	5.485510862	37.17466063
chr2	13209310	5.51771015	37.17473194
chr2	13209376	4.094700512	37.17509611
chr2	13209401	1.700665397	37.17519848
chr2	13209425	1.733077522	37.1752393
chr2	13209439	1.771198564	37.17526356
chr2	13209452	1.803620585	37.17528659
chr2	13209472	1.836080391	37.17532266
chr2	13212802	1.571365294	37.18143681
chr2	13212854	1.502486817	37.18151852
chr2	13212946	1.535350008	37.18165675
chr2	13314152	1.433982938	37.33704338
chr2	13314159	1.401523132	37.33705342
chr2	13314253	1.27271367	37.33718516
chr2	13314259	1.2083262	37.3371928
chr2	13314261	2.707822206	37.33719521
chr2	13314266	2.610621025	37.33720875
chr2	13314320	3.323313905	37.33734973
chr2	13314844	7.476519161	37.33909114
chr2	13315026	7.313982524	37.34045187
chr2	13316348	3.213709479	37.35012095
chr2	13316378	3.182388961	37.35021736
chr2	13316462	3.164758373	37.35048468
chr2	13316465	4.60463958	37.35049418
chr2	13316480	7.228416607	37.35056325
chr2	13316481	5.152595194	37.35057048
chr2	13316609	9.427567216	37.35123001
chr2	13318234	9.397119752	37.36654981
chr2	13318386	9.410570527	37.36797817
chr2	13318783	9.380835493	37.37171416
chr2	13318825	10.38080718	37.37210816
chr2	13318828	10.3567144	37.3721393
chr2	13319059	10.32705101	37.3745317
chr2	13319088	7.013859096	37.37483119
chr2	13319242	7.029212971	37.37591132
chr2	13319445	3.759351126	37.37733825
chr2	13320475	3.807848581	37.38121038
chr2	13320484	3.823289106	37.38124465
chr2	13320487	4.983186585	37.38125612
chr2	13320520	1.85303115	37.38142057
chr2	13320814	1.832431361	37.38196536
chr2	13323604	0.7422421887	37.38707784
chr2	13390507	0.6944231061	37.43673607
chr2	13390543	0.6459256515	37.43676107
chr2	13426932	0.6143114129	37.46026566
chr2	13426969	0.5828126352	37.46028839
chr2	13435262	0.4760975118	37.46512166
chr2	13435314	5.063780655	37.46514641
chr2	13435315	5.034543731	37.46515148
chr2	13436050	0.5726449757	37.46885187
chr2	13436244	0.58263777	37.46896296
chr2	13439699	0.5080010572	37.47097597
chr2	13439778	0.5165031368	37.47101611
chr2	13442752	0.4887100672	37.47255219
chr2	13442930	0.4744847319	37.47263918
chr2	13458202	0.5157440768	37.47988551
chr2	13458251	0.5338642605	37.47991078
chr2	13458258	0.5091992756	37.47991452
chr2	13458354	0.4601512554	37.4799634
chr2	13459219	0.3692933089	37.48036143
chr2	13459248	0.411092141	37.48037214
chr2	13540545	0.375117089	37.5137927
chr2	13540562	0.2963470096	37.51379907
chr2	13540665	0.3080211873	37.5138296
chr2	13540758	0.3315929046	37.51385824
chr2	13541319	0.4782278389	37.51404427
chr2	13541653	0.5645169375	37.51420399
chr2	13543859	0.5792363967	37.51544932
chr2	13543878	0.5986646521	37.51546032
chr2	13545703	0.6222075365	37.51655289
chr2	13545717	0.7322570211	37.5165616
chr2	13548806	0.7920107704	37.51882354
chr2	13552262	0.8160424372	37.52156073
chr2	13552263	0.828056464	37.52156155
chr2	13553003	0.8408917625	37.52217431
chr2	13553014	0.8527924408	37.52218356
chr2	13553047	0.9271501998	37.5222117
chr2	13774718	0.9583282247	37.72773401
chr2	13776296	1.012909478	37.72924625
chr2	13776301	0.9881796693	37.72925132
chr2	13817751	0.9630367131	37.77021137
chr2	13819568	3.548097813	37.7719612
chr2	13821884	4.174594799	37.7801786
chr2	13823148	4.15882746	37.78545529
chr2	13823502	4.145307663	37.78692751
chr2	13823533	4.405798122	37.78705601
chr2	13824160	5.957146048	37.78981845
chr2	13827022	6.546483483	37.8068678
chr2	13827115	5.553955042	37.80747663
chr2	13827308	4.225254079	37.80854854
chr2	13827362	4.852922341	37.8087767
chr2	13827746	6.55384237	37.81064022
chr2	13827811	8.188778925	37.81106622
chr2	13827814	10.06834953	37.81109079
chr2	13827858	10.99619246	37.8115338
chr2	13830426	12.71273217	37.83977202
chr2	13830431	12.39991622	37.83983558
chr2	13831722	13.11509334	37.85584388
chr2	13831742	14.74663012	37.85610618
chr2	13831745	15.2909378	37.85615042
chr2	13831760	14.4304365	37.85637978
chr2	13835106	13.95699306	37.90466402
chr2	13835109	13.26481097	37.90470589
chr2	13835471	13.05113307	37.90950775
chr2	13836495	12.67906259	37.92287211
chr2	13836545	11.9910666	37.92350607
chr2	13836575	11.43843696	37.9238658
chr2	13838433	12.07201063	37.94511842
chr2	13838441	11.56058783	37.94521499
chr2	13838469	11.54871489	37.94553869
chr2	13838554	65.87493023	37.94652033
chr2	13838777	71.93218451	37.96121044
chr2	13838943	146.5934986	37.97315118
chr2	13838948	155.1133586	37.97388415
chr2	13839325	155.1451864	38.03236188
chr2	13839338	117.8510072	38.03437877
chr2	13839459	116.8551365	38.04863874
chr2	13839508	116.1268917	38.05436465
chr2	13839521	36.83776283	38.0558743
chr2	13839522	33.14809837	38.05591113
chr2	13839546	27.31606117	38.05670669
chr2	13839598	29.23023162	38.05812712
chr2	13839605	31.10236035	38.05833173
chr2	13839611	33.29886152	38.05851835
chr2	13839612	33.45374593	38.05855165
chr2	13839621	33.53190675	38.05885273
chr2	13839645	33.61011074	38.0596575
chr2	13839654	33.95485741	38.05995999
chr2	13839664	10.26994015	38.06029954
chr2	13840083	10.05653064	38.06460264
chr2	13841613	9.886572782	38.07998913
chr2	13842088	8.925022229	38.08468526
chr2	13842091	8.580053473	38.08471203
chr2	13845661	7.62819923	38.11534282
chr2	13845764	6.658221041	38.11612853
chr2	13845768	5.646504122	38.11615516
chr2	13845784	4.545541981	38.1162455
chr2	13845793	4.083104781	38.11628641
chr2	13847852	3.99599201	38.12469353
chr2	13847864	4.172497966	38.12474148
chr2	13848530	4.930474815	38.12752036
chr2	13848552	5.889112821	38.12762883
chr2	13848567	5.611701056	38.12771717
chr2	13848570	5.527659534	38.127734
chr2	13849150	5.549622136	38.13094005
chr2	13853311	5.663534497	38.15403202
chr2	13853468	5.012158781	38.1549212
chr2	13853495	5.241571707	38.15505653
chr2	13883061	5.16352578	38.31002884
chr2	13883080	4.667735479	38.31012694
chr2	13883097	3.627207723	38.31020629
chr2	13883142	6.717851274	38.31036952
chr2	13883158	6.443384475	38.310477
chr2	13883830	6.394564664	38.31480696
chr2	13883958	2.230202346	38.31562546
chr2	13884015	2.134380793	38.31575258
chr2	13884016	2.086142207	38.31575472
chr2	13884024	2.116592964	38.31577141
chr2	13884117	2.646197797	38.31596825
chr2	13884148	2.702404083	38.31605028
chr2	13890831	2.824231018	38.33411045
chr2	13890921	2.884400288	38.33436463
chr2	13890987	2.435457745	38.334555
chr2	13893067	2.422214712	38.33962075
chr2	13893336	2.484359774	38.34027233
chr2	13893361	4.586871554	38.34033444
chr2	13893390	4.692367675	38.34046746
chr2	13893391	4.75322607	38.34047215
chr2	13894384	4.866747851	38.3451921
chr2	13894404	4.974259871	38.34528944
chr2	13894525	5.005001235	38.34589132
chr2	13894547	5.098589965	38.34600143
chr2	13894616	5.147724308	38.34635324
chr2	13894627	5.2109007	38.34640986
chr2	13894859	3.0985377	38.34761879
chr2	13895152	3.130774865	38.34852666
chr2	13895657	3.192936663	38.3501077
chr2	13895667	3.124842166	38.35013963
chr2	13923376	2.801961331	38.43672588
chr2	13944850	2.766673789	38.4968952
chr2	13945502	2.735486076	38.49869907
chr2	13945855	2.663781643	38.4996647
chr2	13946031	2.540027999	38.50013352
chr2	13946091	2.419387441	38.50028593
chr2	13946099	2.387790253	38.50030528
chr2	13946281	2.373145207	38.50073986
chr2	13946317	2.344591739	38.50082529
chr2	14000327	2.312443019	38.62745669
chr2	14000428	2.080528189	38.62769025
chr2	14000562	2.019108837	38.62796904
chr2	14000677	2.011669855	38.62820124
chr2	14000696	1.980739899	38.62823946
chr2	14002887	1.949705992	38.63257926
chr2	14003873	1.872175144	38.63450167
chr2	14004085	2.152757379	38.63489857
chr2	14004146	2.29156671	38.63502989
chr2	14004237	2.294378484	38.63523842
chr2	14004824	2.233058264	38.63658522
chr2	14004839	2.24676548	38.63661872
chr2	14004850	2.261496118	38.63664343
chr2	14004913	2.285506627	38.63678591
chr2	14005011	2.299889898	38.63700989
chr2	14005064	2.468221818	38.63713178
chr2	14005079	2.535412145	38.6371688
chr2	14006628	2.57211564	38.64109616
chr2	14020432	2.207138859	38.67660164
chr2	14021155	2.296653675	38.6781974
chr2	14021241	2.271872312	38.67839492
chr2	14021245	2.55701672	38.678404
chr2	14021272	2.614580747	38.67847304
chr2	14021280	2.629058725	38.67849396
chr2	14021756	2.604543744	38.67974539
chr2	14022032	2.807294614	38.68046425
chr2	14073516	3.592835038	38.824995
chr2	14073582	3.686320956	38.82523213
chr2	14073703	3.636975585	38.82567817
chr2	14073796	3.588229768	38.82601641
chr2	14073803	3.538794665	38.82604153
chr2	14073804	3.489360278	38.82604507
chr2	14080299	3.434756081	38.84870846
chr2	14080304	3.33666259	38.84872564
chr2	14094391	3.244158893	38.8957292
chr2	14094402	4.695870143	38.89576489
chr2	14094906	5.848426015	38.89813161
chr2	14094926	7.920770937	38.89824858
chr2	14095004	8.670941992	38.8988664
chr2	14097150	8.558837138	38.91747424
chr2	14098212	12.20488827	38.92656372
chr2	14099144	7.339444707	38.93793868
chr2	14099195	7.295851125	38.93831299
chr2	14099211	3.788937734	38.93842972
chr2	14099272	2.850090918	38.93866085
chr2	14099331	2.789992783	38.938829
chr2	14099813	2.837275992	38.94017378
chr2	14099988	2.885086328	38.9406703
chr2	14107912	2.623813096	38.96353173
chr2	14107987	2.652023332	38.96372851
chr2	14108080	2.551242453	38.96397515
chr2	14142661	2.391138897	39.05219967
chr2	14142671	2.146053778	39.05222358
chr2	14142678	2.022382867	39.0522386
chr2	14146248	1.956840306	39.05945851
chr2	14146260	2.014938994	39.05948199
chr2	14146280	1.841264982	39.05952229
chr2	14146482	1.982333007	39.05989422
chr2	14148510	2.206729777	39.0639144
chr2	14148655	2.432559754	39.06423437
chr2	14148661	2.559484198	39.06424897
chr2	14148665	2.680118191	39.0642592
chr2	14167824	6.031321003	39.11560759
chr2	14167899	5.679425015	39.11605994
chr2	14168196	6.461062152	39.11774673
chr2	14168199	15.6119658	39.11776611
chr2	14168646	8.009908416	39.12474466
chr2	14168838	4.658705605	39.12628256
chr2	14168891	5.632099949	39.12652947
chr2	14168892	9.298537871	39.12653511
chr2	14169650	9.253062259	39.1335834
chr2	14170765	9.329208122	39.14390056
chr2	14171063	7.4396819	39.14668067
chr2	14171137	7.541767389	39.1472312
chr2	14172300	5.542619694	39.15600228
chr2	14172334	4.721421132	39.15619073
chr2	14172355	4.576280131	39.15628988
chr2	14172382	3.678137403	39.15641344
chr2	14173071	3.551299299	39.15894767
chr2	14173113	3.109043979	39.15909683
chr2	14173159	2.463713072	39.15923984
chr2	14173172	2.57213717	39.15927187
chr2	14190035	2.346535084	39.20264582
chr2	14190037	2.264419197	39.20265051
chr2	14190064	2.186808205	39.20271165
chr2	14190140	2.51040783	39.20287785
chr2	14190162	2.748671723	39.20293308
chr2	14190186	2.594141498	39.20299905
chr2	14197314	2.477427788	39.22149009
chr2	14200113	3.122348866	39.22842441
chr2	14200138	3.10500276	39.22850247
chr2	14200641	2.764041698	39.23006428
chr2	14200649	2.260736116	39.2300864
chr2	14201453	6.364617009	39.23190403
chr2	14201468	7.54072256	39.2319995
chr2	14201494	7.55657614	39.23219556
chr2	14202955	7.49234639	39.24323571
chr2	14203033	7.473653629	39.24382012
chr2	14203253	10.6020271	39.24546432
chr2	14203277	10.63497516	39.24571877
chr2	14203306	10.66190035	39.24602718
chr2	14203310	10.68898002	39.24606983
chr2	14204424	8.081956418	39.25797735
chr2	14204427	7.959007295	39.2580016
chr2	14204429	7.228367586	39.25801752
chr2	14204430	6.708820486	39.25802475
chr2	14204456	6.543259388	39.25819918
chr2	14204513	4.592357892	39.25857214
chr2	14208490	3.737914932	39.27683595
chr2	14208498	2.509227615	39.27686585
chr2	14209804	2.537614353	39.2801429
chr2	14209894	2.081658167	39.28037129
chr2	14210186	2.16275919	39.28097913
chr2	14210223	1.650367135	39.28105916
chr2	14210249	1.666821725	39.28110206
chr2	14258217	1.679677577	39.36105617
chr2	14258595	1.329783148	39.36169109
chr2	14258691	1.308894822	39.36181875
chr2	14258751	1.512906951	39.36189728
chr2	14258787	1.450825641	39.36195175
chr2	14258982	1.485711574	39.36223466
chr2	14263446	1.532088358	39.36886687
chr2	14264370	1.475397284	39.37028252
chr2	14264395	1.497699193	39.37031941
chr2	14328796	1.470619522	39.46677273
chr2	14329404	1.863148533	39.46766687
chr2	14329414	1.84151259	39.4676855
chr2	14329512	1.603695964	39.46786597
chr2	14329685	2.696219836	39.46814341
chr2	14329836	2.731826476	39.46855054
chr2	14334335	2.62575404	39.48084103
chr2	14335536	1.903287143	39.48399456
chr2	14335558	1.841071018	39.48403643
chr2	14335702	1.848951666	39.48430154
chr2	14335964	1.193648829	39.48478597
chr2	14336016	1.228833336	39.48484804
chr2	14336061	1.191622275	39.48490333
chr2	14336062	1.165808151	39.48490453
chr2	14336718	0.6748059451	39.4856693
chr2	14336853	0.631592663	39.4857604
chr2	14336894	0.6670999632	39.48578629
chr2	14336982	0.7961412233	39.485845
chr2	14350671	0.8688549707	39.49674337
chr2	14350690	0.8770194061	39.49675988
chr2	14350760	1.065476034	39.49682127
chr2	14383168	1.169152326	39.53135122
chr2	14383253	1.348420509	39.5314506
chr2	14383467	1.438061737	39.53173916
chr2	14402332	1.801137411	39.55886819
chr2	14403008	2.053877956	39.56008576
chr2	14413532	2.491328993	39.58170077
chr2	14414422	4.891131006	39.58391806
chr2	14414425	4.900771745	39.58393273
chr2	14414430	4.857044655	39.58395723
chr2	14414443	10.22777135	39.58402038
chr2	14414474	10.06267525	39.58433744
chr2	14415838	5.169631373	39.59806293
chr2	14416011	5.162733528	39.59895727
chr2	14416759	5.07802919	39.602819
chr2	14416764	1.952192952	39.60284439
chr2	14416774	1.91931115	39.60286391
chr2	14421206	1.929140998	39.6113703
chr2	14421217	1.880972149	39.61139152
chr2	14421231	1.887935723	39.61141785
chr2	14421300	1.450484686	39.61154812
chr2	14421314	1.434817207	39.61156842
chr2	14421375	0.9882868702	39.61165595
chr2	14425186	0.6908778009	39.61542231
chr2	14425212	0.6139640334	39.61544027
chr2	14425213	0.6239829888	39.61544089
chr2	14425271	0.6448197692	39.61547708
chr2	14431144	0.5502983368	39.6192641
chr2	14431242	0.5878491273	39.61931803
chr2	14431256	0.5728681522	39.61932626
chr2	14431503	0.550738619	39.61946776
chr2	14432596	0.5536651167	39.62006972
chr2	14540528	0.5777292537	39.6798279
chr2	14553247	0.5936341071	39.68717604
chr2	14553289	0.596746631	39.68720097
chr2	14553322	0.6126570695	39.68722067
chr2	14553378	0.7783535717	39.68725498
chr2	14764224	0.7814403512	39.85136771
chr2	14764264	0.7553094516	39.85139897
chr2	14764382	0.7282765614	39.8514881
chr2	14764394	0.6506430451	39.85149684
chr2	14766900	0.7693720351	39.85312735
chr2	14766906	0.8095719521	39.85313196
chr2	14908260	2.538948901	39.9675682
chr2	14908277	2.442805408	39.96761136
chr2	14908289	2.43323084	39.96764067
chr2	14908296	2.272316171	39.96765771
chr2	14908328	2.438252715	39.96773042
chr2	14909216	2.390974774	39.96989559
chr2	14909257	2.813440034	39.96999362
chr2	14909648	3.467734503	39.97109367
chr2	14909695	3.611296134	39.97125666
chr2	14910186	3.875988426	39.9730298
chr2	14910195	4.101044368	39.97306469
chr2	14910198	4.171680337	39.97307699
chr2	14910395	4.937902849	39.97389881
chr2	14910478	4.914235437	39.97430866
chr2	14910544	5.20057817	39.974633
chr2	14922520	5.313150818	40.03691512
chr2	14922941	4.257521778	40.03915196
chr2	14923024	4.108591735	40.03950533
chr2	14923055	3.844290604	40.0396327
chr2	14925294	3.691739136	40.04824006
chr2	14925324	3.461825764	40.04835082
chr2	14925358	3.479529897	40.04846852
chr2	14925397	3.927122055	40.04860422
chr2	14925399	3.906038637	40.04861207
chr2	14925405	2.478856928	40.04863551
chr2	14925408	2.457418769	40.04864295
chr2	14925618	2.529009374	40.04915901
chr2	14925648	3.360862903	40.04923488
chr2	14925740	3.432637989	40.04954408
chr2	14925777	4.063217439	40.04967108
chr2	14925779	6.804185994	40.04967921
chr2	14926244	6.836166895	40.05284316
chr2	14926732	6.982789248	40.05617921
chr2	14927445	5.234285483	40.06115793
chr2	14928445	5.266368337	40.06639222
chr2	14928572	7.416546989	40.06706105
chr2	14930008	7.519949589	40.07771121
chr2	14930068	8.627911653	40.07816241
chr2	14931840	10.37668014	40.09345107
chr2	14931857	8.13563196	40.09362747
chr2	14931876	8.245266406	40.09378205
chr2	14931889	7.892952297	40.09388923
chr2	14931891	8.414201567	40.09390502
chr2	14932989	8.480844635	40.10314381
chr2	14932991	8.708295748	40.10316078
chr2	14933135	6.580045085	40.10441477
chr2	14935667	6.704957585	40.12107544
chr2	14961925	6.586926337	40.29713422
chr2	14962871	4.477854845	40.30336545
chr2	14970763	4.329916143	40.33870468
chr2	14973084	6.696739739	40.34875442
chr2	14973086	6.529295906	40.34876781
chr2	14973182	6.633599393	40.34939462
chr2	14973185	6.454022125	40.34941453
chr2	14973190	47.89450567	40.3494468
chr2	14973196	47.70617381	40.34973416
chr2	14973272	6.265690267	40.35335983
chr2	14973273	6.321841755	40.3533661
chr2	14973294	6.398483684	40.35349886
chr2	14973327	6.347699295	40.35371001
chr2	14973347	6.398135956	40.35383696
chr2	14973428	6.448832217	40.35435521
chr2	14973699	6.505221349	40.35610284
chr2	14973749	1.476984441	40.3564281
chr2	14973955	1.788526167	40.35673236
chr2	14973958	1.896241176	40.35673773
chr2	14974006	1.922806291	40.35682875
chr2	14974700	2.103836898	40.35816318
chr2	14974773	2.371020724	40.35831676
chr2	14974782	2.743550144	40.35833809
chr2	15001060	2.862874805	40.43043311
chr2	15001082	2.895973911	40.43049609
chr2	15033790	3.224569037	40.5252176
chr2	15033821	3.133319802	40.52531756
chr2	15033998	3.480218072	40.52587216
chr2	15034352	3.991674973	40.52710416
chr2	15034355	3.934633702	40.52711613
chr2	15034362	4.334617567	40.52714368
chr2	15034367	4.277587784	40.52716535
chr2	15040229	4.225731055	40.55224057
chr2	15040455	3.715885647	40.55319559
chr2	15040457	2.564337754	40.55320302
chr2	15040721	2.439977604	40.55388
chr2	15040870	2.546721892	40.55424356
chr2	15040996	2.087963246	40.55456445
chr2	15042872	1.5582369	40.55848146
chr2	15042957	1.509604099	40.55861391
chr2	15043102	1.564270524	40.55883281
chr2	15044347	1.497802706	40.56078032
chr2	15103747	1.356968422	40.64974981
chr2	15103756	1.177322963	40.64976202
chr2	15103797	1.102201911	40.64981029
chr2	15103811	2.618391576	40.64982572
chr2	15103812	2.489267911	40.64982834
chr2	15103851	2.381613241	40.64992542
chr2	15105263	2.282205277	40.65328826
chr2	15105350	2.315162436	40.65348681
chr2	15105353	2.420543877	40.65349375
chr2	15105467	2.616097228	40.6537697
chr2	15105479	2.861364013	40.65380109
chr2	15106204	2.835709114	40.65587558
chr2	15106238	1.383877681	40.65597199
chr2	15106333	1.471677584	40.65610346
chr2	15106756	3.442744667	40.65672598
chr2	15107805	3.625225986	40.66033742
chr2	15107826	3.716504584	40.66041355
chr2	15108052	3.769432323	40.66125348
chr2	15108465	3.862388874	40.66281025
chr2	15108480	1.954715541	40.66286819
chr2	15108524	1.93613399	40.6629542
chr2	15145021	1.790968407	40.73361728
chr2	15145036	2.293700427	40.73364414
chr2	15145054	2.116556519	40.73368543
chr2	15145056	2.267490145	40.73368966
chr2	15145076	3.740093956	40.73373501
chr2	15150306	3.93380731	40.75329571
chr2	15153486	4.072053601	40.76580521
chr2	15167080	3.91790192	40.82116071
chr2	15167091	3.763827123	40.82120381
chr2	15167100	3.708692379	40.82123768
chr2	15167119	4.225025784	40.82130815
chr2	15167570	6.797999743	40.82321363
chr2	15167656	6.743457913	40.82379826
chr2	15167715	7.746583534	40.82419612
chr2	15167804	16.01372647	40.82488557
chr2	15167809	16.62127502	40.82496564
chr2	15167848	17.24847564	40.82561387
chr2	15168157	20.91552513	40.83094365
chr2	15168175	20.95876866	40.83132013
chr2	15168305	21.00684551	40.83404477
chr2	15168314	21.01641967	40.83423383
chr2	15168429	15.2358183	40.83665072
chr2	15168476	16.08108866	40.8373668
chr2	15168561	16.67270118	40.83873369
chr2	15168574	19.05867119	40.83895044
chr2	15168601	21.61172878	40.83946502
chr2	15168608	23.47524381	40.8396163
chr2	15169917	20.94499835	40.8703454
chr2	15169932	14.44630707	40.87065957
chr2	15172190	12.21875255	40.90327933
chr2	15172193	11.21180904	40.90331599
chr2	15172255	7.734558575	40.90401112
chr2	15172258	6.082814335	40.90403433
chr2	15172263	4.343069522	40.90406474
chr2	15172296	3.876854608	40.90420806
chr2	15172316	3.159024691	40.9042856
chr2	15172327	2.685044133	40.90432035
chr2	15172692	2.696787623	40.90530039
chr2	15172713	2.647469466	40.90535702
chr2	15174309	1.501485578	40.90958238
chr2	15232675	1.884847452	40.99721809
chr2	15237841	1.915837349	41.00695521
chr2	15238980	1.715020182	41.00913735
chr2	15238986	1.420926576	41.00914764
chr2	15241539	1.408373228	41.01277527
chr2	15241687	1.359475199	41.01298371
chr2	15246756	1.316231671	41.01987489
chr2	15246822	1.654074215	41.01996176
chr2	15249632	1.234190408	41.02460971
chr2	15249659	1.285894108	41.02464303
chr2	15249679	1.234021617	41.02466875
chr2	15249700	1.190120531	41.02469466
chr2	15249725	1.225392323	41.02472441
chr2	15249823	1.285004274	41.0248445
chr2	15249827	1.344613087	41.02484964
chr2	15249849	1.382479364	41.02487922
chr2	15249888	1.441173891	41.02493314
chr2	15249959	1.500928404	41.02503546
chr2	15250126	1.459472248	41.02528612
chr2	15250436	1.557026647	41.02573856
chr2	15250764	1.617661878	41.02624926
chr2	15252370	1.680061931	41.02884723
chr2	15253015	1.719312972	41.02993087
chr2	15253384	1.325304719	41.03056529
chr2	15253439	1.512910114	41.03063818
chr2	15253479	1.576598984	41.0306987
chr2	15253500	1.604271869	41.03073181
chr2	15306806	2.669465323	41.11624913
chr2	15306814	2.70372278	41.11627048
chr2	15306818	2.807415668	41.1162813
chr2	15306827	2.401778484	41.11630656
chr2	15306834	2.136501147	41.11632338
chr2	15306843	2.077076839	41.1163426
chr2	15307759	2.183835232	41.11824521
chr2	15307783	2.125140705	41.11829762
chr2	15309771	2.19266274	41.1225224
chr2	15313771	2.245480243	41.13129305
chr2	15338531	2.335460903	41.18689114
chr2	15339589	1.819968255	41.18936206
chr2	15341552	1.549184502	41.19293465
chr2	15342197	1.424662244	41.19393388
chr2	15342304	1.320210774	41.19408632
chr2	15343520	1.163484904	41.19569169
chr2	15346066	1.146996958	41.19865393
chr2	15346411	1.134398008	41.19904964
chr2	15376111	1.117728138	41.23274126
chr2	15376293	0.9133975614	41.23294469
chr2	15376296	0.7230815753	41.23294743
chr2	15376323	14.70711306	41.23296695
chr2	15376356	14.700716	41.23345229
chr2	15376525	14.74005246	41.23593671
chr2	15376545	14.77979237	41.23623151
chr2	15376561	14.7289147	41.23646798
chr2	15376566	0.7907794597	41.23654163
chr2	15376567	0.9123774344	41.23654242
chr2	15376873	1.040810403	41.23682161
chr2	15376908	0.9249267824	41.23685804
chr2	15376919	1.004376352	41.23686821
chr2	15376935	0.9929452732	41.23688428
chr2	15377348	1.112915074	41.23729437
chr2	15377458	1.331260663	41.23741679
chr2	15377744	2.736263275	41.23779753
chr2	15378108	2.683445772	41.23879353
chr2	15378139	4.246712734	41.23887671
chr2	15378584	5.68428582	41.2407665
chr2	15378589	5.937040507	41.24079492
chr2	15378647	5.980774351	41.24113927
chr2	15380085	21.83054052	41.24973962
chr2	15380300	4.535606916	41.25443319
chr2	15380362	3.282344783	41.2547144
chr2	15380452	3.327178407	41.25500981
chr2	15380573	3.35095811	41.2554124
chr2	15380669	3.392711746	41.25573409
chr2	15380825	3.520916916	41.25626335
chr2	15381254	3.566169066	41.25777383
chr2	15381275	2.701050994	41.25784872
chr2	15381303	2.746425199	41.25792435
chr2	15382318	2.730088793	41.26071197
chr2	15456032	3.320142561	41.46195773
chr2	15456185	3.184054469	41.46246571
chr2	15456194	2.955805691	41.46249437
chr2	15456203	2.91297045	41.46252097
chr2	15456246	2.868136827	41.46264623
chr2	15456271	2.779084986	41.46271793
chr2	15456347	4.275471856	41.46292914
chr2	15456355	4.79379395	41.46296335
chr2	15456369	4.750107897	41.46303046
chr2	15456380	4.747270666	41.46308271
chr2	15456388	4.703595282	41.46312069
chr2	15456490	5.209870558	41.46360046
chr2	15456518	5.166889029	41.46374633
chr2	15457146	5.134310781	41.46699114
chr2	15461745	4.504796211	41.49060384
chr2	15461791	6.819300412	41.49081106
chr2	15461994	6.777704706	41.49219537
chr2	15462054	6.400122148	41.49260204
chr2	15462102	10.64246878	41.49290924
chr2	15462126	10.60043937	41.49316466
chr2	15462388	10.56595264	41.49594198
chr2	15462871	7.256913587	41.50104533
chr2	15462903	2.972937619	41.50127755
chr2	15462911	2.353611407	41.50130134
chr2	15463074	2.427268843	41.50168498
chr2	15463134	1.012944433	41.50183061
chr2	15463202	0.5066691573	41.50189949
chr2	15463278	0.6785160269	41.501938
chr2	15463703	0.6393527449	41.50222637
chr2	15463804	0.6976785486	41.50229094
chr2	15463944	0.7138186445	41.50238862
chr2	15522065	0.5400848751	41.54387647
chr2	15522098	0.5992140934	41.54389429
chr2	15522885	0.606704416	41.54436588
chr2	15523240	0.5971302522	41.54458126
chr2	15523471	0.696470142	41.54471919
chr2	15523473	0.7176524938	41.54472059
chr2	15523504	0.7401597275	41.54474283
chr2	15523588	0.748833445	41.54480501
chr2	15523629	0.7363032656	41.54483571
chr2	15523666	0.6800318267	41.54486295
chr2	15523748	0.8290350989	41.54491871
chr2	15523755	0.9411028928	41.54492452
chr2	15541548	0.7501972945	41.56166956
chr2	15551153	0.7144121698	41.56887521
chr2	15551221	1.196136789	41.56892379
chr2	15552548	1.259259188	41.57051106
chr2	15552593	1.275363028	41.57056773
chr2	15552599	1.881412547	41.57057538
chr2	15553873	1.93998264	41.5729723
chr2	15554059	1.965977053	41.57333313
chr2	15554077	1.853909257	41.57336852
chr2	15554079	1.941786065	41.57337223
chr2	15554127	1.962955248	41.57346544
chr2	15554173	1.978115206	41.57355573
chr2	15554307	3.030607078	41.5738208
chr2	15554316	3.160066439	41.57384807
chr2	15557678	1.962581832	41.58447222
chr2	15558098	2.117123077	41.5852965
chr2	15558206	1.647956827	41.58552515
chr2	15600881	1.630166631	41.65585171
chr2	15600907	1.642366298	41.65589409
chr2	15600918	1.694443164	41.65591216
chr2	15601452	1.631998991	41.65681699
chr2	15601468	1.860801449	41.6568431
chr2	15601493	1.957142828	41.65688962
chr2	15666170	3.181603339	41.78347175
chr2	15669700	3.151154783	41.79470281
chr2	15669904	2.043526401	41.79534565
chr2	15669914	1.785464545	41.79536608
chr2	15674270	1.744765054	41.80314357
chr2	15674283	1.717151984	41.80316625
chr2	15674483	1.667620936	41.80350968
chr2	15674553	1.540554574	41.80362641
chr2	15674582	1.526829269	41.80367109
chr2	15674584	1.521532605	41.80367414
chr2	15674628	1.373632532	41.80374109
chr2	15674649	1.370064789	41.80376993
chr2	15674682	1.34089037	41.80381515
chr2	15674750	1.748484893	41.80390633
chr2	15674760	1.803627166	41.80392381
chr2	15679592	1.820629921	41.81263894
chr2	15679968	1.876951162	41.8133235
chr2	15679989	1.917160746	41.81336291
chr2	15684784	1.986062765	41.8225557
chr2	15684810	1.765168595	41.82260733
chr2	15685576	1.772145738	41.82395945
chr2	15685677	1.461161968	41.82413844
chr2	15685762	1.604085428	41.82426264
chr2	15763606	1.87671519	41.94913107
chr2	15763740	1.808158499	41.94938255
chr2	15765612	1.76560221	41.95276742
chr2	15765638	1.853534311	41.95281332
chr2	15766462	1.911394342	41.95434064
chr2	15766464	1.850420633	41.95434446
chr2	15766496	1.813382292	41.95440367
chr2	15772104	1.750308458	41.96457312
chr2	15772125	1.783285183	41.96460988
chr2	15778324	1.537243336	41.97566446
chr2	15778336	1.361005526	41.97568291
chr2	15779619	1.435569844	41.97742908
chr2	15779654	1.440040866	41.97747932
chr2	15779663	1.367664222	41.97749228
chr2	15793978	1.25578092	41.9970704
chr2	15825055	1.233877492	42.0360963
chr2	15825084	1.302568005	42.03613208
chr2	15825124	1.27852223	42.03618419
chr2	15825154	1.159680971	42.03622254
chr2	15825192	0.8998773254	42.03626661
chr2	15825225	0.9048285283	42.03629631
chr2	15825240	0.8845853993	42.03630988
chr2	15825564	1.01718008	42.03659648
chr2	15874554	0.9135984824	42.08642814
chr2	15874613	0.8621585539	42.08648204
chr2	15875171	0.8080126451	42.08696312
chr2	15875707	0.6915730613	42.08739622
chr2	15877973	0.7267568392	42.08896332
chr2	15877983	0.6245716372	42.08897059
chr2	15878164	0.6069970349	42.08908364
chr2	15879449	0.5211638807	42.08986363
chr2	15904660	0.5758582842	42.10300269
chr2	15905749	0.6574874202	42.1036298
chr2	15905791	0.6578335351	42.10365741
chr2	15913725	0.6342055131	42.10887667
chr2	15915360	0.6321090969	42.10991359
chr2	15915363	0.689517524	42.10991549
chr2	15915409	0.8218249109	42.10994721
chr2	15915426	1.009200398	42.10996118
chr2	15916065	1.115895449	42.11060606
chr2	15973620	1.081081439	42.17483142
chr2	15974481	1.034318006	42.17576223
chr2	15974555	0.8703467597	42.17583877
chr2	15974667	0.8129858163	42.17593625
chr2	15974694	0.8157002015	42.1759582
chr2	15974823	0.9134573048	42.17606342
chr2	15975147	0.9372583278	42.17635938
chr2	15975504	0.7776127825	42.17669399
chr2	15976412	0.8189462464	42.17740006
chr2	15976553	0.696643801	42.17751553
chr2	16108078	0.6451756279	42.26914161
chr2	16108116	0.5243837839	42.26916612
chr2	16108247	0.4989398055	42.26923482
chr2	16110668	0.4569349071	42.27044275
chr2	16110705	0.431976261	42.27045966
chr2	16110860	0.4363167889	42.27052661
chr2	16110864	0.4189311009	42.27052836
chr2	16110893	0.4354036378	42.27054051
chr2	16110971	0.427613734	42.27057447
chr2	16110993	3.490319892	42.27058388
chr2	16111006	3.498803717	42.27062925
chr2	16114454	3.516322326	42.28269312
chr2	16115716	3.524769728	42.28713072
chr2	16115800	3.749868621	42.2874268
chr2	16115803	3.043398838	42.28743805
chr2	16115860	3.963704129	42.28761153
chr2	16115876	3.267795948	42.28767495
chr2	16115913	3.285447325	42.28779586
chr2	16116283	3.318145489	42.28901147
chr2	16117841	3.265090568	42.29418114
chr2	16117919	8.583207549	42.29443582
chr2	16118380	8.59940828	42.29839268
chr2	16118390	1.385785133	42.29847867
chr2	16118852	1.455482024	42.2991189
chr2	16131520	0.9977151882	42.31755695
chr2	16172600	0.9397069028	42.35854309
chr2	16172607	0.9690489691	42.35854967
chr2	16172612	1.038954717	42.35855451
chr2	16172693	1.006716053	42.35863867
chr2	16212099	0.9922894883	42.39830932
chr2	16214751	1.060635905	42.40094087
chr2	16304701	1.066811575	42.49634507
chr2	16306684	1.074135662	42.49846056
chr2	16308398	1.121333736	42.50030163
chr2	16308424	1.119137931	42.50033078
chr2	16308426	1.049818951	42.50033302
chr2	16316825	1.002696474	42.50915045
chr2	16317183	1.022427293	42.50950942
chr2	16317188	1.071920013	42.50951453
chr2	16320063	1.0667112	42.5125963
chr2	16320227	1.060425056	42.51277124
chr2	16328001	1.076643959	42.52101498
chr2	16328131	1.166117743	42.52115495
chr2	16328151	1.249843724	42.52117827
chr2	16398601	1.291759083	42.60922976
chr2	16398639	1.279950995	42.60927885
chr2	16496291	1.345339398	42.73426862
chr2	16501141	1.334993408	42.74079352
chr2	16509952	1.299442384	42.75255614
chr2	16509968	1.264189438	42.75257694
chr2	16511543	2.043799494	42.75456803
chr2	16511547	3.046633401	42.75457621
chr2	16511563	3.832882721	42.75462496
chr2	16517764	3.792164535	42.77839266
chr2	16517887	3.740024222	42.7788591
chr2	16517916	3.138251421	42.77896756
chr2	16517984	3.113722052	42.77918096
chr2	16517987	3.08598486	42.7791903
chr2	16518219	3.077495928	42.77990625
chr2	16524028	3.051815534	42.79778342
chr2	16524296	2.78527544	42.79860131
chr2	16524388	1.357782163	42.79885755
chr2	16524406	1.218839277	42.79888199
chr2	16524447	1.475146063	42.79893197
chr2	16524460	1.451058034	42.79895114
chr2	16524487	1.389919558	42.79899032
chr2	16524812	1.912209065	42.79944205
chr2	16524819	1.956012814	42.79945543
chr2	16524864	1.922062279	42.79954345
chr2	16524867	2.215338448	42.79954922
chr2	16536719	1.913440673	42.82580541
chr2	16536753	1.905465457	42.82587047
chr2	16536868	1.615605877	42.8260896
chr2	16536910	1.599329721	42.82615745
chr2	16537364	1.637769988	42.82688355
chr2	16537385	1.425483552	42.82691794
chr2	16537399	1.155512975	42.8269379
chr2	16537458	1.465459761	42.82700607
chr2	16537460	1.517762663	42.827009
chr2	16537467	1.248070628	42.82701963
chr2	16537473	1.33699385	42.82702712
chr2	16537476	1.328885442	42.82703113
chr2	16537485	1.11943673	42.82704309
chr2	16537517	1.103217827	42.82707891
chr2	16537606	1.319461932	42.82717709
chr2	16598580	1.31060872	42.90762997
chr2	16601923	1.257955715	42.91201133
chr2	16602125	1.152837823	42.91226544
chr2	16602319	1.609671592	42.91248909
chr2	16602351	2.377008718	42.9125406
chr2	16602395	6.774696233	42.91264519
chr2	16602430	7.251389615	42.9128823
chr2	16605096	7.27295553	42.93221451
chr2	16605508	7.622818748	42.93521096
chr2	16607916	8.196922423	42.95356671
chr2	16608086	8.148708466	42.95496019
chr2	16608196	8.808839577	42.95585655
chr2	16608207	9.03220904	42.95595344
chr2	16608612	8.711772318	42.95961149
chr2	16608645	8.398064351	42.95989898
chr2	16608712	8.043343595	42.96046165
chr2	16610884	8.676703113	42.97793179
chr2	16613348	9.011064979	42.99931119
chr2	16613385	9.71878541	42.99964459
chr2	16613397	9.611469359	42.99976122
chr2	16613835	9.037365685	43.00397104
chr2	16615274	8.70596337	43.01697581
chr2	16615288	9.148484487	43.0170977
chr2	16615291	9.303006967	43.01712514
chr2	16617736	8.807260134	43.03987099
chr2	16618006	8.765064765	43.04224895
chr2	16621796	12.30682035	43.07546855
chr2	16622276	14.94921511	43.08137582
chr2	16622310	14.77858394	43.0818841
chr2	16622967	13.81811109	43.09159363
chr2	16622988	14.97688843	43.09188381
chr2	16623420	13.45737065	43.09835382
chr2	16623511	30.7828889	43.09957844
chr2	16623562	28.14049415	43.10114837
chr2	16623586	32.49705781	43.10182374
chr2	16623682	32.462835	43.10494346
chr2	16623700	16.60255859	43.10552779
chr2	16624366	13.35698356	43.1165851
chr2	16624564	13.36281749	43.11922978
chr2	16625140	14.71989403	43.12692676
chr2	16625147	12.3715045	43.1270298
chr2	16625716	4.850690055	43.13406919
chr2	16625728	8.321700935	43.13412739
chr2	16625764	8.283260667	43.13442698
chr2	16625821	13.07291361	43.13489912
chr2	16625854	13.17799463	43.13533053
chr2	16625866	25.43886405	43.13548866
chr2	16625899	29.64445767	43.13632815
chr2	16625928	29.28404571	43.13718784
chr2	16625979	29.46621436	43.13868132
chr2	16626523	19.22623596	43.15471094
chr2	16626685	19.43191152	43.15782559
chr2	16626703	32.50860509	43.15817537
chr2	16626707	24.99308327	43.1583054
chr2	16626716	25.1001298	43.15853034
chr2	16627062	10.00862119	43.16721498
chr2	16627644	2.852199433	43.17304
chr2	16652326	3.059256714	43.24343799
chr2	16652726	3.391251065	43.24466169
chr2	16653816	3.26600247	43.24835815
chr2	16653827	3.145120265	43.24839408
chr2	16655007	3.178663057	43.25210532
chr2	16668898	2.617245437	43.29626013
chr2	16668925	2.53492864	43.2963308
chr2	16668928	2.366303132	43.2963384
chr2	16668936	2.048975986	43.29635733
chr2	16668952	2.025391853	43.29639012
chr2	16668955	2.12563616	43.29639619
chr2	16668973	2.068231865	43.29643445
chr2	16669024	2.037257188	43.29653993
chr2	16669468	1.956009109	43.29744447
chr2	16669550	1.158009214	43.29760487
chr2	16669792	1.197887162	43.29788511
chr2	16669794	1.144514253	43.2978875
chr2	16739839	1.025253164	43.378055
chr2	16755005	4.639372737	43.39360399
chr2	16755398	4.648161453	43.39542727
chr2	16755497	4.667737453	43.39588743
chr2	16755872	0.7142779809	43.39763783
chr2	16756314	0.6625829994	43.39795355
chr2	16756346	0.6237073601	43.39797475
chr2	16756349	0.658168951	43.39797662
chr2	16757252	0.6990053887	43.39857095
chr2	16758242	0.8850787077	43.39926296
chr2	16758325	1.049566892	43.39933642
chr2	16762665	0.9917121758	43.40389154
chr2	16762740	1.040423961	43.40396592
chr2	16854944	0.9642939738	43.49989717
chr2	16854955	0.929832383	43.49990778
chr2	16855013	1.169729366	43.49996171
chr2	16855044	1.195328708	43.49999797
chr2	16855051	1.226084427	43.50000634
chr2	16855112	1.191005252	43.50008113
chr2	16855120	1.176066886	43.50009066
chr2	16862996	1.143602119	43.50935336
chr2	16863154	1.083250861	43.50953405
chr2	16863211	1.034867132	43.5095958
chr2	16863247	1.002480029	43.50963305
chr2	16863310	1.058117589	43.50969621
chr2	16863334	1.089551391	43.5097216
chr2	16863340	1.229241517	43.50972814
chr2	16863939	1.26116523	43.51046445
chr2	16864350	1.19803801	43.51098279
chr2	16864379	0.8877415341	43.51101754
chr2	16864422	0.8703507745	43.51105571
chr2	16864515	0.8560400703	43.51113665
chr2	16864650	0.8879742837	43.51125222
chr2	16864817	0.9763017928	43.51140051
chr2	16864883	0.9548674871	43.51146495
chr2	16864929	1.012011395	43.51150887
chr2	16864971	1.184320245	43.51155137
chr2	16865542	1.367053158	43.51222762
chr2	16865549	1.406533973	43.51223719
chr2	16923995	1.341720709	43.59444347
chr2	16924358	1.286147751	43.59493052
chr2	16924386	1.06711411	43.59496653
chr2	16924395	1.009970202	43.59497614
chr2	16924471	0.9966711533	43.59505289
chr2	16924545	0.9861229005	43.59512665
chr2	16928781	0.9323883425	43.59930386
chr2	16928783	0.8804634676	43.59930573
chr2	16929028	0.7063179694	43.59952144
chr2	16929037	0.7885033672	43.5995278
chr2	16929083	0.6106577355	43.59956407
chr2	16929100	0.6929864975	43.59957445
chr2	16970375	0.5847720222	43.62817747
chr2	16970384	0.3900980025	43.62818273
chr2	16970396	0.2706820131	43.62818741
chr2	16970399	0.2608001969	43.62818822
chr2	16971060	0.1968351447	43.62836061
chr2	16971232	2.908226758	43.62839447
chr2	16971438	5.4574878	43.62899356
chr2	16971442	5.44178753	43.62901539
chr2	16972244	5.580401425	43.63337971
chr2	16972259	5.638642258	43.63346341
chr2	16972331	5.696790407	43.6338694
chr2	16973258	3.829691698	43.63915032
chr2	16973298	3.900340087	43.63930351
chr2	16973317	3.95946044	43.63937761
chr2	16973597	2.522623379	43.64048626
chr2	16973621	2.677845361	43.64054681
chr2	16973637	2.737440585	43.64058965
chr2	16976815	1.979321335	43.64928924
chr2	16979442	1.966415113	43.65448892
chr2	16983781	2.111615309	43.66302119
chr2	16983782	1.623870273	43.6630233
chr2	16983785	1.654376232	43.66302817
chr2	16983863	1.727094392	43.66315721
chr2	16989001	1.448239998	43.67203103
chr2	16989032	1.529978618	43.67207592
chr2	16989298	1.694562391	43.6724829
chr2	16991785	1.782178925	43.67669727
chr2	16995513	1.723791538	43.68334124
chr2	16996759	1.450976004	43.68548908
chr2	16996761	1.480692174	43.68549198
chr2	16996841	1.601103685	43.68561044
chr2	17030569	1.213914587	43.73961246
chr2	17030578	1.131595797	43.73962339
chr2	17030593	1.001632649	43.73964036
chr2	17030605	0.5339383294	43.73965238
chr2	17030657	0.4151000986	43.73968015
chr2	17030753	26.37957132	43.73972
chr2	17030770	26.32142317	43.74016845
chr2	17030795	64.46063774	43.74082648
chr2	17030805	64.49786284	43.74147109
chr2	17030884	0.5153140208	43.74656642
chr2	17030889	0.6032778654	43.746569
chr2	17031042	0.6300662473	43.7466613
chr2	17031110	0.6325898428	43.74670414
chr2	17084145	0.5687885689	43.78025355
chr2	17090065	0.5113646191	43.78362077
chr2	17095177	0.5150856073	43.78623487
chr2	17095226	0.4622722093	43.78626011
chr2	17099200	0.4733176487	43.78809718
chr2	17101006	0.8629243103	43.78895199
chr2	17166046	0.898370439	43.84507659
chr2	17166359	1.116842526	43.84535778
chr2	17167142	1.103068279	43.84623227
chr2	17168739	1.036723646	43.84799387
chr2	17180569	1.638662795	43.86025831
chr2	17180570	1.659553465	43.86025995
chr2	17180875	2.279662105	43.86076611
chr2	17180894	2.320362536	43.86080942
chr2	17181169	2.323403724	43.86144752
chr2	17181326	2.404367292	43.8618123
chr2	17184896	2.44404363	43.87039589
chr2	17186648	1.936942796	43.87467785
chr2	17186755	1.575001626	43.87488511
chr2	17186756	1.531398814	43.87488668
chr2	17186781	1.696787363	43.87492497
chr2	17187077	1.778733279	43.87542721
chr2	17187140	1.903312321	43.87553927
chr2	17187214	1.919142879	43.87568012
chr2	17188400	2.069225273	43.87795622
chr2	17188412	2.281101512	43.87798105
chr2	17189379	2.364481218	43.88018688
chr2	17194459	2.330254272	43.89219844
chr2	17260000	2.290972998	44.04492564
chr2	17263960	2.807247634	44.05399789
chr2	17264385	2.367843502	44.05519097
chr2	17264500	2.32412035	44.05546327
chr2	17264587	2.847820189	44.05566547
chr2	17265199	2.80879185	44.05740834
chr2	17265319	4.154997015	44.05774539
chr2	17265337	5.136710248	44.05782018
chr2	17266624	6.023409506	44.06443113
chr2	17270542	14.21586027	44.08803085
chr2	17270593	19.50073623	44.08875586
chr2	17270596	20.03168988	44.08881436
chr2	17270621	20.0368431	44.08931515
chr2	17270658	25.21869833	44.09005651
chr2	17270833	25.22199545	44.09446979
chr2	17271238	9.352641386	44.10468469
chr2	17271295	5.166983856	44.1052178
chr2	17271334	5.199984717	44.10541931
chr2	17271403	5.447877893	44.10577811
chr2	17271420	5.369317712	44.10587072
chr2	17271672	5.375939074	44.10722379
chr2	17271681	6.606918802	44.10727217
chr2	17271865	6.6102262	44.10848785
chr2	17271961	6.65112815	44.10912243
chr2	17274720	8.53810145	44.12747289
chr2	17276205	8.447061829	44.14015197
chr2	17276491	8.473701229	44.14256783
chr2	17276524	6.160736583	44.14284746
chr2	17276542	5.035814393	44.14295836
chr2	17276544	4.733086586	44.14296843
chr2	17277491	4.739742694	44.14745066
chr2	17277588	5.199851494	44.14791041
chr2	17277601	5.182544793	44.14797801
chr2	17278726	5.195857876	44.15380838
chr2	17278825	5.249096134	44.15432277
chr2	17278871	5.265703782	44.15456422
chr2	17284345	5.278989156	44.18338869
chr2	17284624	5.052317831	44.18486152
chr2	17284679	5.066937383	44.1851394
chr2	17284720	5.167819368	44.18534715
chr2	17284743	3.089350252	44.18546601
chr2	17284760	2.73306337	44.18551853
chr2	17284765	2.746404868	44.18553219
chr2	17285111	2.505462705	44.18648245
chr2	17285166	1.195101076	44.18662025
chr2	17356232	1.213646525	44.2715513
chr2	17360437	1.218299403	44.27665468
chr2	17362920	1.186087494	44.27967972
chr2	17362940	1.189379271	44.27970344
chr2	17536366	1.121813465	44.48597273
chr2	17536508	1.108317509	44.48613203
chr2	17536510	1.016158094	44.48613425
chr2	17539338	1.002812141	44.48900794
chr2	17539395	0.9898843086	44.4890651
chr2	17539464	2.332605407	44.4891334
chr2	17539468	2.30001416	44.48914273
chr2	17540124	2.303519602	44.49065154
chr2	17543406	2.308061549	44.49821169
chr2	17543481	2.283005456	44.4983848
chr2	17543497	1.440426817	44.49842133
chr2	17544441	1.427345154	44.49978109
chr2	17544442	1.445349584	44.49978252
chr2	17544494	1.460908597	44.49985768
chr2	17545377	1.500135369	44.50114766
chr2	17545947	1.038966096	44.50200274
chr2	17545986	1.025964513	44.50204326
chr2	17546073	1.041225918	44.50213251
chr2	17546262	1.056658448	44.50232931
chr2	17547252	1.103269968	44.5033754
chr2	17547293	1.119958098	44.50342063
chr2	17549615	1.304216621	44.50602117
chr2	17549617	1.309894904	44.50602378
chr2	17762896	1.274042994	44.78539686
chr2	17765961	1.106568891	44.7893018
chr2	17766454	1.194094562	44.78984734
chr2	17766463	1.21278465	44.78985809
chr2	17766539	1.269765667	44.78995026
chr2	17766574	1.238876292	44.7899947
chr2	17768734	1.208793412	44.79267067
chr2	17889927	1.182043094	44.93916797
chr2	17890285	1.391325576	44.93959114
chr2	17890288	1.443094614	44.93959532
chr2	17890348	1.474025835	44.9396819
chr2	17922759	1.392309975	44.98745655
chr2	17936408	1.372315625	45.00646019
chr2	17948277	1.309364941	45.02274821
chr2	17949197	1.214414454	45.02395282
chr2	17949204	1.148174254	45.02396132
chr2	17949363	1.613951785	45.02414388
chr2	17949365	1.562948113	45.02414711
chr2	17949397	1.435381492	45.02419713
chr2	17949667	1.418571184	45.02458468
chr2	17950046	1.410085029	45.02512232
chr2	17950198	1.346330427	45.02533665
chr2	17950331	1.998752233	45.02551571
chr2	17950369	5.034392722	45.02559166
chr2	17950399	5.416110991	45.0257427
chr2	17952092	5.407667975	45.03491217
chr2	17952101	3.445705128	45.03496084
chr2	17952113	3.420377402	45.03500219
chr2	17952143	3.415256991	45.0351048
chr2	17953737	3.419150998	45.04054872
chr2	17953920	3.429011424	45.04117443
chr2	17954106	3.458490685	45.04181222
chr2	17954215	3.468248723	45.0421892
chr2	17954337	3.478185908	45.04261232
chr2	17954366	3.488059054	45.04271319
chr2	17955352	3.481233691	45.04615242
chr2	17955396	2.810331489	45.04630559
chr2	17955407	2.820283021	45.0463365
chr2	17955501	1.614425473	45.04660161
chr2	17955928	3.27478678	45.04729097
chr2	17955965	3.304619953	45.04741214
chr2	17955975	3.801294014	45.04744518
chr2	17956117	3.823578617	45.04798497
chr2	17956231	4.076697399	45.04842086
chr2	17956237	4.086591242	45.04844532
chr2	17956352	4.400895299	45.04891527
chr2	17958927	3.615432126	45.06024758
chr2	17959022	3.623883163	45.06059105
chr2	17959037	3.653959587	45.0606454
chr2	17959111	3.673944863	45.0609158
chr2	17959126	4.413108033	45.06097091
chr2	17960993	4.154731404	45.06921018
chr2	17961013	3.49653553	45.06929327
chr2	17961025	3.506653528	45.06933523
chr2	17962875	3.516845176	45.07582254
chr2	17962917	4.021092046	45.07597025
chr2	17962935	4.051305438	45.07604263
chr2	17969656	3.886988644	45.10327145
chr2	17969661	3.680588379	45.10329089
chr2	17971892	2.171313204	45.11150228
chr2	17976878	2.190751765	45.12232845
chr2	17977006	2.061425064	45.12260886
chr2	17977175	2.117251316	45.12295724
chr2	17977183	1.689328496	45.12297418
chr2	18202016	1.675496109	45.50279098
chr2	18204056	1.650697462	45.50620899
chr2	18231030	1.544596742	45.5507349
chr2	18231072	1.532227349	45.55079977
chr2	18241879	1.528726446	45.56735856
chr2	18296297	1.377465534	45.65054879
chr2	18296425	1.343236274	45.65072511
chr2	18296874	4.469497549	45.65132822
chr2	18298535	3.200689736	45.65875206
chr2	18298542	3.174158415	45.65877446
chr2	18298544	3.01706055	45.65878081
chr2	18299295	2.970467066	45.66104662
chr2	18299384	10.01968597	45.66131099
chr2	18299695	9.979300167	45.66442711
chr2	18299696	9.965656026	45.66443709
chr2	18299807	2.001083745	45.66554328
chr2	18301432	1.981261238	45.66879504
chr2	18301465	2.012618822	45.66886042
chr2	18301661	2.071282951	45.6692549
chr2	18301981	2.139115435	45.66991771
chr2	18302053	2.98506064	45.67007172
chr2	18302317	2.139334834	45.67085978
chr2	18302453	2.129576796	45.67115073
chr2	18302512	2.862903083	45.67127638
chr2	18307754	29.20491588	45.68628371
chr2	18307769	29.28864735	45.68672179
chr2	18307883	1.954310443	45.69006069
chr2	18307911	1.36453386	45.69011541
chr2	18359543	1.18693714	45.76056903
chr2	18359586	1.260324348	45.76062006
chr2	18359618	1.254025804	45.76066039
chr2	18359666	1.422476828	45.76072059
chr2	18359789	1.413602391	45.76089555
chr2	18360774	1.304686647	45.76228795
chr2	18361043	1.34950328	45.76263891
chr2	18361076	1.291930476	45.76268344
chr2	18361079	1.476691222	45.76268732
chr2	18361117	2.202386304	45.76274343
chr2	18361444	2.516445421	45.76346362
chr2	18370989	5.033571089	45.78748309
chr2	18371988	4.970750962	45.79251162
chr2	18372073	4.922270113	45.79293414
chr2	18372261	5.660454602	45.79385952
chr2	18372264	5.339662028	45.79387651
chr2	18372332	5.815922667	45.7942396
chr2	18372339	3.247380687	45.79428031
chr2	18372512	3.244280179	45.79484211
chr2	18376591	3.148931042	45.80807553
chr2	18376623	7.118328213	45.8081763
chr2	18376764	7.784756856	45.80917998
chr2	18377649	7.779178634	45.81606949
chr2	18377703	4.588199031	45.81648957
chr2	18377791	5.180214088	45.81689333
chr2	18377800	5.956572244	45.81693995
chr2	18379439	7.211880575	45.82670277
chr2	18379467	5.369168267	45.8269047
chr2	18379471	6.475977133	45.82692618
chr2	18379662	6.499251606	45.82816309
chr2	18381863	5.846488219	45.84246795
chr2	18382061	4.885941688	45.84362555
chr2	18382102	3.594372075	45.84382587
chr2	18382146	2.339063744	45.84398403
chr2	18382177	1.562705588	45.84405654
chr2	18382333	0.9675883111	45.84430032
chr2	18382336	0.9931979671	45.84430322
chr2	18382935	0.8374495185	45.84489815
chr2	18383443	0.8194834341	45.84532357
chr2	18383458	0.3223188911	45.84533586
chr2	18383565	0.5935335621	45.84537035
chr2	18383583	0.6193461173	45.84538104
chr2	18384152	0.643658342	45.84573344
chr2	18384184	0.6019754337	45.84575404
chr2	18384439	0.5562538517	45.84590754
chr2	18388453	0.5127047735	45.84814035
chr2	18388488	0.6804868554	45.84815829
chr2	18391789	0.70588785	45.85040458
chr2	18391834	0.6961203764	45.85043634
chr2	18515025	0.6705107203	45.93619211
chr2	18515044	5.300101525	45.93620485
chr2	18515171	5.273285133	45.93687796
chr2	18515198	5.830344416	45.93702034
chr2	18515229	6.004310362	45.93720108
chr2	18515329	14.60505737	45.93780151
chr2	18515345	14.62945198	45.93803519
chr2	18515778	5.284808085	45.94436975
chr2	18517397	4.003709009	45.95292585
chr2	18520215	4.646561762	45.9642083
chr2	18520365	4.6554794	45.96490529
chr2	18520767	4.019605477	45.96677679
chr2	18520878	3.442845511	45.96722297
chr2	18523922	3.418533286	45.97770299
chr2	18525275	3.060723488	45.98232826
chr2	18525501	1.308875561	45.98301999
chr2	18525563	1.342875984	45.98310114
chr2	18525568	0.901599374	45.98310785
chr2	18525649	1.145279354	45.98318088
chr2	18525664	0.739920097	45.98319806
chr2	18525815	0.8042467478	45.98330979
chr2	18525922	0.8330065943	45.98339584
chr2	18525937	0.9124213268	45.98340834
chr2	18525944	0.9411974905	45.98341472
chr2	18525981	0.9502565099	45.98344955
chr2	18577898	0.9945345703	46.03278402
chr2	18577900	0.9398338244	46.032786
chr2	18577926	0.9262007664	46.03281044
chr2	18578007	0.9777295876	46.03288546
chr2	18578040	1.028980185	46.03291773
chr2	18578047	1.073577273	46.03292493
chr2	18578641	1.384860642	46.03356264
chr2	18579433	1.434992229	46.03465944
chr2	18616266	1.423229318	46.08751451
chr2	18616285	1.432901239	46.08754156
chr2	18643945	1.300104875	46.1271756
chr2	18643953	1.248576054	46.127186
chr2	18644032	3.128379851	46.12728464
chr2	18644073	3.050051854	46.12741291
chr2	18644077	2.862743003	46.12742511
chr2	18644101	2.834055267	46.12749381
chr2	18644344	2.782804669	46.12818249
chr2	18644823	2.796064848	46.12951545
chr2	18645096	3.163588063	46.13027878
chr2	18645786	1.875214586	46.13246165
chr2	18653574	1.89219873	46.14706582
chr2	18653583	1.865637225	46.14708285
chr2	18653658	1.869435216	46.14722278
chr2	18653707	1.864324652	46.14731438
chr2	18654243	1.809044299	46.14831366
chr2	18654284	1.782627541	46.14838783
chr2	18654342	1.325326921	46.14849122
chr2	18654643	1.136416437	46.14889014
chr2	18654647	0.7928336819	46.14889469
chr2	18654903	0.7988425755	46.14909765
chr2	18654909	0.983046879	46.14910245
chr2	18654925	0.9587271722	46.14911818
chr2	18655025	0.9942714802	46.14921405
chr2	18681267	0.5466712953	46.17530572
chr2	18681589	0.6878507315	46.17548175
chr2	18766548	0.7131080501	46.23392086
chr2	18770101	0.6835786987	46.23645453
chr2	18853650	0.5929809929	46.29356685
chr2	18854575	0.5826495669	46.29411536
chr2	18858802	0.5279310507	46.29657822
chr2	18900680	0.4571302295	46.31868691
chr2	18901088	0.2625118647	46.31887342
chr2	18901090	0.1967940386	46.31887395
chr2	18901152	0.247421566	46.31888615
chr2	18901165	0.279683217	46.31888936
chr2	18901175	0.3654779747	46.31889216
chr2	18901421	0.3658340241	46.31898207
chr2	18903327	0.3987420886	46.31967935
chr2	18903349	0.4239476996	46.31968812
chr2	18968272	0.5399961384	46.34721208
chr2	18968323	0.6378147179	46.34723962
chr2	18968330	0.7723079003	46.34724408
chr2	18997690	1.116064446	46.36991904
chr2	18997730	1.436641877	46.36996368
chr2	19000121	1.442508352	46.37339869
chr2	19000153	3.080108293	46.37344485
chr2	19003125	3.070368267	46.38259894
chr2	19006157	2.50439231	46.39190829
chr2	19006492	2.215956286	46.39274726
chr2	19006495	1.030531186	46.39275391
chr2	19006529	0.6443373397	46.39278895
chr2	19006588	0.9395071273	46.39282697
chr2	19006619	0.9298526109	46.39285609
chr2	19006621	0.920435232	46.39285795
chr2	19011556	1.050536677	46.3974003
chr2	19037633	0.9467200237	46.42479514
chr2	19037675	0.5979985989	46.42483491
chr2	19037756	0.5884577945	46.42488334
chr2	19037767	0.6324128277	46.42488982
chr2	19037801	0.5345942476	46.42491132
chr2	19037880	0.587807935	46.42495355
chr2	19038005	0.6411059204	46.42502703
chr2	19038047	0.6373522594	46.42505395
chr2	19038165	0.5505796281	46.42512916
chr2	19038166	0.4432954315	46.42512971
chr2	19038185	0.7107594462	46.42513813
chr2	19038203	3.31618247	46.42515093
chr2	19038241	3.387512911	46.42527694
chr2	19038248	4.235074528	46.42530066
chr2	19038314	5.327230024	46.42558017
chr2	19038324	5.385560217	46.42563344
chr2	19038419	5.47756492	46.42614507
chr2	19038458	5.576021804	46.4263587
chr2	19038461	5.906719577	46.42637542
chr2	19041020	5.953143245	46.44149072
chr2	19041236	6.009308655	46.4427766
chr2	19041249	5.694977578	46.44285472
chr2	19044743	5.770543168	46.46275297
chr2	19078280	6.93913022	46.65627968
chr2	19078331	7.258359874	46.65663357
chr2	19078449	7.17338139	46.65749006
chr2	19078622	7.23577189	46.65873105
chr2	19084029	7.373131568	46.69785487
chr2	19084033	7.379438562	46.69788437
chr2	19084048	6.790305475	46.69799506
chr2	19084111	6.926409655	46.69842285
chr2	19084132	6.966528208	46.6985683
chr2	19101691	7.814838419	46.82089357
chr2	19101738	242.7210188	46.82126087
chr2	19101762	242.8306961	46.82708617
chr2	19101932	234.4356719	46.86836739
chr2	19101938	58.25372209	46.869774
chr2	19101978	58.20045419	46.87210415
chr2	19102801	18.456187	46.92000313
chr2	19102825	19.06770426	46.92044608
chr2	19102828	19.36604664	46.92050328
chr2	19110028	19.93983123	47.05993881
chr2	19110041	21.44440333	47.06019803
chr2	19110047	19.64088133	47.0603267
chr2	19110054	19.59395958	47.06046419
chr2	19110236	19.62492223	47.06403029
chr2	19110829	19.65605765	47.07566786
chr2	19110840	17.99885217	47.07588408
chr2	19114218	16.15372972	47.1366842
chr2	19114231	14.7991256	47.1368942
chr2	19114253	14.52319221	47.13721978
chr2	19114257	14.25175523	47.13727788
chr2	19114290	12.86756338	47.13774818
chr2	19114347	17.77275821	47.13848163
chr2	19114381	17.01844577	47.13908591
chr2	19114416	15.52198117	47.13968155
chr2	19114694	23.34700944	47.14399667
chr2	19115076	3.149662258	47.15291522
chr2	19115163	1.549883	47.15318924
chr2	19218105	1.487671213	47.3127373
chr2	19218323	1.421790646	47.31306161
chr2	19218341	1.388856109	47.3130872
chr2	19218363	1.337090672	47.31311776
chr2	19218876	1.017251334	47.31380369
chr2	19218890	0.9205105087	47.31381793
chr2	19218891	0.7937396677	47.31381885
chr2	19219385	0.7611350386	47.31421096
chr2	19219596	0.736069059	47.31437155
chr2	19219911	0.679662311	47.31460342
chr2	19219969	4.396304561	47.31464284
chr2	19219970	4.299034908	47.31464723
chr2	19219985	4.26807226	47.31471172
chr2	19220075	4.293083438	47.31509585
chr2	19220337	4.397613639	47.31622063
chr2	19220365	4.354789998	47.31634377
chr2	19220418	4.394408246	47.31657457
chr2	19220423	4.498678114	47.31659654
chr2	19221496	2.37934415	47.32142362
chr2	19221844	2.35254214	47.32225164
chr2	19222031	2.334060639	47.32269156
chr2	19222044	0.6964126142	47.3227219
chr2	19222078	0.7498152992	47.32274558
chr2	19223302	0.7626349242	47.32366336
chr2	19228300	0.7495666406	47.32747501
chr2	19285332	0.6972838549	47.37022429
chr2	19285376	0.5918410787	47.37025497
chr2	19285459	0.5399534676	47.37030409
chr2	19285495	0.4877325484	47.37032353
chr2	19285579	1.009797328	47.3703645
chr2	19285619	0.9577220584	47.37040489
chr2	19285662	2.371607546	47.37044607
chr2	19285668	3.811413231	47.3704603
chr2	19285692	4.342701481	47.37055178
chr2	19285710	5.698178331	47.37062995
chr2	19285821	5.645350976	47.37126244
chr2	19286198	6.172599952	47.37339074
chr2	19286228	8.025445999	47.37357592
chr2	19286234	10.02686371	47.37362407
chr2	19286236	9.975234674	47.37364413
chr2	19286965	12.79525098	47.38091607
chr2	19287932	12.81210498	47.39328908
chr2	19288032	11.32829525	47.39457029
chr2	19288036	10.74473852	47.3946156
chr2	19288062	8.89189247	47.39489497
chr2	19288120	11.99303023	47.3954107
chr2	19288170	7.814852587	47.39601035
chr2	19288221	7.782925526	47.39640891
chr2	19288234	8.677646343	47.39651008
chr2	19290851	6.739189999	47.41921948
chr2	19290856	6.017953162	47.41925318
chr2	19290880	4.786750392	47.41939761
chr2	19290882	4.800978286	47.41940718
chr2	19292088	2.880212945	47.42519716
chr2	19292100	2.044061456	47.42523173
chr2	19292643	1.013447734	47.42634165
chr2	19292805	1.045156863	47.42650583
chr2	19293702	0.6736406215	47.42744334
chr2	19293975	0.6760795935	47.42762724
chr2	19294503	0.6864210807	47.42798421
chr2	19294537	0.7903868036	47.42800755
chr2	19294630	1.563917341	47.42808106
chr2	19299023	0.7903868036	47.43495134
chr2	19326543	0.7812900985	47.45670279
chr2	19327222	0.628065596	47.45723328
chr2	19327283	0.5268738607	47.4572716
chr2	19327289	0.4452295072	47.45727476
chr2	19327350	0.4830057111	47.45730192
chr2	19327367	0.5378502628	47.45731013
chr2	19327409	0.5541109213	47.45733272
chr2	19327412	0.6581159674	47.45733438
chr2	19403276	0.6437730983	47.50726169
chr2	19413637	0.7370568583	47.51393182
chr2	19416322	0.6988370894	47.51591082
chr2	19417813	0.8893248703	47.51695279
chr2	19417820	3.651505585	47.51695901
chr2	19417837	6.105021576	47.51702109
chr2	19417839	6.231140477	47.5170333
chr2	19417862	6.2994859	47.51717661
chr2	19418861	6.357298681	47.5234698
chr2	19419222	1.779900735	47.52576479
chr2	19419223	1.828148235	47.52576657
chr2	19487625	1.77946806	47.65081556
chr2	19489062	1.742319817	47.65337266
chr2	19489103	1.599316693	47.65344409
chr2	19489185	1.503135071	47.65357524
chr2	19489247	1.636836285	47.65366843
chr2	19489258	1.940032991	47.65368643
chr2	19489276	5.86993463	47.65372136
chr2	19489281	5.89461674	47.65375071
chr2	19489286	5.940429967	47.65378018
chr2	19489290	6.015040124	47.65380394
chr2	19489553	6.082792234	47.6553859
chr2	19489654	9.883184236	47.65600026
chr2	19490065	17.23738725	47.66006225
chr2	19490110	13.17422029	47.66083793
chr2	19490512	9.300383544	47.66613397
chr2	19490523	17.61294374	47.66623627
chr2	19490739	2.03042225	47.67004067
chr2	19490776	1.991586596	47.67011579
chr2	19490779	2.082647498	47.67012177
chr2	19527925	1.684788315	47.74748379
chr2	19528025	1.608667374	47.74765227
chr2	19528096	1.442241931	47.74776648
chr2	19528101	1.425313461	47.7477737
chr2	19528114	1.93091079	47.74779222
chr2	19529717	1.620924631	47.75088747
chr2	19534124	1.531235265	47.75803089
chr2	19534816	1.778209584	47.7590905
chr2	19534835	1.198002096	47.75912429
chr2	19536387	1.181741439	47.76098359
chr2	19536417	1.123928658	47.76101904
chr2	19547817	1.09334655	47.77383183
chr2	19547855	1.035366075	47.77387338
chr2	19548373	0.9732442827	47.77440969
chr2	19548465	0.969442497	47.77449923
chr2	19548575	0.7224681783	47.77460587
chr2	19548706	0.6393175942	47.77470052
chr2	19548742	0.7214854888	47.77472353
chr2	19548775	0.6805606857	47.77474734
chr2	19549100	0.7264849451	47.77496852
chr2	19549116	0.7699986999	47.77498015
chr2	19549132	0.8159428283	47.77499247
chr2	19549142	0.902640648	47.77500063
chr2	19549168	0.8894858047	47.77502409
chr2	19549194	0.8313535722	47.77504722
chr2	19549220	1.156120136	47.77506884
chr2	19549228	1.165460787	47.77507808
chr2	19549393	1.255241245	47.77527039
chr2	19549459	1.224292808	47.77535323
chr2	19549669	1.433638678	47.77561033
chr2	19550162	1.378022972	47.77631712
chr2	19551223	1.42530379	47.7777792
chr2	19551292	1.47463555	47.77787755
chr2	19561494	1.197780437	47.79292178
chr2	19561497	1.210534866	47.79292537
chr2	19620000	1.162847313	47.86374529
chr2	19620145	1.039779502	47.8639139
chr2	19620175	1.041993842	47.8639451
chr2	19621982	1.128884495	47.86582798
chr2	19622790	1.112191696	47.86674012
chr2	19622799	1.066306504	47.86675013
chr2	19622819	0.9172026734	47.86677146
chr2	19622983	0.870852458	47.86692188
chr2	19622986	0.8574660983	47.86692449
chr2	19623020	0.8470330054	47.86695364
chr2	19623073	0.8504198502	47.86699854
chr2	19623094	0.7639356204	47.86701639
chr2	19627055	0.775872711	47.87004234
chr2	19627209	0.7323589565	47.87016183
chr2	19627218	0.7331974044	47.87016842
chr2	19627259	0.6947227472	47.87019848
chr2	19627398	0.732802464	47.87029505
chr2	19627402	0.8377317872	47.87029798
chr2	19627441	0.9580116243	47.87033065
chr2	19627479	1.055186826	47.87036705
chr2	19627482	1.020438638	47.87037022
chr2	19627509	0.9888938534	47.87039777
chr2	19627538	1.001018347	47.87042645
chr2	19627547	1.01314323	47.87043546
chr2	19627582	0.9698219695	47.87047092
chr2	19627974	1.066986058	47.87085109
chr2	19627995	1.166419557	47.8708735
chr2	19628011	1.175081048	47.87089216
chr2	19628030	1.178018334	47.87091448
chr2	19628040	1.475717884	47.87092626
chr2	19628061	1.772177562	47.87095725
chr2	19630718	1.900865589	47.87566593
chr2	19630893	1.912967931	47.87599858
chr2	19654244	1.783099712	47.9206683
chr2	19657568	1.850092056	47.92659532
chr2	19661090	1.763201403	47.93311134
chr2	19661590	1.906202034	47.93399294
chr2	19662448	1.531769612	47.93562847
chr2	19662496	1.596780915	47.93570199
chr2	19662518	1.619768514	47.93573712
chr2	19662766	1.523572628	47.93613882
chr2	19662770	1.537420348	47.93614492
chr2	19662947	1.445222458	47.93641704
chr2	19663284	6.218917805	47.93690408
chr2	19663289	6.319716785	47.93693517
chr2	19663987	1.292551533	47.94134634
chr2	19664769	1.294425365	47.94235711
chr2	19664796	1.250161953	47.94239206
chr2	19708260	1.191875971	47.9967291
chr2	19708292	1.162926876	47.99676724
chr2	19708359	1.346939514	47.99684516
chr2	19708374	1.36807407	47.99686536
chr2	19708626	1.349040675	47.99721012
chr2	19708803	1.466435422	47.9974489
chr2	19716635	1.304888737	48.00893402
chr2	19716848	1.340121102	48.00921196
chr2	19717044	1.351286823	48.00947462
chr2	19717056	1.299250492	48.00949084
chr2	19753527	1.35132757	48.0568758
chr2	19753664	1.417438699	48.05706094
chr2	19753669	1.492358808	48.05706802
chr2	19753711	1.513378419	48.0571307
chr2	19753763	1.534890815	48.0572094
chr2	19758063	1.592282924	48.06380943
chr2	19823345	1.580111876	48.16775684
chr2	19866251	1.547380058	48.23555312
chr2	19866708	1.525920373	48.23626027
chr2	19866745	2.985568599	48.23631673
chr2	19866987	3.14064	48.23703924
chr2	19869159	1.758408218	48.24386071
chr2	19907625	1.655843682	48.31149964
chr2	19907807	1.488530429	48.31180101
chr2	19908162	1.452688123	48.31232943
chr2	19911665	1.28469919	48.3174182
chr2	19911675	1.242915776	48.31743105
chr2	19911724	0.8903526373	48.31749195
chr2	19913027	0.6751552523	48.31865208
chr2	19914102	0.6835502481	48.31937787
chr2	19914128	0.7152340518	48.31939564
chr2	19914393	0.6898758676	48.31958518
chr2	20014196	0.6559265834	48.38843686
chr2	20016282	0.632394528	48.38980512
chr2	20016305	0.6010748754	48.38981967
chr2	20016327	0.9234927808	48.38983289
chr2	20016352	0.9030583564	48.38985598
chr2	20016465	1.584776792	48.38995803
chr2	20016574	2.301830949	48.39013077
chr2	20018397	2.292261827	48.394327
chr2	20020101	2.297183079	48.39823302
chr2	20020336	2.288521588	48.39877286
chr2	20020354	2.269468137	48.39881405
chr2	20021030	12.00620066	48.40034821
chr2	20021220	12.66442751	48.40262939
chr2	20021313	12.54581545	48.40380718
chr2	20021379	2.693300464	48.4046352
chr2	20021424	2.623134678	48.4047564
chr2	20022905	2.645887099	48.40864127
chr2	20023612	2.619532653	48.41051191
chr2	20025982	1.917892201	48.4167202
chr2	20026011	1.205945909	48.41677582
chr2	20026720	0.2291543318	48.41763083
chr2	20026758	0.2425720791	48.41763954
chr2	20027314	0.480964407	48.41777441
chr2	20058187	0.5488285243	48.43262323
chr2	20058242	0.4677559075	48.43265341
chr2	20059145	0.4968222724	48.4330758
chr2	20115016	0.458076068	48.46083375
chr2	20115023	0.4193329551	48.46083696
chr2	20115225	0.4267205733	48.46092166
chr2	20118620	0.506157032	48.46237038
chr2	20169970	0.4836223602	48.48836154
chr2	20169994	0.4532296331	48.48837315
chr2	20170118	0.4003876869	48.48842935
chr2	20171297	0.3808555695	48.48890141
chr2	20172257	0.3581031481	48.48926703
chr2	20174380	0.3500252532	48.49002728
chr2	20174385	0.3615393461	48.49002903
chr2	20174933	0.325611874	48.49022716
chr2	20175036	0.3439541268	48.4902607
chr2	20176016	0.2927993722	48.49059777
chr2	20176054	0.2806848748	48.4906089
chr2	20176166	0.3121532544	48.49064033
chr2	20176235	0.3185782107	48.49066187
chr2	20176276	0.3123799317	48.49067493
chr2	20176357	0.3344607493	48.49070024
chr2	20176951	0.3506140375	48.49089891
chr2	20177177	0.4036294676	48.49097815
chr2	20177181	0.5878205908	48.49097976
chr2	20200689	0.69950751	48.50479825
chr2	20224855	0.7060376839	48.52170254
chr2	20408184	0.6791549684	48.65113973
chr2	20408236	0.6350348132	48.65117504
chr2	20408419	0.6469040662	48.65129125
chr2	20453758	0.8275898576	48.68062124
chr2	20537964	1.243974152	48.75030927
chr2	20538681	1.288904277	48.7512012
chr2	20538697	1.428362687	48.75122182
chr2	20558569	1.395941284	48.77960624
chr2	20559191	1.387046009	48.78047452
chr2	20559366	1.645517025	48.78071725
chr2	20559465	2.544803008	48.78088016
chr2	20559473	2.588359272	48.78090052
chr2	20571210	4.253288057	48.81128009
chr2	20572061	4.301150341	48.81489964
chr2	20572072	4.283939923	48.81494695
chr2	20572757	4.998209026	48.81788145
chr2	20572776	4.759628912	48.81797642
chr2	20573251	3.13155666	48.82023724
chr2	20573291	3.110975342	48.8203625
chr2	20574064	3.200452153	48.82276729
chr2	20575125	3.358203226	48.82616297
chr2	20575200	3.342278026	48.82641483
chr2	20575323	3.249539648	48.82682593
chr2	20575336	1.811551307	48.82686818
chr2	20575348	1.406739039	48.82688991
chr2	20577502	1.429606387	48.82992003
chr2	20624239	1.453431626	48.89673554
chr2	20624241	1.361455261	48.89673845
chr2	20624294	1.0575856	48.89681061
chr2	20624314	0.9376781606	48.89683176
chr2	20624644	0.9856314294	48.89714119
chr2	20624701	1.036395852	48.89719737
chr2	20624707	1.024064867	48.89720359
chr2	20626402	1.020678022	48.89893938
chr2	20626444	0.8452757792	48.89898225
chr2	20629048	0.934303624	48.90118335
chr2	20629085	0.8710816172	48.90121792
chr2	20629316	0.7737853823	48.90141914
chr2	20685884	1.366481425	48.94519063
chr2	20685908	1.269120997	48.94522343
chr2	20685952	1.213693979	48.94527927
chr2	20685960	1.182362775	48.94528898
chr2	20687197	1.106595621	48.94675156
chr2	20687234	1.829598738	48.9467925
chr2	20687397	1.930982498	48.94709073
chr2	20687963	2.273024218	48.94818366
chr2	20687978	2.750355487	48.94821776
chr2	20691640	2.106049951	48.95828956
chr2	20691780	2.14040277	48.95858441
chr2	20691840	2.551494803	48.95871283
chr2	20692111	2.555875778	48.95940429
chr2	20692113	2.739687085	48.9594094
chr2	20692144	2.797253408	48.95949433
chr2	20692146	2.983227558	48.95949992
chr2	20692969	3.048207377	48.96195512
chr2	20694715	3.008361772	48.96727729
chr2	20694809	2.188611648	48.96756008
chr2	20710011	2.080008016	49.00083135
chr2	20710356	2.040333068	49.00154895
chr2	20710378	1.616075638	49.00159384
chr2	20710418	1.724118677	49.00165848
chr2	20710593	1.57385913	49.0019602
chr2	20710600	1.38512657	49.00197122
chr2	20710619	1.582324786	49.00199754
chr2	20744160	1.521840651	49.05507029
chr2	20744180	1.3369909	49.05510073
chr2	20745083	0.8761459052	49.05630803
chr2	20745106	0.7187009479	49.05632819
chr2	20745113	0.6545479597	49.05633322
chr2	20745227	0.6420443303	49.05640783
chr2	20745264	0.5756476847	49.05643159
chr2	20745292	1.936009514	49.05644771
chr2	20745312	2.523623137	49.05648643
chr2	20746247	2.699115198	49.05884602
chr2	20747958	1.424501675	49.0634642
chr2	20749841	2.146200618	49.06614654
chr2	20749874	2.267529158	49.06621736
chr2	20749898	2.422449226	49.06627178
chr2	20749925	2.450909428	49.06633719
chr2	20750545	2.610594102	49.06785675
chr2	20750633	2.699140097	49.06808649
chr2	20750679	2.591259393	49.06821065
chr2	20751223	2.684379947	49.06962029
chr2	20752919	2.301472855	49.074173
chr2	20753101	2.47217859	49.07459187
chr2	20753167	2.504154272	49.07475503
chr2	20753200	2.611279509	49.07483767
chr2	20753234	2.672589209	49.07492645
chr2	20784662	2.627069127	49.15892059
chr2	20784915	2.502499868	49.15958523
chr2	20784921	2.206074793	49.15960025
chr2	20786427	2.075234229	49.1629226
chr2	20858151	2.06653208	49.3117667
chr2	20859439	1.910852166	49.31442839
chr2	20859461	1.788085754	49.31447043
chr2	20859487	1.726083625	49.31451692
chr2	20859499	1.574617424	49.31453763
chr2	20865307	1.516699757	49.32368301
chr2	20865393	1.487292047	49.32381345
chr2	20865405	1.499892123	49.3238313
chr2	20865441	1.441086624	49.32388529
chr2	20865523	1.452338322	49.32400346
chr2	20865691	1.41026989	49.32424745
chr2	20865828	1.276534543	49.32444066
chr2	20869156	1.035256697	49.32868897
chr2	20869250	1.268387847	49.32878628
chr2	20869264	1.171104511	49.32880404
chr2	20869294	1.143488075	49.32883917
chr2	20869324	1.025887006	49.32887348
chr2	20869357	0.9639398977	49.32890733
chr2	20869620	0.5539905386	49.32916085
chr2	20869899	0.7712608828	49.32931541
chr2	20875114	0.7771271241	49.33333754
chr2	20882904	0.7307823232	49.33939136
chr2	20883689	0.7431915425	49.33996502
chr2	20883736	0.5092384256	49.33999995
chr2	20883744	0.5149530568	49.34000402
chr2	20883826	0.2709427668	49.34004625
chr2	20885287	0.2825146114	49.3404421
chr2	20885374	0.2882463906	49.34046668
chr2	20885644	0.2816640753	49.3405445
chr2	20885725	0.2888946094	49.34056732
chr2	20885826	0.2961266977	49.3405965
chr2	20886215	0.3166405307	49.34071169
chr2	20886629	0.3901690989	49.34084278
chr2	20886943	0.3959105043	49.34096529
chr2	21094966	0.4095807336	49.42332378
chr2	21204686	0.4468370279	49.46826298
chr2	21262683	0.5890507008	49.49417819
chr2	21270224	0.5802016382	49.49862022
chr2	21345363	0.6311319248	49.54221599
chr2	21349683	0.675439821	49.54494248
chr2	21349699	0.6933236258	49.54495329
chr2	21352803	0.7113492557	49.54710536
chr2	21353658	0.770909487	49.54771357
chr2	21355693	0.8916548973	49.54928237
chr2	21355767	1.495509854	49.54934835
chr2	21355770	1.514369541	49.54935284
chr2	21420629	1.667406972	49.64757333
chr2	21424084	1.759594521	49.65333422
chr2	21424230	1.753306411	49.65359112
chr2	21425835	1.817458188	49.65640518
chr2	21463970	2.091292539	49.72571395
chr2	21464804	2.303536206	49.72745809
chr2	21465038	2.13930025	49.72799711
chr2	21465300	3.305920722	49.72855761
chr2	21466276	5.588069581	49.73178419
chr2	21466514	8.80227014	49.73311415
chr2	21467765	4.753439703	49.74412579
chr2	21468158	4.787137232	49.74599389
chr2	21469035	3.877332774	49.75019221
chr2	21469291	3.885424897	49.75118481
chr2	21469414	3.868987499	49.75166271
chr2	21469542	3.857735802	49.75215794
chr2	21469928	3.851914243	49.75364703
chr2	21478230	3.954047062	49.78562562
chr2	21478233	3.926299608	49.78563749
chr2	21478254	3.985437452	49.78571994
chr2	21478259	4.249587813	49.78573986
chr2	21478379	4.216158769	49.78624982
chr2	21478469	4.188464684	49.78662927
chr2	21478805	1.760793127	49.78803659
chr2	21478843	1.977097358	49.7881035
chr2	21478883	1.733745585	49.78818259
chr2	21534524	4.535236582	49.88464993
chr2	21535715	4.247762409	49.89005139
chr2	21535749	6.103379118	49.89019582
chr2	21535935	6.038649176	49.89133104
chr2	21535949	7.75189254	49.89141559
chr2	21535957	8.310059369	49.8914776
chr2	21536828	8.252040286	49.89871566
chr2	21536835	7.953500974	49.89877343
chr2	21538477	9.601977325	49.91183308
chr2	21538483	9.58397881	49.91189069
chr2	21538493	9.516585316	49.91198653
chr2	21538528	9.456245234	49.91231961
chr2	21539357	8.753137506	49.92015884
chr2	21539544	7.045241278	49.92179567
chr2	21539679	6.386052209	49.92274678
chr2	21539710	6.349694639	49.92294475
chr2	21539782	5.415966587	49.92340193
chr2	21539801	5.360750318	49.92350483
chr2	21539817	2.009195622	49.9235906
chr2	21539829	1.54911792	49.92361471
chr2	21539862	1.95976682	49.92366583
chr2	21539866	1.914993451	49.92367367
chr2	21540011	4.639977421	49.92395134
chr2	21540650	5.107265602	49.92691629
chr2	21540676	5.484845186	49.92704908
chr2	21540692	5.650316535	49.92713684
chr2	21540694	5.59537612	49.92714814
chr2	21541319	5.660802562	49.93064525
chr2	21541988	6.233455014	49.93443232
chr2	21542045	6.804638712	49.93478763
chr2	21547922	5.584795917	49.97477849
chr2	21548031	3.769626436	49.97538724
chr2	21548095	10.82348253	49.97562849
chr2	21548137	10.41283363	49.97608308
chr2	21548975	5.775582497	49.98480903
chr2	21548992	2.010060977	49.98490722
chr2	21549020	1.632869318	49.9849635
chr2	21558656	1.594844143	50.00069783
chr2	21558658	1.426316047	50.00070102
chr2	21558661	1.195125291	50.0007053
chr2	21558690	1.006487584	50.00073996
chr2	21560929	1.030824917	50.00299348
chr2	21561228	0.876698103	50.0033017
chr2	21561260	0.7062894148	50.00332975
chr2	21561508	0.8403169777	50.00350491
chr2	21561531	0.8527147557	50.00352424
chr2	21561534	5.531068572	50.0035268
chr2	21562002	5.545418981	50.00611534
chr2	21562011	5.3390418	50.00616525
chr2	21562228	0.4550273349	50.00732382
chr2	21637419	0.4720959366	50.04153778
chr2	21637554	0.4333919926	50.04160151
chr2	21637601	0.6201063059	50.04162188
chr2	21637602	0.6707910613	50.0416225
chr2	21647201	0.681096388	50.04806142
chr2	21647360	0.6986442891	50.04816972
chr2	21798763	0.7695643609	50.15394656
chr2	21798798	0.7552139512	50.15397349
chr2	21798804	0.7341341967	50.15397803
chr2	21835622	0.611099257	50.18100738
chr2	21835697	2.757686852	50.18105321
chr2	21836015	2.732873591	50.18193016
chr2	21836043	2.715749597	50.18200668
chr2	21836505	2.698680995	50.18326135
chr2	21837251	2.652294203	50.18527457
chr2	21837274	0.4539535794	50.18533557
chr2	21837359	0.9152740522	50.18537416
chr2	21837447	0.9029368139	50.1854547
chr2	21837450	1.798748307	50.18545741
chr2	21837471	2.690877383	50.18549518
chr2	21842963	3.116333706	50.20027348
chr2	21843149	5.118947423	50.20085312
chr2	21844359	4.16636392	50.20704705
chr2	21844781	4.193003511	50.20880525
chr2	21844796	2.342567195	50.20886815
chr2	21845089	2.301660068	50.20955452
chr2	21845092	3.420757609	50.20956142
chr2	21845263	4.205444032	50.21014637
chr2	21850260	4.212088511	50.23116098
chr2	21850950	2.290034358	50.23406732
chr2	21851368	2.318605351	50.23502455
chr2	21851435	1.782877832	50.2351799
chr2	21857526	1.613615048	50.24603941
chr2	21857560	2.255940372	50.24609427
chr2	21857608	2.04370717	50.24620256
chr2	21857612	2.704394373	50.24621073
chr2	21860715	2.733568543	50.25460247
chr2	21860717	2.513682451	50.25460793
chr2	21860766	2.154005805	50.25473111
chr2	21862671	1.48230791	50.25883449
chr2	21862768	1.511580595	50.25897827
chr2	21862808	1.543192187	50.25903873
chr2	21862810	1.574804366	50.25904182
chr2	21863437	0.6086909707	50.26002922
chr2	21863442	0.6941355626	50.26003227
chr2	21970304	0.5921271249	50.33420898
chr2	21970330	0.6889649503	50.33422438
chr2	21972340	0.7688161031	50.3356092
chr2	21972402	0.709612318	50.33565686
chr2	21976945	0.8061588782	50.33888063
chr2	21977192	0.9730716137	50.33907975
chr2	21978367	1.176258178	50.34022311
chr2	21978454	1.11716918	50.34032545
chr2	21978461	1.087625195	50.34033327
chr2	21978702	1.113752518	50.34059538
chr2	21978853	1.084479833	50.34076356
chr2	21978870	1.263055672	50.340782
chr2	21979086	1.531268282	50.34105482
chr2	21979088	2.692954673	50.34105788
chr2	21981925	2.668252932	50.34869779
chr2	21981941	1.610053896	50.34874048
chr2	21981957	1.84292942	50.34876624
chr2	21996403	1.86872296	50.3753892
chr2	21996435	2.293381752	50.375449
chr2	21996549	2.060506228	50.37571045
chr2	21996588	2.07873871	50.37579081
chr2	21997899	1.900162871	50.37851603
chr2	22004216	1.799881939	50.39051936
chr2	22004250	1.693391194	50.39058056
chr2	22004256	1.497816545	50.39059072
chr2	22004372	1.477480457	50.39076446
chr2	22004389	1.356218882	50.39078958
chr2	22004419	1.388885571	50.39083027
chr2	22004425	1.150652491	50.3908386
chr2	22004437	0.7757569675	50.39085241
chr2	22004868	0.9858849287	50.39118676
chr2	22004877	1.195362301	50.39119563
chr2	22004904	1.228081202	50.39122791
chr2	22004941	1.338108326	50.39127335
chr2	22004954	1.494775898	50.39129074
chr2	22005564	1.437159446	50.39220256
chr2	22047716	1.485660362	50.4527817
chr2	22048174	1.538484433	50.45346213
chr2	22048312	1.569132058	50.45367444
chr2	22048328	1.812233201	50.45369955
chr2	22048334	1.695161522	50.45371042
chr2	22048363	1.707802772	50.45375958
chr2	22048379	1.726781369	50.45378691
chr2	22051495	1.759193361	50.45916756
chr2	22051655	1.873137524	50.45944903
chr2	22051668	1.997456991	50.45947338
chr2	22052279	2.111315405	50.46069383
chr2	22052450	1.900921677	50.46105486
chr2	22108436	2.144983499	50.56747986
chr2	22108443	2.11231681	50.56749488
chr2	22108448	2.055746538	50.56750544
chr2	22108528	2.022962295	50.5676699
chr2	22108533	3.227156168	50.56768001
chr2	22108762	4.400012177	50.56841903
chr2	22109389	4.776808876	50.57117784
chr2	22109394	4.793029095	50.57120172
chr2	22109433	4.815077055	50.57138865
chr2	22109858	4.756693129	50.57343506
chr2	22109892	4.685584716	50.57359679
chr2	22112103	4.680276128	50.58395662
chr2	22112117	4.648570152	50.58402214
chr2	22112243	4.611832974	50.58460786
chr2	22112363	3.728768109	50.58516128
chr2	22112503	3.675944038	50.58568331
chr2	22112511	3.652044082	50.58571271
chr2	22112816	3.660078722	50.58682659
chr2	22112828	3.604674297	50.58687051
chr2	22114915	3.637041656	50.59439346
chr2	22115314	3.679305775	50.59584464
chr2	22115977	5.609250483	50.59828402
chr2	22116848	5.153677396	50.60316968
chr2	22116869	5.084794687	50.60327791
chr2	22116872	5.054571716	50.60329316
chr2	22116955	5.110736301	50.60371269
chr2	22116979	4.593129178	50.60383535
chr2	22117114	4.579680608	50.60445542
chr2	22117163	4.131652099	50.60467983
chr2	22117747	4.148689379	50.60709271
chr2	22117773	3.918448236	50.60720058
chr2	22117779	3.90319865	50.60722409
chr2	22117801	1.664254678	50.60730996
chr2	22118149	1.596361485	50.60788912
chr2	22119593	1.315725766	50.61019427
chr2	22219395	1.143395723	50.74150633
chr2	22219901	1.051443751	50.74208489
chr2	22219927	1.036241269	50.74211222
chr2	22219974	0.911246252	50.74216093
chr2	22262743	0.8993563169	50.78113402
chr2	22263557	0.8919340276	50.78186609
chr2	22263596	0.8140348104	50.78190088
chr2	22269934	0.8060726758	50.78706023
chr2	22275041	0.7856364231	50.79117685
chr2	22276099	0.8146182537	50.79200805
chr2	22276118	0.859827234	50.79202353
chr2	22276151	0.8386120577	50.7920519
chr2	22307863	0.8894144266	50.81864597
chr2	22316150	0.9023291728	50.82601654
chr2	22316183	0.8914134833	50.82604632
chr2	22316508	0.8622934861	50.82633603
chr2	22317175	0.8496522364	50.82691118
chr2	22317190	0.833299477	50.82692392
chr2	22317199	0.7101499561	50.82693142
chr2	22317233	0.7157251132	50.82695557
chr2	22317251	0.6945368878	50.82696845
chr2	22318659	0.6780855639	50.82794636
chr2	22318893	0.7279403668	50.82810503
chr2	22318903	0.8006741027	50.82811231
chr2	22319079	0.7674197597	50.82825323
chr2	22319113	1.144023224	50.82827932
chr2	22319189	1.258208673	50.82836627
chr2	22361680	0.9179272737	50.88182881
chr2	22361682	0.8831160947	50.88183065
chr2	22361812	0.9894369124	50.88194545
chr2	22361846	1.209572283	50.88197909
chr2	22361905	1.319850717	50.88205046
chr2	22392678	1.307530163	50.92266623
chr2	22392719	0.9771163584	50.92271983
chr2	22393267	8.978366901	50.92325529
chr2	22393349	9.003913907	50.92399152
chr2	22393368	9.144720459	50.92416259
chr2	22393404	9.147583477	50.9244918
chr2	22393426	9.161426649	50.92469305
chr2	22393507	9.119889186	50.92543513
chr2	22393523	9.130580611	50.92558105
chr2	22393686	1.444760457	50.92706933
chr2	22393691	1.40458949	50.92707655
chr2	22393719	1.376998858	50.92711588
chr2	22393773	1.706216558	50.92719024
chr2	22393785	1.713226561	50.92721071
chr2	22393801	1.810717757	50.92723813
chr2	22393877	1.884830454	50.92737574
chr2	22441628	1.388298342	51.01737828
chr2	22441641	0.9504295447	51.01739633
chr2	22442127	0.8101229846	51.01785824
chr2	22442146	0.6696264411	51.01787363
chr2	22442159	0.6714575325	51.01788233
chr2	22442180	0.5316692085	51.01789643
chr2	22442227	0.6329212466	51.01792142
chr2	22442381	0.5288848729	51.01801889
chr2	22446537	0.5753136095	51.02021694
chr2	22446563	0.511049002	51.0202319
chr2	22447412	0.5693565546	51.02066578
chr2	22447486	0.6894229687	51.02070791
chr2	22448247	0.6740705849	51.02123256
chr2	22475458	0.5529082213	51.0395747
chr2	22475788	0.3988482357	51.03975715
chr2	22711359	0.3825198285	51.13371423
chr2	22720954	0.3547988586	51.13738451
chr2	22725604	0.3003888985	51.13903432
chr2	22728848	0.28696078	51.14000879
chr2	22729746	0.3126962991	51.14026648
chr2	22734237	0.2764749297	51.1416708
chr2	22735366	0.2633839912	51.14198294
chr2	22777961	0.2844623073	51.15320178
chr2	22848236	0.261140369	51.17319237
chr2	22878538	0.2377611459	51.18110544
chr2	22879385	0.3062233127	51.18130683
chr2	22926737	0.3169933172	51.19580711
chr2	22926744	0.2666658387	51.19580933
chr2	22929020	0.1982036719	51.19641626
chr2	22939161	0.1819769468	51.19842625
chr2	22939175	0.1810226258	51.19842879
chr2	22940742	0.2713355881	51.19871246
chr2	22940765	0.3370510832	51.1987187
chr2	22972326	0.3346789376	51.20935637
chr2	22972339	0.3187165899	51.20936072
chr2	22974333	0.3445947575	51.20999624
chr2	22979976	0.3673430666	51.21194079
chr2	22980811	0.380718015	51.21224752
chr2	23087112	0.3247700095	51.25271822
chr2	23090836	0.2916494016	51.25392767
chr2	23090851	0.2710236984	51.25393204
chr2	23090866	0.2382396896	51.25393611
chr2	23091120	0.3414407335	51.25399662
chr2	23091162	18.93304859	51.25401096
chr2	23091240	19.04681603	51.25548774
chr2	23091345	0.6305282109	51.25748765
chr2	23091923	0.7654170512	51.2578521
chr2	23091929	0.750019367	51.25785669
chr2	23092016	0.8703934148	51.25792194
chr2	23092128	0.8479466914	51.25801943
chr2	23092164	0.9653458849	51.25804995
chr2	23117050	0.9460696013	51.28207355
chr2	23117115	0.8703268517	51.28213505
chr2	23121109	0.8848469469	51.28561113
chr2	23122923	0.9158709367	51.28721624
chr2	23122965	1.057690192	51.28725471
chr2	23123032	1.166561105	51.28732557
chr2	23123060	1.353288789	51.28735824
chr2	23129199	1.35945724	51.29566608
chr2	23129355	1.428372874	51.29587815
chr2	23129379	1.713728299	51.29591243
chr2	23129604	1.801025213	51.29629802
chr2	23165576	1.721277738	51.3610845
chr2	23166105	1.415824184	51.36199506
chr2	23166141	1.370392347	51.36204603
chr2	23166190	1.278079733	51.36211318
chr2	23166260	1.358569865	51.36220264
chr2	23166277	1.313330969	51.36222574
chr2	23168527	1.311367093	51.36518073
chr2	23168530	1.80157167	51.36518467
chr2	23168554	1.821185383	51.36522791
chr2	23169070	1.929647696	51.36616764
chr2	23169099	1.983268633	51.3662236
chr2	23169457	2.029917269	51.36693361
chr2	23169458	2.141337557	51.36693564
chr2	23228577	2.027270071	51.49352937
chr2	23230776	3.996573263	51.49798734
chr2	23230861	4.02856349	51.49832705
chr2	23230892	3.961614042	51.49845193
chr2	23231005	3.822791536	51.4988996
chr2	23231970	3.729430311	51.50258859
chr2	23231972	3.665115123	51.50259605
chr2	23232072	3.751951589	51.50296256
chr2	23232073	3.637975252	51.50296631
chr2	23232420	3.584788217	51.50422869
chr2	23232455	1.499722386	51.50435416
chr2	23232472	1.347097661	51.50437965
chr2	23232742	1.29417734	51.50474337
chr2	23233063	1.333235288	51.5051588
chr2	23233072	1.794473821	51.5051708
chr2	23233093	1.877068138	51.50520848
chr2	23233280	2.561834151	51.50555949
chr2	23233282	2.717240982	51.50556462
chr2	23233321	2.833559174	51.50567059
chr2	23234877	3.121850491	51.51007961
chr2	23241840	2.836641599	51.53181705
chr2	23241956	2.879860377	51.5321461
chr2	23242200	2.5833812	51.53284879
chr2	23242254	2.946475741	51.53298829
chr2	23242302	2.357305876	51.53312972
chr2	23257406	2.05563961	51.56873447
chr2	23257896	1.897057403	51.56974173
chr2	23258088	1.764489243	51.57010597
chr2	23258108	1.912254693	51.57014126
chr2	23258157	1.938388205	51.57023496
chr2	23258292	1.808787913	51.57049664
chr2	23262501	1.583257665	51.57810983
chr2	23262535	1.566277058	51.57816366
chr2	23262550	1.484983866	51.57818715
chr2	23315824	1.401256052	51.65729819
chr2	23319094	1.35700509	51.66188029
chr2	23319095	1.374710549	51.66188165
chr2	23319741	1.220855521	51.66276971
chr2	23319845	1.122291215	51.66289668
chr2	23320065	0.9158814972	51.66314359
chr2	23320472	0.8752017816	51.66351635
chr2	23320496	0.7913687125	51.66353735
chr2	23320520	0.6167527554	51.66355635
chr2	23320577	0.5778267948	51.6635915
chr2	23320582	0.5346080153	51.66359439
chr2	23320588	0.4956869581	51.6635976
chr2	23320592	0.4627960613	51.66359958
chr2	23320699	0.4529852841	51.6636491
chr2	23320881	0.4957142318	51.66373154
chr2	23320894	0.4999956169	51.66373799
chr2	23320951	0.5534431215	51.66376649
chr2	23346917	0.5579913303	51.67813719
chr2	23346940	0.6091049651	51.67815003
chr2	23346955	0.6942092173	51.67815916
chr2	23348114	0.7070745962	51.67896375
chr2	23348138	0.7529306092	51.67898072
chr2	23348469	0.7790244278	51.67922994
chr2	23348472	0.8046392956	51.67923228
chr2	23348502	0.9607503399	51.67925642
chr2	23348589	1.039102188	51.67934
chr2	23349788	1.06546116	51.68058589
chr2	23351163	1.092104303	51.68205089
chr2	23473602	1.460783879	51.81576705
chr2	23478696	1.265225239	51.82320829
chr2	23478705	1.239678795	51.82321967
chr2	23478708	1.192354769	51.82322339
chr2	23478724	2.567554951	51.82324247
chr2	23478882	2.673290207	51.82364814
chr2	23480556	2.925560029	51.82812323
chr2	23481133	2.900237398	51.82981128
chr2	23481134	2.874622531	51.82981418
chr2	23481195	1.943919798	51.82998953
chr2	23481200	1.94079594	51.82999925
chr2	23481410	2.057277608	51.83040682
chr2	23481413	2.066617864	51.83041299
chr2	23510470	1.697938288	51.89046271
chr2	23510583	1.430030923	51.89065457
chr2	23510766	1.258460219	51.89091627
chr2	23510918	1.153000606	51.89110755
chr2	23511015	0.9096866336	51.8912194
chr2	23511020	0.5578998286	51.89122394
chr2	23511422	0.5598790728	51.89144822
chr2	23511709	0.5214870298	51.89160891
chr2	23512362	0.5417199541	51.89194944
chr2	23516152	0.5525200833	51.89400255
chr2	23546025	0.3712607569	51.91050799
chr2	23612243	0.3467488482	51.93509213
chr2	23613429	0.2884898518	51.93550338
chr2	23627758	0.277445988	51.93963715
chr2	23627774	0.2410958293	51.93964159
chr2	23627890	0.2236919638	51.93966955
chr2	23629224	1.312543484	51.93996796
chr2	23632161	5.274464861	51.9438229
chr2	23632196	5.265163067	51.94400751
chr2	23632258	4.145149998	51.94433395
chr2	23632407	4.105811714	51.94495157
chr2	23632462	4.194315937	51.94517739
chr2	23633014	0.3544410094	51.94749265
chr2	23633246	0.3733856529	51.94757489
chr2	23633365	0.4085719811	51.94761932
chr2	23633834	0.4637285408	51.94781094
chr2	23669611	0.491832079	51.96440175
chr2	23670770	0.5147344719	51.96497179
chr2	23670857	0.4262302487	51.96501657
chr2	23680086	0.4266393255	51.96895025
chr2	23680141	0.4562441903	51.96897371
chr2	23680205	0.3985569946	51.96900291
chr2	23680312	0.3064791793	51.96904556
chr2	23706356	0.2596227819	51.9770275
chr2	23710130	0.273967137	51.97800732
chr2	23729940	0.2765888647	51.98343461
chr2	23812559	0.3125992462	52.0062861
chr2	23812617	0.3042764831	52.00630423
chr2	23819144	0.3235766893	52.00829025
chr2	23906924	0.8539938654	52.03669381
chr2	23912557	0.2222617294	52.04150436
chr2	23912575	0.2102691136	52.04150836
chr2	23912631	0.3536126123	52.04152013
chr2	23912641	0.3751408178	52.04152367
chr2	23917154	0.4036866102	52.04321668
chr2	23917159	0.5786665851	52.0432187
chr2	23917494	0.7903928534	52.04341255
chr2	24035998	0.7331233924	52.13707726
chr2	24036195	0.9063631548	52.13722169
chr2	24040879	0.8798666819	52.1414671
chr2	24042647	0.8734124523	52.1430227
chr2	24042870	1.237978652	52.14321747
chr2	24043238	1.061654121	52.14367305
chr2	24043294	1.034642041	52.1437325
chr2	24043316	1.212227245	52.14375526
chr2	24043340	1.151067725	52.14378435
chr2	24043355	1.144610269	52.14380162
chr2	24069089	1.147193008	52.17325702
chr2	24069334	1.023728509	52.17353808
chr2	24069380	0.8486068646	52.17358518
chr2	24069530	0.8262561079	52.17371247
chr2	24070331	0.8047081077	52.1743743
chr2	24070347	0.657040039	52.17438717
chr2	24070359	0.853306624	52.17439506
chr2	24070397	1.777826915	52.17442748
chr2	24070435	1.754109346	52.17449504
chr2	24070453	2.006463373	52.17452661
chr2	24070458	2.09519569	52.17453665
chr2	24070486	3.857422346	52.17459531
chr2	24070488	3.872370372	52.17460303
chr2	24070505	3.952754017	52.17466886
chr2	24070568	3.974009269	52.17491788
chr2	24070580	4.029430662	52.17496557
chr2	24070722	5.037211482	52.17553775
chr2	24072453	3.414942767	52.18425716
chr2	24074106	3.505756627	52.18990206
chr2	24074115	2.591792224	52.18993361
chr2	24074179	1.675338385	52.19009949
chr2	24081734	1.403317789	52.20275667
chr2	24086995	1.447208733	52.21013952
chr2	24087000	1.397292022	52.21014676
chr2	24094827	1.520024109	52.22108337
chr2	24094860	1.566729131	52.22113353
chr2	24094878	1.579361969	52.22116173
chr2	24146362	1.534521246	52.3024736
chr2	24150254	1.557565751	52.30844596
chr2	24207657	1.536898312	52.3978549
chr2	24207671	1.499175509	52.39787642
chr2	24207675	1.536818212	52.39788242
chr2	24208613	1.315474548	52.39932395
chr2	24208865	1.342004397	52.39965545
chr2	24208919	1.281436694	52.39972792
chr2	24208923	1.228700014	52.39973304
chr2	24208932	1.215666565	52.3997441
chr2	24208940	1.234255535	52.39975383
chr2	24209331	1.248124128	52.40023642
chr2	24209335	1.087597528	52.40024141
chr2	24209361	1.144791859	52.40026969
chr2	24209377	1.188782742	52.40028801
chr2	24209381	1.210778751	52.40029276
chr2	24209526	1.186361184	52.40046833
chr2	24294507	1.169340544	52.50128649
chr2	24294716	1.099292915	52.50153088
chr2	24295816	0.9907294579	52.5027401
chr2	24297449	0.975760691	52.50435796
chr2	24297713	0.8824990122	52.50461556
chr2	24297724	0.8292866715	52.50462527
chr2	24297817	0.7826525916	52.50470239
chr2	24297840	0.7145497133	52.5047204
chr2	24297863	0.6595716542	52.50473683
chr2	24297870	0.5911267312	52.50474145
chr2	24297948	0.5380133326	52.50478755
chr2	24298028	0.6504982617	52.5048306
chr2	24298045	0.6873274595	52.50484165
chr2	24298048	0.7235953466	52.50484372
chr2	24298066	0.7212576186	52.50485674
chr2	24298174	0.7804259567	52.50493464
chr2	24298176	0.8321532293	52.5049362
chr2	24298234	0.9221360953	52.50498446
chr2	24300615	0.9973538833	52.50718007
chr2	24300639	0.9825892718	52.507204
chr2	24304561	1.007049354	52.51105772
chr2	24363869	0.7618039548	52.5707838
chr2	24387164	2.428999665	52.58853003
chr2	24387167	2.974697725	52.58853731
chr2	24387187	3.663691977	52.58859681
chr2	24387210	3.625588777	52.58868107
chr2	24387510	4.428357416	52.58976875
chr2	24387614	5.994931359	52.5902293
chr2	24390312	9.443643929	52.60640362
chr2	24391624	8.681733694	52.61879368
chr2	24391636	13.63429703	52.61889786
chr2	24391743	12.17477234	52.62035673
chr2	24392119	10.69751868	52.62493445
chr2	24392204	7.105426028	52.62584374
chr2	24392217	7.280867178	52.62593611
chr2	24392220	7.586344272	52.62595795
chr2	24392223	7.940112391	52.62598071
chr2	24392237	8.116711479	52.62609187
chr2	24392269	8.293521909	52.62635161
chr2	24392314	7.749981696	52.62672481
chr2	24392317	6.050148252	52.62674806
chr2	24392347	7.149425127	52.62692957
chr2	24392803	8.013985581	52.63018971
chr2	24393370	8.082022815	52.63473364
chr2	24393455	5.095977428	52.63542061
chr2	24393492	5.805694225	52.63560916
chr2	24393501	5.945018524	52.63566141
chr2	24397249	6.974700141	52.65794334
chr2	24397352	7.19984555	52.65866173
chr2	24401052	7.262578613	52.68530116
chr2	24401053	7.56086861	52.68530843
chr2	24401071	7.447900424	52.68544452
chr2	24401558	7.486549464	52.68907165
chr2	24403530	7.506175211	52.70383512
chr2	24406503	7.606233946	52.72615098
chr2	24406522	6.762457072	52.7262955
chr2	24411434	5.773071403	52.75951269
chr2	24411479	5.596472315	52.75977248
chr2	24411488	5.181013128	52.75982285
chr2	24411586	4.768554494	52.76033059
chr2	24411608	5.218627777	52.76043549
chr2	24411611	6.805804589	52.76045115
chr2	24412230	6.624455478	52.76466394
chr2	24412396	6.646612841	52.7657636
chr2	24412420	6.422624992	52.76592312
chr2	24412445	5.899189586	52.76608369
chr2	24412451	5.789658752	52.76611908
chr2	24412457	5.68536543	52.76615382
chr2	24412462	6.083199412	52.76618225
chr2	24412473	6.028363323	52.76624916
chr2	24412476	6.592531467	52.76626725
chr2	24412478	6.703003497	52.76628043
chr2	24416047	5.937488821	52.79020345
chr2	24416051	9.140240612	52.7902272
chr2	24416177	8.906079294	52.79137887
chr2	24416183	9.036285427	52.79143231
chr2	24416210	8.886707135	52.79167629
chr2	24416265	9.115718017	52.79216506
chr2	24416273	9.71273218	52.79223798
chr2	24416320	9.862699947	52.79269448
chr2	24416325	10.01278694	52.7927438
chr2	24416326	10.14083908	52.79275381
chr2	24416368	10.40943597	52.79317972
chr2	24416680	10.84824173	52.79642747
chr2	24416682	10.97718795	52.79644916
chr2	24416954	10.83927725	52.79943496
chr2	24417064	11.09045026	52.80062728
chr2	24417075	11.22632613	52.80074927
chr2	24417112	7.09867584	52.80116465
chr2	24418213	7.564425522	52.80898029
chr2	24418766	7.704814684	52.81316342
chr2	24418796	8.134730299	52.81339456
chr2	24418799	8.564195678	52.81341897
chr2	24419189	7.72487584	52.816759
chr2	24419194	7.865800638	52.81679763
chr2	24430593	7.108800813	52.90645989
chr2	24430599	7.400234746	52.90650254
chr2	24430610	7.691394	52.90658394
chr2	24431803	7.523103605	52.91575978
chr2	24437000	7.47418657	52.95485735
chr2	24438893	7.018055608	52.96900598
chr2	24438966	6.636821834	52.9695183
chr2	24438979	6.277221067	52.96960458
chr2	24439084	5.639858709	52.97026369
chr2	24439119	5.517116442	52.97046108
chr2	24440626	5.550903364	52.97877538
chr2	24440701	5.411252698	52.97919169
chr2	24441787	5.436174917	52.98506831
chr2	24442084	5.300299047	52.98668286
chr2	24442192	5.169193693	52.98725529
chr2	24442259	16.49971565	52.98760163
chr2	24442281	15.00299761	52.98796462
chr2	24442721	14.94306276	52.99456594
chr2	24442745	16.94626777	52.99492457
chr2	24442749	9.869463565	52.99499236
chr2	24442863	9.765591821	52.99611748
chr2	24442867	4.176579238	52.99615654
chr2	24442971	4.036190077	52.9965909
chr2	24443035	3.922265564	52.99684922
chr2	24443064	3.6512849	52.99696297
chr2	24443105	3.394722406	52.99711267
chr2	24443127	3.142092084	52.99718735
chr2	24443167	3.000373857	52.99731304
chr2	24443238	2.889901826	52.99752606
chr2	24443307	2.738012672	52.99772547
chr2	24443315	2.669975438	52.99774737
chr2	24443417	2.595975965	52.99801971
chr2	24443486	2.728042478	52.99819883
chr2	24443523	2.735215593	52.99829977
chr2	24443610	2.770029539	52.99853773
chr2	24443754	2.804897785	52.99893661
chr2	24443757	2.829818541	52.99894503
chr2	24444049	3.009957873	52.99977134
chr2	24444213	3.044994369	53.00026497
chr2	24444286	3.11511363	53.00048725
chr2	24444315	0.9786913168	53.00057759
chr2	24444346	1.101566422	53.00060793
chr2	24541115	1.031707876	53.10720541
chr2	24541120	0.9965939032	53.10721057
chr2	24541201	1.8292596	53.1072913
chr2	24541210	1.703246693	53.10730776
chr2	24541218	1.842320701	53.10732139
chr2	24541225	1.978365206	53.10733428
chr2	24563695	2.18532785	53.15178815
chr2	24565597	2.194991042	53.15594464
chr2	24565667	1.896040475	53.15609829
chr2	24565741	1.874327496	53.1562386
chr2	24565759	1.852170133	53.15627234
chr2	24565975	1.810674658	53.1566724
chr2	24566011	1.984678429	53.15673759
chr2	24566042	1.820028591	53.15679911
chr2	24566159	1.716837717	53.15701206
chr2	24566202	1.898320782	53.15708588
chr2	24566203	1.36071354	53.15708778
chr2	24566223	1.393696664	53.15711499
chr2	24566224	1.426680114	53.15711639
chr2	24576676	1.387649625	53.17202805
chr2	24578136	1.347284253	53.17405402
chr2	24578277	1.357230455	53.17424398
chr2	24580114	0.887692933	53.17673722
chr2	24582279	1.07980597	53.17865907
chr2	24582331	1.154489919	53.17871522
chr2	24582456	0.9454263251	53.17885953
chr2	24582819	0.9847427621	53.17920272
chr2	24583073	0.9997250584	53.17945285
chr2	24583395	1.091723953	53.17977476
chr2	24585540	0.9177201819	53.18211651
chr2	24585698	0.998372394	53.18226151
chr2	24627831	0.9699569761	53.22432593
chr2	24637199	0.9104296108	53.23341249
chr2	24669249	0.4377117744	53.26259176
chr2	24669357	0.6221262436	53.26263903
chr2	24718647	0.5608349307	53.29330363
chr2	24718689	0.5983886085	53.29332719
chr2	24809121	0.5254675763	53.34744066
chr2	24809160	0.4988122662	53.34746116
chr2	24809176	0.4492921366	53.34746914
chr2	24809233	0.4616530122	53.34749475
chr2	24809392	0.4429368801	53.34756815
chr2	24809407	0.4921457114	53.3475748
chr2	24809410	0.4922701798	53.34757627
chr2	24809656	0.6011319336	53.34769737
chr2	24809664	0.6219940122	53.34770218
chr2	24809736	0.5977872601	53.34774696
chr2	24809882	0.6893658359	53.34783424
chr2	24812418	0.7070127608	53.34958247
chr2	24840871	0.7363755845	53.36969911
chr2	24841757	0.7232230322	53.37035153
chr2	24841771	0.6166621603	53.37036166
chr2	24916480	0.6345018211	53.41643187
chr2	24917253	1.236992087	53.41692234
chr2	24917258	1.229679063	53.41692853
chr2	24919927	1.232849268	53.42021054
chr2	24921201	1.344041166	53.42178119
chr2	24921203	1.330548318	53.42178388
chr2	24921302	1.387380673	53.4219156
chr2	24925109	0.9548298013	53.42719736
chr2	24970579	0.9739714386	53.47061347
chr2	24970580	0.90515434	53.47061445
chr2	24972549	0.8116311838	53.4723967
chr2	24972986	1.105862578	53.47275138
chr2	24973035	1.114055374	53.47280557
chr2	24974114	1.133587267	53.47400763
chr2	24982432	1.312803535	53.48343681
chr2	24982544	1.394634809	53.48358384
chr2	24985729	1.412216867	53.48802576
chr2	24988356	1.692411193	53.49173565
chr2	24991681	2.088328971	53.49736292
chr2	24991758	1.955485365	53.49752372
chr2	24991913	1.909967721	53.49782682
chr2	24992495	3.366511023	53.49893842
chr2	25000126	3.361636991	53.52462827
chr2	25000291	3.393326705	53.52518294
chr2	25000307	2.999387492	53.52523723
chr2	25000434	2.571358817	53.52561815
chr2	25001216	2.181710881	53.52762895
chr2	25001378	1.944004183	53.52798239
chr2	25001379	1.561505348	53.52798433
chr2	25001385	1.617254267	53.5279937
chr2	25001393	1.311077098	53.52800664
chr2	25001551	1.330266733	53.52821379
chr2	25002422	1.512299987	53.52937245
chr2	25002427	1.634496947	53.52938002
chr2	25002428	1.695969925	53.52938165
chr2	25002454	1.968674124	53.52942575
chr2	25002697	2.001464378	53.52990413
chr2	25003075	2.113327406	53.53066069
chr2	25062272	2.056550135	53.65576333
chr2	25062290	2.033120804	53.65580035
chr2	25062292	2.096292023	53.65580441
chr2	25062339	1.92344353	53.65590294
chr2	25062418	1.847448301	53.65605489
chr2	25106161	4.358561964	53.73686782
chr2	25106227	4.410790909	53.73715549
chr2	25106247	4.381966659	53.7372437
chr2	25106329	4.321724616	53.73760302
chr2	25107517	6.328438916	53.74273723
chr2	25107522	5.508787712	53.74276888
chr2	25108040	5.468199625	53.74562243
chr2	25108052	5.540073145	53.74568805
chr2	25109055	5.672187746	53.75124474
chr2	25109262	5.742978956	53.75241888
chr2	25109330	4.019412979	53.7528094
chr2	25109358	4.069011151	53.75292195
chr2	25109360	4.169183368	53.75293009
chr2	25147633	4.381598905	53.91249724
chr2	25148092	3.63135364	53.9145084
chr2	25148104	3.723076886	53.91455197
chr2	25148178	3.834658933	53.91482748
chr2	25148416	3.816611571	53.91574013
chr2	25149745	3.713225483	53.9208124
chr2	25151922	3.649253053	53.9288961
chr2	25151925	54.0893277	53.92890704
chr2	25151958	54.47299256	53.93069199
chr2	25151992	7.073116986	53.93254407
chr2	25153693	8.796810322	53.94457545
chr2	25154290	11.05312823	53.94982714
chr2	25156935	11.03128337	53.97906267
chr2	25157071	9.0707891	53.98056292
chr2	25157215	10.05939293	53.98186911
chr2	25157231	10.15689496	53.98203006
chr2	25157264	9.042063719	53.98236524
chr2	25158156	8.974958925	53.99043076
chr2	25158402	8.378044112	53.9926386
chr2	25158419	8.298451945	53.99278103
chr2	25160284	7.393364445	54.00825764
chr2	25160497	7.918452424	54.00983243
chr2	25160815	7.584204028	54.0123505
chr2	25160894	7.787270817	54.01294965
chr2	25160918	7.864325685	54.01313654
chr2	25160924	8.271213028	54.01318373
chr2	25160945	7.825491	54.01335742
chr2	25162824	7.764049959	54.02806152
chr2	25171289	7.466768511	54.09378421
chr2	25171361	7.435599392	54.09432181
chr2	25171383	7.538562387	54.0944854
chr2	25171394	7.943502685	54.09456832
chr2	25176048	6.80685114	54.13153738
chr2	25176053	6.588406831	54.13157142
chr2	25176110	6.436820105	54.13194695
chr2	25177627	5.123205675	54.14171161
chr2	25177628	4.483560434	54.14171673
chr2	25177786	4.338934981	54.14242514
chr2	25177871	3.501208239	54.14279395
chr2	25177914	3.484406753	54.1429445
chr2	25178069	20.02190999	54.14348458
chr2	25178257	1.946805468	54.1472487
chr2	25178323	11.49892337	54.14737719
chr2	25178404	11.12038379	54.1483086
chr2	25178510	10.93394026	54.14948736
chr2	25178608	11.36949841	54.15055889
chr2	25178632	11.21441468	54.15083176
chr2	25178640	11.23663565	54.15092147
chr2	25178677	1.510418823	54.15133723
chr2	25178748	1.624293012	54.15144447
chr2	25178755	1.478650517	54.15145584
chr2	25179001	1.339621281	54.15181959
chr2	25205018	1.133898498	54.18667251
chr2	25205719	1.034931826	54.18746738
chr2	25205723	1.07731455	54.18747152
chr2	25205759	1.119476413	54.1875103
chr2	25205765	1.054218315	54.18751702
chr2	25208588	0.98430354	54.19049307
chr2	25208589	0.9059106407	54.19049406
chr2	25208614	0.7086056563	54.19051671
chr2	25285415	0.6325587664	54.24493833
chr2	25285569	0.5884158766	54.24503574
chr2	25285814	0.6847426519	54.2451799
chr2	25285896	0.6418526208	54.24523605
chr2	25285900	0.7967763616	54.24523862
chr2	25286354	1.087285881	54.24560036
chr2	25286356	1.108849169	54.24560253
chr2	25286432	1.210667551	54.2456868
chr2	25286826	1.481982044	54.24616381
chr2	25286829	1.533826762	54.24616825
chr2	25320943	1.259945664	54.29849322
chr2	25321055	1.160669622	54.29863433
chr2	25321078	1.038732975	54.29866103
chr2	25321091	0.9424062029	54.29867453
chr2	25321092	1.645937479	54.29867547
chr2	25321806	1.947064251	54.29985067
chr2	25322027	2.044677922	54.30028098
chr2	25322495	2.418435262	54.30123788
chr2	25331564	1.723122269	54.32317067
chr2	25331629	1.410488793	54.32328268
chr2	25331832	1.109044153	54.32356901
chr2	25331887	1.118428528	54.32363
chr2	25331904	1.177298068	54.32364902
chr2	25332898	0.7576049792	54.32481925
chr2	25372746	0.7935917166	54.35500829
chr2	25379478	0.7765134451	54.36035075
chr2	25379656	0.7170652261	54.36048897
chr2	25380296	0.7375378863	54.3609479
chr2	25388840	0.5771232374	54.36724942
chr2	25389152	0.519450906	54.36742948
chr2	25400687	0.6812583146	54.37342135
chr2	25400704	0.547808806	54.37343293
chr2	25465633	0.5240686416	54.40900161
chr2	25467173	0.3757287078	54.40980867
chr2	25467473	0.3506764032	54.40992139
chr2	25467947	0.3075503209	54.41008761
chr2	25469300	0.3203995488	54.41050373
chr2	25471343	0.4497526529	54.4111583
chr2	25471347	0.2918926613	54.4111601
chr2	25472134	0.3563849151	54.41138982
chr2	25472360	0.3875312047	54.41147037
chr2	25629873	0.3503247271	54.47251157
chr2	25629929	0.286041884	54.47253119
chr2	25630013	0.2972719031	54.47255521
chr2	25630014	0.3145147676	54.47255551
chr2	25630209	0.3276757757	54.47261684
chr2	25690421	0.2595554506	54.49234685
chr2	25690436	0.2440455088	54.49235075
chr2	25693963	0.2694466933	54.4932115
chr2	25693991	0.2855446483	54.49321904
chr2	25695636	0.2551903098	54.49368876
chr2	25697476	0.2814079413	54.49415831
chr2	25700767	0.3082550544	54.49508443
chr2	25733245	0.2952802789	54.50509593
chr2	25733661	0.2625393103	54.50521877
chr2	25733761	0.4892252711	54.50524502
chr2	25827088	0.4093538827	54.55090295
chr2	25827340	0.2337934527	54.55100611
chr2	25827343	0.1651416332	54.55100681
chr2	25827741	0.1949665892	54.55107254
chr2	25887309	0.1423938689	54.56268631
chr2	25888405	0.1292328608	54.56284237
chr2	25889272	0.1534356531	54.56295441
chr2	25889545	0.1797015153	54.5629963
chr2	26016319	0.1529545661	54.58577778
chr2	26018277	0.09405054968	54.58607727
chr2	26018549	0.2692346791	54.58610285
chr2	26018919	0.242968817	54.58620247
chr2	26062341	0.2576631978	54.59675266
chr2	26062398	0.2831562332	54.59676734
chr2	26092070	0.4146369479	54.60516916
chr2	26093291	0.3761363701	54.60567543
chr2	26093292	0.4404768133	54.6056758
chr2	26094814	0.4932005317	54.60634621
chr2	26094825	0.5471995272	54.60635164
chr2	26120287	0.5699178754	54.62028443
chr2	26148060	0.4440529141	54.63611276
chr2	26148124	0.5441696544	54.63614118
chr2	26194138	0.5927074187	54.6611806
chr2	26195694	0.4624199814	54.66210285
chr2	26195751	0.5362210235	54.66212921
chr2	26196299	0.5022449565	54.66242306
chr2	26196368	0.470410009	54.66245772
chr2	26266502	0.4208241645	54.69544945
chr2	26266574	0.4968291045	54.69547975
chr2	26266597	0.4483637209	54.69549118
chr2	26269863	0.3615259453	54.69695553
chr2	26272228	3.739561206	54.69781054
chr2	26272290	3.695197014	54.69804239
chr2	26272359	3.882457381	54.69829736
chr2	26273374	1.811062594	54.70223806
chr2	26273866	1.877899541	54.7031291
chr2	26293594	0.7770157641	54.7401763
chr2	26294154	0.4973384017	54.74061143
chr2	26294265	0.5875963011	54.74066664
chr2	26296240	0.6510402183	54.74182714
chr2	26296465	0.5100744981	54.74197362
chr2	26331863	0.4195508738	54.76002924
chr2	26331914	0.2684685953	54.76005064
chr2	26332814	0.173703876	54.76029226
chr2	26345761	0.1274092294	54.7625412
chr2	26349485	0.1311038618	54.76301567
chr2	26349801	0.06765994456	54.7630571
chr2	26350083	0.0740682023	54.76307618
chr2	26477680	0.1125486356	54.77252706
chr2	26477687	0.228772152	54.77252785
chr2	26560815	0.2160556377	54.79154522
chr2	26573723	0.1190756969	54.79433407
chr2	26815067	0.1027247635	54.82307227
chr2	26875934	0.1114744537	54.82932482
chr2	26880355	0.1094687836	54.82981765
chr2	27051350	0.1047395569	54.84853627
chr2	27256716	0.09767898382	54.87004621
chr2	27263544	0.08290071677	54.87071316
chr2	27269230	0.0644769846	54.87118454
chr2	27269299	0.05583839281	54.87118898
chr2	27269539	0.06311656675	54.87120239
chr2	27269692	0.06849121229	54.87121204
chr2	27297919	0.06691032609	54.87314534
chr2	27298112	0.06361609974	54.87315826
chr2	27349671	0.05485747248	54.87643824
chr2	27440786	0.05194543082	54.88143658
chr2	27450743	0.05629948252	54.8819538
chr2	27574128	0.05400475089	54.88890031
chr2	27574130	0.04825188054	54.88890042
chr2	27652201	0.02724249361	54.89266749
chr2	27653054	0.05432104194	54.89269073
chr2	27761098	0.02286978429	54.89855979
chr2	27761106	0.05843338337	54.89855997
chr2	27761155	0.06780207921	54.89856284
chr2	27761467	0.06396470708	54.89858399
chr2	27770398	0.07357838997	54.89915526
chr2	27901942	0.07575995739	54.90883406
chr2	27952207	0.0382611093	54.91264213
chr2	27953337	0.06868785363	54.91268537
chr2	27953373	0.08154889877	54.91268784
chr2	27953540	0.1014996967	54.91270146
chr2	27956344	0.09835448367	54.91298606
chr2	27956397	0.1111763186	54.91299128
chr2	27956660	0.1241422324	54.91302051
chr2	28065019	0.1159837838	54.92647244
chr2	28068942	0.1267044526	54.92692745
chr2	28069635	0.1496709277	54.92701525
chr2	28069950	0.1790279257	54.9270624
chr2	28123865	0.1400947482	54.93671469
chr2	28123867	0.1997755825	54.93671497
chr2	28127092	0.2838805661	54.93735925
chr2	28217591	0.2334708231	54.96305015
chr2	28217595	0.2105043471	54.96305109
chr2	28217605	0.1729614567	54.96305319
chr2	28217618	0.1506931611	54.96305544
chr2	28217619	0.175404063	54.96305559
chr2	28217690	0.1881229094	54.96306805
chr2	28217868	2.741180498	54.96310153
chr2	28217942	3.358029375	54.96330438
chr2	28217944	4.150783476	54.9633111
chr2	28218741	4.137817562	54.96661927
chr2	28218796	4.464098928	54.96684685
chr2	28219179	5.121196766	54.9685566
chr2	28219199	2.568139177	54.96865902
chr2	28219235	2.670407845	54.96875148
chr2	28221407	3.053553595	54.9745516
chr2	28221423	3.04073176	54.97460046
chr2	28221548	4.230682819	54.97498055
chr2	28223634	5.129759451	54.98380576
chr2	28223650	6.146703024	54.98388783
chr2	28230025	5.636756278	55.02307306
chr2	28230027	5.235987359	55.02308434
chr2	28230070	4.708001086	55.02330948
chr2	28230276	7.242148117	55.02427933
chr2	28230391	6.131893228	55.02511218
chr2	28230467	5.827863034	55.0255782
chr2	28231193	1.412015692	55.02980923
chr2	28231194	0.9252322585	55.02981064
chr2	28231213	1.00985798	55.02982822
chr2	28283900	0.9149614745	55.08303461
chr2	28285468	0.8636559373	55.08446927
chr2	28285880	0.866878944	55.0848251
chr2	28285887	0.7631228722	55.08483116
chr2	28285896	0.7974513632	55.08483803
chr2	28285913	0.7464882321	55.08485159
chr2	28286972	0.7639297816	55.08564212
chr2	28351654	0.7563735687	55.13505463
chr2	28354672	0.7731197563	55.13733736
chr2	28355122	1.125477263	55.13768527
chr2	28355126	1.098058259	55.13768977
chr2	28355128	1.075930525	55.13769196
chr2	28355134	1.051219622	55.13769842
chr2	28370157	1.026762865	55.15349089
chr2	28380407	0.9328235275	55.16401521
chr2	28380448	0.9218794323	55.16405346
chr2	28385911	0.9111587636	55.16908968
chr2	28386195	0.7094734349	55.16934845
chr2	28386209	0.5229724915	55.16935839
chr2	28386223	0.5020724328	55.16936571
chr2	28386749	0.494415845	55.1696298
chr2	28386762	3.40767442	55.16963623
chr2	28386764	4.987428064	55.16964304
chr2	28387119	5.022328897	55.17141358
chr2	28388465	5.000722256	55.17817363
chr2	28389082	3.604165093	55.18125908
chr2	28389135	1.505520744	55.1814501
chr2	28389242	1.542233756	55.18161119
chr2	28389796	1.770128019	55.18246559
chr2	28390545	1.807365237	55.18379141
chr2	28396487	1.896653157	55.19453078
chr2	28396536	1.902308669	55.19462371
chr2	28397703	1.505702734	55.19684371
chr2	28430753	1.341084512	55.24660718
chr2	28434360	1.409203095	55.25144447
chr2	28434545	0.9150347879	55.25170518
chr2	28439052	0.8449550764	55.25582924
chr2	28439442	0.8277689443	55.25615877
chr2	28439814	0.8396167772	55.2564667
chr2	28440126	0.9211553411	55.25672866
chr2	28440201	1.00284091	55.25679775
chr2	28481801	4.07375193	55.29851593
chr2	28481817	4.658424959	55.29858111
chr2	28484123	4.820781369	55.30932344
chr2	28484484	4.768939405	55.31106374
chr2	28484565	3.539518403	55.31145002
chr2	28484594	16.12981284	55.31155267
chr2	28484750	16.13644145	55.31406892
chr2	28484844	13.76819075	55.31558575
chr2	28484862	1.075920968	55.31583357
chr2	28484904	2.287454894	55.31587876
chr2	28484910	3.497656521	55.31589249
chr2	28484919	3.718361732	55.31592397
chr2	28487629	1.899526442	55.32600073
chr2	28487770	0.717803557	55.32626856
chr2	28505053	0.5554471475	55.33867436
chr2	28505101	0.4974006416	55.33870102
chr2	28505102	0.5040768963	55.33870152
chr2	28505160	0.5098938115	55.33873075
chr2	28506159	0.520718641	55.33924014
chr2	28557102	0.5845511579	55.36576711
chr2	28557129	0.4466553957	55.36578289
chr2	28557591	0.4299092081	55.36598925
chr2	28557627	0.6002687316	55.36600472
chr2	28582771	0.4729491276	55.38109788
chr2	28630990	0.4496856485	55.40390301
chr2	28635673	0.4590821938	55.40600889
chr2	28786726	0.44137076	55.47535463
chr2	28786756	0.4293059301	55.47536787
chr2	28820078	0.4553967311	55.48967321
chr2	28997308	0.4324644295	55.57038317
chr2	28997339	0.6128700171	55.57039658
chr2	28997348	0.6051508606	55.57040209
chr2	28997353	0.5782631564	55.57040512
chr2	28997387	0.553442686	55.57042478
chr2	28997394	0.5338053649	55.57042865
chr2	28997458	0.6178704191	55.57046282
chr2	28997849	0.6851043701	55.5707044
chr2	28997924	0.6782091568	55.57075579
chr2	29014088	2.095340117	55.58171836
chr2	29014103	2.080468289	55.58174979
chr2	29014156	2.131917533	55.58186005
chr2	29015722	2.187163426	55.58519864
chr2	29015996	2.182905408	55.58579792
chr2	29016175	8.178205007	55.58618866
chr2	29016180	8.138053229	55.58622955
chr2	29016383	8.162026066	55.58788158
chr2	29016506	6.846167918	55.5888855
chr2	29016517	7.162731831	55.58896081
chr2	29016524	7.386388117	55.58901095
chr2	29016653	7.461167388	55.5899638
chr2	29016722	1.248882834	55.59047862
chr2	29016939	1.51433787	55.59074962
chr2	29017142	2.133539547	55.59105703
chr2	29061996	4.112541455	55.68675482
chr2	29062001	4.100143946	55.68677538
chr2	29062028	4.342520526	55.68688608
chr2	29062095	4.510950505	55.68717703
chr2	29062142	4.35353367	55.68738905
chr2	29063264	4.601335257	55.69227371
chr2	29065184	4.057343515	55.70110828
chr2	29065300	4.156392353	55.70157893
chr2	29072614	4.543339405	55.73197878
chr2	29072623	5.161861803	55.73201967
chr2	29072649	5.100642143	55.73215388
chr2	29072693	6.983698186	55.73237831
chr2	29072728	7.143916411	55.73262274
chr2	29075878	6.856075927	55.75512607
chr2	29076048	6.383212671	55.75629161
chr2	29076067	6.733280094	55.75641289
chr2	29076158	5.879731306	55.75702562
chr2	29076380	5.97771703	55.75833092
chr2	29076395	5.077259983	55.75842058
chr2	29076404	5.614043829	55.75846628
chr2	29076405	5.573915463	55.75847189
chr2	29078303	5.447613608	55.76905118
chr2	29080204	5.865285741	55.7794071
chr2	29080259	5.878264085	55.77972969
chr2	29080310	6.025286092	55.78002948
chr2	29081941	6.084950376	55.78985672
chr2	29081965	6.102922143	55.79000276
chr2	29082584	6.097641722	55.79378047
chr2	29082665	5.433399504	55.79427438
chr2	29083470	5.603076422	55.79864826
chr2	29083478	5.162780088	55.79869309
chr2	29089280	5.116074391	55.82864754
chr2	29089291	4.859108296	55.82870382
chr2	29089339	4.603904692	55.82893705
chr2	29089340	4.247592141	55.82894166
chr2	29089344	4.48575584	55.82895865
chr2	29089774	4.440858241	55.83088752
chr2	29089783	4.394078604	55.83092749
chr2	29096867	5.426027318	55.86205514
chr2	29096881	6.236099674	55.86213111
chr2	29096915	6.129008197	55.86234313
chr2	29096963	5.932089092	55.86263733
chr2	29097028	7.027800614	55.86302291
chr2	29097865	6.863905522	55.86890518
chr2	29101376	5.066130848	55.89300435
chr2	29103301	4.308587631	55.90275666
chr2	29103321	3.822482252	55.90284283
chr2	29103393	3.412367324	55.90311805
chr2	29103423	3.226249171	55.90322042
chr2	29103473	3.116131551	55.90338173
chr2	29103497	2.66716528	55.90345652
chr2	29103612	2.391807139	55.90376324
chr2	29106544	2.400392607	55.91077602
chr2	29106614	5.52653764	55.91094405
chr2	29107144	5.489039078	55.91387311
chr2	29107701	1.379413132	55.91693051
chr2	29107762	1.246709356	55.91701465
chr2	29107807	1.222978208	55.91707075
chr2	29107844	0.8201009061	55.917116
chr2	29107960	1.140641253	55.91721113
chr2	29138740	1.08539536	55.95232007
chr2	29138895	1.025731076	55.95248831
chr2	29138990	1.044863986	55.95258575
chr2	29139111	1.051577846	55.95271218
chr2	29139329	1.064762753	55.95294143
chr2	29140970	1.08425476	55.9546887
chr2	29143768	1.027597051	55.95772245
chr2	29143801	1.120093026	55.95775636
chr2	29143884	1.202596732	55.95784932
chr2	29159699	1.148502051	55.97686839
chr2	29159752	1.167374622	55.97692926
chr2	29242509	1.327958152	56.07353768
chr2	29242819	1.302760578	56.07394935
chr2	29271033	1.314451383	56.11070544
chr2	29271046	1.460571992	56.11072253
chr2	29271462	1.439813778	56.11133012
chr2	29272130	1.54481383	56.11229192
chr2	29272173	1.620081418	56.11235835
chr2	29272437	1.50653826	56.11278605
chr2	29272482	1.521411764	56.11285384
chr2	29315176	1.340968589	56.177809
chr2	29315228	1.056623534	56.17787873
chr2	29315304	1.026257075	56.17795903
chr2	29317549	0.820059503	56.18026298
chr2	29317621	0.8005098559	56.18032202
chr2	29325540	0.7818120549	56.18666126
chr2	29325616	0.6358326606	56.18672068
chr2	29325896	1.227484799	56.18689871
chr2	29335549	0.8754574862	56.19874762
chr2	29335996	0.8156673932	56.19913895
chr2	29336000	0.7655438357	56.19914221
chr2	29339720	0.7533082362	56.20199004
chr2	29339808	9.15630658	56.20205633
chr2	29340077	8.916681754	56.20451937
chr2	29340212	0.6775956147	56.20572313
chr2	29340855	0.6135669237	56.20615882
chr2	29342089	0.6287751764	56.20691596
chr2	29354111	0.8054683956	56.2144751
chr2	29354166	0.8378851592	56.2145194
chr2	29354190	0.893262773	56.21453951
chr2	29354297	1.051587315	56.21463509
chr2	29354422	1.102957783	56.21476653
chr2	29354552	1.135524291	56.21490992
chr2	29364872	1.280004504	56.22662853
chr2	29375555	1.320894468	56.24030282
chr2	29375562	1.359815526	56.24031206
chr2	29375603	1.584630579	56.24036782
chr2	29375760	1.355019631	56.2406166
chr2	29376405	1.380901193	56.24149059
chr2	29376582	1.505594025	56.24173501
chr2	29397057	1.492409118	56.27256205
chr2	29456953	1.509321748	56.36195138
chr2	29456961	1.420408446	56.36196346
chr2	29457710	1.431313442	56.36302734
chr2	29457730	1.450469326	56.36305597
chr2	29458372	1.483379302	56.36398717
chr2	29458385	1.327390399	56.36400646
chr2	29458488	1.317696111	56.36414318
chr2	29458659	1.177642972	56.3643685
chr2	29458660	1.258325823	56.36436968
chr2	29458896	1.184962134	56.36466665
chr2	29458949	1.152524637	56.36472945
chr2	29458992	1.120107874	56.36477901
chr2	29459044	0.981479044	56.36483725
chr2	29459069	0.872219604	56.36486179
chr2	29459135	0.8915362115	56.36491936
chr2	29459146	0.9245751379	56.36492916
chr2	29462647	0.8963885418	56.3681661
chr2	29462870	0.9437996322	56.368366
chr2	29462905	0.9331479206	56.36839903
chr2	29488054	0.8805817278	56.39186677
chr2	29488069	1.119818538	56.39187997
chr2	29494202	1.100685628	56.39874782
chr2	29500683	1.099657431	56.40588137
chr2	29500777	1.01897458	56.40598473
chr2	29500950	3.566659868	56.40616102
chr2	29501048	3.588167499	56.40651055
chr2	29501067	3.646574506	56.40657872
chr2	29502231	3.539268771	56.41082334
chr2	29502273	1.477770022	56.41097199
chr2	29502298	1.395439676	56.41100893
chr2	29502320	1.372499558	56.41103963
chr2	29502343	1.36391409	56.4110712
chr2	29502346	2.804114493	56.41107529
chr2	29502391	2.808315526	56.41120147
chr2	29502406	3.683700769	56.4112436
chr2	29502431	3.766736028	56.41133569
chr2	29504251	4.751983825	56.41819115
chr2	29507660	4.814950446	56.43439066
chr2	29507680	4.894910915	56.43448696
chr2	29507687	3.615216666	56.43452123
chr2	29507689	2.987794278	56.43452846
chr2	29507700	1.572708776	56.43456132
chr2	29508070	1.599454462	56.43514323
chr2	29538973	1.741405731	56.48457117
chr2	29559247	1.64626549	56.51987643
chr2	29561627	1.922862801	56.52379454
chr2	29561630	1.90510513	56.52380031
chr2	29561676	2.593139347	56.52388794
chr2	29561699	2.583549456	56.52394758
chr2	29561718	2.520665566	56.52399667
chr2	29561956	3.100677893	56.52459659
chr2	29561998	3.067638967	56.52472682
chr2	29562992	3.05226933	56.52777605
chr2	29566314	3.034451167	56.53791569
chr2	29566566	1.858047239	56.53868037
chr2	29566645	1.851313609	56.53882716
chr2	29567188	1.333340109	56.53983242
chr2	29635011	1.307709398	56.63026355
chr2	29635052	1.261709899	56.63031716
chr2	29635056	1.086819172	56.63032221
chr2	29635123	0.9435874117	56.63039503
chr2	29635901	0.9504171853	56.63112914
chr2	29635910	0.8323914838	56.63113769
chr2	29636723	0.4789054674	56.63181443
chr2	29637044	0.5342221022	56.63196815
chr2	29637317	0.5832393342	56.632114
chr2	29637322	0.770654921	56.63211691
chr2	29637484	0.8247476859	56.63224176
chr2	29644063	0.8432655446	56.63766777
chr2	29648828	0.8632978477	56.64168593
chr2	29657875	0.8493962916	56.64949619
chr2	29659044	0.8278886607	56.65048913
chr2	29660612	0.8475941879	56.65178726
chr2	29660727	0.8691376801	56.65188474
chr2	29660816	1.005497622	56.65196209
chr2	29660823	1.079611464	56.65196913
chr2	29660844	1.074032896	56.6519918
chr2	29660849	1.14818879	56.65199717
chr2	29706642	0.9821916268	56.70457618
chr2	29706673	0.7844283928	56.70460663
chr2	29708578	0.7132814632	56.70610096
chr2	29709639	0.6968924246	56.70685776
chr2	29712924	0.6316794121	56.70914705
chr2	29712945	0.6161786114	56.70916031
chr2	29813861	0.5806526804	56.77134259
chr2	29813874	0.5588697222	56.77135014
chr2	29814552	0.5571092536	56.77172906
chr2	29817935	0.7623447886	56.77361376
chr2	29818369	0.6928564683	56.77394461
chr2	29818439	0.9562407156	56.77399311
chr2	29818460	0.8935040419	56.77401319
chr2	29827012	0.8947828256	56.78165444
chr2	29827550	4.560277256	56.78213583
chr2	29827568	5.120189696	56.78221792
chr2	29828393	5.090755495	56.78644208
chr2	29828417	5.101010038	56.78656425
chr2	29828537	4.764495911	56.78717638
chr2	29828804	5.615849381	56.7884485
chr2	29828834	6.420518964	56.78861697
chr2	29830636	5.319378442	56.80018675
chr2	29830923	4.311931169	56.80171341
chr2	29830981	4.299079706	56.8019635
chr2	29831041	3.325685363	56.80222144
chr2	29832940	3.157303952	56.80853692
chr2	29832957	3.229900699	56.8085906
chr2	29832972	2.642275721	56.80863904
chr2	29833014	1.935002383	56.80875002
chr2	29833057	1.122023475	56.80883322
chr2	29833093	1.168880518	56.80887362
chr2	29833161	1.227050646	56.8089531
chr2	29833264	1.294933732	56.80907949
chr2	29833267	0.7098661027	56.80908337
chr2	29833281	0.8010357853	56.80909331
chr2	29905533	0.7071730762	56.86696975
chr2	29905566	0.6753939687	56.86699308
chr2	29905586	0.6492352071	56.86700659
chr2	29905614	0.5088027718	56.86702477
chr2	29905686	0.447809029	56.86706141
chr2	29905687	0.4421283834	56.86706185
chr2	29906687	0.4383894116	56.86750398
chr2	29906813	0.3958069922	56.86755922
chr2	29908913	0.5101329046	56.86839041
chr2	29909252	0.5975482783	56.86856335
chr2	29909304	0.626067651	56.86859442
chr2	30070402	0.5750208558	56.96945267
chr2	30070403	0.6166736479	56.96945324
chr2	30110822	0.7668734203	56.99437857
chr2	30110966	0.9180353265	56.994489
chr2	30129300	1.023596497	57.01132026
chr2	30131236	0.9555976277	57.01330195
chr2	30131237	0.9525643093	57.0133029
chr2	30131315	0.9375036582	57.0133772
chr2	30132526	0.8828037942	57.01451252
chr2	30132546	0.7976852521	57.01453018
chr2	30133446	0.6402374498	57.01524809
chr2	30133501	1.504830198	57.0152833
chr2	30133503	1.857844912	57.01528631
chr2	30133532	1.871402088	57.01534019
chr2	30133649	1.989609889	57.01555915
chr2	30134949	2.307005455	57.01814564
chr2	30135057	2.322385249	57.0183948
chr2	30135058	2.564691814	57.01839712
chr2	30135062	2.549877124	57.01840738
chr2	30135065	2.738535775	57.01841503
chr2	30136028	2.950939137	57.02105224
chr2	30136610	2.939736385	57.02276968
chr2	30136676	4.69938516	57.02296371
chr2	30136716	4.979007312	57.02315168
chr2	30138764	66.11055342	57.03334869
chr2	30138776	66.12063508	57.03414201
chr2	30138818	3.587093104	57.03691908
chr2	30138820	4.073079541	57.03692626
chr2	30138922	4.09670795	57.03734171
chr2	30139965	4.426686553	57.04161458
chr2	30151268	4.203712822	57.09164941
chr2	30151381	4.196998962	57.09212443
chr2	30152600	3.950401019	57.09724058
chr2	30153015	3.711012527	57.09887999
chr2	30153052	3.537692133	57.0990173
chr2	30153077	2.937971175	57.09910574
chr2	30159589	5.765025793	57.11823781
chr2	30159604	5.634844601	57.11832429
chr2	30159628	5.486532815	57.11845952
chr2	30159794	5.248399229	57.11937029
chr2	30160561	8.367256037	57.12339581
chr2	30160626	8.234350857	57.12393968
chr2	30160791	5.42470348	57.12529835
chr2	30161491	5.506201933	57.12909564
chr2	30162368	3.467770647	57.13392458
chr2	30162381	1.270361758	57.13396966
chr2	30162396	1.008360809	57.13398872
chr2	30162503	1.202301073	57.13409661
chr2	30162530	1.242478182	57.13412907
chr2	30162593	1.293779072	57.13420735
chr2	30162672	1.186737587	57.13430956
chr2	30162704	1.211554422	57.13434753
chr2	30163677	1.398677955	57.13552638
chr2	30164758	1.416364612	57.13703835
chr2	30166213	1.388939014	57.13909916
chr2	30204896	1.232361678	57.19282748
chr2	30205747	1.151588689	57.19387622
chr2	30207366	0.8892565392	57.19574065
chr2	30207451	0.855986066	57.19581623
chr2	30207458	1.037209957	57.19582222
chr2	30207487	1.074268899	57.1958523
chr2	30225142	1.091262981	57.21481852
chr2	30228772	1.112979536	57.21877981
chr2	30228792	0.9378011076	57.21880207
chr2	30228803	0.8488471003	57.21881238
chr2	30228832	0.7975462104	57.218837
chr2	30228850	0.824270652	57.21885135
chr2	30228881	0.8461501046	57.21887691
chr2	30228883	0.8946128988	57.2188786
chr2	30282737	0.9168381041	57.26705708
chr2	30282739	0.8885696745	57.26705892
chr2	30299027	0.8424744189	57.28153194
chr2	30299045	0.8079080216	57.2815471
chr2	30299063	0.8956548309	57.28156164
chr2	30299182	0.8342170355	57.28166823
chr2	30299198	0.8483324626	57.28168158
chr2	30299632	0.8235156271	57.28204975
chr2	30299678	0.8941903021	57.28208763
chr2	30355801	0.9787557846	57.33227228
chr2	30355985	0.9558780621	57.33245237
chr2	30356004	1.386505877	57.33247053
chr2	30356845	1.464952491	57.33363658
chr2	30356887	1.432057708	57.33369811
chr2	30356888	1.539188453	57.33369954
chr2	30361550	1.522126964	57.34087524
chr2	30361749	1.020632856	57.34117814
chr2	30384183	0.7196641726	57.36407502
chr2	30384192	0.5525704749	57.36408149
chr2	30384448	0.5220881877	57.36422295
chr2	30385248	0.999844346	57.36464062
chr2	30385252	1.088918957	57.36464462
chr2	30385307	0.9420129412	57.36470451
chr2	30385937	0.9941764327	57.36529798
chr2	30386930	1.016391447	57.3662852
chr2	30418569	1.101701074	57.39844281
chr2	30418585	1.129168618	57.39846043
chr2	30420273	1.15727455	57.40036647
chr2	30425101	1.149532918	57.40595379
chr2	30465069	1.197579296	57.45189832
chr2	30467562	1.161564207	57.45488389
chr2	30529682	1.114509266	57.52704026
chr2	30539895	0.9373136618	57.53842274
chr2	30539936	0.9012306637	57.53846117
chr2	30541177	6.410016087	57.5395796
chr2	30541203	6.374193286	57.53974626
chr2	30541233	6.352556102	57.53993748
chr2	30541237	9.459140089	57.53996289
chr2	30541255	9.437358249	57.54013316
chr2	30541298	13.11176841	57.54053897
chr2	30541538	13.09132446	57.54368579
chr2	30541597	18.49195983	57.54445818
chr2	30542227	9.3629875	57.55610811
chr2	30542299	3.159604302	57.55678225
chr2	30542347	3.262411645	57.55693391
chr2	30542499	0.7582290698	57.5574298
chr2	30542516	0.8377274765	57.55744269
chr2	30613721	0.861218483	57.61709307
chr2	30615431	0.7999597137	57.61856575
chr2	30626145	0.7452285926	57.62713652
chr2	30626169	0.7051899499	57.62715441
chr2	30628005	0.6427606449	57.62844914
chr2	30628046	0.6355036131	57.62847549
chr2	30628151	0.6528950394	57.62854222
chr2	30628152	0.636301071	57.62854287
chr2	30628271	0.768800399	57.62861859
chr2	30628356	0.7292215685	57.62868394
chr2	30628475	0.7502971392	57.62877072
chr2	30745689	0.5664862042	57.71671604
chr2	30745730	0.4948382229	57.71673927
chr2	30750052	0.5660465026	57.71887796
chr2	30750068	0.5102467759	57.71888702
chr2	30750096	0.5599581006	57.7189013
chr2	30751228	0.6131131458	57.71953518
chr2	30786467	0.6264270966	57.74114067
chr2	30787340	0.5265990033	57.74168754
chr2	30787361	0.4047198069	57.7416986
chr2	30787619	0.4172259518	57.74180302
chr2	30787657	0.4765859009	57.74181887
chr2	30789655	1.15549964	57.74277109
chr2	30789691	1.134448223	57.74281269
chr2	30789710	1.092323714	57.74283424
chr2	30790811	1.075483064	57.74403689
chr2	30790927	0.9898859549	57.74416165
chr2	30792368	0.9892620939	57.74558807
chr2	30793899	0.9783093386	57.74710263
chr2	30793957	1.04496789	57.74715938
chr2	30794624	0.352803274	57.74785637
chr2	30794636	0.366835987	57.7478606
chr2	30794740	0.516772784	57.74789876
chr2	30795050	0.5509367681	57.74805895
chr2	30795143	0.5934206985	57.74811019
chr2	30795547	0.6770313449	57.74834993
chr2	30844903	0.5365807539	57.78176549
chr2	30844926	0.4865810526	57.78177783
chr2	30844935	0.3511179398	57.78178221
chr2	30873719	2.823638932	57.79188879
chr2	30873786	2.864720972	57.79207798
chr2	30873856	2.884964985	57.79227851
chr2	30873864	2.926674547	57.79230159
chr2	30875129	0.5996230206	57.79600383
chr2	31036793	2.602086689	57.89294129
chr2	31036809	3.341582394	57.89298292
chr2	31036819	3.264206973	57.89301633
chr2	31038898	4.491581432	57.89980262
chr2	31038919	3.061206572	57.89989694
chr2	31039165	3.407865042	57.90065
chr2	31041697	3.063297689	57.90927872
chr2	31041714	2.596582133	57.90933079
chr2	31042570	2.65204612	57.91155347
chr2	31042642	1.972896914	57.91174441
chr2	31042662	2.248512691	57.91178387
chr2	31042673	3.157224119	57.9118086
chr2	31042925	3.182169573	57.91260422
chr2	31057146	4.580572721	57.95785786
chr2	31058770	4.26940074	57.96529671
chr2	31059212	3.975755192	57.96718378
chr2	31059320	3.818201931	57.96761317
chr2	31059335	3.630275515	57.96767044
chr2	31059488	3.484256734	57.96822587
chr2	31059576	1.659259804	57.96853249
chr2	31098693	1.751618024	58.03343775
chr2	31106826	1.797939175	58.04768366
chr2	31155051	2.142529114	58.13438928
chr2	31177131	2.117275737	58.18169632
chr2	31179098	1.591885567	58.185861
chr2	31179147	1.366699129	58.185939
chr2	31179182	3.03731591	58.18598684
chr2	31180070	2.859339736	58.18868397
chr2	31180186	3.662842064	58.18901566
chr2	31181215	8.446510225	58.19278472
chr2	31182008	4.442087715	58.19948281
chr2	31182009	4.699465546	58.19948725
chr2	31184463	3.623890005	58.21101974
chr2	31185673	2.955871871	58.21540464
chr2	31185683	0.8791799019	58.2154342
chr2	31185732	0.8849214139	58.21547728
chr2	31186189	0.8496239632	58.21588169
chr2	31194022	0.5948187145	58.22253679
chr2	31194810	0.4384966498	58.22300551
chr2	31194817	0.4811721743	58.22300858
chr2	31195014	0.5102156838	58.22310337
chr2	31354718	0.4834404686	58.30458686
chr2	31355943	0.4624541873	58.30517907
chr2	31400883	0.4469848442	58.32596176
chr2	31401030	0.4285115135	58.32602747
chr2	31429016	0.2615755429	58.33801979
chr2	31429257	0.2753656055	58.33808283
chr2	31429464	0.261788442	58.33813983
chr2	31443645	0.2996447392	58.34185226
chr2	31443646	0.2859882935	58.34185256
chr2	31444148	0.277170666	58.34199612
chr2	31462433	0.2648920042	58.34706419
chr2	31590035	0.2375192017	58.38086494
chr2	31590044	0.2555014333	58.38086707
chr2	31590045	0.2471734607	58.38086733
chr2	31591524	0.2328236568	58.3812329
chr2	31594845	0.2163975418	58.38200611
chr2	31674239	0.1955849857	58.39918677
chr2	31675675	0.2076160304	58.39946763
chr2	31675678	0.1805984097	58.39946826
chr2	31675716	0.2139165746	58.39947512
chr2	31675806	0.1992796647	58.39949437
chr2	31675916	0.2326632942	58.39951629
chr2	31675960	0.2790487287	58.39952653
chr2	31777574	0.2631938029	58.42788179
chr2	31777583	0.2357945113	58.42788416
chr2	31777706	0.176427896	58.42791316
chr2	31777783	0.170751127	58.42792674
chr2	31777908	0.1650755431	58.42794809
chr2	31779015	0.1470933147	58.42813083
chr2	31779036	0.104085273	58.42813391
chr2	31779640	0.111453173	58.42819678
chr2	31782585	0.07958335208	58.42852501
chr2	31818365	0.1012137115	58.4313725
chr2	31818407	0.113202773	58.43137676
chr2	31818711	0.1250355723	58.43141117
chr2	31822912	0.1641146322	58.43193644
chr2	31830625	0.177504011	58.43320226
chr2	31850440	0.1822502135	58.4367195
chr2	31864947	0.1698894594	58.43936341
chr2	31868750	0.231071654	58.44000949
chr2	31886840	0.246987458	58.44418958
chr2	31909867	0.1830443809	58.44987696
chr2	31910061	0.1685287673	58.44991247
chr2	31910520	0.1840883507	58.44998983
chr2	31918871	0.191380531	58.45152715
chr2	31918875	0.1235876204	58.45152791
chr2	31919311	1.079758671	58.4515818
chr2	31919479	1.095983847	58.4517632
chr2	31923966	1.101259455	58.45668088
chr2	31924460	1.156945018	58.4572249
chr2	31924464	0.497500102	58.45722953
chr2	31934013	0.5246669081	58.46198016
chr2	31934029	0.5421008517	58.46198855
chr2	31934522	0.5448904532	58.46225581
chr2	31941838	0.394043929	58.46624222
chr2	31942605	0.3848467411	58.46654446
chr2	32098215	0.3902868835	58.52643046
chr2	32098405	0.4215948811	58.52650461
chr2	32098408	0.6835720068	58.52650588
chr2	32100328	0.6854128423	58.52781833
chr2	32100339	0.6876758657	58.52782587
chr2	32100346	0.7243093312	58.52783069
chr2	32100530	0.8525977204	58.52796396
chr2	32100558	0.9713715636	58.52798783
chr2	32100845	0.9836350261	58.52826662
chr2	32100876	1.006202334	58.52829711
chr2	32101842	0.9942132729	58.5292691
chr2	32105179	1.133743521	58.53258679
chr2	32105798	1.129275356	58.53328858
chr2	32105889	1.17611139	58.53339134
chr2	32106183	1.247344822	58.53373712
chr2	32106388	1.533508291	58.53399283
chr2	32128841	1.540649643	58.56842469
chr2	32128914	1.389145336	58.56853715
chr2	32128936	1.402792293	58.56856772
chr2	32128943	1.151844966	58.56857753
chr2	32128989	1.1352306	58.56863052
chr2	32129153	1.365947893	58.5688167
chr2	32129168	1.330520188	58.56883719
chr2	32129174	1.384451267	58.56884517
chr2	32137179	1.556731624	58.5799277
chr2	32153887	1.059804476	58.60593757
chr2	32154057	1.004803996	58.60611774
chr2	32154273	0.9500044222	58.60633478
chr2	32158610	0.6105656591	58.61045495
chr2	32158613	0.6181825932	58.61045678
chr2	32158763	0.6487820293	58.61054951
chr2	32240763	0.5862882864	58.66374963
chr2	32240771	0.5624193871	58.66375432
chr2	32240846	0.535067163	58.66379651
chr2	32377938	0.972028519	58.73714993
chr2	32378272	0.9475517452	58.73747459
chr2	32378347	1.008023123	58.73754566
chr2	32378862	1.028845677	58.73806479
chr2	32379382	1.049799285	58.73859979
chr2	32384866	0.5713546584	58.74435689
chr2	32384989	0.7037385082	58.74442716
chr2	32385055	0.7327679265	58.74447361
chr2	32385078	0.9053570977	58.74449046
chr2	32385145	0.9532091755	58.74455112
chr2	32408348	0.9419775785	58.76666844
chr2	32408821	0.8587523765	58.76711399
chr2	32497097	0.8591739357	58.84292122
chr2	32497169	0.9561341672	58.84298308
chr2	32500410	0.9183532671	58.84608191
chr2	32502843	0.9719648986	58.84831626
chr2	32502939	0.9795149401	58.84840957
chr2	32531926	1.073596162	58.87680277
chr2	32532838	1.064512102	58.87778189
chr2	32566175	1.074507594	58.91326953
chr2	32566192	1.047408004	58.9132878
chr2	32566227	0.9247997457	58.91332445
chr2	32566406	3.136876302	58.91348999
chr2	32566407	3.140913807	58.91349313
chr2	32566458	3.042182316	58.91365332
chr2	32566462	3.064990938	58.91366549
chr2	32566557	3.072206382	58.91395666
chr2	32567913	0.8100401919	58.91812257
chr2	32567927	0.8652046533	58.91813391
chr2	32567984	0.8768748598	58.91818323
chr2	32568016	0.868574738	58.91821129
chr2	32568045	0.7744935163	58.91823648
chr2	32568085	0.7247827042	58.91826746
chr2	32604678	0.7176413519	58.94478943
chr2	32604740	0.7100244185	58.94483392
chr2	32606731	0.7233371958	58.94624758
chr2	32606737	0.6395612563	58.94625192
chr2	32606751	0.6345100779	58.94626088
chr2	32614438	0.6440414624	58.95113836
chr2	32714164	0.6235965678	59.01536604
chr2	32714673	0.6174838524	59.01568345
chr2	32714739	0.5968666329	59.0157242
chr2	32714744	0.5739862922	59.01572718
chr2	32714833	0.5565945542	59.01577827
chr2	32714845	0.5226538444	59.01578495
chr2	32715446	0.441765354	59.01609906
chr2	32715594	0.350800824	59.01616444
chr2	32722341	0.2762878826	59.0185313
chr2	32722344	0.248468527	59.01853213
chr2	32722382	0.2563413241	59.01854157
chr2	32722817	0.2345947501	59.01865308
chr2	32722853	0.215126936	59.01866152
chr2	32737649	0.2054946134	59.02184454
chr2	32769072	0.2054772483	59.0283018
chr2	32769084	0.2018403286	59.02830426
chr2	32769112	0.2055503469	59.02830991
chr2	32769188	0.2143055666	59.02832554
chr2	32769353	0.193409749	59.0283609
chr2	32777862	0.3157198104	59.03000662
chr2	32777913	0.3247597188	59.03002272
chr2	32777927	0.3428957671	59.03002727
chr2	32786952	0.352158255	59.0331219
chr2	32837041	0.382529912	59.05076116
chr2	32837106	0.3366364195	59.05078602
chr2	32874113	0.3440393456	59.06324393
chr2	32875069	0.3350489451	59.06357283
chr2	32970957	0.3255175607	59.0957
chr2	33018531	0.3499915797	59.11118617
chr2	33152660	0.3076676001	59.15813019
chr2	33152667	0.2940313497	59.15813235
chr2	33153743	0.2818791498	59.15844873
chr2	33153815	0.6934506599	59.15846902
chr2	33153821	0.6442703216	59.15847318
chr2	33153872	0.6156765237	59.15850604
chr2	33154010	1.03638948	59.158591
chr2	33157313	1.02763426	59.1620142
chr2	33157377	1.003160241	59.16207997
chr2	33157476	0.995432282	59.16217928
chr2	33157979	1.86340665	59.16267998
chr2	33161894	0.2704304967	59.16997522
chr2	33208366	0.2904462805	59.18254266
chr2	33209246	0.294554676	59.18279826
chr2	33378134	0.2788401012	59.23254501
chr2	33378138	0.2436628041	59.23254612
chr2	33380356	0.2374076368	59.23308657
chr2	33380610	0.2218709607	59.23314687
chr2	33380862	0.206352165	59.23320278
chr2	33381004	0.1812056019	59.23323208
chr2	33381106	0.1657040798	59.23325056
chr2	33382493	0.1629927944	59.2334804
chr2	33382495	0.1475888784	59.23348072
chr2	33383051	0.1806114298	59.23356278
chr2	33383052	0.2466571757	59.23356296
chr2	33383188	0.2443123108	59.23359651
chr2	33383238	0.264421022	59.23360872
chr2	33384643	0.3191534843	59.23398023
chr2	33436346	0.3832314698	59.25048143
chr2	33485883	1.332570167	59.26946556
chr2	33485954	4.434521944	59.26956018
chr2	33486043	4.581296679	59.26995485
chr2	33486163	4.727553509	59.27050461
chr2	33486173	8.651126649	59.27055188
chr2	33486818	8.646333517	59.27613186
chr2	33486961	8.638938077	59.27736828
chr2	33486969	8.634145966	59.27743739
chr2	33487992	11.08244172	59.28627013
chr2	33488053	6.028051204	59.28694615
chr2	33488907	13.59624642	59.29209411
chr2	33488923	21.08109146	59.29231165
chr2	33489356	12.44053629	59.30143976
chr2	33489377	1.836951764	59.30170101
chr2	33489414	0.7832636279	59.30176898
chr2	33489438	0.9618887315	59.30178778
chr2	33489479	0.998345638	59.30182722
chr2	33508659	0.8472912438	59.32097549
chr2	33508815	0.4950910186	59.32110766
chr2	33508864	0.4978469465	59.32113192
chr2	33508923	0.5043012375	59.3211613
chr2	33509384	0.5153553403	59.32139378
chr2	33509682	0.1976965934	59.32154736
chr2	33600856	0.1145688862	59.33957214
chr2	33601776	0.1003930775	59.33967755
chr2	33601923	0.1282258871	59.33969231
chr2	33602020	0.1430852773	59.33970474
chr2	33630240	0.1509821513	59.34374261
chr2	33816792	0.1399280485	59.37190863
chr2	33830704	0.1293427303	59.37385531
chr2	33830705	0.08484611178	59.37385544
chr2	33833811	0.09988882863	59.37411897
chr2	34034479	0.1071557773	59.39416346
chr2	34034526	0.1009375018	59.3941685
chr2	34034813	0.2859698814	59.39419747
chr2	34035413	0.3780910294	59.39436905
chr2	34035860	1.074437146	59.39453806
chr2	34035866	1.188556085	59.3945445
chr2	34035876	1.302909284	59.39455639
chr2	34036362	1.298800888	59.3951896
chr2	34045041	0.9286756675	59.4064619
chr2	34051905	1.109508095	59.41283633
chr2	34053178	0.9262050046	59.41424873
chr2	34059709	0.9111622877	59.42029778
chr2	34060552	0.9091432425	59.42106589
chr2	34060560	0.5165239874	59.42107316
chr2	34060641	1.220538464	59.421115
chr2	34060738	1.22456358	59.42123339
chr2	34060795	1.232291884	59.42130319
chr2	34060895	1.247264654	59.42142642
chr2	34062183	1.12032705	59.4230329
chr2	34065555	1.005055453	59.42681064
chr2	34065592	0.2188100841	59.42684783
chr2	34065640	0.2266262011	59.42685833
chr2	34065643	0.1334363802	59.42685901
chr2	34065658	0.1635130264	59.42686101
chr2	34065730	0.2115616766	59.42687278
chr2	34065738	0.2375284292	59.42687448
chr2	34066010	0.2425559845	59.42693908
chr2	34132980	0.271551958	59.44318306
chr2	34133481	0.278992504	59.4433191
chr2	34184065	0.2502764043	59.45743166
chr2	34300626	0.2213563596	59.48660413
chr2	34300856	0.2071952265	59.48665504
chr2	34390912	0.1967453257	59.50531421
chr2	34448287	0.1878626764	59.51660248
chr2	34500383	0.1786136513	59.52638937
chr2	34500398	0.1707975335	59.52639205
chr2	34500493	0.1685673428	59.52640828
chr2	34500544	0.1607535258	59.52641687
chr2	34501234	0.2376542949	59.52652779
chr2	34501271	0.2431341222	59.52653659
chr2	34501990	0.3337703127	59.5267114
chr2	34501992	0.3712775648	59.52671207
chr2	34502029	0.362069791	59.52672581
chr2	34502092	0.5611371464	59.52674862
chr2	34502140	0.7014709271	59.52677555
chr2	34532963	0.7219208729	59.54839699
chr2	34533951	3.871243997	59.54911025
chr2	34533959	3.929200738	59.54914122
chr2	34535030	0.6253389307	59.55334939
chr2	34535727	0.5241652727	59.55378525
chr2	34588915	0.48500515	59.58166455
chr2	34589189	0.4785156555	59.58179745
chr2	34589195	0.4461167251	59.58180032
chr2	34589200	0.4071519315	59.58180255
chr2	34590184	0.6134139783	59.58220318
chr2	34590811	0.63590691	59.5825878
chr2	34590930	2.681734514	59.58266347
chr2	34590932	4.69214445	59.58266883
chr2	34592591	0.4394831477	59.5904531
chr2	34592599	0.4850010956	59.59045662
chr2	34637725	0.4601048047	59.61234277
chr2	34637757	0.3710109043	59.6123575
chr2	34637892	0.4036870169	59.61240758
chr2	34637953	0.2705521294	59.61243221
chr2	34638677	0.2646743008	59.61262809
chr2	34640533	0.310844085	59.61311932
chr2	34642633	0.3266480414	59.6137721
chr2	34642659	0.3207589159	59.61378059
chr2	34741886	0.2484354661	59.64560853
chr2	34741907	0.2256763381	59.64561375
chr2	34741909	0.2604097959	59.6456142
chr2	34742413	0.2270556572	59.64574545
chr2	34744793	0.2518506976	59.64628584
chr2	34757309	0.2748641453	59.64943801
chr2	34757378	0.2980759434	59.64945697
chr2	34757396	0.3211029586	59.64946234
chr2	34794049	0.3517542039	59.66123172
chr2	34904913	0.3211029587	59.7002286
chr2	34904967	1.026107681	59.70024594
chr2	34905636	1.029161951	59.70093241
chr2	34905687	1.084212329	59.70098489
chr2	34905921	1.173462684	59.7012386
chr2	34908626	1.214834047	59.70441282
chr2	34910034	10.84501672	59.7061233
chr2	34910227	10.89304284	59.70821639
chr2	34910664	5.943991335	59.71297665
chr2	34910725	1.102773578	59.71333923
chr2	34911437	1.191112145	59.71412441
chr2	34911440	1.809048412	59.71412798
chr2	34914227	2.079208696	59.7191698
chr2	34916447	2.115246574	59.72378564
chr2	34917863	2.162606467	59.72678083
chr2	34918875	2.198874353	59.72896939
chr2	34919013	2.202204462	59.72927284
chr2	34919548	2.294902407	59.73045101
chr2	34919552	1.876002056	59.73046019
chr2	34919565	1.960998854	59.73048458
chr2	34919587	1.580171817	59.73052772
chr2	34949904	1.116803941	59.77843379
chr2	34988905	1.034905752	59.82199026
chr2	34989614	0.8613555063	59.82272401
chr2	34990753	0.8185110829	59.8237051
chr2	34990755	0.776050511	59.82370673
chr2	34990763	0.7346791483	59.82371294
chr2	34990818	0.6869882488	59.82375335
chr2	34990833	0.6474135668	59.82376365
chr2	35009815	0.6382754465	59.83605286
chr2	35009851	0.6041659987	59.83607584
chr2	35009871	0.5700633968	59.83608792
chr2	35010653	0.4614528812	59.83653371
chr2	35010671	0.4099209196	59.83654201
chr2	35010740	0.3738830401	59.8365703
chr2	35010741	0.2993571535	59.83657067
chr2	35011633	0.2443081546	59.8368377
chr2	35011802	0.2107093129	59.83687899
chr2	35012299	1.432614977	59.83698371
chr2	35012464	1.39802394	59.83722009
chr2	35012570	1.328154554	59.83736828
chr2	35012588	1.5077096	59.83739219
chr2	35014882	1.60339624	59.84085087
chr2	35015080	0.3814905765	59.84116835
chr2	35015153	0.6733589308	59.8411962
chr2	35050395	0.4292485093	59.86492671
chr2	35050482	0.9120210964	59.86496406
chr2	35050533	0.9365594496	59.86501057
chr2	35050560	0.9489473759	59.86503586
chr2	35050575	0.9810476563	59.86505009
chr2	35050644	1.051790958	59.86511778
chr2	35051304	1.082675081	59.86581197
chr2	35054649	1.098753244	59.86943351
chr2	35054796	1.115125857	59.86959503
chr2	35054877	6.614479277	59.86968536
chr2	35054971	8.331114508	59.87030712
chr2	35055900	8.495799958	59.87804672
chr2	35055939	8.508420832	59.87837806
chr2	35056118	6.877080464	59.87990107
chr2	35056161	6.893468555	59.88019678
chr2	35056203	6.925930438	59.88048631
chr2	35056908	5.240057404	59.88536909
chr2	35056918	4.756556709	59.88542149
chr2	35056984	5.234502242	59.88573542
chr2	35057010	5.251016246	59.88587152
chr2	35057018	1.475327745	59.88591352
chr2	35057030	1.491656538	59.88593123
chr2	35084185	1.512081629	59.92643716
chr2	35099737	1.294714297	59.94995306
chr2	35099807	1.23327133	59.95004369
chr2	35235380	1.113438011	60.11724198
chr2	35235399	1.181293382	60.11726313
chr2	35262294	1.033843019	60.14903402
chr2	35262309	0.9681634422	60.14904953
chr2	35262345	0.9352437737	60.14908438
chr2	35262438	0.9026785935	60.14917136
chr2	35262774	2.376044463	60.14947466
chr2	35262782	8.507002046	60.14949367
chr2	35262791	8.49049085	60.14957023
chr2	35263437	8.474031318	60.15505509
chr2	35263492	3.655037007	60.15552116
chr2	35263514	3.608513343	60.15560157
chr2	35264487	3.575896979	60.15911265
chr2	35265124	3.559576813	60.1613905
chr2	35265130	2.140953399	60.16141186
chr2	35265136	0.5598808484	60.1614247
chr2	35265999	0.585137295	60.16190788
chr2	35323531	0.5442229627	60.195572
chr2	35324823	0.5192111106	60.19627514
chr2	35324842	0.4644557184	60.196285
chr2	35324869	0.4520677921	60.19629754
chr2	35325064	10.4194464	60.19638569
chr2	35325185	10.40682552	60.19764645
chr2	35325192	10.50202961	60.19771929
chr2	35325418	1.851461288	60.20009275
chr2	35329212	1.800314058	60.2071172
chr2	35329251	2.858240535	60.20718741
chr2	35329270	2.888642779	60.20724172
chr2	35329284	4.171920593	60.20728216
chr2	35329432	4.11906941	60.2078996
chr2	35331403	4.151294042	60.21601829
chr2	35331932	2.594123269	60.21821432
chr2	35332443	1.517490779	60.21953992
chr2	35332467	1.584206914	60.21957634
chr2	35332490	0.6857842186	60.21961278
chr2	35332569	0.6614496375	60.21966695
chr2	35360885	0.5662455456	60.23839656
chr2	35361105	0.3409974094	60.23852113
chr2	35368114	0.3336452434	60.24091119
chr2	35383401	0.2080226018	60.24601162
chr2	35383413	0.3587687491	60.24601412
chr2	35383476	0.3926798262	60.24603672
chr2	35383584	0.4519125067	60.24607913
chr2	35393895	0.4194315308	60.2507388
chr2	35393945	0.4917196445	60.25075977
chr2	35405955	0.3409734973	60.25666532
chr2	35406037	0.4494218171	60.25669328
chr2	35436854	0.4171971852	60.27054311
chr2	35437371	0.3087488655	60.27075881
chr2	35440953	0.1925321178	60.27186474
chr2	35440966	0.1932525349	60.27186725
chr2	35441042	0.1687316492	60.27188193
chr2	35542106	0.1758598338	60.28893463
chr2	35542259	0.1820565042	60.28896154
chr2	35542554	0.1515229364	60.28901524
chr2	35542556	0.1301618621	60.28901555
chr2	35551473	0.190830783	60.2901762
chr2	35551912	0.218054943	60.29025997
chr2	35551927	0.258893964	60.29026324
chr2	35801550	0.2292821755	60.35488913
chr2	35801552	0.1115878816	60.35488959
chr2	35801635	0.1463928613	60.35489885
chr2	36018216	0.1991183985	60.38660477
chr2	36018820	0.3739681915	60.38672503
chr2	36018822	0.3659065788	60.38672578
chr2	36058527	0.40022478	60.4012541
chr2	36059301	0.3165949881	60.40156388
chr2	36123271	3.002855582	60.42181646
chr2	36123349	3.121712512	60.42205068
chr2	36124231	3.111178843	60.42480403
chr2	36124458	3.13778777	60.42551027
chr2	36124536	0.4195659307	60.42575502
chr2	36124873	0.3677432068	60.42589641
chr2	36150359	0.3580011427	60.43526871
chr2	36150569	0.3482649402	60.43534389
chr2	36151154	5.424868342	60.43554763
chr2	36151169	8.059069621	60.435629
chr2	36151226	7.996555552	60.43608837
chr2	36151646	7.97097231	60.43944692
chr2	36151820	2.868690552	60.44083387
chr2	36151939	2.72830756	60.44117524
chr2	36153749	0.1709747903	60.44611348
chr2	36153758	0.2733713706	60.44611502
chr2	36155263	0.342925836	60.44652644
chr2	36155666	0.3774402807	60.44666464
chr2	36157545	0.3525245007	60.44737385
chr2	36158906	0.3992803307	60.44785364
chr2	36159008	0.6124571939	60.44789437
chr2	36251437	0.6247519377	60.50450317
chr2	36251743	0.5900719392	60.50469435
chr2	36252164	0.5695696968	60.50494277
chr2	36252763	0.5347171875	60.50528394
chr2	36253056	0.9202968198	60.50544061
chr2	36253186	0.8855948636	60.50556025
chr2	36253211	0.8138059263	60.50558239
chr2	36254121	1.231470943	60.50632295
chr2	36254134	1.195748642	60.50633896
chr2	36254298	1.160087821	60.50653506
chr2	36254659	1.165815571	60.50695386
chr2	36254991	1.171341616	60.50734091
chr2	36260543	1.145306607	60.51384419
chr2	36260572	0.6712975654	60.51387741
chr2	36260582	0.1511924191	60.51388412
chr2	36270139	0.1809739146	60.51532907
chr2	36465221	0.1635549848	60.55063382
chr2	36465359	0.2102010457	60.55065639
chr2	36465958	0.1880180618	60.5507823
chr2	36794261	0.1776675027	60.6125092
chr2	36794284	0.4077209621	60.61251328
chr2	36794403	0.4012392665	60.6125618
chr2	36798326	0.4486824728	60.61413586
chr2	36804213	0.4810117559	60.61677726
chr2	36808623	0.4749050713	60.61889852
chr2	36809055	0.2390343089	60.61910368
chr2	36809142	0.2291498188	60.61912447
chr2	36809437	0.2192738034	60.61919207
chr2	36841598	0.2457855761	60.62624414
chr2	36842193	0.2309752613	60.62639038
chr2	36842248	0.2219590267	60.62640308
chr2	36842636	0.2161208748	60.6264892
chr2	36843398	0.2071320677	60.62665389
chr2	36843430	0.9058899253	60.62666052
chr2	36846609	1.045744504	60.62954034
chr2	36846631	1.0414285	60.62956335
chr2	36847932	1.035700749	60.63091824
chr2	36847952	1.029915534	60.63093896
chr2	36847965	1.032911003	60.63095235
chr2	36848008	1.021372323	60.63099676
chr2	36848240	1.01727534	60.63123372
chr2	36848303	1.128343551	60.63129781
chr2	36848306	0.4405710532	60.63130119
chr2	36848390	0.7111278298	60.6313382
chr2	36848432	0.9853323143	60.63136807
chr2	36869919	0.9869971136	60.6525399
chr2	36869951	0.6363693618	60.65257149
chr2	36876673	0.6411442551	60.65684916
chr2	36878087	0.6446751871	60.65775574
chr2	36878101	0.3434757322	60.65776477
chr2	36878129	0.3630718427	60.65777438
chr2	36880363	0.3090453946	60.65858549
chr2	36882521	0.312643131	60.65925241
chr2	36985099	0.3278771042	60.69132271
chr2	36988011	0.3046679653	60.69227749
chr2	37055128	0.3193587539	60.71272589
chr2	37175546	0.3323669046	60.75118243
chr2	37242834	0.2337052237	60.77354674
chr2	37342481	0.1990019697	60.79683476
chr2	37385256	0.2053401396	60.80534707
chr2	37385258	0.2746473629	60.80534748
chr2	37562958	0.3929989169	60.85415232
chr2	37588332	0.4403533012	60.86412427
chr2	37588337	0.407579149	60.86412648
chr2	37588502	5.710558458	60.86419373
chr2	37592848	0.2517592614	60.88901181
chr2	37593304	0.1957365244	60.88912662
chr2	37639098	0.1914389587	60.89809017
chr2	37639130	0.2095230089	60.8980963
chr2	37640478	0.2265140319	60.89837874
chr2	37640508	0.2484429373	60.89838553
chr2	37640511	0.2443559874	60.89838628
chr2	37823380	0.2747944511	60.94307141
chr2	37827037	0.1642263821	60.94407634
chr2	37827621	0.1607560411	60.94417224
chr2	37827651	0.1462838255	60.94417707
chr2	37827865	0.4504308958	60.94420837
chr2	37827924	0.4757218628	60.94423495
chr2	37827940	0.7568711034	60.94424256
chr2	37840473	0.7193555761	60.95372842
chr2	37841543	0.7153878682	60.95449813
chr2	37841565	0.4659845911	60.95451387
chr2	37841590	0.2183984598	60.95452552
chr2	37869275	0.2162945614	60.96057188
chr2	37869300	0.2525427177	60.96057729
chr2	37870510	0.2492400838	60.96088287
chr2	37934902	0.3839845088	60.97693194
chr2	37934981	0.2887910746	60.97696227
chr2	37934985	0.2856648634	60.97696343
chr2	37935019	0.2552264	60.97697314
chr2	37935021	0.3589679144	60.97697365
chr2	37958251	0.3496566455	60.98531247
chr2	37960108	0.2142032373	60.98596179
chr2	37960121	0.07945881241	60.98596457
chr2	37960775	1.866752332	60.98601654
chr2	37962285	3.461928532	60.98883533
chr2	37962948	1.906870228	60.99113059
chr2	37963004	1.935977923	60.99123738
chr2	37963046	1.899729767	60.99131869
chr2	37964169	2.186733116	60.99345208
chr2	37964378	2.216867641	60.99390911
chr2	37964382	0.8886615588	60.99391798
chr2	37968046	0.9355384234	60.99717403
chr2	37975419	0.9689020589	61.00407176
chr2	37975453	1.001484179	61.0041047
chr2	37975921	1.035055139	61.0045734
chr2	37975979	0.8115534515	61.00463343
chr2	37976009	0.2749260662	61.00465778
chr2	38059240	0.4619271443	61.02754015
chr2	38077143	0.1748142145	61.03581003
chr2	38077270	0.1414505789	61.03583223
chr2	38078992	0.331944606	61.03607581
chr2	38079067	0.4974643161	61.0361007
chr2	38079092	0.6624856668	61.03611314
chr2	38079747	0.6007958514	61.03654707
chr2	38084297	0.6881151969	61.03928069
chr2	38099597	0.3576782507	61.04980885
chr2	38099611	0.3318498034	61.04981386
chr2	38099624	0.3611088687	61.04981817
chr2	38099663	0.3749760277	61.04983226
chr2	38099666	0.402380836	61.04983338
chr2	38099684	0.2373594855	61.04984063
chr2	38109030	0.2518589335	61.05205899
chr2	38116687	0.2812167851	61.05398747
chr2	38123123	0.2960559947	61.05579738
chr2	38123213	0.2311453304	61.05582403
chr2	38129489	0.4104490656	61.0572747
chr2	38129513	0.472663204	61.05728455
chr2	38129519	0.4882952959	61.05728738
chr2	38199519	0.5113519969	61.09146805
chr2	38273414	0.4917989752	61.12925441
chr2	38274856	0.4693902939	61.12996358
chr2	38275925	0.4720588402	61.13046536
chr2	38276146	0.5925807063	61.13056969
chr2	38276150	0.6406072725	61.13057206
chr2	38279906	0.6180159454	61.13297818
chr2	38280005	0.7252265231	61.13303936
chr2	38280025	0.6800795861	61.13305387
chr2	38339475	0.9505874392	61.1734846
chr2	38343392	2.626581155	61.17720805
chr2	38343401	6.536800265	61.17723169
chr2	38344711	4.346848606	61.1857949
chr2	38344713	5.897085671	61.18580359
chr2	38344751	5.937004376	61.18602768
chr2	38345162	5.887924842	61.18846779
chr2	38346327	5.839505475	61.19532722
chr2	38346863	6.536478307	61.19845719
chr2	38346886	7.172827345	61.19860753
chr2	38346900	7.134138552	61.19870795
chr2	38346905	6.182388691	61.19874362
chr2	38346934	5.674046075	61.19892291
chr2	38352037	3.355675373	61.22787757
chr2	38352081	2.967683123	61.22802522
chr2	38352083	3.220237015	61.22803115
chr2	38352098	2.559307833	61.22807946
chr2	38352110	2.206734382	61.22811017
chr2	38352119	1.860822427	61.22813003
chr2	38352124	1.896593238	61.22813933
chr2	38352162	1.932378362	61.22821141
chr2	38352308	1.989977515	61.22849353
chr2	38352318	2.032955782	61.22851343
chr2	38352401	2.761443994	61.22868217
chr2	38352566	2.839937261	61.22913781
chr2	38353616	2.825594907	61.23211974
chr2	38356374	2.824474466	61.23991273
chr2	38357216	2.981220637	61.24229094
chr2	38358330	2.997327607	61.24561202
chr2	38359639	3.663828748	61.24953552
chr2	38359662	4.262870655	61.24961979
chr2	38360155	4.309556459	61.25172138
chr2	38362561	4.341685421	61.26209018
chr2	38364771	3.54368249	61.2716853
chr2	38365275	3.125468957	61.27347132
chr2	38365294	2.522109644	61.2735307
chr2	38365445	2.039201689	61.27391154
chr2	38365446	1.976082835	61.27391358
chr2	38365461	2.055289357	61.27394322
chr2	38411304	2.950460607	61.36816385
chr2	38427126	2.786275715	61.41484604
chr2	38427127	2.731183878	61.41484882
chr2	38427210	2.676166964	61.41507551
chr2	38427212	2.592167549	61.41508086
chr2	38427372	2.615590903	61.41549561
chr2	38427392	3.160557526	61.41554792
chr2	38427789	3.156880815	61.41680266
chr2	38427828	3.509026729	61.41692578
chr2	38428570	3.697391044	61.41952948
chr2	38429744	3.721203743	61.42387022
chr2	38429807	3.91719634	61.42410465
chr2	38429877	4.33476507	61.42437886
chr2	38429925	4.348389539	61.42458693
chr2	38431384	4.678279158	61.43093123
chr2	38432397	4.866518331	61.43567032
chr2	38432942	5.152914814	61.43832258
chr2	38432952	5.30166157	61.4383741
chr2	38433597	5.251799944	61.44179368
chr2	38433625	5.279426597	61.44194073
chr2	38433645	5.447011524	61.44204632
chr2	38433646	5.600925816	61.44205176
chr2	38447035	5.988750473	61.51704256
chr2	38447041	6.228091268	61.51707849
chr2	38447047	6.186440499	61.51711586
chr2	38447058	6.144803509	61.51718391
chr2	38447121	5.31705073	61.51757103
chr2	38447125	4.904158458	61.5175923
chr2	38447134	4.728144802	61.51763644
chr2	38447135	4.645989026	61.51764117
chr2	38447137	4.975903554	61.51765046
chr2	38447145	7.096038281	61.51769027
chr2	38450637	6.986915504	61.54246963
chr2	38453922	6.819330573	61.56542165
chr2	38455724	6.545477006	61.57771008
chr2	38455797	5.821018007	61.5781879
chr2	38455802	5.428489458	61.57821701
chr2	38455839	5.390967709	61.57841786
chr2	38455874	5.269973596	61.57860655
chr2	38455877	5.285118217	61.57862236
chr2	38455909	4.622597279	61.57879148
chr2	38455943	4.390643439	61.57894865
chr2	38455969	4.099986441	61.5790628
chr2	38455970	4.153607323	61.5790669
chr2	38457115	4.039281055	61.58382278
chr2	38457175	3.667187766	61.58406514
chr2	38457437	3.40950581	61.58502594
chr2	38457464	3.080198741	61.585118
chr2	38457472	2.766227738	61.58514264
chr2	38457506	2.468706034	61.58523669
chr2	38457618	1.579991095	61.58551319
chr2	38457621	1.346661	61.58551793
chr2	38457625	1.407002415	61.58552332
chr2	38457651	1.43660405	61.5855599
chr2	38457656	1.482607911	61.58556708
chr2	38457665	4.667384609	61.58558042
chr2	38457666	4.698047898	61.58558509
chr2	38457963	4.683760183	61.58698041
chr2	38458690	4.748187932	61.59038551
chr2	38458742	1.593016483	61.59063241
chr2	38559552	1.621316223	61.7512244
chr2	38559576	1.604936349	61.75126331
chr2	38559664	1.585464846	61.75140455
chr2	38559672	1.519045979	61.75141723
chr2	38569101	1.423991564	61.76574032
chr2	38569302	1.223846859	61.76602654
chr2	38572446	0.7565847971	61.76987431
chr2	38572560	0.7274389042	61.76996057
chr2	38574091	0.6790196813	61.77107427
chr2	38678986	0.6908623366	61.84230004
chr2	38679025	0.6601552366	61.84232699
chr2	38679148	0.7525131188	61.84240819
chr2	38679338	0.7388886499	61.84255116
chr2	38679454	0.7235829766	61.84263687
chr2	38679466	0.6776245556	61.84264556
chr2	38679472	0.8879312037	61.84264962
chr2	38679628	1.746996081	61.84278814
chr2	38680255	1.731851461	61.84388351
chr2	38680268	1.756211615	61.84390602
chr2	38694424	1.737956091	61.86876695
chr2	38694527	1.695777144	61.86894596
chr2	38694533	1.47015337	61.86895614
chr2	38694555	1.008165006	61.86898848
chr2	38694614	0.768799391	61.86904796
chr2	38694623	0.7544704628	61.86905488
chr2	38694653	0.5283060931	61.86907752
chr2	38694691	0.5139724506	61.86909759
chr2	38694731	0.5121823744	61.86911815
chr2	38694779	0.4978540504	61.86914273
chr2	38694826	0.5057951779	61.86916613
chr2	38694899	0.5718551811	61.86920306
chr2	38694908	0.7682557793	61.8692082
chr2	38694913	0.5459384971	61.86921205
chr2	38694929	0.558477869	61.86922078
chr2	38756776	0.483838194	61.90376096
chr2	38756792	0.4654048149	61.9037687
chr2	38756806	1.107367509	61.90377522
chr2	38756893	4.269168159	61.90387156
chr2	38757916	0.9455525006	61.90823892
chr2	38762037	0.3090390361	61.91213554
chr2	38763977	0.2887763722	61.91273508
chr2	38819763	0.3326533357	61.92884475
chr2	38821653	0.3520195927	61.92947347
chr2	38821944	0.4415030076	61.92957591
chr2	38955371	0.4727742139	61.98848433
chr2	38965925	0.438738023	61.99347399
chr2	38970418	0.4313973707	61.99544524
chr2	38970446	0.3475082366	61.99545732
chr2	38970461	0.369828164	61.99546253
chr2	38997053	0.3473351951	62.005297
chr2	38997119	0.3481101694	62.00531992
chr2	39106083	0.3418912794	62.0432514
chr2	39106874	0.3366585889	62.04352184
chr2	39106993	0.3067362713	62.0435619
chr2	39107042	0.2826561133	62.04357693
chr2	39110139	0.2909419526	62.04445231
chr2	39110795	0.2827769483	62.04464317
chr2	39118902	0.2010338956	62.04693565
chr2	39120479	0.2067643988	62.04725268
chr2	39122707	0.1074621974	62.04771335
chr2	39122740	0.1211815025	62.04771689
chr2	39123731	0.1463558667	62.04783698
chr2	39124709	0.1758075927	62.04798012
chr2	39125289	0.1968760877	62.04808209
chr2	39125352	0.2341609541	62.04809449
chr2	39125423	0.2891094183	62.04811112
chr2	39126088	0.3191356558	62.04830338
chr2	39126102	0.3489937481	62.04830784
chr2	39239911	0.3263170169	62.08802647
chr2	39384324	0.336672907	62.13515089
chr2	39384336	0.5062154089	62.13515493
chr2	39403757	0.3298153851	62.14498614
chr2	39403857	0.305415569	62.14501912
chr2	39404866	0.3164402996	62.14532729
chr2	39406177	0.3119655405	62.14574214
chr2	39406244	0.3126699491	62.14576304
chr2	39411223	0.3255565023	62.14731983
chr2	39411345	0.3539754468	62.14735954
chr2	39508291	0.367325174	62.18167605
chr2	39508393	0.3584552075	62.18171351
chr2	39508526	0.3552222561	62.18176119
chr2	39508622	0.3841012998	62.18179529
chr2	39591058	0.3713687593	62.21345907
chr2	39671355	0.3651451312	62.24327886
chr2	39671617	0.3461186101	62.24337453
chr2	39672941	0.3334948298	62.24383279
chr2	39674777	0.3258187137	62.24444509
chr2	39674918	0.3422346593	62.24449103
chr2	39701927	0.3510315973	62.25373444
chr2	39701933	0.3403321266	62.25373655
chr2	39710998	0.3365504732	62.25682166
chr2	39711916	0.2761578565	62.25713061
chr2	39712458	0.4492868953	62.25728029
chr2	39712463	0.5113649638	62.25728254
chr2	39713093	0.5114269026	62.2576047
chr2	39713097	0.5994496637	62.25760674
chr2	39713140	0.6679104513	62.25763252
chr2	39713467	0.6454893081	62.25785093
chr2	39714632	0.6398678705	62.25860292
chr2	39762717	0.6329996864	62.28937097
chr2	39762718	0.5645182024	62.2893716
chr2	39762776	0.3575960367	62.28940434
chr2	39762837	0.3390400432	62.28942616
chr2	39763136	0.3293805589	62.28952753
chr2	39763291	0.4133754921	62.28957858
chr2	39763345	0.4530528095	62.28960091
chr2	39867050	0.4654994802	62.33658475
chr2	39867087	0.432761035	62.33660197
chr2	39867229	0.5151610069	62.33666342
chr2	39867268	0.4901500255	62.33668351
chr2	39867270	0.46820005	62.3366845
chr2	39867295	0.5250285703	62.3366962
chr2	39897576	3.598085251	62.35259459
chr2	39897621	4.33190715	62.3527565
chr2	39898269	4.34694727	62.35556358
chr2	39898366	4.526116291	62.35598523
chr2	39899737	2.935495571	62.36219054
chr2	39899750	5.791058303	62.3622287
chr2	39899820	4.276744733	62.36263407
chr2	39900523	4.520948563	62.36564063
chr2	39900940	2.54879754	62.36752586
chr2	39900972	2.649337242	62.36760742
chr2	39905966	2.279331183	62.38083821
chr2	39906001	2.328433578	62.38091799
chr2	39906050	4.152418389	62.38103208
chr2	39916905	3.526325409	62.42610659
chr2	39916934	3.195810149	62.42620885
chr2	39917332	2.556697203	62.42748078
chr2	39917376	2.35506428	62.42759328
chr2	39917397	0.5768299645	62.42764273
chr2	39917483	0.3425652872	62.42769234
chr2	39917615	0.3586133052	62.42773756
chr2	39917708	0.4067399138	62.42777091
chr2	39917807	0.4228024963	62.42781118
chr2	40124206	0.6443019136	62.51507719
chr2	40129173	0.6121972354	62.51827744
chr2	40129224	0.5801117268	62.51830866
chr2	40129265	0.5654449983	62.51833244
chr2	40129347	0.5333666872	62.51837881
chr2	40129362	0.7494752047	62.51838681
chr2	40129380	0.7334215013	62.5184003
chr2	40129385	0.7173852213	62.51840397
chr2	40129407	0.6853224966	62.51841975
chr2	40129535	0.9853507194	62.51850747
chr2	40129854	0.9533320194	62.5188218
chr2	40129922	0.96720484	62.51888662
chr2	40130010	1.279675613	62.51897174
chr2	40130475	1.2637214	62.51956679
chr2	40137705	1.009816939	62.52870349
chr2	40138245	1.038643936	62.52924879
chr2	40140861	0.4679557604	62.53196589
chr2	40140885	0.1554849878	62.53197712
chr2	40141013	0.1545628358	62.53199702
chr2	40141152	0.161700528	62.5320185
chr2	40141215	0.1986107915	62.53202869
chr2	40147271	0.2389112486	62.53323148
chr2	40151427	0.3332455546	62.53422439
chr2	40151469	0.4022976671	62.53423839
chr2	40276184	0.3862961862	62.58441094
chr2	40276185	0.3621523668	62.58441133
chr2	40276187	0.373500654	62.58441205
chr2	40276223	0.9331382777	62.5844255
chr2	40276276	1.485498429	62.58447496
chr2	40277582	1.46064402	62.58641502
chr2	40281433	1.472329438	62.59203996
chr2	40282295	0.9126918155	62.59330911
chr2	40282299	0.9494004638	62.59331276
chr2	40282382	0.9234517054	62.59339156
chr2	40282428	0.4615418603	62.59343404
chr2	40282454	0.4364046784	62.59344604
chr2	40282486	0.4104681996	62.59346
chr2	40282543	0.4492029211	62.5934834
chr2	40282568	0.4611451292	62.59349463
chr2	40282572	0.5086908487	62.59349647
chr2	40282577	0.5556184917	62.59349902
chr2	40282578	0.7763581975	62.59349957
chr2	40282620	0.8251663972	62.59353218
chr2	40362148	0.8180571446	62.65915601
chr2	40362155	0.80192831	62.65916174
chr2	40369833	11.06815082	62.66531894
chr2	40369889	11.36145135	62.66593876
chr2	40370164	1.774195535	62.66906316
chr2	40370265	2.249922773	62.66924235
chr2	40370271	2.196338486	62.66925585
chr2	40370354	2.246032162	62.66943815
chr2	40374869	2.262321907	62.67957898
chr2	40374870	1.818158551	62.67958125
chr2	40374896	2.067085367	62.67962852
chr2	40377408	1.576318143	62.68482104
chr2	40377908	1.175825264	62.6856092
chr2	40377980	1.205218673	62.68569385
chr2	40388467	0.7379098384	62.69833298
chr2	40391652	0.7106621153	62.70068323
chr2	40431898	0.7810832879	62.72928453
chr2	40566208	0.7826876051	62.83419183
chr2	40567043	0.8503913698	62.83484537
chr2	40567115	0.5982409461	62.8349066
chr2	40567406	1.130940072	62.83508069
chr2	40567434	1.084138728	62.83511236
chr2	40567450	1.515661622	62.8351297
chr2	40570294	2.17169114	62.83944024
chr2	40572233	2.647993328	62.84365115
chr2	40575376	1.792898792	62.8519738
chr2	40575428	1.77632858	62.85206703
chr2	40575493	1.80512801	62.85218249
chr2	40575533	1.772004545	62.85225469
chr2	40575556	1.305329299	62.85229545
chr2	40575626	1.275824687	62.85238682
chr2	40575691	1.277358857	62.85246975
chr2	40575721	1.287835014	62.85250807
chr2	40575839	1.27066681	62.85266004
chr2	40575842	12.93942653	62.85266385
chr2	40575843	13.02160795	62.85267679
chr2	40576134	1.384211882	62.85646608
chr2	40578604	1.701897393	62.85988508
chr2	40578705	1.713323753	62.86005697
chr2	40578981	1.163542582	62.86052985
chr2	40579065	1.170506545	62.86062759
chr2	40579334	1.191563114	62.86094245
chr2	40579566	1.199099803	62.86121889
chr2	40617192	0.7604037749	62.90633622
chr2	40617233	0.7368314812	62.9063674
chr2	40617234	0.6691277134	62.90636814
chr2	40617277	0.7138207833	62.90639691
chr2	40617337	0.6402912779	62.90643974
chr2	40618731	0.6301824597	62.90733231
chr2	40619448	0.6415712143	62.90778415
chr2	40621327	0.6497712704	62.90898966
chr2	40643923	0.6751483801	62.92367189
chr2	40900088	0.6526541588	63.09662127
chr2	40900218	0.6273829913	63.09670612
chr2	40901954	0.9937998726	63.09779526
chr2	40901955	0.9818667207	63.09779625
chr2	40901989	0.971622009	63.09782963
chr2	40902076	0.9875261909	63.09791417
chr2	40902095	0.942607259	63.09793293
chr2	40917818	0.6837520147	63.11275354
chr2	40917823	0.6384424777	63.11275696
chr2	40917832	0.6174392181	63.11276271
chr2	40917870	0.6061322414	63.11278617
chr2	40921061	0.6136799955	63.11472034
chr2	40921763	0.4325462282	63.11515114
chr2	40921767	0.4006367254	63.11515287
chr2	40922221	0.4212559185	63.11533476
chr2	40924331	0.4283188488	63.11622361
chr2	40924333	0.4184871215	63.11622447
chr2	40934253	0.4077646599	63.12037586
chr2	40934266	0.3863206163	63.12038116
chr2	40934287	0.3939035382	63.12038927
chr2	40934486	0.3844286281	63.12046766
chr2	40934590	0.3940460303	63.12050764
chr2	40934627	0.3631741864	63.12052222
chr2	40934931	0.3647634414	63.12063262
chr2	40935114	0.3754639898	63.12069938
chr2	40935210	0.336133484	63.12073542
chr2	40935699	0.340551189	63.12089979
chr2	40935700	0.3483526088	63.12090013
chr2	40936213	0.3559703277	63.12107884
chr2	40936578	0.494606302	63.12120876
chr2	40936581	0.5117662463	63.12121025
chr2	41030443	0.5042295574	63.16924565
chr2	41031182	0.5063592306	63.16961828
chr2	41034265	0.4760307913	63.17117938
chr2	41034552	0.4536495621	63.171316
chr2	41035275	0.4634384647	63.17164399
chr2	41035349	0.4711966933	63.17167829
chr2	41035683	0.4924742107	63.17183567
chr2	41035729	0.4488349798	63.17185832
chr2	41035896	0.4302956528	63.17193328
chr2	41036024	0.4118096255	63.17198835
chr2	41036534	0.3697072112	63.17219838
chr2	41036662	0.3798625232	63.1722457
chr2	41036669	0.433037485	63.17224836
chr2	41036672	0.4027892259	63.17224966
chr2	41036751	0.5421096731	63.17228148
chr2	41036761	0.5958098146	63.1722869
chr2	41038131	0.6218468612	63.17310316
chr2	41038198	0.6502504599	63.17314482
chr2	41038217	0.741503089	63.17315718
chr2	41039529	0.751746164	63.17413003
chr2	41039544	0.8720348475	63.17414131
chr2	41039559	0.8879794781	63.17415439
chr2	41042335	0.9126352946	63.17661942
chr2	41043434	0.9521268113	63.1776224
chr2	41252679	0.7950009352	63.37685018
chr2	41252700	0.763505669	63.37686687
chr2	41280979	0.9872441446	63.39845805
chr2	41281660	0.9732090553	63.39913036
chr2	41281713	0.9113918269	63.39918194
chr2	41281742	0.9451938725	63.39920837
chr2	41367197	0.9023861543	63.47997992
chr2	41371277	0.9333643004	63.48366165
chr2	41371288	1.038231271	63.48367192
chr2	41374890	1.033464142	63.48741163
chr2	41381011	1.023551683	63.49373746
chr2	41382240	0.9458540076	63.49499541
chr2	41382272	0.8353501215	63.49502567
chr2	41382294	0.8301764723	63.49504405
chr2	41382415	0.7814401167	63.4951445
chr2	41382581	0.8530756872	63.49527422
chr2	41385853	0.8206737606	63.49806549
chr2	41426876	0.8119634251	63.53173198
chr2	41430903	0.7555448122	63.53500176
chr2	41432374	0.9609576058	63.53611317
chr2	41432402	0.9053646437	63.53614007
chr2	41432403	0.8622339441	63.53614098
chr2	41432452	0.8536148315	63.53618323
chr2	41432493	0.8663113906	63.53621823
chr2	41432497	0.892086399	63.53622169
chr2	41432533	0.7556871675	63.53625381
chr2	41473327	0.7664112308	63.56708131
chr2	41473351	0.8252376528	63.5670997
chr2	41473362	0.8150190288	63.56710878
chr2	41530136	0.8059966491	63.61338067
chr2	41640340	0.8026749387	63.70220473
chr2	41640416	1.21652489	63.70226573
chr2	41640649	1.183600542	63.70254918
chr2	41640717	1.16728069	63.70262967
chr2	41641550	1.113621392	63.70360201
chr2	41641690	0.9815570416	63.70375792
chr2	41641741	0.9574757419	63.70380798
chr2	41648145	1.017505767	63.70993965
chr2	41648466	0.9981033519	63.71026627
chr2	41648517	0.6003220341	63.71031717
chr2	41648800	0.5903861	63.71048707
chr2	41648823	0.7119476687	63.71050064
chr2	41649022	0.7201738086	63.71064232
chr2	41649124	0.692168329	63.71071578
chr2	41649472	0.7741800925	63.71095665
chr2	41649476	0.8443418102	63.71095975
chr2	41698070	0.8539128189	63.7519897
chr2	41698149	0.8913349834	63.75205716
chr2	41704240	0.8939430054	63.75748628
chr2	41704592	0.9238204204	63.75780094
chr2	41704624	0.8379454927	63.75783051
chr2	41704752	0.9519067268	63.75793776
chr2	41704778	1.005385472	63.75796251
chr2	41704818	1.053795873	63.75800273
chr2	41704838	0.9654919429	63.75802381
chr2	41704877	1.041444154	63.75806146
chr2	41704904	1.036863657	63.75808958
chr2	41704921	0.9759621814	63.7581072
chr2	41705026	1.059379258	63.75820968
chr2	41705037	1.096138736	63.75822133
chr2	41705046	1.414881301	63.7582312
chr2	41774979	1.330024129	63.85717809
chr2	41775012	1.456458403	63.85722198
chr2	41775018	1.311113557	63.85723072
chr2	41775067	1.26258355	63.85729497
chr2	41775101	2.668539292	63.8573379
chr2	41775110	8.485221322	63.85736191
chr2	41775736	3.27216251	63.86267366
chr2	41775748	3.24532621	63.86271293
chr2	41775772	3.218494996	63.86279081
chr2	41775932	3.170671202	63.86330577
chr2	41776841	3.805606272	63.86618791
chr2	41776961	4.467362777	63.86664459
chr2	41777064	5.402453264	63.86710472
chr2	41777096	5.863590413	63.8672776
chr2	41777380	7.421037957	63.86894286
chr2	41782096	6.759281452	63.90394048
chr2	41782111	5.178760062	63.90404187
chr2	41782125	5.134826624	63.90411437
chr2	41784464	3.689009958	63.91612473
chr2	41784465	3.245165156	63.91612842
chr2	41788550	2.336798352	63.92938492
chr2	41788575	1.192049124	63.92944334
chr2	41788641	1.267701335	63.92952201
chr2	41788672	0.9820300253	63.92956131
chr2	41788676	0.9950087658	63.92956524
chr2	41788954	0.9593807851	63.92984185
chr2	41797479	0.4715912924	63.93802057
chr2	41975329	0.4524846314	64.02189309
chr2	41980678	0.5011543486	64.02431343
chr2	41980791	0.4288625122	64.02437006
chr2	41980876	0.4165492354	64.02440651
chr2	41980951	0.3994595167	64.02443775
chr2	41980975	0.3106449845	64.02444734
chr2	41988349	0.3201710784	64.02673803
chr2	42050498	0.2585226212	64.04663635
chr2	42050604	0.2458663523	64.04666375
chr2	42050689	37.54912632	64.04668465
chr2	42050780	0.2071521298	64.05010162
chr2	42050967	0.2300879929	64.05014036
chr2	42051046	0.3166483357	64.05015853
chr2	42053113	0.2289311515	64.05081304
chr2	42060711	0.2838545227	64.05255246
chr2	42060728	0.3416990573	64.05255729
chr2	42060777	0.3727920774	64.05257403
chr2	42061676	0.4166337953	64.05290917
chr2	42062110	0.4084076555	64.05308999
chr2	42062192	0.4322169936	64.05312348
chr2	42083386	0.4206879782	64.06228389
chr2	42083468	0.4091621693	64.06231838
chr2	42145034	0.4470945538	64.08750886
chr2	42145370	0.4069475859	64.08765909
chr2	42145495	0.4456256636	64.08770995
chr2	42146106	0.4107740921	64.08798223
chr2	42146107	0.8823421825	64.08798264
chr2	42150042	0.812463853	64.09145466
chr2	42150215	0.9041729625	64.09159522
chr2	42150260	0.9096206837	64.0916359
chr2	42153313	0.4380525944	64.09441298
chr2	42155163	0.4518541436	64.09522337
chr2	42155204	0.4498791836	64.0952419
chr2	42155215	0.4138966381	64.09524685
chr2	42237048	0.3963878861	64.12911725
chr2	42237056	0.4069861404	64.12912042
chr2	42237061	0.4131497038	64.12912246
chr2	42239920	0.3004418922	64.13030365
chr2	42240793	0.1894749499	64.13056594
chr2	42240883	0.1956813236	64.13058299
chr2	42240886	0.2333196199	64.13058358
chr2	42345066	0.223793526	64.15489082
chr2	42345209	0.2059091564	64.15492282
chr2	42349587	0.1746479938	64.15582429
chr2	42349618	0.2095806418	64.1558297
chr2	42357131	0.2177341069	64.15740428
chr2	42357173	0.2892793735	64.15741343
chr2	42357221	0.330083173	64.15742731
chr2	42475156	0.341463727	64.19635567
chr2	42475266	0.3528484753	64.19639323
chr2	42475524	0.3639602966	64.19648427
chr2	42475529	0.3466862295	64.19648609
chr2	42475551	0.3647908068	64.19649371
chr2	42475943	0.3844092658	64.19663671
chr2	42479451	0.429983535	64.19798522
chr2	42564655	0.4785792028	64.23462154
chr2	42772647	0.3776772931	64.33416218
chr2	42773399	0.3661170183	64.3344462
chr2	42773746	0.6559967852	64.33457324
chr2	42773901	0.6454206136	64.33467492
chr2	42774029	0.6452320044	64.33475753
chr2	42775830	0.6398357997	64.33591959
chr2	42776327	0.63826186	64.33623759
chr2	42776360	0.6319609248	64.33625866
chr2	42776431	0.6238549166	64.33630352
chr2	42776462	0.6407018711	64.33632286
chr2	42788385	0.6028098355	64.34396195
chr2	42788404	0.5966034625	64.34397341
chr2	42788425	0.6000173038	64.34398593
chr2	42788445	4.438566127	64.34399793
chr2	42788448	4.452786523	64.34401125
chr2	42788458	4.457371092	64.34405578
chr2	42789444	4.464377452	64.34845075
chr2	42790103	2.443487247	64.35139277
chr2	42790139	0.287489707	64.35148074
chr2	42790604	0.2992076844	64.35161442
chr2	42790614	1.139306175	64.35161741
chr2	42790619	1.15498551	64.35162311
chr2	42790648	1.138011199	64.3516566
chr2	42794607	0.2922158108	64.35616199
chr2	42794637	0.367527318	64.35617076
chr2	43007189	3.358283106	64.43428942
chr2	43007345	3.327885842	64.43481331
chr2	43008388	0.4937576926	64.4382843
chr2	43008494	0.457209495	64.43833664
chr2	43008576	0.6401795387	64.43837413
chr2	43009000	0.7946418631	64.43864556
chr2	43010238	0.9767794765	64.43962933
chr2	43010248	0.9610190571	64.4396391
chr2	43027148	0.7491995649	64.45588032
chr2	43027312	0.7349735744	64.45600319
chr2	43027409	0.3038117342	64.45607448
chr2	43027414	0.2904008392	64.456076
chr2	43027478	0.2860812961	64.45609459
chr2	43027491	0.2288141209	64.45609831
chr2	43027759	0.2279234198	64.45615963
chr2	43027803	2.410402322	64.45616966
chr2	43027809	2.401787274	64.45618412
chr2	43027820	2.429607975	64.45621054
chr2	43027890	3.594892113	64.45638061
chr2	43028346	3.60892813	64.45801988
chr2	43029360	1.723355232	64.46167934
chr2	43030626	1.810529215	64.4638611
chr2	43030851	1.89805016	64.46426847
chr2	43030989	0.8818303391	64.4645304
chr2	43072978	1.698882431	64.50155758
chr2	43073115	1.697293176	64.50179032
chr2	43073304	1.542636355	64.50211111
chr2	43073306	1.462334831	64.5021142
chr2	43074999	1.315372616	64.50458993
chr2	43077137	0.2826556267	64.5074022
chr2	43077166	0.2096405934	64.50741039
chr2	43077308	0.1581148028	64.50744016
chr2	43077317	0.146353836	64.50744159
chr2	43077465	0.1456347223	64.50746325
chr2	43080410	0.1635158922	64.50789214
chr2	43080596	0.187592772	64.50792255
chr2	43270301	0.16968012	64.54350984
chr2	43270446	0.1556441021	64.54353445
chr2	43270449	1.593666802	64.54353491
chr2	43270489	1.579663697	64.54359866
chr2	43270607	1.56976668	64.54378506
chr2	43270624	7.925168478	64.54381175
chr2	43271156	1.537725525	64.54802793
chr2	43271666	3.20123012	64.54881217
chr2	43271696	4.865343563	64.54890821
chr2	43271763	4.851238331	64.54923419
chr2	43271782	4.848947118	64.54932636
chr2	43273738	3.184833675	64.5588109
chr2	43273747	3.17101608	64.55883957
chr2	43274449	2.547546257	64.56106562
chr2	43275501	1.661465514	64.56374564
chr2	43276037	0.8840416639	64.56463618
chr2	43276053	0.2639818362	64.56465033
chr2	43276096	0.5740649224	64.56466168
chr2	43276266	0.8567283497	64.56475927
chr2	43276350	1.394233568	64.56483124
chr2	43287843	1.40283477	64.58085516
chr2	43288025	0.8676692471	64.58111048
chr2	43288207	0.58107739	64.5812684
chr2	43288276	0.31210947	64.58130849
chr2	43289893	0.06119610845	64.58181317
chr2	43289913	0.08266216514	64.58181439
chr2	43290026	0.0972646698	64.58182374
chr2	43290038	0.111856452	64.5818249
chr2	43290558	0.1264924165	64.58188307
chr2	43290570	0.1411291371	64.58188459
chr2	43290591	0.1798588427	64.58188755
chr2	43448215	0.1583927864	64.61023762
chr2	43522734	0.1007398347	64.62204089
chr2	43522917	0.08614805243	64.62205933
chr2	43528075	0.1611045601	64.62250368
chr2	43528344	0.1468119132	64.62254702
chr2	43529685	0.3035336774	64.62274389
chr2	43531440	0.4919081494	64.62327659
chr2	43531469	0.4779352157	64.62329086
chr2	43534165	0.5739024935	64.62457937
chr2	43534173	0.7656900428	64.62458396
chr2	43534216	0.8642920119	64.62461689
chr2	43534262	0.9613146148	64.62465664
chr2	43557754	1.256213482	64.64723985
chr2	43559286	1.616336379	64.64916437
chr2	43559339	2.321277627	64.64925003
chr2	43568679	2.131424023	64.67093077
chr2	43568689	2.530566424	64.67095208
chr2	43568692	4.640406146	64.67095967
chr2	43568694	4.541992651	64.67096895
chr2	43568703	4.548001964	64.67100983
chr2	43568722	4.187879068	64.67109624
chr2	43568968	4.097330154	64.67212646
chr2	43569277	3.802431286	64.67339254
chr2	43569286	3.311928306	64.67342676
chr2	43570066	0.8387698989	64.67601006
chr2	43570531	0.895952042	64.67640009
chr2	43570580	3.345778295	64.67644399
chr2	43570611	5.262444297	64.67654771
chr2	43570615	15.11192127	64.67656876
chr2	43570622	15.14277792	64.67667454
chr2	43570629	15.17375892	64.67678054
chr2	43570637	15.26687409	64.67690193
chr2	43570648	15.41966471	64.67706987
chr2	43570889	15.4791624	64.68078601
chr2	43570890	15.5102173	64.68080149
chr2	43570961	5.689062237	64.68190271
chr2	43572653	5.692075905	64.69152861
chr2	43573002	5.714570846	64.69351514
chr2	43573050	5.580991478	64.69378944
chr2	43574313	5.642681351	64.70083823
chr2	43574717	5.704374502	64.70311787
chr2	43574718	5.736642885	64.70312358
chr2	43574763	4.190631018	64.70338173
chr2	43575447	3.487959461	64.70624812
chr2	43575489	2.860961055	64.70639461
chr2	43575515	3.148516996	64.706469
chr2	43575517	3.294267462	64.7064753
chr2	43575572	3.326702172	64.70665648
chr2	43575642	2.837975054	64.70688935
chr2	43576433	2.254306271	64.70913419
chr2	43576566	1.683673248	64.70943401
chr2	43679491	1.65245287	64.88272608
chr2	43679515	1.619778014	64.88276574
chr2	43679652	1.803822211	64.88298765
chr2	43679710	1.821348862	64.88309227
chr2	43679723	1.725003788	64.88311595
chr2	43680024	1.692858412	64.88363517
chr2	43680026	1.565945837	64.88363856
chr2	43680027	1.503821573	64.88364013
chr2	43680043	1.4715446	64.88366419
chr2	43680159	1.379886812	64.88383489
chr2	43680303	1.34890073	64.88403359
chr2	43680313	2.732122319	64.88404708
chr2	43680340	3.312339229	64.88412085
chr2	43680748	3.294011315	64.88547228
chr2	43680891	3.642072326	64.88594332
chr2	43681677	3.66866626	64.88880599
chr2	43682918	3.71659768	64.89335881
chr2	43683294	3.765625521	64.89475625
chr2	43689278	3.736989761	64.91728975
chr2	43689330	4.390901995	64.91748407
chr2	43689437	4.332495317	64.9179539
chr2	43690544	2.939025917	64.92274997
chr2	43690597	2.910704005	64.92290574
chr2	43690654	1.90786984	64.92307165
chr2	43690670	1.571506728	64.92310218
chr2	43690680	1.242868463	64.92311789
chr2	43690694	2.374608535	64.92313529
chr2	43693733	0.484664488	64.93035173
chr2	43741178	0.4061261797	64.95334664
chr2	43752604	0.3570983388	64.95798703
chr2	43752741	0.4747360649	64.95803596
chr2	43753232	0.4921196184	64.95826905
chr2	43755875	0.4471483411	64.95956972
chr2	43756211	0.4944755305	64.95971996
chr2	43759218	0.4449142498	64.96120685
chr2	43759261	0.4328066108	64.96122598
chr2	43759298	0.500292553	64.961242
chr2	43759784	0.5085955021	64.96148514
chr2	43759932	0.5461021345	64.96156041
chr2	43809455	0.5081712211	64.98860503
chr2	43809651	0.4665302272	64.98870463
chr2	43809732	0.4923948472	64.98874242
chr2	43809810	0.5417607528	64.98878083
chr2	43811831	0.5681723776	64.98987572
chr2	43812273	0.5945544749	64.99012686
chr2	43812324	0.6053048811	64.99015718
chr2	43873419	0.6559686402	65.02713828
chr2	43873593	0.6094927496	65.02725242
chr2	43873668	0.581392163	65.02729813
chr2	43873827	0.5638296412	65.02739057
chr2	43875125	0.5868218776	65.02812242
chr2	43940491	0.4577401616	65.06648062
chr2	43940494	0.4208912747	65.06648199
chr2	43940607	0.4276380064	65.06652956
chr2	43941077	0.4227685169	65.06673055
chr2	43941113	0.4066401506	65.06674577
chr2	43941124	0.3807623337	65.06675024
chr2	43941132	0.3549173897	65.06675328
chr2	43941133	0.279988614	65.06675364
chr2	43941186	0.2619561926	65.06676848
chr2	43941294	0.2490288864	65.06679677
chr2	43941295	0.2796616165	65.06679702
chr2	43941303	0.3250035689	65.06679926
chr2	43941309	0.3114466093	65.06680121
chr2	43948685	0.3258687657	65.06909844
chr2	43948701	0.3085278806	65.06910365
chr2	43948703	1.026440387	65.06910427
chr2	43948711	1.015913894	65.06911248
chr2	43949830	0.9704267161	65.07024929
chr2	43951971	1.004461102	65.07232697
chr2	43951974	1.020140251	65.07232998
chr2	43953515	0.313964097	65.07390202
chr2	43955085	0.3174491084	65.07439494
chr2	43957044	0.3589807985	65.07501683
chr2	44048349	0.3524068759	65.10779357
chr2	44048359	1.239724746	65.10779709
chr2	44052226	0.3303437195	65.11259111
chr2	44072441	0.2186063779	65.11926901
chr2	44073306	0.2422662644	65.1194581
chr2	44074395	0.222463696	65.11972193
chr2	44076477	0.2294011602	65.1201851
chr2	44076520	0.2612241233	65.12019496
chr2	44174204	0.3014261934	65.14571238
chr2	44181113	0.3097778704	65.14779493
chr2	44182650	0.2957112337	65.14827106
chr2	44183245	0.3418096881	65.14844701
chr2	44183253	0.3637860671	65.14844974
chr2	44183302	0.331963104	65.14846757
chr2	44184090	0.3456078698	65.14872916
chr2	44184099	0.3592644795	65.14873227
chr2	44184212	0.3704439381	65.14877286
chr2	44184219	0.3754736675	65.14877546
chr2	44184303	0.3832302777	65.148807
chr2	44184311	0.4462400982	65.14881006
chr2	44184340	0.4712254148	65.148823
chr2	44236222	0.4164329409	65.17327112
chr2	44238217	0.4300278125	65.1741019
chr2	44238241	0.3596900837	65.17411222
chr2	44238365	0.3771371854	65.17415683
chr2	44287113	0.344421434	65.19254151
chr2	44287140	0.3282908381	65.19255081
chr2	44287148	0.3499172812	65.19255344
chr2	44287165	0.3172179003	65.19255938
chr2	44290055	0.365994443	65.19347614
chr2	44337518	0.3438156769	65.21084734
chr2	44337569	0.3571528814	65.21086487
chr2	44337777	0.4209598469	65.21093916
chr2	44337879	0.3989834674	65.2109821
chr2	44432925	0.3692424308	65.24890388
chr2	44433132	0.314400278	65.24898031
chr2	44444276	0.2919937245	65.25248399
chr2	44444303	0.2600942853	65.25249187
chr2	44444741	0.254721059	65.2526058
chr2	44444892	0.2561595714	65.25264426
chr2	44444944	0.2431747312	65.25265758
chr2	44488173	0.2295422518	65.26316978
chr2	44504177	0.2058823653	65.26684337
chr2	44592354	0.09340002397	65.28499746
chr2	44592382	0.1034872052	65.28500008
chr2	44592385	0.082177037	65.28500039
chr2	44592432	0.101999352	65.28500425
chr2	44592497	0.3239582119	65.28501088
chr2	44592510	0.8677520061	65.28501509
chr2	44598924	0.3379547421	65.29058085
chr2	44608274	0.3263616398	65.29374073
chr2	44608397	0.113779378	65.29378087
chr2	44608514	0.1356085131	65.29379419
chr2	44763861	0.1157861981	65.31486056
chr2	44763982	0.09394527734	65.31487457
chr2	44764030	0.109203804	65.31487908
chr2	44764144	0.1790358448	65.31489153
chr2	44764183	0.2131292412	65.31489851
chr2	44764261	0.2540973426	65.31491514
chr2	44766523	0.2819884696	65.3154899
chr2	44835292	0.3044322341	65.33488197
chr2	44835293	0.2904356974	65.33488227
chr2	44928301	0.2873985326	65.36189512
chr2	44929257	0.2567259177	65.36216987
chr2	44930152	0.2857619915	65.36239964
chr2	44986698	0.2633182334	65.37855834
chr2	44986703	0.2480498336	65.37855965
chr2	44986710	0.6100911349	65.37856139
chr2	44986733	0.5948326087	65.37857542
chr2	44986742	0.5347845473	65.37858078
chr2	44986744	0.5485091045	65.37858185
chr2	44986758	0.688608863	65.37858953
chr2	44992640	0.6342285075	65.38263992
chr2	44993577	0.6300460211	65.38323419
chr2	44996096	0.5718694837	65.38482128
chr2	44996168	0.5677002931	65.38486246
chr2	45004149	0.5535394551	65.38939327
chr2	45004858	0.5452988124	65.38978573
chr2	45005012	0.878513134	65.38986971
chr2	45005375	0.8642862502	65.39018861
chr2	45007279	0.5604214866	65.39183421
chr2	45008012	0.5464849997	65.392245
chr2	45011013	5.809883172	65.393885
chr2	45011361	7.236586989	65.39590684
chr2	45011956	8.236327987	65.40021261
chr2	45012847	8.280213098	65.40755118
chr2	45013534	5.593472615	65.41323968
chr2	45013558	5.579848201	65.41337392
chr2	45013566	8.53988274	65.41341856
chr2	45013581	11.76084923	65.41354666
chr2	45013601	11.78335856	65.41378188
chr2	45013804	10.39239677	65.4161739
chr2	45014636	6.233500476	65.42482037
chr2	45014714	2.376469523	65.42530659
chr2	45014940	1.580133115	65.42584367
chr2	45015210	1.341059899	65.42627031
chr2	45015232	1.360189147	65.42629981
chr2	45015355	0.3982161552	65.42646711
chr2	45161676	0.375058105	65.4847345
chr2	45161798	0.471886613	65.48478026
chr2	45164520	0.4263689697	65.48606473
chr2	45164566	0.396450897	65.48608434
chr2	45164711	0.3737621279	65.48614183
chr2	45174833	0.3524737192	65.48992505
chr2	45175259	0.4323242457	65.4900752
chr2	45175279	0.6397978129	65.49008385
chr2	45175300	0.6919274057	65.49009729
chr2	45192843	0.7010259131	65.50223577
chr2	45192872	0.681896665	65.5022561
chr2	45192943	3.256037276	65.50230451
chr2	45193136	3.260251967	65.50293293
chr2	45193161	3.666531217	65.50301443
chr2	45194134	3.677385229	65.50658197
chr2	45194301	1.248664251	65.50719609
chr2	45195302	1.109471949	65.50844601
chr2	45195455	1.184933734	65.50861575
chr2	45201434	1.166686249	65.51570047
chr2	45201508	1.079098094	65.51578681
chr2	45201525	0.5433469372	65.51580515
chr2	45240103	0.5426189563	65.53676639
chr2	45240242	0.4707755844	65.53684181
chr2	45240453	0.4734981815	65.53694115
chr2	45240483	0.4213829783	65.53695535
chr2	45240486	0.1681185134	65.53695662
chr2	45244722	0.1564944454	65.53766877
chr2	45244759	0.1704080017	65.53767456
chr2	45244797	0.2000887764	65.53768103
chr2	45384302	0.1757370021	65.56559442
chr2	45384316	0.1994969191	65.56559688
chr2	45384322	0.1751550883	65.56559808
chr2	45384332	0.1508019177	65.56559983
chr2	45384597	0.1345676729	65.56563979
chr2	45384870	0.1193343866	65.56567653
chr2	45386042	0.1147124345	65.56581639
chr2	45386091	0.1248629822	65.56582201
chr2	45386414	4.948563888	65.56586234
chr2	45386441	4.972680789	65.56599595
chr2	45386499	5.043124691	65.56628436
chr2	45386540	5.199756892	65.56649113
chr2	45386639	5.227956119	65.56700591
chr2	45387128	0.490200837	65.56956238
chr2	45445092	0.4909511821	65.59797638
chr2	45474761	0.5002644671	65.61254241
chr2	45507045	0.4985649472	65.62869295
chr2	45507143	0.4703657206	65.62874181
chr2	45507159	0.4492228013	65.62874933
chr2	45507209	0.4204307052	65.6287718
chr2	45527335	0.3694634145	65.63723338
chr2	45527343	0.3453465129	65.63723634
chr2	45548971	0.3738664477	65.64470549
chr2	45566324	0.3725685018	65.6511932
chr2	45573693	0.3671935318	65.65393866
chr2	45573844	0.330933385	65.6539941
chr2	45702998	0.3560636873	65.69673547
chr2	45703042	0.3675307272	65.69675114
chr2	45736804	0.3513081851	65.70915971
chr2	45835192	0.3716944159	65.74372422
chr2	45839004	0.3940169824	65.74514112
chr2	45839622	0.3837943987	65.74538462
chr2	45839629	0.3841180432	65.74538731
chr2	45839648	0.4263129573	65.74539461
chr2	45839676	0.417701053	65.74540654
chr2	45840622	0.3952505728	65.74580169
chr2	45851822	0.3200452865	65.7502285
chr2	45991007	0.3379351171	65.794774
chr2	45991230	0.2930418006	65.79484936
chr2	45991232	0.2636993869	65.79484995
chr2	45991272	0.5653422645	65.79486049
chr2	45991294	0.9974000477	65.79487293
chr2	45999380	0.5388669564	65.80293791
chr2	45999392	1.908975665	65.80294437
chr2	46001824	0.5117225186	65.807587
chr2	46001853	0.5045613158	65.80760184
chr2	46001879	0.461529559	65.80761496
chr2	46001896	0.4501607324	65.80762281
chr2	46001949	0.4423601707	65.80764667
chr2	46002074	0.1068566856	65.80770196
chr2	46002188	0.1512916524	65.80771414
chr2	46002403	0.1513768852	65.80774667
chr2	46002938	0.2611392453	65.80782766
chr2	46003010	0.2748874081	65.80784646
chr2	46004179	0.3321188972	65.8081678
chr2	46004193	0.4031366123	65.80817245
chr2	46004200	0.4926172848	65.80817527
chr2	46004352	0.9383668799	65.80825015
chr2	46004411	1.25083169	65.80830552
chr2	46004444	1.306248766	65.80834679
chr2	46004526	1.762344588	65.80845391
chr2	46063500	1.752058112	65.91238641
chr2	46063554	1.694826623	65.91248103
chr2	46063915	1.401161586	65.91309286
chr2	46064479	1.447394506	65.91388311
chr2	46064798	1.477676729	65.91434483
chr2	46065289	1.500474261	65.91507037
chr2	46065763	1.49080216	65.9157816
chr2	46065826	1.409655387	65.91587552
chr2	46065829	1.524475234	65.91587975
chr2	46067701	1.572915999	65.91873356
chr2	46067734	1.671543876	65.91878547
chr2	46078058	1.770618271	65.93604249
chr2	46078662	35.67531855	65.93711194
chr2	46078685	35.68525725	65.93793247
chr2	46078762	1.704060743	65.94068024
chr2	46101926	1.715627836	65.9801531
chr2	46101953	1.758506858	65.98019942
chr2	46134073	1.750381389	66.03668266
chr2	46134100	1.639313737	66.03672992
chr2	46135199	1.725361688	66.03853153
chr2	46135290	1.63887	66.03868854
chr2	46135298	11.81899578	66.03870165
chr2	46135308	11.71140971	66.03881984
chr2	46135318	11.60907322	66.03893695
chr2	46135572	12.98094228	66.04188566
chr2	46135631	2.776378762	66.04265153
chr2	46135647	4.3717401	66.04269596
chr2	46135732	4.323130257	66.04306755
chr2	46135744	4.274526672	66.04311943
chr2	46137777	2.679165334	66.05180954
chr2	46137790	2.757327948	66.05184437
chr2	46137795	2.835618421	66.05185816
chr2	46137804	3.019629163	66.05188368
chr2	46137851	2.971188398	66.0520256
chr2	46137939	3.072795987	66.05228707
chr2	46137979	3.026563067	66.05240998
chr2	46138049	7.304948217	66.05262184
chr2	46139715	5.265260555	66.06479188
chr2	46139717	5.300293074	66.06480241
chr2	46139846	3.541144183	66.06548615
chr2	46139868	3.578904154	66.06556406
chr2	46139996	3.733858168	66.06602216
chr2	46140001	4.011207606	66.06604083
chr2	46140031	4.179026511	66.06616116
chr2	46140047	2.491305099	66.06622803
chr2	46140061	2.532189563	66.0662629
chr2	46140400	2.801931664	66.06712132
chr2	46174686	2.611825884	66.16318835
chr2	46174690	2.948823497	66.16319879
chr2	46174790	2.770919316	66.16349367
chr2	46175047	9.318356023	66.1642058
chr2	46175193	9.22222001	66.16556628
chr2	46175459	9.240153601	66.16801939
chr2	46175566	2.692716894	66.16900809
chr2	46175603	3.276956271	66.16910772
chr2	46175620	3.246005468	66.16916343
chr2	46175638	4.455800173	66.16922185
chr2	46177013	4.24650728	66.17534858
chr2	46177034	4.303444374	66.17543776
chr2	46177077	4.212173131	66.1756228
chr2	46179970	4.126296971	66.18780862
chr2	46179986	3.351001591	66.18787464
chr2	46180488	3.014654271	66.18955685
chr2	46180569	2.218561285	66.18980103
chr2	46180954	2.251824211	66.19065518
chr2	46181197	2.169217254	66.19120237
chr2	46181198	1.647072253	66.19120454
chr2	46181199	0.9798424117	66.19120619
chr2	46181202	0.9369633872	66.19120913
chr2	46181232	0.9895821495	66.19123724
chr2	46181265	5.440629457	66.19126989
chr2	46183026	5.494750847	66.20085084
chr2	46183040	5.548137591	66.20092777
chr2	46183053	3.698659853	66.20099989
chr2	46183055	4.94636305	66.20100729
chr2	46183473	5.684117005	66.20307487
chr2	46188434	4.796047931	66.23127378
chr2	46188502	1.534849226	66.23159991
chr2	46192429	1.249748218	66.23762726
chr2	46236528	1.069706811	66.29273991
chr2	46236553	1.008244656	66.29276665
chr2	46236625	0.9376314428	66.29283924
chr2	46236716	0.7284572073	66.29292457
chr2	46238238	0.6664080948	66.29403328
chr2	46245113	0.6340810717	66.29861483
chr2	46245131	0.5741463373	66.29862625
chr2	46245812	0.521527582	66.29901724
chr2	46245813	0.4674061863	66.29901776
chr2	46246691	0.5307491887	66.29942815
chr2	46247086	0.4791225095	66.29963779
chr2	46249578	0.6228062157	66.30083176
chr2	46249635	0.5717696044	66.30086726
chr2	46250179	0.7550134086	66.30117831
chr2	46250224	0.7241853102	66.30121228
chr2	46273228	0.6387284657	66.31787144
chr2	46273962	0.5849969993	66.31834027
chr2	46275169	9.961883659	66.31904636
chr2	46275176	19.4403034	66.31911609
chr2	46275337	19.49728633	66.32224598
chr2	46275530	0.3509616247	66.32600896
chr2	46275802	0.2342318782	66.32610442
chr2	46331588	0.1760050164	66.33917128
chr2	46334798	0.1538816975	66.33973626
chr2	46334918	0.1693631617	66.33975472
chr2	46334920	0.1848694947	66.33975506
chr2	46334971	0.1434011159	66.33976449
chr2	46334996	0.1640598852	66.33976807
chr2	46488570	0.1558731597	66.36496341
chr2	46499346	0.1429436052	66.3666431
chr2	46499433	0.1277908134	66.36665553
chr2	46499484	0.107132044	66.36666205
chr2	46499747	0.09421295974	66.36669022
chr2	46500469	0.08318153641	66.36675825
chr2	46500594	0.08958209326	66.36676864
chr2	46553999	0.07406754864	66.37155278
chr2	46554033	0.0714720507	66.37155529
chr2	46554064	0.05596571843	66.37155751
chr2	46554414	0.04048425358	66.3715771
chr2	46554426	0.02255066216	66.37157758
chr2	46554502	0.0293704705	66.3715793
chr2	46554550	0.06055818373	66.37158071
chr2	46554615	0.06768378242	66.37158464
chr2	46556354	0.1382437703	66.37170235
chr2	46556837	0.1454041281	66.37176912
chr2	46557114	0.1668963424	66.37180939
chr2	46603787	0.1816563232	66.37959895
chr2	46663507	0.1293874103	66.39044746
chr2	46749801	2.037371493	66.40161282
chr2	46751582	0.1293874107	66.40524138
chr2	46751592	0.153512812	66.40524267
chr2	46752850	0.123620424	66.40543579
chr2	46786999	0.1930900293	66.40965731
chr2	47031411	0.1437941044	66.45685083
chr2	47031504	0.2504998154	66.4568642
chr2	47031546	0.5139923047	66.45687472
chr2	47031564	1.488533129	66.45688397
chr2	47032004	1.638270644	66.45753893
chr2	47032019	1.649503133	66.4575635
chr2	47032052	1.664758851	66.45761793
chr2	47032147	3.017238623	66.45777609
chr2	47032653	4.464410013	66.45930281
chr2	47033575	4.820457755	66.46341899
chr2	47035008	2.104049447	66.47032671
chr2	47035051	2.092061401	66.47041718
chr2	47035126	2.104309331	66.47057409
chr2	47035159	2.531208784	66.47064353
chr2	47037433	2.545075013	66.4763995
chr2	47037783	2.549525721	66.47729028
chr2	47037937	2.558762237	66.4776829
chr2	47040627	2.565153969	66.48456597
chr2	47042191	2.413168202	66.48857787
chr2	47043032	2.425594117	66.49060735
chr2	47043119	1.230760972	66.49081838
chr2	47043183	1.246819152	66.49089714
chr2	47043209	1.60208519	66.49092956
chr2	47043278	1.606749067	66.49104011
chr2	47043949	1.348889963	66.49211823
chr2	47044028	1.73742411	66.4922248
chr2	47049885	1.754007503	66.50240089
chr2	47052774	0.2444331709	66.50746822
chr2	47254796	0.1523371243	66.5568491
chr2	47255215	0.1631108511	66.55691292
chr2	47255268	0.1533232033	66.55692157
chr2	47334545	0.1323650441	66.56907657
chr2	47342584	0.1472665288	66.57014066
chr2	47342778	0.1621807013	66.57016923
chr2	47570623	0.1909242844	66.60712129
chr2	47572235	0.2374200838	66.60742906
chr2	47572270	0.55983798	66.60743737
chr2	47583888	0.5536456421	66.61394156
chr2	47583906	0.2616106087	66.61395153
chr2	47584019	0.2553292751	66.61398109
chr2	47584035	0.2911430815	66.61398518
chr2	47596057	0.3107922097	66.6174853
chr2	47596059	0.3046476245	66.61748592
chr2	47596280	0.2985920326	66.61755325
chr2	47596447	0.3206236485	66.61760311
chr2	47596539	0.3374930402	66.61763261
chr2	47702712	0.2280124727	66.65346526
chr2	47702860	0.2229422188	66.653499
chr2	47768997	0.1849211059	66.66824373
chr2	47769108	0.1801773416	66.66826426
chr2	47769278	0.1755309186	66.66829489
chr2	47771785	0.2860979484	66.66873495
chr2	47771882	0.2814340713	66.6687627
chr2	47771912	0.2644130052	66.66877114
chr2	47772526	0.2679417484	66.66893349
chr2	47772613	1.228585243	66.6689568
chr2	47773483	1.223968547	66.67002567
chr2	47778253	1.364213491	66.675864
chr2	47778861	1.31400748	66.67669344
chr2	47778953	0.778026463	66.67681433
chr2	47783583	0.7620698531	66.68041659
chr2	47783637	0.4538224246	66.68045775
chr2	47797402	0.4492589115	66.68670461
chr2	47797976	0.4323895198	66.68696249
chr2	47798399	0.4023394708	66.68714539
chr2	47800688	0.2813022612	66.68806634
chr2	47800716	0.2750723007	66.68807422
chr2	47801284	0.1554271916	66.68823046
chr2	47801312	0.1748314906	66.68823481
chr2	47801600	0.1942697565	66.68828516
chr2	47801605	0.2041928089	66.68828613
chr2	47801678	0.222957102	66.68830104
chr2	47801715	0.0781220645	66.68830929
chr2	47801792	0.116098112	66.6883153
chr2	47976416	0.09665984714	66.70858882
chr2	47976434	0.08548579254	66.70859056
chr2	47978778	0.925264536	66.70879094
chr2	47980290	0.9409472724	66.71018994
chr2	47982734	0.08196859442	66.71248962
chr2	47982773	0.0444281885	66.71249281
chr2	48026426	0.05030003478	66.71443224
chr2	48026891	0.06524119892	66.71445563
chr2	48027351	0.06182876416	66.71448564
chr2	48027474	0.07420401322	66.71449324
chr2	48027797	0.08659388162	66.71451721
chr2	48196969	0.07091114517	66.72916647
chr2	48302052	0.1047555571	66.73661803
chr2	48302063	0.1002056962	66.73661918
chr2	48302064	0.1485890667	66.73661928
chr2	48389316	0.1014127852	66.74958397
chr2	48394948	0.09218019446	66.75015513
chr2	48398385	0.08648610361	66.75047195
chr2	48398395	0.1544240389	66.75047282
chr2	48398459	0.160424741	66.7504827
chr2	48399336	0.2276649739	66.75062339
chr2	48402552	0.2316920791	66.75135556
chr2	48448413	0.140536759	66.76198119
chr2	48448505	0.1957809126	66.76199412
chr2	48448614	0.2272448887	66.76201546
chr2	48449023	0.2685853531	66.76210841
chr2	48449055	0.2882550643	66.762117
chr2	48449873	0.2472010903	66.76235279
chr2	48605140	0.1664214347	66.80073496
chr2	48621814	0.1165050672	66.80350988
chr2	48622077	0.1256569202	66.80354052
chr2	48622157	0.1199483469	66.80355057
chr2	48622627	0.08977390222	66.80360694
chr2	48622822	0.1090529199	66.80362445
chr2	48623073	0.08943329152	66.80365182
chr2	48623107	0.0956545268	66.80365486
chr2	48735142	0.08379939416	66.81437152
chr2	48735496	0.08262726571	66.81440118
chr2	48735509	0.1087457425	66.81440226
chr2	48735512	0.0969013926	66.81440258
chr2	48735587	0.1151591719	66.81440985
chr2	48735655	0.1334236245	66.81441768
chr2	48799082	0.1519876265	66.82288034
chr2	48799143	0.1619901569	66.82288961
chr2	48799188	0.1822990205	66.8228969
chr2	48921706	0.3286443698	66.84523181
chr2	48964746	0.2929964496	66.85937667
chr2	48965346	0.4774663292	66.85955247
chr2	48965385	0.4941889475	66.85957109
chr2	48965842	0.5126304888	66.85979693
chr2	48966510	0.4720256196	66.86013937
chr2	48967356	0.4654589891	66.8605387
chr2	48983767	0.2809891095	66.86817735
chr2	48988129	1.757148818	66.86940302
chr2	48988138	1.662001323	66.86941884
chr2	48989218	2.613589015	66.8712138
chr2	48992733	1.224093237	66.88040057
chr2	48992740	1.233474713	66.88040913
chr2	48992789	0.3244788977	66.88046957
chr2	48992800	0.3612106196	66.88047314
chr2	48993323	0.4203749318	66.88066206
chr2	48993381	0.5424191593	66.88068644
chr2	49036069	0.5698328564	66.90384123
chr2	49038010	0.5803797014	66.90494727
chr2	49138866	0.6385289405	66.96348205
chr2	49138869	0.5819165796	66.96348396
chr2	49153595	0.8585575793	66.97205327
chr2	49159992	1.260042183	66.97754546
chr2	49159997	1.239654362	66.97755176
chr2	49160026	1.255496557	66.97758771
chr2	49167280	1.298869241	66.98669508
chr2	49168554	1.314625557	66.98834984
chr2	49168590	1.76732273	66.98839717
chr2	49169320	1.545004855	66.98968731
chr2	49169640	1.589321026	66.99018172
chr2	49170347	1.641213271	66.99130537
chr2	49187747	1.341397908	67.01986248
chr2	49187751	1.164052275	67.01986784
chr2	49187772	1.148740602	67.01989229
chr2	49187815	1.026607128	67.01994168
chr2	49187871	1.009135177	67.01999917
chr2	49188800	1.068932801	67.02093666
chr2	49188806	1.187101552	67.02094307
chr2	49188828	1.000618684	67.02096919
chr2	49188924	1.119455558	67.02106525
chr2	49188928	1.179927852	67.02106973
chr2	49202478	1.17423908	67.03705775
chr2	49245121	0.8719727824	67.08713083
chr2	49245627	0.7688024735	67.08757204
chr2	49246319	0.4607989234	67.08810406
chr2	49246355	0.4422021931	67.08812064
chr2	49246364	0.3657164441	67.08812462
chr2	49246383	0.3066751854	67.08813157
chr2	49246404	0.2673350799	67.08813801
chr2	49246955	0.228259615	67.08828531
chr2	49247142	0.2888193222	67.088328
chr2	49247144	0.275462513	67.08832858
chr2	49247426	0.3855688803	67.08840626
chr2	49247525	0.4621781341	67.08844443
chr2	49247636	0.4182117269	67.08849573
chr2	49303494	0.524078507	67.1118562
chr2	49303525	0.4638099924	67.11187245
chr2	49304505	0.4807635471	67.11232698
chr2	49305071	0.4221034693	67.11259909
chr2	49305093	0.4394636661	67.11260838
chr2	49305651	0.4215184247	67.1128536
chr2	49389522	0.4232135742	67.14820677
chr2	49393262	0.469932402	67.14978959
chr2	49395513	0.4469856231	67.15084741
chr2	49434755	0.4546910361	67.16838802
chr2	49434770	0.9880963129	67.16839484
chr2	49434812	1.024467271	67.16843634
chr2	49434840	1.584012743	67.16846502
chr2	49434952	1.683436924	67.16864243
chr2	49440907	1.677030468	67.1786673
chr2	49440911	1.770958939	67.17867401
chr2	49440913	1.211413466	67.17867755
chr2	49440931	1.178638649	67.17869936
chr2	49440942	1.182201881	67.17871232
chr2	49440960	1.187623164	67.1787336
chr2	49477997	1.235049683	67.2227196
chr2	49500835	1.092319537	67.25092566
chr2	49503085	1.037664542	67.25338338
chr2	49503231	2.347151883	67.25353488
chr2	49503277	2.29264767	67.25364285
chr2	49503308	2.19977172	67.25371392
chr2	49503313	2.1502061	67.25372492
chr2	49503315	2.041264078	67.25372922
chr2	49504942	1.905900978	67.25705036
chr2	49504964	1.547101903	67.25709229
chr2	49505826	0.1453919463	67.25842589
chr2	49506047	0.1518414598	67.25845802
chr2	49506176	0.1580722087	67.25847761
chr2	49506300	0.1773938884	67.25849721
chr2	49506339	0.1503506922	67.25850413
chr2	49724118	0.1613521512	67.29124735
chr2	50022245	0.1515011316	67.33935079
chr2	50027826	0.1396595073	67.34019631
chr2	50027854	0.1274142149	67.34020022
chr2	50027960	0.1385469036	67.34021373
chr2	50032927	0.3145761599	67.34090189
chr2	50032952	0.301671071	67.34090976
chr2	50032997	0.4804619915	67.34092333
chr2	50034394	0.4588762506	67.34159454
chr2	50035531	0.4524549146	67.34211628
chr2	50051549	0.2738446933	67.3493637
chr2	50051555	0.2837883337	67.34936535
chr2	50051633	0.2940293405	67.34938748
chr2	50051721	0.1195442899	67.34941336
chr2	50052999	0.9273635936	67.34956613
chr2	50053024	0.9479827331	67.34958932
chr2	50066661	0.1957401986	67.36251696
chr2	50066734	0.3791770014	67.36253125
chr2	50066997	0.4405171156	67.36263097
chr2	50067771	0.4917365867	67.36297193
chr2	50121998	0.4862171034	67.38963733
chr2	50122024	0.4247571724	67.38964997
chr2	50122029	0.3755304618	67.3896521
chr2	50122032	0.3885324936	67.38965322
chr2	50122133	0.3967516694	67.38969246
chr2	50122395	0.2743612749	67.38979641
chr2	50122469	0.2873850819	67.38981672
chr2	50122508	0.2655293638	67.38982792
chr2	50122516	0.2951864531	67.38983005
chr2	50122519	0.3201020817	67.38983093
chr2	50122521	0.3331255911	67.38983157
chr2	50122525	0.2969160714	67.38983291
chr2	50122539	0.3264250814	67.38983706
chr2	50122677	0.3392613982	67.38988211
chr2	50326782	0.3287145531	67.45912706
chr2	50326840	0.3715033584	67.45914612
chr2	50326854	0.3548732188	67.45915132
chr2	50326858	0.3382417757	67.45915274
chr2	50329924	0.7341558472	67.46018979
chr2	50333198	0.7401282754	67.46259342
chr2	50381883	0.7297952158	67.49862656
chr2	50383385	0.6392236784	67.49972272
chr2	50383387	0.6406631314	67.499724
chr2	50383395	0.9438230609	67.49972912
chr2	50383443	0.932533996	67.49977442
chr2	50383448	0.9220026474	67.49977909
chr2	50383455	2.123787937	67.49978554
chr2	50383456	2.146564754	67.49978766
chr2	50386418	2.125350831	67.50614579
chr2	50386444	2.131099512	67.50620105
chr2	50386479	2.592879456	67.50627564
chr2	50387020	2.620783969	67.50767838
chr2	50387400	2.667574556	67.50867428
chr2	50387404	2.597556824	67.50868495
chr2	50392672	1.432869734	67.52236888
chr2	50394604	1.126146572	67.52513719
chr2	50394653	0.6735643016	67.52519237
chr2	50395357	0.6983155209	67.52566656
chr2	50531859	0.6138992464	67.62098802
chr2	50532648	0.3517406209	67.62147239
chr2	50535424	0.3428904998	67.62244882
chr2	50535460	0.317443197	67.62246116
chr2	50535571	0.3283554964	67.6224964
chr2	50611947	0.2636578004	67.64757488
chr2	50613710	0.2279052307	67.64803971
chr2	50616406	0.2161700143	67.64865414
chr2	50616443	3.29030572	67.64866214
chr2	50617506	3.338337697	67.65215973
chr2	50617525	3.309311059	67.65222316
chr2	50617532	3.267850855	67.65224633
chr2	50617538	0.2247748752	67.65226594
chr2	50617577	0.2102605638	67.6522747
chr2	50617769	0.2839804823	67.65231507
chr2	50617792	0.3635710587	67.6523216
chr2	50618187	0.4256926528	67.65246521
chr2	50660487	0.3461020766	67.67047201
chr2	50662421	0.3069514694	67.67114137
chr2	50662601	0.3312354637	67.67119663
chr2	50662849	0.2562399957	67.67127877
chr2	50663200	0.1926765516	67.67136871
chr2	50663403	1.366281552	67.67140783
chr2	50663864	1.292561633	67.67203768
chr2	50666347	1.320356067	67.67524711
chr2	50666367	0.1847691668	67.67527352
chr2	50666397	0.1930024419	67.67527906
chr2	50666447	0.2742244681	67.67528871
chr2	50787717	0.3117465982	67.70854391
chr2	50787743	0.3621354021	67.70855202
chr2	50788606	0.2950192072	67.70886454
chr2	50788639	0.2402484611	67.70887428
chr2	50788679	0.2124478879	67.70888389
chr2	50788705	0.2195534465	67.70888941
chr2	50788888	0.2393802722	67.70892959
chr2	50799125	0.3434697833	67.71138013
chr2	50799144	0.3623949075	67.71138665
chr2	50960278	0.3228758011	67.76978079
chr2	50977466	0.2657136289	67.77533038
chr2	50977474	9.740095641	67.77533251
chr2	50977557	9.784235725	67.77614094
chr2	50977641	13.07518579	67.77696281
chr2	50977741	13.05509265	67.77827033
chr2	50977825	13.0170611	67.77936696
chr2	50977832	3.525106764	67.77945808
chr2	50978040	3.558630694	67.7801913
chr2	50978303	3.540800845	67.78112722
chr2	50978700	0.3130752943	67.78253292
chr2	50978727	0.2952826016	67.78254137
chr2	50978774	0.3688684868	67.78255525
chr2	50978785	0.3581273163	67.78255931
chr2	51019006	0.2039747602	67.79696354
chr2	51022579	0.1284978898	67.79769235
chr2	51022594	0.1965729275	67.79769427
chr2	51022657	0.3799444954	67.79770666
chr2	51022660	0.4997399242	67.7977078
chr2	51078195	4.145791052	67.82546085
chr2	51078246	4.023525744	67.82567229
chr2	51078251	3.782797107	67.82569241
chr2	51078285	7.822710143	67.82582102
chr2	51078290	7.828709742	67.82586014
chr2	51079127	0.2824256936	67.83241277
chr2	51079140	0.2223309095	67.83241644
chr2	51079187	0.2920774179	67.83242689
chr2	51079197	0.3012791329	67.83242981
chr2	51079404	0.2721151315	67.83249217
chr2	51127836	0.285267009	67.84567125
chr2	51127847	0.2452155476	67.84567439
chr2	51127883	0.1755191067	67.84568322
chr2	51127908	0.1173139482	67.84568761
chr2	51266939	0.1102083897	67.86199788
chr2	51422338	0.5241665335	67.87912416
chr2	51445664	0.08712808054	67.89135086
chr2	51448410	0.07914782699	67.89159012
chr2	51448489	0.08732459827	67.89159637
chr2	51457253	0.1055185441	67.89236168
chr2	51644025	5.244537758	67.91206959
chr2	51644483	5.237960361	67.91447159
chr2	51644492	5.224805938	67.91451873
chr2	51644681	0.06368686958	67.91550622
chr2	51645043	0.05822701669	67.91552928
chr2	51645188	0.07410207459	67.91553772
chr2	51646119	0.0893022448	67.91560671
chr2	51690130	0.109396145	67.91953699
chr2	51690398	0.1283505103	67.91956631
chr2	51706033	0.1505139429	67.92157307
chr2	51858802	0.1461540145	67.94456693
chr2	51858826	0.4631723603	67.94457044
chr2	51859242	0.4272034022	67.94476312
chr2	51859354	1.079406465	67.94481097
chr2	51861309	1.070297598	67.94692121
chr2	51864193	1.164468299	67.95000794
chr2	51864360	0.4813314096	67.95020241
chr2	51869528	0.5476245419	67.95268993
chr2	51869545	0.2306061955	67.95269924
chr2	51869677	0.19645166	67.95272968
chr2	51870426	0.3188417746	67.95287682
chr2	51870441	0.3255376959	67.95288161
chr2	51871075	0.3304417961	67.953088
chr2	51893315	0.5840617567	67.96043702
chr2	51898794	0.4882887765	67.9636371
chr2	51898795	0.3742501637	67.96363758
chr2	51898829	0.3770332242	67.96365031
chr2	51898859	0.3821307451	67.96366162
chr2	51898952	0.3855710358	67.96369716
chr2	51912786	0.3853142476	67.96903115
chr2	51912902	0.3905278549	67.96907584
chr2	51912930	0.3957346076	67.96908678
chr2	51912971	0.4035363665	67.969103
chr2	51916109	0.4087692986	67.9703693
chr2	51916203	0.4154321086	67.97040773
chr2	51917599	0.2790058879	67.97098767
chr2	51920787	0.2267304371	67.97187714
chr2	51923205	0.1130429278	67.97242537
chr2	52377932	0.09233609325	68.02382904
chr2	52394447	0.09665531227	68.02535398
chr2	52415427	0.09401615999	68.0273818
chr2	52415445	0.08636501051	68.0273835
chr2	52426216	0.06726468739	68.02831373
chr2	52436879	0.06068035814	68.02903098
chr2	52438204	0.1143332023	68.02911138
chr2	52438234	0.1255323734	68.02911481
chr2	52563989	2.398188361	68.04490113
chr2	52564274	5.053254377	68.04558462
chr2	52564681	5.04804077	68.04764129
chr2	52564729	8.953925426	68.0478836
chr2	52565481	6.638961507	68.05461695
chr2	52565492	6.64509574	68.05468998
chr2	52565541	3.963075494	68.05501559
chr2	52565567	3.957868741	68.05511863
chr2	52565599	0.09196643202	68.05524528
chr2	52735580	0.06854147044	68.07087782
chr2	52737228	0.07616303357	68.07099078
chr2	52737939	0.1066608335	68.07104493
chr2	52737950	0.9833461709	68.07104611
chr2	52739806	0.9961229301	68.0728712
chr2	52741660	0.9849237592	68.07471801
chr2	52741861	0.1160616648	68.07491598
chr2	52742446	0.1239666769	68.07498387
chr2	52742529	0.1386935999	68.07499416
chr2	52809595	0.153593451	68.08429579
chr2	52886694	0.1501531603	68.09613769
chr2	52886765	0.1581884362	68.09614835
chr2	52973271	0.1434615133	68.1098326
chr2	53037659	0.09868967549	68.1190698
chr2	53043966	0.1434035412	68.11969224
chr2	53119279	0.1345473293	68.13049239
chr2	53119452	0.1284130964	68.13051566
chr2	53119830	0.120238232	68.1305642
chr2	53119963	0.07552436638	68.13058019
chr2	53172312	0.06770112293	68.13453382
chr2	53172315	0.05979611078	68.13453402
chr2	53172342	0.05197360584	68.13453564
chr2	53173491	0.1202048299	68.13459535
chr2	53173749	1.171442602	68.13462637
chr2	53173753	1.168835335	68.13463105
chr2	53176827	1.226198585	68.13822405
chr2	53176911	1.291284194	68.13832705
chr2	53176963	1.846441791	68.1383942
chr2	53177121	2.068894984	68.13868594
chr2	53177209	1.66423656	68.138868
chr2	53177405	3.094458456	68.13919419
chr2	53181191	3.115083688	68.15090981
chr2	53181857	2.351804342	68.15298446
chr2	53183084	1.789025181	68.15587012
chr2	53183849	1.35261152	68.15723873
chr2	53184461	1.035410593	68.15806652
chr2	53222661	1.104171993	68.19761921
chr2	53222789	1.098237117	68.19776054
chr2	53222910	0.8665223533	68.19789343
chr2	53222967	0.6621093477	68.19794282
chr2	53223294	0.5938781236	68.19815933
chr2	53228937	0.528186048	68.20151058
chr2	53228946	0.4528347027	68.20151534
chr2	53229054	0.3877702791	68.20156424
chr2	53229121	0.3226846701	68.20159023
chr2	53229166	0.2466725987	68.20160475
chr2	53271728	0.2338958395	68.21210363
chr2	53272080	0.06030200667	68.21218596
chr2	53272132	1.713212385	68.21218909
chr2	53273393	1.721389434	68.21434945
chr2	53274159	1.722749026	68.21566804
chr2	53274186	0.07654243512	68.21571455
chr2	53274326	0.04005647768	68.21572527
chr2	53274391	0.07120188484	68.21572787
chr2	53383496	0.04005647762	68.22349635
chr2	53383534	0.06216964683	68.22349787
chr2	53384691	0.07337675892	68.22356981
chr2	53384752	0.05237283608	68.22357428
chr2	53386973	0.06366493372	68.2236906
chr2	53387109	0.07482830696	68.22369926
chr2	53493294	0.09215186398	68.2316449
chr2	53510925	0.1059994145	68.23326963
chr2	53567967	0.1624049208	68.23931605
chr2	53687902	0.1399057111	68.25879409
chr2	53687959	0.1115861594	68.25880206
chr2	53688905	11.68891417	68.25890762
chr2	53688957	11.66082821	68.25951544
chr2	53688961	11.65928254	68.25956209
chr2	53689248	1.752228162	68.2629083
chr2	53689367	1.744043491	68.26311682
chr2	53689450	1.726719934	68.26326157
chr2	53690873	1.704606765	68.2657187
chr2	53690967	1.70641372	68.26587893
chr2	53691004	0.08749058956	68.26594207
chr2	53691508	0.08965623358	68.26598616
chr2	53749666	0.1047013147	68.27120039
chr2	53749699	0.5850688085	68.27120384
chr2	53749753	2.26121614	68.27123544
chr2	53749778	2.788301552	68.27129197
chr2	53755080	2.114823113	68.28607554
chr2	53756225	1.587737701	68.28849701
chr2	53756320	0.5556855307	68.28864785
chr2	53756773	0.08218442324	68.28889958
chr2	54171352	0.07402120388	68.32297151
chr2	54201391	0.03039831142	68.32519503
chr2	54201392	0.02376693639	68.32519506
chr2	54201407	0.02974987848	68.32519542
chr2	54201475	0.4645700513	68.32519744
chr2	54209154	0.4885168294	68.32876488
chr2	54209266	0.5166540464	68.32881959
chr2	54209290	0.08683728914	68.32883199
chr2	54251665	0.07997090279	68.33251172
chr2	54251670	0.0822267122	68.33251212
chr2	54252671	0.08757373675	68.33259443
chr2	54260899	0.094779295	68.33331499
chr2	54350888	0.1011092803	68.34184408
chr2	54351057	0.07716250217	68.34186117
chr2	54351065	0.08209007691	68.34186179
chr2	54351102	0.09376048588	68.34186482
chr2	54351240	0.1067393585	68.34187776
chr2	54489563	0.1097058661	68.35664227
chr2	54522224	0.121467308	68.36022537
chr2	54642276	0.1097968991	68.37480777
chr2	54732496	0.1025913408	68.38471364
chr2	54768796	0.09590047519	68.38843771
chr2	54769375	0.08179068495	68.38849323
chr2	54887659	0.07044678875	68.39816776
chr2	54887677	0.09265657646	68.39816903
chr2	54887717	0.08632659106	68.39817274
chr2	54888187	0.06593739522	68.39821331
chr2	54888450	0.08231620936	68.39823065
chr2	55040471	0.09512301134	68.41074445
chr2	55040678	0.07941804557	68.41076414
chr2	55154750	0.08335768474	68.41982351
chr2	55302695	0.07464981568	68.43215586
chr2	55302810	0.06782753945	68.43216445
chr2	55570654	0.05514060352	68.45033165
chr2	55570741	0.02419381259	68.45033645
chr2	55571545	0.02238685681	68.4503559
chr2	55571550	0.01598833759	68.45035601
chr2	55634837	0.02228872392	68.45136786
chr2	55635058	0.01626864344	68.45137279
chr2	55717377	0.01124703169	68.45271201
chr2	55758056	0.008991222325	68.45316953
chr2	55783946	0.03847855012	68.45340231
chr2	55784062	0.06380523795	68.45340677
chr2	55784077	0.09165314705	68.45340773
chr2	55805424	0.1221388164	68.45536425
chr2	55805793	0.131357206	68.45540932
chr2	55806256	0.1405871887	68.45547014
chr2	55899186	0.1110998609	68.4685349
chr2	56005189	0.09408927525	68.48031182
chr2	56006405	0.1663912317	68.48042623
chr2	56007871	0.1512070907	68.48067016
chr2	56052261	0.7322809024	68.48738225
chr2	56052405	0.7069542155	68.4874877
chr2	56052411	0.6942904464	68.48749194
chr2	56053184	0.7102758618	68.48802862
chr2	56053404	0.6431747931	68.48818488
chr2	56057602	0.6296997095	68.49088493
chr2	56058106	0.6589731498	68.4912023
chr2	56058109	0.1071561466	68.49120428
chr2	56174188	20.54218263	68.50364286
chr2	56174244	20.56378762	68.50479322
chr2	56174257	20.53453081	68.50506055
chr2	56174267	20.56014201	68.50526589
chr2	56174354	0.08954170434	68.50705463
chr2	56174375	0.1557634752	68.50705651
chr2	56174397	0.1815155848	68.50705993
chr2	56174417	0.2075626903	68.50706356
chr2	56174444	0.2684325298	68.50706917
chr2	56175658	0.2710041393	68.50739504
chr2	56229023	0.2745372007	68.52185718
chr2	56230270	0.2136673613	68.52219953
chr2	56230877	0.25870838	68.52232922
chr2	56250609	0.3068117802	68.52743406
chr2	56250787	0.278267039	68.52748867
chr2	56250927	0.3386254756	68.52752763
chr2	56250940	0.3807387448	68.52753203
chr2	56306322	0.335697726	68.5486181
chr2	56306352	0.3099456163	68.54862817
chr2	56306948	0.2843344161	68.5488129
chr2	56307009	0.3238646305	68.54883025
chr2	56307027	0.2634428731	68.54883608
chr2	56307226	0.2030844364	68.5488885
chr2	56307242	0.3479133006	68.54889175
chr2	56329953	0.3538381591	68.55679321
chr2	56330605	0.364241243	68.55702391
chr2	56330658	0.3914577716	68.55704322
chr2	56330705	0.2466289068	68.55706161
chr2	56330783	0.2628035392	68.55708085
chr2	56330967	0.2992871646	68.55712921
chr2	56331528	0.2568688969	68.55729711
chr2	56331630	0.2147556282	68.55732331
chr2	56429676	0.1870536412	68.57837924
chr2	56455513	0.1754323613	68.58321214
chr2	56455967	0.2000172235	68.58329179
chr2	56456121	0.2524667356	68.58332259
chr2	56557773	0.2578345383	68.60898634
chr2	56594097	0.2332061996	68.61835192
chr2	56594175	0.2129541177	68.61837011
chr2	56594187	0.1883692553	68.61837267
chr2	56594298	0.2085851567	68.61839358
chr2	56594473	0.238386427	68.61843008
chr2	56661562	0.2281188707	68.63442319
chr2	56698668	0.2654929435	68.64288777
chr2	56700343	0.2195347548	68.64333247
chr2	56700345	0.2103351816	68.64333291
chr2	56700357	0.1783323974	68.64333543
chr2	56700443	0.5236697605	68.64335077
chr2	56700465	0.8484231665	68.64336229
chr2	56701726	4.977365634	68.64443215
chr2	56701761	4.994210691	68.64460636
chr2	56701777	5.011310385	68.64468626
chr2	56702549	0.8994186193	68.648555
chr2	56702560	0.9205655393	68.64856489
chr2	56702622	0.9068140372	68.64862196
chr2	56702623	0.927969252	68.64862287
chr2	56702711	0.9349341819	68.64870453
chr2	56706777	0.9297332941	68.65250597
chr2	56708036	0.9601276325	68.65367651
chr2	56708442	0.9558888425	68.65406632
chr2	56708499	0.9260875721	68.65412081
chr2	56708546	0.9480435046	68.65416433
chr2	56710283	0.6097819754	68.65581108
chr2	56710499	0.2711214561	68.6559428
chr2	56712480	0.338567871	68.65647989
chr2	56862777	0.6324973067	68.70736562
chr2	56863251	0.6314605553	68.70766543
chr2	56863316	0.5876208024	68.70770647
chr2	56863711	0.7327110073	68.70793858
chr2	56863800	0.7431091379	68.70800379
chr2	56863811	0.7206542576	68.70801197
chr2	56863822	0.7797074918	68.7080199
chr2	56900273	1.815088251	68.73644101
chr2	56900474	2.918015758	68.73680585
chr2	56900501	2.808550757	68.73688463
chr2	56901817	2.786057706	68.74058068
chr2	56901818	4.831408231	68.74058347
chr2	56901844	4.81435753	68.74070909
chr2	56903370	4.826205553	68.7480558
chr2	56903446	5.464438218	68.74842259
chr2	56903489	4.787000554	68.74865756
chr2	56903555	2.796328721	68.7489735
chr2	56903576	2.815460657	68.74903222
chr2	56903628	2.827305004	68.74917863
chr2	56908411	2.759451653	68.76270163
chr2	56908871	0.8430252166	68.76397098
chr2	56909228	0.6235604267	68.76427194
chr2	56909560	0.6459206282	68.76447896
chr2	56928161	0.6631864548	68.77649373
chr2	56976000	0.6789905598	68.8082199
chr2	56976213	0.632264312	68.80836453
chr2	56976712	0.477038805	68.80868003
chr2	57114577	0.4716197104	68.87444698
chr2	57114585	0.4854497331	68.87445076
chr2	57156442	0.4643693216	68.89477023
chr2	57181730	0.4033049988	68.9065132
chr2	57188936	0.4143395744	68.90941941
chr2	57190132	0.4289213381	68.90991496
chr2	57190179	0.3933692107	68.90993512
chr2	57190526	0.346786101	68.91007162
chr2	57190601	0.2837981015	68.91009763
chr2	57190625	0.303978567	68.91010444
chr2	57190829	0.2549717147	68.91016645
chr2	57191015	0.2391676084	68.91021388
chr2	57191019	0.223311293	68.91021484
chr2	57191023	0.2580401903	68.91021573
chr2	57191171	0.2726872578	68.91025392
chr2	57296994	0.2943079978	68.9391105
chr2	57360150	0.3438235083	68.95769782
chr2	57360158	1.202054622	68.95770057
chr2	57360291	1.606083792	68.95786044
chr2	57360975	1.653256857	68.958959
chr2	57361015	2.772163558	68.95902513
chr2	57364052	0.7718286164	68.96744419
chr2	57365954	0.8535818969	68.96891221
chr2	57366214	0.879433137	68.96913414
chr2	57366723	0.905539384	68.96958178
chr2	57368930	1.001204628	68.9715803
chr2	57368942	0.6974881351	68.97159232
chr2	57369192	0.7596064382	68.97176669
chr2	57422398	0.8121294687	69.01218231
chr2	57423110	0.798744058	69.01276054
chr2	57423171	0.7764803168	69.01280927
chr2	57423197	0.8620526663	69.01282946
chr2	57423867	0.8084854038	69.01340703
chr2	57423896	0.6258979729	69.01343048
chr2	57492382	0.577342308	69.05629573
chr2	57495886	2.187260334	69.05831873
chr2	57495899	2.112135711	69.05834717
chr2	57496888	1.864072914	69.06043607
chr2	57496923	1.905527597	69.06050131
chr2	57497036	6.018539622	69.06071664
chr2	57497056	5.969976002	69.06083701
chr2	57497413	12.33349595	69.06296829
chr2	57497552	12.30707405	69.06468264
chr2	57497663	12.29463318	69.06604873
chr2	57497825	12.24909907	69.06804046
chr2	57497852	8.084736752	69.06837119
chr2	57497941	8.112128351	69.06909073
chr2	57497947	1.748608406	69.0691394
chr2	57497963	0.12662197	69.06916738
chr2	57498034	0.1364282174	69.06917637
chr2	57568669	0.1566335918	69.07881298
chr2	57568695	0.1820100437	69.07881705
chr2	57568856	0.1347699778	69.07884635
chr2	57568910	0.2113302951	69.07885363
chr2	57569029	0.2315790134	69.07887878
chr2	57611528	0.552459056	69.08872065
chr2	57621680	0.5786805313	69.09432922
chr2	57621998	0.5512889317	69.09451324
chr2	57622065	7.333962886	69.09455018
chr2	57622118	7.013082843	69.09493888
chr2	57622431	7.456585799	69.09713397
chr2	57622563	7.47890121	69.09811824
chr2	57622566	0.6962272552	69.09814068
chr2	57630093	0.378474986	69.10338118
chr2	57630125	0.4066176958	69.10339329
chr2	57736824	0.9001588346	69.14677899
chr2	57736848	0.7981399977	69.1468006
chr2	57736988	0.7684426444	69.14691233
chr2	57737480	0.7367989663	69.14729041
chr2	57737630	0.9934351457	69.14740093
chr2	57739157	0.9622780301	69.1489179
chr2	57739227	0.9481933776	69.14898526
chr2	57739291	1.181006119	69.14904595
chr2	57739362	1.476007391	69.1491298
chr2	57739475	1.787741857	69.14929659
chr2	57743227	2.231708365	69.1560042
chr2	57743622	3.079938398	69.15688572
chr2	57750871	2.85133993	69.17921219
chr2	57750881	4.802886522	69.17924071
chr2	57750970	4.598977393	69.17966816
chr2	57751058	4.621562533	69.18007287
chr2	57751273	4.151200468	69.18106651
chr2	57751704	3.730745178	69.18285568
chr2	57751950	3.458350817	69.18377344
chr2	57752144	0.7678364462	69.18444436
chr2	57752166	0.4776853704	69.18446125
chr2	57752174	0.2563094975	69.18446507
chr2	57778328	0.2616365562	69.19116859
chr2	57778337	0.333051129	69.19117095
chr2	57825853	0.2423171566	69.20699621
chr2	57825854	0.1969986177	69.20699645
chr2	57825920	0.1255840443	69.20700945
chr2	57828146	0.1124866977	69.207289
chr2	57844541	0.1317981315	69.20913322
chr2	57844560	0.1011885789	69.20913572
chr2	57845435	0.09223784679	69.20922426
chr2	57845462	0.07182068555	69.20922675
chr2	57855937	0.07535858029	69.20997908
chr2	57856054	0.09358029729	69.20998789
chr2	57856069	0.1099582772	69.2099893
chr2	58063550	0.09483414778	69.23280355
chr2	58063576	0.07845940368	69.23280602
chr2	58063593	0.06288105996	69.23280735
chr2	58063719	0.05107863836	69.23281527
chr2	58151016	0.08046651045	69.23727428
chr2	58266184	0.07553255954	69.24654145
chr2	58266248	0.08122762394	69.24654629
chr2	58266646	0.05900855379	69.24657861
chr2	58266939	0.06284040501	69.2465959
chr2	58415723	0.0681492909	69.25594555
chr2	58416190	0.102589239	69.25597738
chr2	58416226	0.09726218117	69.25598107
chr2	58524167	0.1072680692	69.26647965
chr2	58539448	0.1176613345	69.26811881
chr2	58539689	0.1299347188	69.26814717
chr2	58677195	0.1543405367	69.28601397
chr2	58739833	0.1471000109	69.29568155
chr2	58740661	0.1847323224	69.29580335
chr2	58741017	0.1903315218	69.29586912
chr2	58816429	0.1816664987	69.3102224
chr2	58816510	0.1368653851	69.31023711
chr2	58816558	0.1184177999	69.31024368
chr2	58816711	0.1139049769	69.3102618
chr2	58862926	0.1067864804	69.31552592
chr2	58863779	0.09678059237	69.31561701
chr2	58866390	0.08024260723	69.3158697
chr2	58866402	0.06984934226	69.31587066
chr2	58992692	0.0505706526	69.32469194
chr2	58992711	0.0243879687	69.3246929
chr2	58992852	1.205403943	69.32469634
chr2	58992927	1.210596319	69.32478674
chr2	58993419	1.318644199	69.32538235
chr2	58993449	1.324831463	69.32542191
chr2	58995559	1.366070779	69.32821731
chr2	58995686	1.373032812	69.3283908
chr2	58995692	1.455605661	69.32839904
chr2	58995715	0.3542143272	69.32843252
chr2	59065364	0.3600515765	69.35310319
chr2	59077936	0.36205616	69.35762976
chr2	59077959	0.2507814494	69.35763809
chr2	59078037	0.217006831	69.35765765
chr2	59078185	0.2238343127	69.35768976
chr2	59078236	0.2373776668	69.35770118
chr2	59079045	0.2741751678	69.35789322
chr2	59079148	0.254475027	69.35792146
chr2	59079161	0.2661251182	69.35792477
chr2	59081960	0.2850211374	69.35866965
chr2	59081986	0.3039186184	69.35867706
chr2	59082111	0.3099298294	69.35871505
chr2	59082144	0.2553438683	69.35872528
chr2	59332740	0.2848578267	69.42271343
chr2	59575897	0.2780303449	69.4919786
chr2	59576086	0.2574799169	69.49203115
chr2	59576091	0.2506025917	69.49203244
chr2	59576094	0.2437660047	69.49203319
chr2	59647371	0.1837674965	69.5094081
chr2	59647408	0.2686054203	69.5094149
chr2	59647466	1.299267477	69.50943048
chr2	59647494	1.438292522	69.50946686
chr2	59647508	1.432455272	69.509487
chr2	59678203	1.427476255	69.55345621
chr2	59678272	1.502018348	69.55355471
chr2	59678403	1.690714731	69.55375147
chr2	59678582	1.709022973	69.55405411
chr2	59678972	1.90370344	69.55472063
chr2	59678975	1.472319435	69.55472634
chr2	59679713	1.682430092	69.55581291
chr2	59695886	0.3996954642	69.58302285
chr2	59695961	0.4052904766	69.58305283
chr2	59696307	0.4139959859	69.58319306
chr2	59696379	0.308930159	69.58322287
chr2	59700480	0.3145675622	69.58448979
chr2	59700496	0.3364726066	69.58449482
chr2	59704365	0.3772649903	69.58579664
chr2	59704426	0.251748979	69.58581965
chr2	59704432	0.2555249862	69.58582116
chr2	59779228	0.2433147569	69.60493341
chr2	59863680	0.2727923881	69.62548182
chr2	59863981	0.2919505503	69.62556393
chr2	59864188	0.2705379478	69.62562437
chr2	59881735	0.2773445604	69.6303715
chr2	59927138	0.2784557792	69.64296377
chr2	59927215	0.2686779671	69.64298521
chr2	59927304	0.2777163126	69.64300913
chr2	59927754	0.2852066187	69.6431341
chr2	60303261	0.2902177059	69.75023118
chr2	60303271	0.2811793583	69.75023408
chr2	60303274	0.2759985335	69.75023493
chr2	60303309	0.2034654678	69.75024459
chr2	60380973	0.1801359525	69.76604653
chr2	60381023	0.1714917049	69.76605553
chr2	60381034	0.1615071336	69.76605742
chr2	60381423	0.1540168275	69.76612025
chr2	60384272	0.140961999	69.76655904
chr2	60441005	0.135827158	69.77455624
chr2	60482275	0.1342403332	69.78016183
chr2	60482296	0.1287472334	69.78016464
chr2	60487177	0.1239472836	69.78079306
chr2	60488064	0.1055594887	69.780903
chr2	60488532	0.1346213791	69.7809524
chr2	60488701	0.1406074514	69.78097515
chr2	60508223	0.1439333399	69.78372009
chr2	60508255	0.1397503643	69.7837247
chr2	60508320	0.1609511402	69.78373378
chr2	60604222	0.1606691092	69.79916932
chr2	60604231	0.1807902559	69.79917076
chr2	60604356	0.1881770437	69.79919336
chr2	60604400	0.1845051	69.79920164
chr2	60605459	0.1554432097	69.79939703
chr2	60614153	0.1517078917	69.80074846
chr2	60773111	0.1497033063	69.82486364
chr2	60773114	0.1130104826	69.82486409
chr2	60773156	0.1013283183	69.82486884
chr2	60773633	0.7199555988	69.82491717
chr2	60773656	0.6998998858	69.82493373
chr2	60779079	3.011887351	69.82872929
chr2	60779126	5.398901704	69.82887084
chr2	60779898	5.393002403	69.8330388
chr2	60780254	2.361166288	69.8349587
chr2	60780434	2.446683694	69.83538371
chr2	60780533	0.133844053	69.83562594
chr2	60820076	0.1501417545	69.84091853
chr2	60820170	0.080930183	69.84093265
chr2	61027632	1.276609159	69.85772258
chr2	61028540	1.262907451	69.85888174
chr2	61028569	1.232901509	69.85891837
chr2	61028579	1.228708046	69.8589307
chr2	61028923	1.352505622	69.85935337
chr2	61029380	1.364628212	69.85997147
chr2	61030474	0.1689492357	69.86146437
chr2	61056372	0.05256025397	69.86583982
chr2	61056585	0.0573567552	69.86585101
chr2	61056639	0.09765606552	69.86585411
chr2	61056652	0.1110731555	69.86585538
chr2	61309317	0.08552049837	69.89391968
chr2	61309331	0.08978030935	69.89392088
chr2	61309579	0.07634582033	69.89394314
chr2	61309693	0.07202440055	69.89395185
chr2	61309920	0.0451909084	69.8939682
chr2	61310064	0.1222523574	69.8939747
chr2	61310255	0.1321206006	69.89399805
chr2	61310294	0.1399530403	69.89400321
chr2	61310382	0.1655133891	69.89401552
chr2	61385148	0.1743659557	69.9063903
chr2	61385197	0.09337669972	69.90639884
chr2	61388521	0.102932045	69.90670922
chr2	61654604	0.08319191785	69.93409769
chr2	61743019	0.0753374818	69.9414531
chr2	61744146	0.04064880882	69.94153801
chr2	61744340	0.2244601168	69.9415459
chr2	61744640	0.2338366455	69.94161323
chr2	61745284	0.2260354751	69.94176382
chr2	61748226	0.4647628645	69.94242882
chr2	61762827	0.2809515566	69.94921482
chr2	61762989	0.2906190654	69.94926034
chr2	61763007	0.3004959133	69.94926557
chr2	61763047	0.08109681483	69.94927759
chr2	61765043	0.086217777	69.94943946
chr2	61769005	0.07736521042	69.94978105
chr2	61796339	0.09909524378	69.95189575
chr2	61797204	0.1100658735	69.95198147
chr2	61841051	0.12279897	69.95680753
chr2	61841166	0.1353859036	69.95682165
chr2	61843064	0.1482211053	69.95707861
chr2	61843136	0.1644614198	69.95708929
chr2	61843421	0.1773227084	69.95713616
chr2	61843552	0.2028771262	69.95715939
chr2	62106951	0.1919064964	70.01059702
chr2	62106997	5.526474237	70.01060585
chr2	62107047	5.479146938	70.01088217
chr2	62107056	5.46927009	70.01093148
chr2	62107634	0.1303129563	70.01409272
chr2	62107683	0.1203954928	70.01409911
chr2	62107779	0.1244298939	70.01411066
chr2	62107814	0.1021446562	70.01411502
chr2	62107847	0.1170360195	70.01411839
chr2	62107854	0.1041790611	70.01411921
chr2	62107924	0.09516906225	70.0141265
chr2	62108005	0.09940420761	70.01413421
chr2	62110198	0.1160319063	70.0143522
chr2	62111138	1.877119743	70.01446127
chr2	62111163	1.893551496	70.0145082
chr2	62111174	1.877533621	70.01452903
chr2	62114488	1.867866112	70.02075118
chr2	62114523	1.875683348	70.02081655
chr2	62114529	0.8735837743	70.02082781
chr2	62114606	0.8773445046	70.02089507
chr2	62114611	0.8814105883	70.02089946
chr2	62114737	0.8843590755	70.02101052
chr2	62115587	0.8999352763	70.02176222
chr2	62115634	0.1558385951	70.02180452
chr2	62314563	0.1392108964	70.05280533
chr2	62317965	0.1318850063	70.05327893
chr2	62361910	0.1547515486	70.05907462
chr2	62469180	0.1931327682	70.07567481
chr2	62557639	0.2026336395	70.09275915
chr2	62557716	0.1950268893	70.09277475
chr2	62580818	0.2218282652	70.09728026
chr2	62581535	0.225739977	70.09743931
chr2	62682861	0.2570830859	70.12031264
chr2	62707607	0.23028171	70.12667442
chr2	62711416	0.2224246942	70.12755156
chr2	62822023	0.2488558408	70.15215329
chr2	62822024	0.2964955137	70.15215354
chr2	62822112	0.3100247912	70.15217963
chr2	62822190	0.4212739242	70.15220381
chr2	62822278	0.6382163085	70.15224088
chr2	62853186	0.8323725193	70.17196687
chr2	62853432	0.910096402	70.17217164
chr2	62853441	0.9451672499	70.17217983
chr2	62906975	0.9545997111	70.22277841
chr2	62907057	0.8912315126	70.22285669
chr2	62907175	4.125648862	70.22296185
chr2	62907277	4.085670513	70.22338267
chr2	62908137	4.166200401	70.22689635
chr2	62908589	1.723633398	70.22877947
chr2	62908790	1.742371203	70.22912592
chr2	62908865	1.757934356	70.2292566
chr2	62908866	1.788340946	70.22925836
chr2	62909844	1.87374624	70.23100735
chr2	62910081	1.869492972	70.23145143
chr2	62910084	1.900201831	70.23145704
chr2	62910200	1.919086464	70.23167746
chr2	62910231	1.964444922	70.23173695
chr2	62910251	2.040905099	70.23177624
chr2	62910365	2.075531853	70.23200891
chr2	62910367	2.088488066	70.23201306
chr2	62915303	1.673078569	70.24232183
chr2	62915400	1.121663902	70.24248412
chr2	62916788	1.224428581	70.24404099
chr2	62949851	1.16635756	70.28452428
chr2	62949855	1.063592876	70.28452894
chr2	62949856	1.1599825	70.28453
chr2	62949980	1.267137467	70.28467384
chr2	62950065	1.259036101	70.28478155
chr2	62950334	1.125626001	70.28512023
chr2	62950588	1.09919486	70.28540614
chr2	62950603	1.091055807	70.28542263
chr2	62950829	1.189881448	70.2856692
chr2	62952291	1.23961172	70.28740881
chr2	62952292	1.235571896	70.28741005
chr2	62954694	1.155061806	70.29037789
chr2	62954718	1.078443023	70.29040562
chr2	62954960	1.077397619	70.2906666
chr2	62985085	1.028701399	70.3231232
chr2	62985110	0.9323117804	70.32314892
chr2	62985116	1.028017284	70.32315451
chr2	62985148	1.078412879	70.32318741
chr2	62985149	1.073393591	70.32318849
chr2	62985214	0.8781236168	70.32325826
chr2	62986022	0.6733470667	70.32396778
chr2	63020622	0.4975046863	70.34726559
chr2	63020623	0.4601442695	70.34726609
chr2	63020636	0.3643902176	70.34727207
chr2	63020637	0.3531803137	70.34727244
chr2	63020740	0.3224714533	70.34730881
chr2	63038370	0.3187889845	70.35299399
chr2	63088611	0.4004072872	70.36901026
chr2	63088864	0.4762843174	70.36911157
chr2	63089629	0.457328366	70.36947592
chr2	63089668	0.5351495079	70.36949376
chr2	63089760	0.4953857763	70.36954299
chr2	63090141	0.4829811483	70.36973173
chr2	63127209	0.2443999036	70.38763488
chr2	63127298	0.2684201459	70.38765663
chr2	63127405	0.2927219389	70.38768535
chr2	63127418	0.3171323147	70.38768916
chr2	63266626	0.2736329871	70.43183651
chr2	63266653	0.2654143878	70.4318439
chr2	63267233	0.3680904825	70.43199784
chr2	63267234	0.4272417016	70.43199821
chr2	63267235	0.5516481604	70.43199864
chr2	63267246	0.540937527	70.43200471
chr2	63268767	0.5390694155	70.43282747
chr2	63312106	0.544730382	70.4561902
chr2	63312144	0.7372202805	70.4562109
chr2	63312172	0.6616040084	70.45623154
chr2	63312224	0.6254542822	70.45626595
chr2	63324667	0.566286577	70.46404847
chr2	63324682	0.2289025947	70.46405697
chr2	63398509	0.1245961358	70.48095616
chr2	63398537	0.1186510056	70.48095965
chr2	63398564	0.0927765386	70.48096285
chr2	63450239	0.08886482684	70.48575708
chr2	63525760	0.09765417356	70.49246824
chr2	63530076	0.1021595803	70.49288972
chr2	63530095	0.09408295678	70.49289166
chr2	63530124	0.09118873559	70.49289438
chr2	63530155	0.1089708144	70.49289721
chr2	63535716	0.1270154447	70.4935032
chr2	63911675	0.128480332	70.5412558
chr2	63912324	0.1105657027	70.54133918
chr2	63912378	0.6024500077	70.54134515
chr2	63913449	0.5935858257	70.54199038
chr2	63913502	0.6330404493	70.54202184
chr2	63913537	0.6277826766	70.54204399
chr2	63913651	0.6367717453	70.54211556
chr2	63913715	0.6490418944	70.54215631
chr2	63927868	0.6619728765	70.5513422
chr2	63927871	0.4685075747	70.55134419
chr2	63927880	0.2622364154	70.55134841
chr2	63927924	0.2763945811	70.55135994
chr2	63928390	0.2893538195	70.55148874
chr2	63928988	0.295789445	70.55166178
chr2	63929689	0.3088132022	70.55186913
chr2	63938951	0.1944376296	70.55472935
chr2	63938978	0.2023456403	70.5547346
chr2	64124531	0.1983818756	70.59228044
chr2	64124888	0.2086831723	70.59235127
chr2	64190590	0.1912744549	70.60606217
chr2	64190606	0.1199956182	70.60606523
chr2	64190657	0.09479448759	70.60607135
chr2	64291679	0.08580541892	70.61564768
chr2	64366934	0.0667174001	70.62210496
chr2	64366981	0.07108946554	70.6221081
chr2	64368684	0.06318145484	70.62222917
chr2	64368771	0.04420181909	70.62223466
chr2	64368773	0.03649368956	70.62223475
chr2	64369298	0.04181246993	70.62225391
chr2	64369299	0.05475560881	70.62225395
chr2	64369306	0.06005876466	70.62225433
chr2	64436466	0.05791251153	70.62628788
chr2	64451151	0.06019663772	70.62713833
chr2	64454761	0.04344530114	70.62735564
chr2	64456647	0.05330884665	70.62743757
chr2	64457005	0.05686249044	70.62745666
chr2	64493072	0.06345928227	70.62950752
chr2	64493147	0.09354269752	70.62951228
chr2	64585808	0.1005222621	70.63818004
chr2	64706578	0.08734886789	70.65032011
chr2	64708342	0.09162109343	70.65047419
chr2	64733093	0.0774590751	70.65274191
chr2	64797182	0.06746980583	70.65770618
chr2	64801160	0.05760626033	70.65797458
chr2	64814362	0.06355276759	70.6587351
chr2	64814416	0.05591855077	70.65873853
chr2	64814483	0.04832502128	70.65874227
chr2	65008189	0.03640945096	70.66810312
chr2	65008239	0.04036862521	70.66810494
chr2	65009376	0.03505970199	70.66815084
chr2	65010079	0.02975654525	70.66817549
chr2	65070552	0.03402566314	70.66997495
chr2	65072675	0.04022138474	70.67004719
chr2	65072696	0.04236522387	70.67004804
chr2	65385810	0.0705577546	70.68331318
chr2	65501653	0.07518472304	70.6914868
chr2	65503740	0.04989388527	70.69164371
chr2	65503905	0.05565681901	70.69165195
chr2	65504086	0.06336585436	70.69166202
chr2	65504773	0.07119196255	70.69170555
chr2	65505015	0.07902243501	70.69172278
chr2	65505196	0.08379893237	70.69173708
chr2	65757636	0.09090046663	70.71289129
chr2	65866529	0.08267217457	70.72278971
chr2	65866626	0.07839216271	70.72279773
chr2	65938862	0.07610803658	70.72846047
chr2	65938976	0.072072336	70.72846914
chr2	65939614	0.06427623058	70.72851512
chr2	65941751	0.08800711626	70.72865248
chr2	65941775	0.09409583432	70.72865459
chr2	65943156	0.09134783166	70.72878454
chr2	65944877	0.1265601313	70.72894175
chr2	65944883	0.1188510958	70.72894251
chr2	65944897	0.1307122287	70.72894417
chr2	66024036	0.1253879084	70.73928861
chr2	66093556	0.09676956363	70.74800558
chr2	66097588	0.1240273536	70.74839575
chr2	66214762	0.1210519939	70.76292853
chr2	66216621	0.1162754977	70.76315357
chr2	66216625	0.2892518083	70.76315403
chr2	66216639	0.4623074032	70.76315808
chr2	66216665	0.8675724962	70.7631701
chr2	66219875	2.914029574	70.76595501
chr2	66221535	1.100774398	70.7707923
chr2	66221536	1.129587702	70.7707934
chr2	66221571	1.138221312	70.77083294
chr2	66222254	1.110963522	70.77161034
chr2	66222764	1.504857071	70.77217693
chr2	66223263	1.514519357	70.77292786
chr2	66230621	1.52526124	70.78407169
chr2	66231389	2.012813859	70.78524309
chr2	66231391	1.607299432	70.78524712
chr2	66236069	1.368867616	70.79276606
chr2	66236097	0.647091989	70.79280439
chr2	66236141	0.4819553695	70.79283286
chr2	66236270	0.3089790567	70.79289504
chr2	66236275	0.135923463	70.79289658
chr2	66236909	0.1671377378	70.79298276
chr2	66350921	0.1373328079	70.81203846
chr2	66350956	0.1525032558	70.81204327
chr2	66350988	0.1899060058	70.81204815
chr2	66499876	0.1795332122	70.84032288
chr2	66546964	0.2293719706	70.84877674
chr2	66547457	0.2366878888	70.84888982
chr2	66574952	0.2673313667	70.85539755
chr2	66574988	0.2521611896	70.85540717
chr2	66615163	0.1590203643	70.86553775
chr2	66615243	0.4381154613	70.86555047
chr2	66655785	0.4269666652	70.88331255
chr2	66655875	0.4191728127	70.88335097
chr2	66657573	1.751428051	70.88406273
chr2	66657757	2.828486572	70.88438499
chr2	66657758	4.995269592	70.88438782
chr2	66657759	4.993125749	70.88439282
chr2	66657761	4.982540152	70.8844028
chr2	66659149	4.959565604	70.89131857
chr2	66660912	5.780341806	70.90006228
chr2	66661352	5.772615576	70.90260563
chr2	66661968	5.78370286	70.90616156
chr2	66662136	5.040792321	70.90713323
chr2	66662204	5.032752094	70.907476
chr2	66662334	4.888430688	70.90813026
chr2	66662369	4.905887334	70.90830135
chr2	66662383	4.91697755	70.90837004
chr2	66662586	4.213141665	70.90936818
chr2	66662635	3.398437073	70.90957463
chr2	66662639	3.409546578	70.90958822
chr2	66662706	2.730982804	70.90981666
chr2	66662713	0.2100042973	70.90983578
chr2	66876769	0.2195287873	70.95478846
chr2	66968193	0.1975376168	70.97485866
chr2	66968456	0.1755131764	70.97491061
chr2	66968514	0.1418528794	70.97492079
chr2	66968573	0.1198288817	70.97492916
chr2	66968611	0.1087411269	70.97493371
chr2	66968749	0.08580587696	70.97494872
chr2	66968790	0.07471566145	70.97495224
chr2	66968850	0.09010458087	70.97495672
chr2	67011940	0.05764924922	70.97883932
chr2	67018599	0.07672662636	70.97922321
chr2	67018839	0.0671849112	70.97924163
chr2	67189666	0.05179599168	70.99071862
chr2	67191312	0.04823838828	70.99080388
chr2	67191399	0.05256756154	70.99080807
chr2	67193268	0.05441842654	70.99090632
chr2	67194958	0.0603814104	70.99099829
chr2	67196722	0.07339969201	70.9911048
chr2	67196742	0.0670406139	70.99110627
chr2	67298319	0.05672984639	70.99791606
chr2	67301343	0.08020141391	70.99808761
chr2	67301352	0.05533751302	70.99808833
chr2	67301699	0.06305788027	70.99810753
chr2	67382200	0.05833490452	71.00318375
chr2	67444994	0.06065447337	71.00684684
chr2	67446119	0.03950416701	71.00691507
chr2	67449563	0.04170665212	71.00705112
chr2	67449608	0.0444706769	71.007053
chr2	67690621	0.04700949347	71.01777101
chr2	67740822	0.03927718033	71.02013094
chr2	67741849	0.03155681308	71.02017127
chr2	67764827	0.02562836204	71.02089639
chr2	67951789	0.02917800522	71.02568792
chr2	67951854	0.03385111924	71.02568981
chr2	67951858	0.04093617415	71.02568995
chr2	67951864	0.05156980888	71.02569019
chr2	67976334	0.05392876465	71.02695211
chr2	68679018	0.06126066612	71.06484699
chr2	68883986	0.05822435077	71.07740346
chr2	68905244	0.055244634	71.0786412
chr2	68909102	0.03337605224	71.07885433
chr2	68909973	0.0239630949	71.0788834
chr2	68910030	0.02164183386	71.07888477
chr2	68911718	0.01810158747	71.0789213
chr2	68913094	0.05568249879	71.07894621
chr2	68913420	0.08384736811	71.07896436
chr2	68992420	0.09979176693	71.0855883
chr2	68992577	0.09644796074	71.08560397
chr2	68995741	0.055331893	71.08590913
chr2	69029087	0.05279307641	71.08775423
chr2	69029171	0.06785538555	71.08775866
chr2	69029231	0.06600452049	71.08776273
chr2	69034071	0.03783965115	71.08808219
chr2	69213821	0.02249139323	71.09488387
chr2	69437017	0.02610439816	71.09990386
chr2	69437239	0.03180796041	71.09990966
chr2	69438969	0.02351577828	71.09996468
chr2	69545594	0.03131572067	71.10247205
chr2	69811207	0.03285848463	71.11078992
chr2	69811324	0.04433487568	71.11079376
chr2	69814369	0.04725533896	71.11092876
chr2	70033028	0.02083875842	71.12126156
chr2	70033416	0.02490436499	71.12126965
chr2	70033434	0.03118235648	71.1212701
chr2	70033720	0.05098191867	71.12127902
chr2	70033747	0.08490733102	71.12128039
chr2	70035505	0.1284523116	71.12142966
chr2	70113542	0.1267144163	71.13145369
chr2	70117838	0.1312153026	71.13199806
chr2	70143681	0.1453591003	71.13538906
chr2	70143707	0.150042738	71.13539283
chr2	70143728	0.1594102846	71.13539599
chr2	70176665	0.1636564586	71.14064648
chr2	70204543	0.163967817	71.1452089
chr2	70204619	0.1158591584	71.14522136
chr2	70205346	0.0960595963	71.14530559
chr2	70208136	0.1320896213	71.14557359
chr2	70284338	0.08749604568	71.15563909
chr2	70358627	0.07703643089	71.16213908
chr2	70376420	0.0768184571	71.16350979
chr2	70574709	0.06265670981	71.17874205
chr2	70578504	0.05356803374	71.17897983
chr2	70686508	0.04730799205	71.18476539
chr2	70869237	0.02672775477	71.19340993
chr2	70872827	0.02222686847	71.19350588
chr2	70886039	0.02819518315	71.19379955
chr2	70886512	0.06539612082	71.19381288
chr2	70888023	0.07141856089	71.1939117
chr2	70975496	0.07711849724	71.20015889
chr2	70976213	0.09356726952	71.20021419
chr2	70976312	0.1161968589	71.20022345
chr2	70976365	0.119478817	71.20022961
chr2	70976943	0.115232643	71.20029867
chr2	70977204	0.1185258128	71.20032874
chr2	70977234	0.1207000164	71.2003323
chr2	70977309	0.1426279165	71.20034135
chr2	70977525	0.1530058818	71.20037216
chr2	70977857	0.1158049442	71.20042296
chr2	70977924	0.1099716404	71.20043071
chr2	70983243	0.1168165265	71.20101565
chr2	70986535	0.1314305863	71.20140021
chr2	71025155	0.1393287084	71.20647606
chr2	71029666	0.1427982768	71.20710457
chr2	71029693	0.1456593165	71.20710843
chr2	71255576	0.1491909642	71.24001039
chr2	71318066	0.1455779593	71.24933334
chr2	71435692	0.1381646833	71.26645709
chr2	71436085	0.3017336785	71.26651139
chr2	71436258	0.6517010472	71.26656359
chr2	71437926	0.6442274455	71.26765063
chr2	71451583	0.6296133857	71.27644884
chr2	71452266	0.6396286137	71.27687887
chr2	71454774	0.4561051933	71.27848305
chr2	71454925	0.4622237092	71.27855193
chr2	71455363	0.4683084912	71.27875438
chr2	71455399	0.4473343559	71.27877124
chr2	71456150	0.4534663971	71.27910719
chr2	71456674	0.1078109826	71.2793448
chr2	71571664	0.09959437376	71.29174199
chr2	72008944	0.1059906056	71.33529262
chr2	72009043	0.1027001848	71.33530311
chr2	72009073	0.09000692155	71.33530619
chr2	72010308	0.07775636463	71.33541735
chr2	72011653	0.07447038881	71.33552193
chr2	72011741	0.05904101149	71.33552849
chr2	72011759	0.05575905372	71.33552955
chr2	72012146	0.04968968234	71.33555113
chr2	72013750	0.05712874099	71.33563083
chr2	72013825	0.05636078359	71.33563511
chr2	72014332	0.05031501734	71.33566369
chr2	72135089	0.04736486632	71.34173958
chr2	72217415	0.04450382666	71.34563894
chr2	72217476	0.05503289424	71.34564165
chr2	72217767	0.0515012465	71.34565767
chr2	72540160	0.04932704281	71.36226131
chr2	72540213	0.03908987945	71.36226392
chr2	72540224	0.02617906629	71.36226435
chr2	72540330	0.02400651804	71.36226713
chr2	72540387	0.09472193336	71.3622685
chr2	72540524	0.09268869807	71.36228147
chr2	72636546	0.08949762176	71.37118163
chr2	72636614	0.9456110249	71.37118771
chr2	72648050	0.07842711197	71.38200172
chr2	72648182	0.09634567316	71.38201207
chr2	72648219	0.127498937	71.38201564
chr2	72848410	0.1025861878	71.40753978
chr2	72856039	0.08624821008	71.40832241
chr2	72856987	0.12929782	71.40840417
chr2	72857010	0.1299160907	71.40840715
chr2	72907675	0.1334587989	71.41498934
chr2	72931460	0.1094642525	71.41816366
chr2	73037779	0.0906685113	71.42980179
chr2	73080547	0.0900927189	71.4336795
chr2	73425107	0.08571870403	71.46472185
chr2	73425480	0.08187942427	71.46475382
chr2	73447055	0.07620307331	71.46652037
chr2	73447062	0.07044405517	71.46652091
chr2	73448220	0.08515720496	71.46660248
chr2	73457342	0.1350930263	71.46737928
chr2	73507680	0.1445537444	71.4741796
chr2	73627045	0.1542144456	71.49143425
chr2	73628107	0.1507467112	71.49159803
chr2	73628789	0.1309264771	71.49170084
chr2	73628883	0.1265240436	71.49171315
chr2	73679126	0.1650250788	71.49807009
chr2	73679135	0.1776784735	71.49807158
chr2	73679178	0.1606692209	71.49807922
chr2	73679201	0.1995581766	71.49808291
chr2	73679324	0.1962626851	71.49810746
chr2	73679386	0.2142313136	71.49811963
chr2	73679388	0.2112483505	71.49812006
chr2	73866862	0.2565434761	71.53772363
chr2	73868459	0.2522306599	71.53813333
chr2	73868500	0.188464844	71.53814367
chr2	73868548	0.1308449693	71.53815272
chr2	73925841	0.1363808899	71.54564922
chr2	73926009	0.1218796784	71.54567213
chr2	73926055	0.125701515	71.54567774
chr2	73926059	0.06829793456	71.54567824
chr2	73926120	0.07424426497	71.54568241
chr2	73947683	0.07646392675	71.54728334
chr2	73947689	0.08061056178	71.54728379
chr2	73947694	0.08614449801	71.5472842
chr2	73947715	0.1048064619	71.54728601
chr2	73969035	0.1112347462	71.54952048
chr2	74010256	0.1186662449	71.55410569
chr2	74115096	0.1108709264	71.56654666
chr2	74116991	0.109726465	71.56675676
chr2	74118018	0.1327534015	71.56686945
chr2	74129803	0.1140914378	71.56843394
chr2	74129828	0.1219596046	71.5684368
chr2	74129924	0.1475987748	71.56844851
chr2	74222598	0.1640502452	71.58212707
chr2	74222648	0.174116362	71.58213528
chr2	74224399	0.2393634806	71.58244015
chr2	74224476	0.2395235091	71.58245859
chr2	74467515	0.3491716566	71.64067214
chr2	74486586	0.3563741985	71.64733119
chr2	74496539	0.2506456064	71.65087818
chr2	74497585	0.2385197756	71.65114036
chr2	74497655	0.2427784772	71.65115706
chr2	74497664	0.2410305125	71.65115924
chr2	74498169	0.2286181968	71.65128096
chr2	74539672	0.2157282609	71.6607693
chr2	74539717	0.2404005881	71.66077901
chr2	74539744	0.2346610544	71.6607855
chr2	74554504	0.2187671259	71.6642491
chr2	74560228	0.1909725401	71.66550132
chr2	74561710	0.1785433218	71.66578434
chr2	74561713	0.1917636214	71.66578488
chr2	74561745	0.1831312945	71.66579101
chr2	74562373	0.1860262336	71.66590602
chr2	74562555	0.2005120986	71.66593988
chr2	74562562	0.2031704098	71.66594128
chr2	74795905	0.1918193557	71.71334967
chr2	74798414	0.1971981614	71.71383095
chr2	74799606	0.2025871349	71.71406601
chr2	74815177	0.1799704344	71.71722049
chr2	74815188	0.158910581	71.71722247
chr2	74815289	0.1577009515	71.71723852
chr2	74815623	0.1070473872	71.7172912
chr2	74818595	0.1223596872	71.71760934
chr2	74818686	0.1248897762	71.71762047
chr2	74818742	0.1263554721	71.71762747
chr2	74818751	0.113135171	71.71762861
chr2	74818893	0.1283667504	71.71764467
chr2	74819612	0.1334304198	71.71773697
chr2	75040524	0.1508722826	71.74721335
chr2	75041984	0.1479764104	71.74743362
chr2	75041990	0.1256570732	71.74743451
chr2	75044193	0.1216450148	71.74771133
chr2	75044554	0.1246866134	71.74775525
chr2	75044753	0.1277284735	71.74778006
chr2	75045269	0.1276760268	71.74784597
chr2	75045272	0.13680669	71.74784635
chr2	75084439	0.1537503012	71.75320466
chr2	75430175	0.1183381172	71.80636167
chr2	75435702	0.1342425667	71.80701573
chr2	75435804	0.1797298565	71.80702942
chr2	75503639	0.1883364605	71.81922139
chr2	75550084	0.1970126999	71.82796868
chr2	75685215	0.193106483	71.8545912
chr2	75840859	0.2248735171	71.88464707
chr2	75840862	0.2428152044	71.88464774
chr2	75840863	0.2412097008	71.88464799
chr2	75898466	0.2326030968	71.89854239
chr2	75898547	0.2455128066	71.89856123
chr2	76115432	0.2405135869	71.95180927
chr2	76161769	0.1022398323	71.96295395
chr2	76161872	0.2047343143	71.96296448
chr2	76161889	0.2088001351	71.96296796
chr2	76209512	0.212338167	71.97291165
chr2	76450503	0.2187757835	72.02408324
chr2	76487723	0.2207001076	72.03222607
chr2	76487837	0.221473822	72.03225123
chr2	76487891	0.06580788719	72.03226319
chr2	76494774	0.07170191879	72.03271615
chr2	76508431	0.07247927826	72.03369538
chr2	76990968	0.0683806942	72.06866932
chr2	76995644	0.06931591668	72.06898906
chr2	76997666	0.06525009571	72.06912922
chr2	77137177	0.06378440025	72.07823233
chr2	77168986	0.06407072165	72.08026125
chr2	77663758	0.06317574859	72.11196164
chr2	77710645	0.0609120456	72.11492377
chr2	77710658	0.06382755732	72.11492456
chr2	77710696	0.06229541327	72.11492698
chr2	77710697	0.06509464791	72.11492705
chr2	77866095	0.06745735975	72.12504262
chr2	77866872	0.06459793612	72.12509504
chr2	77866911	0.06320022853	72.12509756
chr2	78097323	0.06152672674	72.13965965
chr2	78253600	0.05771780096	72.14927486
chr2	78280886	0.05586129353	72.15084975
chr2	78876108	0.03420725822	72.18409962
chr2	78876189	0.02888812215	72.18410239
chr2	78924643	0.0264106429	72.18550213
chr2	78924696	0.02795997873	72.18550353
chr2	79294077	0.02687511745	72.19583142
chr2	79323423	0.02947762663	72.1966201
chr2	80166630	0.02884262324	72.22147584
chr2	80187382	0.02033351043	72.22207438
chr2	80189901	0.01849597648	72.2221256
chr2	80424125	0.0302634723	72.2264578
chr2	80424836	0.03773316407	72.22647932
chr2	80629132	0.03524791559	72.23418805
chr2	80662998	0.05071725865	72.23538176
chr2	80879648	0.04999697872	72.24636965
chr2	80879757	0.04078921971	72.2463751
chr2	80879793	0.03923814574	72.24637657
chr2	80881521	0.04177794143	72.24644438
chr2	80882232	0.04008399984	72.24647408
chr2	80882666	0.06441431582	72.24649148
chr2	80883669	0.06624988301	72.24655608
chr2	80883827	0.05885787768	72.24656655
chr2	80883875	0.1169418772	72.24656938
chr2	81117182	0.1028928343	72.27385273
chr2	81117644	0.08835660572	72.27390027
chr2	81117670	0.05943693058	72.27390257
chr2	81117971	0.09415557685	72.27392046
chr2	81118001	0.09954768032	72.27392328
chr2	81118357	0.1070362038	72.27395872
chr2	81118394	0.1121208786	72.27396268
chr2	81200692	0.07104159219	72.28319001
chr2	81200751	0.07288005622	72.2831942
chr2	81255719	0.06641121051	72.28720027
chr2	81572134	0.05892268718	72.30821377
chr2	81747604	0.03349502404	72.31855294
chr2	81747640	0.02809834788	72.31855414
chr2	81748138	0.04040242156	72.31856813
chr2	81748204	0.03501031826	72.3185708
chr2	81748652	0.05275710721	72.31858649
chr2	81874411	0.05646318729	72.32522117
chr2	81940121	0.03876307946	72.32893136
chr2	81940130	0.05690800367	72.32893171
chr2	81942934	0.05847419705	72.32909128
chr2	82030920	0.05112869638	72.33423619
chr2	82034807	0.01523698402	72.33443493
chr2	82155976	0.01196328144	72.33628118
chr2	82161994	0.009746435006	72.33635318
chr2	82219471	0.007206639311	72.33691337
chr2	82224407	0.008164669481	72.33694894
chr2	82224578	0.0133551901	72.33695034
chr2	82293431	0.2855967901	72.33786988
chr2	82305913	0.02102759756	72.3414347
chr2	82333103	0.0737554342	72.34200644
chr2	82587404	0.06039284537	72.36076252
chr2	82587439	0.06191601784	72.36076464
chr2	82630023	0.1040368613	72.36340127
chr2	82791315	0.06443057348	72.38018158
chr2	82791433	0.04337785282	72.38018919
chr2	82878831	0.03354267382	72.38398032
chr2	82878837	0.02761148684	72.38398052
chr2	82878964	0.04408759066	72.38398403
chr2	82879219	0.04655309092	72.38399527
chr2	82879230	0.05148535	72.38399579
chr2	82879256	0.04629482948	72.38399712
chr2	83037137	0.02481126627	72.3913062
chr2	83037231	0.02609302462	72.39130853
chr2	83037792	0.03277511695	72.39132317
chr2	84027770	0.02934259658	72.42376981
chr2	84073424	0.02739001437	72.42510942
chr2	84073459	0.02543747163	72.42511038
chr2	84076388	0.02348820937	72.42518489
chr2	84083394	0.04300720004	72.42534944
chr2	84083505	0.03975762812	72.42535422
chr2	84091601	0.06024229625	72.4256761
chr2	84091616	0.0574403819	72.425677
chr2	84112602	0.05587418852	72.42688244
chr2	84257146	0.05094192899	72.43495872
chr2	84257487	0.7152635876	72.43497609
chr2	84262283	0.1170254302	72.4384065
chr2	84262624	0.1253224311	72.4384464
chr2	84400911	0.09874614467	72.45577687
chr2	84428511	0.07830362205	72.45850226
chr2	84428750	0.04983830022	72.45852097
chr2	84607436	0.05303761147	72.46742638
chr2	84672184	0.04474061066	72.47086046
chr2	84674289	0.04816075605	72.47095464
chr2	84703656	0.03500903167	72.47236898
chr2	84703688	0.04065227708	72.4723701
chr2	84818321	0.04465228608	72.47703019
chr2	84818375	0.04864549379	72.4770326
chr2	84818388	0.054940158	72.47703323
chr2	84818401	0.07389829477	72.47703395
chr2	84818411	0.08874608902	72.47703469
chr2	84822525	0.09577687536	72.47739979
chr2	85110262	0.1018712062	72.50495834
chr2	85237236	0.09375774676	72.51789333
chr2	85305845	0.08345771346	72.52432596
chr2	85429133	0.09760375496	72.53461529
chr2	85488453	0.0932738204	72.54040515
chr2	85667849	0.1182324654	72.5571381
chr2	85669111	0.1257169313	72.55728731
chr2	85669350	0.1075776821	72.55731735
chr2	85669368	0.1023666493	72.55731929
chr2	85669377	0.09485470856	72.55732021
chr2	85669463	0.08517735769	72.55732837
chr2	85669577	0.08197804644	72.55733808
chr2	85686141	0.07851934747	72.55869596
chr2	85686165	0.07460345725	72.55869785
chr2	85688111	0.07115167477	72.55884303
chr2	85688112	0.0811219802	72.5588431
chr2	85688292	0.07767083715	72.5588577
chr2	85688370	0.07248301005	72.55886376
chr2	85689266	0.2092728037	72.5589287
chr2	85689515	0.2507750345	72.55898081
chr2	85689899	0.2751734342	72.55907711
chr2	85734860	0.3681885069	72.57144918
chr2	85771393	0.149960372	72.58490021
chr2	85771517	0.2005623776	72.58491881
chr2	85776287	0.2104445968	72.58587549
chr2	85776700	0.1818449825	72.5859624
chr2	85827817	0.1239018537	72.59525777
chr2	85840148	0.1585824158	72.59678561
chr2	85866026	0.1726415451	72.6008894
chr2	86018364	0.1070819961	72.62718927
chr2	86019896	0.1042537297	72.62735332
chr2	86027442	0.1070669543	72.62814002
chr2	86027467	0.09379045659	72.62814269
chr2	86059150	0.1637422795	72.63111426
chr2	86107728	0.04506757352	72.63906853
chr2	86120149	0.02543834417	72.63962831
chr2	86123122	0.03294432815	72.63970394
chr2	86123134	0.01764848788	72.63970434
chr2	86345265	0.01904641872	72.64362461
chr2	86348827	0.02352225775	72.64369246
chr2	86364561	0.02994529973	72.64406256
chr2	87108041	0.02546946071	72.66632629
chr2	87235026	0.3226117877	72.66956053
chr2	87235351	0.3112738589	72.66966538
chr2	87246462	0.02223679709	72.67312394
chr2	87262098	0.02007787086	72.67347164
chr2	87262141	0.02287184634	72.6734725
chr2	87262218	0.02566579438	72.67347426
chr2	87262410	0.02556056612	72.67347919
chr2	87263254	0.02997551464	72.67350076
chr2	87269163	0.03223052014	72.67367789
chr2	87286481	0.4199744453	72.67423605
chr2	87295682	0.05065375723	72.67810024
chr2	87303458	0.07887593595	72.67849412
chr2	87303492	0.08176824806	72.6784968
chr2	87423864	0.1177962208	72.68833941
chr2	87479643	0.108980173	72.69490997
chr2	87509609	0.1124874243	72.69817567
chr2	88032939	0.1080724758	72.75704371
chr2	88039810	0.1158207978	72.75778628
chr2	88039864	0.1247983961	72.75779253
chr2	88084528	0.1288097328	72.76336653
chr2	88168489	0.1325831237	72.77418152
chr2	88168925	0.1412993127	72.77423933
chr2	88168978	0.1768866975	72.77424682
chr2	88418375	0.1679090994	72.81836183
chr2	88418473	0.1542891084	72.81837828
chr2	88478341	0.1433048615	72.82761526
chr2	88478363	0.1400823651	72.82761842
chr2	88478372	0.08830093091	72.82761968
chr2	88478461	0.5331909634	72.82762754
chr2	88478463	0.5754955981	72.8276286
chr2	88478488	0.6178134015	72.82764299
chr2	88478493	1.271059757	72.82764608
chr2	88496049	1.272403877	72.8499608
chr2	88527894	1.134920024	72.8904805
chr2	88553094	1.136295173	72.91908049
chr2	88553325	1.087895982	72.91934297
chr2	88553891	0.9781453413	72.91995872
chr2	88557085	0.428964024	72.92308292
chr2	88558149	0.2593996514	72.92353934
chr2	88558788	0.1150341339	72.92370509
chr2	88559271	0.111108335	72.92376065
chr2	88559370	0.1267883939	72.92377165
chr2	88633552	0.09981057314	72.93317707
chr2	88633584	0.09686577797	72.93318026
chr2	88776086	0.06611410131	72.94698383
chr2	88821415	0.04802581553	72.94998072
chr2	88821467	0.009773462264	72.94998321
chr2	88824699	0.01758573009	72.9500148
chr2	88931657	0.01357439338	72.95189574
chr2	89236435	0.005321241758	72.95603291
chr2	89236585	0.009125855627	72.95603371
chr2	89236600	0.01325068257	72.95603385
chr2	89236850	0.01904055026	72.95603716
chr2	89548393	0.02208153921	72.96196911
chr2	89567249	0.02692389688	72.96238548
chr2	89649546	0.02697348563	72.96460124
chr2	90268998	0.02213112796	72.98131002
chr2	90269617	0.02971672913	72.98132372
chr2	90312764	0.04544586397	72.9826059
chr2	90410666	0.0367616789	72.98705514
chr2	90411200	0.03698872559	72.98707478
chr2	90411289	0.04051532252	72.98707807
chr2	90411330	0.04606986603	72.98707973
chr2	90665832	0.04302887708	72.9988046
chr2	90678844	0.03374642611	72.99936449
chr2	90839539	0.03598782191	73.00478738
chr2	91021364	0.03146752497	73.01133086
chr2	91021616	0.02956384956	73.01133879
chr2	91023103	0.02400930619	73.01138275
chr2	91023183	0.02310813733	73.01138467
chr2	91024186	0.01848792973	73.01140785
chr2	91254702	0.03945595216	73.01566961
chr2	91263037	0.03855778516	73.01599848
chr2	91374858	0.04302204911	73.02031005
chr2	91378192	0.04406022356	73.02045348
chr2	91378197	0.05347254334	73.02045371
chr2	91416764	0.03250452091	73.02251598
chr2	91425553	0.03605308922	73.02280166
chr2	91880609	0.03674608067	73.03920784
chr2	91898482	0.03764940865	73.0398646
chr2	91898515	0.03603794438	73.03986584
chr2	91941896	0.03000969233	73.0414292
chr2	91998152	0.02455782067	73.04311743
chr2	91998155	0.02332730996	73.0431175
chr2	92355612	0.01942249151	73.05145601
chr2	92382349	0.01999429937	73.05197531
chr2	92383156	0.01307557695	73.05199145
chr2	92650878	0.01410795839	73.05549207
chr2	92915715	0.01477554398	73.05922838
chr2	92915814	0.01601372427	73.05922984
chr2	92915835	0.06181110257	73.05923018
chr2	92990008	0.06349642999	73.06381489
chr2	92990034	0.02012407848	73.06381654
chr2	92990057	0.02192252799	73.06381701
chr2	93061151	0.02260974888	73.06537557
chr2	93176763	0.02291436106	73.06798952
chr2	93395070	0.02064373308	73.07299189
chr2	94171247	0.01874417277	73.08901508
chr2	94289890	0.02020898071	73.09123894
chr2	94391305	0.0287570117	73.09328844
chr2	94879472	0.02288294304	73.10732666
chr2	94879529	0.02108449383	73.10732797
chr2	95187281	0.02179554279	73.11381676
chr2	95660260	0.01965403417	73.1241256
chr2	95665335	0.01698681311	73.12422534
chr2	95922450	0.01476748075	73.12859291
chr2	95942413	0.02420916603	73.12888771
chr2	96637635	0.01932134652	73.14571845
chr2	96642422	0.01852367953	73.14581094
chr2	96681029	0.02152217473	73.14652609
chr2	96784149	0.02185224446	73.14874545
chr2	96784189	0.02373580345	73.14874633
chr2	97022601	0.02205047609	73.15440523
chr2	97542458	0.01992671104	73.16586832
chr2	97767458	0.02071699789	73.17035183
chr2	97805848	0.02259664998	73.17114716
chr2	97814304	0.021294018	73.17133824
chr2	97847239	0.03166872316	73.17203955
chr2	98005878	0.03004359363	73.17706345
chr2	98130711	0.04176205577	73.18081388
chr2	98420691	0.0508914423	73.19292404
chr2	98506336	0.05521183101	73.19728264
chr2	98588284	0.04874269385	73.20180714
chr2	99127846	0.03913201543	73.22810684
chr2	99223527	0.03489937059	73.23185103
chr2	99292867	0.02668284206	73.23427096
chr2	99293098	0.03000218637	73.23427712
chr2	99516223	0.03425125434	73.24097136
chr2	99614490	0.0473524563	73.24433713
chr2	99814399	0.04853566042	73.25380331
chr2	99841319	0.05058388218	73.25510989
chr2	100170049	0.04671075371	73.27173833
chr2	100393229	0.04055373599	73.28216323
chr2	100464375	0.02686152582	73.28504847
chr2	101455006	0.02475571493	73.31165833
chr2	101480958	0.02382895182	73.31230079
chr2	101687566	0.01914415573	73.31722404
chr2	101687713	0.02452879281	73.31722686
chr2	101801939	0.02531063673	73.32002868
chr2	101860742	0.02662549834	73.32151702
chr2	102067306	0.02630759433	73.32701689
chr2	102067314	0.02205549015	73.3270171
chr2	102151086	0.02123571954	73.32886474
chr2	102232610	0.02630770084	73.33059596
chr2	102233666	0.0372600227	73.33062374
chr2	102435026	0.05078536152	73.33812642
chr2	102686267	0.02975204202	73.35088578
chr2	102686279	0.02426203889	73.35088614
chr2	102686332	0.02344137741	73.35088742
chr2	102686363	0.02225817304	73.35088815
chr2	102686382	0.03145955613	73.35088857
chr2	102933886	0.04648868923	73.35867494
chr2	103071120	0.04642804762	73.36505477
chr2	103086506	0.02426950907	73.36576911
chr2	103086514	0.02537970981	73.36576931
chr2	103097228	0.03168430423	73.36604122
chr2	103636219	0.02844372545	73.38311878
chr2	103817456	0.03492689261	73.38827383
chr2	103834227	0.03196645836	73.38885959
chr2	103917105	0.04095595985	73.39150891
chr2	103917118	0.04400208419	73.39150944
chr2	103980515	0.03750862824	73.39429904
chr2	104131608	0.03877597	73.39996633
chr2	104151816	0.1765165381	73.40074992
chr2	104161285	0.1977064466	73.40242135
chr2	104161321	0.1837920443	73.40242847
chr2	104321605	0.1878334268	73.43188739
chr2	104321650	0.5215979385	73.43189585
chr2	104340905	0.3451180812	73.44193921
chr2	104341601	0.3386349141	73.44217942
chr2	104341819	0.3504710519	73.44225324
chr2	104342986	0.02712917357	73.44266224
chr2	104342994	0.04425362818	73.44266246
chr2	104628916	0.020532712	73.45531554
chr2	104628935	0.02300527281	73.45531593
chr2	104745299	0.02837766656	73.45799292
chr2	104745328	0.04365972472	73.45799374
chr2	104745367	0.05209071242	73.45799544
chr2	105103053	0.05586550327	73.47662756
chr2	105103079	0.06380272019	73.47662901
chr2	105110643	0.06491957705	73.47711162
chr2	105333454	0.06560252942	73.49157641
chr2	105377814	0.04925747746	73.49448654
chr2	105715039	0.04575321728	73.51109739
chr2	105727439	0.0671802671	73.51166473
chr2	105845468	0.03838971826	73.51959395
chr2	105845487	0.09307820986	73.51959468
chr2	105856584	0.09002019361	73.52062757
chr2	105919480	0.08585787674	73.52628948
chr2	105947990	0.05270646019	73.52873729
chr2	106003267	0.01530791234	73.53165075
chr2	106129458	0.2052955927	73.53358247
chr2	106147328	0.2041853913	73.5372511
chr2	106147344	0.01419771104	73.53725437
chr2	106148228	0.01626513668	73.53726692
chr2	106656323	0.009577175473	73.54553115
chr2	106663283	0.08213627569	73.54559781
chr2	106664661	0.08840081821	73.54571099
chr2	106728440	0.08668728932	73.55134911
chr2	106728545	0.0346184031	73.55135821
chr2	106728661	0.05076962253	73.55136223
chr2	106812905	0.04950228077	73.55563926
chr2	106939055	0.02102885446	73.56188397
chr2	106945922	0.0174240153	73.56202838
chr2	107079311	0.008925938654	73.56435255
chr2	107190303	0.01647872551	73.56534326
chr2	107206317	0.0243102627	73.56560715
chr2	107207098	0.01804572019	73.56562614
chr2	107208937	0.02192906803	73.56565932
chr2	107211738	0.02985968725	73.56572075
chr2	107212146	0.03482214834	73.56573293
chr2	107212212	0.04276155035	73.56573523
chr2	107640219	0.0266248079	73.58403747
chr2	107864998	0.01150720505	73.59002217
chr2	107896911	0.006544743982	73.5903894
chr2	108083986	0.002661396133	73.59161375
chr2	108085704	0.01990460743	73.59161833
chr2	108153161	0.02894018917	73.59296103
chr2	108153217	0.02939950577	73.59296265
chr2	108154632	0.03090893791	73.59300425
chr2	108154791	0.03241806569	73.59300917
chr2	108279333	0.03409888942	73.59704658
chr2	108280395	0.03707768675	73.59708279
chr2	108282772	0.04277118393	73.59717093
chr2	108282774	0.02552797499	73.59717101
chr2	108529243	0.02372413283	73.60346287
chr2	108838862	0.02603562004	73.61080831
chr2	108879614	0.02034211946	73.61186931
chr2	108879619	0.02479496257	73.61186941
chr2	108879664	0.02718570141	73.61187053
chr2	108893051	0.02928922066	73.61223446
chr2	108896901	0.03394728264	73.61234723
chr2	108896989	0.0361993335	73.61235021
chr2	108898803	0.04557409686	73.61241588
chr2	108902211	0.04783304786	73.6125712
chr2	109421164	0.04485425053	73.6373943
chr2	109448411	0.04880245356	73.63861644
chr2	109449444	0.05275512054	73.63866686
chr2	109498384	0.04924879932	73.64124869
chr2	110204810	0.06354412497	73.67603932
chr2	110301032	0.05947256243	73.68215367
chr2	110308963	0.05716107525	73.68262534
chr2	110309086	0.05252991985	73.68263238
chr2	110309147	0.04268573932	73.68263558
chr2	110400187	0.03860615511	73.68652169
chr2	110405889	0.09591697665	73.68674182
chr2	110405915	0.2080910162	73.68674432
chr2	110406246	0.2118919812	73.68681319
chr2	110406330	0.2188139229	73.68683099
chr2	110406502	0.2483627025	73.68686863
chr2	110437623	0.2963093063	73.69459792
chr2	110496089	0.3237531035	73.71192194
chr2	110508496	0.1139759953	73.71593875
chr2	110541653	0.1158235784	73.71971785
chr2	110897250	0.2165491854	73.76090437
chr2	110897377	0.1895201011	73.76093187
chr2	110897560	0.2228712936	73.76096655
chr2	110897656	0.2381648143	73.76098795
chr2	110897674	0.2312546822	73.76099223
chr2	110999386	0.1979841452	73.78451361
chr2	110999389	0.153269304	73.7845142
chr2	110999423	0.1198781294	73.78451942
chr2	110999449	0.06064833017	73.78452253
chr2	111114325	0.06408722132	73.79148957
chr2	111300261	0.06160151248	73.80340569
chr2	111300357	0.05332362483	73.80341161
chr2	111455534	0.06344861652	73.81168621
chr2	111455562	0.05760429411	73.81168798
chr2	111455629	0.06236239247	73.81169184
chr2	111455753	0.0676177422	73.81169957
chr2	111569750	0.1005638014	73.81940779
chr2	111791426	0.1071997622	73.84170038
chr2	111795390	0.1141744274	73.84212532
chr2	111897122	0.1064787132	73.85374051
chr2	111897168	0.07534310364	73.85374541
chr2	112027422	0.09911315953	73.86355915
chr2	112027910	0.1232358819	73.86360751
chr2	112056572	0.1535070447	73.8671397
chr2	112101621	0.1722834686	73.87405504
chr2	112102354	0.1670298957	73.87418132
chr2	112102355	0.1596425331	73.87418149
chr2	112102369	0.1565616794	73.87418373
chr2	112102420	0.1364350612	73.87419171
chr2	112102469	0.1791115845	73.8741984
chr2	112102577	0.2304031823	73.87421774
chr2	112168673	0.1770435126	73.88944647
chr2	112168760	0.1656977267	73.88946187
chr2	112168778	0.1415750043	73.88946485
chr2	112168828	0.06001224349	73.88947193
chr2	112168933	2.44064414	73.88947823
chr2	112169805	2.431128576	73.89160648
chr2	112170294	2.463203254	73.8927953
chr2	112170380	0.1235065735	73.89300713
chr2	112170537	0.1538301413	73.89302652
chr2	112208863	0.2050344034	73.89892222
chr2	112273603	0.2127632344	73.91219614
chr2	112274072	1.56497957	73.91229593
chr2	112274326	1.532737204	73.91269344
chr2	112274346	3.328783531	73.91272409
chr2	112275057	3.296320625	73.91509086
chr2	112275227	3.245116363	73.91565123
chr2	112276238	1.416995358	73.91893204
chr2	112276519	1.425524026	73.91933022
chr2	112276585	0.07330769004	73.9194243
chr2	112276804	0.07420468133	73.91944036
chr2	112277095	0.08669718172	73.91946195
chr2	112282599	0.03062252483	73.91993913
chr2	112285274	0.07421450309	73.92002105
chr2	112285308	0.07498517835	73.92002357
chr2	112285881	0.08371906535	73.92006654
chr2	112285950	0.09961780045	73.92007231
chr2	112674954	0.1447552983	73.95882404
chr2	112674963	0.1653442233	73.95882534
chr2	112675367	0.1566331732	73.95889214
chr2	112713271	0.1489043422	73.96482916
chr2	112713485	0.1409561751	73.96486103
chr2	112729310	0.1596925335	73.96709166
chr2	112759253	0.1525129474	73.97187333
chr2	112759303	0.1533861272	73.97188096
chr2	112760561	2.095580626	73.97207392
chr2	112760669	2.055936227	73.97230024
chr2	112762313	0.07747188113	73.9756802
chr2	112764120	0.0938585441	73.97582019
chr2	112764648	0.1005260341	73.97586975
chr2	112764739	0.1097162254	73.9758789
chr2	112764742	0.07186639936	73.97587923
chr2	112764871	0.08228049604	73.9758885
chr2	112764888	0.09453847269	73.9758899
chr2	112764918	0.1037329675	73.97589273
chr2	112764944	0.1100558737	73.97589543
chr2	112764976	0.1412507332	73.97589895
chr2	112765014	0.1701259907	73.97590432
chr2	112949851	0.1517415782	74.0073499
chr2	113042105	0.1180041153	74.02134866
chr2	113042110	0.1542041645	74.02134925
chr2	113042115	0.1419427364	74.02135002
chr2	113091171	0.13152864	74.02831317
chr2	113092040	0.1163152883	74.02842747
chr2	113134494	0.1071250963	74.03336551
chr2	113134500	0.09793060122	74.03336616
chr2	113134917	0.1379716029	74.03340699
chr2	113137013	0.1340199242	74.03369618
chr2	113219170	0.1148280139	74.04470686
chr2	113219783	0.07478701215	74.04477725
chr2	113274303	5.469169394	74.04885464
chr2	113274928	0.03217795275	74.05227287
chr2	113302374	0.0462126864	74.05315602
chr2	113304601	0.04941131405	74.05325894
chr2	113304855	0.06174608958	74.05327149
chr2	113305020	0.0788969628	74.05328168
chr2	113305145	0.08721838575	74.05329154
chr2	113538189	0.1066014336	74.07361726
chr2	113580346	0.094266658	74.07811126
chr2	113580475	0.07371797899	74.07812342
chr2	113580518	0.09246869377	74.07812659
chr2	113619476	0.1079651259	74.08172898
chr2	113619507	0.16252286	74.08173233
chr2	113639660	0.1770595241	74.08500765
chr2	113701282	0.1098355911	74.09591841
chr2	113713503	0.1383487883	74.09726072
chr2	113713576	0.1483494642	74.09727081
chr2	113763984	0.1600100617	74.10474881
chr2	113764192	0.207187821	74.1047821
chr2	113819940	0.2216673133	74.1163324
chr2	113836220	0.174489554	74.11994115
chr2	113871762	0.1771081331	74.12614285
chr2	113873290	0.1424533464	74.12641348
chr2	113873422	0.1279166824	74.12643228
chr2	113873877	0.1163331971	74.12649048
chr2	113874082	0.1080493891	74.12651433
chr2	113874164	0.1149579336	74.12652319
chr2	113976215	0.1162073213	74.13825476
chr2	114022834	0.1481022693	74.14367223
chr2	114053365	0.1354731055	74.14819394
chr2	114054625	0.1021719491	74.14836464
chr2	114054637	1.41924367	74.14836586
chr2	114054709	1.437478702	74.14846805
chr2	114054766	1.438496422	74.14854999
chr2	114055403	1.426835824	74.14946631
chr2	114055643	1.437750813	74.14980875
chr2	114056591	1.434227806	74.15117174
chr2	114057248	0.132764898	74.15211402
chr2	114057255	0.1437698494	74.15211495
chr2	114126549	0.1729859069	74.16207734
chr2	114129375	0.1410909589	74.1625662
chr2	114130233	0.1451341927	74.16268726
chr2	114242859	0.1159181352	74.17903314
chr2	114273481	0.110722027	74.18258278
chr2	114366036	0.06649938657	74.19283066
chr2	114366969	0.1062602757	74.19289271
chr2	114439829	0.08355769492	74.20063483
chr2	114439898	0.1695495757	74.20064059
chr2	114518928	0.310577838	74.2140401
chr2	114518935	0.2675838008	74.21404227
chr2	114559884	0.5111009628	74.22499956
chr2	114561971	0.6757993883	74.22606623
chr2	114601159	6.409762176	74.25254946
chr2	114601586	6.323983566	74.25528642
chr2	114601720	6.306616487	74.25613384
chr2	114601747	19.73781496	74.25630412
chr2	114601920	0.386443063	74.25971876
chr2	114601946	0.4132328176	74.25972881
chr2	114728222	0.3863280999	74.31191019
chr2	114728244	0.3594280679	74.31191869
chr2	114728426	0.3136667862	74.31198411
chr2	114728432	0.2868067283	74.31198599
chr2	114728731	0.3175633958	74.31207175
chr2	114728790	0.2639893765	74.31209048
chr2	114735139	0.3121343397	74.31376655
chr2	114798536	0.3139728337	74.33355493
chr2	114805720	0.2658278717	74.33581051
chr2	114805722	0.249154238	74.33581104
chr2	114836616	0.2893677222	74.34350841
chr2	114836630	0.3246821942	74.34351247
chr2	114837200	0.3689790408	74.34369753
chr2	114839215	0.3585933076	74.34444103
chr2	114839237	0.3358827882	74.34444892
chr2	114839238	0.3617356049	74.34444925
chr2	114839325	0.4652303214	74.34448072
chr2	114839361	0.4998194053	74.34449747
chr2	114840549	0.5520535692	74.34509126
chr2	114850301	0.5802867686	74.35047488
chr2	114958823	0.5246678764	74.41344876
chr2	114970531	0.4992926783	74.41959158
chr2	114970622	0.5247290899	74.41963701
chr2	114970633	0.5378245191	74.41964278
chr2	114970660	0.4192205036	74.4196573
chr2	114970679	0.4281839271	74.41966527
chr2	115169458	0.48100774	74.50477924
chr2	115169892	0.4639516466	74.504988
chr2	115169914	0.4242690075	74.50499821
chr2	115228155	0.4110721701	74.52970806
chr2	115229409	0.3193930619	74.53022354
chr2	115229433	0.2450221427	74.53023121
chr2	115230122	0.2104435178	74.53040003
chr2	115230749	0.1550011258	74.53053198
chr2	115231118	0.1470358695	74.53058917
chr2	115231331	0.07986740269	74.53062049
chr2	115350793	0.08552344077	74.54016161
chr2	115350801	0.07658523143	74.54016229
chr2	115357341	0.07085173814	74.54066316
chr2	115357408	0.07565336329	74.54066791
chr2	115434809	0.08566023826	74.54652355
chr2	115434860	0.07101948146	74.54652792
chr2	115652242	0.0841044718	74.56196628
chr2	115899729	0.08044691818	74.58278104
chr2	115899848	0.07260716455	74.58279062
chr2	115900735	0.07805652823	74.58285502
chr2	115902150	0.1467916913	74.58296547
chr2	115911927	0.1442744842	74.58440065
chr2	115911938	0.1311894933	74.58440224
chr2	115912229	0.1389422866	74.58444041
chr2	115951532	0.06195452633	74.58990126
chr2	115951588	0.05277078233	74.58990473
chr2	115951698	0.05734475024	74.58991054
chr2	115957489	0.06909379564	74.59024262
chr2	115959286	0.09557534569	74.59036678
chr2	116065104	0.1159593642	74.60048037
chr2	116065110	0.1111577386	74.60048107
chr2	116065157	0.1102607472	74.60048629
chr2	116175200	0.1203538921	74.61261972
chr2	116175576	0.1285374159	74.61266497
chr2	116419534	0.1189498538	74.6440227
chr2	116511876	0.2628944649	74.65500677
chr2	116515646	0.2820035974	74.65599788
chr2	116515656	0.3261091044	74.6560007
chr2	116515892	0.3524805552	74.65607766
chr2	116524316	0.373862406	74.65904696
chr2	116552524	0.4266069967	74.66959287
chr2	116644748	0.2651208208	74.70893627
chr2	116646853	0.2632823272	74.70949435
chr2	116646864	0.2349840208	74.70949725
chr2	116646873	0.2255059396	74.70949936
chr2	116650964	0.1726875858	74.71042191
chr2	116651061	0.1458596666	74.71043866
chr2	116651803	0.2272303151	74.71054689
chr2	116693436	0.2270702868	74.72000717
chr2	116693473	3.26580372	74.72001557
chr2	116693510	3.263104016	74.7201364
chr2	116693564	3.190277134	74.72031261
chr2	116694218	3.193356597	74.72239905
chr2	116694584	4.930017951	74.72356782
chr2	116694592	4.921775972	74.72360726
chr2	116694624	4.894623907	74.72376476
chr2	116696043	0.2430623375	74.73071023
chr2	116696599	0.3456243158	74.73084537
chr2	116737903	0.1887361304	74.74512104
chr2	116905788	0.1724918745	74.776807
chr2	116908211	0.1859016053	74.77722495
chr2	117094807	0.1782438018	74.81191345
chr2	117129615	0.09204765661	74.81811776
chr2	117129616	0.0842001139	74.81811785
chr2	117129656	0.1232404386	74.81812122
chr2	117129765	0.1252557458	74.81813465
chr2	117129795	0.126234406	74.81813841
chr2	117161618	0.1966708963	74.82215557
chr2	117162351	0.2127725207	74.82229973
chr2	117202146	0.1104737103	74.83076701
chr2	117265099	0.1758239731	74.83772166
chr2	117321686	0.2174234134	74.84767101
chr2	117321695	0.09873689066	74.84767297
chr2	117322019	0.1395782772	74.84770496
chr2	117322657	0.1581991916	74.84779401
chr2	117322943	0.2044661969	74.84783925
chr2	117322947	0.2741572066	74.84784007
chr2	117322974	0.2880969524	74.84784747
chr2	117379723	0.3789445928	74.86419669
chr2	117566746	0.2332240888	74.93506804
chr2	117643562	0.2296432383	74.95298339
chr2	117643600	0.2810334083	74.95299211
chr2	117797696	0.2779539454	74.99629824
chr2	117799075	0.1318569179	74.99668153
chr2	117799152	0.1290803637	74.99669169
chr2	117799163	0.1399924428	74.99669311
chr2	118060059	0.1331040785	75.03321658
chr2	118086036	0.1037185051	75.03667422
chr2	118086212	0.08505284149	75.03669247
chr2	118103406	0.06400267241	75.03815487
chr2	118110079	0.05233881238	75.03858196
chr2	118110572	0.0300227015	75.03860777
chr2	118203325	0.02468460576	75.04139246
chr2	118210528	0.04426589584	75.04157026
chr2	118210534	0.04817066348	75.04157053
chr2	118210555	0.05071089752	75.04157154
chr2	118253708	0.0538038353	75.04375987
chr2	118256928	0.0549427714	75.04393312
chr2	118257031	0.06204390502	75.04393878
chr2	118735563	0.05494277145	75.07362877
chr2	118759389	1.342597054	75.07493784
chr2	118762027	1.336161674	75.07847961
chr2	118762028	0.1338267293	75.07848094
chr2	118762036	0.1358521505	75.07848201
chr2	118802071	0.1372577907	75.08392086
chr2	119080654	0.05193845951	75.12215854
chr2	119080783	0.04803369244	75.12216524
chr2	119081108	0.04629223956	75.12218085
chr2	119086189	0.04281095194	75.12241606
chr2	119276125	0.0545804443	75.13054741
chr2	119450116	0.04964195575	75.14004391
chr2	119548274	0.05520948507	75.14491667
chr2	119611594	0.05731267549	75.14841253
chr2	119611596	0.05942617262	75.14841265
chr2	119757095	0.06099206396	75.15705909
chr2	120929785	0.05974241398	75.22858388
chr2	120929850	0.05854015423	75.22858776
chr2	120949542	0.05729951813	75.22974053
chr2	121219371	0.05555083583	75.24520161
chr2	121219407	0.04915661478	75.24520361
chr2	121219415	0.03655126335	75.245204
chr2	121219417	0.03546072797	75.24520407
chr2	121219560	0.09686925736	75.24520914
chr2	121227291	0.12894887	75.24595804
chr2	121227355	0.146722939	75.24596629
chr2	121227518	0.1996482567	75.24599021
chr2	121240519	0.1965012663	75.24858583
chr2	121350632	0.2298567146	75.27022318
chr2	121370657	0.1855386837	75.27482606
chr2	121370663	0.2086443817	75.27482717
chr2	121452508	0.1819491584	75.29190367
chr2	121459655	0.1809033022	75.29320406
chr2	121463702	0.1842864144	75.29393618
chr2	121804718	0.1686288611	75.35678079
chr2	121805000	0.1628244752	75.35682835
chr2	121826900	0.1553763295	75.3603942
chr2	121850268	0.1540562309	75.36402504
chr2	121850272	0.1691461093	75.36402565
chr2	121851392	0.1595270976	75.3642151
chr2	121851562	0.04474546031	75.36424222
chr2	121851802	0.05530290567	75.36425296
chr2	122075464	0.05345405121	75.37662211
chr2	122075486	0.06156261281	75.37662329
chr2	122433727	0.04259264022	75.39867754
chr2	122433785	0.04294345501	75.39868001
chr2	122433786	0.04201797557	75.39868006
chr2	122445343	0.02966889951	75.39916566
chr2	122445348	0.1771567309	75.39916581
chr2	122468138	0.1737736188	75.40320321
chr2	122468357	0.1758596411	75.40324126
chr2	122468388	0.1666327765	75.40324672
chr2	122468696	0.1750820692	75.40329804
chr2	122494344	0.1764005856	75.40778854
chr2	122494564	0.0723668047	75.40782735
chr2	122494600	0.08488051519	75.40782996
chr2	122494685	0.08963893639	75.40783717
chr2	122495541	0.08349334566	75.4079139
chr2	122495583	0.08894143332	75.40791741
chr2	122574466	0.1018093699	75.41493338
chr2	122587630	0.1098562737	75.4162736
chr2	122588285	0.1164631083	75.41634555
chr2	122870874	0.09957098866	75.44925674
chr2	122870923	0.09054205707	75.44926162
chr2	122941644	0.08294135999	75.45566485
chr2	123003591	0.06958992813	75.46080282
chr2	123102575	0.05841177433	75.46769111
chr2	123102619	0.03893700313	75.46769368
chr2	123227717	0.03430183618	75.47256462
chr2	123227791	0.03821010628	75.47256716
chr2	123418208	0.04427104466	75.47984301
chr2	123482043	0.04082628293	75.48266905
chr2	123600958	0.03747285773	75.48752391
chr2	123610579	0.04670825881	75.48788444
chr2	123871075	0.04423939486	75.50005175
chr2	123978524	0.03500399379	75.50480523
chr2	123978867	0.05062213474	75.50481724
chr2	123978948	0.04833283352	75.50482134
chr2	124097260	0.01431103946	75.51053969
chr2	124097268	0.01062490608	75.5105398
chr2	124097352	0.007264529396	75.5105407
chr2	124097690	0.005143553327	75.51054315
chr2	124097775	0.04159897965	75.51054359
chr2	124190921	0.05394877275	75.51441837
chr2	124190988	0.01871864778	75.51442198
chr2	124191007	0.02954040911	75.51442234
chr2	124191068	0.04413670413	75.51442414
chr2	124191822	0.04213337815	75.51445742
chr2	124361679	0.04296397705	75.52161407
chr2	124364074	0.0438713339	75.52171697
chr2	124364138	0.1248277132	75.52171977
chr2	124393999	0.1274973576	75.52544726
chr2	124394903	0.1324765583	75.52556251
chr2	124397359	0.1438709647	75.52588788
chr2	124423875	0.1292746696	75.52970276
chr2	124423927	0.07243947176	75.52970948
chr2	124466077	0.06008967873	75.5327628
chr2	124505015	0.02514673609	75.53510258
chr2	124695549	0.03334393048	75.53989388
chr2	124695586	0.02246686798	75.53989512
chr2	125477763	0.01498453832	75.55746818
chr2	125576134	0.01743249207	75.55894223
chr2	125577499	0.02049424072	75.55896602
chr2	125629246	0.02183982125	75.56002654
chr2	125671641	0.02323502829	75.56095244
chr2	125671662	0.02463024803	75.56095293
chr2	125842606	0.03117564167	75.56516332
chr2	126232932	0.03595923283	75.57733198
chr2	126233490	0.03777280426	75.57735205
chr2	126233690	0.0512762654	75.5773596
chr2	126240600	0.05855207149	75.57771392
chr2	126248595	0.06038038189	75.57818205
chr2	126361768	0.05383498825	75.58501548
chr2	126461055	0.06176464322	75.59036059
chr2	126789830	0.05896167963	75.61066726
chr2	126887373	0.06132918922	75.61641856
chr2	126939746	0.05865954479	75.61963055
chr2	126943302	0.05387595363	75.61983915
chr2	126964271	0.05142557313	75.62096887
chr2	126964281	0.0316972608	75.62096939
chr2	126970061	0.04329144799	75.6211526
chr2	127110689	0.05245467785	75.62724059
chr2	127481278	0.04697683485	75.64667971
chr2	127481532	0.03781360499	75.64669164
chr2	127622876	0.04316834923	75.65203637
chr2	127851428	0.03896727384	75.66190258
chr2	128107207	0.02344832059	75.67186959
chr2	128109149	0.0207223763	75.67191513
chr2	128116489	0.0198768914	75.67206723
chr2	128143804	0.02452523769	75.67261017
chr2	128145198	0.0236857684	75.67264436
chr2	128154639	0.0263512182	75.67286797
chr2	128156086	0.02814891834	75.67290611
chr2	128223615	0.03117059186	75.67480697
chr2	128322687	0.03225663489	75.67789511
chr2	128322723	0.03583657367	75.67789627
chr2	128452847	0.03500597477	75.68255947
chr2	128606816	0.03596663887	75.6879493
chr2	128730864	0.05198316185	75.69241089
chr2	129082090	0.04230813878	75.71066873
chr2	129277990	0.04371892316	75.71895689
chr2	129280649	0.05022896765	75.71907314
chr2	129280673	0.04889241418	75.71907435
chr2	129280687	0.05008913212	75.71907503
chr2	129306636	0.04663557949	75.72037479
chr2	129348197	0.08585417355	75.72231302
chr2	129348213	0.09851453793	75.72231439
chr2	129348894	0.106002385	75.72238148
chr2	129348901	0.1134942759	75.72238222
chr2	129348916	0.1266584336	75.72238392
chr2	129802474	0.1085152197	75.77983087
chr2	129802630	0.1042000392	75.7798478
chr2	129802671	0.08606339255	75.77985207
chr2	129802712	0.06362281747	75.7798556
chr2	129841813	0.06699283799	75.78234331
chr2	129841854	0.06878741782	75.78234606
chr2	129890763	0.0708613933	75.78571038
chr2	129945590	0.06908393006	75.7895955
chr2	129947675	0.05207173033	75.78973954
chr2	130003708	0.05416110383	75.79265728
chr2	130003758	0.0489775747	75.79265998
chr2	130003831	0.1353052994	75.79266356
chr2	130003833	0.1404390749	75.79266383
chr2	130003842	0.1712671725	75.79266509
chr2	130050215	0.1555640644	75.80060727
chr2	130050261	0.1675756712	75.80061442
chr2	130205386	0.1773098812	75.8266096
chr2	130284979	0.1531357622	75.84072222
chr2	130333164	0.1411241612	75.84810107
chr2	130333165	0.1223952632	75.84810121
chr2	130333191	0.1264522109	75.84810439
chr2	130333209	0.1161353701	75.84810667
chr2	130520046	0.0675827098	75.86980505
chr2	130520058	0.06953777694	75.86980587
chr2	130522847	0.1380249893	75.86999981
chr2	130637668	0.118559034	75.88584797
chr2	130795585	0.1699424174	75.90457046
chr2	130850151	0.1719844306	75.91384354
chr2	130872546	0.127830643	75.91769513
chr2	130973153	0.1003499165	75.93055579
chr2	131130957	0.1088770217	75.94639141
chr2	131170358	0.1439779006	75.95068127
chr2	131170796	0.1444965961	75.95074433
chr2	131263983	0.1439792522	75.96420954
chr2	131350844	0.1455271567	75.97671572
chr2	131437450	0.1469039013	75.98931924
chr2	131529220	0.2398908977	76.00280061
chr2	131529444	0.2563707046	76.00285435
chr2	131529465	0.2478435992	76.00285973
chr2	131567719	0.1573391763	76.01234074
chr2	131630077	0.1579875256	76.0221521
chr2	131630090	0.1254896634	76.02215415
chr2	131686664	0.1024958422	76.0292536
chr2	131735389	0.1859958895	76.03424771
chr2	131735395	0.1840334306	76.03424883
chr2	131735400	0.1822388517	76.03424975
chr2	131735437	0.2178071365	76.03425649
chr2	131735440	0.21179364	76.03425715
chr2	131735643	0.2047707247	76.03430014
chr2	131839305	0.1720700852	76.05552708
chr2	131842580	0.2211156167	76.05609061
chr2	131911863	0.1995965135	76.07141017
chr2	131911865	2.388540087	76.07141057
chr2	131911902	2.369288703	76.07149894
chr2	131913256	2.422040456	76.07470696
chr2	131913351	0.1352842982	76.07493705
chr2	131913450	0.1307086551	76.07495045
chr2	131913566	0.1218673518	76.07496561
chr2	131913598	0.1628849257	76.07496951
chr2	131913956	0.179359619	76.07502782
chr2	131997896	0.1392117025	76.09008327
chr2	132046807	0.1137020173	76.09689225
chr2	132120219	0.6207928784	76.10523934
chr2	132132720	0.06162933774	76.11299987
chr2	132135430	0.04423088165	76.11316689
chr2	132142933	0.02754439463	76.11349875
chr2	132144077	0.02658373052	76.11353027
chr2	132153043	0.05874492503	76.11376861
chr2	132257962	8.575335529	76.11993207
chr2	132258167	8.573380462	76.12169002
chr2	132258702	8.541219267	76.12627678
chr2	132258760	0.011090135	76.12677217
chr2	132265586	0.04963111488	76.12684787
chr2	132265639	0.5019899608	76.1268505
chr2	132272892	0.492577591	76.13049143
chr2	132273151	0.0814360519	76.13061901
chr2	132273666	0.09092406951	76.13066095
chr2	132342443	0.1075803615	76.13691443
chr2	132353755	0.07336928865	76.13813138
chr2	132355595	0.03215198174	76.13826638
chr2	132374187	0.04072915825	76.13886415
chr2	132584501	0.04507807784	76.14743006
chr2	133138557	0.04074817087	76.17240584
chr2	133361490	0.02084415168	76.18148996
chr2	133365872	0.02703053104	76.18158129
chr2	133365893	0.02391934649	76.18158186
chr2	133366171	0.02732878204	76.18158851
chr2	133366630	0.02401091119	76.18160106
chr2	133366639	0.03801782694	76.18160127
chr2	133421584	0.03961179636	76.18369016
chr2	133484656	0.05250896292	76.18618856
chr2	133609242	0.03850204754	76.19273044
chr2	133609257	0.02454013695	76.19273102
chr2	133748129	0.02721878047	76.19613895
chr2	133748134	0.01432161431	76.19613909
chr2	133767100	0.02572944714	76.19641071
chr2	133767143	0.03143377548	76.19641182
chr2	133850471	0.04267926717	76.19903113
chr2	133991258	0.04682561126	76.20503982
chr2	133991308	0.05015883628	76.20504216
chr2	134359577	0.04348415625	76.2235141
chr2	134361784	0.06300207988	76.22361007
chr2	134362852	0.09527603642	76.22367736
chr2	134429524	0.1018136101	76.2300296
chr2	134593910	0.06115932795	76.24676634
chr2	134598896	0.04682804295	76.24707128
chr2	134810804	2.340260908	76.25699451
chr2	134812283	0.04268169893	76.26045576
chr2	134814250	0.04161450828	76.26053971
chr2	134949307	0.03507693462	76.26616005
chr2	135010777	0.03174370953	76.26831622
chr2	135015045	0.04059849063	76.26845171
chr2	135016726	0.03699504828	76.26851995
chr2	135016952	0.03180840967	76.26852831
chr2	135398282	0.3174847149	76.28065781
chr2	135398806	0.2997361952	76.28082418
chr2	135410177	3.04268703	76.28423248
chr2	135410619	3.039443828	76.28557734
chr2	135410919	3.043921326	76.28648918
chr2	135411005	3.05516018	76.28675095
chr2	135411299	0.01792089603	76.28764917
chr2	135411453	0.0198880743	76.28765193
chr2	135411485	0.02180242083	76.28765257
chr2	135411523	0.02371679927	76.2876534
chr2	135411786	0.02543862247	76.28765963
chr2	135484301	0.03571947926	76.28950432
chr2	135484646	0.04056608677	76.28951664
chr2	135484871	0.06796298635	76.28952577
chr2	135484970	0.07412613776	76.28953249
chr2	135553287	0.121204548	76.29459657
chr2	135553444	0.1196105786	76.2946156
chr2	135608904	0.09221368202	76.3012492
chr2	135608905	0.09427964642	76.30124929
chr2	135608930	0.1031248409	76.30125165
chr2	135625467	0.05604643064	76.30295703
chr2	135626699	0.06274117754	76.30302608
chr2	135626769	0.0740239268	76.30303047
chr2	135931354	0.07013430449	76.32557705
chr2	136133835	0.07326759816	76.33977791
chr2	136134279	0.06657285122	76.33981044
chr2	136159480	0.08754649383	76.34148814
chr2	136626225	0.08140984553	76.38235003
chr2	136643716	0.06526439407	76.38377397
chr2	136644089	0.08262754456	76.38379831
chr2	136644221	0.08853313775	76.38380922
chr2	136645195	0.08519649934	76.38389545
chr2	136645216	0.09145514564	76.38389724
chr2	136645382	0.08811911941	76.38391242
chr2	136999729	0.09891600022	76.41513717
chr2	136999778	0.09667372306	76.41514202
chr2	137138861	0.09470654475	76.42858769
chr2	137138953	0.07663163621	76.4285964
chr2	137143317	0.1059386561	76.42893082
chr2	137143460	0.1115695765	76.42894597
chr2	137186566	0.1096552307	76.43375529
chr2	137186574	0.1077408515	76.43375617
chr2	137186598	0.1057446548	76.43375875
chr2	137186621	0.1089867302	76.43376118
chr2	137188148	0.1027408638	76.43392761
chr2	137188164	0.09448785552	76.43392925
chr2	137188179	0.09058141943	76.43393067
chr2	137188205	0.08433620761	76.43393302
chr2	137218111	0.1020149175	76.43645518
chr2	137218355	0.1798078422	76.43648007
chr2	137218747	0.1642925894	76.43655056
chr2	137218788	0.1603727782	76.43655729
chr2	137218789	0.3282765087	76.43655745
chr2	137219628	1.619363149	76.43683288
chr2	137221363	1.713806725	76.43964247
chr2	137222248	0.4168144917	76.44115919
chr2	137222859	0.4208952338	76.44141387
chr2	137253713	0.4188292665	76.45440017
chr2	137258647	0.4223110535	76.45646667
chr2	137259266	0.0504711295	76.45672808
chr2	137259267	0.05166849269	76.45672813
chr2	137341558	0.04679642002	76.46097998
chr2	137385345	0.02703455845	76.46302906
chr2	137385428	0.05160123324	76.4630313
chr2	137385695	0.06877709083	76.46304508
chr2	137662309	0.0839974567	76.48206979
chr2	137746431	0.07457749404	76.48913582
chr2	137746935	0.06894657369	76.48917341
chr2	137747249	0.07069583469	76.48919506
chr2	137748082	0.08925495718	76.48925395
chr2	137799736	0.1152854117	76.49386432
chr2	137800336	0.09890530021	76.49393349
chr2	137800513	0.09071873682	76.493951
chr2	137930280	0.06468828233	76.5057233
chr2	137930705	0.1031432248	76.50575079
chr2	137930781	0.2037600162	76.50575863
chr2	137931179	0.1864999207	76.50583972
chr2	137952582	0.198548495	76.50983138
chr2	138055580	0.1944677529	76.53028148
chr2	138234617	0.1383513498	76.5650984
chr2	138234752	0.3793179673	76.56511708
chr2	138234755	0.4055789589	76.56511822
chr2	138290975	0.4018252919	76.58791987
chr2	138362827	0.0651123279	76.61679182
chr2	138364153	0.03885133739	76.61687816
chr2	138369507	0.04246069081	76.61708617
chr2	138369697	0.05299499065	76.61709424
chr2	138434576	0.0359894275	76.6205325
chr2	138538646	0.03842009	76.62427792
chr2	138778320	0.03484133013	76.63348621
chr2	138989947	0.03228180739	76.64085958
chr2	139089971	0.03714504565	76.64408854
chr2	139239548	0.04469132473	76.64964458
chr2	139310983	0.04108197127	76.6528371
chr2	139689852	0.03295035241	76.66840179
chr2	139788707	0.02866690101	76.6716591
chr2	139788809	0.03974092504	76.67166202
chr2	139936668	0.02060884559	76.67753807
chr2	139936884	0.01844055318	76.67754253
chr2	140093616	0.04056686973	76.68043275
chr2	140095664	0.02949284568	76.68051583
chr2	140097285	0.02829548911	76.68056364
chr2	140097343	0.02922234701	76.68056528
chr2	140097415	0.06610227403	76.68056739
chr2	140097509	0.0667143076	76.6805736
chr2	140158245	0.2303124583	76.68462556
chr2	140251506	0.2734172058	76.70610473
chr2	140251560	0.3088306166	76.70611949
chr2	140251635	0.3505382446	76.70614266
chr2	140253848	0.5113912733	76.7069184
chr2	140326311	0.206679783	76.74397534
chr2	140326329	0.1597968802	76.74397906
chr2	140326530	0.1804080337	76.74401118
chr2	140326642	2.205887638	76.74403139
chr2	140326904	2.227781964	76.74460933
chr2	140328338	2.028750269	76.74780397
chr2	140330261	0.2616573673	76.75170526
chr2	140330340	0.2296200437	76.75172593
chr2	140330412	0.2098826976	76.75174246
chr2	140330426	0.2399924962	76.7517454
chr2	140330433	0.284292356	76.75174708
chr2	140396390	0.2327775963	76.77049815
chr2	140396398	0.2468788474	76.77050001
chr2	140472046	0.2452625032	76.7891759
chr2	140491398	0.2230497482	76.79392222
chr2	140544189	0.2432961961	76.80569724
chr2	140547075	0.2531839154	76.80639939
chr2	140547849	0.237492663	76.80659536
chr2	140637036	0.2265565655	76.82777662
chr2	140637037	0.2154734725	76.82777684
chr2	140637046	0.2044659203	76.82777878
chr2	140637170	0.1935345346	76.82780414
chr2	140637249	0.1715096123	76.82781943
chr2	140637378	5.344738554	76.82784155
chr2	140637381	5.316722538	76.82785758
chr2	140638034	0.1366620947	76.8313294
chr2	140638129	0.163269115	76.83134239
chr2	140638189	0.1738192344	76.83135218
chr2	140638244	0.1960801886	76.83136174
chr2	140638295	0.1973463938	76.83137174
chr2	140638469	0.1863150778	76.83140608
chr2	140638572	0.2290658979	76.83142527
chr2	140638653	0.2396312375	76.83144383
chr2	140703720	0.2408715055	76.84703591
chr2	140703757	0.193378458	76.84704483
chr2	140849687	0.166114603	76.87526454
chr2	140849692	0.1727443583	76.87526537
chr2	140850838	0.1504761485	76.87546334
chr2	140914961	0.141311164	76.88511232
chr2	140959220	0.1426210163	76.89136661
chr2	140960282	0.09242173268	76.89151808
chr2	140960377	0.05936770246	76.89152686
chr2	140960380	0.01810825756	76.89152703
chr2	140970227	0.02087303342	76.89170535
chr2	141296497	0.2758148633	76.89851559
chr2	141306218	0.2817738736	76.90119679
chr2	141309826	0.03148591197	76.90221343
chr2	141817868	0.04678386789	76.91820959
chr2	141876467	0.04082485761	76.92095108
chr2	142039997	0.1078949713	76.92762717
chr2	142079015	0.1101901666	76.93183702
chr2	142079046	0.02600149935	76.93184043
chr2	142199303	0.05227322971	76.93496729
chr2	142199426	0.05477175707	76.93497372
chr2	142689974	0.05056947138	76.9618419
chr2	143028066	0.06125329294	76.97893903
chr2	143042161	0.04757300648	76.9798024
chr2	143195064	0.07434545424	76.98707645
chr2	143195072	0.2422782263	76.98707705
chr2	143215307	0.07434545382	76.99197955
chr2	143278409	0.07962357787	76.99667089
chr2	143321990	0.0590463524	77.00014097
chr2	143321999	0.05778014718	77.0001415
chr2	143366477	0.0644391182	77.00271145
chr2	143366494	0.06682667748	77.00271254
chr2	143443547	0.06558640952	77.00786174
chr2	143443558	0.09484397257	77.00786246
chr2	143443628	0.09347555679	77.0078691
chr2	143553497	0.09216570451	77.01813916
chr2	143559259	0.08969483788	77.01867022
chr2	143559358	0.0832988831	77.0186791
chr2	143559475	0.08080035579	77.01868885
chr2	143559551	0.1619765624	77.01869499
chr2	143559703	0.1327189996	77.01871961
chr2	143559721	0.1227276008	77.018722
chr2	143560420	0.1214206533	77.01880779
chr2	143560503	0.3220900978	77.01881786
chr2	143637065	0.335956182	77.04347773
chr2	143637589	0.4168323409	77.04365377
chr2	143638714	0.3215499004	77.0441227
chr2	143759997	0.3263554911	77.08312124
chr2	143763622	0.3254286334	77.08430428
chr2	143763638	0.2445524744	77.08430949
chr2	143763707	0.4273512246	77.08432636
chr2	143763710	0.226681778	77.08432764
chr2	143763832	0.2334131205	77.0843553
chr2	143763875	0.2683407882	77.08436533
chr2	143763977	0.3035258578	77.0843927
chr2	143764998	0.3370316077	77.0847026
chr2	143866417	0.3035258578	77.11888401
chr2	143867078	0.5182976724	77.11908464
chr2	143867578	0.5361652353	77.11934379
chr2	143867624	0.5439435541	77.11936846
chr2	143874664	0.5133179996	77.12319782
chr2	143876784	0.2959007412	77.12428605
chr2	143882122	0.3010713044	77.12586557
chr2	143882132	0.3141165155	77.12586858
chr2	143882900	0.09934470089	77.12610982
chr2	144134542	0.0858820027	77.15110912
chr2	144168729	0.08186881841	77.15404517
chr2	144309936	0.09668247567	77.16560562
chr2	144392038	0.1068843432	77.17354345
chr2	144435308	0.09583712814	77.17816833
chr2	144463741	0.1062568767	77.18089327
chr2	144467115	0.1014512861	77.18125178
chr2	144467182	0.114625152	77.18125858
chr2	144467190	0.1097935762	77.18125949
chr2	144539327	0.1362710497	77.18917967
chr2	144695062	0.1061645083	77.21040184
chr2	144711358	0.08641155868	77.2121319
chr2	144711373	0.1256670079	77.2121332
chr2	144711456	0.2542507398	77.21214363
chr2	144711984	0.3264361226	77.21227787
chr2	144712005	0.3700806548	77.21228473
chr2	144725112	0.3928706138	77.21713537
chr2	144725126	0.4439645136	77.21714087
chr2	144773436	0.4402132419	77.2385888
chr2	144773473	4.217133064	77.23860509
chr2	144785631	0.3001023513	77.28987699
chr2	144789223	0.3048539362	77.29095496
chr2	144789755	0.1723145154	77.29111714
chr2	144789809	0.1752074981	77.29112645
chr2	144789832	0.2142421165	77.29113048
chr2	144789864	0.27983036	77.29113733
chr2	144790884	0.3613767515	77.29142276
chr2	144791122	0.3594493483	77.29150877
chr2	144791165	0.3989789148	77.29152422
chr2	144874218	0.3144660539	77.32466062
chr2	144874228	0.2983209934	77.32466376
chr2	144874234	0.2575517111	77.32466555
chr2	144876886	0.2185170929	77.32534858
chr2	144876945	0.1476976443	77.32536147
chr2	144877129	0.1655117724	77.32538865
chr2	144877173	0.1901615493	77.32539593
chr2	144877240	0.2148439124	77.32540867
chr2	144879305	0.2126618749	77.32585233
chr2	144893002	0.2291527982	77.32876515
chr2	145013373	0.2360747259	77.35634851
chr2	145014914	0.2113923627	77.3567123
chr2	145014957	0.2162805127	77.35672139
chr2	145015029	0.1373131612	77.35673696
chr2	145015959	0.1442705475	77.35686466
chr2	145018604	0.1205646942	77.35724626
chr2	145021693	0.1469409817	77.35761868
chr2	145030852	0.1598078707	77.35896451
chr2	145099062	0.1750771021	77.36986501
chr2	145294950	0.1622102133	77.40416051
chr2	145294980	0.1448656117	77.40416538
chr2	145294998	0.1325711346	77.40416799
chr2	145296506	0.1421916219	77.4043679
chr2	145298103	0.1298978566	77.40459498
chr2	145300884	0.1178597397	77.40495623
chr2	145303407	0.1323877029	77.40525359
chr2	145303523	0.1733857476	77.40526895
chr2	145303583	0.1903090757	77.40527935
chr2	145314683	0.1838342345	77.40739178
chr2	145458813	0.2267739423	77.43388781
chr2	145469538	0.2306822666	77.43631996
chr2	145482830	0.221827647	77.43938619
chr2	145504294	0.1749758824	77.4441475
chr2	145504378	0.1463435832	77.44416219
chr2	145504534	0.2482484489	77.44418502
chr2	145536973	0.248348087	77.45223795
chr2	145536974	0.2412819089	77.4522382
chr2	145537000	0.2267275006	77.45224448
chr2	145537309	0.1976643656	77.45231453
chr2	145537377	0.2192073922	77.45232798
chr2	145537762	0.2774079031	77.45241237
chr2	145537880	0.1787228166	77.45244511
chr2	145537950	0.1357831089	77.45245762
chr2	145538110	0.1553246614	77.45247934
chr2	145649688	0.1535212363	77.46981016
chr2	145649723	0.1103184859	77.46981553
chr2	145649784	0.1665666392	77.46982226
chr2	145649793	0.1362346801	77.46982376
chr2	145676204	0.1399401095	77.47342185
chr2	145710132	0.1257984934	77.47816974
chr2	145710150	0.1479060594	77.478172
chr2	145710197	0.07470106055	77.47817896
chr2	145710618	0.07764383834	77.47821041
chr2	145710890	0.08478663381	77.47823152
chr2	145711231	0.08776553297	77.47826044
chr2	145711483	0.09365834522	77.47828255
chr2	145711779	0.09955418387	77.47831028
chr2	145712002	0.08548841762	77.47833248
chr2	146136132	0.08502657928	77.51459068
chr2	146288138	0.08582277448	77.52751523
chr2	146288196	0.08129456854	77.52752021
chr2	146294692	0.08651229845	77.5280483
chr2	146332574	0.08103651216	77.53132556
chr2	146466994	0.08956599318	77.54221848
chr2	146472936	0.08411821263	77.54275068
chr2	146552382	0.09078534754	77.54943354
chr2	146593269	0.0838601388	77.55314548
chr2	146618169	0.0880479085	77.5552336
chr2	146776591	0.09450584248	77.56918232
chr2	146776686	0.091319715	77.5691913
chr2	146851961	0.08834081582	77.57606539
chr2	146865350	0.09125230592	77.57724819
chr2	146865391	0.07109936661	77.57725193
chr2	146924322	0.06843333624	77.58144189
chr2	146945956	0.07175051076	77.58292237
chr2	147118296	0.0802120215	77.59528786
chr2	147118364	0.0965303306	77.59529331
chr2	147251682	0.08553009889	77.60816254
chr2	147280724	0.08361720637	77.61064651
chr2	147298545	0.08687952547	77.61213665
chr2	147302784	0.07372345312	77.61250493
chr2	147303253	0.1360304707	77.61253951
chr2	147308953	0.1341830789	77.61331488
chr2	147308961	0.1623180998	77.61331596
chr2	147429569	0.1245159547	77.63289282
chr2	147429608	0.0934347523	77.63289767
chr2	147429619	0.06654366115	77.6328987
chr2	147429740	0.03643166775	77.63290675
chr2	147430110	0.03483374601	77.63292023
chr2	147430739	0.009852556197	77.63294214
chr2	147475421	0.08406351167	77.63338237
chr2	147476109	0.08213927693	77.63344021
chr2	147482262	0.1917769306	77.63394561
chr2	147482376	0.2112228705	77.63396748
chr2	147483793	0.2246682033	77.63426678
chr2	147521211	0.09331730888	77.64267341
chr2	147634016	0.07092501844	77.65320007
chr2	147634085	0.04081959418	77.65320497
chr2	147634166	0.07401635133	77.65320827
chr2	147634571	0.1251751314	77.65323825
chr2	147634655	0.1338751641	77.65324876
chr2	147642122	0.1606904987	77.65424841
chr2	147642255	0.4789906013	77.65426978
chr2	147642290	0.5058239347	77.65428655
chr2	147642371	0.5638143038	77.65432752
chr2	147643494	0.5688868585	77.65496068
chr2	147656394	0.624984751	77.66229932
chr2	147656754	0.6300100833	77.66252432
chr2	147657122	0.4014421364	77.66275616
chr2	147657123	0.4580320807	77.66275656
chr2	147681190	0.6853767057	77.67378002
chr2	147682328	0.7298014097	77.67455998
chr2	147700969	0.6718110404	77.68816421
chr2	147700994	0.6206522604	77.688181
chr2	147701814	0.3798510723	77.68868994
chr2	147701973	0.4781876753	77.68875033
chr2	147735491	0.4156083553	77.70477823
chr2	147736529	0.2522052032	77.70520963
chr2	147737262	0.2568900225	77.70539449
chr2	147768780	0.2629132205	77.71349115
chr2	147768845	0.1824108704	77.71350824
chr2	147768900	0.2163627058	77.71351828
chr2	147768928	0.1989583808	77.71352433
chr2	147768943	0.2049833191	77.71352732
chr2	147769121	0.2662330138	77.71356381
chr2	147911803	0.1951990701	77.75155047
chr2	147929953	0.1740706898	77.75509333
chr2	147929991	0.1918691607	77.75509994
chr2	148025242	0.1831691279	77.77337567
chr2	148025250	0.1942126691	77.77337714
chr2	148026235	0.1934102563	77.77356844
chr2	148026332	0.2052531591	77.7735872
chr2	148120913	0.1874546882	77.79300025
chr2	148121512	0.1778176943	77.79311253
chr2	148121531	0.178111664	77.79311591
chr2	148313232	0.166692943	77.8272601
chr2	148313265	0.3211620613	77.8272656
chr2	148313348	0.3646629552	77.82729225
chr2	148313397	0.5330169417	77.82731012
chr2	148313516	0.6838969547	77.82737355
chr2	148313543	0.8120587478	77.82739202
chr2	148332952	0.7658683003	77.84315326
chr2	148332958	0.5933136026	77.84315786
chr2	148332991	0.419887062	77.84317744
chr2	148332999	0.4138607227	77.8431808
chr2	148336038	1.166365741	77.84443852
chr2	148337213	1.160384102	77.845809
chr2	148337215	1.137495773	77.84581132
chr2	148337242	2.195389574	77.84584203
chr2	148338619	2.1854277	77.84886508
chr2	148338677	2.220711341	77.84899184
chr2	148338813	4.824634445	77.84929386
chr2	148339029	4.691301649	77.85033598
chr2	148339867	3.811880457	77.85426729
chr2	148340118	1.243586883	77.85522407
chr2	148340172	1.23535494	77.85529122
chr2	148340415	1.243430396	77.85559141
chr2	148340469	1.251506889	77.85565856
chr2	148340538	0.2205239854	77.85574491
chr2	148340550	0.2389706326	77.85574756
chr2	148368265	0.1770932602	77.86237063
chr2	148368305	0.1857419439	77.86237771
chr2	148391975	0.2584315253	77.86677423
chr2	148392003	0.2676353336	77.86678146
chr2	148392127	0.3344304135	77.86681465
chr2	148462222	0.379817883	77.89025655
chr2	148462231	0.3488551989	77.89025997
chr2	148462609	0.3441703796	77.89039183
chr2	148462703	0.2961254801	77.89042419
chr2	148463031	0.2973249535	77.89052132
chr2	148463418	0.2425237821	77.89063638
chr2	148463475	0.2653093066	77.8906502
chr2	148463515	0.2284619226	77.89066082
chr2	148667744	0.203817244	77.93731937
chr2	148667746	0.1934316624	77.93731977
chr2	148715299	0.2097432109	77.94651803
chr2	148761211	0.1254828396	77.95614776
chr2	148761668	0.1464644561	77.95620511
chr2	148762097	0.1131948028	77.95626794
chr2	148762170	0.1377338033	77.9562762
chr2	148762205	0.1264060959	77.95628102
chr2	148762281	0.131916741	77.95629063
chr2	148762959	0.1747328292	77.95638007
chr2	148764007	0.3262125195	77.95656319
chr2	148764010	0.3625703386	77.95656417
chr2	148855057	0.3791120405	77.98957511
chr2	148861806	0.4047889175	77.99213374
chr2	148917199	0.3826068233	78.01455621
chr2	148917202	0.3604247255	78.01455736
chr2	148918006	0.3889891805	78.01484714
chr2	148918045	0.3044932495	78.01486231
chr2	148918145	0.2506300797	78.01489276
chr2	148918201	0.2905403454	78.01490679
chr2	148919178	0.3090250298	78.01519065
chr2	148919801	0.2873591517	78.01538317
chr2	148920812	0.3100523005	78.01567369
chr2	148923583	0.3303621351	78.01653285
chr2	148923625	0.3125486281	78.01654673
chr2	148925293	0.322020369	78.01706806
chr2	148925845	0.3504698022	78.01724581
chr2	148959502	0.4279763518	78.02904157
chr2	148961424	0.4384512817	78.02986414
chr2	149003345	0.2926384773	78.04824446
chr2	149003428	0.3123084162	78.04826875
chr2	149003724	0.3234602398	78.04836119
chr2	149004483	0.3432510381	78.0486067
chr2	149004786	0.4028572092	78.0487107
chr2	149005977	0.3966077477	78.04919051
chr2	149011207	0.4171156576	78.05126477
chr2	149089776	0.3973282014	78.08403713
chr2	149089828	0.3671767759	78.08405779
chr2	149089981	0.3277814844	78.08411396
chr2	149090102	0.3847735144	78.08415363
chr2	149090105	0.36502837	78.08415478
chr2	149090167	0.3824356994	78.08417741
chr2	149090206	0.3426543879	78.08419233
chr2	149090260	0.3776641718	78.08421083
chr2	149090728	0.4571849031	78.08438758
chr2	149090897	0.4510202287	78.08446484
chr2	149119892	0.5106227693	78.09754217
chr2	149133836	0.5558099952	78.1046623
chr2	149175577	0.5424717422	78.12786236
chr2	149175581	0.6050996459	78.12786453
chr2	149176185	0.5656389082	78.12823001
chr2	149176193	0.426822065	78.12823454
chr2	149176905	0.3072022705	78.12853843
chr2	149283815	0.2758062245	78.16138143
chr2	149283844	0.2790481544	78.16138943
chr2	149284050	0.2615273778	78.16144691
chr2	149284057	0.1945730456	78.16144874
chr2	149284384	0.1218228817	78.16151237
chr2	149284419	0.08977969934	78.16151663
chr2	149285256	0.1462315582	78.16159178
chr2	149285319	0.1787374705	78.16160099
chr2	149285331	0.235259753	78.16160313
chr2	149285379	0.2210192093	78.16161443
chr2	149285694	0.2150298705	78.16168405
chr2	149285714	0.2790019765	78.16168835
chr2	149285823	0.2795787708	78.16171876
chr2	149285829	0.2565767554	78.16172044
chr2	149286255	0.2723558358	78.16182974
chr2	149286724	0.275433171	78.16195747
chr2	149287870	0.2662164816	78.16227312
chr2	149328876	0.2696064754	78.17318959
chr2	149345451	0.0997476615	78.17765832
chr2	149346450	0.1026143537	78.17775797
chr2	149361169	0.05781383098	78.17926835
chr2	149361512	0.07057648201	78.17928818
chr2	149361912	0.07738469593	78.17931641
chr2	149410032	0.08126828788	78.18304016
chr2	149501611	0.06548920742	78.19048263
chr2	149627767	0.07817474707	78.19874449
chr2	149627776	0.08299993497	78.19874519
chr2	149627797	0.08781656713	78.19874693
chr2	149721799	0.09897500577	78.20700187
chr2	150151186	0.09248284624	78.24950045
chr2	150152656	0.08856318424	78.2496364
chr2	150152692	0.1075096234	78.24963959
chr2	150152877	0.1043098271	78.24965947
chr2	150285026	0.1004262351	78.26344391
chr2	150330460	0.08025063406	78.26800668
chr2	150331273	0.232396533	78.26807192
chr2	150332022	0.2243294143	78.26824599
chr2	150332046	0.2053829754	78.26825137
chr2	150333294	0.2005663431	78.26850769
chr2	150358411	0.3089973606	78.27354531
chr2	150358429	0.305830568	78.27355088
chr2	150358430	0.411204651	78.27355118
chr2	150389720	0.4138598011	78.28641778
chr2	150389737	0.3008583025	78.28642481
chr2	150389750	0.192427285	78.28642872
chr2	150389768	7.242580937	78.28643219
chr2	150390190	7.247777125	78.28948856
chr2	150390213	7.302099148	78.28965525
chr2	150390239	0.08740774502	78.28984511
chr2	150390807	0.08410505833	78.28989476
chr2	150390810	1.442384841	78.28989501
chr2	150390858	1.490740819	78.28996424
chr2	150390895	1.509434241	78.2900194
chr2	150390948	1.604936402	78.2900994
chr2	150390965	1.647756653	78.29012668
chr2	150391471	1.649029042	78.29096045
chr2	150391476	1.698718598	78.29096869
chr2	150391483	1.74882136	78.29098059
chr2	150392143	1.750124448	78.29213481
chr2	150392209	1.796806405	78.29225032
chr2	150392317	1.806617777	78.29244437
chr2	150392363	1.853315129	78.29252748
chr2	150393315	0.4967803387	78.29429183
chr2	150459306	0.4466775764	78.32707486
chr2	150459354	0.3970018219	78.3270963
chr2	150459385	0.3478761692	78.32710861
chr2	150459863	0.2981866133	78.3272749
chr2	150459910	0.2996101541	78.32728891
chr2	150460882	0.3105758984	78.32758013
chr2	150460931	0.3286385093	78.32759535
chr2	150461131	0.2802825311	78.32766108
chr2	150465002	0.1988147444	78.32874605
chr2	150465081	0.2112356351	78.32876176
chr2	150465100	0.177793408	78.32876577
chr2	150465132	0.1310960554	78.32877146
chr2	150531830	0.1774635594	78.3375153
chr2	150737891	3.582393069	78.37408362
chr2	150738657	3.570157557	78.37682774
chr2	150738662	3.505326863	78.37684559
chr2	150738753	3.50346053	78.37716457
chr2	150738889	0.09853101979	78.37764104
chr2	150738897	0.1021823798	78.37764183
chr2	150739343	0.08580692552	78.3776874
chr2	150739492	0.08452339644	78.37770019
chr2	150739561	0.0956820409	78.37770602
chr2	150770767	0.07577086319	78.38069188
chr2	150770808	0.08820538864	78.38069498
chr2	150770815	0.07709363247	78.3806956
chr2	150771440	0.08955684436	78.38074378
chr2	150902482	0.06870820548	78.39247949
chr2	151044089	0.03735583694	78.40220905
chr2	151044092	0.02489262382	78.40220917
chr2	151044154	0.01450006567	78.40221071
chr2	151044188	0.02148506785	78.4022112
chr2	151395785	0.03428367448	78.40976529
chr2	151530676	0.02729867249	78.41438985
chr2	151661292	0.01450006586	78.41795549
chr2	151669542	0.008193556056	78.41807512
chr2	151669558	0.01960962876	78.41807525
chr2	151680370	0.03145488473	78.41828727
chr2	151967219	0.02003881203	78.42731007
chr2	151967246	0.01458366541	78.42731061
chr2	151967405	0.01769645156	78.42731293
chr2	152060678	0.02701201561	78.42896353
chr2	152065241	0.03370842485	78.42908679
chr2	152235897	0.03269270587	78.43483933
chr2	152412739	0.05393679582	78.44062077
chr2	152498506	0.06796006941	78.44524677
chr2	152498613	0.0727002207	78.44525404
chr2	152498712	0.09709200104	78.44526124
chr2	152499024	0.09070189152	78.44529153
chr2	152572695	0.1218659342	78.45197363
chr2	152740826	0.1666073886	78.47246307
chr2	152800233	0.2129986001	78.48236072
chr2	152800676	0.2131512702	78.48245508
chr2	152847000	0.2117277298	78.4923291
chr2	152847022	0.2935341108	78.49233375
chr2	152847042	0.2308071333	78.49233962
chr2	152847386	0.2050913179	78.49241902
chr2	152847442	0.2768613759	78.49243051
chr2	152847445	0.24498976	78.49243134
chr2	152847449	0.2542231054	78.49243232
chr2	152847452	0.3134372043	78.49243308
chr2	152847461	0.2887025607	78.4924359
chr2	152901791	1.503161185	78.50812111
chr2	152901800	1.546472057	78.50813464
chr2	152903381	3.295375635	78.51057961
chr2	152904334	3.286998082	78.51372011
chr2	152904665	2.056632117	78.5148081
chr2	152904712	2.104795977	78.51490476
chr2	152904839	2.330042495	78.51517207
chr2	152905070	2.352908364	78.51571031
chr2	152905324	0.67630021	78.51630795
chr2	152995606	0.691745015	78.57736569
chr2	152995702	1.454679381	78.57743209
chr2	152995706	1.418496453	78.57743791
chr2	152996012	1.436905981	78.57787197
chr2	152996032	1.377953191	78.57790071
chr2	152997438	1.304558885	78.57983811
chr2	152997582	1.320190833	78.58002597
chr2	152999113	1.283959296	78.58204718
chr2	152999549	1.25485281	78.58260699
chr2	152999830	0.4273785572	78.5829596
chr2	152999886	0.4260754687	78.58298353
chr2	153007050	8.335421382	78.58603594
chr2	153007910	0.4395711393	78.5932044
chr2	153008091	0.5518588117	78.59328396
chr2	153053676	0.5725404634	78.61844045
chr2	153053681	0.5197793107	78.61844331
chr2	153053707	0.4745845046	78.61845683
chr2	153053778	0.5412063136	78.61849052
chr2	153058476	0.5410604262	78.62103311
chr2	153058713	0.5627372226	78.62116134
chr2	153058907	0.5624559717	78.62127051
chr2	153058920	0.5842325088	78.62127782
chr2	153058960	0.5405620815	78.62130119
chr2	153059070	0.5591616875	78.62136065
chr2	153059139	0.5806390048	78.62139924
chr2	153059574	0.6021685746	78.62165181
chr2	153059582	0.6259664305	78.62165663
chr2	153062085	0.6093926356	78.62322342
chr2	153062133	0.608769064	78.62325268
chr2	153202373	0.5607487539	78.70862645
chr2	153203530	0.5153654581	78.70927524
chr2	153213776	0.4941269448	78.71455567
chr2	153214653	0.4523258342	78.71498902
chr2	153214965	5.699821134	78.71513014
chr2	153215476	5.668910994	78.71804275
chr2	153215493	5.664170843	78.71813912
chr2	153215576	5.620319565	78.71860925
chr2	153215623	5.573928044	78.71887341
chr2	153216213	11.28725502	78.72216202
chr2	153216389	11.27156359	78.72414858
chr2	153216872	11.29583069	78.72959275
chr2	153216911	9.548420858	78.73003328
chr2	153217358	9.597346267	78.73430143
chr2	153217376	5.266065971	78.73447418
chr2	153217409	5.244536401	78.73464796
chr2	153217421	2.431523445	78.73471089
chr2	153217428	2.420652559	78.73472791
chr2	153217846	2.411488365	78.73573975
chr2	153217948	2.596295979	78.73598572
chr2	153217982	1.542260135	78.73607399
chr2	153217991	0.4192860268	78.73608787
chr2	153218504	0.4309395062	78.73630297
chr2	153256984	0.1702831582	78.75288552
chr2	153256985	0.1970984717	78.75288569
chr2	153487967	0.1901410712	78.79841189
chr2	153489136	0.1755035939	78.79863416
chr2	153489198	0.1608700245	78.79864505
chr2	153510101	0.1357914504	78.80200771
chr2	153510137	0.1410280358	78.8020126
chr2	153510159	0.1276059638	78.8020157
chr2	153510237	0.1141880787	78.80202566
chr2	153510704	0.3608367578	78.80207898
chr2	153511067	0.3473410872	78.80220997
chr2	153524946	1.022556	78.80703071
chr2	153524972	0.7843923017	78.8070573
chr2	153526656	0.8299485466	78.80837822
chr2	153526704	0.8307682763	78.80841805
chr2	153526785	0.8553526049	78.80848535
chr2	153529789	0.8764433072	78.81105482
chr2	153535501	0.2694463357	78.81606107
chr2	153660783	0.2703098419	78.84981784
chr2	153662353	0.2921460504	78.85024223
chr2	153664650	0.360347311	78.85091329
chr2	153665008	0.3823247246	78.85104229
chr2	153665054	0.3739974287	78.85105988
chr2	153665815	0.4477788173	78.85134449
chr2	153666566	0.4474824851	78.85168078
chr2	153729735	0.5038215629	78.8799478
chr2	153849783	0.4167461717	78.94043057
chr2	153850294	1.255138904	78.94064352
chr2	153850307	1.236720113	78.94065984
chr2	153850366	2.016850809	78.94073281
chr2	153851024	2.023559474	78.9420599
chr2	153851040	2.029224259	78.94209227
chr2	153851053	1.992762493	78.94211865
chr2	153854253	1.975054732	78.94849549
chr2	153854260	1.118241909	78.94850932
chr2	153854304	0.2962213718	78.94855852
chr2	153854505	0.2856165575	78.94861806
chr2	153860388	0.2403343504	78.95029834
chr2	154122361	0.2278410335	79.01325945
chr2	154122376	0.2292045391	79.01326287
chr2	154122487	0.2167170072	79.01328831
chr2	154159056	0.1229640327	79.02121344
chr2	154159081	0.09556623859	79.02121651
chr2	154356846	0.6508145476	79.04011617
chr2	154357362	0.6567255001	79.04045199
chr2	154357386	0.6366190763	79.04046775
chr2	154357551	0.629910412	79.04057279
chr2	154357686	0.6802206217	79.04065783
chr2	154358478	0.6857990737	79.04119657
chr2	154362966	0.1578747464	79.04427443
chr2	154371648	0.1599618473	79.0456451
chr2	154407951	0.155390187	79.0514522
chr2	154444860	0.1496742006	79.05718749
chr2	154483881	0.1610325014	79.06302793
chr2	154485109	0.1680269206	79.06322568
chr2	154485353	0.1626754415	79.06326668
chr2	154485452	0.1212083801	79.06328278
chr2	154487330	0.09388439848	79.06351041
chr2	154487704	0.06781360281	79.06354552
chr2	154488074	0.1487272243	79.06357061
chr2	154488075	0.2474250729	79.06357076
chr2	154541282	0.2755442069	79.07673551
chr2	154567789	0.190286419	79.08403936
chr2	154567906	0.1973732023	79.08406162
chr2	154568966	0.155365097	79.08427084
chr2	154681062	0.1343485735	79.10168664
chr2	154782897	0.1183281218	79.11536803
chr2	154782933	0.1037638579	79.11537229
chr2	154783056	0.09637767904	79.11538505
chr2	154956375	0.07111355652	79.13208914
chr2	154967501	0.06402567942	79.13288035
chr2	154967629	0.1316844266	79.13288854
chr2	154970942	0.1246900074	79.13332481
chr2	154971557	0.1067566793	79.1334015
chr2	155043620	0.09372323138	79.1410947
chr2	155047407	0.1557731277	79.14144963
chr2	155047771	0.1904701232	79.14150633
chr2	155139815	0.7849627143	79.15903797
chr2	155145531	0.1944479284	79.16352481
chr2	155145708	0.1251824102	79.16355923
chr2	155145709	0.09061425333	79.16355935
chr2	155146333	0.1062402402	79.1636159
chr2	155146390	0.2237436973	79.16362195
chr2	155146393	0.1895532271	79.16362262
chr2	155146426	0.1705477647	79.16362888
chr2	155146645	0.470788059	79.16366623
chr2	155168699	0.4750247303	79.17404899
chr2	155169012	0.4750988557	79.17419767
chr2	155169259	0.4850825028	79.17431502
chr2	155169281	0.1848422088	79.17432569
chr2	155176750	0.1882647517	79.17570628
chr2	155177211	0.1800407899	79.17579307
chr2	155177218	0.1883183671	79.17579433
chr2	155177237	0.1926018219	79.17579791
chr2	155177243	0.2186667925	79.17579906
chr2	155177255	0.2270895614	79.17580169
chr2	155177279	0.1170788892	79.17580714
chr2	155332185	0.115069293	79.19394336
chr2	155387071	0.1206295804	79.20025905
chr2	155928284	0.1149289843	79.26554535
chr2	155970550	0.09247219136	79.27040294
chr2	155970772	0.08823552011	79.27042347
chr2	155970865	0.2090790354	79.27043167
chr2	155971946	0.3384523565	79.27065769
chr2	155998212	0.1953905606	79.27954748
chr2	155998260	0.1871129823	79.27955686
chr2	155998284	0.2935362848	79.27956135
chr2	155998299	0.3133351548	79.27956575
chr2	155998985	0.1924916395	79.2797807
chr2	155999353	0.3253747328	79.27985154
chr2	155999380	0.3213912246	79.27986032
chr2	155999801	0.3153263184	79.27999563
chr2	156034217	0.3028312316	79.2908479
chr2	156034429	0.3848536858	79.2909121
chr2	156036680	0.3960360932	79.2917784
chr2	156037528	0.3094465598	79.29211424
chr2	156037558	0.4078305987	79.29212353
chr2	156073257	0.4545999595	79.30668267
chr2	156073269	0.5018340219	79.30668812
chr2	156073389	0.5370601083	79.30674834
chr2	156120084	0.4644925799	79.33182637
chr2	156120169	0.4248597405	79.33186585
chr2	156120223	0.3967459021	79.33188879
chr2	156120657	0.6325203219	79.33206098
chr2	156169614	0.3417467103	79.36302728
chr2	156169855	0.3065206239	79.36310964
chr2	156169931	0.2867217539	79.36313293
chr2	156170080	0.2516255511	79.36317565
chr2	156170173	16.12895775	79.36319906
chr2	156170304	16.10394859	79.36531195
chr2	156170311	16.03551262	79.36542468
chr2	156170386	34.11766472	79.36662734
chr2	156170395	34.08268233	79.3669344
chr2	156170434	34.08704942	79.36826362
chr2	156170486	0.09906500105	79.37003615
chr2	156170690	0.1058253967	79.37005636
chr2	156232588	0.1042736823	79.37660674
chr2	156232601	0.1291452415	79.3766081
chr2	156232655	0.1264506674	79.37661507
chr2	156232658	0.07188168713	79.37661545
chr2	156262124	0.08718956413	79.37873351
chr2	156262139	0.09683443553	79.37873482
chr2	156262242	0.1064821273	79.3787448
chr2	156476364	0.1136605911	79.40154496
chr2	156501743	0.1167353979	79.40442955
chr2	156614463	0.08854401885	79.41758797
chr2	156614570	0.08130029476	79.41759744
chr2	156641339	0.0693365596	79.41977377
chr2	156641347	0.06102303523	79.41977432
chr2	156641378	0.05206302515	79.41977622
chr2	156653608	0.2346877317	79.42041295
chr2	156672160	0.05152043705	79.42476687
chr2	156673341	0.0485948893	79.42482772
chr2	156673353	0.04626047628	79.4248283
chr2	156676265	0.04258813496	79.42496301
chr2	156676319	0.0452178595	79.42496531
chr2	156677183	0.07776223564	79.42500438
chr2	156677228	0.08338811269	79.42500788
chr2	156677570	0.08580241688	79.4250364
chr2	156788280	0.09377518104	79.43453559
chr2	156789333	0.09819612037	79.43463433
chr2	156798636	0.102085126	79.43554785
chr2	156798670	0.1059742827	79.43555132
chr2	156948554	0.09424636622	79.45143517
chr2	156948607	0.1036167801	79.45144016
chr2	156949741	0.1000427464	79.45155767
chr2	156949788	0.1056275427	79.45156237
chr2	156949905	0.146390128	79.45157473
chr2	156952421	0.1519632278	79.45194304
chr2	156952439	0.1572512	79.45194578
chr2	156952972	0.2106564861	79.45202959
chr2	156953001	0.214278821	79.4520357
chr2	156953057	0.216802126	79.4520477
chr2	156954667	0.2224426922	79.45239675
chr2	156954709	0.2280460357	79.4524061
chr2	157214496	0.217095701	79.51164949
chr2	157281167	0.2067408207	79.52612348
chr2	157281244	0.1804118704	79.5261394
chr2	157311520	0.18478397	79.53160155
chr2	157557110	0.1791434037	79.57698264
chr2	157557975	0.170864437	79.5771376
chr2	157558247	0.2453013359	79.57718408
chr2	157558312	0.2070598572	79.57720002
chr2	157558443	0.1976082071	79.57722715
chr2	157559457	0.1881703857	79.57742752
chr2	157560916	0.1909158342	79.57770206
chr2	157561154	0.2694119367	79.5777475
chr2	157562157	0.2967739318	79.57801772
chr2	157562184	0.3071743544	79.57802573
chr2	157563832	0.3074052046	79.57853196
chr2	157593640	0.5638283597	79.58769509
chr2	157593784	0.5885857101	79.58777628
chr2	157595052	0.583297738	79.58852261
chr2	157596041	0.5824342318	79.58909949
chr2	157596166	0.5771761091	79.58917229
chr2	157596333	0.7976880881	79.58926868
chr2	157606892	0.4781465885	79.59769147
chr2	157606949	0.4823820984	79.59771873
chr2	157607028	0.5371816411	79.59775683
chr2	157607049	0.2217347917	79.59776812
chr2	157669038	0.1669352488	79.61151323
chr2	157672119	0.1654112569	79.61202756
chr2	157672412	0.7002591072	79.61207603
chr2	157672448	0.7120438862	79.61210124
chr2	157672505	0.7252453741	79.61214182
chr2	157673894	0.7158749604	79.61314919
chr2	157673934	0.7238926648	79.61317782
chr2	157676611	0.7192166065	79.61511568
chr2	157676695	0.7156385495	79.6151761
chr2	157678572	0.7296451467	79.61651935
chr2	157678575	0.180550569	79.61652154
chr2	157710283	0.1937065837	79.62224644
chr2	157711359	0.2049779686	79.62245487
chr2	157731041	0.2012599131	79.62648924
chr2	157734349	0.2157676562	79.62715501
chr2	157734391	0.2374157291	79.62716407
chr2	157734418	0.2473423183	79.62717048
chr2	157888913	0.2369418958	79.66538363
chr2	157888982	0.2644049993	79.66539998
chr2	157891362	0.2427569264	79.66602927
chr2	157892503	0.2135466654	79.66630625
chr2	157892554	0.1925073705	79.66631714
chr2	157968515	0.2212754326	79.6809402
chr2	157968577	0.1802280104	79.68095391
chr2	157968606	0.475613934	79.68095914
chr2	157968610	0.467278957	79.68096104
chr2	157968719	0.4822891604	79.68101198
chr2	157980058	0.6174731383	79.68648065
chr2	157980110	0.3530005763	79.68651276
chr2	157980118	0.3448898089	79.68651559
chr2	157986292	0.3557377567	79.68864494
chr2	158005195	0.2303064118	79.69536945
chr2	158012337	0.2371130108	79.6970143
chr2	158012716	0.2125580163	79.69710416
chr2	158012841	0.2012866314	79.69713073
chr2	158012890	0.2131411438	79.69714059
chr2	158076743	0.1953506636	79.7107503
chr2	158097761	0.1875040975	79.71485618
chr2	158299542	0.1355426345	79.75269094
chr2	158299751	0.1330193295	79.75271927
chr2	158353543	0.1064488933	79.75987464
chr2	158353626	0.07215073286	79.75988348
chr2	158357053	0.1180730807	79.76013074
chr2	158422233	0.0912965906	79.76782674
chr2	158422240	0.08494110243	79.76782738
chr2	158424328	0.08953997352	79.76800474
chr2	158445694	0.09133000923	79.76991785
chr2	158489433	0.1211358311	79.77391253
chr2	158499181	0.1278510978	79.77509337
chr2	158501899	0.1308338825	79.77544087
chr2	158502096	0.1358376074	79.77546664
chr2	158502279	0.1409788577	79.7754915
chr2	158511576	0.1675084334	79.77680218
chr2	158511639	0.1969221269	79.77681273
chr2	158511661	0.2073526861	79.77681706
chr2	158512077	0.2125240671	79.77690332
chr2	158513331	0.2470282866	79.77716983
chr2	158528459	0.2395055962	79.78090687
chr2	158528530	0.2448097876	79.78092388
chr2	158563374	0.2479260992	79.78945403
chr2	158707948	0.2760352865	79.8252977
chr2	158828838	0.2479260992	79.8586676
chr2	158874182	0.2532815968	79.86990956
chr2	158947499	0.2542495329	79.88847941
chr2	158967739	0.2393220543	79.89362542
chr2	159005210	0.2424531988	79.90259306
chr2	159005251	0.230431144	79.902603
chr2	159122404	0.2094461175	79.9295987
chr2	159163231	0.09503654972	79.93814975
chr2	159163286	0.2793649859	79.93815498
chr2	159163469	0.2812521079	79.93820611
chr2	159164367	0.4877444076	79.93845867
chr2	159169178	1.031136456	79.94080521
chr2	159171245	1.056497457	79.94293657
chr2	159171258	1.745998529	79.9429503
chr2	159181214	0.4433367124	79.96033346
chr2	159181247	0.1659386885	79.96034809
chr2	159469242	0.1857065762	80.00813761
chr2	159639688	0.1826896644	80.03979055
chr2	159640104	0.1839168595	80.03986655
chr2	159641143	0.1177691679	80.04005764
chr2	159653207	0.1214407586	80.0414784
chr2	159653804	0.09807382303	80.0415509
chr2	159665632	0.09337086693	80.04271092
chr2	159665669	0.1054216531	80.04271438
chr2	159695705	0.1028831886	80.04588082
chr2	159695714	0.08134650279	80.04588175
chr2	159769250	0.07556774154	80.05186364
chr2	159969898	0.06439813051	80.06702616
chr2	159969926	0.1009582865	80.06702796
chr2	159994574	0.09678040755	80.06951638
chr2	159998170	0.09262075034	80.06986441
chr2	160065121	0.08877631914	80.07606546
chr2	160097625	0.06216593344	80.07895104
chr2	160097646	5.389317696	80.07895235
chr2	160098131	5.385651529	80.08156617
chr2	160098283	0.0510837878	80.08238479
chr2	160344047	0.098650054	80.09493934
chr2	160412207	0.04879501217	80.10166333
chr2	160413958	0.0440638628	80.10174877
chr2	160438303	0.04229858016	80.1028215
chr2	160455047	0.04182903627	80.10352975
chr2	160463742	0.04841480749	80.10389346
chr2	160464166	0.05502279836	80.10391398
chr2	160478039	0.09608740026	80.10467731
chr2	160478055	0.1028612584	80.10467885
chr2	160575387	0.1112654976	80.11469054
chr2	160578724	0.1075939069	80.11506184
chr2	160773042	0.106496446	80.13596927
chr2	160788135	0.1134181101	80.13757662
chr2	160906795	0.119529913	80.15103481
chr2	160978187	0.1633503416	80.15956829
chr2	160978402	0.1742656099	80.15960341
chr2	160978410	0.3239507617	80.15960481
chr2	160979707	0.3011698472	80.16002497
chr2	160979721	0.286179837	80.16002919
chr2	161027063	0.216335847	80.17357751
chr2	161027118	0.1359218336	80.17358941
chr2	161029715	0.123602575	80.1739424
chr2	161030393	0.1452023604	80.1740262
chr2	161030409	0.08013170676	80.17402853
chr2	161231135	0.06951359691	80.19011304
chr2	161286012	0.05846646571	80.19392774
chr2	161286617	0.08531241231	80.19396311
chr2	161289599	0.09432688897	80.19421752
chr2	161289720	0.08341162016	80.19422893
chr2	161290625	0.1031444962	80.19430442
chr2	161290864	0.1109228454	80.19432907
chr2	161422224	0.1073238477	80.20889989
chr2	161452522	0.1038367476	80.21215159
chr2	161452541	0.1023516685	80.21215356
chr2	161462788	0.09364453746	80.21320236
chr2	161462790	0.08662913604	80.21320255
chr2	161462831	0.07845645625	80.2132061
chr2	161539686	0.07702586124	80.21923587
chr2	161539774	0.08142736691	80.21924265
chr2	161541447	0.08390778425	80.21937888
chr2	161541583	0.07856715565	80.21939029
chr2	161541609	0.1101523027	80.21939233
chr2	161727733	0.1023739535	80.23989432
chr2	161756706	0.1141595984	80.2428604
chr2	161756781	3.645550311	80.24286896
chr2	161757732	7.248224024	80.24633588
chr2	161757764	18.6789914	80.24656782
chr2	161758621	14.75230764	80.26257572
chr2	161758674	0.1813697905	80.26335759
chr2	161973168	0.1655272977	80.30226032
chr2	161973198	0.1338467431	80.30226529
chr2	161975550	0.1181820802	80.3025801
chr2	161986239	0.1759791284	80.30384334
chr2	161997475	0.2497726886	80.30582065
chr2	162043524	0.1669646518	80.31732243
chr2	162044951	0.1550968077	80.31756069
chr2	162044963	0.1194881786	80.31756255
chr2	162045033	0.03807643404	80.31757091
chr2	162045046	0.02621033149	80.31757141
chr2	162045064	0.04094721774	80.31757188
chr2	162066755	0.0541907298	80.31846007
chr2	162069667	0.0639820863	80.31861787
chr2	162069875	0.06991129927	80.31863118
chr2	162069881	0.08644861089	80.3186316
chr2	162147824	0.08084338227	80.32536966
chr2	162147831	0.1074988548	80.32537023
chr2	162271583	0.09065212756	80.33867343
chr2	162275314	0.06399665472	80.33901165
chr2	162275363	0.04745934412	80.33901478
chr2	162275554	0.05947185115	80.33902385
chr2	162275650	0.07666009651	80.33902956
chr2	162275700	0.08751527858	80.33903339
chr2	162275712	0.1010551424	80.33903444
chr2	162275742	0.1330079588	80.33903747
chr2	162410221	0.1108761247	80.35692425
chr2	162416720	0.1082498667	80.35764483
chr2	162458053	0.1186485706	80.36211913
chr2	162458180	0.1394986498	80.36213419
chr2	162458185	0.1385307125	80.36213489
chr2	162579733	0.1980676951	80.37897302
chr2	162579930	0.1848241831	80.37901204
chr2	162581383	0.201584164	80.37928059
chr2	162699583	0.1935672918	80.40310784
chr2	162784135	0.1596981519	80.41947434
chr2	162784140	0.1425916873	80.41947514
chr2	162784836	0.108951483	80.41957438
chr2	162880260	0.1017220411	80.42997097
chr2	162890320	1.521746968	80.43099429
chr2	162890980	1.51867333	80.43199865
chr2	162891465	1.476863243	80.4327352
chr2	162891880	1.469808211	80.4333481
chr2	162891987	1.644770607	80.43350537
chr2	162892713	0.4108509585	80.43469947
chr2	162893143	0.4000085487	80.43487614
chr2	162911409	1.593751651	80.4421827
chr2	162911426	1.591271234	80.44220979
chr2	162911468	1.410086502	80.44227662
chr2	162911611	1.426943257	80.44247827
chr2	162912658	3.248014882	80.44397228
chr2	162912965	3.333003993	80.44496942
chr2	162912971	3.327671694	80.44498941
chr2	162912980	6.929686393	80.44501936
chr2	162913922	2.023625756	80.45154713
chr2	162914524	0.2025541315	80.45276535
chr2	162914632	0.2096611984	80.45278723
chr2	162952948	0.1246720867	80.4608206
chr2	162954776	0.2113095144	80.46104851
chr2	163006663	0.1091777792	80.47201272
chr2	163006686	0.1312958204	80.47201523
chr2	163006690	0.1323307599	80.47201576
chr2	163113199	0.116888705	80.48611018
chr2	163115466	0.08796730337	80.48637516
chr2	163115469	0.0668206451	80.48637543
chr2	163117425	0.06823783914	80.48650613
chr2	163117491	0.05398462718	80.48651063
chr2	163117584	0.06558268777	80.48651565
chr2	163176756	0.05361928916	80.49039631
chr2	163176852	0.03881781454	80.49040146
chr2	163178032	0.05324097351	80.49044726
chr2	163178131	0.118161616	80.49045253
chr2	163221124	0.1431501162	80.49553266
chr2	163347430	0.1230784109	80.51361337
chr2	163359107	0.1043017794	80.51505056
chr2	163359646	0.112599388	80.51510678
chr2	163363954	0.1144891914	80.51559186
chr2	163490577	0.1033853038	80.53008882
chr2	163495668	0.09304715483	80.53061516
chr2	163497063	0.09984879917	80.53074496
chr2	163606009	0.1012124331	80.54162309
chr2	163870811	0.09623932242	80.56842434
chr2	163870838	0.1014889727	80.56842694
chr2	163870847	0.1192327585	80.56842785
chr2	163870897	0.1121256917	80.56843381
chr2	164077015	0.1215780149	80.59154494
chr2	164179867	0.1290074014	80.60404948
chr2	164187482	0.1231634161	80.60503187
chr2	164408031	0.1392603224	80.63219544
chr2	164408032	0.1364974081	80.63219558
chr2	164436516	0.1270450849	80.63608357
chr2	164437124	0.1244698544	80.63616081
chr2	164518142	0.1139704807	80.64624511
chr2	164588083	0.109152473	80.65421632
chr2	164588236	0.09950958005	80.65423302
chr2	164637256	0.08984424285	80.65911098
chr2	164674720	0.1321184636	80.66247691
chr2	164709911	0.1280687441	80.66712629
chr2	164995871	0.08006932658	80.70374883
chr2	164997397	0.0695383013	80.70387101
chr2	164997565	0.07510628739	80.70388269
chr2	165162088	19.34046666	80.71623941
chr2	165162120	19.33880633	80.7168583
chr2	165162132	19.32696405	80.71709037
chr2	165162264	0.2219535475	80.71964152
chr2	165216389	0.09305358818	80.73165476
chr2	165220331	0.03286904999	80.73202158
chr2	165229462	0.06137843939	80.73232171
chr2	165229938	0.09580735297	80.73235092
chr2	165232913	0.09850327733	80.73263595
chr2	165236594	0.1076549825	80.73299854
chr2	165237114	0.1100383116	80.73305452
chr2	165237314	0.1133007435	80.73307653
chr2	165237378	0.1589952613	80.73308378
chr2	165347547	0.1801781742	80.75060013
chr2	165347935	0.2089090842	80.75067004
chr2	165348655	0.3242599398	80.75082045
chr2	165348679	0.3674430624	80.75082823
chr2	165430340	0.3258427729	80.780834
chr2	165466209	0.7948261612	80.79252166
chr2	165509730	0.8018747507	80.82711328
chr2	165510028	0.7517652389	80.82735224
chr2	165515205	0.7647190605	80.83124413
chr2	165607861	0.638021704	80.90209994
chr2	165607904	0.5416938328	80.90212738
chr2	165607943	1.132085336	80.9021485
chr2	165626255	1.188235897	80.92287925
chr2	165626301	1.461717411	80.92293391
chr2	165684044	1.444708436	81.00733786
chr2	165686773	12.09480074	81.01128047
chr2	165687223	13.43214322	81.01672313
chr2	165688372	0.3397806472	81.03215666
chr2	165688712	0.3323736894	81.03227218
chr2	165761860	0.3389455522	81.05658465
chr2	165817343	0.3202820835	81.07539037
chr2	165817591	0.3277389243	81.0754698
chr2	166026320	0.1987139208	81.14387842
chr2	166034566	0.1889433974	81.14551701
chr2	166036067	0.1694863231	81.14580062
chr2	166074353	0.1717275799	81.15228957
chr2	166136343	0.1749073526	81.16293496
chr2	166273263	0.1712365511	81.18688328
chr2	166273296	0.1406050375	81.18688893
chr2	166278883	0.1526234977	81.18767449
chr2	166278905	0.1539709641	81.18767785
chr2	166278931	0.1420570906	81.18768185
chr2	166278946	0.1376077821	81.18768398
chr2	166278957	0.1403216116	81.1876855
chr2	166290086	0.1392866711	81.18924713
chr2	166386692	0.1515893826	81.20270306
chr2	166586385	0.1440328583	81.2329744
chr2	166662901	0.1351794271	81.24399522
chr2	166762821	0.1381926498	81.25750235
chr2	166901131	0.1427696061	81.27661577
chr2	166905776	0.1373486175	81.27727894
chr2	166964168	0.1410927512	81.285299
chr2	167022757	0.1288208251	81.29356548
chr2	167022814	0.1262774004	81.29357282
chr2	167022897	0.1233758673	81.29358331
chr2	167387752	0.1301341924	81.33859761
chr2	167388416	0.09735663484	81.33868402
chr2	167402883	0.1044061783	81.34009247
chr2	167402932	0.1255728778	81.34009759
chr2	167405017	0.1211286329	81.34035941
chr2	167531106	0.1165723376	81.3556324
chr2	167531128	0.131121787	81.35563496
chr2	167590520	0.136200631	81.36342255
chr2	167752867	0.2009030361	81.38553431
chr2	167753095	0.1816053434	81.38558012
chr2	167753176	0.2405312289	81.38559483
chr2	167753452	0.2541362241	81.38566121
chr2	167753844	0.3617787789	81.38576084
chr2	167784441	0.3753334988	81.39683018
chr2	167840085	0.4139814981	81.41771524
chr2	167856564	0.4124173608	81.42453724
chr2	167857523	0.3798517897	81.42493275
chr2	167859757	0.347767724	81.42578134
chr2	167871753	0.3375259507	81.42995316
chr2	167871832	0.3347151041	81.42997982
chr2	167871924	0.3476485462	81.43001062
chr2	167883638	0.8593364924	81.43408297
chr2	167883870	0.8031330743	81.43428234
chr2	167884116	1.068435394	81.43447991
chr2	167884878	0.9824565341	81.43529406
chr2	167884917	0.9757482019	81.43533237
chr2	167890279	0.4941472877	81.44056433
chr2	167890557	0.5094931433	81.44070171
chr2	167894007	0.1659364098	81.44245946
chr2	168003222	0.1457254407	81.4605822
chr2	168003851	0.1002440893	81.46067386
chr2	168004121	0.1050453888	81.46070093
chr2	168004143	0.1294795344	81.46070324
chr2	168005869	0.1558802838	81.46092672
chr2	168006818	0.1690798249	81.46107465
chr2	168011836	0.1968961003	81.4619231
chr2	168012081	0.2246261187	81.46197134
chr2	168133998	0.1986418425	81.48935708
chr2	168133999	0.2259153556	81.48935728
chr2	168134079	0.1737949071	81.48937535
chr2	168134582	1.715952785	81.48946277
chr2	168134624	1.791527497	81.48953484
chr2	168134663	1.785727507	81.48960471
chr2	168134708	1.810100765	81.48968507
chr2	168134948	1.85219534	81.49011949
chr2	168135017	1.876622737	81.49024729
chr2	168135065	4.111370475	81.49033737
chr2	168135845	4.522809822	81.49354424
chr2	168136532	4.602289369	81.49665141
chr2	168136716	1.186568667	81.49749823
chr2	168136717	1.211298272	81.49749942
chr2	168136748	1.260768642	81.49753697
chr2	168167295	1.356191956	81.53604967
chr2	168176104	1.274270074	81.54799636
chr2	168177604	1.309474994	81.54990777
chr2	168244180	1.318323365	81.63708737
chr2	168244185	1.400969795	81.63709397
chr2	168273678	1.426240931	81.67841277
chr2	168274128	0.9565098154	81.67905458
chr2	168274130	1.140949657	81.67905649
chr2	168274132	1.132218954	81.67905877
chr2	168275561	1.108032361	81.68067671
chr2	168275591	1.087607052	81.68070995
chr2	168275720	1.335518313	81.68085025
chr2	168276680	1.343315867	81.68213235
chr2	168289427	1.095404606	81.6992556
chr2	168289487	1.050971673	81.69932132
chr2	168292554	0.8051633973	81.70254465
chr2	168293542	0.4712041584	81.70334016
chr2	168330452	0.4361575448	81.7207323
chr2	168389047	0.422736957	81.74628895
chr2	168389088	0.3931778091	81.74630628
chr2	168389210	0.3450521753	81.74635425
chr2	168389218	7.03848503	81.74635701
chr2	168389302	7.039301374	81.74694825
chr2	168389723	0.2450832126	81.74991179
chr2	168611027	0.2379497608	81.80414969
chr2	168611143	0.2446798034	81.80417729
chr2	168628208	0.2304616089	81.80835275
chr2	168628212	0.2019896418	81.80835367
chr2	168628219	0.1513066277	81.80835509
chr2	168628259	0.1338747661	81.80836114
chr2	168631992	0.1054238573	81.80886089
chr2	168711816	0.09951510549	81.81727625
chr2	168711817	0.09139098354	81.81727635
chr2	168711871	0.07604136569	81.81728128
chr2	168711915	0.0679191408	81.81728463
chr2	168712218	0.09192496321	81.81730521
chr2	168712400	0.1003473665	81.81732194
chr2	168712425	0.09259435944	81.81732444
chr2	168712473	0.1243856234	81.81732889
chr2	168712509	0.3634373818	81.81733337
chr2	168728403	0.3573218379	81.82310984
chr2	168728404	0.1435363946	81.8231102
chr2	168837167	0.1557293641	81.83872165
chr2	168894120	0.1631777057	81.8475909
chr2	169115862	0.1047517407	81.88377425
chr2	169115961	0.1007081413	81.88378462
chr2	169116033	0.08387199151	81.88379187
chr2	169116061	0.06030165066	81.88379422
chr2	169116068	0.05333556382	81.88379464
chr2	169116133	0.06958992097	81.88379811
chr2	169186010	0.1084804041	81.88866085
chr2	169188057	0.1013352527	81.88888291
chr2	169325192	0.08508089559	81.90277952
chr2	169325666	0.1821755767	81.90281984
chr2	169326204	0.1579368814	81.90291785
chr2	169350345	0.1504885398	81.90673061
chr2	169351545	0.1550788631	81.90691119
chr2	169351558	0.1581363589	81.90691321
chr2	169354948	0.1179071631	81.90744929
chr2	169354950	0.1151226625	81.90744953
chr2	169355672	0.1197387196	81.90753265
chr2	169355772	0.154279125	81.90754462
chr2	169355790	0.2196162717	81.9075474
chr2	169359226	0.2352936541	81.908302
chr2	169360602	0.2376153179	81.90862576
chr2	169360664	0.1418284958	81.9086405
chr2	169407652	0.2292286926	81.91530473
chr2	169407799	0.1638915461	81.91533843
chr2	169446532	0.1041531561	81.92168644
chr2	169454153	0.06961275031	81.92248019
chr2	169454186	0.07492083603	81.92248249
chr2	169454686	0.07638248167	81.92251995
chr2	169454702	0.07803964089	81.92252117
chr2	169455539	0.1211854357	81.92258649
chr2	169534298	0.08776215681	81.93213094
chr2	169534344	0.09336626743	81.93213497
chr2	169574495	0.06681078147	81.93588372
chr2	169575634	0.06829890628	81.93595982
chr2	169575979	0.05262152397	81.93598338
chr2	169577877	0.05439028805	81.93608326
chr2	169577926	0.06561688082	81.93608592
chr2	169577928	0.06738568983	81.93608605
chr2	169728640	0.06691451088	81.94624189
chr2	170091824	0.0595801524	81.97054417
chr2	170094352	0.06199950893	81.97069478
chr2	170094364	0.05669142351	81.97069553
chr2	170094677	0.05418014002	81.97071327
chr2	170140706	0.05493333657	81.97320713
chr2	170140912	0.05985922567	81.97321845
chr2	170147103	0.06194977672	81.97358903
chr2	170149726	0.06693951955	81.97375153
chr2	170150596	0.06142575892	81.97380977
chr2	170308601	0.05392609553	81.98351534
chr2	170309192	0.06044145806	81.98354721
chr2	170309200	0.06699090058	81.9835477
chr2	170309222	0.07350296653	81.98354917
chr2	170314311	0.08016662567	81.98392323
chr2	170341691	0.08286682221	81.98611819
chr2	170348607	0.08623734157	81.9866913
chr2	170462964	0.08317984535	81.99655314
chr2	170824259	0.07419452228	82.0266056
chr2	170828041	0.0676450791	82.02688621
chr2	170830747	0.05613997445	82.02706925
chr2	170830761	0.06121613098	82.02707004
chr2	170831041	0.04978164398	82.02708718
chr2	170833534	0.04287269203	82.02721129
chr2	170930695	0.03880804313	82.03137684
chr2	170971115	0.04263422877	82.03294546
chr2	170974738	0.0490300363	82.03309992
chr2	170976064	0.07692615977	82.03316494
chr2	170976799	0.08974843023	82.03322148
chr2	170976851	0.09326278	82.03322615
chr2	170976892	0.1121006518	82.03322997
chr2	170981241	0.1136302243	82.0337175
chr2	170981626	0.1179265132	82.03376124
chr2	171042418	0.1231306109	82.04093023
chr2	171498907	0.1395782716	82.097138
chr2	171499060	0.1339332908	82.09715936
chr2	171499675	0.7406961004	82.09724173
chr2	171499680	0.7466978791	82.09724543
chr2	171500195	0.7506894213	82.09762998
chr2	171505271	0.154504289	82.10144048
chr2	171695388	0.1882813581	82.13081437
chr2	171739008	0.1838225622	82.1390272
chr2	171771491	0.2074959717	82.14499831
chr2	171772569	0.2316981933	82.14522199
chr2	171779527	0.2585903489	82.14683415
chr2	171779545	0.2571287032	82.1468388
chr2	171859125	0.2154207756	82.1673011
chr2	171859237	0.2290280862	82.16732523
chr2	171905888	0.4622766054	82.17800962
chr2	171907038	0.458224109	82.17854124
chr2	171907088	0.4329628474	82.17856415
chr2	171918577	0.1490379908	82.18353846
chr2	171918629	0.1451026189	82.18354621
chr2	171918643	0.1480719965	82.18354824
chr2	171943778	0.1445576466	82.18727003
chr2	171943832	0.1485276353	82.18727784
chr2	171951678	0.1525343511	82.18844319
chr2	171958895	0.1306014324	82.18954403
chr2	172054144	0.1380734898	82.20198368
chr2	172054156	0.1047890473	82.20198534
chr2	172054200	0.1147900175	82.20198995
chr2	172393533	0.1444037768	82.24094199
chr2	172393720	0.1343964744	82.24096899
chr2	172393899	0.1323257841	82.24099305
chr2	172393979	0.2034962137	82.24100364
chr2	172393985	0.2095509219	82.24100486
chr2	172398822	0.2119416062	82.24201846
chr2	172398828	0.2498623173	82.24201973
chr2	172505646	0.2029971671	82.26870952
chr2	172508281	0.1733834078	82.26924442
chr2	172508401	0.1045209555	82.26926522
chr2	172508837	0.07493555744	82.2693108
chr2	172508921	0.06746350323	82.26931709
chr2	172508922	0.07214686567	82.26931716
chr2	172508925	0.0797625703	82.26931737
chr2	172518082	0.09849433652	82.27004776
chr2	172518108	0.1006492023	82.27005032
chr2	172518582	0.1036455109	82.27009803
chr2	172520274	0.4808993232	82.2702734
chr2	172522400	0.9633649657	82.27129579
chr2	172529472	0.1672483672	82.27810871
chr2	172529541	0.2117536664	82.27812025
chr2	172799784	0.2077103302	82.33534519
chr2	172799795	0.2245215528	82.33534748
chr2	172847105	0.2522108072	82.34596959
chr2	172955124	0.2652666815	82.37321315
chr2	172955176	0.2882457594	82.37322694
chr2	172955206	0.3366168765	82.37323559
chr2	172955221	0.4291223945	82.37324064
chr2	172955224	0.4409329988	82.37324193
chr2	172955247	0.5387174262	82.37325207
chr2	173040119	0.5245783302	82.41897409
chr2	173063031	0.6023334208	82.43099323
chr2	173064249	0.6168904463	82.43172688
chr2	173064253	0.6411329475	82.43172934
chr2	173064329	0.6339333244	82.43177807
chr2	173067735	0.6290626251	82.43393725
chr2	173067980	0.6542572101	82.43409137
chr2	173126755	0.5027268089	82.47254533
chr2	173202855	0.470486001	82.51080284
chr2	173203892	0.4568262069	82.51129074
chr2	173204063	0.3619731633	82.51136886
chr2	173204425	0.337060354	82.51149989
chr2	173205484	0.3548372232	82.51185684
chr2	173278060	0.2727791655	82.5376095
chr2	173297684	0.2361184481	82.54296252
chr2	173297687	0.3434439937	82.54296323
chr2	173298195	0.3704264744	82.5431377
chr2	173298313	0.360521326	82.54318141
chr2	173298365	0.3670313083	82.54320016
chr2	173395351	0.3593101354	82.57879706
chr2	173395353	0.3245168627	82.57879777
chr2	173396499	0.3168162303	82.57916967
chr2	173396638	0.2990393611	82.57921371
chr2	173397910	0.3070858091	82.57959409
chr2	173397949	0.2730610205	82.57960606
chr2	173424133	0.2192044618	82.58675589
chr2	173424146	0.3756306666	82.58675874
chr2	173424258	0.4260067641	82.58680081
chr2	173426796	0.433561398	82.58788202
chr2	173428978	0.4263882983	82.58882805
chr2	173428990	0.4416621878	82.58883316
chr2	173440530	0.2991057981	82.59392995
chr2	173442619	0.3336759995	82.59455478
chr2	173491672	0.3647303256	82.61092259
chr2	173491713	0.2923752463	82.61093754
chr2	173491921	0.3203399785	82.61099836
chr2	173491972	0.2590598808	82.61101469
chr2	173492026	0.2902149968	82.61102868
chr2	173492931	0.2253666228	82.61129133
chr2	173492962	0.2567914128	82.61129831
chr2	173492992	0.3197032438	82.61130602
chr2	173568600	0.3618274755	82.63547814
chr2	173601020	0.2989156443	82.64720859
chr2	173601097	0.1896589499	82.6472316
chr2	173601421	0.194865336	82.64729305
chr2	173601540	0.1903611445	82.64731624
chr2	173649199	0.1687553279	82.65638866
chr2	173649217	0.173586766	82.6563917
chr2	173649269	0.1335464073	82.65640073
chr2	173651469	0.1227506206	82.65669453
chr2	173652656	0.1430404461	82.65684023
chr2	173652674	0.1780652156	82.65684281
chr2	173652684	0.1841768769	82.65684459
chr2	173652712	0.2044473391	82.65684975
chr2	173652714	0.2136066892	82.65685016
chr2	173754388	0.2315954142	82.6785684
chr2	173820087	0.2344434439	82.69378399
chr2	173820124	0.2678254341	82.69379266
chr2	173820135	1.756000394	82.69379561
chr2	173820223	1.757605578	82.69395014
chr2	173820262	1.774141923	82.69401868
chr2	173820305	1.763792309	82.69409497
chr2	173820319	1.778083096	82.69411967
chr2	173820321	1.790428354	82.69412322
chr2	173820351	1.842604691	82.69417693
chr2	173822060	1.85700088	82.69732595
chr2	173822412	0.3646338837	82.69797961
chr2	173873518	0.383043395	82.71661459
chr2	173876602	0.3754887612	82.7177959
chr2	174005382	0.4027789493	82.76615134
chr2	174023714	0.4227898085	82.77353508
chr2	174023882	0.4375356476	82.77360611
chr2	174025756	0.4178252103	82.77442605
chr2	174025777	0.4132193605	82.77443483
chr2	174057744	0.3989050393	82.78764421
chr2	174058020	0.3680419487	82.78775431
chr2	174058103	0.2240425088	82.78778486
chr2	174058227	0.2268981186	82.78781264
chr2	174094801	0.179095853	82.79611121
chr2	174094925	0.2018570494	82.79613342
chr2	174095060	0.1997021837	82.79616067
chr2	174095578	0.2084618135	82.79626411
chr2	174250353	0.2132929152	82.82852879
chr2	174254096	0.1917427692	82.82932714
chr2	174254104	0.1632730713	82.82932868
chr2	174254328	0.1468478184	82.82936525
chr2	174254399	0.1549987804	82.82937568
chr2	174254418	0.1275208769	82.82937862
chr2	174256589	0.1064159856	82.82965547
chr2	174256657	0.08929095591	82.82966271
chr2	174256763	0.09696749464	82.82967217
chr2	174256780	0.09134245586	82.82967382
chr2	174256813	0.1136114586	82.82967683
chr2	174256828	0.1200433076	82.82967854
chr2	174275458	0.11544071	82.83191495
chr2	174275477	0.1391397953	82.83191714
chr2	174275521	0.1441499904	82.83192326
chr2	174275531	0.149160259	82.8319247
chr2	174275788	0.1614581433	82.83196304
chr2	174275797	0.1700501014	82.83196449
chr2	174275904	0.186307124	82.83198269
chr2	174278356	0.206531258	82.83243951
chr2	174278399	0.2161914013	82.83244839
chr2	174280095	0.2310232208	82.83281505
chr2	174322257	0.2715664335	82.84255545
chr2	174338895	0.309795622	82.84707378
chr2	174352552	0.3168756422	82.85130465
chr2	174352553	0.3476957767	82.85130497
chr2	174352689	0.3709005491	82.85135226
chr2	174352696	0.3787582182	82.85135485
chr2	174446379	0.3668251739	82.88683806
chr2	174447128	0.3853939308	82.88711281
chr2	174628731	0.4433021411	82.95710151
chr2	174630130	0.4247333843	82.95772169
chr2	174630166	0.3959002733	82.95773698
chr2	174630239	0.4019419443	82.95776588
chr2	174631467	0.3923963962	82.95825946
chr2	174671154	0.3841951329	82.9738325
chr2	174671297	0.2620777142	82.97388744
chr2	174699426	0.2261192004	82.98125942
chr2	174699438	0.2394818946	82.98126213
chr2	174701758	0.2372569811	82.98181773
chr2	174785155	0.2089745005	83.00160425
chr2	174785245	0.2025439301	83.00162306
chr2	174785246	0.2428798481	83.00162326
chr2	174785756	0.2446753763	83.00174713
chr2	174797538	0.245356117	83.0046299
chr2	174842515	0.2627433164	83.01566528
chr2	174842556	0.308363004	83.01567605
chr2	174849796	0.4083404417	83.0179086
chr2	174856231	0.4000493521	83.02053627
chr2	174856487	0.4336752906	83.02063868
chr2	174890380	0.4870443323	83.03533724
chr2	174953737	0.5001626431	83.06619491
chr2	174953762	0.413464214	83.06620741
chr2	174953766	0.4024298779	83.06620907
chr2	175035454	0.3957859047	83.09908276
chr2	175035956	0.3829650347	83.09928144
chr2	175036627	0.3237813024	83.09953841
chr2	175036701	0.4215669451	83.09956237
chr2	175058600	0.3877883365	83.10879427
chr2	175077146	0.3507564696	83.11598619
chr2	175081413	0.2986438039	83.11748287
chr2	175081429	0.3291867775	83.11748764
chr2	175187225	0.2970720868	83.15231429
chr2	175187294	0.3917174624	83.15233479
chr2	175187404	0.401428109	83.15237788
chr2	175192682	0.4209338584	83.15449661
chr2	175192686	0.324589551	83.1544983
chr2	175254754	0.2191721296	83.17464492
chr2	175254777	0.4397146819	83.17464996
chr2	175254803	0.3850130571	83.1746614
chr2	175262147	0.3658970118	83.17748893
chr2	175263618	0.3817704383	83.17802717
chr2	175266214	0.3633824445	83.17901824
chr2	175270185	0.118958336	83.18046123
chr2	175270248	0.1226108025	83.18046873
chr2	175270402	0.1262638737	83.18048761
chr2	175270545	0.1228489115	83.18050567
chr2	175270686	0.1205555566	83.18052299
chr2	175276631	0.1136582086	83.18123969
chr2	175278607	0.1170215474	83.18146428
chr2	175278613	0.1206835402	83.18146498
chr2	175278619	0.1280547959	83.1814657
chr2	175278670	0.1166508945	83.18147224
chr2	175278692	0.1147490731	83.1814748
chr2	175278704	0.3486021906	83.18147618
chr2	175279944	0.3465183175	83.18190845
chr2	175293235	0.1385323208	83.18651402
chr2	175475769	1.941656443	83.21180088
chr2	175477656	0.1499029066	83.21546479
chr2	175477694	0.1446930252	83.21547048
chr2	175480487	0.1628772173	83.21587461
chr2	175480504	0.1669974935	83.21587738
chr2	175481058	0.1716801953	83.21596989
chr2	175482860	0.1895535547	83.21627926
chr2	175482880	0.1943114734	83.21628305
chr2	175482977	0.198505228	83.2163019
chr2	176197083	0.1890239398	83.35805568
chr2	176200611	0.1648783479	83.35872255
chr2	176206505	0.1576455425	83.35969435
chr2	176206545	0.1539913125	83.35970065
chr2	176206556	0.2268051813	83.35970234
chr2	176206733	0.2221224795	83.35974249
chr2	176215900	0.2000750206	83.36177869
chr2	176215950	0.195472119	83.36178869
chr2	176286799	0.6660606318	83.37563769
chr2	176288948	0.621453971	83.37706906
chr2	176288952	0.5263911454	83.37707154
chr2	176289055	0.5264404211	83.37712576
chr2	176291401	0.518061544	83.37836079
chr2	176291593	0.5103780049	83.37846026
chr2	176291635	0.5223835527	83.3784817
chr2	176293258	0.5181897981	83.37932952
chr2	176294020	0.0476012853	83.37972438
chr2	176294342	0.06241465521	83.37973971
chr2	176294649	0.07009634788	83.37975887
chr2	176305235	0.07837652077	83.38050091
chr2	176621552	0.06799138691	83.40529274
chr2	176627425	0.05744444365	83.40569205
chr2	176628020	0.1015492146	83.40572623
chr2	176732932	0.09380138718	83.41637996
chr2	176733240	0.09147797234	83.41640885
chr2	176737015	0.05123896416	83.41675418
chr2	176737122	0.04365500991	83.41675967
chr2	176890871	0.03072707868	83.42347158
chr2	176976686	0.04065250812	83.42610842
chr2	176977274	0.05642045946	83.42613233
chr2	176977364	0.08551926451	83.42613741
chr2	176977445	0.1313154974	83.42614433
chr2	177192782	0.09976707371	83.45442142
chr2	177192798	0.07644631735	83.45442301
chr2	177192884	0.08004398142	83.45442959
chr2	177311966	0.07892488642	83.46396139
chr2	177319051	0.06899945698	83.46452057
chr2	177327700	0.02691897467	83.46511735
chr2	177329572	0.03112397502	83.46516774
chr2	177332569	0.04156004376	83.46526102
chr2	177346902	0.06217616974	83.4658567
chr2	177561655	0.05635956319	83.47920922
chr2	177561693	0.06541392392	83.47921136
chr2	177658182	0.05497785518	83.48552308
chr2	177681963	0.08231678524	83.48683051
chr2	177736601	0.08333125107	83.49132813
chr2	177736781	0.08309719028	83.49134313
chr2	177736821	0.1258930501	83.49134646
chr2	177771506	0.1359927346	83.49571306
chr2	177802399	0.1423758341	83.49991428
chr2	177803920	0.1349404163	83.50013084
chr2	177803931	0.1419236243	83.50013232
chr2	177804012	0.1521069343	83.50014382
chr2	177804107	0.1721569671	83.50015827
chr2	177806259	0.1916934122	83.50052875
chr2	177806319	0.252321656	83.50054025
chr2	177806397	0.3159101762	83.50055993
chr2	177875420	0.3659724375	83.522365
chr2	177902630	0.3622995292	83.53232311
chr2	177936995	0.3532451685	83.54477353
chr2	177938555	0.3360795327	83.54532459
chr2	177939165	0.3446678649	83.5455296
chr2	177940493	0.3193269177	83.54598732
chr2	177940657	0.3396356599	83.54603969
chr2	177944144	0.3149803386	83.547224
chr2	177948059	0.4080630618	83.54845715
chr2	177973589	0.4349664107	83.558875
chr2	177974601	0.4341803788	83.55931518
chr2	177974929	0.4597234287	83.5594576
chr2	177975030	0.3828133269	83.55950403
chr2	178063310	0.4129969937	83.59329879
chr2	178107964	0.3308150616	83.61174076
chr2	178107980	0.2947738323	83.61174605
chr2	178115805	0.3018285567	83.61405265
chr2	178137019	5.31938904	83.62045565
chr2	178137419	5.289364317	83.6225834
chr2	178137686	0.2280648177	83.62399566
chr2	178137707	0.2721396263	83.62400045
chr2	178137738	0.2948623799	83.62400889
chr2	178138167	0.3176505051	83.62413538
chr2	178138582	0.3434766038	83.62426721
chr2	178138627	0.3459900916	83.62428266
chr2	178286609	0.330772291	83.67548297
chr2	178287285	1.320383123	83.67570657
chr2	178290368	1.298397929	83.67977731
chr2	178290412	0.2116951308	83.67983444
chr2	178290539	0.2884142447	83.67986133
chr2	178290544	0.3292281023	83.67986277
chr2	178297215	0.4195627823	83.68205905
chr2	178297259	0.4308813211	83.68207751
chr2	178297270	0.7108800571	83.68208225
chr2	178297370	2.370118168	83.68215334
chr2	178299418	0.6898692513	83.68700734
chr2	178334761	0.6662433779	83.71138939
chr2	178334832	0.3559290871	83.71143669
chr2	178335182	13.32585142	83.71156127
chr2	178335204	27.49386303	83.71185444
chr2	178335208	42.33281348	83.71196441
chr2	178335366	42.31996706	83.718653
chr2	178335437	27.5137286	83.72165772
chr2	178335444	0.2528599006	83.72185031
chr2	178335500	0.4951851506	83.72186447
chr2	178336846	0.4792890125	83.72253099
chr2	178349927	0.3000132422	83.72880057
chr2	178351905	0.3069936528	83.729394
chr2	178351959	0.3594617463	83.72941057
chr2	178351965	0.3663900396	83.72941273
chr2	178439311	0.4302530044	83.76141544
chr2	178439316	0.3679681981	83.76141759
chr2	178439317	0.3254797716	83.76141795
chr2	178439604	0.3685263655	83.76151137
chr2	178590750	0.3460874981	83.81721265
chr2	178592795	0.2440953973	83.8179204
chr2	178597485	0.1849016187	83.81906521
chr2	178602394	0.2061953899	83.81997289
chr2	178602425	0.2372489032	83.81997928
chr2	178602433	0.2437984718	83.81998118
chr2	178631505	0.2717962011	83.82706889
chr2	178803318	0.255287091	83.87376701
chr2	178803323	0.2383724396	83.87376829
chr2	178803496	0.3073702609	83.87380953
chr2	178803573	0.298041354	83.87383319
chr2	178807561	0.3812511011	83.87502178
chr2	178838713	0.3742706907	83.88689852
chr2	178839931	0.3673358092	83.88735438
chr2	178842261	0.2796763316	83.88821027
chr2	178842300	0.2660568867	83.88822118
chr2	178842320	0.2773727703	83.8882265
chr2	178842382	0.300847094	83.8882437
chr2	178842423	0.3104423444	83.88825603
chr2	178842435	0.2986861674	83.88825976
chr2	178842437	0.3432365406	83.88826035
chr2	178842575	0.3667287158	83.88830772
chr2	178842764	0.390244964	83.88837703
chr2	178848399	0.3070352169	83.89057606
chr2	178943373	0.3659618893	83.91973643
chr2	178973504	0.2761500191	83.93076322
chr2	178973526	0.2502277855	83.9307693
chr2	178987114	0.2267401566	83.93416939
chr2	178987141	0.2032658329	83.93417552
chr2	178987224	0.1797736578	83.93419239
chr2	178987325	0.1562671841	83.93421054
chr2	178987327	0.132814082	83.93421086
chr2	178987875	0.1490968675	83.93428364
chr2	178988844	0.1938788017	83.93442811
chr2	178988879	0.2468047794	83.9344349
chr2	178993809	0.2635596368	83.93565165
chr2	178993967	0.3014212724	83.93569329
chr2	178994377	0.3282441247	83.93581687
chr2	178998128	0.3189754218	83.93704812
chr2	179082937	0.3048267888	83.9641001
chr2	179083368	0.4843223201	83.96423148
chr2	179083718	0.4106302809	83.964401
chr2	179084625	0.4079721066	83.96477344
chr2	179120769	0.381086547	83.97951918
chr2	179121187	0.3745364978	83.97967848
chr2	179121231	0.211258682	83.97969495
chr2	179121264	0.1790474327	83.97970193
chr2	179121433	0.1735930439	83.97973219
chr2	179121465	0.1506267241	83.97973774
chr2	179121506	0.6513988784	83.97974392
chr2	179126790	0.6581080461	83.98318591
chr2	179127833	0.6776548608	83.98387231
chr2	179127890	0.6532160446	83.98391094
chr2	179128276	0.1512781346	83.98416308
chr2	179193723	0.1044023462	83.99406378
chr2	179196232	0.09449365254	83.99432573
chr2	179196569	0.07624024052	83.99435757
chr2	179196623	0.05948538302	83.99436169
chr2	179196653	0.07230784711	83.99436347
chr2	179199289	0.1478137945	83.99455408
chr2	179199311	0.1554942891	83.99455733
chr2	179200551	0.1673183083	83.99475014
chr2	179201097	0.179273079	83.9948415
chr2	179201921	0.1923551979	83.99498922
chr2	179202029	0.2000831677	83.99500999
chr2	179461631	0.2198801923	84.04695198
chr2	179461666	0.1839273409	84.04695968
chr2	179461674	0.1708452223	84.04696115
chr2	179485345	0.1588904517	84.05100523
chr2	179490581	0.1470092497	84.05183718
chr2	179633065	0.1313416259	84.07278364
chr2	179633087	0.1305612411	84.07278653
chr2	179633279	0.08054236621	84.0728116
chr2	179634539	0.07273508393	84.07291308
chr2	179634576	0.5958873764	84.07291578
chr2	179634674	0.5926258463	84.07297417
chr2	179634820	0.5958546474	84.0730607
chr2	179634824	0.592593587	84.07306308
chr2	179634896	8.064908114	84.07310575
chr2	179635070	8.60687297	84.07450904
chr2	179635746	8.609215663	84.08032729
chr2	179638444	11.48815921	84.10355495
chr2	179640807	0.6168286679	84.13070147
chr2	179641311	0.6300541717	84.13101235
chr2	179641340	0.08808931505	84.13103062
chr2	179641746	0.07804672914	84.13106639
chr2	179641825	0.08440486732	84.13107255
chr2	179641889	0.09261889757	84.13107796
chr2	179642048	0.1046177057	84.13109268
chr2	179642246	0.1033550408	84.1311134
chr2	179642298	0.1288028427	84.13111877
chr2	179642497	0.2393956421	84.1311444
chr2	179642626	0.2908345496	84.13117528
chr2	179643308	0.3035812949	84.13137363
chr2	180055586	0.2789098855	84.25653352
chr2	180073942	0.263187392	84.26165319
chr2	180073965	0.2553116758	84.26165925
chr2	180176277	0.2296323132	84.28778069
chr2	180176335	0.2414467642	84.28779401
chr2	180176359	0.2538869326	84.28779981
chr2	180176377	0.2156961152	84.28780438
chr2	180176588	0.3887290091	84.28784989
chr2	180177530	0.3818032441	84.28821607
chr2	180270920	0.2971138783	84.32387268
chr2	180273995	0.2917429195	84.3247863
chr2	180274946	0.2756240564	84.32506375
chr2	180275029	0.2702581777	84.32508663
chr2	180275052	0.1452360917	84.32509284
chr2	180275138	0.157072044	84.32510533
chr2	180275345	0.1737275111	84.32513785
chr2	180292875	0.1935924701	84.32818329
chr2	180292887	0.2414978415	84.32818561
chr2	180357044	0.2648896541	84.34367939
chr2	180357067	0.2937481745	84.34368548
chr2	180363691	0.2755864154	84.34563127
chr2	180363719	0.2708748012	84.34563899
chr2	180363797	0.2324571321	84.34566012
chr2	180363821	0.1845517604	84.34566569
chr2	180463891	0.1473524833	84.36413379
chr2	180463936	0.1438585614	84.36414042
chr2	180463959	0.1304006965	84.36414373
chr2	180464448	0.1468122144	84.36420749
chr2	180464666	0.1426813546	84.3642395
chr2	180464709	0.1481362469	84.36424564
chr2	180464765	0.2761772004	84.36425393
chr2	180464853	0.3027865443	84.36427823
chr2	180465003	13.525042	84.36432365
chr2	180465177	13.5415115	84.36667701
chr2	180465210	13.58466506	84.36712388
chr2	180465230	13.61682238	84.36739557
chr2	180465260	0.5571111969	84.36780408
chr2	180543515	0.6747375283	84.41140081
chr2	180545083	0.7291363034	84.4124588
chr2	180591984	0.7024255161	84.44665602
chr2	180592532	0.7517247553	84.44704095
chr2	180592535	0.7251291549	84.44704321
chr2	180592551	0.7515952921	84.44705481
chr2	180592557	0.7249859486	84.44705932
chr2	180592569	0.6987722017	84.44706802
chr2	180592589	0.7120072354	84.447082
chr2	180592590	0.6854230736	84.44708271
chr2	180592629	0.6732171851	84.44710944
chr2	180671505	0.4443298241	84.50021012
chr2	180671970	0.4634831164	84.50041673
chr2	180672691	0.4666597188	84.5007509
chr2	180687180	0.4307429688	84.50751234
chr2	180687198	0.4208527165	84.50752009
chr2	180687205	0.4251591316	84.50752303
chr2	180687235	0.4420654398	84.50753579
chr2	180687260	0.4405805588	84.50754684
chr2	180792043	0.3076897369	84.55371219
chr2	180793529	0.3492003947	84.55416942
chr2	180796473	0.3223333286	84.55519747
chr2	180796736	0.3056925202	84.55528224
chr2	180840806	0.3469658969	84.56875411
chr2	180849294	0.3337294782	84.57169916
chr2	180849312	0.9712753786	84.57170516
chr2	180849326	0.9555248383	84.57171876
chr2	180849336	0.9503555646	84.57172832
chr2	180849341	0.8384145036	84.57173307
chr2	180849387	0.8063197373	84.57177164
chr2	180858536	0.797679192	84.57914865
chr2	180858539	0.7890387098	84.57915105
chr2	180859972	0.151492809	84.58028174
chr2	180860080	2.170635247	84.5802981
chr2	180861069	2.185724856	84.58244486
chr2	180861084	2.200814934	84.58247765
chr2	180862955	2.231146965	84.58659537
chr2	180864036	1.372168287	84.58900724
chr2	180865938	0.212004528	84.5916171
chr2	180923138	0.1841540659	84.60374376
chr2	181086265	0.1740158062	84.63378426
chr2	181086273	0.1264877997	84.63378566
chr2	181087658	0.1125465826	84.63396084
chr2	181087773	0.1244471182	84.63397378
chr2	181089165	0.1102778956	84.63414701
chr2	181090914	0.1272815396	84.63433989
chr2	181213557	0.1278560908	84.64995008
chr2	181318022	0.1849917447	84.66330657
chr2	181318317	0.1700485844	84.66336114
chr2	181318326	0.1915918027	84.66336267
chr2	181421239	0.1870593692	84.68307996
chr2	181421259	0.1541436525	84.6830837
chr2	181421263	0.1526134604	84.68308431
chr2	181422638	0.1363608136	84.68329416
chr2	181475343	0.1147609023	84.69048105
chr2	181476061	0.0844999959	84.69056345
chr2	181476288	0.06175427995	84.69058263
chr2	181476468	0.151789775	84.69059375
chr2	181480474	0.1456926995	84.69120182
chr2	181513283	0.1493918057	84.69598185
chr2	181513344	0.1452784021	84.69599096
chr2	181514210	0.05524290714	84.69611678
chr2	181739274	0.1154642736	84.70854997
chr2	181739289	0.1248313684	84.7085517
chr2	181739313	0.1484860945	84.70855469
chr2	181739340	0.1625160842	84.7085587
chr2	181742425	0.1513326589	84.70906006
chr2	181773179	0.1476544152	84.71371415
chr2	181773362	0.1609829383	84.71374117
chr2	181773367	0.1773179312	84.71374198
chr2	181784424	0.2130867311	84.71570258
chr2	181784427	0.148523021	84.71570322
chr2	181882956	0.1641087953	84.73033704
chr2	181882968	0.1714747313	84.73033901
chr2	181882982	0.2058265842	84.73034141
chr2	181882994	0.2377365081	84.73034388
chr2	181883287	0.3142727188	84.73041354
chr2	181981394	0.2979377255	84.76124589
chr2	181981541	0.3054954192	84.76128969
chr2	181981544	0.2914654275	84.76129061
chr2	181981867	0.2966297276	84.76138475
chr2	181981903	0.2622778737	84.76139543
chr2	181981913	0.2782297609	84.76139805
chr2	181989163	10.83139638	84.76341522
chr2	181989357	10.82855473	84.76551651
chr2	181989363	10.81197361	84.76558148
chr2	181989485	0.2268970644	84.76690054
chr2	181989581	0.2308519625	84.76692232
chr2	182050020	0.2707182152	84.78087478
chr2	182100983	0.2443978868	84.7946714
chr2	182101175	0.2410496888	84.79471832
chr2	182102050	0.2255389688	84.79492924
chr2	182102061	0.2006619321	84.79493172
chr2	182102181	0.1899677485	84.7949558
chr2	182102238	0.161726571	84.79496663
chr2	182102268	0.2647311074	84.79497148
chr2	182108219	0.2655185771	84.79654689
chr2	182135221	0.2298651306	84.80371643
chr2	182135258	0.1585940116	84.80372493
chr2	182135265	0.2224528366	84.80372604
chr2	182135309	0.2245523262	84.80373583
chr2	182186420	0.2160992082	84.81521292
chr2	182187800	0.2222545084	84.81551114
chr2	182188478	0.2172813112	84.81566183
chr2	182188486	0.2285047103	84.81566357
chr2	182188490	0.2397282561	84.81566448
chr2	182188592	0.290343664	84.81568893
chr2	182192191	0.3064390376	84.81673388
chr2	182196249	0.3228335318	84.81797741
chr2	182196273	0.3447314747	84.81798516
chr2	182199438	0.3975277237	84.81907623
chr2	182199493	0.4052441289	84.8190981
chr2	182199509	0.4951065299	84.81910458
chr2	182199548	0.5890431571	84.81912389
chr2	182403315	0.5505510415	84.93915145
chr2	182403343	0.5649178324	84.93916686
chr2	182403350	0.4973452526	84.93917082
chr2	182403521	0.4266163306	84.93925586
chr2	182431082	0.4095911532	84.95101384
chr2	182431108	0.3308606951	84.95102449
chr2	182431165	0.3086317156	84.95104335
chr2	182491257	0.2861847699	84.96958964
chr2	182521290	0.2947047274	84.97818463
chr2	182635812	0.2822320123	85.0119348
chr2	182635941	0.3069199124	85.01197121
chr2	182636064	0.299193243	85.01200896
chr2	182636746	0.2826684778	85.01221301
chr2	182636776	0.2961985564	85.01222149
chr2	182636785	0.2976635803	85.01222416
chr2	182639869	0.3175829733	85.01314215
chr2	182640211	0.385338537	85.01325077
chr2	182642050	0.4160451774	85.0139594
chr2	182718139	0.4094930697	85.04561587
chr2	182718187	0.5580624945	85.04563552
chr2	182739864	0.5418102407	85.05773264
chr2	182740099	0.386729937	85.05785997
chr2	182740100	0.4339969837	85.05786035
chr2	182740139	0.3325621235	85.05787728
chr2	182740936	0.316523122	85.05814233
chr2	182740951	0.5901017111	85.05814708
chr2	182753372	0.2797159977	85.06547673
chr2	182753405	0.3105704067	85.06548596
chr2	182753407	0.323366364	85.06548659
chr2	182753546	0.3672253982	85.06553153
chr2	182753842	0.3751934887	85.06564023
chr2	182753930	0.4110125619	85.06567325
chr2	182754013	0.6761765624	85.06570736
chr2	182754026	0.9324236238	85.06571615
chr2	182767673	0.9743105609	85.07844094
chr2	182767729	1.002507448	85.0784955
chr2	182767796	0.9015682687	85.07856267
chr2	182767860	0.9961772953	85.07862037
chr2	182767864	1.006821434	85.07862435
chr2	182767940	1.169104138	85.07870087
chr2	182767947	1.047075924	85.07870906
chr2	182768727	1.583332175	85.07952577
chr2	182768735	1.747167907	85.07953844
chr2	182768741	1.516238946	85.07954892
chr2	182768743	1.544740684	85.07955196
chr2	182768930	1.637199428	85.07984082
chr2	182770097	1.723553514	85.08175143
chr2	182848641	1.954137734	85.21712622
chr2	182848734	1.89612078	85.21730796
chr2	182848795	1.934859476	85.21742362
chr2	182848799	1.359788531	85.21743136
chr2	182861135	1.367211814	85.23420571
chr2	182862171	1.330846508	85.23562214
chr2	182863378	1.033576911	85.23722847
chr2	182863539	0.9668818935	85.23739488
chr2	182863805	0.9960716156	85.23765207
chr2	182886870	0.9954216662	85.26062646
chr2	182887676	0.9608453961	85.26142877
chr2	182887929	0.9461650372	85.26167187
chr2	182887951	0.8812205903	85.26169268
chr2	182887958	0.9091513149	85.26169885
chr2	182887968	0.8875311688	85.26170794
chr2	182888243	1.010640613	85.26195201
chr2	182888298	1.027937012	85.2620076
chr2	182888319	1.072497276	85.26202918
chr2	182889260	1.016017268	85.2630384
chr2	182889413	1.033843376	85.26319386
chr2	182889447	1.005876925	85.26322901
chr2	182889791	1.047009618	85.26357503
chr2	182889848	1.056081576	85.26363471
chr2	182889865	1.042699148	85.26365266
chr2	182936514	0.9326501467	85.31229353
chr2	182937033	0.9832102558	85.31277758
chr2	182937197	1.036110999	85.31293883
chr2	182973195	1.041044046	85.35023675
chr2	183014706	1.087408174	85.39345153
chr2	183014873	1.065304857	85.39363313
chr2	183014936	1.051503089	85.39370024
chr2	183014945	0.9324282325	85.3937097
chr2	183015032	0.905295587	85.39379082
chr2	183018969	0.8699963801	85.39735497
chr2	183071452	0.8030713841	85.44301499
chr2	183071489	0.7845845544	85.44304471
chr2	183072370	0.7476739474	85.44373593
chr2	183072423	0.7705198317	85.44377555
chr2	183080039	0.6630409877	85.44964383
chr2	183080053	1.331618067	85.44965311
chr2	183080067	1.296240717	85.44967176
chr2	183084762	0.6571801501	85.45575761
chr2	183085486	0.6399520627	85.45623341
chr2	183085552	0.6227551879	85.45627564
chr2	183087112	0.5724847012	85.45724714
chr2	183087141	0.5405156092	85.45726374
chr2	183087184	0.529874005	85.45728698
chr2	183087210	0.581367139	85.45730076
chr2	183087980	0.5707231665	85.45774841
chr2	183087984	0.7322691461	85.4577507
chr2	183087998	0.6859050185	85.45776095
chr2	183128769	0.6553421022	85.48572598
chr2	183130054	0.4609583915	85.4865681
chr2	183130062	0.4127827064	85.48657178
chr2	183130065	0.4523286385	85.48657302
chr2	183130093	0.3730869889	85.48658569
chr2	183130477	0.4279903277	85.48672895
chr2	183132513	0.4000951654	85.48760034
chr2	183132560	0.4666437871	85.48761915
chr2	183180270	0.4858814394	85.50988272
chr2	183180308	0.4365658977	85.50990118
chr2	183180378	0.5184203894	85.50993174
chr2	183218052	0.4796179955	85.52946271
chr2	183218089	0.3895084876	85.52948046
chr2	183219336	0.3816984183	85.52996618
chr2	183219353	0.3647403792	85.52997267
chr2	183221164	0.3531801153	85.53063321
chr2	183221887	0.2656147773	85.53088856
chr2	183221919	0.2908159022	85.53089706
chr2	183221947	0.3257899005	85.5309052
chr2	183221984	0.3233659783	85.53091726
chr2	183223993	0.3311878171	85.5315669
chr2	183256629	0.3235652599	85.54237554
chr2	183256678	0.3051853689	85.5423914
chr2	183256724	0.3391038158	85.54240544
chr2	183256730	0.3436656992	85.54240747
chr2	183256739	0.3520604716	85.54241057
chr2	183264422	0.3722447829	85.54511545
chr2	183264432	0.380791125	85.54511917
chr2	183356739	0.4084893575	85.58026885
chr2	183356759	0.383288233	85.58027702
chr2	183356909	0.4691017998	85.58033452
chr2	183356920	0.4802386841	85.58033968
chr2	183357089	0.4838036364	85.58042084
chr2	183357217	0.6674740476	85.58048277
chr2	183357223	0.6947908432	85.58048677
chr2	183357252	0.705934119	85.58050692
chr2	183357320	0.7575545085	85.58055492
chr2	183376847	0.7378947192	85.59534769
chr2	183376913	0.8302952728	85.59539639
chr2	183377671	0.6666251229	85.59602575
chr2	183378586	0.6517706589	85.59663572
chr2	183379225	0.7184809573	85.5970522
chr2	183379263	0.7319581983	85.5970795
chr2	183380542	0.7481699051	85.59801567
chr2	183515292	0.7346245643	85.69883157
chr2	183516632	0.7441086506	85.69981597
chr2	183523297	0.7611647442	85.70477545
chr2	183589760	0.7306217217	85.75536474
chr2	183590151	0.5037821423	85.75565042
chr2	183593078	0.4962148761	85.75712499
chr2	183658433	0.4512883898	85.78955511
chr2	183658437	0.4265612782	85.78955691
chr2	183658461	0.3865070391	85.78956715
chr2	183658485	0.3467297323	85.78957643
chr2	183661529	0.3383349606	85.79063187
chr2	183662043	0.2932547688	85.79080578
chr2	183662200	0.2240900389	85.79085182
chr2	183662379	0.2002825126	85.79089193
chr2	183713994	0.1858328309	85.80122951
chr2	183714077	0.188277606	85.80124494
chr2	183722460	0.2105631343	85.80282327
chr2	183722469	0.2220237905	85.80282516
chr2	183722529	0.2165048981	85.80283848
chr2	183722732	0.2373026241	85.80288243
chr2	183809937	0.2336170599	85.82357641
chr2	183844243	0.2263457107	85.83159088
chr2	183874929	0.2037462821	85.83853652
chr2	183874941	0.1814607536	85.83853897
chr2	183881482	0.9626180141	85.8397259
chr2	183881548	0.9412487459	85.83978943
chr2	183883388	0.942640508	85.84152133
chr2	183885184	0.9699858181	85.84321431
chr2	183885772	0.1778833353	85.84378467
chr2	183886113	0.1629580915	85.84384532
chr2	183886121	0.1391498067	85.84384663
chr2	183886161	0.1704282676	85.84385219
chr2	183886192	0.3556175336	85.84385748
chr2	183886200	0.3850545399	85.84386032
chr2	183886478	0.402832246	85.84396737
chr2	183975567	0.3648113262	85.87985529
chr2	183975576	0.3267942361	85.87985857
chr2	183975578	0.2887779958	85.87985923
chr2	183975700	0.2508267158	85.87989446
chr2	184001602	0.2605942064	85.88639137
chr2	184001624	0.2560323225	85.8863971
chr2	184001637	0.2265953167	85.88640043
chr2	184001902	0.2313706731	85.88646048
chr2	184002080	0.2259146247	85.88650166
chr2	184009451	0.2085589656	85.88816688
chr2	184009884	0.2047888624	85.88825719
chr2	184010088	0.1956613855	85.88829896
chr2	184010134	0.1956941799	85.88830796
chr2	184010191	0.2057089146	85.88831912
chr2	184022451	0.2160981443	85.89084111
chr2	184022506	0.1911695262	85.89085299
chr2	184077524	0.1599265552	85.90137076
chr2	184077616	0.1832180589	85.90138547
chr2	184077623	0.2075567532	85.90138676
chr2	184079315	0.2184136776	85.90173794
chr2	184158307	0.2276590097	85.91899087
chr2	184256771	0.2643090631	85.94140709
chr2	184301703	0.2739493169	85.95328303
chr2	184310291	0.2703843647	85.9556357
chr2	184310364	0.2367200405	85.95565544
chr2	184348999	0.268203015	85.96480112
chr2	184349489	0.1943726379	85.96493254
chr2	184349503	0.1745904124	85.96493526
chr2	184349532	0.1636257376	85.96494032
chr2	184349538	0.1566990784	85.96494131
chr2	184349615	0.1467094274	85.96495337
chr2	184349711	0.3056411729	85.96496746
chr2	184391661	4.53742156	85.9777891
chr2	184392306	4.526564636	85.98071574
chr2	184392464	0.294784248	85.98143094
chr2	184392473	0.1250599218	85.98143359
chr2	184392507	0.1105504443	85.98143784
chr2	184392586	0.1367433654	85.98144658
chr2	184393366	0.1455699024	85.98155324
chr2	184393942	0.1503469168	85.98163708
chr2	184394019	0.257051043	85.98164866
chr2	184394031	0.3679330656	85.98165174
chr2	184394112	0.4807263009	85.98168155
chr2	184394123	0.4896186202	85.98168684
chr2	184394130	0.5016820368	85.98169026
chr2	184471479	0.4577599573	86.02049487
chr2	184471482	0.7255607071	86.02049624
chr2	184471561	0.6961273403	86.02055356
chr2	184475958	1.001933644	86.02361443
chr2	184476083	0.9612361385	86.02373967
chr2	184478463	0.9209893168	86.02602741
chr2	184478646	0.9480069806	86.02619596
chr2	184485760	0.9629442953	86.03294008
chr2	184485791	0.9545613798	86.03296993
chr2	184487070	0.6409210852	86.03419081
chr2	184487113	0.6338005605	86.03421837
chr2	184487115	0.4451830411	86.03421964
chr2	184604419	0.3967226974	86.08644139
chr2	184604420	0.3932043953	86.08644179
chr2	184604422	0.3770538693	86.08644257
chr2	184605307	0.3322201455	86.08677627
chr2	184605314	0.341868632	86.08677859
chr2	184605383	0.3131471926	86.08680218
chr2	184707601	0.2987508206	86.11881146
chr2	184711931	0.2962009585	86.12010505
chr2	184712990	0.3435355664	86.12041873
chr2	184713003	0.2604867179	86.1204232
chr2	184713069	0.3188917172	86.12044039
chr2	184713078	0.3188321636	86.12044326
chr2	184713167	0.3168575228	86.12047163
chr2	184713252	0.4245962226	86.12049857
chr2	184713497	0.3929233995	86.12060259
chr2	184714412	0.3846897054	86.12096212
chr2	184771251	0.3452059319	86.1428275
chr2	184771331	0.2866973548	86.14285511
chr2	184771422	0.3049546437	86.1428812
chr2	184771590	0.2673363234	86.14293243
chr2	184771613	0.277523022	86.14293858
chr2	184771652	0.2873165515	86.14294941
chr2	184771709	0.3259784575	86.14296578
chr2	184772166	0.2682991342	86.14311476
chr2	184772268	0.2816338262	86.14314212
chr2	184772289	0.2999824023	86.14314804
chr2	184772330	0.310186445	86.14316034
chr2	184776264	0.4030075437	86.14438061
chr2	184777182	0.590925189	86.14475057
chr2	184778355	0.5820986519	86.14544372
chr2	184778396	0.5914242051	86.14546759
chr2	184778521	0.6015960842	86.14554152
chr2	184783030	0.5945361859	86.14825412
chr2	184785479	0.5928748218	86.14971013
chr2	184785500	0.6134266388	86.14972259
chr2	184801438	0.7333592592	86.15949938
chr2	184802131	0.779021863	86.1600076
chr2	184950844	0.7848011172	86.27585828
chr2	184950967	1.307509642	86.27595481
chr2	184951311	1.896540628	86.27640459
chr2	184952230	1.918657468	86.27814751
chr2	184957487	1.933782092	86.28823389
chr2	184957504	1.896188081	86.28826677
chr2	184957506	1.874476177	86.28827056
chr2	184957546	1.825171983	86.28834554
chr2	184957645	0.9154055991	86.28852623
chr2	185018435	0.9013736974	86.34417374
chr2	185077601	0.89006243	86.39750441
chr2	185104977	0.8796958326	86.42187076
chr2	185104979	0.869053892	86.42187252
chr2	185104982	1.306971391	86.42187513
chr2	185105167	1.296784479	86.42211692
chr2	185105197	3.311210335	86.42215582
chr2	185105207	3.295488868	86.42218893
chr2	185105248	3.274336723	86.42232405
chr2	185105290	4.902865551	86.42246157
chr2	185105347	4.850823533	86.42274103
chr2	185105648	5.340254565	86.42420113
chr2	185105870	5.331603372	86.42538667
chr2	185105874	5.66475257	86.42540799
chr2	185106041	6.741811096	86.42635401
chr2	185106066	7.264840133	86.42652255
chr2	185106520	7.252121333	86.42982079
chr2	185106731	7.430734718	86.43135099
chr2	185106867	9.625012655	86.43236157
chr2	185106879	10.02649182	86.43247707
chr2	185107134	12.78853399	86.43503382
chr2	185107164	14.68313268	86.43541748
chr2	185109196	12.12556823	86.46525361
chr2	185109207	12.71104715	86.46538699
chr2	185112563	10.44724382	86.50804526
chr2	185112591	8.459854463	86.50833778
chr2	185115011	16.90135141	86.52881063
chr2	185115051	17.12933517	86.52948669
chr2	185115269	17.11928415	86.53322088
chr2	185115343	6.333434399	86.53448771
chr2	185115345	7.390063647	86.53450038
chr2	185115360	6.493163279	86.53461123
chr2	185115439	6.127851271	86.53512419
chr2	185115528	4.970847644	86.53566956
chr2	185115681	6.454449466	86.5364301
chr2	185116855	6.093798419	86.54400763
chr2	185117538	9.418768723	86.54816969
chr2	185117794	9.408819027	86.5505809
chr2	185118560	6.083848717	86.55778805
chr2	185118561	4.460677356	86.55779414
chr2	185118628	3.297806239	86.558093
chr2	185118681	3.195234696	86.55826779
chr2	185125573	2.540108909	86.58028934
chr2	185125601	2.208843589	86.58036047
chr2	185125662	1.36291676	86.58049521
chr2	185125676	1.352436434	86.58051429
chr2	185125756	1.173823051	86.58062248
chr2	185125757	1.001078188	86.58062366
chr2	185125956	1.210579718	86.58082287
chr2	185125962	1.080180311	86.58083013
chr2	185125963	0.7596936944	86.58083121
chr2	185125993	1.39194121	86.580854
chr2	185126010	1.393901308	86.58087767
chr2	185126039	1.396131899	86.58091809
chr2	185126077	1.607984745	86.58097114
chr2	185141995	1.478953893	86.60656704
chr2	185142117	0.6348535309	86.60674748
chr2	185142784	0.6752093383	86.60717092
chr2	185142942	0.4853115509	86.60727761
chr2	185142966	0.3310936964	86.60728925
chr2	185143107	0.2608752086	86.60733594
chr2	185383872	0.2515595819	86.67014556
chr2	185383902	0.2374664007	86.67015311
chr2	185383917	0.2233634517	86.67015667
chr2	185402541	0.2396082512	86.67431659
chr2	185468499	0.2291754555	86.69012067
chr2	185468500	0.683845883	86.6901209
chr2	185468501	0.6734027909	86.69012158
chr2	185475210	0.6518607693	86.69463944
chr2	185475217	0.6568527411	86.694644
chr2	185475483	0.6657446412	86.69481873
chr2	185475806	0.3947184581	86.69503376
chr2	185475816	0.4080718567	86.69503771
chr2	185476311	0.4219473964	86.69523971
chr2	185476864	0.4117659781	86.69547304
chr2	185476886	0.3912673601	86.6954821
chr2	185569352	0.6597241268	86.73166103
chr2	185569365	0.6747900438	86.73166961
chr2	185569397	0.7546668631	86.7316912
chr2	185574553	0.7799460082	86.73558226
chr2	185608522	0.8057552306	86.76207625
chr2	185608739	0.8194852566	86.7622511
chr2	185608858	1.904106913	86.76234861
chr2	185608966	4.286546368	86.76255426
chr2	185609899	6.188866312	86.76655361
chr2	185610702	6.202541168	86.77152327
chr2	185611667	4.937733644	86.77750872
chr2	185611711	3.062391674	86.77772598
chr2	185611723	3.04992016	86.77776273
chr2	185611939	1.827049849	86.77842151
chr2	185611991	0.6627330858	86.77851652
chr2	185719161	0.6487694539	86.84954162
chr2	185720055	0.6353233637	86.85012162
chr2	185720063	0.6214112972	86.8501267
chr2	185721044	0.6143892408	86.85073631
chr2	185721211	0.6124091894	86.85083891
chr2	185721223	0.6146731754	86.85084626
chr2	185721311	0.6249213698	86.85090035
chr2	185721312	0.6379562848	86.85090098
chr2	185721327	0.6377149193	86.85091055
chr2	185726245	0.6428788347	86.85404683
chr2	185729780	0.6387086596	86.8563194
chr2	185730292	0.6347163684	86.85664642
chr2	185730344	0.6256920916	86.85667943
chr2	185730399	0.6199073985	86.85671384
chr2	185857642	0.5427850548	86.93559272
chr2	185857651	0.5218558281	86.9355976
chr2	185859103	0.5283231768	86.93635534
chr2	185859196	0.5373222055	86.93640447
chr2	185861308	0.5419940655	86.9375393
chr2	185871848	0.5161848431	86.94325191
chr2	185872016	0.5215311778	86.94333863
chr2	186011573	0.5614825103	87.01612196
chr2	186011604	0.5953955627	87.01613937
chr2	186011632	0.5918287371	87.01615604
chr2	186011633	0.5945996683	87.01615663
chr2	186088136	0.5960819555	87.06164529
chr2	186088216	0.6122867044	87.06169297
chr2	186093286	0.6760213751	87.06479727
chr2	186093296	0.6887028263	87.06480403
chr2	186093298	0.6886771986	87.0648054
chr2	186096946	0.7005029152	87.0673177
chr2	186103730	0.7567139351	87.07206991
chr2	186103749	0.7944457815	87.07208429
chr2	186103776	0.7836232275	87.07210574
chr2	186153139	0.6666136064	87.11078773
chr2	186153178	0.660793174	87.11081373
chr2	186153320	0.6754864747	87.11090756
chr2	186153607	0.7066086835	87.11110143
chr2	186153689	0.7134673089	87.11115937
chr2	186155888	0.7232063018	87.11272828
chr2	186155934	0.7457941305	87.11276155
chr2	186156070	0.7561141427	87.11286298
chr2	186171823	0.7548550495	87.12477405
chr2	186379129	0.7496892973	87.28126003
chr2	186379182	1.36192075	87.28129976
chr2	186379611	1.349603412	87.28188402
chr2	186380154	1.370907397	87.28261686
chr2	186384272	1.253384495	87.28826226
chr2	186384296	1.212152892	87.28829234
chr2	186384362	1.13235181	87.28837234
chr2	186384375	1.102592426	87.28838706
chr2	186384521	1.087726665	87.28854804
chr2	186384530	0.4469355209	87.28855783
chr2	186384590	0.4260570911	87.28858464
chr2	186385243	0.4528027802	87.28886286
chr2	186385244	0.5901091406	87.28886331
chr2	186503450	5.598391603	87.35861775
chr2	186504722	5.566317304	87.36573891
chr2	186504761	5.561980413	87.36595599
chr2	186504789	5.609362657	87.36611173
chr2	186504807	0.5569134132	87.3662127
chr2	186504809	0.5245709099	87.36621381
chr2	186507614	0.4790226397	87.36768523
chr2	186507720	0.4709238569	87.36773601
chr2	186509756	0.4807288588	87.36869481
chr2	186509768	0.5050630209	87.36870058
chr2	186509813	0.5109843229	87.36872331
chr2	186509944	0.5577483161	87.36879024
chr2	186510475	0.6501485011	87.36908641
chr2	186512256	0.6713893917	87.37024432
chr2	186512296	0.6557464816	87.37027118
chr2	186649030	0.6470284717	87.45993402
chr2	186649141	0.6105129481	87.46000584
chr2	186649154	0.5869745586	87.46001378
chr2	186649181	0.5956801326	87.46002962
chr2	186649203	3.586982642	87.46004273
chr2	186649231	3.563456799	87.46014316
chr2	186649242	3.54527035	87.46018236
chr2	186649249	3.532398929	87.46020718
chr2	186649391	3.548549227	87.46070878
chr2	186649412	3.511351586	87.4607833
chr2	186649456	3.496294321	87.4609378
chr2	186649484	3.523646578	87.4610357
chr2	186649818	3.511584615	87.46221259
chr2	186649823	3.490927431	87.46223015
chr2	186649845	3.50738473	87.46230695
chr2	186650085	3.450903488	87.46314872
chr2	186650102	3.450017083	87.46320739
chr2	186650174	3.425371239	87.46345579
chr2	186650339	0.4508664896	87.46402098
chr2	186651009	0.4226849989	87.46432306
chr2	186651572	0.4339599366	87.46456103
chr2	186652022	0.4454881701	87.46475631
chr2	186652035	0.5404881563	87.4647621
chr2	186652040	0.6403416424	87.4647648
chr2	186703822	0.6846193912	87.49792298
chr2	186712350	0.7218059361	87.50376141
chr2	186852635	0.6653864312	87.60501996
chr2	186852644	0.6556171435	87.60502594
chr2	186852682	0.6357571192	87.60505086
chr2	186856326	0.6094948173	87.60736756
chr2	186856342	0.5928619913	87.60737731
chr2	186859658	0.5451060893	87.60934324
chr2	186859676	0.5534149781	87.60935305
chr2	186859740	0.5652384753	87.60938847
chr2	186859743	0.6538176065	87.60939016
chr2	186859797	0.6418244519	87.60942547
chr2	186860153	0.72076509	87.60965396
chr2	186860166	0.7591714706	87.60966333
chr2	186860174	0.7752313563	87.6096694
chr2	186881692	0.7836100037	87.62635083
chr2	186893265	0.7656725785	87.63541955
chr2	186931593	0.7536014485	87.66476625
chr2	186946787	1.244703241	87.67621647
chr2	186946943	1.231643086	87.67641064
chr2	186948106	1.193223679	87.67784304
chr2	186948412	1.146163255	87.67820817
chr2	186948644	1.096385309	87.67847408
chr2	186948683	1.879625955	87.67851684
chr2	186951146	1.87686311	87.68314636
chr2	186951254	1.899925427	87.68334906
chr2	186952959	1.077559205	87.68658843
chr2	186953016	1.100422026	87.68664985
chr2	186953027	1.084143989	87.68666196
chr2	186953028	0.9888833306	87.68666304
chr2	186953037	0.4437369988	87.68667194
chr2	187049878	0.4779417158	87.72964388
chr2	187049881	0.5065751806	87.72964531
chr2	187185429	0.4856814189	87.79831056
chr2	187185462	0.5181176762	87.79832659
chr2	187221213	0.4687330374	87.81684982
chr2	187221410	0.507695907	87.81694216
chr2	187221415	0.4950346867	87.81694469
chr2	187221428	0.4856394398	87.81695113
chr2	187221438	0.421543325	87.81695599
chr2	187221448	0.4158491989	87.8169602
chr2	187221664	0.4755347033	87.81705003
chr2	187222083	0.5287992714	87.81724927
chr2	187268650	0.5204903822	87.84187387
chr2	187285880	0.416224274	87.85084192
chr2	187286045	0.4060205991	87.8509106
chr2	187286409	0.3958298069	87.85105839
chr2	187287234	0.3888795921	87.85138495
chr2	187287251	0.3420533389	87.85139156
chr2	187287261	0.3334716355	87.85139498
chr2	187288721	0.3417762287	87.85188185
chr2	187288722	0.3389085966	87.85188219
chr2	187288773	0.3565617874	87.85189947
chr2	187288878	0.4034464393	87.85193691
chr2	187290009	0.4582958368	87.85239321
chr2	187290011	0.4676717674	87.85239413
chr2	187290225	0.6740092519	87.85249421
chr2	187361972	1.080974557	87.90085235
chr2	187377309	0.7654171451	87.91743126
chr2	187377670	0.7892845351	87.91770757
chr2	187379412	0.6959257572	87.91908251
chr2	187379933	0.6669763173	87.91944508
chr2	187380935	0.6432161179	87.92011339
chr2	187380966	0.4852584898	87.92013333
chr2	187381118	0.4490636147	87.92020709
chr2	187382259	0.677809994	87.92071947
chr2	187652262	0.7055200013	88.10373021
chr2	187652295	0.6961695316	88.10375349
chr2	187652428	0.6618157241	88.10384608
chr2	187652441	0.6273468224	88.10385468
chr2	187652460	0.6099121645	88.1038666
chr2	187652487	1.617149368	88.10388307
chr2	187652557	1.737736744	88.10399627
chr2	187652665	1.740278489	88.10418395
chr2	187652759	1.732395958	88.10434753
chr2	187652980	1.718506359	88.10473039
chr2	187652991	1.70595476	88.1047493
chr2	187653284	1.681009037	88.10524914
chr2	187653355	1.671688446	88.10536849
chr2	187653375	1.747526181	88.10540193
chr2	187653387	1.916487314	88.1054229
chr2	187662420	1.489937194	88.12273453
chr2	187662451	1.251738457	88.12278071
chr2	187662964	1.230552813	88.12342286
chr2	187662972	1.204759939	88.1234327
chr2	187663689	1.221255435	88.12429651
chr2	187665882	1.212280445	88.12697473
chr2	187666080	1.211590609	88.12721476
chr2	187666644	1.314237328	88.12789809
chr2	187666692	1.805650149	88.12796118
chr2	187667352	1.842566169	88.12915291
chr2	187672110	1.487281575	88.13791984
chr2	187672200	1.610719392	88.13805369
chr2	187672303	1.725732026	88.1382196
chr2	187673192	1.599429142	88.13975377
chr2	187673607	1.264628695	88.14041754
chr2	187678499	1.155865011	88.1466041
chr2	187678568	1.197878829	88.14668385
chr2	187696451	1.152181665	88.16810552
chr2	187699719	1.022045343	88.17187085
chr2	187699729	0.7587635508	88.17188107
chr2	187699749	0.6378819859	88.17189625
chr2	187759092	0.4923315318	88.20975008
chr2	187759283	0.5222298289	88.20984411
chr2	187759402	0.5025850212	88.20990626
chr2	187759434	0.438408559	88.20992234
chr2	187759449	0.3394938752	88.20992892
chr2	187759700	0.2607732625	88.21001413
chr2	187759735	0.2734642259	88.21002326
chr2	187759931	0.234099511	88.21007686
chr2	187788868	0.2718652584	88.21685099
chr2	187790922	0.2963139684	88.2174094
chr2	187908389	0.2677893199	88.25221652
chr2	187921402	0.2998183472	88.25570126
chr2	187921456	0.3318645915	88.25571745
chr2	187924989	0.3673630657	88.25688993
chr2	187964385	0.3884153314	88.27136256
chr2	188004717	0.4085163633	88.28702813
chr2	188027494	0.3637791555	88.29633291
chr2	188027497	0.3425263152	88.296334
chr2	188152829	0.317292581	88.33926351
chr2	188152903	0.4115007091	88.33928699
chr2	188152926	0.4472890375	88.33929645
chr2	188226422	0.4474746086	88.37217041
chr2	188231335	0.4702390882	88.37436885
chr2	188231739	0.3840317806	88.37455883
chr2	188232855	0.3776575893	88.3749874
chr2	188237328	0.4073888036	88.37667667
chr2	188237330	0.4236880106	88.37667748
chr2	188243415	0.4659918957	88.37925562
chr2	188243419	0.5001775221	88.37925749
chr2	188245852	0.4881046346	88.38047442
chr2	188245858	0.5753931222	88.38047735
chr2	188250622	0.5550284367	88.38321852
chr2	188342821	0.3656802505	88.43439159
chr2	188342822	0.363589162	88.43439195
chr2	188342833	0.4205747413	88.43439595
chr2	188343665	0.4567488656	88.43474587
chr2	188343678	0.472275957	88.43475181
chr2	188343682	0.4375388821	88.4347537
chr2	188377027	0.5642434065	88.44934343
chr2	188377979	0.6234064944	88.44988059
chr2	188382502	0.6690832729	88.45270026
chr2	188382505	0.6770393938	88.45270227
chr2	188429399	0.6863006844	88.48445135
chr2	188431612	0.5537436636	88.48597013
chr2	188431690	0.4224944464	88.48601333
chr2	188432791	0.4136649566	88.48647849
chr2	188433543	0.562469555	88.48678957
chr2	188434209	0.7542356189	88.48716417
chr2	188438646	0.7632244435	88.49051072
chr2	188439971	0.8155266548	88.49152199
chr2	188440034	1.029390804	88.49157337
chr2	188440046	1.720282684	88.49158572
chr2	188440727	1.861541025	88.49275723
chr2	188445335	1.886783741	88.50133521
chr2	188556952	5.986135499	88.71193236
chr2	188556969	5.967250971	88.71203412
chr2	188557080	5.939744073	88.71269648
chr2	188557461	5.852920764	88.71495953
chr2	188557472	5.767455284	88.71502391
chr2	188557501	5.721212948	88.71519117
chr2	188557601	5.634087721	88.71576329
chr2	188557837	5.43606513	88.71709293
chr2	188557843	6.114215846	88.71712555
chr2	188557874	6.104585511	88.71731509
chr2	188557892	14.50130978	88.71742497
chr2	188557899	11.8782061	88.71752648
chr2	188557915	13.36353355	88.71771653
chr2	188557935	13.97694753	88.7179838
chr2	188558153	13.94817891	88.72103078
chr2	188558208	15.2440157	88.72179793
chr2	188558294	6.812667111	88.72310891
chr2	188558340	8.399090851	88.72342229
chr2	188559980	8.380517122	88.7371968
chr2	188559985	8.388738186	88.73723871
chr2	188562461	6.980567019	88.75800922
chr2	188562481	6.233070395	88.75814883
chr2	188562512	5.493866642	88.75834206
chr2	188562529	9.938052171	88.75843545
chr2	188562624	6.79432893	88.75937957
chr2	188563277	2.223659786	88.76381627
chr2	188563301	1.544452715	88.76386963
chr2	188563303	1.516900094	88.76387272
chr2	188563389	1.059375958	88.76400318
chr2	188565459	1.082100383	88.76619608
chr2	188565465	1.099979672	88.76620258
chr2	188565482	1.132283154	88.76622128
chr2	188567283	1.205705992	88.76826052
chr2	188567303	1.518117731	88.76828463
chr2	188567740	1.481564642	88.76894805
chr2	188589132	1.513415345	88.80064168
chr2	188589254	1.223880524	88.80082632
chr2	188589347	1.260331608	88.80094014
chr2	188589349	1.276273174	88.80094266
chr2	188662128	1.260972807	88.89382854
chr2	188714989	1.215234889	88.96048483
chr2	188714995	1.226201637	88.96049212
chr2	188715007	1.238013783	88.96050683
chr2	188715017	1.17873578	88.96051921
chr2	188715037	1.233738887	88.96054279
chr2	188742743	1.214592388	88.99472476
chr2	188742752	1.247341112	88.99473569
chr2	188744949	1.243033403	88.9974761
chr2	188744988	1.198632112	88.99752458
chr2	188745032	1.257752465	88.99757732
chr2	188802510	1.012934978	89.06987041
chr2	188802513	1.02374395	89.06987345
chr2	188802750	1.041254886	89.07011608
chr2	188803456	1.026865402	89.0708512
chr2	188803472	0.9455093944	89.07086763
chr2	188804441	0.9597063585	89.07178383
chr2	188920014	3.105439839	89.18269998
chr2	188920383	3.105193406	89.18384588
chr2	188920390	6.401182619	89.18386762
chr2	188920418	6.343542431	89.18404685
chr2	188921418	3.543374757	89.19039039
chr2	188921423	3.514798237	89.19040811
chr2	188921433	1.258398122	89.19044326
chr2	188921435	1.248168402	89.19044578
chr2	188921455	1.312559656	89.19047074
chr2	188973268	1.304226907	89.25847839
chr2	188973278	1.313223549	89.25849144
chr2	188973279	1.260268054	89.25849275
chr2	188973328	1.121123481	89.2585545
chr2	188973346	1.104385748	89.25857468
chr2	188973923	0.9967211784	89.25921191
chr2	188973973	0.9320443673	89.25926175
chr2	188974092	0.847727105	89.25937266
chr2	188974120	1.099450366	89.2593964
chr2	188974129	1.506410803	89.25940629
chr2	188974140	1.441938919	89.25942286
chr2	188974168	1.485068941	89.25946324
chr2	188974183	1.505387217	89.25948551
chr2	188974228	1.468965287	89.25955326
chr2	188982479	2.86223316	89.27167369
chr2	188982482	3.390679198	89.27168228
chr2	188982513	3.626667586	89.27178739
chr2	188983244	3.614214803	89.27443848
chr2	188985569	3.603941737	89.28284153
chr2	188988075	3.552962551	89.29187301
chr2	188989076	3.492669714	89.29542952
chr2	188989123	3.486481774	89.29559368
chr2	188989177	2.884931139	89.29578195
chr2	188989589	2.858023532	89.29697054
chr2	188994567	2.576908405	89.31119778
chr2	188996633	2.638982456	89.31652168
chr2	188996636	2.158920343	89.31652959
chr2	188996686	2.169446147	89.31663754
chr2	188996790	2.008680131	89.31686316
chr2	188996807	1.25374644	89.31689731
chr2	188996809	1.10397696	89.31689982
chr2	188996899	1.085023607	89.31699917
chr2	188999039	1.180438889	89.31932112
chr2	188999057	1.263176578	89.31934237
chr2	188999067	1.34584181	89.319355
chr2	188999107	1.441393859	89.31940884
chr2	188999124	1.50252446	89.31943334
chr2	189040128	1.419786771	89.38104285
chr2	189040174	12.01628226	89.38110816
chr2	189040212	12.02049582	89.38156478
chr2	189040780	5.876662584	89.38839242
chr2	189040835	5.733539001	89.38871564
chr2	189040918	1.166173881	89.38919152
chr2	189040920	1.619014984	89.38919386
chr2	189041212	1.641124441	89.38966661
chr2	189048424	1.24428239	89.4015024
chr2	189048853	1.261906486	89.4020362
chr2	189051376	1.197906202	89.40521999
chr2	189051572	1.184262533	89.40545478
chr2	189051576	0.9487262151	89.40545951
chr2	189051780	1.213250422	89.40565305
chr2	189051821	0.9790727856	89.4057028
chr2	189052729	0.9912399535	89.40659179
chr2	189107587	0.9240365739	89.46096924
chr2	189108426	0.9793598185	89.4617445
chr2	189108529	0.8979203025	89.46184538
chr2	189109272	0.8888453783	89.46251253
chr2	189169531	0.8950341157	89.51607346
chr2	189169724	0.9156193531	89.51624621
chr2	189169849	0.7229645647	89.51636066
chr2	189169851	0.7244048987	89.5163621
chr2	189169865	0.695628004	89.51637225
chr2	189170047	0.7481005125	89.51649885
chr2	189170128	0.769232046	89.51655945
chr2	189170216	0.840350524	89.51662714
chr2	189170239	0.8367576724	89.51664647
chr2	189170295	0.8080851867	89.51669333
chr2	189200271	0.8805375048	89.54091649
chr2	189238216	0.830565157	89.57432848
chr2	189239645	0.7819657427	89.57551536
chr2	189239888	0.8388952057	89.57570538
chr2	189241664	0.7056087141	89.57719526
chr2	189241706	0.8229766583	89.57722489
chr2	189299567	0.7188137865	89.62484314
chr2	189299578	0.5529903996	89.62485105
chr2	189305659	0.5278972092	89.62821379
chr2	189305662	0.7667354264	89.62821537
chr2	189330913	0.7195783667	89.64757621
chr2	189330915	0.3408514485	89.64757764
chr2	189330936	1.066609271	89.6475848
chr2	189331094	1.469826799	89.64775333
chr2	189332015	1.462889055	89.64910704
chr2	189332775	1.452515817	89.65021883
chr2	189333027	1.501803404	89.65058487
chr2	189333038	1.486667621	89.65060139
chr2	189339766	1.084842397	89.66060369
chr2	189339840	0.7032027238	89.66068396
chr2	189339866	0.3840305848	89.66070225
chr2	189396641	0.8467724264	89.68250558
chr2	189396645	1.143458193	89.68250897
chr2	189402704	0.582989836	89.68943718
chr2	189403172	0.6059016485	89.68971002
chr2	189403192	0.6153334292	89.68972214
chr2	189406395	0.3198762492	89.69169306
chr2	189406457	0.366737816	89.69171289
chr2	189406475	0.4632827376	89.69171949
chr2	189530782	0.4902241445	89.74930878
chr2	189551485	0.2904291732	89.75945789
chr2	189554465	0.3570736307	89.76032337
chr2	189556103	0.4071654753	89.76090825
chr2	189556109	0.4408759761	89.7609107
chr2	189615468	0.4360020024	89.78708065
chr2	189632041	0.3866154579	89.79430651
chr2	189632045	0.7386931186	89.79430806
chr2	189655087	0.7230137987	89.81132903
chr2	189655540	0.7308297545	89.81165655
chr2	189656005	0.6206260659	89.81199639
chr2	189656912	0.7882319163	89.8125593
chr2	189763109	0.7562336521	89.89626716
chr2	189763124	0.6602524171	89.8962785
chr2	189763469	0.5175380835	89.89650629
chr2	189763476	0.412442111	89.89650991
chr2	189763516	0.5185427369	89.89652641
chr2	189763949	0.5177105852	89.89675094
chr2	189817854	0.5248148067	89.92465813
chr2	189818025	0.5422421716	89.92474787
chr2	189818247	0.4619048719	89.92486825
chr2	189821591	0.3648301566	89.92641286
chr2	189823669	0.4152931705	89.92717098
chr2	189823903	0.4775035883	89.92726816
chr2	189823964	0.4695514781	89.92729728
chr2	189824007	0.5334559377	89.92731747
chr2	189824029	0.3783095685	89.92732921
chr2	189868921	0.3622813826	89.94431228
chr2	189868998	0.5498453489	89.94434018
chr2	189877182	0.4859408891	89.94884011
chr2	189877534	0.7539794371	89.94901117
chr2	189878484	0.7401907729	89.94972745
chr2	189878498	0.7620070152	89.94973781
chr2	189878526	0.6997965974	89.94975914
chr2	189879205	0.7206886252	89.95023431
chr2	189879702	0.746354763	89.95059249
chr2	189880194	0.7788325895	89.9509597
chr2	189885715	0.776273379	89.95525963
chr2	189885892	0.7949263284	89.95539703
chr2	189885901	0.5010789362	89.95540418
chr2	189885954	0.3543479653	89.95543074
chr2	189943749	0.3921994791	89.97591028
chr2	189963610	0.4120700132	89.98369976
chr2	189963657	0.4446168698	89.98371912
chr2	189968897	0.4651078375	89.98604892
chr2	189968959	0.4993959122	89.98607775
chr2	189969006	0.5275283708	89.98610122
chr2	190012074	0.5005961458	90.00882082
chr2	190012099	0.4749300075	90.00883333
chr2	190012109	0.4479939394	90.00883808
chr2	190012121	0.4210717433	90.00884346
chr2	190012323	0.4487635717	90.00892851
chr2	190013029	0.422022516	90.00924534
chr2	190033509	0.4819318908	90.01788836
chr2	190033524	0.4210614731	90.01789559
chr2	190034259	0.4101326659	90.01820507
chr2	190068064	0.3065558438	90.0320696
chr2	190068068	0.3389602092	90.03207083
chr2	190068215	0.5246701037	90.03212066
chr2	190086513	0.3389602092	90.04172107
chr2	190086582	0.3520455522	90.04174446
chr2	190087809	2.196147523	90.04217642
chr2	190089701	2.287094075	90.04633153
chr2	190089796	2.258961615	90.0465488
chr2	190089801	2.282065974	90.0465601
chr2	190089808	2.410166387	90.04657607
chr2	190089857	2.474129788	90.04669417
chr2	190089868	2.549948519	90.04672139
chr2	190089869	2.691867982	90.04672394
chr2	190089896	1.063636237	90.04679662
chr2	190090210	1.412681537	90.0471306
chr2	190090216	1.481933399	90.04713908
chr2	190090225	1.581256868	90.04715241
chr2	190090226	1.680857402	90.04715399
chr2	190090230	1.791751093	90.04716072
chr2	190090246	2.085236474	90.04718939
chr2	190090247	2.161701817	90.04719147
chr2	190090307	3.114172295	90.04732117
chr2	190113813	2.97225283	90.12052291
chr2	190113833	4.085921679	90.12058235
chr2	190116327	2.90913397	90.13077264
chr2	190116335	2.963755901	90.13079591
chr2	190116578	3.029788183	90.13151611
chr2	190130990	3.038908815	90.17518141
chr2	190132118	4.360620076	90.1786093
chr2	190132313	4.185299285	90.17945962
chr2	190134623	4.413246856	90.18912767
chr2	190134687	4.182477433	90.18941011
chr2	190134689	3.407351283	90.18941848
chr2	190134732	6.09200868	90.18956499
chr2	190134818	6.058216382	90.19008891
chr2	190134830	6.592249554	90.19016161
chr2	190134956	6.613431405	90.19099223
chr2	190135035	7.794051567	90.19151469
chr2	190135195	8.523105343	90.19276174
chr2	190135229	8.877381156	90.19305152
chr2	190135286	8.888997904	90.19355753
chr2	190137796	10.03472456	90.21586892
chr2	190139285	9.202707343	90.23081062
chr2	190139736	12.40545913	90.23496105
chr2	190139778	11.66417285	90.23548207
chr2	190139856	10.9701433	90.23639188
chr2	190140008	10.78778907	90.23805934
chr2	190140105	9.379943464	90.23910576
chr2	190140364	9.415152031	90.24153516
chr2	190140433	16.89276857	90.24218481
chr2	190140797	4.354523231	90.24833378
chr2	190140906	3.524036822	90.24880842
chr2	190140958	4.089937669	90.24899167
chr2	190141114	6.255724572	90.2496297
chr2	190141529	6.995411043	90.25222583
chr2	190142651	7.027288595	90.26007468
chr2	190142683	4.873571964	90.26029955
chr2	190142973	4.831345945	90.26171289
chr2	190142980	4.843276164	90.2617467
chr2	190142983	4.36746939	90.26176123
chr2	190143111	3.961917457	90.26232027
chr2	190145160	3.973940028	90.27043824
chr2	190145364	4.011072266	90.27124892
chr2	190145419	3.687100696	90.27146953
chr2	190145503	3.709773117	90.27177925
chr2	190145518	3.735554758	90.2718349
chr2	190146095	3.074055897	90.27399031
chr2	190146101	2.569373048	90.27400875
chr2	190146123	1.391653509	90.27406528
chr2	190161839	1.232907379	90.29593651
chr2	190236154	1.230353899	90.38756002
chr2	190236164	1.15006369	90.38757232
chr2	190236878	1.07772118	90.38839347
chr2	190236932	1.054933819	90.38845167
chr2	190295382	1.161086642	90.45011255
chr2	190295397	1.138322331	90.45012996
chr2	190295428	1.10771073	90.45016525
chr2	190296178	1.132877963	90.45099603
chr2	190296518	1.158761102	90.45138121
chr2	190298601	1.169346746	90.45379491
chr2	190301144	1.147426363	90.45676856
chr2	190301214	1.356956219	90.45684888
chr2	190301217	1.385726779	90.45685295
chr2	190344155	1.411360956	90.51635329
chr2	190346261	1.333910753	90.51932561
chr2	190346270	1.278016242	90.51933762
chr2	190346271	1.283045115	90.5193389
chr2	190346363	1.58339337	90.51945694
chr2	190346411	1.589037593	90.51953294
chr2	190358897	1.297975713	90.53937366
chr2	190358942	1.401483031	90.53943207
chr2	190359404	1.426122799	90.54007956
chr2	190419328	1.1183287	90.62553854
chr2	190424204	1.091950289	90.63099151
chr2	190424211	1.0393365	90.63099916
chr2	190424301	1.027605821	90.6310927
chr2	190427805	1.155948675	90.63469343
chr2	190427813	1.294342261	90.63470267
chr2	190427855	1.34455311	90.63475704
chr2	190427922	1.302935498	90.63484712
chr2	190430367	1.355004384	90.6380328
chr2	190495516	1.964316414	90.72630998
chr2	190495532	1.914105564	90.72634141
chr2	190495574	1.904477063	90.7264218
chr2	190495629	6.178736085	90.72652655
chr2	190497316	6.154096317	90.73695007
chr2	190500783	3.422960664	90.75828633
chr2	190502724	1.664144079	90.76493029
chr2	190502729	1.654615602	90.76493861
chr2	190502730	1.625186687	90.76494027
chr2	190502882	1.752686299	90.7651873
chr2	190502929	9.897642968	90.76526967
chr2	190502943	9.881271301	90.76540824
chr2	190502952	9.871766948	90.76549717
chr2	190502975	9.85008199	90.76572422
chr2	190503345	19.26345242	90.76936875
chr2	190503540	2.231928268	90.77312513
chr2	190503565	1.630047599	90.77318092
chr2	190504102	1.613766842	90.77405626
chr2	190504900	1.598278182	90.77534405
chr2	190506774	1.566006727	90.77833922
chr2	190512618	1.603660691	90.78749096
chr2	190528992	1.585064396	90.8137493
chr2	190529160	1.438692251	90.81401559
chr2	190529283	0.7249920353	90.81419255
chr2	190529408	7.206725618	90.81428318
chr2	190529508	7.198120278	90.81500385
chr2	190529534	6.951803694	90.815191
chr2	190529811	7.013547946	90.81711665
chr2	190529918	0.5464914735	90.8178671
chr2	190555812	0.4234609037	90.83201795
chr2	190555911	0.4782804924	90.83205987
chr2	190556127	0.883539949	90.83216318
chr2	190556625	0.8840295816	90.83260318
chr2	190556814	0.9217724119	90.83277027
chr2	190557565	0.7348119972	90.83346252
chr2	190557747	0.7960152739	90.83359625
chr2	190557829	0.8055913532	90.83366153
chr2	190602820	0.7589791938	90.86990589
chr2	190602864	0.776932714	90.86993928
chr2	190695794	0.7649585819	90.94213964
chr2	190695968	0.7405387329	90.94227274
chr2	190697090	0.7044752298	90.94310363
chr2	190697517	0.6804782267	90.94340444
chr2	190697529	0.6564466028	90.9434126
chr2	190697953	0.6712761633	90.94369094
chr2	190699733	0.7009722189	90.94488581
chr2	190699757	0.6770434839	90.94490263
chr2	190699778	0.7127163997	90.94491685
chr2	190699784	0.6890620033	90.94492112
chr2	190699912	0.6538417051	90.94500932
chr2	190713004	0.7443317036	90.95356942
chr2	190713278	0.7135555371	90.95377337
chr2	190717870	1.659625797	90.95705001
chr2	190717876	1.649211795	90.95705997
chr2	190717941	1.755878914	90.95716717
chr2	190717981	1.792139835	90.95723741
chr2	190721097	1.828916817	90.96282171
chr2	190721117	1.939010558	90.96285829
chr2	190721126	1.975188863	90.96287574
chr2	190721207	2.017463095	90.96303573
chr2	190721382	1.085394562	90.96338879
chr2	190758243	1.148759216	91.00339752
chr2	190811694	1.068838774	91.06479985
chr2	190811871	2.074167652	91.06498903
chr2	190812332	2.03816719	91.06594522
chr2	190812353	1.975675104	91.06598802
chr2	190812509	6.88943991	91.06629623
chr2	190813159	6.906655875	91.07077437
chr2	190813195	3.741302469	91.07102301
chr2	190813495	5.209569848	91.0721454
chr2	190814163	5.213056927	91.07562539
chr2	190814770	5.176772776	91.07878971
chr2	190814848	4.023404945	91.0791935
chr2	190814865	4.016153209	91.0792619
chr2	190815020	2.191917916	91.0798844
chr2	190815053	2.195195282	91.07995674
chr2	190815747	1.003430047	91.0814802
chr2	190815812	1.088563581	91.08154543
chr2	190815818	1.053868357	91.08155196
chr2	190819728	1.038198999	91.08567258
chr2	190820125	1.03324141	91.08608475
chr2	190820169	1.268542196	91.08613021
chr2	190838558	1.291317342	91.10945743
chr2	190841435	1.348196301	91.11317255
chr2	190862889	1.40616932	91.14209676
chr2	190863052	1.495577051	91.14232596
chr2	190901059	1.832076726	91.19916836
chr2	190901161	1.734538204	91.19935523
chr2	190901178	1.51400398	91.19938472
chr2	190904906	1.921771204	91.20502892
chr2	190904911	1.863156174	91.20503853
chr2	190904961	3.421461012	91.20513169
chr2	190904993	3.384322281	91.20524118
chr2	190905041	3.346574204	91.20540363
chr2	190905821	3.922711622	91.20801395
chr2	190907794	4.30609829	91.21575346
chr2	190907809	5.057782379	91.21581805
chr2	190907812	3.865877915	91.21583323
chr2	190907813	3.798595098	91.21583709
chr2	190907870	3.993203736	91.21605361
chr2	190907884	4.677756445	91.21610952
chr2	190911542	4.642652085	91.23322075
chr2	190911621	3.754719069	91.23358752
chr2	190912684	3.048092805	91.23757879
chr2	190912838	3.091155209	91.23804819
chr2	190912848	2.4066025	91.23807911
chr2	190912854	2.439969227	91.23809354
chr2	190912857	3.159909829	91.23810086
chr2	190912951	2.747582516	91.2383979
chr2	190912975	3.466114997	91.23846384
chr2	190913042	3.516218499	91.23869607
chr2	190913072	3.896853182	91.23880155
chr2	190913078	4.583619482	91.23882494
chr2	190913082	5.295577012	91.23884327
chr2	190913155	6.360087929	91.23922985
chr2	190913173	6.791882256	91.23934433
chr2	190913295	6.397124413	91.24017294
chr2	190913314	6.516566767	91.24029448
chr2	190913362	6.487352366	91.24060728
chr2	190918026	4.415641538	91.27086429
chr2	190918036	4.481026457	91.27090845
chr2	190922297	3.253626197	91.2900021
chr2	190922417	2.788975353	91.29039254
chr2	190922432	2.402009481	91.29043437
chr2	190922435	2.11172759	91.29044158
chr2	190970007	1.360671818	91.39090068
chr2	190970024	1.300770892	91.39092381
chr2	190970034	4.079282462	91.39093682
chr2	190970140	4.555016654	91.39136922
chr2	190970148	6.841014592	91.39140566
chr2	190970422	11.4114191	91.3932801
chr2	190970434	11.4032073	91.39341704
chr2	190970436	11.35135136	91.39343985
chr2	190971224	17.90949235	91.40238471
chr2	190971257	11.02056434	91.40297572
chr2	190971334	11.03073884	91.40382431
chr2	190971357	11.05215639	91.40407801
chr2	190971653	8.794269581	91.40734945
chr2	190971672	8.804363535	91.40751654
chr2	190971735	9.623926763	91.40807122
chr2	190971743	3.039812341	91.40814821
chr2	190971842	3.050523784	91.40844915
chr2	190971865	3.039306862	91.40851931
chr2	190972056	3.134144283	91.40909982
chr2	190975807	3.144991296	91.420856
chr2	190975830	3.14518986	91.42092833
chr2	190975983	2.35557207	91.42140955
chr2	190976392	2.385564506	91.42237297
chr2	190976491	2.074519033	91.42260915
chr2	190976884	1.569917875	91.42342443
chr2	190976897	1.579458277	91.42344484
chr2	190980864	1.260267922	91.42971055
chr2	190995328	1.283419593	91.44793907
chr2	190995329	1.114635668	91.44794035
chr2	190995397	1.149431531	91.44801615
chr2	190995927	1.17808828	91.44862534
chr2	191007517	1.183434307	91.46227939
chr2	191007619	1.143618766	91.4624001
chr2	191007633	1.275250341	91.46241611
chr2	191007636	1.287341485	91.46241993
chr2	191007808	1.254022341	91.46264136
chr2	191007815	1.265368277	91.46265013
chr2	191007851	1.277468679	91.46269569
chr2	191007857	1.288893426	91.46270335
chr2	191007872	1.23340849	91.46272269
chr2	191007887	1.331449368	91.46274119
chr2	191007902	1.366385682	91.46276116
chr2	191007932	1.392681641	91.46280215
chr2	191064486	1.251693166	91.54156387
chr2	191065922	1.316278337	91.5433613
chr2	191082463	1.270875637	91.56513386
chr2	191082690	1.258311464	91.56542235
chr2	191247370	1.380962792	91.77264108
chr2	191250679	1.390943111	91.77721069
chr2	191250701	1.354162745	91.77724129
chr2	191288199	1.424695379	91.82801968
chr2	191288207	1.360847741	91.82803108
chr2	191288221	1.543406184	91.82805013
chr2	191288678	2.318493155	91.82875547
chr2	191288725	2.28805957	91.82886444
chr2	191288893	2.275978397	91.82924883
chr2	191289084	3.221171768	91.82968354
chr2	191289125	3.338456801	91.82981561
chr2	191293979	4.007025916	91.84602048
chr2	191293989	4.260844236	91.84606055
chr2	191293993	4.86233457	91.84607759
chr2	191294046	5.115680101	91.8463353
chr2	191305292	3.737166398	91.90386624
chr2	191305318	3.539583065	91.9039634
chr2	191305327	5.18685626	91.90399526
chr2	191305360	4.972684492	91.90416642
chr2	191305379	6.31033683	91.90426091
chr2	191307207	6.72333144	91.9157962
chr2	191307270	6.536477835	91.91621977
chr2	191307316	6.608138996	91.91652045
chr2	191307320	6.551456433	91.91654688
chr2	191307377	5.687195556	91.91692031
chr2	191307383	6.147667143	91.91695444
chr2	191307417	6.877415038	91.91716346
chr2	191307458	6.910780824	91.91744543
chr2	191307532	6.924351481	91.91795683
chr2	191308134	6.868428243	91.92212529
chr2	191308263	6.875988608	91.92301132
chr2	191308321	7.034393669	91.92341012
chr2	191308410	7.521090841	91.92403619
chr2	191312925	7.708915274	91.95799391
chr2	191315156	8.204088199	91.9751925
chr2	191315392	6.159329902	91.97712867
chr2	191315435	5.626495494	91.97739352
chr2	191315436	4.856928649	91.97739914
chr2	191315490	5.062127926	91.97766142
chr2	191315491	5.009697522	91.97766648
chr2	191315526	5.350830828	91.97784182
chr2	191327117	5.158939717	92.0398633
chr2	191327138	5.473687262	92.03997164
chr2	191327141	4.699625408	92.03998806
chr2	191327252	3.840882965	92.04050972
chr2	191327262	3.507660741	92.04054812
chr2	191328343	3.302627974	92.04433991
chr2	191328488	3.134128959	92.04481879
chr2	191328515	3.19365841	92.04490341
chr2	191328554	4.590911556	92.04502796
chr2	191328699	4.604248812	92.04569364
chr2	191330897	4.484369299	92.05581378
chr2	191330898	4.50860903	92.05581827
chr2	191330986	4.529384282	92.05621502
chr2	191331017	3.952450806	92.05635544
chr2	191333011	3.577616078	92.06423662
chr2	191333079	2.215418064	92.0644799
chr2	191380795	2.22443272	92.17019079
chr2	191380800	2.160961548	92.17020191
chr2	191380888	2.180174183	92.17039208
chr2	191381029	2.116973342	92.17069948
chr2	191385388	2.085863838	92.17992737
chr2	191385598	0.8775493351	92.1803654
chr2	191385601	0.7065622477	92.18036803
chr2	191385699	0.671537669	92.18043727
chr2	191386058	0.8477715187	92.18067836
chr2	191386125	0.8675672746	92.18073516
chr2	191431371	0.7619593286	92.21998911
chr2	191431399	0.7350074512	92.22001044
chr2	191431496	0.8157184304	92.22008174
chr2	191431598	0.7621904929	92.22016494
chr2	191431645	0.8387482952	92.22020076
chr2	191470975	0.8511842317	92.25318873
chr2	191471080	0.8903886292	92.25327811
chr2	191471086	0.9493862393	92.25328345
chr2	191556346	0.9343135637	92.33422812
chr2	191557757	0.7421874423	92.33554644
chr2	191557784	0.7223916865	92.33556648
chr2	191557816	0.9086017378	92.33558959
chr2	191557853	0.8266362834	92.33562321
chr2	191557886	0.8448433893	92.33565049
chr2	191557895	0.8179593188	92.33565809
chr2	191557934	0.8704080463	92.33568999
chr2	191561729	0.9087403416	92.33899319
chr2	191561798	0.9675645467	92.33905589
chr2	191580949	0.950169603	92.35758572
chr2	191581058	0.9365810385	92.35768929
chr2	191581060	0.8985261497	92.35769117
chr2	191581193	0.9271538864	92.35781067
chr2	191582539	0.9375099659	92.35905862
chr2	191582776	0.9622565874	92.35928081
chr2	191582811	0.9991483588	92.35931449
chr2	191582838	1.062148466	92.35934146
chr2	191582919	1.118437233	92.3594275
chr2	191583433	1.116254112	92.36000237
chr2	191583483	1.287587216	92.36005819
chr2	191583504	1.307428396	92.36008523
chr2	191650352	1.379522962	92.4474842
chr2	191650378	1.280147597	92.44752007
chr2	191651286	1.225338324	92.44868244
chr2	191651312	1.245773655	92.4487143
chr2	191652091	1.276498619	92.44968476
chr2	191652133	1.261090092	92.44973837
chr2	191652562	1.225179794	92.45027938
chr2	191652589	1.221136827	92.45031246
chr2	191652648	1.331688904	92.45038451
chr2	191686254	1.39684105	92.49513724
chr2	191744225	1.37618198	92.57611352
chr2	191744241	2.014744027	92.57613553
chr2	191744245	1.993699	92.57614359
chr2	191744523	1.918390414	92.57669784
chr2	191744718	2.082044428	92.57707193
chr2	191744747	2.29870093	92.57713231
chr2	191744775	2.2274277	92.57719667
chr2	191744779	2.206452041	92.57720558
chr2	191744875	2.13049663	92.5774174
chr2	191744894	2.413806145	92.57745788
chr2	191753938	2.376902307	92.59928834
chr2	191754102	1.669059365	92.59967815
chr2	191754581	1.69257885	92.60047763
chr2	191754647	1.261591643	92.60058934
chr2	191754770	1.241750463	92.60074452
chr2	191754965	1.185147558	92.60098666
chr2	191755046	1.181167878	92.60108266
chr2	191755050	0.7935597826	92.60108738
chr2	191755053	0.7894786221	92.60108976
chr2	191755184	0.8330289044	92.60119319
chr2	191755214	0.8082320908	92.60121818
chr2	191755270	4.766538311	92.60126344
chr2	191756121	0.773448239	92.60531976
chr2	191756339	0.7538534999	92.60548837
chr2	191757474	0.4458938166	92.606344
chr2	191757698	0.3812166926	92.60644388
chr2	191757710	0.3906390873	92.60644845
chr2	191757728	0.383078722	92.60645548
chr2	191757750	0.374064066	92.60646391
chr2	191757842	0.3962170954	92.60649832
chr2	191757970	0.4167149967	92.60654904
chr2	191757971	0.4147842105	92.60654946
chr2	191758007	0.4371567454	92.60656439
chr2	191758018	0.5814743271	92.6065692
chr2	191796207	0.6251190081	92.62877512
chr2	191803449	0.6378203599	92.63330223
chr2	191892689	0.5964194995	92.69022132
chr2	191892700	0.6340576157	92.69022788
chr2	191909860	0.6345023698	92.70110831
chr2	191909895	0.7299676294	92.70113052
chr2	191910667	0.7409652411	92.70169405
chr2	191911235	0.7188122133	92.70211492
chr2	191911239	0.7666732858	92.7021178
chr2	191911299	0.7974054184	92.7021638
chr2	191911328	0.8810491153	92.70218692
chr2	191913161	0.9033589315	92.70380189
chr2	191982972	0.9771020721	92.76686628
chr2	191982984	0.9394639562	92.766878
chr2	191982994	0.958347644	92.7668874
chr2	191983556	0.9582854568	92.76742599
chr2	191983575	0.9440588711	92.76744419
chr2	191983885	0.8867993121	92.76773685
chr2	192013552	0.9595467946	92.79404553
chr2	192014223	0.9167308802	92.79468938
chr2	192015669	0.9352622113	92.79601498
chr2	192015676	0.9222239132	92.79602152
chr2	192015737	0.9082175474	92.79607778
chr2	192015749	0.8950352497	92.79608868
chr2	192065476	1.54318478	92.8405961
chr2	192068844	1.518256985	92.84579354
chr2	192069569	1.533335613	92.84689428
chr2	192069802	1.472846604	92.84725155
chr2	192070974	1.385583242	92.84897772
chr2	192070989	1.37288189	92.84899851
chr2	192071048	1.505998877	92.84907951
chr2	192071536	1.528363755	92.84981443
chr2	192071882	1.565915359	92.85034325
chr2	192071893	1.603139524	92.85036047
chr2	192072019	1.58200431	92.85056247
chr2	192075323	0.914961608	92.85578941
chr2	192162374	0.877410005	92.93543773
chr2	192162523	0.8402619355	92.93556847
chr2	192162572	0.8826081508	92.93560964
chr2	192162944	0.9307688719	92.93593797
chr2	192163181	0.8935447049	92.93615856
chr2	192163185	0.8842621639	92.93616214
chr2	192163187	0.8390244765	92.9361639
chr2	192164516	0.922844106	92.93727897
chr2	192164532	0.976165626	92.93729373
chr2	192164632	1.041362046	92.93739135
chr2	192164642	1.100094108	92.93740176
chr2	192222473	0.9122934443	93.00102131
chr2	192222500	0.7730487492	93.00104594
chr2	192222527	0.7144554279	93.00106681
chr2	192222916	0.6697044646	93.00134473
chr2	192223156	0.7175370094	93.00150546
chr2	192223385	0.6105932999	93.00166978
chr2	192223392	1.337083388	93.00167405
chr2	192223448	1.38508892	93.00174893
chr2	192223457	1.447694429	93.0017614
chr2	192223476	1.436078172	93.0017889
chr2	192223480	1.805831948	93.00179465
chr2	192224219	1.853552315	93.00312916
chr2	192224253	1.90189316	93.00319218
chr2	192245607	1.748319713	93.0438052
chr2	192245631	1.575457879	93.04384716
chr2	192245651	1.568680752	93.04387867
chr2	192245675	1.4921516	93.04391632
chr2	192245700	1.3398242	93.04395362
chr2	192245705	1.400510325	93.04396032
chr2	192294198	1.304628805	93.11187527
chr2	192294234	1.160633182	93.11192224
chr2	192294288	1.086459968	93.11198491
chr2	192294452	1.521847105	93.11216309
chr2	192294548	1.485953693	93.11230919
chr2	192294586	1.416540566	93.11236565
chr2	192294929	3.544287106	93.11285153
chr2	192295428	3.539254878	93.11462013
chr2	192295503	3.527108585	93.11488557
chr2	192298632	4.641977237	93.12592189
chr2	192298783	4.631850032	93.12662283
chr2	192301680	1.049270247	93.1400413
chr2	192301700	0.5420688484	93.14006229
chr2	192301751	0.6090141301	93.14008993
chr2	192301799	0.6758536847	93.14011917
chr2	192302549	0.6982946266	93.14062606
chr2	192302599	0.6883517169	93.14066097
chr2	192302630	0.6081118381	93.14068231
chr2	192302660	0.6302601037	93.14070055
chr2	192302666	0.6669396161	93.14070433
chr2	192302688	0.7116995267	93.14071901
chr2	192453923	0.6298393812	93.24835288
chr2	192453944	0.5190416175	93.24836611
chr2	192453974	0.4167813022	93.24838168
chr2	192454004	0.4942436825	93.24839419
chr2	192454043	4.252671401	93.24841346
chr2	192454073	4.267972437	93.24854104
chr2	192454088	4.272227325	93.24860506
chr2	192454751	4.250440038	93.25143755
chr2	192454958	0.5366480698	93.25231739
chr2	192454981	0.4920304861	93.25232973
chr2	192455065	0.5166948314	93.25237106
chr2	192455301	0.4954397124	93.252493
chr2	192455386	0.5142495066	93.25253511
chr2	192456071	0.5335657841	93.25288738
chr2	192456077	0.6543210718	93.25289058
chr2	192456086	0.6321728078	93.25289647
chr2	192527619	0.5378388288	93.29811768
chr2	192527659	0.4903671227	93.2981392
chr2	192527784	0.3968775923	93.29820049
chr2	192527805	0.6408902056	93.29820883
chr2	192530173	0.6432928607	93.29972646
chr2	192541688	0.6290760956	93.30713397
chr2	192541731	0.3463283191	93.30716102
chr2	192541749	0.3076011024	93.30716726
chr2	192541756	0.3484822126	93.30716941
chr2	192541823	0.464426634	93.30719276
chr2	192541824	0.9512526668	93.30719322
chr2	192555096	0.9998007008	93.31981825
chr2	192555139	0.7931686905	93.31986124
chr2	192624878	0.7522875802	93.37517603
chr2	192625086	4.81867821	93.37533251
chr2	192625091	4.547805493	93.3753566
chr2	192625131	5.091583412	93.37553851
chr2	192625226	10.09389459	93.37602221
chr2	192625228	12.5124851	93.3760424
chr2	192626245	13.05487258	93.3887676
chr2	192626256	13.00900694	93.3889112
chr2	192626633	8.75624671	93.3938156
chr2	192626687	8.772046994	93.39428843
chr2	192626785	8.857493622	93.3951481
chr2	192626864	8.87852211	93.39584784
chr2	192626883	4.955256491	93.39601653
chr2	192626937	3.099769635	93.39628411
chr2	192628351	3.122447653	93.40066719
chr2	192631749	3.165816461	93.41127726
chr2	192631755	2.569225296	93.41129626
chr2	192631865	2.589364569	93.41157887
chr2	192631898	2.087204136	93.41166432
chr2	192631991	2.244807634	93.41185843
chr2	192632052	1.762566714	93.41199537
chr2	192632076	1.784297157	93.41203767
chr2	192633925	1.828273094	93.41533683
chr2	192633934	1.849880697	93.41535329
chr2	192633945	1.871874003	93.41537364
chr2	192633987	1.507569421	93.41545226
chr2	192639126	1.602976246	93.42319965
chr2	192639153	1.378257875	93.42324293
chr2	192778193	1.463824801	93.61487591
chr2	192778298	1.517278083	93.61502961
chr2	192781903	1.699063759	93.6204994
chr2	192787375	1.779480187	93.62979668
chr2	192787796	1.757670106	93.63054584
chr2	192788407	1.253530509	93.63161977
chr2	192788434	2.233415058	93.63165362
chr2	192788452	2.145688761	93.63169382
chr2	192788454	2.179062752	93.63169811
chr2	192788460	3.359019785	93.63171119
chr2	192788484	3.420086524	93.6317918
chr2	192788487	4.651095015	93.63180206
chr2	192788494	4.706189532	93.63183462
chr2	192788873	4.726232128	93.63361827
chr2	192788880	7.684168055	93.63365135
chr2	192789241	8.790555465	93.63642533
chr2	192791021	9.135241854	93.65207252
chr2	192791199	4.189098817	93.6536986
chr2	192791829	3.165922857	93.65633773
chr2	192791885	3.145328442	93.65651502
chr2	192792877	3.221404805	93.65963519
chr2	192793012	3.200980836	93.66007008
chr2	192798390	3.208435245	93.67728495
chr2	192800318	3.276596667	93.68347081
chr2	192800321	2.989006801	93.68348064
chr2	192800585	2.884830503	93.68426974
chr2	192800596	2.376705068	93.68430147
chr2	192841754	2.291674568	93.7821219
chr2	192843695	2.088462085	93.78657004
chr2	192843770	1.961915604	93.78672668
chr2	192843999	1.819757935	93.78717596
chr2	192844130	1.570674279	93.78741434
chr2	192844376	1.415438114	93.78780073
chr2	192845508	1.406613949	93.78940301
chr2	192850172	0.506269264	93.79596345
chr2	192850243	0.4480192461	93.7959994
chr2	192850337	0.483120887	93.79604151
chr2	192850366	0.4721074475	93.79605552
chr2	192850411	0.508802619	93.79607677
chr2	192850420	0.4388761915	93.79608135
chr2	192850447	0.4073118319	93.7960932
chr2	192850486	0.5255200918	93.79610908
chr2	192851368	0.4790818321	93.79657259
chr2	192943015	0.4423866607	93.840479
chr2	192943072	0.4202967071	93.84050422
chr2	192943327	1.142216425	93.84061139
chr2	192943404	1.362145209	93.84069934
chr2	192944113	1.451307924	93.84166511
chr2	192947145	1.416206283	93.84606547
chr2	192947297	1.542020628	93.84628073
chr2	192947314	0.6897207413	93.84630695
chr2	192974306	0.3439776115	93.86492389
chr2	192974361	0.3287354559	93.86494281
chr2	192974366	2.305535719	93.86494445
chr2	192974728	11.47711137	93.86577906
chr2	192975099	2.391247869	93.87003707
chr2	192975128	2.403487258	93.87010641
chr2	192975144	5.982954015	93.87014487
chr2	192975148	5.994781254	93.8701688
chr2	192975460	6.024595839	93.87203917
chr2	192975915	5.917743451	93.87478036
chr2	192976055	5.940958773	93.87560885
chr2	192976078	6.003359122	93.87574549
chr2	192976085	4.399094405	93.87578751
chr2	192976091	0.8593521841	93.87581391
chr2	192976092	0.8841855196	93.87581477
chr2	192976103	0.9137535022	93.87582449
chr2	192981151	0.8632860044	93.88043712
chr2	193035594	1.230130052	93.927437
chr2	193036079	1.236661996	93.92803361
chr2	193036603	1.283831024	93.92868162
chr2	193036709	1.759491669	93.92881771
chr2	193037127	1.775089463	93.92955318
chr2	193043853	1.262728318	93.94149243
chr2	193043854	1.109295631	93.94149369
chr2	193043874	0.7151280205	93.94151588
chr2	193122429	0.583119388	93.99769276
chr2	193172516	0.5485191939	94.02689946
chr2	193249766	0.5236858545	94.06927257
chr2	193249779	1.526746938	94.06927938
chr2	193252727	2.416400594	94.07378023
chr2	193252766	3.717716255	94.07387447
chr2	193253114	2.708147891	94.07516823
chr2	193253131	2.763753141	94.07521427
chr2	193253185	4.684739067	94.07536351
chr2	193253198	4.741437969	94.07542441
chr2	193253202	5.678084044	94.07544338
chr2	193253204	5.661850731	94.07545474
chr2	193254986	5.59159847	94.08554415
chr2	193255123	5.709218833	94.0863102
chr2	193255325	8.165754821	94.08746346
chr2	193255329	6.839918048	94.08749613
chr2	193255369	6.909635444	94.08776972
chr2	193255390	5.368538097	94.08791483
chr2	193256020	5.356426179	94.09129701
chr2	193256022	4.360034442	94.09130772
chr2	193256054	5.420786636	94.09144724
chr2	193256999	7.293536767	94.09656988
chr2	193257016	5.582066294	94.09669387
chr2	193257017	6.713643271	94.09669946
chr2	193258794	6.810995073	94.1086296
chr2	193258804	6.822518381	94.10869771
chr2	193258811	7.753510062	94.10874547
chr2	193258812	7.763714139	94.10875322
chr2	193259966	7.773902089	94.11771255
chr2	193259989	7.79774252	94.11789135
chr2	193260121	7.848138042	94.11892065
chr2	193260134	9.152769958	94.11902267
chr2	193262461	6.513292874	94.14032117
chr2	193262487	6.590713196	94.14049052
chr2	193262516	5.974777062	94.14068165
chr2	193262560	6.01440528	94.14094454
chr2	193262591	5.406730092	94.14113098
chr2	193262656	5.444186493	94.14148242
chr2	193262927	4.467163232	94.14295779
chr2	193262960	3.264714665	94.14310521
chr2	193263015	2.720713518	94.14328477
chr2	193263031	1.283222686	94.1433283
chr2	193263043	1.294806053	94.1433437
chr2	193327526	1.235696809	94.22683668
chr2	193327550	1.137135852	94.22686634
chr2	193327572	1.152152974	94.22689135
chr2	193327581	1.058322147	94.22690172
chr2	193327617	1.064305251	94.22693982
chr2	193348310	0.9664852208	94.24896349
chr2	193348812	0.9287358857	94.24944867
chr2	193352314	0.9429254027	94.2527011
chr2	193352323	0.9217503472	94.25270959
chr2	193352331	0.7304418811	94.25271696
chr2	193353378	0.7992096344	94.25348173
chr2	193545061	0.9110595222	94.40667663
chr2	193545112	0.8954356245	94.4067231
chr2	193546736	0.8783102496	94.40817728
chr2	193547590	1.0263152	94.40892736
chr2	193553695	1.014791892	94.41519302
chr2	193553855	2.309784251	94.41535538
chr2	193556243	2.36073739	94.42087115
chr2	193556310	2.337460331	94.42102932
chr2	193556405	3.401161355	94.42125137
chr2	193556566	3.497674169	94.42179896
chr2	193558944	2.159304869	94.43011643
chr2	193559044	2.14278235	94.43033236
chr2	193559045	2.350301111	94.4303345
chr2	193563843	2.460538842	94.44161125
chr2	193584850	2.869359781	94.49329979
chr2	193584865	3.263501194	94.49334283
chr2	193584895	4.259092023	94.49344073
chr2	193584896	4.356897654	94.49344499
chr2	193588515	4.574405152	94.50921261
chr2	193588524	4.34835844	94.50925378
chr2	193591009	4.250158241	94.52005945
chr2	193591012	4.656235588	94.5200722
chr2	193591775	4.559722774	94.5236249
chr2	193591795	4.453395992	94.5237161
chr2	193591818	5.335108408	94.52381853
chr2	193591828	7.70995283	94.52387188
chr2	193591852	8.147066241	94.52405692
chr2	193591863	9.044615013	94.52414653
chr2	193593162	8.908618468	94.53589549
chr2	193593177	10.3506385	94.53602912
chr2	193593178	10.34047617	94.53603947
chr2	193593214	9.931999236	94.53641173
chr2	193593226	9.839711692	94.53653091
chr2	193593339	7.590790679	94.5376428
chr2	193593509	8.410593077	94.53893323
chr2	193593568	8.305007196	94.53942946
chr2	193595631	9.146334171	94.55656269
chr2	193595649	8.248785399	94.55672732
chr2	193595672	6.005101179	94.55691704
chr2	193595677	6.937114248	94.55694707
chr2	193595819	7.563264912	94.55793214
chr2	193595863	8.635226947	94.55826492
chr2	193598974	7.55921914	94.58512911
chr2	193599033	10.08511904	94.58557511
chr2	193599323	8.912136501	94.58849979
chr2	193599626	8.475023091	94.59120017
chr2	193599668	8.492921495	94.59155612
chr2	193599670	7.206290147	94.59157311
chr2	193600066	8.040798902	94.5944268
chr2	193600586	7.065594988	94.59860801
chr2	193600644	8.149870563	94.59901782
chr2	193600812	8.136137124	94.600387
chr2	193600914	6.329587602	94.60121688
chr2	193600930	4.538275187	94.60131815
chr2	193601094	4.328488816	94.60206243
chr2	193601246	6.454750109	94.60272036
chr2	193601301	10.8179251	94.60307537
chr2	193601319	10.85386187	94.6032701
chr2	193602196	10.87218383	94.61278893
chr2	193602506	10.84674119	94.61615931
chr2	193602507	8.029063204	94.61617016
chr2	193603244	6.280159627	94.62208758
chr2	193603340	5.555157456	94.62269047
chr2	193603596	5.486897254	94.62411259
chr2	193603778	1.867383349	94.62511121
chr2	193603790	1.904353993	94.62513362
chr2	193603996	1.967483213	94.62552591
chr2	193604138	1.035575872	94.6258053
chr2	193604522	1.053943988	94.62620296
chr2	193604535	1.153757578	94.62621666
chr2	193604586	0.8655450527	94.6262755
chr2	193606052	0.9071693192	94.62754439
chr2	193609297	1.056630686	94.63048815
chr2	193609311	1.075590974	94.63050295
chr2	193657813	1.127567828	94.68267126
chr2	193657824	1.064438607	94.68268366
chr2	193657873	0.8644620362	94.68273582
chr2	193657914	0.7905718621	94.68277126
chr2	193658742	0.7278840238	94.68342586
chr2	193659800	2.471465563	94.68419596
chr2	193660078	2.521613428	94.68488302
chr2	193660161	2.548283756	94.68509232
chr2	193660165	2.574936092	94.68510251
chr2	193661675	2.459591876	94.68899067
chr2	193661677	2.510641179	94.68899558
chr2	193661683	0.714150795	94.68901065
chr2	193661688	0.6664040409	94.68901422
chr2	193787527	0.6478342692	94.77287384
chr2	193787573	0.6026740952	94.77290364
chr2	193787626	0.5580137479	94.77293558
chr2	193787663	0.492861181	94.77295623
chr2	193787674	0.4743011463	94.77296165
chr2	193788534	0.4185559135	94.77336955
chr2	193788555	0.4004778281	94.77337834
chr2	193788656	0.4173427824	94.77341878
chr2	193789523	0.3989746631	94.77378062
chr2	193789524	0.3372210289	94.77378102
chr2	193790597	0.4082494435	94.77414286
chr2	193791305	2.12717209	94.7744319
chr2	193791356	2.109290731	94.77454038
chr2	193791406	2.119843922	94.77464585
chr2	193791437	2.136874627	94.77471156
chr2	193793087	2.15008429	94.77823741
chr2	193795332	1.306250257	94.78306435
chr2	193795401	0.5824489901	94.78315448
chr2	193795602	0.5631832408	94.78327155
chr2	193795647	0.7012452272	94.78329689
chr2	193795656	0.7165452492	94.7833032
chr2	193795671	0.7362781249	94.78331395
chr2	193798393	0.7114228069	94.7853181
chr2	193843362	0.73934812	94.81731007
chr2	193844873	0.7032621651	94.81842723
chr2	193844927	0.6893140655	94.8184652
chr2	193844942	0.7287300657	94.81847554
chr2	193964900	0.7004024873	94.90589255
chr2	193965048	0.7179030763	94.90599621
chr2	193967877	0.6981701972	94.90802715
chr2	193967878	0.678468329	94.90802785
chr2	193977884	0.9555943809	94.91481661
chr2	193977918	1.041777638	94.9148491
chr2	193989180	1.032908228	94.9265816
chr2	193989230	0.9156170503	94.92663324
chr2	193989315	0.8099511563	94.92671107
chr2	193990078	0.7865378084	94.92732906
chr2	193990146	0.7149700736	94.92738255
chr2	193990966	0.8754669546	94.92796882
chr2	194017278	0.9351002986	94.95100411
chr2	194017347	0.9237473611	94.95106863
chr2	194017642	1.103049395	94.95134113
chr2	194017744	1.044062794	94.95145365
chr2	194017755	1.33923955	94.95146513
chr2	194024847	1.323011469	94.96096302
chr2	194047466	1.169176738	94.99088821
chr2	194047718	1.111077305	94.99118285
chr2	194050327	1.169399843	94.99408165
chr2	194050332	0.8769891459	94.99408749
chr2	194051082	1.145854049	94.99474524
chr2	194051117	1.043998056	94.99478534
chr2	194062674	0.760305403	95.00685083
chr2	194062689	0.91507288	95.00686223
chr2	194062694	0.622434261	95.00686681
chr2	194062726	0.8589794579	95.00688672
chr2	194062748	1.896133641	95.00690562
chr2	194062758	1.904924327	95.00692458
chr2	194062773	1.891793575	95.00695316
chr2	194062787	2.161668235	95.00697964
chr2	194076887	2.18029307	95.03745916
chr2	194077434	2.012682318	95.03865178
chr2	194078195	1.565585324	95.04018344
chr2	194078223	4.967106491	95.04022727
chr2	194078224	4.747844678	95.04023224
chr2	194079125	4.739704338	95.04451005
chr2	194079146	4.752890843	95.04460958
chr2	194079222	0.758559984	95.0449708
chr2	194079246	0.8096391736	95.04498901
chr2	194126023	0.7442132904	95.0828615
chr2	194126145	0.7694707969	95.08295229
chr2	194190387	0.7609710353	95.13238463
chr2	194256234	0.722777016	95.18249229
chr2	194257562	0.7037228518	95.18345214
chr2	194258863	0.686393463	95.18436769
chr2	194258866	0.6501472855	95.18436975
chr2	194259338	0.4757374084	95.18467661
chr2	194260684	0.6018121609	95.18531696
chr2	194261010	0.6120843011	95.18551315
chr2	194331602	0.4968494016	95.2287214
chr2	194331912	0.3982979934	95.22887543
chr2	194331955	0.3305721897	95.22889255
chr2	194332043	0.3053326929	95.22892164
chr2	194332275	0.2954004167	95.22899248
chr2	194332295	0.2479479357	95.22899839
chr2	194332309	0.2002878048	95.22900186
chr2	194332389	0.1528975301	95.22901788
chr2	194332863	0.1403167943	95.22909036
chr2	194333828	0.2373033984	95.22922576
chr2	194334011	0.2382582791	95.22926919
chr2	194334527	0.1922401101	95.22939213
chr2	194334701	0.3910246011	95.22942558
chr2	194334709	0.4929660294	95.22942871
chr2	194334743	0.592553382	95.22944547
chr2	194334763	0.6920532548	95.22945732
chr2	194368865	0.5043216348	95.25305772
chr2	194368915	0.3654084016	95.25308294
chr2	194368924	0.3543119575	95.25308622
chr2	194370376	0.4729831533	95.25360069
chr2	194372048	0.536361989	95.25439151
chr2	194372299	0.5996216582	95.25452614
chr2	194372910	0.6640666439	95.25489251
chr2	194425639	0.539715452	95.28990808
chr2	194425653	1.399890008	95.28991564
chr2	194425664	1.276684069	95.28993103
chr2	194426016	1.2134244	95.29038043
chr2	194429324	1.789780042	95.29439443
chr2	194429340	1.242028941	95.29442307
chr2	194429363	1.583102879	95.29445164
chr2	194429787	1.52590607	95.29512287
chr2	194437632	1.050066799	95.30709361
chr2	194438537	1.627291133	95.30804392
chr2	194438958	1.226089401	95.30872901
chr2	194439325	1.880328838	95.30917898
chr2	194439326	1.539254902	95.30918086
chr2	194439381	2.200625017	95.30926552
chr2	194444424	1.623400684	95.32036327
chr2	194444482	1.782020842	95.32045743
chr2	194444519	0.8988425009	95.32052336
chr2	194444534	1.053788951	95.32053685
chr2	194444676	1.255841756	95.32068649
chr2	194444740	1.416395484	95.32076686
chr2	194445298	2.023984409	95.32155721
chr2	194465800	1.983369498	95.36305294
chr2	194465905	1.224254446	95.36326119
chr2	194466098	1.263739737	95.36349747
chr2	194467748	1.326299241	95.36558264
chr2	194468226	1.182961001	95.36621661
chr2	194468316	3.484830202	95.36632308
chr2	194468317	3.337207816	95.36632656
chr2	194468331	2.993702783	95.36637328
chr2	194469667	0.5407860667	95.37037287
chr2	194469776	0.6446364811	95.37043182
chr2	194470212	0.6579072757	95.37071288
chr2	194470239	0.7044779124	95.37073064
chr2	194543206	1.68281134	95.42213428
chr2	194543212	1.701180151	95.42214438
chr2	194543268	1.814641106	95.42223965
chr2	194543272	1.84667319	95.4222469
chr2	194543333	1.922057953	95.42235955
chr2	194544704	1.908082326	95.42499469
chr2	194546875	1.983685294	95.42913714
chr2	194546882	1.521939334	95.42915102
chr2	194547617	1.842512736	95.43026965
chr2	194567488	1.865368916	95.46688222
chr2	194568947	1.849895397	95.46960379
chr2	194569032	1.963744853	95.46976104
chr2	194569555	1.985499781	95.47078807
chr2	194569738	2.028916798	95.47115142
chr2	194569849	1.995443722	95.47137663
chr2	194570102	2.127362053	95.47188148
chr2	194570149	2.277784375	95.47198146
chr2	194570167	2.309641348	95.47202246
chr2	194676809	3.127973895	95.71832724
chr2	194676835	3.135967948	95.71840856
chr2	194677620	3.435930493	95.7208703
chr2	194680254	3.820151901	95.72992054
chr2	194715046	4.703843288	95.86283126
chr2	194715049	4.640676395	95.86284538
chr2	194716162	5.83565515	95.86801045
chr2	194716727	5.874503235	95.87130759
chr2	194717731	7.143163932	95.87720559
chr2	194717797	7.08343228	95.87767704
chr2	194725677	6.655780673	95.93349449
chr2	194725679	6.46186473	95.9335078
chr2	194725755	6.440109802	95.9339989
chr2	194725790	6.106886487	95.93422431
chr2	194725813	6.087896001	95.93436477
chr2	194726272	4.312465825	95.93715911
chr2	194726296	2.988883768	95.93726261
chr2	194726361	2.939609787	95.93745689
chr2	194726378	2.808637058	95.93750686
chr2	194726388	2.824361687	95.93753495
chr2	194726389	2.802618876	95.93753777
chr2	194726412	2.819865151	95.93760223
chr2	194726876	4.644581583	95.93891065
chr2	194728206	2.27393668	95.94508794
chr2	194728273	2.819300068	95.9452403
chr2	194728875	2.75403445	95.94693751
chr2	194739339	2.490393128	95.97575573
chr2	194741160	2.578800643	95.98029074
chr2	194742226	2.643582093	95.98303974
chr2	194743097	2.525900018	95.9853423
chr2	194750017	2.615771256	96.00282153
chr2	194750127	2.635401652	96.00310926
chr2	194750130	2.778536106	96.00311717
chr2	194766654	2.378174575	96.0490297
chr2	194766715	2.208614134	96.04917477
chr2	194766720	2.475644758	96.04918581
chr2	194779597	2.488854865	96.08106469
chr2	194779860	2.580415071	96.08171926
chr2	194779865	2.514635252	96.08173216
chr2	194779902	2.496391801	96.0818252
chr2	194779904	2.636140099	96.08183019
chr2	194779931	2.659889555	96.08190137
chr2	194780010	2.612990656	96.0821115
chr2	194780011	2.596218446	96.08211411
chr2	194780134	2.553981545	96.08243345
chr2	194780138	2.775141303	96.08244366
chr2	194780143	3.063038699	96.08245754
chr2	194780436	2.961190549	96.08335501
chr2	194794909	3.120300751	96.12621232
chr2	194795476	3.468595204	96.12798153
chr2	194795503	3.228990143	96.12807518
chr2	194795509	3.191955465	96.12809456
chr2	194795538	4.676973702	96.12818712
chr2	194795674	5.510037245	96.12882319
chr2	194797111	5.533574982	96.13674112
chr2	194797366	5.560701563	96.13815218
chr2	194797783	3.883314001	96.14047099
chr2	194797798	3.951060156	96.14052924
chr2	194797939	3.964431471	96.14108634
chr2	194797941	4.500309717	96.14109427
chr2	194797989	4.52757188	96.14131028
chr2	194799789	4.328577129	96.14945991
chr2	194803720	3.74073223	96.16647555
chr2	194803753	3.748569941	96.16659899
chr2	194803779	3.630161555	96.16669646
chr2	194803951	3.655493813	96.16732084
chr2	194804066	3.67923496	96.16774122
chr2	194804154	3.747300813	96.168065
chr2	194804193	3.804497382	96.16821114
chr2	194804199	4.133772725	96.16823397
chr2	194804220	3.964337909	96.16832078
chr2	194804247	3.444454841	96.16842782
chr2	194804484	3.481910017	96.16924415
chr2	194854078	3.343135925	96.341926
chr2	194854096	3.18543586	96.34198617
chr2	194854214	3.608468336	96.34236205
chr2	194855203	3.596597424	96.34593083
chr2	194855288	3.530256406	96.34623654
chr2	194855833	3.56952716	96.34816053
chr2	194856646	3.656895194	96.35106256
chr2	194858925	3.905270321	96.35939662
chr2	194858958	3.86035076	96.35952549
chr2	194858969	3.842079379	96.35956796
chr2	194918519	3.626395529	96.58836378
chr2	194922017	3.60246612	96.60104892
chr2	194922359	8.771086959	96.60228096
chr2	194922635	8.283689542	96.60470178
chr2	194923013	9.571715364	96.60783301
chr2	194923018	9.461463056	96.60788087
chr2	194923232	9.795165232	96.60990563
chr2	194923379	9.934831684	96.61134552
chr2	194923396	10.03879129	96.61151441
chr2	194923421	10.27323512	96.61176538
chr2	194923447	10.25598884	96.61203248
chr2	194923944	6.606021442	96.61712971
chr2	194925208	6.987437033	96.62547972
chr2	194925211	7.259787729	96.62550068
chr2	194925222	7.566117815	96.62558054
chr2	194925982	7.771479491	96.63133079
chr2	194926018	7.752172104	96.63161056
chr2	194926023	7.915819069	96.63164932
chr2	194936315	7.565579955	96.71311893
chr2	194936344	7.276909485	96.71333833
chr2	194936360	7.018064295	96.71345476
chr2	194937688	4.522120058	96.72277475
chr2	194937751	3.493374531	96.72305965
chr2	194937772	3.468014104	96.72313301
chr2	194938093	3.442681847	96.72424624
chr2	194938881	3.342043675	96.72695907
chr2	194939530	3.394448487	96.72912806
chr2	194941480	3.358071717	96.73574724
chr2	194941516	2.930336458	96.73586813
chr2	194942529	1.782526614	96.73883656
chr2	194942843	1.813632393	96.73939627
chr2	194942985	4.874392295	96.73965381
chr2	194943132	4.665136913	96.74037034
chr2	194943444	4.376053591	96.74182586
chr2	194943459	4.37083745	96.74189151
chr2	194943583	3.739902691	96.74243349
chr2	194944069	3.772906961	96.74425108
chr2	194944109	3.865639722	96.744402
chr2	194944130	0.9129058419	96.74448318
chr2	194944167	0.87304146	96.74451695
chr2	194944206	0.9147686711	96.744551
chr2	194944211	0.9606268841	96.74455558
chr2	194944233	0.9936548923	96.74457671
chr2	194944282	1.025539068	96.7446254
chr2	194944289	1.308693953	96.74463258
chr2	194944305	1.506648025	96.74465352
chr2	194944368	1.635501227	96.74474844
chr2	194944452	1.700816396	96.74488582
chr2	194959944	1.490634625	96.77123487
chr2	195047029	1.579779227	96.90104678
chr2	195047119	6.269978426	96.90118896
chr2	195048505	6.172051744	96.90987915
chr2	195050859	3.539108648	96.92440816
chr2	195050895	3.507750845	96.92453557
chr2	195052074	2.777079399	96.92867121
chr2	195052087	2.86771699	96.92870731
chr2	195052133	2.850406141	96.92883923
chr2	195052251	3.12525339	96.92917557
chr2	195052743	3.365016186	96.9307132
chr2	195052776	3.351689077	96.93082424
chr2	195055261	3.67250853	96.93915319
chr2	195055293	4.008191594	96.93927071
chr2	195057209	4.491318359	96.94695041
chr2	195057236	4.909291255	96.94707167
chr2	195057250	5.304283659	96.9471404
chr2	195065172	5.055393885	96.98916094
chr2	195065227	3.766926766	96.98943898
chr2	195065250	3.179480929	96.98952562
chr2	195065293	3.213568479	96.98966234
chr2	195065366	2.795595582	96.98989693
chr2	195065384	2.806938679	96.98994725
chr2	195065416	17.62619075	96.99003707
chr2	195065452	18.45197925	96.99067162
chr2	195065521	18.43590679	96.9919448
chr2	195065853	3.47494597	96.99806552
chr2	195065939	3.509255855	96.99836437
chr2	195069310	2.580470782	97.01019407
chr2	195069534	2.594889206	97.0107721
chr2	195069567	1.925921078	97.01085773
chr2	195069602	1.019514129	97.01092514
chr2	195072741	0.9930768186	97.01412539
chr2	195072746	1.051837318	97.01413036
chr2	195164928	1.07597752	97.11109082
chr2	195164981	0.8566158129	97.11114785
chr2	195164984	0.7920615215	97.11115042
chr2	195165317	0.7408683515	97.11141418
chr2	195166452	0.7255784486	97.11225506
chr2	195166465	0.6994261147	97.11226449
chr2	195246236	0.4514436923	97.16805841
chr2	195246535	0.4774381813	97.1681934
chr2	195305213	0.4716956755	97.19620851
chr2	195305694	0.4808036701	97.1964354
chr2	195308325	0.4914797778	97.19770039
chr2	195308333	0.5398612296	97.19770433
chr2	195308358	0.5125887857	97.19771782
chr2	195308396	0.5731667272	97.1977373
chr2	195308406	0.6429254494	97.19774303
chr2	195308448	0.6774329599	97.19777004
chr2	195308488	0.6634639323	97.19779713
chr2	195364379	0.6347011647	97.2348788
chr2	195364442	0.6058808261	97.23491878
chr2	195364491	0.5453028843	97.23494847
chr2	195364846	0.7943528371	97.23514205
chr2	195364960	0.78300974	97.23523261
chr2	195365020	1.047263569	97.23527959
chr2	195378541	0.8863311365	97.24943964
chr2	195378542	0.6510704735	97.24944053
chr2	195378569	0.2925787276	97.24945811
chr2	195378626	0.2978037996	97.24947478
chr2	195378806	0.2745041177	97.24952839
chr2	195379637	0.2636980832	97.2497565
chr2	195379915	0.2498391967	97.24982981
chr2	195380472	0.2245246787	97.24996897
chr2	195380642	0.2410630355	97.25000714
chr2	195407869	0.2560894554	97.25657056
chr2	195407947	0.2418919368	97.25659054
chr2	195586111	0.22535358	97.29968697
chr2	195586130	0.3514793884	97.29969125
chr2	195626617	0.3301244556	97.3139216
chr2	195626968	0.3027642838	97.31403747
chr2	195627407	0.2535765128	97.31417039
chr2	195627535	0.2163450517	97.31420284
chr2	195627545	0.2102952599	97.31420501
chr2	195627653	0.2042533634	97.31422772
chr2	195628209	0.7791317057	97.31434128
chr2	195634012	0.1694409122	97.31886258
chr2	195636486	0.1723886372	97.31928178
chr2	195636900	0.1753353499	97.31935315
chr2	195637174	0.09562421724	97.31940119
chr2	195643190	0.04506936913	97.31997647
chr2	195643544	0.04217458573	97.31999242
chr2	195643719	0.04512438336	97.3199998
chr2	196789280	0.03624672335	97.37169254
chr2	196789347	0.04483000514	97.37169497
chr2	196790090	0.0418832924	97.37172827
chr2	196795703	0.03602288484	97.37196336
chr2	196797218	0.04109819732	97.37201794
chr2	196797308	0.03520951059	97.37202164
chr2	196797423	0.03281458137	97.37202569
chr2	196804117	0.04458597785	97.37224535
chr2	196808192	0.05751924597	97.37242704
chr2	196814723	0.1135238501	97.37280269
chr2	196874996	0.175989859	97.37964512
chr2	196875484	0.2003313416	97.379731
chr2	196878189	0.1976001228	97.3802729
chr2	196879569	0.2224535081	97.38054558
chr2	196879576	0.4281868711	97.38054714
chr2	197014976	0.4030899756	97.43852364
chr2	197015086	0.3035189236	97.43856798
chr2	197022583	0.5566776583	97.44084347
chr2	197023012	0.5092959738	97.44108228
chr2	197023056	1.260350474	97.44110469
chr2	197030520	1.315428025	97.45051195
chr2	197031721	1.368145561	97.45209177
chr2	197035215	0.8822906183	97.45687207
chr2	197035313	0.9381403266	97.45695854
chr2	197035330	0.9950097665	97.45697449
chr2	197092217	0.6136896898	97.51357761
chr2	197092594	0.6049276461	97.51380897
chr2	197092751	1.635329421	97.51390394
chr2	197092793	1.623558024	97.51397263
chr2	197095067	1.56678265	97.5176646
chr2	197095083	1.478706201	97.51768967
chr2	197096157	0.4443378967	97.5192778
chr2	197096180	0.4082137026	97.51928802
chr2	197096213	0.4190750341	97.51930149
chr2	197098490	0.479483063	97.52025572
chr2	197098493	0.5128851663	97.52025716
chr2	197103609	0.5352775306	97.52288108
chr2	197202659	0.5211228506	97.57590032
chr2	197247863	0.5878940628	97.59945716
chr2	197247874	0.6132389272	97.59946362
chr2	197250223	0.7070999956	97.60090412
chr2	197250233	0.7284945574	97.60091119
chr2	197250240	0.7641842179	97.60091629
chr2	197250311	0.8281760656	97.60097055
chr2	197250682	0.8438046705	97.6012778
chr2	197318055	1.061332533	97.65812746
chr2	197318095	1.178436457	97.65816991
chr2	197325769	1.120087757	97.66721323
chr2	197342217	1.082964038	97.68563643
chr2	197345453	0.8919842234	97.6891409
chr2	197345477	0.7680647549	97.68916231
chr2	197345489	0.8232048669	97.68917153
chr2	197346857	0.8178253507	97.69029767
chr2	197346928	0.779694044	97.69035574
chr2	197347146	0.7995034974	97.69052571
chr2	197397048	0.7340176745	97.73042254
chr2	197397073	0.5732258179	97.73044089
chr2	197407116	2.21994044	97.73619779
chr2	197407131	2.186910613	97.73623109
chr2	197408956	2.196697204	97.7402222
chr2	197409037	2.175300352	97.74040014
chr2	197409064	0.3878078554	97.74045887
chr2	197409077	0.3153118987	97.74046391
chr2	197409083	0.325102748	97.7404658
chr2	197409102	0.3332139713	97.74047198
chr2	197409415	0.358325041	97.74057628
chr2	197409422	0.3889796366	97.74057878
chr2	197466337	0.4005656495	97.76271756
chr2	197466757	0.3385141017	97.7628858
chr2	197466861	0.4011225125	97.762921
chr2	197466960	0.4335602687	97.76296071
chr2	197467001	0.4749156513	97.76297849
chr2	197626709	0.4536572079	97.83882632
chr2	197628505	0.4427114207	97.83964109
chr2	197630073	0.4273332958	97.84033526
chr2	197630309	0.4318901935	97.84043611
chr2	197630895	0.4165469253	97.8406892
chr2	197630934	0.3860459748	97.84070544
chr2	197631220	0.3315791027	97.84081585
chr2	197631280	0.2836862242	97.84083575
chr2	197631357	0.2530640504	97.84085759
chr2	197631397	0.2171089067	97.84086771
chr2	197631424	0.2063896713	97.84087358
chr2	197632404	0.218112176	97.84107584
chr2	197756154	0.2756650474	97.86806722
chr2	197756159	0.2837129829	97.8680686
chr2	197756178	0.2739263918	97.86807399
chr2	197756617	0.2687811325	97.86819424
chr2	197756713	2.360746111	97.86822004
chr2	197756724	4.363854649	97.86824601
chr2	197756822	4.37191524	97.86867367
chr2	197756835	5.407611568	97.86873051
chr2	197759632	5.400430717	97.88385559
chr2	197760023	5.421567272	97.88596716
chr2	197760061	4.403251524	97.88617318
chr2	197760116	3.413973953	97.88641536
chr2	197760120	1.536388578	97.88642902
chr2	197760162	0.5479884464	97.88649355
chr2	197762179	0.5440295193	97.88759884
chr2	197762208	0.5570942469	97.88761462
chr2	197762285	0.5477897343	97.88765751
chr2	197791681	0.2338429267	97.90376034
chr2	197791813	0.2697147624	97.90379121
chr2	197815128	0.2788880847	97.91007961
chr2	197815764	0.2931244462	97.91025698
chr2	197815770	0.3122231281	97.91025874
chr2	197816299	0.4256911746	97.9104239
chr2	197816310	0.3878958732	97.91042859
chr2	197816959	0.4150314761	97.91068033
chr2	197818967	0.4265885269	97.91151371
chr2	197872982	0.4407789917	97.93455589
chr2	197873306	0.454988682	97.93469871
chr2	197873318	0.4617484191	97.93470416
chr2	197873699	0.4318309169	97.93488009
chr2	197922284	0.4201084123	97.9558606
chr2	197925506	0.4196762452	97.95721419
chr2	197925539	0.3942651832	97.95722803
chr2	197925555	0.4078644073	97.95723434
chr2	197929753	0.6712031599	97.95894656
chr2	197929909	0.6785642447	97.95905127
chr2	197966047	0.6620629911	97.98357322
chr2	198051589	0.6724990278	98.04020741
chr2	198053097	0.6729512125	98.04122154
chr2	198053157	0.7102262487	98.04126192
chr2	198054457	0.917187316	98.04218521
chr2	198076496	1.004171189	98.0623991
chr2	198076525	1.025467828	98.06242822
chr2	198082440	1.034706689	98.06849387
chr2	198082921	1.103172725	98.06899156
chr2	198083502	1.100054763	98.0696325
chr2	198084829	1.087400238	98.07109228
chr2	198112447	1.076963837	98.1011241
chr2	198112993	1.072522089	98.10171212
chr2	198112997	0.8868215639	98.10171641
chr2	198116261	0.9248269142	98.10461099
chr2	198116567	1.02331271	98.10489399
chr2	198116633	0.9697787811	98.10496153
chr2	198116657	0.9453083864	98.1049848
chr2	198175431	0.931709162	98.16054436
chr2	198175437	2.015988701	98.16054995
chr2	198175564	2.02321261	98.16080598
chr2	198178394	2.058352116	98.16653167
chr2	198178396	0.9639137531	98.16653579
chr2	198185563	0.8575837341	98.17344416
chr2	198185783	0.8770684769	98.17363283
chr2	198186013	0.9335361289	98.17383455
chr2	198206129	0.9073227446	98.19261357
chr2	198247732	0.9129530793	98.23036091
chr2	198247767	0.9011187364	98.23039287
chr2	198247779	0.8752030268	98.23040368
chr2	198303878	0.844751235	98.2795017
chr2	198305916	0.8565096599	98.2812233
chr2	198305972	0.8502854161	98.28127126
chr2	198306226	0.8220179272	98.28148724
chr2	198306371	0.8548836606	98.28160643
chr2	198306501	0.8283580245	98.28171756
chr2	198306513	0.8131000291	98.2817275
chr2	198353945	0.6608446049	98.32029446
chr2	198353981	0.8310934871	98.32031825
chr2	198354492	0.9156743132	98.32074294
chr2	198360182	1.151025973	98.32595313
chr2	198360212	1.278265778	98.32598766
chr2	198361306	1.255577539	98.32738608
chr2	198361366	1.868353645	98.32746142
chr2	198361369	1.976933642	98.32746702
chr2	198361424	2.20977725	98.32757575
chr2	198361426	2.323510423	98.32758017
chr2	198368042	2.637288446	98.34295252
chr2	198376018	3.121263688	98.36398753
chr2	198376019	3.858639229	98.36399065
chr2	198377142	4.106009081	98.3683239
chr2	198377191	5.133965658	98.3685251
chr2	198377196	4.719577471	98.36855077
chr2	198377203	4.661473282	98.36858381
chr2	198379742	4.683934991	98.38041929
chr2	198380157	5.223511289	98.38236312
chr2	198384992	5.165021997	98.4076188
chr2	198385008	4.801619752	98.40770144
chr2	198385057	4.844868977	98.40793672
chr2	198385161	5.664522037	98.40844058
chr2	198390879	5.099840506	98.44083032
chr2	198391232	5.088835947	98.44263056
chr2	198391292	4.617877214	98.44293589
chr2	198391304	6.965856298	98.44299131
chr2	198391334	6.411470907	98.44320028
chr2	198391418	6.404110332	98.44373885
chr2	198391542	6.418187947	98.44453296
chr2	198392010	6.465588723	98.44753667
chr2	198392609	6.64074953	98.45140956
chr2	198392665	6.092612913	98.45178144
chr2	198393770	6.11436422	98.45851378
chr2	198396901	3.453481289	98.47765785
chr2	198396927	4.020873118	98.47774764
chr2	198397445	4.13809657	98.47983045
chr2	198397479	4.440126202	98.47997115
chr2	198397485	4.466282083	98.47999779
chr2	198397545	4.739302345	98.48026577
chr2	198397558	4.892062298	98.48032738
chr2	198397564	5.127275116	98.48035673
chr2	198397566	4.880299053	98.48036698
chr2	198399929	4.894096618	98.49189913
chr2	198409760	4.629301196	98.54001299
chr2	198409765	3.807895005	98.54003614
chr2	198409793	3.818495313	98.54014276
chr2	198410089	5.324863369	98.54127304
chr2	198412009	5.008486688	98.55149677
chr2	198412011	3.677881727	98.55150679
chr2	198412047	1.483697964	98.5516392
chr2	198527403	1.428093599	98.72279266
chr2	198527462	1.402884435	98.72287691
chr2	198528492	1.381705752	98.72432189
chr2	198528532	1.355759173	98.72437715
chr2	198528634	1.327093943	98.72451544
chr2	198531027	0.8655410811	98.72769118
chr2	198532702	0.8373855462	98.72914096
chr2	198533117	0.788997205	98.72948847
chr2	198549613	0.7452802797	98.74250377
chr2	198549767	0.7265810383	98.74261854
chr2	198549893	0.7059528682	98.74271009
chr2	198549907	0.6614408733	98.74271998
chr2	198549927	0.6416754275	98.74273321
chr2	198549934	0.5994975596	98.7427377
chr2	198549996	0.552664458	98.74277487
chr2	198550046	0.5551321038	98.7428025
chr2	198550063	0.5411796519	98.74281194
chr2	198563662	0.5825122675	98.75017144
chr2	198563696	0.6238619833	98.75019124
chr2	198563918	0.664849356	98.75032974
chr2	198563934	0.6678875279	98.75034038
chr2	198563951	0.6940176634	98.75035173
chr2	198645375	0.6695119634	98.80686143
chr2	198645876	0.5493427169	98.80719685
chr2	198645903	0.4811978063	98.80721169
chr2	198645963	0.5057981173	98.80724056
chr2	198646082	0.7345154873	98.80730075
chr2	198646213	0.7207179218	98.80739697
chr2	198646263	3.203995338	98.807433
chr2	198646355	3.266561814	98.80772777
chr2	198647808	1.06713162	98.81247409
chr2	198692146	0.8341341245	98.85978857
chr2	198692189	0.7243987022	98.85982444
chr2	198692606	0.7133459297	98.86012651
chr2	198693097	0.8122704926	98.86047676
chr2	198693990	0.8388124582	98.86120212
chr2	198693997	0.8126823226	98.86120799
chr2	198697458	1.133349735	98.86402069
chr2	198697463	1.057077643	98.86402635
chr2	198697689	1.314874346	98.86426525
chr2	198698024	1.312527255	98.86470574
chr2	198711053	1.318952197	98.88180665
chr2	198729728	1.414427279	98.90643809
chr2	198729731	1.084279294	98.90644233
chr2	198730142	1.048520749	98.90688797
chr2	198730195	0.9339553443	98.90694354
chr2	198730257	0.8681912163	98.90700144
chr2	198730267	0.7638840252	98.90701013
chr2	198730341	0.770496851	98.90706665
chr2	198730361	0.6990891873	98.90708206
chr2	198730372	0.705726619	98.90708975
chr2	198732476	0.7095580981	98.9085746
chr2	198746882	0.6757859512	98.9187965
chr2	198746988	0.47890764	98.91886813
chr2	198747171	0.4857425237	98.91895577
chr2	198747551	0.4981856095	98.91914035
chr2	198747575	0.221668782	98.91915231
chr2	198747633	0.2354069956	98.91916517
chr2	198747705	0.2525243218	98.91918211
chr2	198747710	0.2718187773	98.91918338
chr2	198747746	0.2962642161	98.91919316
chr2	198747817	0.3173326677	98.9192142
chr2	198900304	0.3107362087	98.9676033
chr2	199020535	0.2982811282	99.00496343
chr2	199020550	0.2858326633	99.0049679
chr2	199020644	0.2468537422	99.00499477
chr2	199020650	0.236339334	99.00499625
chr2	199020717	0.2337852294	99.00501209
chr2	199021585	0.2213728223	99.00521501
chr2	199021591	0.210889103	99.00521634
chr2	199207419	0.1916517963	99.04440544
chr2	199211731	0.1843307241	99.04523184
chr2	199211759	0.2896097651	99.045237
chr2	199219517	0.3140950705	99.0474838
chr2	199239948	0.3019463531	99.05390107
chr2	199242323	0.1685626406	99.0546182
chr2	199242335	0.1778352628	99.05462022
chr2	199242449	0.1952809157	99.05464049
chr2	199242454	0.2141935668	99.05464147
chr2	199242548	0.2236874305	99.0546616
chr2	199244209	0.2704398601	99.05503315
chr2	199244212	0.2826724985	99.05503396
chr2	199244344	0.3056574529	99.05507127
chr2	199358299	0.2518583365	99.08990247
chr2	199361722	0.2622721764	99.09076458
chr2	199461165	0.2581037376	99.11684571
chr2	199464175	0.2272069658	99.1176226
chr2	199465581	0.2140442244	99.11794206
chr2	199472662	0.2205018301	99.1194577
chr2	199475363	0.2059122411	99.12005328
chr2	199475374	0.2235889675	99.12005554
chr2	199476518	0.2090784367	99.12031133
chr2	199476564	0.2166988983	99.12032095
chr2	199551176	0.2056289147	99.13648928
chr2	199600447	5.010511755	99.14662083
chr2	199600476	5.001017891	99.14676613
chr2	199600492	4.991480113	99.14684615
chr2	199600559	4.981991074	99.14718058
chr2	199601149	1.800837465	99.15011995
chr2	199601189	1.787572662	99.15019199
chr2	199603148	0.0876628815	99.15369384
chr2	199603165	0.3011662528	99.15369533
chr2	199603169	0.2917457411	99.15369654
chr2	199603200	0.5016134938	99.15370558
chr2	199603242	0.7279188033	99.15372665
chr2	199603261	0.9427177697	99.15374048
chr2	199603405	1.132312993	99.15387623
chr2	199603501	2.240636428	99.15398493
chr2	199604493	2.30431211	99.15620764
chr2	199606559	2.294934106	99.16096835
chr2	199606567	1.186610672	99.16098671
chr2	199619081	0.7583083345	99.17583596
chr2	199619091	0.5444690766	99.17584354
chr2	199619109	0.3868155265	99.17585334
chr2	199619138	0.1730435303	99.17586456
chr2	199619371	0.1890428104	99.17590488
chr2	199619377	0.2480205371	99.17590601
chr2	199639891	0.2705491088	99.1809939
chr2	199639934	0.2995410775	99.18100554
chr2	199676967	0.2408090154	99.19209844
chr2	199676994	0.2117093338	99.19210494
chr2	199677334	0.225715556	99.19217693
chr2	199677357	0.2235928737	99.19218212
chr2	199678217	2.385246596	99.19237441
chr2	199678368	2.444373794	99.19273458
chr2	199678378	2.516446766	99.19275902
chr2	199679305	2.63032157	99.19509177
chr2	199679742	2.660959274	99.19624122
chr2	199679789	0.6603992539	99.19636628
chr2	199679802	0.6896394457	99.19637487
chr2	199704091	0.7053962835	99.21312552
chr2	199704159	0.736919899	99.21317349
chr2	199707601	0.8390557362	99.21570997
chr2	199708724	0.8893964896	99.21665223
chr2	199708787	0.9283706681	99.21670826
chr2	199709045	0.9444979717	99.21694778
chr2	199733685	1.004070211	99.24022021
chr2	199790655	0.894010788	99.29742209
chr2	199790727	3.993188313	99.29748646
chr2	199790796	4.003397567	99.29776199
chr2	199794825	0.6865409042	99.31389168
chr2	199794900	0.713715209	99.31394317
chr2	199795976	0.7180910284	99.31471112
chr2	199796016	0.7141616689	99.31473985
chr2	199796025	0.728306892	99.31474628
chr2	199796036	0.7264984326	99.31475429
chr2	199873999	0.7360736485	99.37139428
chr2	199874130	0.8485969056	99.37149071
chr2	199874352	0.7615476696	99.3716791
chr2	199874359	2.814038075	99.37168443
chr2	199874364	2.887538244	99.3716985
chr2	199874369	2.87500493	99.37171294
chr2	199874409	5.154499602	99.37182794
chr2	199874417	5.23023722	99.37186917
chr2	199874451	5.267635909	99.372047
chr2	199874576	5.379592935	99.37270546
chr2	199874666	5.417080331	99.37318962
chr2	199874667	5.535160793	99.37319504
chr2	199876106	3.571373241	99.38116013
chr2	199876137	1.738926637	99.38127085
chr2	199903445	3.850303423	99.42875745
chr2	199904928	1.320620478	99.43446745
chr2	199906757	1.215571645	99.43688287
chr2	199906776	1.200693583	99.43690596
chr2	199907224	1.176112066	99.43744388
chr2	199912630	1.617770456	99.44380194
chr2	199918688	6.139381105	99.45360239
chr2	199918739	6.899525779	99.4539155
chr2	199919284	6.775753876	99.45767574
chr2	199919392	6.78558526	99.45840752
chr2	199919427	2.094697111	99.45864502
chr2	199919751	2.04508937	99.4593237
chr2	199919949	1.976485412	99.45972863
chr2	199920324	1.508260432	99.46046981
chr2	199920385	1.583895218	99.46056181
chr2	199920404	2.636596473	99.46059191
chr2	199923632	1.557267525	99.46910284
chr2	199923684	0.8011921437	99.46918382
chr2	199923685	0.8051460177	99.46918462
chr2	199965313	0.2150758055	99.50270124
chr2	199965372	0.1956185084	99.50271393
chr2	199965506	0.2415278771	99.50274014
chr2	199965923	0.2765114499	99.50284086
chr2	199965948	0.3208232933	99.50284777
chr2	199965972	0.3337464555	99.50285547
chr2	200113542	0.2878370868	99.55210643
chr2	200113667	0.2699505521	99.55214241
chr2	200113717	0.3288736499	99.55215591
chr2	200118839	0.3374070567	99.5538404
chr2	200119806	0.2932384906	99.55416668
chr2	200122517	0.2716225034	99.55496164
chr2	200123607	0.244350056	99.55525771
chr2	200123643	0.2341408019	99.55526651
chr2	200228869	0.2263850522	99.57990421
chr2	200228886	0.2168098364	99.57990806
chr2	200228920	0.1743898759	99.57991543
chr2	200229196	0.1449635763	99.57996356
chr2	200229314	0.2209192128	99.57998067
chr2	200229321	0.2080181275	99.57998221
chr2	200229331	0.1951473403	99.57998429
chr2	200229634	0.1993086896	99.58004342
chr2	200230218	0.9198599302	99.58015982
chr2	200230256	1.138389234	99.58019477
chr2	200230768	1.148178108	99.58077763
chr2	200230786	1.150149404	99.5807983
chr2	200233111	1.164552549	99.58347239
chr2	200233228	1.26446492	99.58360865
chr2	200233554	1.280181457	99.58402086
chr2	200233563	1.403619274	99.58403238
chr2	200234934	0.683068033	99.58595675
chr2	200259080	0.6630395673	99.60245011
chr2	200259125	0.6761471965	99.60247994
chr2	200259476	0.6635384586	99.60271727
chr2	200261092	0.5401006418	99.60378955
chr2	200261111	0.4299687461	99.60379981
chr2	200261157	0.3232539375	99.60381959
chr2	200261352	0.3279960526	99.60388262
chr2	200263888	0.3181217303	99.60471442
chr2	200264200	0.2363242385	99.60481368
chr2	200265032	0.2370223133	99.6050103
chr2	200267239	3.034057642	99.60553341
chr2	200267247	3.140275453	99.60555768
chr2	200267341	3.151025764	99.60585286
chr2	200267994	3.198540461	99.60791048
chr2	200268412	0.382927834	99.60924747
chr2	200268542	0.4016214178	99.60929726
chr2	200391200	0.3805077407	99.65855933
chr2	200449650	0.3278760168	99.68080001
chr2	200449767	0.3274496786	99.68083837
chr2	200450289	0.3216192078	99.6810093
chr2	200450322	0.3029256242	99.68101992
chr2	200452424	0.3437520673	99.68165667
chr2	200479213	0.4505990897	99.69086544
chr2	200479303	0.4819438761	99.69090599
chr2	200482623	0.6116337288	99.69250605
chr2	200483537	0.6470379715	99.69306508
chr2	200483600	0.6682555031	99.69310584
chr2	200483633	0.7049907032	99.6931279
chr2	200483717	0.7554521364	99.69318712
chr2	200540869	0.6971113121	99.73636272
chr2	200542633	0.7810489164	99.73759242
chr2	200576663	0.7193997482	99.76417152
chr2	200576772	1.575278479	99.76424993
chr2	200576805	1.579979059	99.76430191
chr2	200576908	2.664953746	99.76446465
chr2	200577878	2.787648931	99.76704966
chr2	200577909	2.7207176	99.76713607
chr2	200578270	2.994229175	99.76811825
chr2	200578284	3.442563643	99.76816017
chr2	200578302	3.452373117	99.76822214
chr2	200578318	3.466128599	99.76827738
chr2	200578321	3.471787962	99.76828777
chr2	200578391	3.874739775	99.7685308
chr2	200578392	4.828679751	99.76853467
chr2	200582379	5.345582649	99.78778662
chr2	200582451	7.456927913	99.7881715
chr2	200582480	7.422583699	99.78838775
chr2	200583436	8.172315646	99.79548374
chr2	200583438	7.662546723	99.79550009
chr2	200584508	8.171857223	99.80369901
chr2	200584542	6.56589336	99.80397686
chr2	200587710	6.851455527	99.82477761
chr2	200587714	6.828867946	99.82480501
chr2	200587757	6.031918758	99.82509865
chr2	200587800	6.127514782	99.82535803
chr2	200587818	6.394240959	99.82546832
chr2	200587825	6.162872113	99.82551308
chr2	200587913	7.025139564	99.82605541
chr2	200587962	7.002075385	99.82639965
chr2	200590754	7.01088519	99.84594944
chr2	200591180	5.701309836	99.84893608
chr2	200591231	5.444700893	99.84922684
chr2	200591248	5.454293706	99.8493194
chr2	200591401	5.461454079	99.85015391
chr2	200595478	5.037021174	99.87242026
chr2	200595520	5.069609439	99.87263181
chr2	200595527	3.735438031	99.8726673
chr2	200596386	3.320162845	99.87587604
chr2	200596566	2.991793252	99.87647367
chr2	200596571	2.620216193	99.87648863
chr2	200599779	1.436615921	99.88489428
chr2	200600634	1.341413945	99.88612259
chr2	200601068	1.406444144	99.88670476
chr2	200601089	1.299847039	99.8867343
chr2	200662138	1.309560837	99.96608866
chr2	200662309	1.341509139	99.9663126
chr2	200663306	1.314716407	99.96765008
chr2	200663385	1.325366029	99.96775394
chr2	200663483	1.336197595	99.96788383
chr2	200663493	1.28174404	99.96789719
chr2	200664031	1.335868777	99.96858677
chr2	200664083	1.272044333	99.96865624
chr2	200664087	1.277390523	99.96866132
chr2	200664106	1.19690423	99.96868559
chr2	200693267	1.168021037	100.0035885
chr2	200693725	1.159167077	100.0041235
chr2	200704969	1.130884412	100.0171571
chr2	200705346	1.104140621	100.0175835
chr2	200749814	1.114883625	100.0666824
chr2	200906288	2.77168747	100.2411327
chr2	200906536	2.770943463	100.2418201
chr2	200908329	1.165583033	100.2467884
chr2	200908343	1.129383371	100.2468047
chr2	200920760	1.129195656	100.2608283
chr2	200920820	1.118610965	100.260896
chr2	200924714	1.074497854	100.2652519
chr2	201011813	1.033406231	100.3588396
chr2	201011921	0.9924424875	100.3589512
chr2	201011962	1.010045054	100.3589919
chr2	201012691	0.9774987387	100.3597282
chr2	201064098	0.9610717897	100.4099785
chr2	201064129	0.9465685665	100.4100083
chr2	201065974	0.9147549559	100.4117547
chr2	201066037	0.7851421904	100.4118123
chr2	201066124	0.6340099287	100.4118806
chr2	201066166	0.5630120282	100.4119073
chr2	201069511	0.5486734866	100.4137905
chr2	201070414	0.7896166357	100.414286
chr2	201111886	0.8074723429	100.447033
chr2	201152847	0.7009069173	100.4801078
chr2	201157077	0.6764248625	100.4830727
chr2	201157105	0.6099073175	100.4830916
chr2	201157117	0.5945343836	100.4830989
chr2	201157134	0.588423152	100.483109
chr2	201157150	0.6061373167	100.4831185
chr2	201178624	0.6014717168	100.4961346
chr2	201178750	0.6427736904	100.4962104
chr2	201178763	0.6825282612	100.4962188
chr2	201178806	0.6953515477	100.4962481
chr2	201178876	0.6827913654	100.4962968
chr2	201178972	0.7109487666	100.4963624
chr2	201181460	0.7104674058	100.4981312
chr2	201299655	0.6089316145	100.5821049
chr2	201299656	0.6401912928	100.5821055
chr2	201299702	0.6299439193	100.582135
chr2	201299720	0.620664397	100.5821463
chr2	201299777	3.524202338	100.5821817
chr2	201302196	0.8267760639	100.5907067
chr2	201302220	0.9921293933	100.5907266
chr2	201302250	0.9873729532	100.5907563
chr2	201302262	0.9826156808	100.5907682
chr2	201302343	1.008210484	100.5908478
chr2	201303307	1.053549084	100.5918197
chr2	201303395	1.043079594	100.5919124
chr2	201304764	1.119123576	100.5933404
chr2	201304803	1.14497403	100.593384
chr2	201336168	1.178925349	100.6292961
chr2	201336186	1.185536644	100.6293173
chr2	201435109	8.588041106	100.7465942
chr2	201435450	8.57022645	100.7495227
chr2	201435481	9.037389273	100.7497884
chr2	201435791	33.65284128	100.75259
chr2	201436256	6.031100071	100.7682385
chr2	201436257	8.256622797	100.7682446
chr2	201436288	11.50887112	100.7685005
chr2	201436769	11.54511016	100.7740363
chr2	201436805	11.64666078	100.7744519
chr2	201436992	12.0375188	100.7766298
chr2	201437001	10.2294575	100.7767382
chr2	201437011	10.97754186	100.7768405
chr2	201439532	11.20003382	100.8045149
chr2	201439555	11.14304377	100.8047725
chr2	201439571	8.478492095	100.8049508
chr2	201443301	7.996147219	100.8365755
chr2	201443421	9.485897176	100.8375351
chr2	201443787	9.034619666	100.8410069
chr2	201443802	10.69096825	100.8411424
chr2	201445686	10.29928206	100.8612842
chr2	201445701	10.67375906	100.8614387
chr2	201445702	15.23978012	100.8614494
chr2	201445712	15.25322632	100.8616018
chr2	201446300	7.950293835	100.8705707
chr2	201450721	7.958800788	100.9057189
chr2	201450732	7.746110536	100.9058065
chr2	201450753	7.797874054	100.9059691
chr2	201450805	7.134049156	100.9063746
chr2	201450864	6.477788119	100.9067955
chr2	201450931	7.354948587	100.9072295
chr2	201450940	7.384192804	100.9072957
chr2	201454775	7.184059364	100.9356141
chr2	201454805	3.095411258	100.9358296
chr2	201455370	3.245288889	100.9375785
chr2	201455403	3.03776408	100.9376856
chr2	201455833	3.102964456	100.9389919
chr2	201455834	1.529503788	100.938995
chr2	201457033	1.231366508	100.9408289
chr2	201459398	1.354053904	100.943741
chr2	201459421	1.367956551	100.9437722
chr2	201512208	1.375748634	101.0159825
chr2	201513238	1.344429095	101.0173995
chr2	201513304	1.309954289	101.0174883
chr2	201513449	1.285398882	101.0176782
chr2	201513483	1.293179832	101.0177219
chr2	201513541	1.247240672	101.0177969
chr2	201514678	1.21823569	101.019215
chr2	201514731	1.226073856	101.0192796
chr2	201516380	1.055260427	101.0213014
chr2	201516387	1.015192084	101.0213088
chr2	201516400	0.9634285662	101.021322
chr2	201567138	0.9970395653	101.0702044
chr2	201567204	1.005956104	101.0702702
chr2	201574165	0.985704788	101.0772727
chr2	201574198	0.7471334287	101.0773052
chr2	201577541	0.740675823	101.0798029
chr2	201578703	0.7141219971	101.0806635
chr2	201579028	0.7197193597	101.0808956
chr2	201685211	0.7165683786	101.1573176
chr2	201685300	0.6721419966	101.1573814
chr2	201685324	0.6234764252	101.1573975
chr2	201685417	0.7421906771	101.1574555
chr2	201686218	0.755154365	101.15805
chr2	201751242	0.7495285751	101.2071531
chr2	201751287	0.7472387988	101.2071869
chr2	201751371	0.7816320261	101.2072496
chr2	201751981	0.804804211	101.2077264
chr2	201850173	1.398130539	101.2867517
chr2	201948266	0.8321030809	101.4238986
chr2	201948307	0.711652476	101.4239327
chr2	201948344	1.91179384	101.423959
chr2	201948352	1.877182369	101.4239743
chr2	201950185	3.523396135	101.4274152
chr2	201950189	11.05230512	101.4274293
chr2	201950193	28.97462122	101.4274735
chr2	201950206	28.92247822	101.4278502
chr2	201950391	11.76025776	101.4332008
chr2	201950575	11.63918606	101.4353647
chr2	201950598	11.86236481	101.4356324
chr2	201950604	12.73440364	101.4357036
chr2	201951244	8.368863455	101.4438536
chr2	201951312	5.321142437	101.4444227
chr2	201951364	5.348360273	101.4446994
chr2	201951698	5.31640029	101.4464857
chr2	201951729	5.336982506	101.4466505
chr2	201951818	6.894663143	101.4471255
chr2	201951894	6.882518339	101.4476495
chr2	201951905	6.908106203	101.4477252
chr2	201952264	5.233738413	101.4502052
chr2	201953159	5.226014027	101.4548894
chr2	201953270	6.678183723	101.4554695
chr2	201954402	5.405112223	101.4630292
chr2	201954583	1.237992284	101.4640076
chr2	201954586	1.23602099	101.4640113
chr2	201954716	1.203516473	101.464172
chr2	201954722	1.900011268	101.4641792
chr2	201960758	1.366478719	101.4756476
chr2	201960766	1.395913173	101.4756586
chr2	201960777	1.425093856	101.4756739
chr2	201960844	1.454555108	101.4757694
chr2	201965604	1.485284518	101.4826931
chr2	201965824	0.8329409316	101.4830199
chr2	201965827	1.048500996	101.4830224
chr2	201965833	1.110083725	101.4830286
chr2	201965836	1.177328465	101.483032
chr2	201965846	5.069565771	101.4830437
chr2	201966748	1.302249085	101.4876165
chr2	202030544	1.239882093	101.5706948
chr2	202076172	1.189766941	101.6272681
chr2	202076186	1.293168165	101.6272848
chr2	202076213	0.9561788868	101.6273197
chr2	202077226	1.400551795	101.6282883
chr2	202077228	1.371371115	101.6282911
chr2	202084108	1.368979126	101.6377261
chr2	202084222	0.9206402904	101.6378822
chr2	202084707	0.8950524254	101.6383287
chr2	202084748	0.8689824303	101.6383654
chr2	202084751	0.8437299911	101.638368
chr2	202084873	0.3993570801	101.6384709
chr2	202086737	0.3712481253	101.6392154
chr2	202086989	0.3431999577	101.6393089
chr2	202089627	0.3749978573	101.6402143
chr2	202089634	0.5194021283	101.6402169
chr2	202089703	0.6306519601	101.6402527
chr2	202089712	0.5417323113	101.6402584
chr2	202090265	0.5451756318	101.640558
chr2	202090327	0.6716589319	101.6405918
chr2	202090336	0.8180906328	101.6405978
chr2	202090347	0.9645770921	101.6406068
chr2	202135735	0.991903051	101.6843871
chr2	202135758	1.058572937	101.6844099
chr2	202135959	0.985095314	101.6846226
chr2	202136665	0.7671360593	101.6853181
chr2	202136731	0.6949845499	101.6853687
chr2	202136742	0.6810942177	101.6853764
chr2	202136832	0.6347918199	101.6854377
chr2	202136843	0.5617391149	101.6854447
chr2	202139041	0.4928522603	101.6866794
chr2	202140084	0.5191987663	101.6871934
chr2	202140530	1.472209533	101.687425
chr2	202140868	1.45398573	101.6879226
chr2	202141987	1.666932279	101.6895496
chr2	202144943	1.695540796	101.6944771
chr2	202145082	0.9490294495	101.6947127
chr2	202147494	1.084677514	101.6970018
chr2	202147504	1.119884211	101.6970126
chr2	202147570	1.136544437	101.6970866
chr2	202147697	1.164515493	101.6972309
chr2	202149284	1.107554538	101.699079
chr2	202149502	1.289328933	101.6993204
chr2	202172545	0.9341334965	101.7290304
chr2	202174390	0.6568156052	101.7307539
chr2	202174427	0.5666439281	101.7307782
chr2	202186121	0.5824072367	101.7374045
chr2	202260090	0.4547953302	101.7804846
chr2	202263714	0.3976246272	101.7821328
chr2	202263723	0.3796734339	101.7821364
chr2	202268571	0.4325522648	101.783977
chr2	202269062	0.4243787838	101.7841894
chr2	202269076	0.5142838594	101.7841954
chr2	202269184	0.4353764105	101.7842509
chr2	202269192	0.4918257952	101.7842544
chr2	202341991	0.4610084554	101.8200588
chr2	202344667	0.3991846995	101.8212925
chr2	202344672	0.354233648	101.8212945
chr2	202345204	0.3111421269	101.8214829
chr2	202350674	0.3058744751	101.8231849
chr2	202351536	0.2892142496	101.8234485
chr2	202351547	0.3241386674	101.8234517
chr2	202351578	0.332738872	101.8234618
chr2	202351738	0.3170053798	101.823515
chr2	202353712	0.3253125823	101.8241408
chr2	202492340	0.3011770099	101.8692382
chr2	202495484	0.2545961824	101.8701851
chr2	202499644	0.2498386491	101.8712442
chr2	202499706	0.3243014603	101.8712597
chr2	202512827	0.2750255077	101.8755149
chr2	202512884	0.33420298	101.8755306
chr2	202512885	0.3720918211	101.8755309
chr2	202512891	0.416288529	101.8755331
chr2	202512892	0.4318506132	101.8755335
chr2	202527137	0.4889831693	101.8816852
chr2	202527549	0.4696724895	101.8818867
chr2	202527742	0.5109668008	101.8819774
chr2	202529372	0.6477673988	101.8828102
chr2	202530746	0.6647179937	101.8837003
chr2	202577975	0.7030342967	101.9150942
chr2	202578730	0.7278614428	101.915625
chr2	202580860	0.7492017239	101.9171754
chr2	202580880	0.7720063654	101.9171903
chr2	202581199	0.8117681268	101.9174366
chr2	202582576	0.973344209	101.9185544
chr2	202582822	1.105946915	101.9187939
chr2	202589415	1.153448152	101.9260854
chr2	202613673	1.182357247	101.9540657
chr2	202613810	1.139818655	101.9542277
chr2	202662488	1.192820763	102.0097118
chr2	202662629	1.286408417	102.00988
chr2	202662944	1.330663987	102.0102852
chr2	202663069	1.381039337	102.0104515
chr2	202663372	1.386285964	102.01087
chr2	202663435	1.436418293	102.0109573
chr2	202665097	1.291668836	102.0133447
chr2	202665108	1.280861736	102.0133589
chr2	202666513	1.351655802	102.0151585
chr2	202666661	1.291167723	102.0153585
chr2	202666666	1.275601497	102.015365
chr2	202729213	1.260795327	102.09515
chr2	202729270	1.206515734	102.0952219
chr2	202729890	1.199675661	102.0959699
chr2	202729909	1.198080398	102.0959927
chr2	202729926	1.073973744	102.0960131
chr2	202730525	1.762079248	102.0966564
chr2	202730569	1.733650938	102.0967339
chr2	202731218	1.930117852	102.0978591
chr2	202731251	1.888933197	102.0979228
chr2	202731260	1.800854561	102.0979398
chr2	202731729	1.784061864	102.0987844
chr2	202733606	2.288814711	102.102133
chr2	202734464	2.216399767	102.1040968
chr2	202734482	2.222270538	102.1041367
chr2	202734484	2.865851034	102.1041412
chr2	202739675	2.489427693	102.1190178
chr2	202739728	1.025666039	102.1191498
chr2	202739813	0.4782003312	102.1192369
chr2	202740053	0.5185781878	102.1193517
chr2	202740095	0.4972379067	102.1193735
chr2	202740754	0.5005846703	102.1197012
chr2	202741449	0.5469677836	102.1200491
chr2	202741476	0.6174155442	102.1200638
chr2	202741924	0.6716207191	102.1203404
chr2	202814711	0.578837392	102.1692257
chr2	202820801	0.6438351009	102.1727508
chr2	202821214	0.4876673019	102.1730167
chr2	202823846	0.2624797072	102.1743003
chr2	202824190	0.1948221306	102.1743906
chr2	202824211	0.2009201883	102.1743947
chr2	202824217	0.2160917876	102.1743959
chr2	202824406	0.2630563325	102.1744367
chr2	202824969	0.3409255355	102.1745848
chr2	202825080	0.3710060522	102.1746226
chr2	202896761	0.4637343061	102.2012167
chr2	202897290	0.4944649286	102.201462
chr2	202955164	0.443883747	102.2300787
chr2	202955706	0.4543074899	102.2303193
chr2	202955831	0.4619861797	102.2303761
chr2	202955869	0.5086158146	102.2303936
chr2	202955876	0.5483971259	102.2303972
chr2	203041280	0.5013705125	102.2772325
chr2	203041283	0.415203985	102.277234
chr2	203041284	0.3994948621	102.2772344
chr2	203041296	0.2970387356	102.2772392
chr2	203041325	1.196227381	102.2772478
chr2	203041362	1.194273654	102.2772921
chr2	203043113	1.474037199	102.2793833
chr2	203046756	1.077054101	102.2847532
chr2	203048015	1.089865253	102.2861092
chr2	203048196	2.94256234	102.2863065
chr2	203048198	2.897605352	102.2863123
chr2	203048555	2.936326581	102.2873468
chr2	203048636	3.552597827	102.2875846
chr2	203049034	3.562476168	102.2889986
chr2	203049110	3.573803195	102.2892693
chr2	203049593	3.592311284	102.2909955
chr2	203052207	3.605439446	102.3003858
chr2	203052352	3.667200959	102.3009086
chr2	203052566	5.779812461	102.3016933
chr2	203052825	4.750230114	102.3031903
chr2	203053775	4.43151696	102.307703
chr2	203054150	4.271346647	102.3093648
chr2	203054175	3.703004172	102.3094716
chr2	203054182	1.026401663	102.3094975
chr2	203055020	1.579718401	102.3103577
chr2	203055023	1.606130232	102.3103624
chr2	203055152	1.672046887	102.3105696
chr2	203056511	1.657630359	102.3128419
chr2	203061614	1.042131691	102.3213008
chr2	203061631	0.6164998284	102.3213185
chr2	203061676	0.7115181258	102.3213463
chr2	203173305	0.7172944019	102.4007723
chr2	203173900	0.7416564767	102.4011991
chr2	203311019	0.7287094836	102.5028943
chr2	203311049	4.947056613	102.5029162
chr2	203311089	4.921187206	102.503114
chr2	203311175	5.016007816	102.5035373
chr2	203311186	5.002392027	102.5035924
chr2	203312341	2.464739296	102.5093702
chr2	203313262	2.451928144	102.5116402
chr2	203313302	2.497238802	102.5117383
chr2	203313376	2.616995435	102.5119231
chr2	203313384	2.601730148	102.511944
chr2	203313394	1.139479949	102.5119701
chr2	203313398	1.151020137	102.5119746
chr2	203323907	1.340107673	102.5240707
chr2	203349109	1.341242346	102.5578441
chr2	203349111	1.264553336	102.5578468
chr2	203349163	1.253000725	102.5579125
chr2	203349184	1.241184055	102.5579388
chr2	203379662	1.129029354	102.5957676
chr2	203379670	1.079418147	102.5957767
chr2	203379782	0.9577852285	102.5958976
chr2	203379967	0.8059147134	102.5960748
chr2	203393031	0.6765524378	102.6066032
chr2	203398331	0.6688724119	102.610189
chr2	203398370	0.6511024655	102.610215
chr2	203398794	0.378659476	102.6104911
chr2	203403046	0.2564069976	102.6121012
chr2	203403070	0.2467179598	102.6121073
chr2	203403072	0.2373233637	102.6121078
chr2	203403134	0.1994553993	102.6121225
chr2	203403463	0.1369347993	102.6121881
chr2	203403752	8.580592745	102.6122277
chr2	203404036	8.575524178	102.6146646
chr2	203404050	8.585676092	102.6147847
chr2	203404154	0.2594187218	102.6156776
chr2	203404285	0.2220393683	102.6157116
chr2	203405094	0.354179253	102.6158912
chr2	203405130	0.3737316464	102.6159039
chr2	203408496	0.3907062885	102.6171619
chr2	203430685	0.3617370585	102.6258313
chr2	203430958	0.234960471	102.6259301
chr2	203434708	0.219042656	102.6268112
chr2	203439533	0.1662993358	102.627868
chr2	203513522	0.120371973	102.6401724
chr2	203513832	0.1271461244	102.6402097
chr2	203514820	0.1992795135	102.6403353
chr2	203515502	0.2672631396	102.6404712
chr2	203515528	0.275944771	102.6404782
chr2	203515530	0.3418724148	102.6404787
chr2	203515580	0.4655905181	102.6404958
chr2	203515596	0.5242222423	102.6405033
chr2	203515675	0.5530581107	102.6405447
chr2	203515946	0.6762307156	102.6406945
chr2	203516011	0.7195178223	102.6407385
chr2	203516139	0.7624304747	102.6408306
chr2	203516211	0.7912983114	102.6408855
chr2	203519193	0.9424484547	102.6432451
chr2	203519274	0.9951284322	102.6433215
chr2	203607011	0.9386964618	102.7306311
chr2	203608564	0.9006393484	102.7320889
chr2	203608669	0.9242162804	102.7321834
chr2	203608684	0.8846482188	102.7321973
chr2	203608755	0.933755149	102.7322601
chr2	203608867	0.9568427106	102.7323647
chr2	203609309	0.995133445	102.7327876
chr2	203609394	0.9912188962	102.7328722
chr2	203671157	0.9566142083	102.7940928
chr2	203671169	0.9454836984	102.7941043
chr2	203671171	0.8687129743	102.7941062
chr2	203672544	0.8254148976	102.795299
chr2	203674006	0.9101372096	102.7965057
chr2	203674905	1.003904564	102.7973239
chr2	203674961	1.056653197	102.7973801
chr2	203685458	1.138884147	102.8084718
chr2	203738777	1.128732233	102.869196
chr2	203739382	2.036175646	102.8698789
chr2	203739473	2.031162502	102.8700642
chr2	203742734	2.005677879	102.8766878
chr2	203742921	1.393903864	102.8770629
chr2	203742933	1.369529544	102.8770796
chr2	203742948	1.254701496	102.8771001
chr2	203743159	1.518285086	102.8773649
chr2	203743419	1.890902297	102.8777596
chr2	203743915	1.865774037	102.8786975
chr2	203743943	2.310699851	102.8787498
chr2	203744045	2.758292008	102.8789854
chr2	203750355	7.97413184	102.8963903
chr2	203750947	7.488963415	102.901111
chr2	203751362	7.450443107	102.9042189
chr2	203751637	13.65119541	102.9062677
chr2	203751658	10.63049476	102.9065544
chr2	203752158	10.57954844	102.9118697
chr2	203752285	10.56515853	102.9132133
chr2	203752786	2.742061772	102.9185064
chr2	203752798	2.733904174	102.9185393
chr2	203756014	1.681202918	102.9273316
chr2	203756051	1.388814241	102.9273938
chr2	203756099	0.6741443656	102.9274604
chr2	203756209	0.6967672769	102.9275346
chr2	203756548	0.7082143377	102.9277708
chr2	203756944	0.7536027908	102.9280512
chr2	203756945	0.7990102695	102.928052
chr2	203756965	0.7807644498	102.928068
chr2	203760866	0.8040269734	102.9311137
chr2	203761594	0.814078137	102.9316991
chr2	203906416	0.684886438	103.0495955
chr2	203906556	0.6623011188	103.0496914
chr2	203906559	0.4565387088	103.0496934
chr2	203906679	0.4111502605	103.0497481
chr2	203906715	0.3759150935	103.0497629
chr2	203906819	0.353241917	103.049802
chr2	203906852	0.4253473881	103.0498137
chr2	203906876	0.4028100012	103.0498239
chr2	203906943	0.3116488479	103.0498509
chr2	203907025	0.2947054003	103.0498764
chr2	203971145	0.1362568386	103.068773
chr2	203971158	0.1766409332	103.0687747
chr2	203971180	0.1925706962	103.0687786
chr2	203976292	0.1734136796	103.069763
chr2	203976871	0.1248822859	103.0698634
chr2	203978876	0.1308102967	103.0701138
chr2	203978912	0.1780838793	103.0701185
chr2	204050790	0.2056741621	103.0829189
chr2	204050794	0.1584005815	103.0829197
chr2	204050797	0.2014949414	103.0829202
chr2	204051949	0.2063147984	103.0831523
chr2	204054666	0.220344151	103.0837128
chr2	204055303	0.2378240289	103.0838532
chr2	204055432	0.2482404235	103.0838839
chr2	204055453	0.3062387109	103.0838891
chr2	204114029	0.2696029031	103.1018273
chr2	204114043	0.4320853463	103.1018311
chr2	204120586	0.4162082857	103.1046582
chr2	204124084	0.8942927644	103.1061141
chr2	204127053	0.9143019481	103.1087693
chr2	204128379	0.9223215258	103.1099816
chr2	204128433	0.9626677411	103.1100315
chr2	204128439	0.9842836525	103.1100372
chr2	204128873	0.7660786222	103.1104644
chr2	204129567	0.7917580413	103.1109961
chr2	204129650	0.8594359984	103.1110618
chr2	204129683	0.8925647223	103.1110901
chr2	204131228	0.4078346853	103.1124692
chr2	204131704	0.4110039699	103.1126633
chr2	204238232	0.4355818972	103.1564467
chr2	204296881	0.3473887589	103.1819932
chr2	204297354	0.3336068618	103.1821575
chr2	204348579	0.3180829617	103.1992465
chr2	204348693	0.3025694796	103.1992827
chr2	204376491	0.2997929895	103.2076936
chr2	204378389	0.3029939814	103.2082626
chr2	204378445	0.3226537922	103.2082795
chr2	204381660	0.2987533307	103.2093169
chr2	204382295	0.3285436279	103.2095066
chr2	204382311	0.4142337334	103.2095118
chr2	204384721	0.4009114818	103.2105101
chr2	204384725	0.4055700952	103.2105118
chr2	204384761	0.4259755456	103.2105264
chr2	204434127	0.3603950368	103.2315551
chr2	204434181	0.3391668726	103.2315745
chr2	204434199	0.3450975007	103.2315806
chr2	204435580	0.3851066802	103.2320572
chr2	204435634	0.3740041451	103.232078
chr2	204439681	0.4125599978	103.2335916
chr2	204519980	0.3955714121	103.2667198
chr2	204519988	0.3715732217	103.2667229
chr2	204551232	0.4969303978	103.2783324
chr2	204551291	0.3851459275	103.2783617
chr2	204552107	0.5748574822	103.2786759
chr2	204569541	0.5572552048	103.288698
chr2	204569796	0.5875944626	103.2888401
chr2	204605447	0.422228107	103.3097884
chr2	204605551	0.4280851365	103.3098324
chr2	204639685	0.4361626082	103.3244446
chr2	204640068	0.4295061675	103.3246117
chr2	204641211	0.393952258	103.3251026
chr2	204645391	0.3474442931	103.3267493
chr2	204711416	0.341131977	103.3496893
chr2	204712323	0.3199223621	103.3499987
chr2	204731180	0.4517601758	103.3560315
chr2	204731246	0.4682284819	103.3560613
chr2	204731408	0.4472020751	103.3561372
chr2	204733246	0.4375194708	103.3569591
chr2	204733586	0.418794882	103.3571079
chr2	204756955	0.2869570683	103.3668947
chr2	204756974	0.2767210784	103.3669002
chr2	204757082	0.2601428639	103.36693
chr2	204757093	0.2923922629	103.3669329
chr2	204758158	0.3247715199	103.3672443
chr2	204758159	0.3517508998	103.3672446
chr2	204758196	0.365399008	103.3672576
chr2	204934681	0.3410250087	103.4317451
chr2	204937589	0.3420756579	103.4327368
chr2	204937670	0.4711416494	103.4327645
chr2	204937685	0.5639204007	103.4327716
chr2	205007177	0.544341664	103.4719595
chr2	205007312	0.7620442491	103.472033
chr2	205009165	0.7145048023	103.4734451
chr2	205009542	0.7052790797	103.4737144
chr2	205010064	0.9970128095	103.4740826
chr2	205010067	2.179279114	103.4740856
chr2	205010104	2.426547898	103.4741662
chr2	205010342	2.697833197	103.4747437
chr2	205010786	2.684382116	103.4759416
chr2	205014881	1.934534647	103.4869341
chr2	205014895	2.313920744	103.4869612
chr2	205014923	2.269925306	103.487026
chr2	205019028	1.511628013	103.496344
chr2	205020257	2.787198452	103.4982018
chr2	205022861	2.747303181	103.5054597
chr2	205022868	2.476017882	103.5054789
chr2	205022921	3.377033902	103.5056102
chr2	205022931	3.464663991	103.5056439
chr2	205022949	3.424809895	103.5057063
chr2	205023017	13.10842871	103.5059392
chr2	205024009	9.438523735	103.5189427
chr2	205024080	6.241797818	103.5196129
chr2	205024127	0.2023040553	103.5199062
chr2	205024384	0.2320839124	103.5199582
chr2	205060376	0.2240064407	103.5283114
chr2	205061709	0.1363763502	103.52861
chr2	205061819	0.1972570346	103.528625
chr2	205062090	0.2479943007	103.5286784
chr2	205062195	1.186416971	103.5287045
chr2	205065955	0.2889836359	103.5331654
chr2	205133182	0.3079751618	103.5525929
chr2	205133230	0.3282430829	103.5526077
chr2	205138091	0.3723772726	103.5542033
chr2	205138122	0.3885136894	103.5542148
chr2	205185729	0.376079831	103.5727108
chr2	205186409	0.3977934718	103.5729665
chr2	205186579	0.4195307254	103.5730342
chr2	205189045	0.3965209965	103.5740687
chr2	205189100	0.3697441189	103.5740905
chr2	205189189	0.3967143594	103.5741234
chr2	205200431	0.4593031487	103.5785833
chr2	205200578	0.4820845518	103.5786508
chr2	205203850	0.5761147054	103.5802282
chr2	205203878	0.5868652944	103.5802443
chr2	205203908	0.5704817003	103.5802619
chr2	205275199	0.522854969	103.6209322
chr2	205275600	0.5733425875	103.6211418
chr2	205279431	0.6347991852	103.6233383
chr2	205279465	0.6188836793	103.6233599
chr2	205281932	0.6243651363	103.6248867
chr2	205284177	0.6011040459	103.6262884
chr2	205300890	0.5971992131	103.6363346
chr2	205334711	0.6148690823	103.6565325
chr2	205334724	0.5904354918	103.6565405
chr2	205342906	0.5841116451	103.6613714
chr2	205342920	0.6073349006	103.6613796
chr2	205347931	0.6503234979	103.664423
chr2	205348709	0.761064443	103.6649289
chr2	205349641	0.9556170404	103.6656382
chr2	205349720	0.9826238085	103.6657137
chr2	205349740	1.136640034	103.6657334
chr2	205426508	1.099617027	103.752991
chr2	205426916	1.110782645	103.7534396
chr2	205426978	1.067794048	103.7535085
chr2	205488756	1.274378869	103.8194746
chr2	205488818	1.213604125	103.8195537
chr2	205489244	2.216833515	103.8200707
chr2	205489320	2.32049976	103.8202391
chr2	205492851	2.594190159	103.8284328
chr2	205492907	1.768328039	103.8285781
chr2	205493113	2.248429385	103.8289424
chr2	205493605	2.605731639	103.8300486
chr2	205493634	3.411782865	103.8301242
chr2	205503759	3.185286854	103.8646685
chr2	205503777	3.638791435	103.8647258
chr2	205520993	3.640008148	103.9273712
chr2	205521456	3.592341774	103.9290566
chr2	205523110	2.346618223	103.9349983
chr2	205523338	2.198948612	103.9355333
chr2	205523344	2.081264014	103.9355465
chr2	205523352	2.275276793	103.9355632
chr2	205526045	2.272852959	103.9416905
chr2	205526145	1.769115085	103.9419178
chr2	205526152	1.524983834	103.9419301
chr2	205526183	1.505724812	103.9419774
chr2	205526279	1.249619004	103.942122
chr2	205526326	1.049490984	103.9421807
chr2	205526338	1.310404721	103.9421933
chr2	205526343	1.34094344	103.9421998
chr2	205528071	1.321997845	103.944517
chr2	205528130	1.34815804	103.944595
chr2	205531681	0.9822237904	103.9493823
chr2	205531808	0.9954512442	103.949507
chr2	205532243	1.142657952	103.9499401
chr2	205533860	1.318900761	103.9517877
chr2	205533891	0.8689974579	103.9518286
chr2	205533973	0.8743825628	103.9518999
chr2	205534742	0.8873403681	103.9525723
chr2	205555327	0.8363508562	103.9708382
chr2	205748866	0.9254047807	104.1327047
chr2	205748888	1.180443779	104.1327251
chr2	205748900	1.169890088	104.1327392
chr2	205756953	1.306443018	104.1421604
chr2	205757121	1.259309802	104.1423798
chr2	205778252	1.271524027	104.1689903
chr2	205778438	1.184176557	104.1692268
chr2	205778505	1.117379825	104.1693062
chr2	205778575	3.669546061	104.1693844
chr2	205778637	4.055235865	104.1696119
chr2	205778650	4.459437084	104.1696646
chr2	205781836	4.953062835	104.1838724
chr2	205781838	6.220747341	104.1838823
chr2	205781842	6.864712484	104.1839072
chr2	205782008	7.37098776	104.1850467
chr2	205782084	10.9305004	104.1856069
chr2	205787024	11.87927838	104.2396036
chr2	205787051	11.18372865	104.2399243
chr2	205787057	10.77952743	104.2399914
chr2	205787144	11.76238438	104.2409292
chr2	205787237	10.90773657	104.2420231
chr2	205788375	10.38790796	104.2544361
chr2	205788397	10.37850741	104.2546647
chr2	205788707	5.271293041	104.257882
chr2	205788720	3.605002406	104.2579505
chr2	205788738	2.810213942	104.2580154
chr2	205788745	3.556439091	104.2580351
chr2	205788796	3.349367046	104.2582165
chr2	205790059	3.369787825	104.2624467
chr2	205790078	3.483486746	104.2625107
chr2	205790096	3.597254185	104.2625734
chr2	205793953	1.649761282	104.2764481
chr2	205819965	1.185638967	104.3193616
chr2	205820008	1.07676675	104.3194126
chr2	205820015	1.101392946	104.3194202
chr2	205820044	1.855357812	104.3194521
chr2	205820052	1.750067376	104.319467
chr2	205820056	1.665758214	104.319474
chr2	205820514	1.451959242	104.3202369
chr2	205824238	1.411453888	104.325644
chr2	205824551	0.657489022	104.3260858
chr2	205824684	0.7262357778	104.3261732
chr2	205824737	0.6158498743	104.3262117
chr2	205825067	0.6631927378	104.3264149
chr2	205825086	0.7657551278	104.3264275
chr2	205901311	0.7775005948	104.3847972
chr2	205901344	0.7196837071	104.3848229
chr2	205901862	0.7163016469	104.3851957
chr2	205901888	0.730186031	104.3852143
chr2	205901943	0.7432091392	104.3852544
chr2	205908367	0.7657510118	104.3900288
chr2	205908463	0.7670931823	104.3901023
chr2	205956328	0.742156881	104.4268192
chr2	205956462	3.151335648	104.4269187
chr2	205956464	3.012619439	104.426925
chr2	205957095	2.986881568	104.428826
chr2	205957207	2.961239833	104.4291605
chr2	205958003	1.521449756	104.4315176
chr2	205958038	1.663392933	104.4315709
chr2	205958095	1.748690147	104.4316657
chr2	205961276	0.7104623284	104.4372283
chr2	205980439	0.5687381907	104.4508429
chr2	205981978	0.4092047641	104.4517182
chr2	205982220	0.4559477233	104.4518172
chr2	205982330	0.5002084791	104.4518673
chr2	205982334	0.5872245205	104.4518693
chr2	205982351	0.4636151742	104.4518793
chr2	205982368	0.4881611463	104.4518872
chr2	205982412	0.4701300644	104.4519087
chr2	206054918	0.4233871052	104.4859959
chr2	206056462	0.4111728798	104.4866496
chr2	206057082	0.3656911809	104.4869046
chr2	206059105	0.3390418234	104.4876444
chr2	206059114	0.2834239397	104.4876474
chr2	206059232	0.2704661343	104.4876809
chr2	206061792	0.2757968465	104.4883733
chr2	206061807	0.278521231	104.4883774
chr2	206061811	0.2906501379	104.4883785
chr2	206061871	0.3173368017	104.4883959
chr2	206084068	0.3334821123	104.4954399
chr2	206086502	0.3665983136	104.4962516
chr2	206093690	0.4664250872	104.4988867
chr2	206093701	0.5052308037	104.4988918
chr2	206101637	0.6562600868	104.5029013
chr2	206102407	0.712738217	104.5034066
chr2	206102446	0.7142698079	104.5034344
chr2	206146607	0.6999172382	104.5349773
chr2	206146632	0.6875955675	104.5349948
chr2	206146666	1.031951989	104.5350182
chr2	206148138	1.233537067	104.5365372
chr2	206156702	1.780386061	104.5471012
chr2	206162531	1.747527637	104.5574791
chr2	206162574	1.691049507	104.5575542
chr2	206162873	1.468356524	104.5580599
chr2	206162916	0.9215075302	104.558123
chr2	206163124	0.9483306966	104.5583147
chr2	206164995	0.7413605142	104.560089
chr2	206169223	0.5911076114	104.5632235
chr2	206186868	0.5065814766	104.5736536
chr2	206186880	0.503693825	104.5736596
chr2	206187409	0.5369770718	104.5739261
chr2	206189015	0.456736225	104.5747885
chr2	206189022	0.458544203	104.5747917
chr2	206189114	0.2449366643	104.5748339
chr2	206189205	0.270937017	104.5748562
chr2	206189287	0.3316514974	104.5748784
chr2	206252055	0.4108892869	104.5956955
chr2	206266004	0.4038672178	104.601427
chr2	206272540	0.5774764489	104.6040666
chr2	206272542	0.5936488085	104.6040678
chr2	206278131	0.5554359163	104.6073857
chr2	206289506	0.5209970025	104.6137038
chr2	206289810	0.4941738361	104.6138622
chr2	206294539	0.4780285256	104.6161991
chr2	206302203	0.5047588534	104.6198627
chr2	206341978	0.4926299458	104.6399395
chr2	206417914	0.5055986802	104.6773479
chr2	206482279	0.4954735669	104.7098907
chr2	206482661	0.5013876634	104.71008
chr2	206482730	0.5077830885	104.7101146
chr2	206491708	0.5252089857	104.7146735
chr2	206601261	0.528812374	104.7722117
chr2	206601264	0.5724488711	104.7722133
chr2	206679938	0.5251249607	104.8172501
chr2	206681101	0.5283961114	104.8178608
chr2	206683202	0.5220626694	104.818971
chr2	206683581	0.1098717501	104.8191689
chr2	206683660	0.5056420398	104.8191775
chr2	206684723	0.5159599141	104.819715
chr2	206686663	0.7696629531	104.820716
chr2	206686712	0.7624145102	104.8207537
chr2	206699776	0.5032732267	104.8307139
chr2	206705977	0.344430548	104.8338347
chr2	206706018	0.3554616849	104.8338488
chr2	206706282	0.2052486334	104.8339427
chr2	207014066	0.1338609704	104.8971149
chr2	207017554	0.1299593327	104.8975818
chr2	207020422	0.1399296389	104.8979545
chr2	207020599	0.1297521848	104.8979793
chr2	207031739	0.1400950255	104.8994247
chr2	207064367	0.145172586	104.9039958
chr2	207064390	0.1565443803	104.9039991
chr2	207064461	0.151858103	104.9040102
chr2	207221941	0.1498247526	104.9279248
chr2	207356270	0.1557642883	104.9480506
chr2	207360287	0.1454214456	104.9486763
chr2	207360289	0.1668261168	104.9486766
chr2	207360292	0.1553430731	104.9486771
chr2	207361246	0.1339266233	104.9488253
chr2	207363210	0.14419032	104.9490884
chr2	207519045	0.22789486	104.9715583
chr2	207519839	0.2310091067	104.9717392
chr2	207519922	0.2336557822	104.9717584
chr2	207520069	0.2373487804	104.9717927
chr2	207520479	0.2352493834	104.97189
chr2	207520628	0.2664360385	104.9719251
chr2	207544296	0.2709998213	104.9782311
chr2	207548692	0.2757448773	104.9794224
chr2	207619258	0.2838773555	104.9988806
chr2	207785576	0.288866557	105.0460945
chr2	207791212	0.3019883313	105.0477226
chr2	207830973	0.3102310129	105.05973
chr2	207850044	0.3217462371	105.0656464
chr2	208050180	0.3086244628	105.1300394
chr2	208068535	0.3011817973	105.1357042
chr2	208243232	0.2929391157	105.1883197
chr2	208262817	0.2042414843	105.1940569
chr2	208264831	0.1765233841	105.1944683
chr2	208313860	0.1753066703	105.2031231
chr2	208314092	0.1498496053	105.2031637
chr2	208321132	0.133891043	105.2042187
chr2	208394198	0.1261182341	105.2140015
chr2	208394835	0.1222381719	105.2140819
chr2	208440221	0.1289557878	105.2196298
chr2	208440259	0.1231983606	105.2196347
chr2	208440272	0.1218561902	105.2196363
chr2	208529815	0.1342568648	105.2305477
chr2	208547687	0.1000732728	105.2329471
chr2	208547704	0.162205674	105.2329488
chr2	208549351	0.2605920536	105.2332159
chr2	208551050	0.4153491269	105.2336587
chr2	208610649	0.3336476315	105.2584131
chr2	208610992	0.3283361319	105.2585275
chr2	208611328	0.3488987687	105.2586378
chr2	208611409	0.3395528433	105.2586661
chr2	208611415	0.3591760962	105.2586681
chr2	208611635	0.5698949555	105.2587472
chr2	208616192	0.6042795466	105.2613442
chr2	208616877	0.6025241163	105.2617581
chr2	208616924	0.6247334681	105.2617864
chr2	208646596	0.6507878726	105.2803235
chr2	208646875	0.6753983745	105.2805051
chr2	208646989	0.797487906	105.2805821
chr2	208647007	0.8408062438	105.2805964
chr2	208776585	1.157626373	105.3895464
chr2	208776628	1.251226455	105.3895962
chr2	208776713	1.225031459	105.3897026
chr2	208777020	1.430486108	105.3900786
chr2	208777174	1.415458425	105.3902989
chr2	208784583	1.395835171	105.4007861
chr2	208784848	1.36168259	105.401156
chr2	208784951	1.317465591	105.4012962
chr2	208785143	1.339053015	105.4015492
chr2	208802554	1.205970864	105.4248634
chr2	208802637	1.170480202	105.4249635
chr2	208802791	1.148667181	105.4251438
chr2	208802942	1.019529853	105.4253172
chr2	208803075	1.133707437	105.4254528
chr2	208803083	1.111937736	105.4254619
chr2	208803314	1.036340259	105.4257188
chr2	208803783	1.157997819	105.4262048
chr2	208803787	1.010492695	105.4262094
chr2	208803842	1.063070883	105.426265
chr2	208804037	8.78607009	105.4264723
chr2	208804477	1.063070883	105.4303382
chr2	208805020	1.028274476	105.4309154
chr2	208805029	0.7322460375	105.4309247
chr2	208822895	0.5607970138	105.444007
chr2	208823978	0.4019266313	105.4446143
chr2	208824145	24.01404687	105.4446814
chr2	208824289	0.5923728294	105.4481395
chr2	208824415	0.6254774164	105.4482141
chr2	208825040	0.4651736308	105.448605
chr2	208825049	0.4489035527	105.4486092
chr2	208842107	0.4372962086	105.4562666
chr2	208843555	0.2609171132	105.4568998
chr2	208846828	0.4011782949	105.4577538
chr2	208846843	0.3376445218	105.4577598
chr2	208846937	0.3262255719	105.4577916
chr2	208847032	0.3682165469	105.4578226
chr2	208922809	0.3234932654	105.4857249
chr2	208922932	0.3098538749	105.4857647
chr2	208923018	0.3083381545	105.4857913
chr2	208925882	0.3317175134	105.4866744
chr2	208925907	0.5377610978	105.4866827
chr2	208927063	0.4867964359	105.4873044
chr2	208927957	0.4448054609	105.4877396
chr2	208930939	0.4467878994	105.489066
chr2	208942555	0.425200475	105.4942559
chr2	208956883	0.3945182039	105.5003481
chr2	208956899	0.3982086031	105.5003544
chr2	208956930	0.4293200775	105.5003668
chr2	208958619	0.4339789767	105.5010919
chr2	208958658	0.4703524572	105.5011088
chr2	208958688	0.5645096971	105.5011229
chr2	208959062	0.5671231689	105.5013341
chr2	208963195	0.781156308	105.503678
chr2	208963205	0.9521928455	105.5036858
chr2	208963213	1.018186644	105.5036934
chr2	208963219	1.20338382	105.5036995
chr2	208963255	1.388062414	105.5037428
chr2	208963347	1.420973665	105.5038705
chr2	208995936	1.483223971	105.5501787
chr2	208995942	1.522692382	105.5501876
chr2	208996278	1.419790778	105.5506992
chr2	209050354	1.634861642	105.6274758
chr2	209050477	1.840745899	105.6276769
chr2	209050524	1.677322292	105.6277634
chr2	209051933	1.972628374	105.6301267
chr2	209052081	2.058950621	105.6304187
chr2	209065710	1.662955533	105.6584801
chr2	209065763	2.229220024	105.6585683
chr2	209065807	1.984478154	105.6586663
chr2	209066154	1.672283429	105.659355
chr2	209066159	1.648054757	105.6593633
chr2	209066189	1.549062458	105.6594128
chr2	209066203	1.516067802	105.6594345
chr2	209066212	1.468974015	105.6594481
chr2	209066223	1.435983842	105.6594643
chr2	209066598	1.403072591	105.6600028
chr2	209066850	2.194457721	105.6603563
chr2	209066922	2.190924322	105.6605143
chr2	209066952	3.756507625	105.6605801
chr2	209066982	3.555349019	105.6606927
chr2	209067060	5.666614555	105.6609701
chr2	209067136	6.509020505	105.6614007
chr2	209067429	6.519487401	105.6633079
chr2	209071229	4.962126056	105.6880819
chr2	209071232	4.100455447	105.6880968
chr2	209071359	3.359982968	105.6886176
chr2	209071369	3.39189994	105.6886512
chr2	209071676	3.369054516	105.6896925
chr2	209071841	1.994545793	105.6902484
chr2	209071930	1.273597676	105.6904259
chr2	209071962	1.274158016	105.6904666
chr2	209072434	0.688372299	105.691068
chr2	209182406	0.6422657286	105.7667697
chr2	209182410	0.6127870985	105.7667723
chr2	209182417	0.5822251702	105.7667766
chr2	209182909	0.5514659971	105.767063
chr2	209183159	0.4050574952	105.7672009
chr2	209185130	0.3464429686	105.7679993
chr2	209185165	0.3494837417	105.7680114
chr2	209185658	0.3853580258	105.7681837
chr2	209185661	0.4212334426	105.7681849
chr2	209185672	0.3534959318	105.7681895
chr2	209186108	0.4935962986	105.7683436
chr2	209280381	0.333497538	105.8148764
chr2	209280396	0.3175847153	105.8148814
chr2	209283793	1.761576776	105.8159603
chr2	209286039	1.693567456	105.8199168
chr2	209287763	1.677786397	105.8228365
chr2	209287894	1.662393435	105.8230563
chr2	209288377	0.88090994	105.8238592
chr2	209288463	0.8655672259	105.8239349
chr2	209288553	0.8780001579	105.8240128
chr2	209288557	0.09623929644	105.8240164
chr2	209288622	0.121230647	105.8240226
chr2	209288743	0.1739691644	105.8240373
chr2	209288751	0.2868436688	105.8240387
chr2	209288899	0.3758983522	105.8240811
chr2	209289096	0.4007235253	105.8241552
chr2	209289113	0.4411980499	105.824162
chr2	209289408	0.5224325328	105.8242921
chr2	209373070	0.1587479263	105.8679999
chr2	209373098	0.1183897313	105.8680043
chr2	209383822	0.1400845188	105.869274
chr2	209391926	0.1795832453	105.8704092
chr2	209392083	0.1691163493	105.8704374
chr2	209394044	0.2277702191	105.870769
chr2	209561869	0.1221560761	105.9089946
chr2	209561884	0.1019098918	105.9089964
chr2	209566161	0.1083611166	105.9094323
chr2	209692588	0.1334656139	105.923132
chr2	209697088	0.07209871706	105.9237326
chr2	209697707	0.07984448462	105.9237773
chr2	209698988	0.09828166397	105.9238795
chr2	209702755	0.1459042043	105.9242498
chr2	209702771	0.2085829984	105.9242521
chr2	209734024	0.2400025582	105.9307709
chr2	209738551	0.4059545554	105.9318574
chr2	209738590	0.4305527648	105.9318733
chr2	209738665	0.5541078551	105.9319056
chr2	209738707	0.5796397738	105.9319288
chr2	209738805	0.703529234	105.9319856
chr2	209738818	0.7619111615	105.9319948
chr2	209775754	0.8475525917	105.9601367
chr2	209775756	0.9301611817	105.9601384
chr2	209775794	0.9655560492	105.9601738
chr2	209807745	1.486770441	105.9910243
chr2	209808590	1.48293361	105.9922806
chr2	209811097	1.633257412	105.9959983
chr2	209814181	1.800066023	106.0010353
chr2	209827947	1.817769678	106.025815
chr2	209842177	1.973800245	106.0516818
chr2	209842209	2.055006526	106.051745
chr2	209842211	2.030636764	106.0517491
chr2	209842740	2.129178686	106.0528233
chr2	209842769	2.226462386	106.0528851
chr2	209847443	2.366141754	106.0632915
chr2	209847682	2.566693865	106.0638571
chr2	209847683	2.396524114	106.0638596
chr2	209847787	2.31166023	106.0641089
chr2	209848913	2.288410599	106.0667118
chr2	209849043	2.397527535	106.0670093
chr2	209849083	2.656736811	106.0671052
chr2	209849158	2.492627973	106.0673044
chr2	209871771	2.026006398	106.1236702
chr2	209871800	1.728554394	106.123729
chr2	209871846	1.693190468	106.1238085
chr2	209871887	1.534256244	106.1238779
chr2	209871998	1.394668036	106.1240482
chr2	209873656	1.369495101	106.1263606
chr2	209876690	1.320207704	106.1305156
chr2	209876735	1.148023333	106.130575
chr2	209877040	1.036138065	106.1309252
chr2	209877158	2.162120887	106.1310475
chr2	209877224	10.16425751	106.1311902
chr2	209877575	11.12039698	106.1347578
chr2	209877635	3.46780783	106.135425
chr2	209877699	3.956524312	106.135647
chr2	209877990	4.623239601	106.1367983
chr2	209878067	4.640221963	106.1371543
chr2	209878913	4.489898161	106.1410799
chr2	209879520	4.383166593	106.1438053
chr2	209880126	4.361210412	106.1464615
chr2	209880131	4.374527546	106.1464833
chr2	209880135	4.265094348	106.1465008
chr2	209880182	4.261388507	106.1467013
chr2	209880185	4.152271569	106.1467141
chr2	209881129	3.196132106	106.1506338
chr2	209883166	1.918048138	106.1571443
chr2	209883212	2.703377383	106.1572325
chr2	209883216	0.9947893877	106.1572434
chr2	209883231	0.9759590675	106.1572583
chr2	209883269	0.9891057678	106.1572954
chr2	209883296	0.9909238189	106.1573221
chr2	209887539	0.2592182722	106.1615266
chr2	210078164	0.2422359104	106.21094
chr2	210135300	0.2023087933	106.2247804
chr2	210141633	0.1759409452	106.2260617
chr2	210141746	0.149426715	106.2260815
chr2	210141870	0.1894323619	106.2261001
chr2	210145610	0.176264979	106.2268085
chr2	210145725	0.2155744598	106.2268288
chr2	210146122	0.2693745239	106.2269144
chr2	210146384	2.300527925	106.226985
chr2	210146385	2.353021515	106.2269873
chr2	210148057	0.3218681077	106.2309215
chr2	210150505	0.3796799053	106.2317095
chr2	210153055	0.5557656107	106.2326776
chr2	210153080	0.6143165289	106.2326915
chr2	210153968	0.7224197853	106.2332371
chr2	210209284	2.350225856	106.2731984
chr2	210209358	4.232840621	106.2733723
chr2	210209509	6.162494029	106.2740115
chr2	210209561	6.397967637	106.274332
chr2	210211117	6.277250677	106.2842872
chr2	210211119	6.569660242	106.2842997
chr2	210211127	7.104626263	106.2843523
chr2	210211163	5.222011497	106.2846081
chr2	210211172	3.373804111	106.2846551
chr2	210211224	3.651314903	106.2848305
chr2	210211251	3.631137537	106.2849291
chr2	210211270	1.912444351	106.2849981
chr2	210211541	2.057625969	106.2855164
chr2	210211613	1.999595988	106.2856645
chr2	210216359	1.989393355	106.2951546
chr2	210221330	1.979340757	106.3050439
chr2	210223469	1.426500225	106.3092777
chr2	210223547	2.526571333	106.3093889
chr2	210223824	2.477926697	106.3100888
chr2	210223992	2.242453088	106.3105051
chr2	210224215	1.982816807	106.3110052
chr2	210224339	2.093234992	106.311251
chr2	210224848	2.05042684	106.3123165
chr2	210224958	2.057990167	106.312542
chr2	210226636	1.133379632	106.3159953
chr2	210226710	1.320639116	106.3160792
chr2	210226805	1.662949951	106.3162047
chr2	210226811	1.622944303	106.3162146
chr2	210227619	2.077420651	106.317526
chr2	210227668	2.443873757	106.3176278
chr2	210235096	3.425983268	106.3357809
chr2	210235114	3.427446783	106.3358425
chr2	210235176	3.438044513	106.336055
chr2	210235204	3.332694555	106.3361513
chr2	210236732	2.990383721	106.3412437
chr2	210236941	0.7821313464	106.3418687
chr2	210238191	1.441825532	106.3428463
chr2	210238192	1.476974737	106.3428478
chr2	210245545	1.515017364	106.353708
chr2	210245596	1.067391175	106.3537852
chr2	210246796	0.9721443873	106.3550661
chr2	210248395	0.9048720269	106.3566205
chr2	210248418	0.6477114643	106.3566414
chr2	210248421	0.6590626338	106.3566433
chr2	210249260	0.6831853562	106.3571963
chr2	210249427	0.7229564249	106.3573103
chr2	210250838	0.7713714391	106.3583304
chr2	210250990	0.8187305313	106.3584477
chr2	210251299	1.663518563	106.3587007
chr2	210251360	1.71568216	106.3588022
chr2	210252173	1.740301755	106.360197
chr2	210252178	1.757568009	106.3602057
chr2	210255114	1.471519578	106.3653659
chr2	210255265	1.316084593	106.3655881
chr2	210255335	1.317487801	106.3656802
chr2	210255336	1.318891014	106.3656816
chr2	210255405	0.4927171279	106.3657726
chr2	210255445	0.5471435334	106.3657923
chr2	210255451	0.5704432213	106.3657956
chr2	210255506	0.5951010479	106.3658269
chr2	210255516	0.6808397519	106.3658329
chr2	210259294	0.6782262801	106.3684051
chr2	210334684	0.6353033864	106.4195366
chr2	210334869	0.5515668704	106.4196541
chr2	210334882	0.4680657355	106.4196613
chr2	210338848	0.4843735266	106.4215176
chr2	210338938	0.5025443177	106.4215612
chr2	210383692	0.554627569	106.4440521
chr2	210390128	0.5554323215	106.4476217
chr2	210390198	0.5064023499	106.4476606
chr2	210390643	0.5412264324	106.4478859
chr2	210393317	0.5386632998	106.4493331
chr2	210397910	0.5508445119	106.4518072
chr2	210401638	0.57431689	106.4538608
chr2	210448520	0.4857045067	106.4807859
chr2	210448936	0.4336212553	106.4809879
chr2	210448985	0.4541605197	106.4810092
chr2	210504977	0.4506880788	106.5064386
chr2	210505117	0.5828874856	106.5065016
chr2	210505325	0.5225729727	106.5066229
chr2	210525948	0.6620363445	106.5173999
chr2	210525973	0.6850538452	106.5174165
chr2	210546409	0.6615814671	106.5314162
chr2	210547115	0.9240786654	106.5318833
chr2	210547139	0.8133989134	106.5319055
chr2	210547222	0.7970911224	106.531973
chr2	210547322	0.8228862382	106.5320527
chr2	210547333	0.822173993	106.5320617
chr2	210547375	0.8605560795	106.5320963
chr2	210547408	0.8490778067	106.5321247
chr2	210547505	0.7891041902	106.532207
chr2	210547514	1.242468311	106.5322141
chr2	210547784	1.371224802	106.5325496
chr2	210547787	1.397580503	106.5325537
chr2	210555765	1.537089715	106.5437036
chr2	210555822	1.505983581	106.5437912
chr2	210556071	2.697397421	106.5441662
chr2	210556526	2.642218311	106.5453935
chr2	210559299	1.343455749	106.5527204
chr2	210559326	1.372435603	106.5527567
chr2	210560267	1.114062758	106.5540481
chr2	210617025	1.065183016	106.6172801
chr2	210617166	1.016402211	106.6174303
chr2	210617258	1.191332478	106.6175238
chr2	210617275	0.9826790546	106.6175441
chr2	210617278	1.039698311	106.617547
chr2	210617580	1.10603316	106.617861
chr2	210635097	1.068599421	106.6372354
chr2	210635170	1.146343585	106.6373134
chr2	210635909	1.069401276	106.6381605
chr2	210637329	1.031566619	106.6396791
chr2	210639668	0.989285147	106.6420919
chr2	210644483	0.950651273	106.6468553
chr2	210645050	0.9102824122	106.6473944
chr2	210673547	0.8833589357	106.6733347
chr2	210673605	6.930432785	106.6733859
chr2	210674247	7.088167278	106.6778352
chr2	210676516	5.863485226	106.6939183
chr2	210676584	4.610207497	106.694317
chr2	210676680	3.47702456	106.6947596
chr2	210676696	3.45071966	106.6948152
chr2	210676720	4.972077125	106.694898
chr2	210676874	9.035005635	106.6956637
chr2	210676898	9.057456362	106.6958806
chr2	210676907	12.55167389	106.6959621
chr2	210676926	13.26840069	106.6962006
chr2	210677344	15.48215942	106.7017468
chr2	210678879	1.084239237	106.7255119
chr2	210678900	1.106035965	106.7255347
chr2	210679004	1.074420856	106.7256497
chr2	210679057	1.048625739	106.7257066
chr2	210679072	1.200139393	106.7257224
chr2	210679174	1.292474583	106.7258448
chr2	210715681	1.378201257	106.7730291
chr2	210715721	1.285480592	106.7730843
chr2	210715810	1.12196402	106.7731987
chr2	210715890	1.034868478	106.7732884
chr2	210715900	0.9430795027	106.7732988
chr2	210715971	3.473825305	106.7733657
chr2	210715976	3.342912797	106.7733831
chr2	210715987	3.256033253	106.7734199
chr2	210717024	3.199091933	106.7767964
chr2	210717131	3.309825219	106.7771387
chr2	210717459	1.391350618	106.7782243
chr2	210717994	1.422390761	106.7789687
chr2	210745881	1.308779272	106.8186349
chr2	210745925	1.350776993	106.8186925
chr2	210747505	2.110472869	106.8208267
chr2	210747679	1.998026818	106.8211939
chr2	210747697	1.899116164	106.8212299
chr2	210747925	1.854254527	106.8216629
chr2	210749750	1.757070216	106.8250469
chr2	210750606	1.567055035	106.826551
chr2	210750627	1.588979378	106.8265839
chr2	210750674	1.634575198	106.8266586
chr2	210750687	1.724506011	106.8266798
chr2	210751145	1.627897162	106.8274696
chr2	210751277	1.531635876	106.8276845
chr2	210751321	1.575818368	106.8277519
chr2	210751935	3.640717081	106.8287195
chr2	210751978	3.241818109	106.828876
chr2	210752370	3.290600142	106.8301468
chr2	210752388	3.337269276	106.830206
chr2	210755320	1.358395849	106.8399909
chr2	210755321	1.416190226	106.8399923
chr2	210758426	1.445788251	106.8443895
chr2	210825139	1.517016782	106.9408424
chr2	210825201	1.404657711	106.9409365
chr2	210825345	1.358340979	106.9411387
chr2	210825360	1.409546013	106.9411591
chr2	210826837	1.382349237	106.943241
chr2	210827469	1.304210456	106.9441147
chr2	210827927	1.401222089	106.944712
chr2	210827957	1.357244869	106.944754
chr2	210827958	1.361644851	106.9447554
chr2	210828232	1.317462359	106.9451285
chr2	210828257	1.379093951	106.9451614
chr2	210828307	1.498186612	106.9452304
chr2	210828576	1.507636422	106.9456334
chr2	210828592	1.598669052	106.9456575
chr2	210828605	1.642344437	106.9456783
chr2	210832913	1.854470874	106.9527535
chr2	210832924	1.901215119	106.9527739
chr2	210833710	2.059926107	106.9542682
chr2	210833744	2.177154252	106.9543383
chr2	210833756	2.66017353	106.9543644
chr2	210834988	2.971250443	106.9576417
chr2	210848875	3.223839013	106.9989035
chr2	210848880	3.283728328	106.9989196
chr2	210848924	3.231302992	106.9990641
chr2	210872779	3.370755699	107.0761468
chr2	210872831	3.343862712	107.0763221
chr2	210872862	3.257069709	107.0764258
chr2	210872969	3.32851281	107.0767743
chr2	210872998	3.49580571	107.0768708
chr2	210873001	3.666070801	107.0768813
chr2	210873235	3.872665177	107.0777392
chr2	210873469	4.420720382	107.0786454
chr2	210873547	4.567924607	107.0789902
chr2	210891506	4.378709192	107.1610255
chr2	210891654	4.663092281	107.1616736
chr2	210891723	5.394001024	107.1619953
chr2	210900567	5.19311606	107.2096999
chr2	210903612	4.396876927	107.2255129
chr2	210903787	4.284794347	107.2262824
chr2	210905573	4.076564379	107.233935
chr2	210905605	3.272370102	107.2340655
chr2	210905620	2.877179447	107.2341146
chr2	210906096	2.829391298	107.2354841
chr2	210906135	2.594730734	107.2355944
chr2	210906139	2.425037538	107.2356048
chr2	210906244	1.987269496	107.2358594
chr2	210906248	1.723428987	107.2358674
chr2	210906328	1.684250651	107.2360053
chr2	210906409	1.661510606	107.2361417
chr2	210906429	1.967923559	107.2361749
chr2	210914972	1.88424252	107.2529869
chr2	210917373	1.907313152	107.257511
chr2	210917519	1.670366502	107.2577894
chr2	210919351	1.59630435	107.2608495
chr2	210920469	1.353141123	107.2626342
chr2	210920488	1.357934738	107.2626599
chr2	210920533	1.102105098	107.262721
chr2	210937983	0.9433318177	107.2819528
chr2	210938192	0.7980134988	107.2821499
chr2	210938204	0.8931207773	107.2821595
chr2	210938214	1.033794716	107.2821684
chr2	210962370	1.056781744	107.3071408
chr2	210962405	1.030377302	107.3071778
chr2	210962415	1.027619095	107.3071881
chr2	210962470	1.1020461	107.3072446
chr2	210965545	1.112839504	107.3106334
chr2	210965719	1.087088955	107.310827
chr2	210965778	1.129536268	107.3108911
chr2	210965879	1.352132769	107.3110052
chr2	211001771	1.431775576	107.359536
chr2	211005378	1.408844476	107.3647004
chr2	211044438	1.329201669	107.4197299
chr2	211044903	1.188352782	107.4203479
chr2	211045392	8.785596005	107.420929
chr2	211045416	8.756557644	107.4211399
chr2	211045829	1.222291012	107.4247563
chr2	211045833	1.26300631	107.4247612
chr2	211045880	1.539772188	107.4248206
chr2	211052560	1.518644465	107.4351063
chr2	211054392	1.503243828	107.4378884
chr2	211056403	1.519374194	107.4409115
chr2	211056425	1.470772062	107.4409449
chr2	211056519	1.42428049	107.4410831
chr2	211057368	1.387138106	107.4422923
chr2	211057386	1.391328021	107.4423173
chr2	211057422	1.354207546	107.4423674
chr2	211058689	1.392676317	107.4440832
chr2	211060097	1.706680895	107.4460441
chr2	211063412	1.655186498	107.4517017
chr2	211063993	1.280504821	107.4526634
chr2	211064665	1.229060487	107.4535239
chr2	211066265	0.6781331764	107.4554904
chr2	211068724	0.6571978366	107.4571579
chr2	211068740	0.6334799991	107.4571684
chr2	211068741	0.6336103134	107.4571691
chr2	211156737	0.6379852502	107.5129242
chr2	211157960	0.6202941737	107.5137045
chr2	211158232	0.5900488764	107.5138732
chr2	211160852	0.5847980731	107.5154191
chr2	211160891	0.5594523234	107.5154419
chr2	211161399	0.629236979	107.5157261
chr2	211161400	0.6233278334	107.5157268
chr2	211161459	0.5689966053	107.5157636
chr2	211161984	0.5976983947	107.5160623
chr2	211204968	0.5549915514	107.5417537
chr2	211204970	0.6649208933	107.5417549
chr2	211234946	0.6863998396	107.5616865
chr2	211235051	0.8146104713	107.5617586
chr2	211235358	0.7548087791	107.5620087
chr2	211235767	0.7478170079	107.5623174
chr2	211267069	0.7423790228	107.5857256
chr2	211267171	0.7447812915	107.5858013
chr2	211268899	0.6112649432	107.5870883
chr2	211278615	0.5822747062	107.5930273
chr2	211278646	0.5660858602	107.5930454
chr2	211278671	0.6565815553	107.5930595
chr2	211278677	0.5676171182	107.5930635
chr2	211279817	0.6297430128	107.5937105
chr2	211280330	0.5546945433	107.5940336
chr2	211280378	0.5168958977	107.5940602
chr2	211281979	0.5486307122	107.5948878
chr2	211385085	0.5163500604	107.6514549
chr2	211386977	0.5119151887	107.6524318
chr2	211386998	0.4805443589	107.6524426
chr2	211393145	0.4598355261	107.6553965
chr2	211393153	0.4383565795	107.6554002
chr2	211393155	0.4188707913	107.655401
chr2	211393173	0.3887442818	107.6554086
chr2	211393675	0.2998033614	107.6556037
chr2	211393746	0.4058396162	107.655625
chr2	211396703	0.4269667353	107.6568251
chr2	211396732	0.4059493032	107.6568375
chr2	211396735	0.5653800394	107.6568387
chr2	211397457	0.5903046349	107.6572469
chr2	211397506	0.6068534005	107.6572758
chr2	211397519	0.6843039128	107.6572837
chr2	211397605	0.6876637239	107.6573426
chr2	211397977	0.7738175837	107.6575984
chr2	211480865	0.8407055304	107.7217386
chr2	211481038	0.7534932159	107.721884
chr2	211482128	0.7133305896	107.7227053
chr2	211484170	0.7463581805	107.7241619
chr2	211484200	0.7075069867	107.7241843
chr2	211484260	0.7097960301	107.7242268
chr2	211484283	0.7784310465	107.7242431
chr2	211484348	0.7396454821	107.7242937
chr2	211485223	0.6955487555	107.7249409
chr2	211487826	0.6577284164	107.7267514
chr2	211488225	0.6611412078	107.7270138
chr2	211488258	0.6643414619	107.7270356
chr2	211488619	0.6741275408	107.7272755
chr2	211488632	0.6620769606	107.7272842
chr2	211488651	0.6141414706	107.7272968
chr2	211489850	0.6944285045	107.7280332
chr2	211489891	0.7752513937	107.7280616
chr2	211489992	0.7441537727	107.7281399
chr2	211491173	0.7473619249	107.7290188
chr2	211491244	0.7561310724	107.7290719
chr2	211491246	0.8148255368	107.7290734
chr2	211491309	0.7812618112	107.7291247
chr2	211492456	1.277874788	107.7300208
chr2	211526796	1.281424683	107.773903
chr2	211526850	1.311705017	107.7739722
chr2	211527003	1.231765897	107.7741729
chr2	211527554	1.262198091	107.7748516
chr2	211527653	1.168861105	107.7749766
chr2	211527666	1.116305372	107.7749918
chr2	211528035	1.020796233	107.7754037
chr2	211528243	1.027649333	107.775616
chr2	211533559	1.03122475	107.781079
chr2	211533793	0.6240770908	107.7813203
chr2	211534222	0.6386734852	107.781588
chr2	211536212	0.6417843677	107.782859
chr2	211536321	0.672495153	107.7829289
chr2	211593779	0.6822104496	107.8215692
chr2	211593794	0.6981727104	107.8215794
chr2	211629723	0.7101064333	107.8466641
chr2	211638015	0.7301909274	107.8525523
chr2	211638976	0.7527213768	107.853254
chr2	211638978	0.7719691092	107.8532555
chr2	211639072	0.7875455825	107.853328
chr2	211639080	0.791568249	107.8533343
chr2	211639211	0.7952685138	107.853438
chr2	211639216	0.6996016175	107.853442
chr2	211639264	0.7953754846	107.8534756
chr2	211639315	0.8297451516	107.8535162
chr2	211639556	3.213161719	107.8537161
chr2	211639967	3.269717835	107.8550367
chr2	211640001	3.297477148	107.8551479
chr2	211640008	3.301503747	107.855171
chr2	211640135	3.30637097	107.8555903
chr2	211640802	3.309811257	107.8577956
chr2	211641001	1.084021303	107.8584543
chr2	211910166	1.122894801	108.1502349
chr2	211910237	1.152450444	108.1503146
chr2	211910388	1.159265507	108.1504886
chr2	212022961	1.170118734	108.2809906
chr2	212320213	1.146830095	108.6288108
chr2	212320222	1.138543131	108.6288211
chr2	212320256	1.113600356	108.6288598
chr2	212320369	1.108745331	108.6289856
chr2	212320391	1.10046178	108.62901
chr2	212321522	1.076151843	108.6302546
chr2	212321568	1.022898468	108.6303041
chr2	212329470	1.005406593	108.6383871
chr2	212338257	0.9515166769	108.6472216
chr2	212338299	0.8971549813	108.6472616
chr2	212398144	0.8934187023	108.7009518
chr2	212398295	0.8769747791	108.7010867
chr2	212409007	0.8636122928	108.7104809
chr2	212409009	0.8223318779	108.7104826
chr2	212409031	0.8090863228	108.7105007
chr2	212409059	0.7830994224	108.7105233
chr2	212480560	0.7958917655	108.7665157
chr2	212483823	0.7056733438	108.7691127
chr2	212483826	0.6935949206	108.7691148
chr2	212483860	0.6997214257	108.7691384
chr2	212483872	0.6956981153	108.7691468
chr2	212483926	0.6321474432	108.7691844
chr2	212483971	0.6253569791	108.7692128
chr2	212484035	0.6132835916	108.7692528
chr2	212484041	0.6097336964	108.7692565
chr2	212484069	0.6016856034	108.7692736
chr2	212484776	0.5985588802	108.769699
chr2	212484968	0.624736801	108.7698139
chr2	212484984	0.6410639525	108.7698239
chr2	212484995	0.6700483377	108.769831
chr2	212485027	0.6660302802	108.7698524
chr2	212539038	0.6584740534	108.8058254
chr2	212550086	0.6515429718	108.8131002
chr2	212550126	0.6111456698	108.8131262
chr2	212550143	0.5589944762	108.8131366
chr2	212550256	0.4755524589	108.8131998
chr2	212550387	0.4180896204	108.8132621
chr2	212554611	0.3597250781	108.8150281
chr2	212556906	0.3784225703	108.8158537
chr2	212557003	0.3558102173	108.8158904
chr2	212557177	0.3402850404	108.8159523
chr2	212557550	0.358298152	108.8160792
chr2	212557556	0.4134134031	108.8160814
chr2	212557559	0.4314142075	108.8160826
chr2	212557560	0.4938872967	108.816083
chr2	212557566	0.4872488722	108.816086
chr2	212557591	0.5215809777	108.8160982
chr2	212557643	0.5772883137	108.8161253
chr2	212557747	0.9638194348	108.8161853
chr2	212560723	0.9828185215	108.8190537
chr2	212610067	1.026658439	108.8675499
chr2	212614043	1.079220229	108.8716319
chr2	212619010	1.023752497	108.8769924
chr2	212619045	1.051944473	108.8770282
chr2	212619047	0.9965102195	108.8770303
chr2	212619900	0.9933742048	108.8778803
chr2	212628504	1.234065942	108.8864273
chr2	212628545	1.285796557	108.8864779
chr2	212628581	1.837111438	108.8865242
chr2	212628688	2.123294767	108.8867208
chr2	212628701	2.242363252	108.8867484
chr2	212639081	1.666989374	108.9100241
chr2	212639473	1.625504877	108.9106776
chr2	212640279	1.559213575	108.9119877
chr2	212640596	1.72566882	108.912482
chr2	212640612	1.724244155	108.9125096
chr2	212640620	1.909607999	108.9125234
chr2	212641399	1.906656982	108.914011
chr2	212641426	1.903266356	108.9140624
chr2	212642543	1.900200349	108.9161884
chr2	212677010	1.696499682	108.9816826
chr2	212679642	1.640792346	108.9861478
chr2	212679682	1.553852786	108.9862134
chr2	212679703	1.52445295	108.9862461
chr2	212680641	1.459045377	108.987676
chr2	212681582	1.454134546	108.989049
chr2	212681717	1.381090649	108.9892453
chr2	212681798	1.436938833	108.9893571
chr2	212681861	1.506970605	108.9894477
chr2	212681863	1.383309133	108.9894507
chr2	212681867	1.4422347	108.9894562
chr2	212681870	1.359903944	108.9894605
chr2	212681899	1.336539397	108.9895
chr2	212686714	1.390713097	108.9959354
chr2	212687489	1.292692261	108.9970132
chr2	212687530	1.34992375	108.9970662
chr2	212687566	1.515013628	108.9971148
chr2	212687579	1.471173711	108.9971345
chr2	212687597	1.536600174	108.997161
chr2	212738648	1.549819649	109.075606
chr2	212739535	1.334845649	109.0769806
chr2	212739537	1.210504489	109.0769833
chr2	212739553	2.544251388	109.0770027
chr2	212739580	2.357996502	109.0770714
chr2	212739967	2.328197489	109.0779839
chr2	212746197	2.18101593	109.0924886
chr2	212746218	1.159004371	109.0925344
chr2	212746321	0.6569181344	109.0926538
chr2	212746335	0.6820776309	109.092663
chr2	212746392	0.9019518749	109.0927018
chr2	212746905	0.9874760411	109.0931645
chr2	212747341	1.263944768	109.0935951
chr2	212749112	1.447309739	109.0958335
chr2	212749116	1.581770422	109.0958393
chr2	212767644	1.897934128	109.1251464
chr2	212767659	2.068411209	109.1251748
chr2	212768198	2.490118786	109.1262897
chr2	212771914	2.452383284	109.135543
chr2	212776256	2.940605187	109.1461912
chr2	212776450	3.282674811	109.1467617
chr2	212776495	3.288176841	109.1469094
chr2	212783818	3.078079175	109.1709888
chr2	212783884	3.297213737	109.1711919
chr2	212785887	10.0463191	109.1777962
chr2	212786350	20.58963977	109.1824477
chr2	212786384	15.63444803	109.1831477
chr2	212786423	15.26584361	109.1837575
chr2	212786625	15.10973422	109.1868412
chr2	212786669	5.793060382	109.187506
chr2	212786679	6.707762845	109.1875639
chr2	212786691	9.338331938	109.1876444
chr2	212786703	9.266457222	109.1877565
chr2	212786706	9.232244257	109.1877843
chr2	212786709	9.251989861	109.187812
chr2	212786718	9.279640454	109.1878952
chr2	212787592	9.109163374	109.1960056
chr2	212787699	6.563297878	109.1969803
chr2	212788057	6.62184478	109.19933
chr2	212788518	4.761899705	109.2023827
chr2	212789213	3.426160849	109.2056922
chr2	212790384	3.951860052	109.2097042
chr2	212790394	3.04139823	109.2097437
chr2	212790396	3.101270082	109.2097498
chr2	212790401	2.185334866	109.2097653
chr2	212790422	2.213836125	109.2098112
chr2	212790471	2.185709959	109.2099197
chr2	212791484	2.935267392	109.2121338
chr2	212791490	2.941852896	109.2121514
chr2	212791517	3.02783909	109.2122309
chr2	212791520	4.095734909	109.2122399
chr2	212791542	4.132178606	109.21233
chr2	212791547	4.16096135	109.2123507
chr2	212791552	4.195701977	109.2123715
chr2	212791563	4.252652863	109.2124177
chr2	212792884	4.27406522	109.2180354
chr2	212794654	2.801578125	109.2256005
chr2	212794665	2.843037821	109.2256313
chr2	212796848	1.850345201	109.2318377
chr2	212799370	2.016276653	109.2365043
chr2	212799391	2.108690956	109.2365466
chr2	212799398	2.22823215	109.2365614
chr2	212799433	2.340624184	109.2366393
chr2	212800550	2.401111551	109.2392538
chr2	212800804	2.446185728	109.2398637
chr2	212802670	2.538234166	109.2444283
chr2	212802704	2.716096847	109.2445146
chr2	212875607	2.631014165	109.4425262
chr2	212876380	2.410636132	109.44456
chr2	212876525	2.619061823	109.4449095
chr2	212876614	2.996861477	109.4451426
chr2	212876627	2.597383632	109.4451816
chr2	212876630	2.517036285	109.4451894
chr2	212876641	2.429059077	109.445217
chr2	212878631	2.52046922	109.4500509
chr2	212879537	2.563364482	109.4523344
chr2	212879546	2.525215507	109.4523575
chr2	212879549	3.369960545	109.4523651
chr2	212879553	3.275606476	109.4523785
chr2	212880019	3.364533388	109.453905
chr2	212883138	3.403853829	109.464399
chr2	212884341	3.290617868	109.4684938
chr2	212884785	3.152541274	109.4699548
chr2	212885398	3.162667118	109.4718873
chr2	212886469	2.679680506	109.4752746
chr2	212888380	2.165192074	109.4803954
chr2	212889366	2.311777373	109.4825303
chr2	212909608	2.282994629	109.5293253
chr2	212909613	2.188004033	109.5293367
chr2	212909649	1.883495387	109.5294155
chr2	212949811	1.743536983	109.6050604
chr2	212949832	1.63294271	109.605097
chr2	212949837	1.644042125	109.6051052
chr2	212949887	2.026282806	109.6051874
chr2	212950907	1.971065639	109.6072542
chr2	212951583	1.82301469	109.6085867
chr2	212951955	2.77541874	109.6092648
chr2	212955648	2.751659732	109.6195144
chr2	212956444	2.181261293	109.6217048
chr2	212956669	2.108991627	109.6221955
chr2	212957150	2.113323787	109.62321
chr2	212958756	1.361271039	109.626604
chr2	212958777	0.8635525059	109.6266326
chr2	212958804	0.3476586104	109.6266559
chr2	213060417	0.3119350533	109.6619825
chr2	213060477	0.2894052869	109.6620012
chr2	213060487	0.2614193673	109.6620041
chr2	213060544	0.242085395	109.662019
chr2	213061049	0.5259954669	109.6621413
chr2	213062797	0.5398827447	109.6630607
chr2	213062936	0.5574846574	109.6631357
chr2	213063650	0.5624974169	109.6635338
chr2	213073018	0.3261441291	109.6688033
chr2	213073065	0.3367706916	109.6688186
chr2	213073082	0.381648476	109.6688243
chr2	213073672	0.3901626553	109.6690495
chr2	213094751	0.4164843284	109.6772737
chr2	213096135	0.4539481353	109.6778501
chr2	213096170	0.4701823026	109.677866
chr2	213096188	0.506143164	109.6778745
chr2	213096228	0.597401239	109.6778947
chr2	213102720	0.588458114	109.6817731
chr2	213252524	0.5477849641	109.7699265
chr2	213252573	0.5493100311	109.7699533
chr2	213255990	0.4421343031	109.7718303
chr2	213263756	0.4312359427	109.7752639
chr2	213263839	0.5121917414	109.7752997
chr2	213265546	0.5157675953	109.776174
chr2	213305489	0.4995334281	109.7967753
chr2	213305814	0.4023713348	109.7969377
chr2	213307490	0.3587689974	109.797612
chr2	213307495	0.3113083125	109.7976138
chr2	213307503	0.3027671898	109.7976163
chr2	213307541	0.3239118725	109.7976278
chr2	213335074	0.3609116881	109.8065461
chr2	213335078	0.3864351697	109.8065475
chr2	213335098	0.390294126	109.8065553
chr2	213335970	0.4158752491	109.8068956
chr2	213342666	0.4164504685	109.8096803
chr2	213391858	0.395255689	109.8301663
chr2	213391903	0.3723844337	109.8301841
chr2	213392841	0.3644589534	109.8305334
chr2	213392965	3.315203019	109.8305786
chr2	213392978	3.408373642	109.8306217
chr2	213394107	3.402871612	109.8344698
chr2	213394133	0.5387392188	109.8345582
chr2	213394185	0.5842769911	109.8345862
chr2	213467335	0.5392550685	109.8773261
chr2	213467443	0.4936212856	109.8773843
chr2	213468215	1.204449708	109.8777654
chr2	213468249	1.183305025	109.8778064
chr2	213468807	1.068025457	109.8784667
chr2	213469285	2.060093678	109.8789772
chr2	213469334	2.034783685	109.8790781
chr2	213472701	1.277289336	109.8859292
chr2	213472765	1.249701132	109.886011
chr2	213472769	0.2380782655	109.886016
chr2	213472785	0.2090055546	109.8860198
chr2	213475055	0.1676105046	109.8864942
chr2	213475913	0.1804029438	109.886638
chr2	213475923	0.1931957208	109.8866398
chr2	213475943	0.2413011532	109.8866437
chr2	213546580	0.2270884281	109.9036885
chr2	213546582	0.1964758157	109.903689
chr2	213546604	0.1587713696	109.9036933
chr2	213547091	0.1762462852	109.9037706
chr2	213550480	0.1933347156	109.9043679
chr2	213550487	0.1882024329	109.9043693
chr2	213550521	0.194211528	109.9043757
chr2	213550530	0.2552174741	109.9043774
chr2	213550537	0.2730073729	109.9043792
chr2	213597097	0.320055148	109.9170904
chr2	213599178	0.3315837331	109.9177564
chr2	213599270	0.3482198826	109.9177869
chr2	213705448	0.3262849258	109.9547602
chr2	213706890	0.324753026	109.9552307
chr2	213707512	0.3418812496	109.9554327
chr2	213707617	0.3590185431	109.9554686
chr2	213710203	0.3377368007	109.9563971
chr2	213740840	0.3202439837	109.9667443
chr2	213741544	0.3108990647	109.9669698
chr2	213741548	0.2806317099	109.966971
chr2	213741551	0.1600886594	109.9669718
chr2	213741690	0.1572188656	109.9669941
chr2	213741712	0.1804181808	109.9669975
chr2	213746375	0.2043803254	109.9678388
chr2	213748647	0.2287326233	109.9683032
chr2	213749201	0.2849681882	109.9684299
chr2	213749335	0.2895832757	109.9684681
chr2	213752672	0.3022704958	109.9694344
chr2	213803827	0.287533258	109.9848971
chr2	213803878	0.365572203	109.9849117
chr2	213888187	0.253752907	110.0157328
chr2	213893934	1.406514138	110.0171911
chr2	213896739	1.45897876	110.0211364
chr2	213896761	0.2489410286	110.0211685
chr2	213896847	0.2259257105	110.0211899
chr2	213896995	1.357877626	110.0212233
chr2	213897071	1.396339084	110.0213265
chr2	213897176	1.433595492	110.0214731
chr2	213897207	1.44913089	110.0215176
chr2	213897215	1.536158199	110.0215292
chr2	213897363	1.613206333	110.0217565
chr2	213898512	1.630459864	110.0236101
chr2	213899997	0.4985079487	110.0260313
chr2	213905845	0.5173414001	110.0289466
chr2	213905905	0.5284315279	110.0289776
chr2	213905906	0.5479960383	110.0289782
chr2	214010874	0.563453554	110.0865002
chr2	214010875	0.6192904228	110.0865008
chr2	214010878	0.9664930971	110.0865026
chr2	214010880	1.178705167	110.0865046
chr2	214010898	1.349239158	110.0865258
chr2	214011055	1.35451661	110.0867376
chr2	214020411	1.405844621	110.0994105
chr2	214020510	1.454761614	110.0995496
chr2	214079594	1.873625086	110.1855028
chr2	214079831	2.459386195	110.1859468
chr2	214082917	3.510259209	110.1935365
chr2	214083992	3.534507421	110.19731
chr2	214084558	3.821801947	110.1993106
chr2	214084585	3.844977054	110.1994137
chr2	214086218	3.669593351	110.2056926
chr2	214086251	4.994643165	110.2058137
chr2	214086275	18.36943565	110.2059336
chr2	214086615	24.91422066	110.2121792
chr2	214086622	15.07861044	110.2123536
chr2	214086634	15.10491005	110.2125345
chr2	214086639	14.72387888	110.21261
chr2	214087038	14.7310132	110.2184849
chr2	214087049	14.75858124	110.2186469
chr2	214087091	14.81413948	110.2192668
chr2	214088231	13.34823043	110.2361549
chr2	214088377	9.559416809	110.2381037
chr2	214088387	9.583202504	110.2381993
chr2	214089020	9.709479711	110.2442655
chr2	214089030	9.838289069	110.2443626
chr2	214089137	7.714607124	110.2454153
chr2	214089184	7.99869431	110.2457779
chr2	214089730	7.011109358	110.2501451
chr2	214090747	7.011443598	110.2572754
chr2	214090802	5.610157144	110.2576611
chr2	214096283	5.272539692	110.2884103
chr2	214096386	3.382157544	110.2889534
chr2	214096878	3.437778242	110.2906174
chr2	214115411	2.627409621	110.3543298
chr2	214115527	2.658954013	110.3546346
chr2	214115930	2.471237614	110.3557061
chr2	214115941	2.135734014	110.3557333
chr2	214115950	1.935497712	110.3557525
chr2	214116017	1.929488616	110.3558822
chr2	214116051	2.098000874	110.3559478
chr2	214116108	2.206485064	110.3560674
chr2	214116143	2.080437375	110.3561446
chr2	214119051	2.110896027	110.3621945
chr2	214119055	2.140857319	110.362203
chr2	214119059	1.845842697	110.3622115
chr2	214119073	1.973805999	110.3622374
chr2	214126306	1.888969657	110.3765139
chr2	214203675	1.87236828	110.5226616
chr2	214207437	1.776538317	110.5297055
chr2	214207892	1.689590861	110.5305138
chr2	214208526	1.585503498	110.531585
chr2	214210017	1.476969729	110.533949
chr2	214210203	1.413360471	110.5342237
chr2	214210312	1.450724113	110.5343777
chr2	214210322	1.387345688	110.5343923
chr2	214210347	1.364503679	110.5344269
chr2	214211083	1.331722721	110.5354312
chr2	214211095	1.313892779	110.5354472
chr2	214211134	1.65062956	110.5354984
chr2	214212262	1.833737635	110.5373603
chr2	214215678	2.055907657	110.5436244
chr2	214215679	2.029214285	110.5436264
chr2	214215842	2.207698982	110.5439572
chr2	214223236	2.151624107	110.5602809
chr2	214223245	2.119959197	110.5603003
chr2	214223252	2.088414805	110.5603151
chr2	214223259	2.063078771	110.5603298
chr2	214230616	2.032620118	110.5755078
chr2	214230710	2.032460756	110.5756989
chr2	214230712	1.730502805	110.575703
chr2	214230820	1.00456581	110.5758899
chr2	214230824	0.9545256022	110.5758939
chr2	214231213	1.377365025	110.5762652
chr2	214231251	1.361641088	110.5763175
chr2	214231265	1.369709775	110.5763366
chr2	214231316	1.35953433	110.5764064
chr2	214231320	1.329260742	110.5764119
chr2	214231771	1.364473448	110.5770114
chr2	214231780	1.340378948	110.5770237
chr2	214231797	1.378800893	110.5770464
chr2	214231806	1.955489595	110.5770589
chr2	214231839	1.791368868	110.5771234
chr2	214232472	1.761407577	110.5782573
chr2	214233016	1.776866224	110.5792155
chr2	214233393	2.62882702	110.5798854
chr2	214238485	2.163317445	110.5932714
chr2	214238515	1.071162746	110.5933363
chr2	214253036	0.8981688223	110.6088906
chr2	214253107	0.9343999992	110.6089544
chr2	214253153	1.005846734	110.6089974
chr2	214253187	1.070951283	110.6090316
chr2	214253242	0.9952141146	110.6090905
chr2	214253389	1.001707689	110.6092368
chr2	214253441	0.8660668702	110.6092889
chr2	214284115	0.8894908699	110.6358546
chr2	214284151	0.9129206841	110.6358866
chr2	214419883	0.825648806	110.7597992
chr2	214429144	0.8560577953	110.7674455
chr2	214429146	0.8554472872	110.7674472
chr2	214429185	0.8085934733	110.7674806
chr2	214429885	0.8389433972	110.7680466
chr2	214429895	0.8197169556	110.768055
chr2	214429931	0.9947601082	110.7680845
chr2	214429982	1.010013361	110.7681352
chr2	214431080	1.058114369	110.7692442
chr2	214452192	1.042583587	110.7915832
chr2	214452836	0.8445511723	110.7922546
chr2	214452923	0.7513022232	110.7923281
chr2	214453179	0.8228769428	110.7925204
chr2	214453290	0.8001753422	110.7926117
chr2	214453389	1.115382085	110.7926909
chr2	214453408	1.110640253	110.7927121
chr2	214505280	1.13367398	110.8503233
chr2	214515069	1.093214876	110.8614208
chr2	214515303	1.175749649	110.8616766
chr2	214515460	1.192586909	110.8618612
chr2	214515496	0.8904458239	110.8619041
chr2	214515736	0.8999806577	110.8621178
chr2	214515742	0.8454825643	110.8621232
chr2	214515753	0.8702847281	110.8621325
chr2	214515811	0.8946611334	110.862183
chr2	214515922	0.8883528759	110.8622823
chr2	214516006	1.008142749	110.862357
chr2	214577430	0.9807476169	110.9242811
chr2	214577455	0.8987861554	110.9243056
chr2	214577505	0.9439396912	110.9243506
chr2	214584372	0.8942958687	110.9308326
chr2	214584480	0.8587349736	110.9309292
chr2	214652414	0.850666286	110.9892665
chr2	214652433	0.8098135859	110.9892827
chr2	214652468	1.199729782	110.989311
chr2	214652515	2.019511918	110.9893674
chr2	214652539	2.002466775	110.9894159
chr2	214652762	4.210063784	110.9898624
chr2	214652788	5.537454273	110.9899719
chr2	214652804	5.566290262	110.9900605
chr2	214652808	5.543256537	110.9900827
chr2	214652838	5.864470229	110.990249
chr2	214654949	5.801413219	111.0026289
chr2	214655118	6.596914672	111.0036094
chr2	214655213	6.52471177	111.0042361
chr2	214655348	6.214287418	111.0051169
chr2	214655374	6.77337703	111.0052785
chr2	214656876	6.836639643	111.0154521
chr2	214657026	7.371692336	111.0164776
chr2	214657769	7.372784984	111.0219548
chr2	214658068	7.881513525	111.0241592
chr2	214658076	7.86492001	111.0242223
chr2	214658122	9.727002975	111.0245841
chr2	214658155	9.71274146	111.024905
chr2	214659719	9.753886426	111.0400958
chr2	214661047	8.744734474	111.0530489
chr2	214661057	8.743225573	111.0531364
chr2	214661183	7.77094097	111.054238
chr2	214661229	6.725052253	111.0545955
chr2	214662116	6.772387992	111.0605606
chr2	214662211	11.26531372	111.061204
chr2	214662372	11.25742167	111.0630177
chr2	214662939	14.62897536	111.0694007
chr2	214662951	13.93354356	111.0695762
chr2	214662966	9.432722829	111.0697852
chr2	214663002	9.50085292	111.0701248
chr2	214663071	12.60984388	111.0707803
chr2	214663140	12.5864613	111.0716504
chr2	214663167	11.17569439	111.0719903
chr2	214663377	10.65692019	111.0743372
chr2	214663417	8.754665915	111.0747634
chr2	214663447	8.787265227	111.0750261
chr2	214663950	4.99499115	111.0794461
chr2	214663965	1.682983693	111.079521
chr2	214664136	1.872185713	111.0798088
chr2	214664337	1.325424707	111.0801851
chr2	214664367	1.039396528	111.0802249
chr2	214665201	1.099917992	111.0810917
chr2	214665371	1.130162213	111.0812787
chr2	214758500	1.023550969	111.1865296
chr2	214758507	1.082823427	111.1865367
chr2	214758514	1.047245493	111.1865443
chr2	214758519	1.045799182	111.1865496
chr2	214758527	1.011973248	111.1865579
chr2	214764305	0.9464666568	111.1924051
chr2	214767315	0.9148844451	111.195254
chr2	214767392	0.8497285977	111.1953244
chr2	214767686	0.7187394639	111.1955742
chr2	214770647	0.650442834	111.1977024
chr2	214770688	0.6185511786	111.1977291
chr2	214770836	0.6518824165	111.1978206
chr2	214770849	0.6200942828	111.1978291
chr2	214773806	0.6601154781	111.1996627
chr2	214776694	0.6231435814	111.2015691
chr2	214777016	0.6585675981	111.2017698
chr2	214777724	0.7332613971	111.2022361
chr2	214777727	0.6883281117	111.2022383
chr2	214777737	0.8218110823	111.2022451
chr2	214777901	0.807980187	111.2023799
chr2	214778024	0.895617747	111.2024793
chr2	214778309	0.9932530654	111.2027346
chr2	214780717	1.036820378	111.2051263
chr2	214780743	1.007620889	111.2051533
chr2	214858153	0.8628177449	111.2831532
chr2	214858714	1.014502276	111.2836372
chr2	214858751	0.9546858307	111.2836748
chr2	214871464	0.9382957645	111.2958117
chr2	214871587	0.9220093897	111.2959271
chr2	214871595	0.9184341009	111.2959345
chr2	214871846	0.8822153073	111.296165
chr2	214872126	0.6386422911	111.296412
chr2	214872675	0.6028541514	111.2967626
chr2	214872786	0.5337765627	111.2968296
chr2	214872943	0.4533539967	111.2969134
chr2	214873168	0.4303784801	111.2970154
chr2	214966788	0.4674998467	111.3373074
chr2	214975822	0.4883434981	111.3415308
chr2	214975851	0.5051483191	111.341545
chr2	214999948	0.4810818047	111.3537175
chr2	215000011	0.3971725628	111.3537478
chr2	215000080	0.2645255546	111.3537752
chr2	215001056	0.2406526313	111.3540334
chr2	215002375	0.8532912896	111.3543508
chr2	215011944	0.8435546965	111.362516
chr2	215011966	0.4892517401	111.3625345
chr2	215011979	0.13542837	111.3625409
chr2	215012463	0.1726332134	111.3626064
chr2	215032137	0.2047749389	111.3660028
chr2	215038478	0.1957018666	111.3673013
chr2	215039050	0.2301861894	111.3674132
chr2	215039090	0.2587945873	111.3674225
chr2	215039099	0.2665455441	111.3674248
chr2	215041040	0.381728675	111.3679421
chr2	215041084	0.4698888129	111.3679589
chr2	215137591	0.3225127878	111.4133065
chr2	215137605	0.3649670535	111.413311
chr2	215137860	0.3689275287	111.4134041
chr2	215137912	0.3777096087	111.4134233
chr2	215138159	0.3649617521	111.4135166
chr2	215138171	5.382330794	111.4135209
chr2	215138735	5.327785251	111.4165566
chr2	215138851	0.5838151275	111.4171746
chr2	215138879	0.5490833814	111.4171909
chr2	215138881	0.5650825853	111.417192
chr2	215155851	0.3651931941	111.4267815
chr2	215171170	0.3902209583	111.4323759
chr2	215171431	0.4467329014	111.4324777
chr2	215178062	0.4375444333	111.43544
chr2	215231488	0.4829484869	111.4588163
chr2	215231562	0.4169825114	111.458852
chr2	215231710	0.4621702726	111.4589137
chr2	215231921	0.408036565	111.4590112
chr2	215231985	0.3719343641	111.4590374
chr2	215232624	0.3784439101	111.459275
chr2	215232647	0.342574172	111.4592837
chr2	215232658	0.3091931688	111.4592875
chr2	215232662	0.3547932698	111.4592887
chr2	215233408	0.3368997325	111.4595534
chr2	215233430	0.5310687999	111.4595608
chr2	215233457	0.623550998	111.4595752
chr2	215233543	0.6994476525	111.4596288
chr2	215233556	0.7920546083	111.4596379
chr2	215263242	1.025324458	111.4831508
chr2	215306910	0.9801366963	111.5279247
chr2	215306944	1.072325301	111.527958
chr2	215307134	1.170430989	111.5281617
chr2	215307159	1.198895005	111.528191
chr2	215307182	1.248337461	111.5282186
chr2	215348286	1.166142123	111.5795302
chr2	215348339	2.176901487	111.579592
chr2	215348345	2.22028026	111.5796051
chr2	215348396	2.138303042	111.5797183
chr2	215348400	2.127316912	111.5797269
chr2	215348407	1.963405973	111.5797418
chr2	215351129	1.303276765	111.5850862
chr2	215351274	1.332304253	111.5852752
chr2	215351317	1.303666563	111.5853324
chr2	215352031	1.292739817	111.5862633
chr2	215352835	1.420217926	111.5873026
chr2	215352847	1.48434923	111.5873197
chr2	215353178	3.98664647	111.587811
chr2	215353294	4.013059269	111.5882734
chr2	215353366	4.151985554	111.5885624
chr2	215354060	4.164520399	111.5914439
chr2	215354326	4.211572735	111.5925516
chr2	215355892	4.252140606	111.5991469
chr2	215355894	1.785859094	111.5991554
chr2	215355901	1.764098608	111.5991679
chr2	215355904	1.052450515	111.5991732
chr2	215355964	1.097178506	111.5992364
chr2	215391471	1.115683587	111.6381939
chr2	215426399	1.018394316	111.6771625
chr2	215426462	0.9702418486	111.6772267
chr2	215426542	0.9417778308	111.6773043
chr2	215426546	0.8486174135	111.677308
chr2	215426681	0.6844403105	111.6774226
chr2	215426743	0.4199029529	111.677465
chr2	215426813	0.3380351122	111.6774944
chr2	215426816	0.2206503247	111.6774955
chr2	215431812	0.2294401488	111.6785978
chr2	215431937	0.3693178598	111.6786265
chr2	215431938	0.4227679279	111.6786269
chr2	215431944	0.45630262	111.6786294
chr2	215431950	0.5164503062	111.6786321
chr2	215431992	0.5765717304	111.6786538
chr2	215431997	0.5891280609	111.6786567
chr2	215435915	0.6092264642	111.6809649
chr2	215450245	0.5732107394	111.6896951
chr2	215466482	0.5696382051	111.6990024
chr2	215472068	0.5490293017	111.7021844
chr2	215578572	0.7155568024	111.7606582
chr2	215578593	0.6923861235	111.7606732
chr2	215578594	0.7199503606	111.7606739
chr2	215578927	0.8695819272	111.7609136
chr2	215580002	0.8890394471	111.7618484
chr2	215615141	1.01259212	111.7930884
chr2	215623840	1.056138775	111.8018969
chr2	215624060	1.064484522	111.8021293
chr2	215624061	0.9720953953	111.8021303
chr2	215624130	0.9917062783	111.8021974
chr2	215624135	0.9847218781	111.8022024
chr2	215624175	1.096419801	111.8022418
chr2	215624223	1.040052058	111.8022944
chr2	215624864	1.120484955	111.8029611
chr2	215624872	1.136979319	111.80297
chr2	215625847	1.187268582	111.8040786
chr2	215625858	1.207498977	111.8040917
chr2	215625910	1.305394234	111.8041544
chr2	215626695	1.319542484	111.8051792
chr2	215637097	1.390994543	111.8189051
chr2	215701874	1.182476994	111.9090095
chr2	215702588	1.142442323	111.9098538
chr2	215702597	1.083032654	111.9098641
chr2	215702627	1.081880722	111.9098966
chr2	215702664	1.269966272	111.9099366
chr2	215754591	1.152445887	111.9758821
chr2	215754643	1.5413735	111.9759421
chr2	215754645	1.461086925	111.9759451
chr2	215759500	1.465235439	111.9830387
chr2	215759893	1.43988504	111.9836146
chr2	215759894	1.535887975	111.983616
chr2	215759895	1.500495359	111.9836175
chr2	215759961	3.248387825	111.9837166
chr2	215760701	3.225042678	111.9861204
chr2	215760882	3.166673795	111.9867041
chr2	215760887	6.244680725	111.9867199
chr2	215760927	6.189797099	111.9869697
chr2	215761911	6.401288814	111.9930605
chr2	215761991	1.41204316	111.9935726
chr2	215762036	1.480104003	111.9936361
chr2	215762099	1.865292591	111.9937294
chr2	215762105	1.840353728	111.9937406
chr2	215762180	2.161149967	111.9938786
chr2	215792828	1.681734275	112.0601135
chr2	215792831	1.422917421	112.0601186
chr2	215792832	1.164780433	112.06012
chr2	215792889	1.135140778	112.0601864
chr2	215792892	1.024496091	112.0601898
chr2	215793164	6.777302323	112.0604685
chr2	215793194	6.760357019	112.0606718
chr2	215793235	6.875623705	112.0609489
chr2	215793779	6.668090137	112.0646893
chr2	215793781	6.973362555	112.0647026
chr2	215793784	1.492524405	112.0647235
chr2	215793785	3.808897722	112.064725
chr2	215793796	3.702055413	112.0647669
chr2	215793829	3.66603868	112.0648891
chr2	215795044	3.680424935	112.0693433
chr2	215795140	3.773639025	112.0696967
chr2	215795207	3.923812246	112.0699495
chr2	215795252	1.607438932	112.0701261
chr2	215795254	1.773308628	112.0701293
chr2	215795259	1.796065924	112.0701381
chr2	215795261	1.925080681	112.0701417
chr2	215795290	2.016837324	112.0701976
chr2	215795293	2.299827282	112.0702036
chr2	215795916	2.263387103	112.0716364
chr2	215795927	2.454780773	112.0716613
chr2	215796001	4.022902964	112.071843
chr2	215796003	4.166346584	112.071851
chr2	215796019	4.214524996	112.0719177
chr2	215796042	4.366132011	112.0720146
chr2	215817656	4.254161026	112.1663842
chr2	215817670	4.387102603	112.1664437
chr2	215817835	4.497241903	112.1671676
chr2	215818409	4.577793665	112.169749
chr2	215818456	4.42618665	112.1699642
chr2	215821594	4.759499023	112.1838536
chr2	215821600	4.522556872	112.1838821
chr2	215821607	4.257140979	112.1839138
chr2	215821611	4.124453763	112.1839308
chr2	215821625	4.129769779	112.1839885
chr2	215830889	3.598395234	112.2222467
chr2	215830912	3.630395608	112.2223295
chr2	215831475	3.566974116	112.2243734
chr2	215831486	3.225027271	112.2244126
chr2	215831487	2.971840173	112.2244159
chr2	215831595	2.121074076	112.2247368
chr2	215831624	2.125192705	112.2247983
chr2	215831788	2.424507386	112.2251469
chr2	215831789	1.908261134	112.2251493
chr2	215831857	1.920479751	112.2252791
chr2	215839443	1.846060767	112.2398478
chr2	215842193	1.860517172	112.2449245
chr2	215843141	1.671354101	112.2466883
chr2	215843153	1.707569035	112.2467083
chr2	215843167	1.662955667	112.2467322
chr2	215843216	1.735422606	112.2468137
chr2	215843231	1.711934054	112.2468397
chr2	215843257	1.748126615	112.2468842
chr2	215843264	1.784546877	112.2468965
chr2	215843300	2.077775423	112.2469607
chr2	215843350	2.08268338	112.2470646
chr2	215843370	2.119145065	112.2471063
chr2	215843447	1.97306427	112.2472694
chr2	215935245	1.953450756	112.4283928
chr2	215935249	1.818205044	112.4284006
chr2	215935370	1.781297043	112.4286206
chr2	215935381	1.744393451	112.4286402
chr2	215935550	2.120749599	112.428935
chr2	215935560	2.047212346	112.4289562
chr2	215935625	2.010459229	112.4290893
chr2	215935641	1.986597035	112.4291214
chr2	215935716	1.949827216	112.4292704
chr2	215936567	1.76771171	112.4309297
chr2	215936985	1.626775478	112.4316687
chr2	215937015	1.55834699	112.4317175
chr2	215937041	1.5220969	112.431758
chr2	215937052	1.485851064	112.4317747
chr2	215937064	1.377584775	112.4317925
chr2	215937101	1.305233553	112.4318435
chr2	215937102	4.184220344	112.4318448
chr2	215937103	6.085430504	112.431849
chr2	215937111	7.044809288	112.4318977
chr2	215937147	9.396850359	112.4321513
chr2	215937151	10.33103085	112.4321889
chr2	215937235	11.26088948	112.4330567
chr2	215937256	11.68875617	112.4332932
chr2	215937280	11.67427655	112.4335737
chr2	215937318	11.63815977	112.4340173
chr2	215938353	12.18395476	112.4460628
chr2	215938410	13.70359423	112.4467573
chr2	215938699	11.5757798	112.4507176
chr2	215938868	10.2411687	112.452674
chr2	215938940	10.20563838	112.4534113
chr2	215939256	10.70084672	112.4566363
chr2	215939257	10.87594435	112.456647
chr2	215939475	11.39198378	112.459018
chr2	215939657	10.03815125	112.4610913
chr2	215940653	8.449399182	112.4710893
chr2	215940732	9.332715962	112.4717568
chr2	215940733	8.396852659	112.4717661
chr2	215940799	7.443395967	112.4723203
chr2	215940807	9.049677942	112.4723799
chr2	215940812	10.46422624	112.4724251
chr2	215940828	11.3701499	112.4725925
chr2	215940832	13.10040379	112.472638
chr2	215940839	14.72299088	112.4727297
chr2	215941140	14.75553618	112.4771613
chr2	215944579	11.09828379	112.5279056
chr2	215944621	9.580711568	112.5283718
chr2	215944649	9.562312324	112.52864
chr2	215944672	9.52874236	112.52886
chr2	215945622	17.3209876	112.5379123
chr2	215946060	9.650482433	112.5454989
chr2	215946118	8.496998468	112.5460586
chr2	215946124	6.777516706	112.5461096
chr2	215950313	6.184336212	112.5745006
chr2	215950509	5.837233737	112.5757127
chr2	215951681	5.498606102	112.582554
chr2	215951722	6.208919357	112.5827794
chr2	215952428	5.205792754	112.5871629
chr2	215952538	5.248964311	112.5877355
chr2	215953746	5.026441316	112.5940763
chr2	215953780	5.053211654	112.5942472
chr2	215953810	5.822713386	112.5943988
chr2	215957163	5.69917138	112.6139223
chr2	215957298	4.450486551	112.6146917
chr2	215958226	2.710811949	112.6188218
chr2	215958235	2.757320758	112.6188462
chr2	215958283	2.806239327	112.6189785
chr2	215958664	1.345716468	112.6200477
chr2	216031250	1.079754852	112.7177279
chr2	216031299	0.9443252206	112.7177808
chr2	216045552	0.8363207364	112.7312402
chr2	216045609	0.7974330852	112.7312879
chr2	216045622	0.8213990991	112.7312983
chr2	216068945	0.792410593	112.7504558
chr2	216072034	0.7876776644	112.7529035
chr2	216076010	0.6584521547	112.7560353
chr2	216080122	0.6383643915	112.7587429
chr2	216080149	0.8589642132	112.7587601
chr2	216080663	0.832610147	112.7592016
chr2	216080716	0.7090107311	112.7592458
chr2	216080877	0.629918575	112.7593599
chr2	216080895	0.8606907077	112.7593713
chr2	216094275	0.7588491863	112.7708873
chr2	216095511	0.7724273806	112.7718252
chr2	216095553	0.539422403	112.7718577
chr2	216095618	1.134469549	112.7718927
chr2	216095620	0.9337332777	112.771895
chr2	216095661	0.9483373513	112.7719333
chr2	216100280	0.920689689	112.7763137
chr2	216100411	0.9798504363	112.7764343
chr2	216100827	1.080622109	112.7768419
chr2	216100930	0.9399566389	112.7769532
chr2	216101015	1.693183281	112.7770331
chr2	216101202	1.739934422	112.7773497
chr2	216101298	1.771621541	112.7775167
chr2	216101299	2.176049153	112.7775185
chr2	216107054	1.59920515	112.7900417
chr2	216109967	0.9070401374	112.7947002
chr2	216116916	0.9230438657	112.8010032
chr2	216118026	0.9391431283	112.8020278
chr2	216118194	0.7413365242	112.8021855
chr2	216163487	0.5848763986	112.8357629
chr2	216166328	0.6074926851	112.8374245
chr2	216166447	0.6303702536	112.8374968
chr2	216170603	0.6771849798	112.8401166
chr2	216176432	0.7023103848	112.844064
chr2	216179124	0.7518963361	112.8459546
chr2	216179768	0.7746312518	112.8464388
chr2	216314982	3.172822751	112.9511798
chr2	216314986	3.427211108	112.9511925
chr2	216316081	3.440462217	112.9549453
chr2	216316579	1.762565186	112.9566586
chr2	216317407	1.737991524	112.958118
chr2	216319468	2.09082297	112.9617
chr2	216320451	2.075337271	112.9637553
chr2	216328344	1.502551561	112.9801359
chr2	216329085	1.271567616	112.9812493
chr2	216329089	1.25667397	112.9812544
chr2	216329099	0.5710415038	112.981267
chr2	216329235	0.5334647213	112.9813446
chr2	216329249	0.6852430469	112.9813521
chr2	216329252	0.5207655387	112.9813542
chr2	216344127	0.5796083581	112.9891006
chr2	216345695	1.830133448	112.9900094
chr2	216345723	1.719593139	112.9900606
chr2	216345758	1.630316345	112.9901208
chr2	216345774	1.643692166	112.9901469
chr2	216345803	1.760429933	112.9901946
chr2	216348691	0.8930962281	112.9952787
chr2	216348693	1.057839235	112.9952805
chr2	216374912	0.4490469422	113.023016
chr2	216374917	8.333899558	113.0230182
chr2	216375310	8.427772168	113.0262934
chr2	216375341	0.4249066244	113.0265547
chr2	216375361	0.4594772496	113.0265632
chr2	216375389	0.4325783444	113.0265761
chr2	216375403	0.420181153	113.0265821
chr2	216375535	0.4554642972	113.0266376
chr2	216375553	0.5016367175	113.0266458
chr2	216375566	0.5362750017	113.0266523
chr2	216375684	0.5783793386	113.0267156
chr2	216380837	0.6150096383	113.029696
chr2	216380995	0.652413263	113.0297931
chr2	216380996	0.8256863453	113.0297938
chr2	216381001	0.8378758172	113.0297979
chr2	216381033	0.8752950971	113.0298247
chr2	216381124	0.9250052893	113.0299044
chr2	216381233	1.0095756	113.0300052
chr2	216381277	1.054611876	113.0300496
chr2	216381292	1.091422722	113.0300654
chr2	216381350	1.098027091	113.0301287
chr2	216381687	1.134996126	113.0304988
chr2	216381698	1.210386756	113.0305113
chr2	216381700	1.24808291	113.0305137
chr2	216381897	1.297405546	113.0307596
chr2	216381923	1.384816208	113.0307933
chr2	216381933	1.430134632	113.0308071
chr2	216420603	1.768002928	113.0861104
chr2	216421151	1.795359417	113.0870793
chr2	216421213	1.809015423	113.0871906
chr2	216421413	1.823271489	113.0875524
chr2	216421414	1.738701183	113.0875543
chr2	216421458	1.833586669	113.0876308
chr2	216471845	1.140299107	113.1800197
chr2	216471851	0.9194385015	113.1800265
chr2	216473605	3.395926334	113.1816392
chr2	216473656	3.361355708	113.1818124
chr2	216473669	3.603252002	113.1818561
chr2	216476080	3.620778291	113.1905436
chr2	216476188	1.102914334	113.1909346
chr2	216476660	1.12048076	113.1914552
chr2	216482801	1.109389169	113.198336
chr2	216483210	0.7532294735	113.1987898
chr2	216485519	0.771639683	113.200529
chr2	216656685	1.057118733	113.3326075
chr2	216658284	1.026162801	113.3342978
chr2	216658389	0.9830063561	113.3344056
chr2	216658394	0.9643564791	113.3344105
chr2	216658418	0.9457090584	113.3344336
chr2	216658423	0.9270621472	113.3344383
chr2	216659776	0.8519025539	113.3356927
chr2	216660518	0.842036832	113.3363248
chr2	216660708	0.825356532	113.3364848
chr2	216661368	0.8132364927	113.3370295
chr2	216669068	0.8047060369	113.3432914
chr2	216669072	0.553152482	113.3432946
chr2	216669074	0.49630186	113.3432957
chr2	216669103	0.4710125281	113.3433101
chr2	216669967	0.4534862389	113.3437171
chr2	216670050	0.3974730402	113.3437547
chr2	216670097	0.3363611297	113.3437734
chr2	216670104	0.2909232462	113.3437758
chr2	216670202	0.2793968902	113.3438043
chr2	216670226	0.3104676817	113.343811
chr2	216674098	0.2935188623	113.3450131
chr2	216674316	8.602249641	113.3450771
chr2	216674725	0.3688573901	113.3485954
chr2	216734985	0.4597534569	113.3708228
chr2	216735013	0.4466244328	113.3708356
chr2	216737220	0.510876889	113.3718213
chr2	216739015	0.5345424877	113.3727384
chr2	216743102	0.6043824392	113.374923
chr2	216743236	0.641411901	113.375004
chr2	216790105	0.6814156635	113.4050664
chr2	216790107	0.6171632079	113.4050677
chr2	216790324	0.6234368404	113.4052016
chr2	216790393	0.6964958285	113.4052447
chr2	216833384	0.7090380795	113.4351877
chr2	216833406	0.7992110384	113.4352033
chr2	216833434	0.7984660526	113.4352257
chr2	216833452	0.7562389777	113.4352401
chr2	216833520	0.7370226481	113.4352915
chr2	216833543	0.7471154333	113.4353084
chr2	216833563	0.7476081407	113.4353234
chr2	216833565	0.68215726	113.4353249
chr2	216833633	0.7794159009	113.4353713
chr2	216835004	0.7423864391	113.4364398
chr2	216836824	0.8399634571	113.437791
chr2	216836905	1.156373373	113.437859
chr2	216868372	2.499878485	113.4742466
chr2	216868539	2.307730426	113.4746641
chr2	216868564	3.169541142	113.4747218
chr2	216868572	3.072282501	113.4747471
chr2	216868638	3.063623767	113.4749499
chr2	216868646	3.197697661	113.4749744
chr2	216868687	3.029894691	113.4751055
chr2	216868743	5.816840047	113.4752752
chr2	216870737	4.487041903	113.486874
chr2	216871649	4.389464885	113.4909662
chr2	216872487	4.426259853	113.4946445
chr2	216872491	4.448304164	113.4946622
chr2	216872507	1.577328004	113.4947334
chr2	216872550	2.947786488	113.4948012
chr2	216874879	2.393986024	113.5016666
chr2	216875050	1.01345627	113.502076
chr2	216875167	0.4904874571	113.5021946
chr2	216876326	0.5020494232	113.5027631
chr2	216882579	0.5069521505	113.5059024
chr2	216882595	0.5405474784	113.5059105
chr2	216882604	0.554550482	113.5059154
chr2	216882605	0.5812893662	113.5059159
chr2	216895606	0.6051162029	113.5134732
chr2	216895843	0.9583372785	113.5136167
chr2	216895876	1.161439623	113.5136483
chr2	216895965	1.211032807	113.5137517
chr2	216943361	1.241179288	113.5711498
chr2	216943408	1.256160659	113.5712081
chr2	217106921	1.258374434	113.7766067
chr2	217106982	1.167304372	113.7766835
chr2	217106993	1.135112557	113.7766963
chr2	217107173	1.189001353	113.7769006
chr2	217107279	1.231118275	113.7770267
chr2	217108204	1.245277435	113.7781654
chr2	217151415	1.367207944	113.8319751
chr2	217151431	1.547958989	113.831997
chr2	217151440	1.909634221	113.8320109
chr2	217151443	2.090500714	113.8320167
chr2	217151493	2.654971432	113.8321212
chr2	217151715	3.58226251	113.8327106
chr2	217153309	3.570329653	113.8384207
chr2	217167390	3.449842487	113.8886945
chr2	217168293	3.437368524	113.8918097
chr2	217168339	6.130838547	113.8919679
chr2	217170226	6.200627291	113.9035367
chr2	217170231	4.439072127	113.9035677
chr2	217175651	4.82374887	113.9276275
chr2	217175666	4.660334238	113.9276999
chr2	217175693	4.599284793	113.9278257
chr2	217180790	7.417645743	113.9512683
chr2	217181331	7.198659504	113.9552812
chr2	217182184	6.914369397	113.9614217
chr2	217183935	8.464010899	113.9735287
chr2	217183960	8.043766592	113.9737403
chr2	217184741	7.490112542	113.9800225
chr2	217184744	10.81293295	113.980045
chr2	217184758	10.80117129	113.9801964
chr2	217184762	10.78992545	113.9802396
chr2	217184779	11.50584309	113.980423
chr2	217184782	11.49008961	113.9804575
chr2	217186100	8.989633654	113.9956014
chr2	217186112	6.811064794	113.9957093
chr2	217186258	3.910038964	113.9967037
chr2	217186273	3.703214842	113.9967624
chr2	217186284	3.717000988	113.9968031
chr2	217187623	0.6454795885	114.0017802
chr2	217187652	0.4573530261	114.0017989
chr2	217187685	0.6166969399	114.001814
chr2	217187795	0.6608381095	114.0018818
chr2	217187826	0.7216415101	114.0019023
chr2	217187889	0.7247568073	114.0019478
chr2	217187919	0.9125779678	114.0019695
chr2	217187962	0.8946156096	114.0020088
chr2	217192303	0.9467821562	114.0058923
chr2	217192347	0.9730837991	114.005934
chr2	217195700	1.046898721	114.0091967
chr2	217243713	0.6662959154	114.0594614
chr2	217243773	0.6729940934	114.0595014
chr2	217243881	0.6594541219	114.0595741
chr2	217245637	0.6906409309	114.0607321
chr2	217245716	0.6451884162	114.0607867
chr2	217264778	0.8145033441	114.0730853
chr2	217264800	0.7309398938	114.0731032
chr2	217265201	0.7641901662	114.0733963
chr2	217319842	0.7556493483	114.1151524
chr2	217321545	0.7901127875	114.1164393
chr2	217417399	0.8117072083	114.1921747
chr2	217417964	0.9421316207	114.1926334
chr2	217417969	0.9199493812	114.1926381
chr2	217418146	0.8944487852	114.1928009
chr2	217418193	0.8526060811	114.1928429
chr2	217418237	1.08663636	114.1928804
chr2	217418239	1.205570403	114.1928826
chr2	217418257	1.197340559	114.1929043
chr2	217418259	1.12151094	114.1929067
chr2	217418415	1.707401493	114.1930817
chr2	217418443	1.735498124	114.1931295
chr2	217418471	2.128404824	114.1931781
chr2	217428046	1.822115541	114.2135575
chr2	217428061	1.940032341	114.2135849
chr2	217430054	2.341164596	114.2174514
chr2	217432757	2.080326446	114.2237795
chr2	217432763	2.196834942	114.223792
chr2	217432772	2.203713315	114.2238118
chr2	217432804	1.967552383	114.2238823
chr2	217432825	1.565987799	114.2239236
chr2	217437283	1.631819084	114.2309048
chr2	217437869	1.642677222	114.231861
chr2	217438684	1.865005838	114.2331998
chr2	217438695	1.722164868	114.2332203
chr2	217438773	2.442051704	114.2333547
chr2	217447075	2.478287878	114.2536286
chr2	217455450	2.556532337	114.2743842
chr2	217455451	2.530372072	114.2743868
chr2	217456326	1.973761779	114.2766009
chr2	217457357	2.015092384	114.2786358
chr2	217457451	1.855853818	114.2788252
chr2	217539575	1.677219255	114.4312354
chr2	217539578	1.646255142	114.4312404
chr2	217539754	1.584988795	114.4315302
chr2	217540333	1.653932253	114.4324479
chr2	217540400	1.766365925	114.4325587
chr2	217540676	1.61182472	114.4330462
chr2	217540787	1.544223235	114.4332251
chr2	217540834	1.504425151	114.4332977
chr2	217540852	1.407604581	114.4333248
chr2	217541281	1.428814536	114.4339286
chr2	217541298	1.304869178	114.4339529
chr2	217541412	1.315206912	114.4341017
chr2	217541540	1.307365146	114.43427
chr2	217574760	1.285770725	114.4777007
chr2	217575687	0.9921459055	114.4788926
chr2	217575709	0.9763756463	114.4789144
chr2	217576164	0.8179329238	114.4793587
chr2	217576167	0.8957310094	114.4793611
chr2	217576175	0.916862596	114.4793683
chr2	217576188	0.8882437186	114.4793802
chr2	217576211	0.8482814787	114.4794006
chr2	217622613	0.9276978808	114.5187626
chr2	217624119	0.9513475033	114.5201597
chr2	217624355	0.9340361252	114.5203842
chr2	217646103	0.9277187317	114.5406976
chr2	217651545	0.9328470632	114.5457463
chr2	217651628	0.9382566949	114.5458237
chr2	217662481	0.9144565421	114.5560066
chr2	217662557	0.8865759074	114.5560761
chr2	217668639	0.9296271369	114.5614683
chr2	217747571	0.8701033704	114.6348456
chr2	217747748	0.8503513396	114.6349996
chr2	217747789	0.7744499167	114.6350345
chr2	217750636	0.6263043397	114.6372393
chr2	217750790	0.6068445913	114.6373358
chr2	217750825	0.5959864524	114.637357
chr2	217750835	0.5500289808	114.637363
chr2	217750899	0.5666283321	114.6373982
chr2	217750920	0.5241806781	114.6374101
chr2	217751016	0.5224422809	114.6374604
chr2	217751086	0.628459292	114.637497
chr2	217751093	0.6055981406	114.6375014
chr2	217751152	0.6859750752	114.6375371
chr2	217767688	0.6985557103	114.6488804
chr2	217767755	0.6960304483	114.6489272
chr2	217767789	0.782531079	114.6489509
chr2	217767805	0.7588814565	114.6489634
chr2	217767819	0.7777880486	114.648974
chr2	217818189	0.8026228393	114.6881512
chr2	217818201	0.4888506979	114.6881608
chr2	217818231	0.4713875776	114.6881755
chr2	217865583	0.5204802796	114.7104966
chr2	217865611	0.5752731531	114.7105112
chr2	217945760	0.5469850627	114.7566188
chr2	217945852	0.5150490654	114.7566691
chr2	217945891	0.4884204708	114.7566892
chr2	217947551	2.669654492	114.7575
chr2	217952064	4.463673293	114.7695481
chr2	217954990	4.541383677	114.7826088
chr2	217955018	3.328196398	114.782736
chr2	217955144	3.338067996	114.7831553
chr2	217955226	2.263393849	114.7834291
chr2	217955329	2.246761919	114.7836622
chr2	217955478	2.228666601	114.7839969
chr2	217955569	1.595592465	114.7841998
chr2	217955570	1.869950537	114.7842014
chr2	217955604	1.120417002	114.7842649
chr2	217955609	1.103807833	114.7842705
chr2	217955613	1.087208482	114.7842749
chr2	217958123	1.201073767	114.7870038
chr2	217977545	1.197130728	114.8103311
chr2	217977718	1.213064891	114.8105382
chr2	217998661	1.177544777	114.8359434
chr2	217998718	1.135468891	114.8360105
chr2	217999372	1.053088236	114.8367531
chr2	218000095	1.026080548	114.8375145
chr2	218029491	1.114012225	114.8676772
chr2	218068052	1.12277894	114.9106346
chr2	218068054	0.6650005133	114.9106369
chr2	218068055	0.9684214683	114.9106375
chr2	218068064	0.9079190733	114.9106462
chr2	218068073	0.8474914068	114.9106544
chr2	218068108	0.817296098	114.9106841
chr2	218068136	0.8295045054	114.9107069
chr2	218069488	0.8434766922	114.9118284
chr2	218072314	1.117584132	114.9142121
chr2	218072337	1.185413645	114.9142378
chr2	218072370	1.201796521	114.9142769
chr2	218075019	1.309413687	114.9174605
chr2	218078110	1.326571228	114.9215079
chr2	218078140	1.382976236	114.9215477
chr2	218078240	1.132644688	114.921686
chr2	218078282	1.189182958	114.9217336
chr2	218078326	1.318422438	114.9217859
chr2	218137975	1.280924185	115.0004285
chr2	218138051	12.12920597	115.0005258
chr2	218138171	12.08561246	115.0019813
chr2	218138385	28.90474814	115.0045676
chr2	218138978	28.92056874	115.0217081
chr2	218138988	1.614018899	115.0219974
chr2	218187607	1.584545127	115.1004693
chr2	218190961	2.16770927	115.1057839
chr2	218190978	2.151775107	115.1058208
chr2	218191102	2.193977288	115.1060876
chr2	218191247	2.164631506	115.1064057
chr2	218267855	2.260447653	115.2722338
chr2	218267944	2.658833503	115.272435
chr2	218268220	3.657692895	115.2731688
chr2	218271622	4.124383773	115.2856123
chr2	218271875	4.423009383	115.2866557
chr2	218274634	5.503347741	115.2988588
chr2	218276144	9.171872266	115.3071689
chr2	218276164	10.48049352	115.3073523
chr2	218278674	10.78741325	115.3336584
chr2	218278706	8.723976164	115.3340036
chr2	218278734	8.758313385	115.3342478
chr2	218278735	7.892401783	115.3342566
chr2	218278736	8.134502067	115.3342645
chr2	218278746	8.427266748	115.3343458
chr2	218279789	8.752426389	115.3431355
chr2	218286905	7.145689878	115.4054177
chr2	218287045	8.286207167	115.4064181
chr2	218289028	7.895753341	115.4228497
chr2	218289051	7.873199351	115.4230313
chr2	218289054	8.008466675	115.4230549
chr2	218289167	7.747133164	115.4239599
chr2	218289175	7.715762309	115.4240218
chr2	218289238	7.713274281	115.4245079
chr2	218289634	8.014927157	115.4275624
chr2	218289738	8.381159879	115.4283959
chr2	218290275	8.787431474	115.4328966
chr2	218290353	7.565079026	115.433582
chr2	218292754	14.13904987	115.4517458
chr2	218292772	13.87455619	115.4520003
chr2	218292934	14.0144645	115.454248
chr2	218292936	14.94205465	115.454276
chr2	218298977	14.69360869	115.544541
chr2	218299321	15.25827708	115.5495956
chr2	218299344	14.89011231	115.5499465
chr2	218299345	10.87690745	115.5499614
chr2	218299376	10.2029346	115.5502986
chr2	218299396	12.11198085	115.5505026
chr2	218299570	14.78561948	115.5526101
chr2	218299571	14.80698177	115.5526249
chr2	218300899	8.95752408	115.5722886
chr2	218300929	8.804414246	115.5725573
chr2	218300963	8.780237793	115.5728566
chr2	218302848	8.713823551	115.5894074
chr2	218303320	9.62250504	115.5935203
chr2	218303716	9.665289584	115.5973308
chr2	218303736	9.187770276	115.5975241
chr2	218303746	9.576131879	115.597616
chr2	218303793	11.36863386	115.5980661
chr2	218305124	11.38988181	115.6131977
chr2	218307918	11.3919609	115.6450211
chr2	218308897	11.40590692	115.6561738
chr2	218312273	11.16244829	115.6946801
chr2	218312385	10.4436102	115.6959303
chr2	218312398	10.12492761	115.6960661
chr2	218312503	9.864588512	115.6971292
chr2	218312508	13.01975996	115.6971785
chr2	218312550	11.33905371	115.6977254
chr2	218312694	10.7251054	115.6993582
chr2	218313528	10.39848606	115.7083029
chr2	218313538	10.11498577	115.7084069
chr2	218313585	5.511820535	115.7088823
chr2	218314162	4.152277959	115.7120626
chr2	218373469	3.86632783	115.9583218
chr2	218373475	3.798766667	115.958345
chr2	218373501	3.706138585	115.9584438
chr2	218381125	8.596537856	115.9866994
chr2	218381167	8.508701641	115.9870604
chr2	218381330	8.415997928	115.9884473
chr2	218382763	8.378244819	116.0005075
chr2	218382792	8.335255677	116.0007504
chr2	218382800	7.147663943	116.0008171
chr2	218382827	6.750570654	116.0010101
chr2	218382903	6.616563145	116.0015231
chr2	218382922	6.573619096	116.0016489
chr2	218383134	4.956640962	116.0030425
chr2	218383140	4.811145507	116.0030722
chr2	218383255	4.69442636	116.0036255
chr2	218383270	4.962897395	116.0036959
chr2	218383346	5.320314344	116.0040731
chr2	218383347	5.402762959	116.0040784
chr2	218383361	5.485216908	116.004154
chr2	218383389	5.532438593	116.0043076
chr2	218384346	4.589312203	116.0096022
chr2	218384363	4.634028772	116.0096802
chr2	218384370	4.682442622	116.0097126
chr2	218384428	2.559944401	116.0099842
chr2	218384441	2.60609632	116.0100175
chr2	218384476	2.654042247	116.0101087
chr2	218451384	2.63169546	116.1876854
chr2	218451393	2.581813339	116.187709
chr2	218451418	3.937265933	116.1877736
chr2	218451673	3.788275451	116.1887776
chr2	218452681	3.741612748	116.1925962
chr2	218453925	2.335382564	116.1972507
chr2	218454425	2.331388644	116.1984184
chr2	218454559	2.282974795	116.1987308
chr2	218455350	3.361525201	116.2005367
chr2	218455376	3.384385871	116.2006241
chr2	218455668	3.369464456	116.2016123
chr2	218458038	3.3461153	116.2095979
chr2	218458042	3.300751388	116.2096113
chr2	218458044	3.256573493	116.2096179
chr2	218458070	1.917764784	116.2097026
chr2	218458208	2.200419555	116.2099673
chr2	218458636	2.270688166	116.210909
chr2	218458639	2.289963338	116.2109158
chr2	218458642	2.263021377	116.2109227
chr2	218506992	6.179083134	116.3203398
chr2	218506995	9.909113866	116.3203583
chr2	218507001	9.783787431	116.3204178
chr2	218507634	9.766275774	116.3266109
chr2	218507838	5.931894809	116.3286032
chr2	218507889	1.953225364	116.3289058
chr2	218510095	1.928352579	116.3332146
chr2	218510098	1.843719957	116.3332204
chr2	218510099	1.791798051	116.3332222
chr2	218510155	1.776824076	116.3333226
chr2	218511364	1.73323473	116.3354707
chr2	218511390	1.672251284	116.3355158
chr2	218511399	1.584635014	116.3355309
chr2	218511527	1.567417576	116.3357337
chr2	218511550	1.573852958	116.3357697
chr2	218511577	1.814749605	116.3358122
chr2	218515087	2.071708592	116.342182
chr2	218515113	1.73210602	116.3422359
chr2	218519861	1.807321643	116.3504599
chr2	218522686	1.758526032	116.3555656
chr2	218522826	3.227030635	116.3558118
chr2	218523519	3.300859599	116.3580481
chr2	218523525	4.175120545	116.3580679
chr2	218523603	4.181638044	116.3583936
chr2	218525140	2.713133441	116.3648208
chr2	218525921	2.705397171	116.3669397
chr2	218525994	2.746189949	116.3671372
chr2	218526308	2.812540036	116.3679995
chr2	218526316	2.762646929	116.368022
chr2	218526338	2.685555742	116.3680828
chr2	218526342	2.692173383	116.3680935
chr2	218526405	2.790210163	116.3682631
chr2	218526672	1.513378874	116.3690081
chr2	218555966	1.403645371	116.413341
chr2	218555967	1.204524537	116.4133425
chr2	218556563	1.09336226	116.4140603
chr2	218558169	1.107321676	116.4158163
chr2	218558181	1.111784583	116.4158296
chr2	218558218	0.7847490315	116.4158707
chr2	218577193	0.8017169799	116.4307613
chr2	218577523	0.7214285058	116.4310259
chr2	218577623	0.8037688873	116.431098
chr2	218577652	0.7458712229	116.4311213
chr2	218581713	0.7716196561	116.4341503
chr2	218584104	0.8341816939	116.4359953
chr2	218584118	0.8416375859	116.4360069
chr2	218584158	0.8395400627	116.4360406
chr2	218634738	0.7754548265	116.4785045
chr2	218638420	0.712892788	116.4813598
chr2	218638429	0.6570999332	116.4813662
chr2	218688749	0.6653226296	116.5144315
chr2	218693197	0.6669100244	116.5173908
chr2	218737155	0.6605657627	116.5467068
chr2	218737768	0.6595962204	116.5471118
chr2	218737801	0.638381574	116.5471335
chr2	218738175	0.6494675563	116.5473723
chr2	218875170	0.628705003	116.6363461
chr2	218875263	0.610508954	116.6364046
chr2	218922738	0.6199468382	116.6653885
chr2	218924197	0.63533126	116.666293
chr2	218926131	0.5920350216	116.6675217
chr2	218993617	0.584230411	116.7074758
chr2	219036810	0.5923226805	116.7327105
chr2	219036862	0.5798024543	116.7327413
chr2	219038746	0.572434826	116.7338336
chr2	219039350	0.5835544863	116.7341794
chr2	219039587	0.5771191045	116.7343177
chr2	219039635	0.5634279113	116.7343454
chr2	219039644	0.5380967553	116.7343504
chr2	219039668	0.5217926474	116.7343633
chr2	219039836	0.5493495406	116.734451
chr2	219039878	0.5418929447	116.7344741
chr2	219039881	1.254417631	116.7344757
chr2	219039905	1.290134542	116.7345058
chr2	219040042	1.282680628	116.7346826
chr2	219040048	1.277090198	116.7346903
chr2	219044699	1.266004216	116.74063
chr2	219044780	1.273232328	116.7407325
chr2	219044987	1.40730818	116.7409961
chr2	219045065	0.8760540795	116.7411059
chr2	219151877	0.9245871672	116.834679
chr2	219161863	0.9830072276	116.8439119
chr2	219161871	1.013317542	116.8439198
chr2	219161898	0.9842516743	116.8439471
chr2	219162037	0.9552009644	116.8440839
chr2	219162090	1.012604543	116.8441346
chr2	219164319	0.9841097366	116.8463916
chr2	219203824	0.9386310273	116.8852689
chr2	219204344	2.162485227	116.885757
chr2	219204637	2.222952142	116.8863906
chr2	219206231	2.201877747	116.889934
chr2	219207012	2.354100518	116.8916537
chr2	219207035	2.298020573	116.8917078
chr2	219207073	2.398180001	116.8917951
chr2	219207119	2.44244673	116.8919054
chr2	219207156	2.493296993	116.8919958
chr2	219207189	2.800199088	116.8920781
chr2	219207212	3.561851536	116.8921425
chr2	219211674	3.991481573	116.9080355
chr2	219212304	4.137426387	116.9105501
chr2	219212305	4.186435135	116.9105542
chr2	219212307	3.517514964	116.9105626
chr2	219212320	2.919384532	116.9106083
chr2	219212342	3.003907596	116.9106726
chr2	219220030	2.945487536	116.9337666
chr2	219220164	6.025098847	116.9341613
chr2	219220210	5.911698691	116.9344385
chr2	219220255	6.697400618	116.9347045
chr2	219220279	6.238568113	116.9348652
chr2	219221228	6.302982559	116.9407856
chr2	219221287	3.561198415	116.9411575
chr2	219221292	3.625691101	116.9411753
chr2	219260552	3.786815788	117.0835199
chr2	219260578	3.785763158	117.0836184
chr2	219260597	3.644978463	117.0836903
chr2	219260715	3.629589125	117.0841204
chr2	219260835	3.569122211	117.084556
chr2	219273982	4.625733859	117.1314792
chr2	219274563	4.808473463	117.1341668
chr2	219274568	4.652579645	117.1341908
chr2	219274578	5.782378679	117.1342374
chr2	219274586	5.657289147	117.1342836
chr2	219274594	6.125574853	117.1343289
chr2	219275852	6.648297296	117.1420348
chr2	219276146	6.526699198	117.1439894
chr2	219280897	5.988936949	117.1749978
chr2	219281174	2.760929386	117.1766567
chr2	219281177	2.640054145	117.176665
chr2	219281642	1.64652659	117.1778926
chr2	219281658	1.770509355	117.177919
chr2	219281721	3.366180092	117.1780305
chr2	219282731	3.544970575	117.1814304
chr2	219282789	3.535532691	117.181636
chr2	219282800	3.648943746	117.1816749
chr2	219283466	1.821671624	117.1841051
chr2	219308766	1.696390705	117.2301934
chr2	219308830	1.540125275	117.2303019
chr2	219308880	1.285053622	117.2303789
chr2	219309066	1.535975135	117.2306179
chr2	219317425	1.939474708	117.2434572
chr2	219317451	1.828978587	117.2435076
chr2	219319595	1.762692613	117.2474289
chr2	219319706	3.110387388	117.2476246
chr2	219320097	3.019277656	117.2488407
chr2	219320105	4.427787182	117.2488649
chr2	219320127	5.744762105	117.2489623
chr2	219320151	14.5624319	117.2491002
chr2	219320997	10.545742	117.26142
chr2	219320998	14.19353163	117.2614305
chr2	219321000	15.11079534	117.2614589
chr2	219323638	27.21342042	117.3013212
chr2	219323736	34.00901237	117.3039881
chr2	219324137	33.15649866	117.3176257
chr2	219324203	26.08187185	117.3198141
chr2	219324282	27.62812518	117.3218745
chr2	219324296	22.76417212	117.3222613
chr2	219324302	23.7532138	117.3223979
chr2	219324330	23.90533259	117.323063
chr2	219324479	24.98975309	117.3266249
chr2	219325617	22.2159443	117.3550632
chr2	219325731	22.75133419	117.3575959
chr2	219325832	23.03002849	117.3598937
chr2	219325848	19.55363304	117.3602622
chr2	219325853	20.25927531	117.36036
chr2	219326906	20.48767426	117.381693
chr2	219326935	18.99010743	117.3822871
chr2	219327165	19.77738209	117.3866549
chr2	219327375	19.14868562	117.3908081
chr2	219328239	18.33268557	117.4073526
chr2	219328268	17.02798421	117.4078842
chr2	219329193	16.61332653	117.4236351
chr2	219329198	16.23771919	117.4237182
chr2	219329225	14.92838726	117.4241566
chr2	219329837	7.218040076	117.4332928
chr2	219329916	7.139548441	117.433863
chr2	219332069	7.842307203	117.4492345
chr2	219332078	7.30691731	117.449305
chr2	219332154	7.659785394	117.4498604
chr2	219332359	7.152908691	117.4514306
chr2	219332376	6.650153898	117.4515522
chr2	219336975	6.382015363	117.4821363
chr2	219337919	5.928356454	117.4881609
chr2	219338025	5.685340942	117.4887893
chr2	219338031	5.564464793	117.4888234
chr2	219339747	5.383202743	117.498372
chr2	219341696	4.870418316	117.5088639
chr2	219341784	3.490298607	117.5092925
chr2	219343165	3.565058631	117.5141126
chr2	219343203	5.220194266	117.5142481
chr2	219344010	1.303984616	117.5184608
chr2	219344051	1.228879985	117.5185142
chr2	219432159	1.114216896	117.6267884
chr2	219432177	1.137620246	117.6268084
chr2	219432282	1.099106349	117.6269279
chr2	219432401	0.9699321069	117.6270587
chr2	219433267	0.9342533139	117.6278986
chr2	219433276	0.8103445381	117.6279071
chr2	219433280	0.7982777311	117.6279103
chr2	219434791	0.8027954506	117.6291165
chr2	219434839	0.8756236541	117.629155
chr2	219434883	0.8359681892	117.6291936
chr2	219435173	1.153890452	117.629436
chr2	219435174	1.178534148	117.6294371
chr2	219435179	1.196826748	117.629443
chr2	219435214	1.220771163	117.6294849
chr2	219435220	1.260664562	117.6294922
chr2	219439787	1.360141777	117.6352497
chr2	219439824	1.43518138	117.6353
chr2	219520325	1.418133415	117.7508336
chr2	219520343	1.460670719	117.7508591
chr2	219520400	1.420777321	117.7509423
chr2	219521013	1.401666367	117.7518133
chr2	219521014	1.382463932	117.7518147
chr2	219572995	2.168928722	117.8236765
chr2	219573035	2.154468884	117.8237633
chr2	219573064	2.129825185	117.8238258
chr2	219573894	2.115043297	117.8255935
chr2	219573968	2.016799813	117.82575
chr2	219577059	1.005858433	117.831984
chr2	219577131	0.9674752537	117.8320564
chr2	219577211	0.4990968556	117.8321338
chr2	219577374	0.4279322638	117.8322151
chr2	219577375	0.2221397365	117.8322156
chr2	219577413	0.1983056599	117.832224
chr2	219577516	0.2076468505	117.8322444
chr2	219577586	0.2194347441	117.832259
chr2	219577621	1.369779921	117.8322667
chr2	219577668	1.363400643	117.832331
chr2	219577737	1.372406746	117.8324251
chr2	219580503	1.711033518	117.8362212
chr2	219580575	0.5725997402	117.8363444
chr2	219580655	0.7315909741	117.8363902
chr2	219580665	1.264509427	117.8363975
chr2	219586989	0.7484063288	117.8443943
chr2	219587421	0.7606317157	117.8447176
chr2	219590538	0.4437881008	117.8470885
chr2	219593114	0.9128554493	117.8482317
chr2	219602028	0.8013611351	117.8563689
chr2	219603140	0.5938240548	117.85726
chr2	219603141	0.6330714697	117.8572606
chr2	219662885	0.6284712601	117.8950828
chr2	219672258	0.6031083166	117.9009734
chr2	219672346	0.6206685694	117.9010265
chr2	219673572	0.5731716491	117.9017875
chr2	219673606	0.5438596515	117.9018069
chr2	219705152	0.5581607797	117.9189635
chr2	219705355	0.580301396	117.9190769
chr2	219853291	1.023972545	118.0049243
chr2	219858834	0.9574368889	118.0106002
chr2	219858836	0.9324327016	118.0106021
chr2	219865037	0.9204831457	118.0163841
chr2	219865040	0.6312568564	118.0163869
chr2	219865377	0.6190314695	118.0165996
chr2	219865630	0.5633716995	118.0167562
chr2	219865670	0.5374842226	118.0167788
chr2	219865858	0.5413099175	118.0168798
chr2	219867425	0.528922083	118.0177281
chr2	219867429	0.5160644915	118.0177302
chr2	219869501	0.4863393316	118.0187995
chr2	219870345	0.5775971149	118.0192099
chr2	219870358	0.6133571882	118.0192174
chr2	219873580	7.478245372	118.0211937
chr2	219873599	7.620217886	118.0213358
chr2	219874060	7.641659277	118.0248487
chr2	219874075	0.8680024963	118.0249633
chr2	219941229	0.8229172559	118.0832531
chr2	219941294	1.137322134	118.0833066
chr2	219942342	1.092519391	118.0844985
chr2	219942726	1.676790307	118.0849181
chr2	219942754	1.582931266	118.084965
chr2	219942764	1.568630138	118.0849809
chr2	219942817	1.576743288	118.085064
chr2	219942844	1.480458487	118.0851066
chr2	219942902	1.856356229	118.0851924
chr2	219943054	2.682787496	118.0854746
chr2	219943058	2.636054181	118.0854853
chr2	219943069	2.880849421	118.0855143
chr2	219943438	4.631990264	118.0865774
chr2	219943492	5.730154724	118.0868275
chr2	219943512	6.045906411	118.0869421
chr2	219943543	5.953059075	118.0871295
chr2	219946223	6.04982749	118.1030837
chr2	219948508	6.244696147	118.1169076
chr2	219948528	6.517819649	118.1170325
chr2	219948542	7.075361478	118.1171237
chr2	219948557	7.685984955	118.1172298
chr2	219949240	7.8732969	118.1224794
chr2	219951835	7.465995012	118.1429106
chr2	219952883	6.642854861	118.1507349
chr2	219952999	9.198982179	118.1515055
chr2	219953005	9.386816996	118.1515607
chr2	219954122	8.776193519	118.1620458
chr2	219954253	9.066804966	118.1631955
chr2	219954271	8.465023257	118.1633587
chr2	219954274	11.38157052	118.1633841
chr2	219954289	10.98139711	118.1635548
chr2	219954292	10.04217112	118.1635877
chr2	219954309	9.742909543	118.1637584
chr2	219954337	10.42647579	118.1640312
chr2	219955050	10.87318784	118.1714653
chr2	219955335	4.054174179	118.1745642
chr2	219965946	4.213331787	118.217583
chr2	219965971	3.582684906	118.2176884
chr2	219970719	3.684033852	118.2346989
chr2	219971077	3.550825164	118.2360178
chr2	219971093	3.896830625	118.2360746
chr2	219971096	3.708995811	118.2360863
chr2	219975645	3.741846768	118.2529585
chr2	219975647	3.8163043	118.252966
chr2	219975649	3.835497295	118.2529737
chr2	219977196	3.826412774	118.2589072
chr2	219977254	3.969881309	118.2591291
chr2	219977258	3.669481764	118.259145
chr2	219977266	3.521589538	118.2591743
chr2	219980910	3.388720735	118.272007
chr2	219980914	3.18631074	118.2720206
chr2	219981339	2.840277079	118.2733748
chr2	219984380	2.727348973	118.282012
chr2	219984904	2.45430414	118.2834412
chr2	219985031	2.714733843	118.2837529
chr2	219985523	2.539018191	118.2850885
chr2	219985815	2.559380356	118.2858299
chr2	219985855	2.297529715	118.2859323
chr2	219985877	2.130870207	118.2859828
chr2	219985938	2.148028441	118.2861128
chr2	219986038	2.171210348	118.2863276
chr2	219986040	2.235650437	118.286332
chr2	219986057	2.224972655	118.28637
chr2	219986064	1.825474315	118.2863855
chr2	219986165	1.877945322	118.2865699
chr2	219986681	2.03912978	118.2875389
chr2	219994661	1.860413063	118.3038112
chr2	219997373	1.584667289	118.3088566
chr2	220013387	1.527182139	118.3342335
chr2	220013406	1.421212773	118.3342625
chr2	220013434	1.119058448	118.3343023
chr2	220013484	1.014725637	118.3343583
chr2	220013493	0.9721142215	118.3343674
chr2	220132465	1.014877282	118.4500218
chr2	220132517	0.992462688	118.4500745
chr2	220132623	0.9692807823	118.4501797
chr2	220152688	0.9448681262	118.4696284
chr2	220152699	0.9218041297	118.4696387
chr2	220153845	0.9015537221	118.4706951
chr2	220177100	1.328284637	118.4916608
chr2	220182526	5.898946477	118.498868
chr2	220182553	5.881652896	118.4990273
chr2	220182606	5.765854972	118.499339
chr2	220183793	5.731515963	118.5061831
chr2	220183984	3.370843222	118.5072778
chr2	220183995	0.5385009237	118.5073149
chr2	220184071	0.5232130885	118.5073558
chr2	220185303	0.5428040997	118.5080004
chr2	220185367	0.5257454373	118.5080352
chr2	220185519	0.5836856014	118.5081151
chr2	220185989	0.5670642851	118.5083894
chr2	220186245	0.7245652612	118.5085346
chr2	220358632	0.6957590575	118.6334402
chr2	220358640	0.6564192327	118.6334458
chr2	220358756	0.474351639	118.6335219
chr2	220358778	12.33004454	118.6335324
chr2	220358834	12.29284384	118.6342228
chr2	220358999	12.28373712	118.6362512
chr2	220359008	12.24521012	118.6363617
chr2	220359011	12.23610369	118.6363985
chr2	220359035	12.16873537	118.6366921
chr2	220359063	1.104921692	118.6370328
chr2	220359128	2.991999566	118.6371047
chr2	220361658	2.983886416	118.6446744
chr2	220361696	3.235394051	118.6447878
chr2	220361742	5.900585934	118.6449366
chr2	220361785	8.737079799	118.6451904
chr2	220362014	8.744935937	118.6471912
chr2	220362983	4.615582124	118.655665
chr2	220363017	1.085331657	118.6558219
chr2	220363135	1.092128658	118.65595
chr2	220363509	1.083850858	118.6563585
chr2	220363539	1.101494354	118.656391
chr2	220366968	1.082766669	118.660168
chr2	220367023	1.499969818	118.6602275
chr2	220367055	1.557694213	118.6602755
chr2	220369933	1.068756134	118.6647586
chr2	220369972	1.104158004	118.6648003
chr2	220370011	1.438174175	118.6648433
chr2	220374114	1.457503968	118.6707442
chr2	220374361	1.532420074	118.6711042
chr2	220375168	1.115216925	118.6723408
chr2	220375207	0.667728615	118.6723843
chr2	220419414	0.6925824786	118.7019026
chr2	220419720	0.4809458733	118.7021145
chr2	220419752	0.5070533238	118.7021299
chr2	220419840	0.5319848683	118.7021745
chr2	220421928	0.5573042905	118.7032853
chr2	220422041	0.491993515	118.7033483
chr2	220425923	0.4008975398	118.7052582
chr2	220426014	0.3868574635	118.7052947
chr2	220549911	0.3232381502	118.7532252
chr2	220549921	0.2391821391	118.7532284
chr2	220556123	0.354045567	118.7547118
chr2	220556138	0.4396379824	118.7547171
chr2	220556215	0.5525173224	118.754751
chr2	220581169	0.6004695081	118.7685385
chr2	220585666	1.548605571	118.7712388
chr2	220585707	1.433742143	118.7713023
chr2	220585824	1.459793552	118.7714701
chr2	220586240	1.985007762	118.7720773
chr2	220586300	2.151309162	118.7721964
chr2	220586314	2.135599163	118.7722265
chr2	220586319	2.022719824	118.7722372
chr2	220586326	2.136979485	118.7722514
chr2	220586329	2.566482745	118.7722578
chr2	220586386	3.640635075	118.7724041
chr2	220586394	4.163744627	118.7724332
chr2	220586426	5.667905252	118.7725664
chr2	220589241	7.073293272	118.7885216
chr2	220589250	5.452068362	118.7885853
chr2	220589337	5.47819127	118.7890596
chr2	220589338	5.972516175	118.7890651
chr2	220589353	6.185121237	118.7891547
chr2	220589358	6.504103664	118.7891856
chr2	220589761	6.59508411	118.7918067
chr2	220589780	5.689697108	118.791932
chr2	220591956	9.327940846	118.8043128
chr2	220592522	8.787011261	118.8095924
chr2	220592890	6.129009351	118.8128261
chr2	220596463	4.827639316	118.834725
chr2	220596464	6.287135807	118.8347298
chr2	220596469	4.586284128	118.8347613
chr2	220596553	3.926433138	118.8351465
chr2	220599025	3.677854144	118.8448527
chr2	220599033	3.174125841	118.8448821
chr2	220621285	2.613798083	118.9155127
chr2	220621312	2.502897829	118.9155833
chr2	220621327	3.469308877	118.9156208
chr2	220621350	4.093791144	118.9157006
chr2	220627111	2.937416565	118.939285
chr2	220627142	2.611569356	118.939376
chr2	220627167	2.482103143	118.9394413
chr2	220627266	0.7670335989	118.939687
chr2	220627298	0.8421496874	118.9397116
chr2	220631007	0.7281377445	118.9428351
chr2	220631010	0.7899216543	118.9428373
chr2	220716143	0.7516739233	119.0100857
chr2	220716263	0.901145374	119.0101759
chr2	220719310	0.8728929263	119.0129217
chr2	220719419	0.9774274089	119.0130168
chr2	220719467	1.047939806	119.0130638
chr2	220719500	1.159633663	119.0130983
chr2	220720711	1.318385805	119.0145027
chr2	220720728	1.415220724	119.0145251
chr2	220723085	1.452172873	119.0178608
chr2	220723507	1.537962807	119.0184736
chr2	220723513	1.690544788	119.0184828
chr2	220723619	1.894239876	119.018662
chr2	220776555	2.283170981	119.1189355
chr2	220780097	3.670852293	119.1270225
chr2	220780163	4.423314572	119.1272647
chr2	220783202	6.381673465	119.1407072
chr2	220784679	4.837687719	119.1501329
chr2	220784769	4.010311972	119.1505683
chr2	220784784	4.182386828	119.1506285
chr2	220784814	3.383731956	119.1507539
chr2	220784848	3.272830804	119.150869
chr2	220784983	3.11171253	119.1513108
chr2	220784988	1.20906995	119.1513264
chr2	220815045	1.268114468	119.1876674
chr2	220815066	1.35621007	119.187694
chr2	220815115	1.610312331	119.1877605
chr2	220815117	1.462758577	119.1877637
chr2	220815172	1.475552693	119.1878442
chr2	220815209	2.012859232	119.1878988
chr2	220844282	3.354112894	119.2464186
chr2	220845454	3.298116854	119.2503496
chr2	220848540	12.79238344	119.2605276
chr2	220848574	19.87734159	119.2609626
chr2	220848884	9.999086785	119.2671245
chr2	220848887	9.697058363	119.2671545
chr2	220849013	2.030637397	119.2683764
chr2	220849112	1.930683882	119.2685774
chr2	220849152	1.992987243	119.2686546
chr2	220849422	1.253759246	119.2691927
chr2	220849425	1.154919235	119.2691965
chr2	220862855	0.3548058198	119.2847071
chr2	220863079	0.3518155708	119.2847865
chr2	220863639	0.3872565841	119.2849835
chr2	220863641	0.4600752523	119.2849843
chr2	220863656	0.4447113113	119.2849912
chr2	220863670	0.4811319627	119.2849974
chr2	220863674	0.4421264689	119.2849994
chr2	220864628	0.3825779904	119.2854212
chr2	220866218	0.4283032672	119.2860295
chr2	220866244	0.5199066649	119.2860406
chr2	220940436	0.4283032669	119.3246135
chr2	220940496	0.4247002166	119.3246392
chr2	220940534	0.3789749401	119.3246553
chr2	220940603	0.4422758538	119.3246815
chr2	220956972	3.732657979	119.3319211
chr2	220958560	3.759952288	119.3378486
chr2	220959520	3.689063979	119.3414581
chr2	220959528	3.884404634	119.3414876
chr2	220959541	11.39825949	119.3415381
chr2	220959553	11.53045633	119.3416749
chr2	220959926	2.790838963	119.3459758
chr2	220959929	2.801760018	119.3459841
chr2	220960076	2.93672386	119.346396
chr2	220960078	2.912490145	119.3464019
chr2	220960128	0.844807308	119.3465475
chr2	220962298	0.8419863078	119.3483807
chr2	220985254	0.7070224655	119.3677094
chr2	220985258	0.574825629	119.3677122
chr2	220985321	0.593666625	119.3677484
chr2	220994285	0.3465791751	119.37307
chr2	221048608	0.3082611438	119.3918973
chr2	221050692	0.1846559057	119.3925397
chr2	221268460	0.1722619251	119.4327518
chr2	221268510	0.2349938922	119.4327604
chr2	221268761	0.1744638918	119.4328194
chr2	221271082	0.1635428347	119.4332244
chr2	221271361	0.2353065571	119.43327
chr2	221272830	0.3637991785	119.4336156
chr2	221290690	0.4210509164	119.4401131
chr2	221292573	0.4860717662	119.4409059
chr2	221343531	0.3899452715	119.4656752
chr2	221344835	0.3249244217	119.4661837
chr2	221346036	0.315503911	119.4665739
chr2	221346037	0.2534598697	119.4665742
chr2	221350044	0.1875065176	119.4675898
chr2	221350068	0.1761558429	119.4675943
chr2	221350086	0.4236551685	119.4675975
chr2	221376489	0.431138802	119.4787833
chr2	221377061	5.243686044	119.4790299
chr2	221377103	5.270940994	119.4792501
chr2	221377150	5.280620537	119.4794979
chr2	221377772	0.5012680037	119.4827824
chr2	221377820	0.4689018769	119.4828065
chr2	221378003	3.420371688	119.4828923
chr2	221378784	3.429273604	119.4855636
chr2	221379273	0.8900783243	119.4872405
chr2	221427801	0.8200544278	119.5304342
chr2	221428967	0.8273831103	119.5313904
chr2	221428995	0.7066098324	119.5314136
chr2	221429065	0.5093212678	119.531463
chr2	221429067	0.3096824008	119.5314641
chr2	221429092	0.2665948703	119.5314718
chr2	221429140	0.2610613308	119.5314846
chr2	221429143	0.2697075266	119.5314854
chr2	221430399	0.2032419386	119.5318241
chr2	221430541	1.124079394	119.531853
chr2	221430557	2.113654529	119.531871
chr2	221432284	4.074763462	119.5355213
chr2	221433000	4.08979161	119.5384388
chr2	221433028	4.116457505	119.5385533
chr2	221433964	1.127801873	119.5424063
chr2	221434019	1.184963017	119.5424683
chr2	221434031	0.2324235264	119.5424826
chr2	221434037	2.352877188	119.5424839
chr2	221434115	2.420519183	119.5426675
chr2	221435586	2.451142978	119.5462281
chr2	221435597	2.462757146	119.546255
chr2	221435660	0.4628886838	119.5464102
chr2	221435684	0.4744940063	119.5464213
chr2	221436521	0.4861325976	119.5468184
chr2	221436526	0.5094304498	119.5468209
chr2	221436535	0.532723713	119.5468254
chr2	221436914	0.7192309121	119.5470273
chr2	221436967	0.816479171	119.5470655
chr2	221436978	0.890023499	119.5470744
chr2	221437814	1.151974308	119.5478185
chr2	221437828	1.255903896	119.5478346
chr2	221437829	1.36885973	119.5478359
chr2	221646418	1.394130523	119.833365
chr2	221652571	1.395584428	119.8419431
chr2	221657106	1.122022078	119.848272
chr2	221657609	1.156652244	119.8488364
chr2	221657891	1.226112193	119.8491626
chr2	221657921	1.195650373	119.8491994
chr2	221657925	1.134209766	119.8492042
chr2	221658344	1.108785352	119.8496794
chr2	221658380	1.126718202	119.8497193
chr2	221658395	1.05026691	119.8497362
chr2	221658399	1.034861875	119.8497404
chr2	221659117	1.088771182	119.8504834
chr2	221659132	1.156488508	119.8504998
chr2	221659677	1.349609696	119.8511301
chr2	221660237	1.43441624	119.8518858
chr2	221728181	0.8924476841	119.9493458
chr2	221728212	0.9154624883	119.9493735
chr2	221728293	0.9924772804	119.9494476
chr2	221728351	1.094027689	119.9495052
chr2	221728426	1.082385948	119.9495872
chr2	221728491	5.722325341	119.9496576
chr2	221728510	6.323922569	119.9497663
chr2	221728555	6.575694425	119.9500509
chr2	221729610	3.576940929	119.9569883
chr2	221735494	3.130893606	119.978035
chr2	221735528	2.603200445	119.9781414
chr2	221735564	2.765010992	119.9782351
chr2	221735588	2.941618125	119.9783015
chr2	221735650	2.639676956	119.9784839
chr2	221752630	2.869729998	120.0233056
chr2	221755181	2.316861691	120.0306263
chr2	221755192	2.189596059	120.0306518
chr2	221755310	4.401890355	120.0309101
chr2	221755550	3.997827423	120.0319666
chr2	221755620	3.964851658	120.0322464
chr2	221755735	5.155823287	120.0327024
chr2	221756920	2.915011044	120.0388121
chr2	221756955	2.101709318	120.0389141
chr2	221756964	2.091183903	120.038933
chr2	221758449	0.9340828886	120.0420384
chr2	221760329	0.9919517881	120.0437945
chr2	221760509	1.04703291	120.043973
chr2	221760513	1.259521459	120.0439772
chr2	221761243	1.280804611	120.0448967
chr2	221761248	1.598621194	120.0449031
chr2	221761626	1.654717992	120.0455073
chr2	221761720	1.810178718	120.0456629
chr2	221819036	2.048777205	120.1494151
chr2	221819050	1.55236365	120.1494438
chr2	221822162	2.112300385	120.1542747
chr2	221822202	1.855864378	120.1543592
chr2	221825917	1.755282629	120.1612538
chr2	221825948	3.688832097	120.1613082
chr2	221826114	3.741559449	120.1619205
chr2	221826128	3.689183992	120.1619729
chr2	221826804	5.267478314	120.1644668
chr2	221826838	5.21981083	120.1646459
chr2	221826875	6.017451182	120.164839
chr2	221826898	6.715582141	120.1649774
chr2	221826938	8.072767519	120.165246
chr2	221828199	8.192946236	120.1754258
chr2	221828247	10.36550783	120.1758191
chr2	221828264	9.508853834	120.1759953
chr2	221828289	9.648521719	120.176233
chr2	221828300	12.74598511	120.1763391
chr2	221828502	13.02375711	120.1789138
chr2	221832148	13.1952933	120.2263984
chr2	221832173	12.31790636	120.2267283
chr2	221832248	11.98099186	120.2276522
chr2	221832691	11.60473122	120.2329597
chr2	221832749	11.57213785	120.2336328
chr2	221833278	10.5961402	120.2397545
chr2	221833279	8.95771299	120.2397651
chr2	221833329	10.06097236	120.240213
chr2	221835749	9.318742102	120.2645605
chr2	221835750	9.580386767	120.2645698
chr2	221835763	8.184281734	120.2646944
chr2	221836247	7.713303364	120.2686556
chr2	221843494	7.82262814	120.3245539
chr2	221843529	7.491136612	120.3248277
chr2	221843555	7.193238861	120.3250224
chr2	221843592	6.93714031	120.3252886
chr2	221843781	6.686729771	120.3265997
chr2	221850612	6.534790596	120.3722768
chr2	221851438	6.623170519	120.3776745
chr2	221851472	9.721585359	120.3778997
chr2	221852061	9.112885355	120.3836257
chr2	221852082	9.085459268	120.3838171
chr2	221852564	8.729387704	120.3881963
chr2	221852569	8.768961924	120.3882399
chr2	221852616	5.527204133	120.3886521
chr2	221852619	2.992076283	120.3886686
chr2	221889849	2.901052582	120.5000636
chr2	221889876	2.556938866	120.500142
chr2	221889887	2.394856613	120.5001701
chr2	221889908	1.740603565	120.5002204
chr2	221889956	1.596960132	120.5003039
chr2	221889965	1.576209989	120.5003183
chr2	221890435	1.631427682	120.5010591
chr2	221890561	1.464798661	120.5012647
chr2	221892641	1.507280473	120.5043115
chr2	221892747	1.450697956	120.5044712
chr2	221892811	1.588678549	120.5045641
chr2	221892819	1.672658485	120.5045768
chr2	221892859	1.750694921	120.5046437
chr2	221892888	1.681496646	120.5046945
chr2	221930885	1.597488744	120.5685863
chr2	221937323	1.557371162	120.5788709
chr2	221937398	1.448984384	120.5789877
chr2	221937434	1.273515814	120.5790399
chr2	221938268	1.241131765	120.580102
chr2	221938378	1.166834814	120.5802385
chr2	221938404	1.253392806	120.5802689
chr2	221938436	1.072020574	120.580309
chr2	221938509	1.059114995	120.5803872
chr2	222055467	0.9057372677	120.7042592
chr2	222055567	0.8767259926	120.7043498
chr2	222055667	0.8203546734	120.7044375
chr2	222056827	0.8468879684	120.7053891
chr2	222057629	0.6466685676	120.7060683
chr2	222057641	0.609476686	120.706076
chr2	222057643	0.580970646	120.7060772
chr2	222057719	0.4827815811	120.7061214
chr2	222057726	0.4297256092	120.7061248
chr2	222057765	0.4094885882	120.7061415
chr2	222057847	0.4185948872	120.7061751
chr2	222058126	0.4562747378	120.7062919
chr2	222058163	0.473317416	120.7063088
chr2	222059771	1.004948283	120.7070699
chr2	222086151	0.9873680435	120.7335804
chr2	222086219	1.046620348	120.7336476
chr2	222086253	2.036460036	120.7336831
chr2	222087167	2.09997273	120.7355445
chr2	222087262	2.022757745	120.735744
chr2	222088298	2.109144082	120.7378395
chr2	222088301	2.084941007	120.7378459
chr2	222088485	2.088986768	120.7382295
chr2	222088545	2.14301915	120.7383548
chr2	222089686	1.488599982	120.7408
chr2	222090834	2.36260195	120.7425089
chr2	222094722	1.488599982	120.7516947
chr2	222140669	2.094226431	120.8200914
chr2	222140670	2.030713732	120.8200935
chr2	222140692	2.123210548	120.8201382
chr2	222140701	2.20639234	120.8201573
chr2	222141652	2.141001129	120.8222556
chr2	222143569	1.980847641	120.8263599
chr2	222148056	2.038391291	120.835248
chr2	222148310	1.459880961	120.8357657
chr2	222177509	1.550222846	120.8783928
chr2	222203040	1.684843327	120.9179715
chr2	222203255	1.576252918	120.9183338
chr2	222203404	2.148888553	120.9185686
chr2	222203417	2.119009981	120.9185965
chr2	222203421	2.458109838	120.918605
chr2	222203540	2.808575973	120.9188975
chr2	222207207	2.815517293	120.9291966
chr2	222208353	6.090810192	120.9324232
chr2	222208368	6.544391798	120.9325145
chr2	222208384	6.938317443	120.9326192
chr2	222213236	6.552105849	120.966284
chr2	222213239	8.366832607	120.9663036
chr2	222213391	7.017837112	120.9675754
chr2	222213405	8.995788015	120.9676736
chr2	222213442	8.65668816	120.9680065
chr2	222213489	10.69020639	120.9684133
chr2	222213522	10.35435744	120.9687661
chr2	222213980	12.68493493	120.9735084
chr2	222214456	12.6870356	120.9795464
chr2	222215123	6.544349058	120.9880087
chr2	222215138	1.273046096	120.9881069
chr2	222215159	1.501927638	120.9881336
chr2	222215174	1.071637833	120.9881561
chr2	222215481	1.155753338	120.9884851
chr2	222215486	1.486976891	120.9884909
chr2	222280751	1.520877805	121.0855384
chr2	222280763	1.365218139	121.0855567
chr2	222280764	1.261393759	121.085558
chr2	222284001	1.584816711	121.0896412
chr2	222284024	1.535472057	121.0896776
chr2	222284636	1.584796759	121.0906173
chr2	222315604	1.483840975	121.1396953
chr2	222315609	1.45001908	121.1397027
chr2	222315649	1.41620358	121.1397607
chr2	222318791	1.316712446	121.1442105
chr2	222318834	1.426276303	121.1442671
chr2	222320279	1.340308899	121.146328
chr2	222320280	1.307882234	121.1463294
chr2	222320310	1.284925548	121.1463686
chr2	222320369	1.252526402	121.1464444
chr2	222321209	15.88551385	121.1474966
chr2	222321465	15.47893241	121.1515632
chr2	222321479	2.861353645	121.15178
chr2	222321553	5.275949807	121.1519917
chr2	222321621	5.473393563	121.1523505
chr2	222321633	5.383094891	121.1524161
chr2	222322849	3.338463196	121.158962
chr2	222322871	3.275930694	121.1590354
chr2	222322900	3.372448836	121.1591304
chr2	222322942	2.162164226	121.1592721
chr2	222322965	2.171599462	121.1593218
chr2	222322969	2.370546415	121.1593305
chr2	222326390	1.385012874	121.1674401
chr2	222349285	1.262177433	121.19915
chr2	222349438	1.853186422	121.1993431
chr2	222350068	1.738259911	121.2005106
chr2	222352024	3.964362636	121.2039107
chr2	222352152	6.693831035	121.2044181
chr2	222353545	1.214190719	121.2137426
chr2	222354968	1.242144792	121.2154704
chr2	222357960	1.155294113	121.2191869
chr2	222358177	1.212461927	121.2194376
chr2	222359068	1.115913548	121.2205179
chr2	222359071	1.141844487	121.2205212
chr2	222359130	0.6636118316	121.2205886
chr2	222439584	0.6234525278	121.2739788
chr2	222444672	0.5855710549	121.277151
chr2	222446439	0.5971879225	121.2781857
chr2	222446902	0.5618828046	121.2784622
chr2	222446905	0.53475947	121.2784638
chr2	222446969	0.6075373662	121.2784981
chr2	222447944	0.6960111894	121.2790904
chr2	222447947	0.7881449017	121.2790925
chr2	222452168	0.7952839285	121.2824193
chr2	222453403	0.8624136062	121.2834014
chr2	222453508	0.9802209311	121.283492
chr2	222453554	0.9949543028	121.2835371
chr2	222453574	1.006861612	121.283557
chr2	222453733	0.9794650604	121.2837171
chr2	222621161	0.9290156926	121.447707
chr2	222623411	0.9858879881	121.4497972
chr2	222623558	1.043875388	121.4499422
chr2	222678542	1.823239641	121.5073386
chr2	222682845	1.006068216	121.515184
chr2	222683117	6.254251719	121.5154577
chr2	222683152	6.237557389	121.5156766
chr2	222683161	6.239681252	121.5157327
chr2	222683165	6.248485628	121.5157577
chr2	222683339	6.301221981	121.5168449
chr2	222683616	6.407719532	121.5185903
chr2	222683626	6.792823024	121.5186544
chr2	222683655	6.684072755	121.5188514
chr2	222683791	2.408595947	121.5197604
chr2	222683806	2.468033767	121.5197966
chr2	222684170	2.662787116	121.5206949
chr2	222684195	2.754946466	121.5207615
chr2	222738955	2.719784336	121.6716224
chr2	222738968	2.711104421	121.6716577
chr2	222740360	2.678331899	121.6754316
chr2	222740760	1.971766384	121.6765029
chr2	222740778	2.02223547	121.6765384
chr2	222740791	1.722889867	121.6765647
chr2	222740977	1.663452046	121.6768852
chr2	222747775	1.331338437	121.6881933
chr2	222747825	1.408579994	121.6882599
chr2	222747841	1.527527127	121.6882824
chr2	222772290	0.9252576642	121.7256289
chr2	222773761	0.9214101553	121.72699
chr2	222773765	0.8554962076	121.7269937
chr2	222774124	0.8565143887	121.7273008
chr2	222775456	0.9570163129	121.7284417
chr2	222775488	0.7413511742	121.7284723
chr2	222775513	0.7483489926	121.7284908
chr2	222775706	0.7622201919	121.7286352
chr2	222776863	0.8324309404	121.7295171
chr2	222927899	0.8046076487	121.8552442
chr2	222928158	0.7975461784	121.8554526
chr2	222928160	0.7317857522	121.8554542
chr2	222928183	0.7247241953	121.855471
chr2	222928189	0.7029272655	121.8554753
chr2	222928214	0.6533285938	121.8554929
chr2	222928323	0.6116393303	121.8555641
chr2	222928387	0.6201279445	121.8556033
chr2	222928406	0.6111258775	121.8556151
chr2	222928421	0.5864458264	121.8556242
chr2	222928424	0.6105975247	121.855626
chr2	222929211	0.6108981043	121.8561065
chr2	223021397	0.6011264457	121.9124228
chr2	223021491	0.6724615631	121.9124793
chr2	223021764	0.6716765182	121.9126629
chr2	223028420	0.6686901028	121.9171335
chr2	223028545	0.8127241144	121.9172171
chr2	223064359	1.518313743	121.946324
chr2	223068030	1.50129382	121.9518978
chr2	223069123	1.489206873	121.9535387
chr2	223069127	1.438244203	121.9535446
chr2	223069140	1.386678434	121.9535633
chr2	223069175	0.6763495998	121.9536119
chr2	223069226	0.6280877102	121.9536464
chr2	223148141	0.6162671474	122.0032119
chr2	223148833	1.109440273	122.0036384
chr2	223154503	1.085439976	122.0099289
chr2	223154512	1.06144049	122.0099386
chr2	223154581	0.4504396931	122.0100119
chr2	223158331	0.4267851688	122.011701
chr2	223165088	0.4093424554	122.0145848
chr2	223165306	0.4603285264	122.0146741
chr2	223165341	0.435487744	122.0146902
chr2	223165866	0.3469400256	122.0149188
chr2	223231748	0.3126622494	122.0377759
chr2	223231953	0.3534815392	122.03784
chr2	223231954	0.25118417	122.0378404
chr2	223260813	0.2330011945	122.0450893
chr2	223261110	0.2493703557	122.0451585
chr2	223261638	0.2843418898	122.0452901
chr2	223261709	0.2073339287	122.0453103
chr2	223261789	0.5867182498	122.0453269
chr2	223262080	0.868341468	122.0454977
chr2	223280275	0.9216863077	122.0612971
chr2	223280301	0.9149552922	122.0613211
chr2	223280385	0.9676687393	122.0613979
chr2	223283296	1.042507299	122.0642148
chr2	223287730	1.42049545	122.0688373
chr2	223328702	3.069686089	122.1270378
chr2	223328715	3.169739667	122.1270778
chr2	223330373	3.090052033	122.1323332
chr2	223330375	3.01036814	122.1323394
chr2	223330377	2.880932949	122.1323454
chr2	223330391	3.048468848	122.1323857
chr2	223330407	3.682387021	122.1324345
chr2	223330411	3.632656743	122.1324492
chr2	223330412	3.553041926	122.1324529
chr2	223330487	3.771823773	122.1327193
chr2	223330511	4.551881105	122.1328099
chr2	223330562	4.902999068	122.133042
chr2	223340240	4.704995009	122.1804932
chr2	223342614	4.356857734	122.1916629
chr2	223342641	2.941564253	122.1917805
chr2	223342646	4.421581522	122.1917952
chr2	223342650	5.091046053	122.1918129
chr2	223342659	5.029182199	122.1918587
chr2	223342669	6.524175447	122.191909
chr2	223343976	6.182790682	122.2004361
chr2	223343982	6.34433666	122.2004732
chr2	223344111	6.402402383	122.2012916
chr2	223344138	5.673097291	122.2014645
chr2	223344849	5.620383844	122.2054981
chr2	223344926	8.151117726	122.2059308
chr2	223344927	7.941680461	122.205939
chr2	223344942	5.079671362	122.2060581
chr2	223344957	7.480158591	122.2061343
chr2	223344963	7.531713645	122.2061792
chr2	223344973	12.48473644	122.2062545
chr2	223345020	12.7000397	122.2068413
chr2	223345670	7.82468869	122.2150963
chr2	223345977	9.609119388	122.2174985
chr2	223345978	13.12336624	122.2175081
chr2	223346019	13.23822402	122.2180462
chr2	223346140	13.91352602	122.219648
chr2	223346184	14.10220438	122.2202602
chr2	223346232	14.71873005	122.2209371
chr2	223346278	12.27917477	122.2216142
chr2	223346453	12.55360929	122.223763
chr2	223346473	12.59709464	122.2240141
chr2	223346490	12.80701061	122.2242282
chr2	223346977	6.512390325	122.2304653
chr2	223347014	6.580472997	122.2307062
chr2	223347034	6.826243633	122.2308378
chr2	223347048	7.09801245	122.2309334
chr2	223347052	7.31547819	122.2309618
chr2	223356204	6.755771558	122.297913
chr2	223356206	6.823291021	122.2979265
chr2	223356209	6.847470045	122.297947
chr2	223356238	6.983003299	122.2981456
chr2	223360159	6.986584312	122.3255259
chr2	223360520	6.768238257	122.3280481
chr2	223361278	6.400425327	122.3331784
chr2	223361366	6.500705012	122.3337417
chr2	223362412	5.740293346	122.3405414
chr2	223362431	5.112659512	122.3406505
chr2	223362535	4.447923056	122.3411822
chr2	223362640	4.228269275	122.3416492
chr2	223362678	3.906156086	122.3418099
chr2	223364949	3.86770634	122.3506808
chr2	223364958	3.94152774	122.3507156
chr2	223365017	3.831573169	122.3509481
chr2	223365043	3.642883089	122.3510478
chr2	223365498	3.551557787	122.3527053
chr2	223365861	3.635039415	122.3539945
chr2	223365905	3.802183344	122.3541544
chr2	223405976	3.610300461	122.5065117
chr2	223406030	10.07904694	122.5067067
chr2	223406441	9.926501248	122.5108492
chr2	223406482	9.964146452	122.5112561
chr2	223406534	9.851793823	122.5117743
chr2	223406563	9.712955579	122.51206
chr2	223406566	2.584814626	122.5120891
chr2	223407020	2.622685544	122.5132626
chr2	223423086	2.62312386	122.5553987
chr2	223424513	2.527814859	122.5591419
chr2	223424617	2.39765272	122.5594048
chr2	223424632	2.444772256	122.5594407
chr2	223427130	2.463299143	122.5655478
chr2	223427195	2.619068064	122.5657079
chr2	223427274	2.649248358	122.5659148
chr2	223427275	2.643630879	122.5659175
chr2	223427276	2.692543688	122.5659201
chr2	223427277	2.722655784	122.5659228
chr2	223445426	2.855076712	122.6153363
chr2	223496749	1.896069528	122.7618674
chr2	223496765	4.765610667	122.7618977
chr2	223497925	4.827141158	122.7674258
chr2	223497947	2.024514325	122.767532
chr2	223540056	1.888176334	122.8527823
chr2	223540126	1.488677034	122.8529145
chr2	223540134	1.433132848	122.8529264
chr2	223540167	1.540697691	122.8529737
chr2	223540989	1.764194252	122.8542401
chr2	223540990	1.787135151	122.8542419
chr2	223541029	1.761863369	122.8543116
chr2	223541101	2.076915825	122.8544384
chr2	223541110	2.15757282	122.8544571
chr2	223576351	1.966445964	122.9304922
chr2	223576353	1.823779456	122.9304961
chr2	223576363	1.793198655	122.9305143
chr2	223576397	1.843291815	122.9305753
chr2	223576407	1.92754206	122.9305937
chr2	223576480	2.21663787	122.9307344
chr2	223604117	2.256660479	122.9919957
chr2	223604405	2.239495138	122.9926456
chr2	223604545	2.172844531	122.9929591
chr2	223604556	1.998427148	122.992983
chr2	223604606	1.944917666	122.9930829
chr2	223604668	1.833538167	122.9932035
chr2	223604735	1.805697681	122.9933264
chr2	223604850	2.553954538	122.993534
chr2	223604882	2.500669089	122.9936157
chr2	223605252	2.759644309	122.994541
chr2	223605300	2.596293409	122.9946735
chr2	223605353	2.583243293	122.9948111
chr2	223608647	2.564237501	123.0033203
chr2	223609886	2.77839643	123.0064973
chr2	223625424	2.75884946	123.0496681
chr2	223643645	2.894584217	123.0999371
chr2	223644233	2.53343394	123.1016391
chr2	223644256	2.609418816	123.1016974
chr2	223688925	2.576103774	123.2182575
chr2	223688977	2.024338886	123.2183914
chr2	223689020	2.011363513	123.2184785
chr2	223689022	2.010756304	123.2184825
chr2	223689095	1.511596643	123.2186293
chr2	223689115	1.41833405	123.2186595
chr2	223689270	1.332721845	123.2188794
chr2	223689368	1.292602369	123.21901
chr2	223689502	1.166361176	123.2191832
chr2	223689575	1.24544975	123.2192683
chr2	223689581	1.222023207	123.2192758
chr2	223693689	1.025966341	123.2242959
chr2	223693701	0.9877211937	123.2243082
chr2	223693715	0.8519864362	123.224322
chr2	223695385	0.8938904186	123.2257448
chr2	223695406	0.9364355186	123.2257636
chr2	223695415	1.168230172	123.225772
chr2	223696250	1.253667419	123.2267475
chr2	223775235	1.214252022	123.3257684
chr2	223775277	0.9298325501	123.3258194
chr2	223775507	5.053828194	123.3260333
chr2	223775571	5.033876694	123.3263567
chr2	223776308	5.09476621	123.3300667
chr2	223776323	5.052328438	123.3301431
chr2	223776435	5.03255802	123.330709
chr2	223776462	4.970829077	123.3308449
chr2	223776478	1.388271258	123.3309244
chr2	223776491	1.509157763	123.3309424
chr2	223776502	1.4893612	123.330959
chr2	223777084	1.616033817	123.3318258
chr2	223777105	2.476910173	123.3318598
chr2	223778341	2.609872557	123.3349212
chr2	223778389	2.597755543	123.3350465
chr2	223778506	2.614093521	123.3353505
chr2	223780964	1.733523515	123.3417759
chr2	223781351	3.362321433	123.3424468
chr2	223781369	3.508477117	123.3425073
chr2	223781443	3.659056266	123.3427669
chr2	223782340	3.861505654	123.3460491
chr2	223782514	4.038444975	123.346721
chr2	223782813	4.530010013	123.3479285
chr2	223783585	5.872403088	123.3514257
chr2	223798106	6.519206329	123.4366988
chr2	223801719	6.342267008	123.4602527
chr2	223801724	7.523400012	123.4602844
chr2	223803521	28.45004429	123.473804
chr2	223803613	28.134031	123.4764214
chr2	223803699	27.98197625	123.4788409
chr2	223803710	27.8299963	123.4791487
chr2	223803848	17.35019147	123.4829892
chr2	223803890	17.20010378	123.483718
chr2	223803898	16.77845195	123.4838556
chr2	223803910	7.916253239	123.4840569
chr2	223804010	7.765674091	123.4848485
chr2	223804012	7.615719558	123.4848641
chr2	223804042	7.496633536	123.4850925
chr2	223804088	6.860814587	123.4854374
chr2	223804090	6.711374436	123.4854511
chr2	223804470	2.53727044	123.4880014
chr2	223804472	2.125021199	123.4880065
chr2	223804558	2.210620757	123.4881892
chr2	223804577	2.40829437	123.4882312
chr2	223804601	1.090919967	123.488289
chr2	223804619	1.103213676	123.4883087
chr2	223805295	1.121967096	123.4890545
chr2	223855041	1.198127382	123.5448678
chr2	223855069	1.096374714	123.5449014
chr2	223855074	1.043703931	123.5449069
chr2	223855193	1.069743761	123.5450311
chr2	223855260	1.108652291	123.5451027
chr2	223855275	1.041625591	123.5451194
chr2	223855302	0.9745790535	123.5451475
chr2	223857733	0.9106517516	123.5475167
chr2	223857747	0.956465886	123.5475294
chr2	223857759	0.9714530717	123.5475409
chr2	223897539	0.9348826923	123.5861853
chr2	223898174	0.8560491544	123.586779
chr2	223898493	4.201570659	123.587052
chr2	223898953	4.064416468	123.5889848
chr2	223899521	0.8483996143	123.5912934
chr2	223899659	0.8775783019	123.5914104
chr2	223982758	0.8585091681	123.6643363
chr2	223982889	0.8685606377	123.6644488
chr2	223983207	0.8019906714	123.664725
chr2	223983836	0.7959307166	123.6652294
chr2	223984549	0.7559660032	123.6657969
chr2	223985387	0.8037949266	123.6664304
chr2	223985690	0.8083412324	123.666674
chr2	223986495	1.26583043	123.6673247
chr2	224036153	1.372068214	123.7301833
chr2	224039625	1.432779278	123.7349471
chr2	224084494	1.417792091	123.7992345
chr2	224086567	1.546762855	123.8021736
chr2	224086757	1.53471868	123.8024675
chr2	224086953	1.798725329	123.8027683
chr2	224087165	1.746847567	123.8031496
chr2	224087368	1.98499735	123.8035042
chr2	224090385	2.51838642	123.8094929
chr2	224094343	2.058559675	123.8194607
chr2	224094429	1.874315641	123.8196378
chr2	224095107	1.857032438	123.8209085
chr2	224095549	1.674506104	123.8217294
chr2	224095597	1.107411827	123.8218097
chr2	224095616	4.544675365	123.8218308
chr2	224095624	4.832604288	123.8218671
chr2	224095669	4.880621353	123.8220846
chr2	224095729	5.78602861	123.8223774
chr2	224095742	6.093565055	123.8224526
chr2	224095744	6.10462704	123.8224648
chr2	224096727	3.099968623	123.8284657
chr2	224096728	4.823502265	123.8284688
chr2	224096759	5.358636633	123.8286183
chr2	224096790	6.150994923	123.8287844
chr2	224096812	5.750404723	123.8289198
chr2	224096839	6.084138822	123.829075
chr2	224098419	6.111637038	123.838688
chr2	224098427	6.139374074	123.8387368
chr2	224100541	4.542004726	123.8517155
chr2	224100553	4.591388822	123.85177
chr2	224100708	5.013096398	123.8524817
chr2	224100715	5.064803206	123.8525167
chr2	224100891	5.199017704	123.8534081
chr2	224100972	4.398329757	123.8538293
chr2	224101014	4.836514109	123.854014
chr2	224101317	4.806919435	123.8554795
chr2	224104744	4.890897582	123.8719528
chr2	224107055	4.842970589	123.8832556
chr2	224108766	3.077335175	123.891542
chr2	224108769	2.416199347	123.8915512
chr2	224108834	2.3450831	123.8917082
chr2	224108962	2.375540388	123.8920084
chr2	224166434	2.209821147	124.0285355
chr2	224166438	2.064922014	124.0285443
chr2	224166478	1.89117646	124.0286269
chr2	224168365	1.84446627	124.0321956
chr2	224168389	1.633429737	124.0322398
chr2	224168496	1.51964706	124.0324146
chr2	224168545	1.584494196	124.0324891
chr2	224168625	1.114216042	124.0326158
chr2	224169363	1.133100159	124.0334381
chr2	224170012	1.098499996	124.0341735
chr2	224219406	1.070800493	124.0884328
chr2	224219898	1.040204444	124.0889596
chr2	224220532	1.009747156	124.0896191
chr2	224220538	0.8819315123	124.0896252
chr2	224220939	0.8085838452	124.0899788
chr2	224220947	3.039068849	124.0899853
chr2	224221926	2.948412441	124.0929606
chr2	224221995	2.878870503	124.093164
chr2	224222349	2.849976156	124.0941831
chr2	224222358	2.838837488	124.0942088
chr2	224222372	2.857657484	124.0942485
chr2	224222410	0.5349509555	124.0943571
chr2	224222426	0.4462287083	124.0943657
chr2	224222437	0.4650554821	124.0943706
chr2	224222453	0.485600486	124.094378
chr2	224222461	0.5232175009	124.0943819
chr2	224222789	0.6282014923	124.0945535
chr2	224222951	0.7268078242	124.0946553
chr2	224225692	0.7442125684	124.0966475
chr2	224270163	0.8453135708	124.1297433
chr2	224270214	0.8709178239	124.1297865
chr2	224273273	0.9200462033	124.1324506
chr2	224399889	0.80305214	124.2489432
chr2	224399899	0.8305062713	124.2489512
chr2	224400223	0.9945873747	124.2492203
chr2	224402931	1.046908032	124.2519136
chr2	224402933	1.3748286	124.2519157
chr2	224403279	1.355185424	124.2523914
chr2	224403323	1.726132905	124.252451
chr2	224403328	1.623106929	124.2524597
chr2	224410803	1.586959411	124.2645924
chr2	224410809	1.550813167	124.2646019
chr2	224417100	1.492632372	124.2743581
chr2	224420933	1.204600717	124.2800793
chr2	224421017	1.954149473	124.2801805
chr2	224421075	2.086260785	124.2802939
chr2	224421331	2.167026095	124.2808279
chr2	224421487	2.622599181	124.281166
chr2	224427177	2.584049607	124.2960886
chr2	224427482	2.588419293	124.2968767
chr2	224427547	2.068033435	124.297045
chr2	224428208	1.933598191	124.2984119
chr2	224428732	2.407989584	124.2994251
chr2	224428811	1.838675506	124.2996154
chr2	224428946	1.517990103	124.2998636
chr2	224429019	3.320706098	124.2999744
chr2	224429199	3.442629231	124.3005721
chr2	224430904	1.644855697	124.3064418
chr2	224431053	1.775467207	124.3066869
chr2	224431198	1.779998196	124.3069444
chr2	224431280	1.782183476	124.3070903
chr2	224455816	1.684370528	124.350818
chr2	224456156	1.669830194	124.3513906
chr2	224457013	1.402888799	124.3528217
chr2	224457014	1.30592792	124.3528231
chr2	224457070	3.541516707	124.3528962
chr2	224457170	3.34455133	124.3532504
chr2	224457278	3.34831482	124.3536116
chr2	224457520	3.352993029	124.3544219
chr2	224458386	1.492972311	124.3573256
chr2	224458411	1.505355044	124.3573629
chr2	224458412	1.45198181	124.3573644
chr2	224463262	2.004383275	124.3644065
chr2	224463405	1.987007664	124.3646931
chr2	224465982	0.7762137386	124.3698137
chr2	224466006	0.3957407221	124.3698323
chr2	224467583	0.4186724799	124.3704564
chr2	224467602	0.4387663177	124.3704643
chr2	224589489	0.5024110521	124.4239442
chr2	224589523	0.4814403121	124.4239613
chr2	224589610	0.4539483244	124.4240032
chr2	224603545	0.4254926171	124.430329
chr2	224611237	0.4025062565	124.4336019
chr2	224612222	0.3564316306	124.4339983
chr2	224615767	0.2897919995	124.4352619
chr2	224642440	0.2322970319	124.4429915
chr2	224642503	0.230555081	124.4430061
chr2	224642563	0.2368277761	124.44302
chr2	224642881	0.1731830426	124.4430953
chr2	224642890	0.1857751266	124.4430968
chr2	224642926	0.2235702266	124.4431035
chr2	224642998	0.2604123646	124.4431196
chr2	224729251	0.2679316592	124.465581
chr2	224732835	0.2265694159	124.4665412
chr2	224754177	0.3004044478	124.4713767
chr2	224765471	0.3165708621	124.4747695
chr2	224784393	0.2295699141	124.4807596
chr2	224855020	0.2310693146	124.4969734
chr2	224855236	0.2413960939	124.4970234
chr2	224861331	0.2577169378	124.4984947
chr2	224867734	0.2683979784	124.5001448
chr2	224991804	0.2858054865	124.533445
chr2	225109734	0.2805266736	124.56715
chr2	225118302	0.271711082	124.5695536
chr2	225118402	0.3088521513	124.5695807
chr2	225118440	0.3042968769	124.5695925
chr2	225181171	0.2776258529	124.5886813
chr2	225181205	0.2729244797	124.5886908
chr2	225183892	0.2682462712	124.5894241
chr2	225184063	0.2513811161	124.58947
chr2	225184255	0.2707376655	124.5895182
chr2	225184295	0.2521086315	124.5895291
chr2	225184558	0.2427916781	124.5895954
chr2	225185810	0.2481933485	124.5898993
chr2	225185814	0.2397281227	124.5899003
chr2	225185848	0.338919773	124.5899085
chr2	225185879	0.3040925624	124.589919
chr2	225186103	0.308509066	124.5899871
chr2	225187014	0.3117429403	124.5902682
chr2	225187338	0.3143130395	124.5903692
chr2	225254149	0.3742027486	124.6113687
chr2	225254270	0.4064005111	124.611414
chr2	225305683	0.426167966	124.6323083
chr2	225305756	0.4384296071	124.6323394
chr2	225309263	0.4412710284	124.633877
chr2	225347682	0.3629463852	124.6508302
chr2	225348525	0.5307999748	124.6511361
chr2	225359809	0.479245663	124.6571257
chr2	225360195	0.7033977559	124.6573107
chr2	225473938	0.6457966693	124.7373172
chr2	225474318	0.5772260749	124.7375626
chr2	225474321	0.5129479031	124.7375644
chr2	225501253	0.4906984161	124.7513791
chr2	225503536	0.4681680503	124.7524993
chr2	225503625	0.5169958178	124.752541
chr2	225503670	0.5063028793	124.7525643
chr2	225504585	0.5558591006	124.7530275
chr2	225572769	9.336530033	124.7909282
chr2	225573156	0.5063028791	124.7945415
chr2	225573178	0.8197057888	124.7945526
chr2	225573219	0.7836060755	124.7945862
chr2	225573247	0.76603634	124.7946082
chr2	225574461	1.42772427	124.7955381
chr2	225574505	1.475175296	124.795601
chr2	225574506	1.83848513	124.7956024
chr2	225583999	1.43795959	124.8130552
chr2	225584043	1.121221419	124.8131184
chr2	225584221	1.170249387	124.813318
chr2	225584260	1.191039478	124.8133637
chr2	225584509	1.253024287	124.8136602
chr2	225584801	1.336414394	124.8140261
chr2	225584806	1.347817977	124.8140328
chr2	225584980	1.407056657	124.8142673
chr2	225585060	1.444509755	124.8143799
chr2	225585065	1.483410504	124.8143871
chr2	225585089	1.496476074	124.8144227
chr2	225585093	1.530704493	124.8144287
chr2	225585148	1.640344596	124.8145129
chr2	225663601	1.642606476	124.9432028
chr2	225667885	1.693240546	124.9502398
chr2	225667890	1.611500778	124.9502482
chr2	225667893	1.609149899	124.9502531
chr2	225667984	1.568298767	124.9503995
chr2	225668059	1.62951749	124.9505171
chr2	225675762	1.602230945	124.9630693
chr2	225675764	1.621601506	124.9630725
chr2	225675768	1.729800454	124.963079
chr2	225675790	1.692347356	124.963117
chr2	225675798	1.707760278	124.9631306
chr2	225743888	1.720069789	125.079412
chr2	225744313	1.69887314	125.080143
chr2	225744326	1.740425028	125.0801651
chr2	225744442	2.640966301	125.080367
chr2	225744443	2.548955174	125.0803696
chr2	225744461	2.580793642	125.0804155
chr2	225744556	2.656611832	125.0806607
chr2	225744566	2.507764847	125.0806872
chr2	225744572	2.428412998	125.0807023
chr2	225745350	2.407212514	125.0825916
chr2	225745721	2.386060987	125.0834847
chr2	225745809	6.594373949	125.0836946
chr2	225745824	11.12572438	125.0837935
chr2	225745845	11.10472837	125.0840272
chr2	225746593	11.14139095	125.0923335
chr2	225746612	6.924658512	125.0925452
chr2	225747686	6.901235553	125.0999823
chr2	225747709	3.44296206	125.100141
chr2	225747971	2.74017597	125.1010431
chr2	225749355	1.914309792	125.1048355
chr2	225749356	1.893626249	125.1048374
chr2	225779716	1.888487518	125.1623279
chr2	225780773	1.89546532	125.164324
chr2	225844707	1.747116943	125.2855087
chr2	225844736	1.712761965	125.2855594
chr2	225844793	1.699677176	125.285657
chr2	225844850	1.659342861	125.2857539
chr2	225845171	1.674954169	125.2862865
chr2	225850351	1.44863954	125.2949628
chr2	225851191	1.276598494	125.2961796
chr2	225851197	1.243769909	125.2961873
chr2	225851263	1.210069803	125.2962694
chr2	225882793	1.047166988	125.3344229
chr2	225882905	0.9609648626	125.3345402
chr2	225882995	0.9397959445	125.3346267
chr2	225883025	0.8852882411	125.3346549
chr2	225883303	0.930956368	125.334901
chr2	225883739	0.9199675386	125.3353069
chr2	225897198	1.020684418	125.3476887
chr2	225897450	1.056511771	125.3479459
chr2	225897573	1.269185243	125.3480759
chr2	225897576	1.307656408	125.3480797
chr2	225920204	1.216331199	125.3776693
chr2	225920208	1.187181155	125.3776742
chr2	225920215	1.167482597	125.3776825
chr2	225920220	1.020513665	125.3776883
chr2	225920318	0.9294674044	125.3777884
chr2	225920321	0.9813708641	125.3777911
chr2	225955517	0.7630875473	125.4123315
chr2	225957712	0.6854969069	125.4140064
chr2	225957967	0.7235215959	125.4141812
chr2	225985791	0.4237447586	125.4343125
chr2	225985905	0.3897283615	125.4343608
chr2	225986284	0.3875430812	125.4345085
chr2	225986333	0.5316943458	125.4345275
chr2	225986338	0.540555869	125.4345302
chr2	226019465	0.5765442571	125.4524372
chr2	226019468	0.9012889726	125.4524389
chr2	226019489	0.8581222585	125.4524578
chr2	226054626	0.8668890204	125.4826097
chr2	226054922	0.9555745013	125.4828663
chr2	226054930	1.009644221	125.4828739
chr2	226055098	0.9168375296	125.4830435
chr2	226056124	0.9823404138	125.4839842
chr2	226056625	1.049060612	125.4844764
chr2	226056708	1.059905894	125.4845634
chr2	226056740	1.026760079	125.4845973
chr2	226056743	0.8443816794	125.4846004
chr2	226056756	0.8099839263	125.4846114
chr2	226056792	0.7886916494	125.4846406
chr2	226115277	1.310355704	125.5307672
chr2	226115303	1.20763624	125.5308013
chr2	226115323	1.11429404	125.5308254
chr2	226116412	1.684927062	125.5320389
chr2	226116966	1.628645549	125.5329723
chr2	226116978	1.586230591	125.5329919
chr2	226117008	1.551392374	125.5330395
chr2	226117777	1.497322655	125.5342325
chr2	226117816	1.513161093	125.5342909
chr2	226121791	0.9914970385	125.5403057
chr2	226121850	1.083576337	125.5403642
chr2	226121896	1.010976493	125.540414
chr2	226121905	1.024674556	125.5404231
chr2	226122367	0.4335168967	125.5408965
chr2	226122392	0.4578661526	125.5409074
chr2	226203911	0.4783495861	125.5782322
chr2	226203940	0.3818822876	125.578246
chr2	226203941	0.4614821583	125.5782464
chr2	226203991	0.4818963121	125.5782695
chr2	226204014	0.6047622705	125.5782806
chr2	226204030	0.794361803	125.5782903
chr2	226204034	0.7530141003	125.5782934
chr2	226369771	0.7325115107	125.7030957
chr2	226369790	0.6915220334	125.7031096
chr2	226369807	0.6548526343	125.7031214
chr2	226369809	0.5933719422	125.7031227
chr2	226369869	0.5822280804	125.7031583
chr2	226369920	0.6070197111	125.703188
chr2	226369962	0.6950083087	125.7032135
chr2	226369978	7.948264337	125.7032246
chr2	226370029	7.995794474	125.70363
chr2	226370035	8.01466707	125.703678
chr2	226370086	8.334339207	125.7040867
chr2	226370199	8.422882635	125.7050285
chr2	226370450	1.538526651	125.7071426
chr2	226370811	1.552514963	125.707698
chr2	226408577	1.477952878	125.7663303
chr2	226408582	1.859804891	125.7663377
chr2	226408647	1.851073383	125.7664586
chr2	226408661	2.10029863	125.7664845
chr2	226408668	2.312548452	125.7664992
chr2	226408708	2.416045533	125.7665917
chr2	226408736	2.347657715	125.7666594
chr2	226408764	2.801229779	125.7667251
chr2	226437617	2.705060083	125.847549
chr2	226437620	5.575296629	125.8475571
chr2	226437637	9.65258968	125.8476519
chr2	226437651	11.43072735	125.847787
chr2	226437652	13.05983197	125.8477984
chr2	226437688	13.07498916	125.8482686
chr2	226437690	14.84553839	125.8482947
chr2	226437743	15.11018698	125.8490816
chr2	226438482	15.11566075	125.860248
chr2	226440686	13.90149008	125.8935629
chr2	226440688	12.77188196	125.8935907
chr2	226441492	9.804472122	125.9038593
chr2	226441521	9.757087795	125.9041436
chr2	226441523	7.911714638	125.9041631
chr2	226441534	6.38811935	125.9042502
chr2	226441541	5.367741777	125.9042949
chr2	226441567	5.312502132	125.9044345
chr2	226441586	3.359115988	125.9045354
chr2	226442211	3.257518845	125.9066348
chr2	226442215	3.156483562	125.9066479
chr2	226442225	2.462985914	125.9066794
chr2	226442240	2.462516112	125.9067164
chr2	226442311	2.722614134	125.9068912
chr2	226442317	2.110120551	125.9069076
chr2	226442394	2.099502323	125.90707
chr2	226442472	2.146171011	125.9072338
chr2	226442510	2.188896715	125.9073153
chr2	226442511	2.331159864	125.9073175
chr2	226457853	2.101935578	125.9430822
chr2	226457868	2.389127113	125.9431137
chr2	226457893	2.405757904	125.9431734
chr2	226457914	2.499887542	125.943224
chr2	226514286	2.475305157	126.0841476
chr2	226514295	2.490925822	126.0841699
chr2	226514757	2.514022956	126.0853207
chr2	226514790	2.536692049	126.0854037
chr2	226545560	2.54641989	126.1634577
chr2	226545571	2.676725979	126.1634857
chr2	226545574	2.640388872	126.1634937
chr2	226552895	2.666314636	126.182824
chr2	226661880	2.356552497	126.4734123
chr2	226662175	2.341420016	126.4741075
chr2	226662220	2.299252173	126.4742129
chr2	226662289	2.296667279	126.4743715
chr2	226664691	2.067805897	126.4798881
chr2	226664702	2.155035093	126.4799109
chr2	226664710	2.187975301	126.4799281
chr2	226664714	2.238602075	126.4799368
chr2	226664745	2.208903279	126.4800062
chr2	226664786	1.945594824	126.4800968
chr2	226664820	2.51615446	126.480163
chr2	226664822	2.531426219	126.480168
chr2	226664872	2.858414916	126.4802946
chr2	226731835	2.686542051	126.6717026
chr2	226733436	2.385351624	126.6760038
chr2	226733543	2.216991747	126.676259
chr2	226754072	2.026725705	126.7217716
chr2	226754178	1.663439726	126.7219864
chr2	226754192	5.455874221	126.7220097
chr2	226754224	5.243929666	126.7221843
chr2	226754307	5.315707247	126.7226196
chr2	226754753	5.308729445	126.7249904
chr2	226755117	1.375928277	126.7269228
chr2	226755314	1.572941106	126.7271938
chr2	226761781	1.534888158	126.737366
chr2	226761822	1.499856719	126.7374289
chr2	226761878	1.51275127	126.7375129
chr2	226787988	1.313518188	126.7770109
chr2	226788048	1.332336308	126.7770897
chr2	226812638	1.277557608	126.8098518
chr2	226812660	1.348667766	126.8098799
chr2	226826245	1.315054686	126.8282016
chr2	226826253	1.563614057	126.8282121
chr2	226851802	1.555317097	126.8681609
chr2	226853060	1.584842857	126.8701175
chr2	226894485	1.641036783	126.9357696
chr2	226894620	1.426499913	126.9359911
chr2	226894698	1.404892614	126.9361024
chr2	226894755	1.333554531	126.9361825
chr2	226894767	1.73718527	126.9361985
chr2	226894774	1.687598676	126.9362106
chr2	226894879	1.659473256	126.9363878
chr2	226894888	1.849454075	126.9364028
chr2	226894891	1.818655337	126.9364083
chr2	226895786	1.803942697	126.938036
chr2	226896396	1.777788119	126.9391364
chr2	226904270	1.627095856	126.9531347
chr2	226904477	1.745852847	126.9534715
chr2	226964395	2.450853233	127.0580796
chr2	226966366	2.347220264	127.0629102
chr2	226967866	1.339605664	127.066431
chr2	226968037	9.115623172	127.0666601
chr2	226968071	9.062188576	127.06697
chr2	226968150	9.04605268	127.0676859
chr2	226968220	9.013707308	127.0683192
chr2	226968285	9.049546946	127.068905
chr2	226968291	9.016313513	127.0689593
chr2	226968382	9.012118902	127.0697798
chr2	226968461	9.060750385	127.0704918
chr2	226968474	1.027705821	127.0706096
chr2	226968564	0.921384065	127.0707021
chr2	226968625	0.9734267768	127.0707583
chr2	226968631	1.025047261	127.0707641
chr2	226972529	1.219718146	127.0747597
chr2	226973408	1.275204464	127.0758319
chr2	226973536	1.288676556	127.0759951
chr2	227058755	1.316561087	127.1858148
chr2	227059283	1.311087321	127.18651
chr2	227087432	1.299107236	127.2234158
chr2	227087507	1.224338318	127.2235132
chr2	227135135	1.238022425	127.281826
chr2	227137835	1.016503922	127.2851687
chr2	227182458	0.9995550268	127.3305281
chr2	227182533	0.9516137508	127.3306031
chr2	227186844	0.9703309156	127.3347055
chr2	227186876	0.9549206409	127.3347365
chr2	227204934	1.13916022	127.3519805
chr2	227204949	1.313845765	127.3519976
chr2	227205103	1.332818121	127.3521999
chr2	227205167	1.3251541	127.3522852
chr2	227205220	1.31205788	127.3523554
chr2	227221933	1.022562879	127.3742839
chr2	227221945	1.009148225	127.3742961
chr2	227221965	0.9957349479	127.3743163
chr2	227225474	1.031082428	127.3778104
chr2	227225629	0.8536600378	127.3779702
chr2	227225770	0.990416933	127.3780905
chr2	227253570	0.9372984666	127.4056241
chr2	227253629	0.8154486486	127.4056794
chr2	227255407	0.8922123973	127.4071293
chr2	227255794	0.9307761211	127.4074746
chr2	227292317	0.7410236192	127.4414693
chr2	227292354	0.7475016139	127.4414967
chr2	227293040	0.8142518231	127.4420095
chr2	227343783	0.9016830346	127.4833271
chr2	227343911	0.6929043001	127.4834425
chr2	227343948	1.188140137	127.4834682
chr2	227343951	1.23694399	127.4834717
chr2	227343960	1.277188019	127.4834829
chr2	227343963	1.370532698	127.4834867
chr2	227343972	1.418476457	127.483499
chr2	227345904	1.476663129	127.4862395
chr2	227345938	1.750271619	127.4862897
chr2	227368837	1.726519673	127.5263692
chr2	227379277	1.722910948	127.5443941
chr2	227379520	1.624817277	127.5448127
chr2	227383342	1.538504865	127.5510228
chr2	227383409	1.516988927	127.5511259
chr2	227383461	1.440223449	127.5512047
chr2	227383616	1.426397646	127.551428
chr2	227383643	1.250668065	127.5514665
chr2	227383725	0.9336648337	127.551569
chr2	227383731	0.9068311855	127.5515746
chr2	227383748	0.911129696	127.5515901
chr2	227384008	0.9028713896	127.551827
chr2	227384027	0.8032091304	127.5518441
chr2	227384212	1.04130983	127.5519927
chr2	227385115	1.359336938	127.552933
chr2	227385185	1.32507151	127.5530282
chr2	227385201	1.473511245	127.5530494
chr2	227406140	1.418869433	127.5839032
chr2	227406230	1.459981023	127.5840309
chr2	227406302	20.50456645	127.584136
chr2	227406384	20.79436162	127.5858174
chr2	227406479	1.573369097	127.5877929
chr2	227406485	2.054670711	127.5878023
chr2	227416771	11.53349406	127.6089366
chr2	227417126	1.944263618	127.613031
chr2	227417545	1.93461009	127.6138457
chr2	227417551	1.966400601	127.6138573
chr2	227417600	1.9711965	127.6139536
chr2	227417609	2.021042036	127.6139714
chr2	227417612	2.186947995	127.6139775
chr2	227417613	2.53062416	127.6139796
chr2	227419968	2.567664116	127.6199393
chr2	227420009	2.666336232	127.6200445
chr2	227429933	2.579092959	127.6465053
chr2	227429936	2.303338705	127.646513
chr2	227430037	2.361081737	127.6467456
chr2	227430051	2.400509939	127.6467787
chr2	227430125	2.257376977	127.6469563
chr2	227430138	2.721996453	127.6469857
chr2	227430456	3.457376806	127.6478513
chr2	227430466	3.194384804	127.6478858
chr2	227430484	2.766415309	127.6479433
chr2	227431076	2.850732781	127.6495811
chr2	227485760	3.931903526	127.8054705
chr2	227485782	3.664162512	127.805557
chr2	227485936	3.480383225	127.8061213
chr2	227488886	2.991047174	127.8163884
chr2	227488903	1.804042895	127.8164393
chr2	227488924	1.75986239	127.8164772
chr2	227488992	1.665294175	127.8165968
chr2	227511637	1.413488812	127.8543074
chr2	227511710	1.187280059	127.8544106
chr2	227511721	0.6976687388	127.8544237
chr2	227511751	0.7083570697	127.8544446
chr2	227516207	0.7793915356	127.857601
chr2	227516236	0.6896324831	127.8576236
chr2	227524333	0.7139109726	127.8632076
chr2	227524343	0.7342257017	127.8632147
chr2	227524357	0.6804711105	127.863225
chr2	227524442	0.7106341352	127.8632829
chr2	227524454	0.7157928487	127.8632914
chr2	227524600	0.6509176096	127.8633959
chr2	227696985	0.5974460155	127.9756043
chr2	227701108	0.5946045943	127.9780676
chr2	227777967	0.5135513132	128.0237683
chr2	227783519	0.5234723091	128.0266195
chr2	227784295	0.5377108179	128.0270258
chr2	227818956	0.5263221504	128.0456634
chr2	227819001	0.4783798533	128.045687
chr2	227819030	0.4896419464	128.0457009
chr2	227819074	0.4550686144	128.0457225
chr2	227819085	0.455078407	128.0457275
chr2	227819102	0.4546165618	128.0457352
chr2	227819117	0.4551557958	128.045742
chr2	227819158	0.473119503	128.0457607
chr2	227829634	0.4592565902	128.0507171
chr2	227829679	0.5005333457	128.0507377
chr2	227829702	0.5124779618	128.0507493
chr2	227976501	0.5047659093	128.1259805
chr2	228002730	0.4976627719	128.13922
chr2	228126037	0.4877417762	128.2005853
chr2	228126147	0.4341434334	128.200639
chr2	228126177	0.436951133	128.200652
chr2	228218628	0.4320560208	128.2410486
chr2	228218633	0.4272183284	128.2410507
chr2	228234020	0.3561821889	128.2476243
chr2	228234023	0.3246819536	128.2476254
chr2	228234026	0.2884398818	128.2476264
chr2	228234042	0.2837060359	128.247631
chr2	228234083	0.2789175307	128.2476426
chr2	228234377	0.2836008406	128.2477246
chr2	228234383	0.3061328471	128.2477263
chr2	228234403	0.8236202341	128.2477324
chr2	228234572	0.8341478785	128.2478716
chr2	228234584	0.858933977	128.2478816
chr2	228234601	0.9875603197	128.2478962
chr2	228234625	1.032215981	128.2479199
chr2	228234632	1.031248193	128.2479272
chr2	228234876	1.188150937	128.2481788
chr2	228234901	1.179978137	128.2482085
chr2	228234942	1.314765319	128.2482569
chr2	228234952	1.332796879	128.24827
chr2	228235131	1.350799774	128.2485086
chr2	228238234	1.360300339	128.2527001
chr2	228260135	1.387468779	128.2824921
chr2	228260153	1.11824636	128.282517
chr2	228260154	1.110352047	128.2825182
chr2	228260163	1.137529829	128.2825282
chr2	228260179	1.16471109	128.2825464
chr2	228260247	0.8791304253	128.2826256
chr2	228260250	0.8958791708	128.2826282
chr2	228260261	0.8912610383	128.282638
chr2	228260262	0.6451966095	128.2826389
chr2	228385192	0.6485757282	128.3632434
chr2	228385196	0.5378343095	128.3632459
chr2	228385211	0.5285868363	128.363254
chr2	228385509	0.6089133319	128.3634115
chr2	228386122	0.5864458309	128.3637848
chr2	228423406	0.5684142707	128.3856498
chr2	228462963	0.4920851935	128.4081346
chr2	228463078	0.4923500365	128.4081912
chr2	228463138	0.4451081478	128.4082207
chr2	228463151	0.5178295573	128.4082265
chr2	228463196	0.5294710594	128.4082498
chr2	228463353	0.5258518456	128.408333
chr2	228463370	0.5381006765	128.4083419
chr2	228464640	0.5416405698	128.4090253
chr2	228465058	0.6224210709	128.4092517
chr2	228465067	0.6114028679	128.4092573
chr2	228465070	0.6396355717	128.4092591
chr2	228572393	0.6650314407	128.4779067
chr2	228572799	0.646887815	128.4781767
chr2	228573853	0.6635149919	128.4788586
chr2	228574714	0.7789319667	128.4794298
chr2	228574741	0.9535817887	128.4794509
chr2	228574828	1.048519204	128.4795338
chr2	228575669	1.103009947	128.4804156
chr2	228609906	1.139820344	128.5181794
chr2	228620338	1.146135883	128.53007
chr2	228620366	1.127425749	128.5301021
chr2	228620402	1.112959078	128.5301427
chr2	228620447	1.15263727	128.5301928
chr2	228647695	1.156181407	128.5615998
chr2	228649024	1.275342598	128.5631364
chr2	228649028	1.307428177	128.5631415
chr2	228649060	1.637763715	128.5631833
chr2	228650070	1.683769522	128.5648375
chr2	228695626	1.655441707	128.6415433
chr2	228705463	1.629446697	128.6578278
chr2	228705471	1.428373466	128.6578409
chr2	228705483	1.4211566	128.657858
chr2	228705498	1.393117399	128.6578793
chr2	228705552	1.13860577	128.6579546
chr2	228706033	1.124503524	128.6585022
chr2	228706058	0.9488174783	128.6585303
chr2	228706068	0.9469351759	128.6585398
chr2	228706089	0.8025237877	128.6585597
chr2	228706134	0.7463031864	128.6585958
chr2	228706199	1.315981624	128.6586443
chr2	228706218	1.385569592	128.6586694
chr2	228737862	1.419757972	128.7025143
chr2	228737866	1.922336725	128.70252
chr2	228737871	1.81504575	128.7025296
chr2	228740794	1.576350684	128.707835
chr2	228740799	2.707025314	128.7078429
chr2	228752319	2.471910138	128.7390278
chr2	228752339	2.398262117	128.7390772
chr2	228752503	2.436371836	128.7394706
chr2	228754936	2.314699152	128.7453982
chr2	228755034	2.53588107	128.7456251
chr2	228755050	2.502754818	128.7456657
chr2	228755090	2.40059389	128.7457658
chr2	228755093	2.427644545	128.745773
chr2	228755586	2.79885117	128.7469698
chr2	228755597	2.79722598	128.7470006
chr2	228755643	2.780569524	128.7471293
chr2	228758178	2.789060217	128.754178
chr2	228761539	2.837595839	128.763552
chr2	228761578	2.770018575	128.7636627
chr2	228761596	2.805914407	128.7637126
chr2	228761605	2.826005339	128.7637378
chr2	228765245	2.073796966	128.7740245
chr2	228765288	1.990946872	128.7741136
chr2	228836124	2.026860965	128.9151444
chr2	228837125	1.985466419	128.9171732
chr2	228837152	2.021802172	128.9172269
chr2	228837256	1.810758588	128.9174371
chr2	228837304	1.837252549	128.917524
chr2	228930664	1.718164174	129.0890499
chr2	228930672	1.681828423	129.0890637
chr2	228930742	1.486472034	129.0891814
chr2	228930765	1.39394297	129.0892156
chr2	228930774	1.334009539	129.0892281
chr2	228930778	1.293851897	129.0892335
chr2	228930797	1.424246116	129.0892581
chr2	228930822	1.41986474	129.0892937
chr2	228930828	1.579244999	129.0893022
chr2	228930876	1.676796755	129.089378
chr2	228930892	2.044381138	129.0894048
chr2	228930912	2.236120275	129.0894457
chr2	228949763	2.168461091	129.1315988
chr2	228949809	1.88873323	129.1316986
chr2	228949917	1.851640545	129.1319025
chr2	228949927	1.864803133	129.1319211
chr2	228949940	1.687799296	129.1319453
chr2	228949998	2.044766485	129.1320432
chr2	228950004	2.065872688	129.1320555
chr2	228950081	2.029103664	129.1322145
chr2	228950087	4.392591999	129.1322267
chr2	228950132	4.929553162	129.1324244
chr2	228950135	4.956866638	129.1324392
chr2	228950268	4.978007505	129.1330984
chr2	228950356	12.01387175	129.1335365
chr2	228950386	11.97332267	129.1338969
chr2	228950441	11.98971408	129.1345554
chr2	228951323	12.00616963	129.1451304
chr2	228951504	3.670098614	129.1473035
chr2	228951627	4.664528195	129.1477549
chr2	228953435	3.543751902	129.1561884
chr2	228953441	3.394048404	129.1562096
chr2	228953534	3.093178047	129.1565253
chr2	228953540	3.126353331	129.1565438
chr2	228953585	3.15245269	129.1566845
chr2	228953794	3.26730677	129.1573434
chr2	228953810	3.317379281	129.1573957
chr2	228953817	2.465871347	129.1574189
chr2	228953859	2.482531491	129.1575225
chr2	228955102	1.521440399	129.1606082
chr2	228955110	1.036652798	129.1606204
chr2	228955119	1.10354173	129.1606297
chr2	228955152	2.382097593	129.1606662
chr2	228962148	1.528778616	129.1773313
chr2	228962151	1.650370782	129.1773359
chr2	228962154	1.765676247	129.1773409
chr2	228962170	1.783055178	129.1773691
chr2	228982871	1.825691401	129.2142801
chr2	228983860	1.886077756	129.2160857
chr2	229098721	1.883492506	129.4327225
chr2	229110644	2.072306632	129.4551794
chr2	229111005	1.871211965	129.4559275
chr2	229156882	4.139094202	129.5417731
chr2	229156909	7.4228534	129.5418848
chr2	229156918	7.388973034	129.5419517
chr2	229156925	7.371526829	129.5420034
chr2	229157551	7.387555351	129.546618
chr2	229157662	7.436784514	129.547438
chr2	229157701	7.385361415	129.547728
chr2	229157723	7.350610308	129.5478905
chr2	229157752	7.334218898	129.5481037
chr2	229157821	7.2847289	129.5486097
chr2	229157826	10.67672363	129.5486461
chr2	229158109	10.72748528	129.5516676
chr2	229158130	10.85590938	129.5518929
chr2	229158313	3.87825096	129.5538796
chr2	229158324	3.912510799	129.5539222
chr2	229158332	3.977277599	129.5539535
chr2	229158395	4.319702924	129.5542041
chr2	229158402	2.239367581	129.5542343
chr2	229158421	2.459905971	129.5542769
chr2	229158562	2.563033419	129.5546237
chr2	229158641	2.631750324	129.5548262
chr2	229158652	2.768193594	129.5548551
chr2	229158736	2.712709855	129.5550877
chr2	229208079	2.644315207	129.6889409
chr2	229208092	2.359847322	129.6889753
chr2	229208188	2.600623709	129.6892018
chr2	229208448	3.721750708	129.689878
chr2	229208459	3.757458122	129.6899189
chr2	229208462	4.614769034	129.6899302
chr2	229208472	4.640054354	129.6899764
chr2	229208510	4.467841726	129.6901527
chr2	229210790	4.763185166	129.7003394
chr2	229210799	4.698418369	129.7003822
chr2	229220224	4.218307544	129.7446648
chr2	229223252	5.363226563	129.7574379
chr2	229223269	5.133732429	129.757529
chr2	229225618	4.438933377	129.7695882
chr2	229225683	4.492288204	129.7698767
chr2	229226180	4.428010269	129.7721094
chr2	229226191	4.235819802	129.7721581
chr2	229226198	11.69756988	129.7721877
chr2	229226218	11.19663978	129.7724217
chr2	229226220	10.05172076	129.7724441
chr2	229226242	9.58665694	129.7726652
chr2	229226267	17.84587942	129.7729049
chr2	229226658	3.145090346	129.7798826
chr2	229226660	3.236545367	129.7798889
chr2	229227552	4.887721097	129.7827759
chr2	229229610	3.236545367	129.7928348
chr2	229229687	3.732046245	129.793084
chr2	229238457	3.863040411	129.8258141
chr2	229238670	3.750601801	129.8266369
chr2	229238688	5.172380282	129.8267044
chr2	229238714	5.205012777	129.8268389
chr2	229238735	4.829446944	129.8269482
chr2	229238746	4.962331336	129.8270013
chr2	229238792	21.96946792	129.8272296
chr2	229238974	24.57750389	129.8312281
chr2	229239010	8.355253299	129.8321128
chr2	229239944	8.209708844	129.8399167
chr2	229240447	8.103514286	129.8440461
chr2	229241014	6.437769359	129.8486408
chr2	229241186	4.956791664	129.8497481
chr2	229241193	1.857680254	129.8497828
chr2	229241200	2.005817474	129.8497958
chr2	229241282	2.242135763	129.8499603
chr2	229258020	2.01384231	129.8874892
chr2	229258033	1.810981606	129.8875154
chr2	229264139	1.601826995	129.8985732
chr2	229264199	1.451334453	129.8986693
chr2	229264241	1.317276027	129.8987303
chr2	229264318	1.184391635	129.8988317
chr2	229264326	0.903459202	129.8988412
chr2	229264374	0.8207667731	129.8988845
chr2	229264398	0.9628391147	129.8989042
chr2	229264453	1.203179674	129.8989572
chr2	229342847	0.7926201686	129.9932793
chr2	229342863	0.9605911774	129.9932919
chr2	229342943	1.077521764	129.9933688
chr2	229342946	0.9614864548	129.993372
chr2	229350003	0.4855593328	130.0001572
chr2	229350172	0.4530824718	130.0002393
chr2	229350310	0.4135289792	130.0003018
chr2	229395445	0.3488016576	130.0189665
chr2	229395497	0.3087006786	130.0189846
chr2	229401065	0.242913829	130.0207034
chr2	229401076	0.3434299638	130.0207061
chr2	229401106	0.3681734313	130.0207164
chr2	229401112	0.3929399867	130.0207186
chr2	229401132	0.4380223591	130.0207265
chr2	229401171	0.4903042992	130.0207436
chr2	229401252	0.7754018572	130.0207833
chr2	229401983	0.8764755251	130.0213501
chr2	229460644	1.316056393	130.072765
chr2	229460883	1.403823415	130.0730796
chr2	229524834	1.348847662	130.1628555
chr2	229533333	1.351988628	130.1743193
chr2	229533376	1.326305807	130.1743775
chr2	229533844	3.575222872	130.1749982
chr2	229534573	4.457109691	130.1776045
chr2	229535454	4.43165008	130.1815312
chr2	229536136	4.094924684	130.1845536
chr2	229536233	3.974475762	130.1849508
chr2	229538160	3.887468464	130.1926096
chr2	229538175	2.224810607	130.1926679
chr2	229538318	1.224956843	130.1929861
chr2	229538379	0.4519730556	130.1930608
chr2	229538440	0.5351038713	130.1930884
chr2	229538447	12.45581191	130.1930921
chr2	229538458	32.04335179	130.1932291
chr2	229538518	32.18178803	130.1951517
chr2	229538733	8.540721081	130.2020708
chr2	229538794	8.580552341	130.2025918
chr2	229538926	1.358153451	130.2037244
chr2	229568159	0.8466877915	130.2434273
chr2	229568189	0.7324614432	130.2434527
chr2	229568235	0.7263286719	130.2434864
chr2	229568259	0.798625059	130.2435039
chr2	229568352	0.8643040659	130.2435781
chr2	229681334	0.8977769894	130.3412289
chr2	229707219	0.9143288651	130.3644679
chr2	229707759	0.7537800346	130.3649616
chr2	229707797	1.578247866	130.3649903
chr2	229707945	1.605164995	130.3652239
chr2	229711069	1.648188424	130.3702384
chr2	229711074	1.628464026	130.3702466
chr2	229711466	1.617509911	130.370885
chr2	229711538	1.660413296	130.3710015
chr2	229712156	1.790506551	130.3720276
chr2	229712342	1.766922092	130.3723606
chr2	229712369	1.184506864	130.3724083
chr2	229712394	1.160934838	130.372438
chr2	229723250	1.083745438	130.3850411
chr2	229723261	0.9963735721	130.385053
chr2	229723265	0.9779587733	130.385057
chr2	229790044	1.244802637	130.4503641
chr2	229790051	1.203490115	130.4503728
chr2	229790052	5.580166108	130.450374
chr2	229790742	5.537262724	130.4542243
chr2	229790855	1.277419187	130.45485
chr2	229790857	1.280320672	130.4548526
chr2	229790878	1.400773681	130.4548795
chr2	229791291	1.35082337	130.455458
chr2	229791303	1.639062036	130.4554742
chr2	229823707	1.621296629	130.5085864
chr2	229823757	1.23854662	130.5086674
chr2	229823764	1.209206707	130.5086761
chr2	229823861	1.202593888	130.5087934
chr2	229824096	1.207508671	130.509076
chr2	229824393	2.315410403	130.5094346
chr2	229824421	2.371800434	130.5094995
chr2	229825119	9.383744593	130.511155
chr2	229825122	9.913046719	130.5111831
chr2	229825135	10.44616872	130.511312
chr2	229826032	11.182011	130.5206822
chr2	229826108	11.0877863	130.521532
chr2	229826709	11.1145781	130.5281958
chr2	229826712	8.988136207	130.5282291
chr2	229826856	9.888777514	130.5295234
chr2	229826867	7.944773137	130.5296322
chr2	229826890	7.956060471	130.5298149
chr2	229830629	7.055419161	130.5595626
chr2	229830631	6.969014576	130.5595768
chr2	229830650	5.681686083	130.5597092
chr2	229830658	4.466137007	130.5597546
chr2	229830677	3.493850747	130.5598395
chr2	229831280	3.408273038	130.5619463
chr2	229831506	3.449957584	130.5627165
chr2	229831509	2.077734494	130.5627269
chr2	229831542	1.548432368	130.5627955
chr2	229831564	1.61243432	130.5628295
chr2	229831598	1.168903272	130.5628843
chr2	229831601	1.19654802	130.5628879
chr2	229831621	1.208015562	130.5629118
chr2	229848462	1.133225319	130.583256
chr2	229850209	1.130161627	130.5852357
chr2	229850381	1.135940143	130.5854301
chr2	229851154	1.112331433	130.5863082
chr2	229851274	1.12359436	130.5864417
chr2	229884654	1.08191427	130.6239472
chr2	229884658	1.053454983	130.6239516
chr2	229884668	1.110793664	130.6239621
chr2	229884682	1.011325011	130.6239777
chr2	229941020	0.9962297176	130.6809537
chr2	229943859	0.9740203658	130.683782
chr2	229943932	0.8599783866	130.6838531
chr2	229943956	0.8297594476	130.6838737
chr2	229944058	0.8015243722	130.6839584
chr2	229944070	0.6983102651	130.683968
chr2	229945645	0.6701161854	130.6850678
chr2	229945669	1.025208215	130.6850839
chr2	229953388	0.6044845655	130.6929975
chr2	229954518	0.5782237764	130.6936806
chr2	229954522	0.5294464245	130.6936829
chr2	229954523	0.5686586412	130.6936834
chr2	229954541	0.607901362	130.6936936
chr2	229954583	0.7037352222	130.6937192
chr2	229954594	0.6574574575	130.6937269
chr2	229954605	0.8696438079	130.6937341
chr2	230040590	1.513250327	130.7685105
chr2	230040686	1.473774489	130.7686557
chr2	230046015	0.8473929865	130.7765095
chr2	230046036	0.8063077676	130.7765273
chr2	230046075	0.8162963933	130.7765587
chr2	230047110	0.8427534652	130.7774036
chr2	230047116	0.8321731378	130.7774086
chr2	230047150	0.8581852608	130.7774369
chr2	230047176	0.9003649169	130.7774592
chr2	230127470	0.8694088621	130.8497531
chr2	230127490	8.302899199	130.8497705
chr2	230127502	8.264727233	130.8498702
chr2	230127612	8.245222918	130.8507793
chr2	230127739	7.997076231	130.8518264
chr2	230127860	7.934925749	130.8527941
chr2	230127881	7.934369312	130.8529607
chr2	230127944	8.099662395	130.8534606
chr2	230127946	1.747357082	130.8534768
chr2	230127950	1.798539454	130.8534838
chr2	230171036	1.057569238	130.9309756
chr2	230171134	1.103341324	130.9310793
chr2	230175549	4.229227614	130.9359505
chr2	230177098	4.255847578	130.9425016
chr2	230177557	4.17269815	130.944455
chr2	230177619	2.484592756	130.9447137
chr2	230177620	2.458760374	130.9447162
chr2	230177771	2.36578821	130.9450875
chr2	230177786	0.6800951715	130.945123
chr2	230177800	0.8832877441	130.9451325
chr2	230183028	0.8075543754	130.9497503
chr2	230183052	0.7662407267	130.9497697
chr2	230183089	6.00063829	130.9497981
chr2	230183475	6.052367264	130.9521143
chr2	230183507	6.281563427	130.952308
chr2	230183608	6.502442277	130.9529424
chr2	230183718	6.593896487	130.9536577
chr2	230183720	6.605411814	130.9536709
chr2	230183740	6.755004155	130.953803
chr2	230183746	1.626589054	130.9538435
chr2	230244920	1.161785969	131.0533485
chr2	230244926	1.051132273	131.0533555
chr2	230245374	1.46052044	131.0538264
chr2	230245392	1.530672724	131.0538527
chr2	230245404	1.644086503	131.053871
chr2	230245431	1.718220748	131.0539154
chr2	230259565	1.74227375	131.0782007
chr2	230259596	1.958264454	131.0782548
chr2	230277227	1.729188921	131.1127809
chr2	230277232	1.798917537	131.1127896
chr2	230277918	1.768702656	131.1140236
chr2	230318987	1.798959007	131.1866625
chr2	230321845	2.301226864	131.1918039
chr2	230332617	1.997861432	131.2165927
chr2	230332618	1.949127869	131.2165947
chr2	230332628	1.995619498	131.2166142
chr2	230332727	1.987236991	131.2168118
chr2	230332757	2.196031525	131.2168714
chr2	230332796	2.234998529	131.216957
chr2	230341819	2.300045972	131.2371234
chr2	230341947	2.23467454	131.2374178
chr2	230352868	2.195850741	131.2618227
chr2	230405719	2.567275023	131.3778756
chr2	230405725	2.537148743	131.377891
chr2	230438442	2.541170319	131.4608989
chr2	230439373	2.260975397	131.4632647
chr2	230439376	2.216910603	131.4632715
chr2	230468966	2.186514885	131.5288699
chr2	230492128	2.108785417	131.579514
chr2	230492132	2.098292089	131.5795224
chr2	230492481	2.059126098	131.5802547
chr2	230492718	1.686761881	131.5807427
chr2	230492729	1.676927001	131.5807613
chr2	230524565	1.535914218	131.6341479
chr2	230525294	1.449810637	131.6352676
chr2	230525321	1.439881351	131.6353067
chr2	230525350	1.411419331	131.6353485
chr2	230525378	1.387146095	131.635388
chr2	230525436	1.368719587	131.6354685
chr2	230525543	1.33441106	131.6356149
chr2	230525699	1.306861542	131.6358231
chr2	230526251	1.230735811	131.6365445
chr2	230526275	1.220225285	131.636574
chr2	230526684	1.210316611	131.6370731
chr2	230526692	1.156623634	131.6370828
chr2	230526767	1.144547571	131.6371695
chr2	230527165	1.120429556	131.6376251
chr2	230527192	1.021827588	131.6376553
chr2	230614775	0.923468281	131.72715
chr2	230614852	0.8485690914	131.7272211
chr2	230614904	0.7499081555	131.7272653
chr2	230614930	10.02537542	131.7272848
chr2	230614931	10.04465969	131.7272948
chr2	230614946	10.05475031	131.7274455
chr2	230615204	10.1734687	131.7300396
chr2	230615222	10.22108008	131.7302227
chr2	230615255	10.21189302	131.73056
chr2	230615297	1.239722832	131.7309889
chr2	230615330	1.243299428	131.7310298
chr2	230615617	1.233755542	131.7313866
chr2	230656750	1.175808486	131.7821347
chr2	230656794	1.167548995	131.7821864
chr2	230662020	1.23873393	131.7882881
chr2	230662040	1.38420896	131.7883128
chr2	230665508	1.317126687	131.7931133
chr2	230665535	1.292652139	131.7931488
chr2	230668738	1.284625666	131.7972892
chr2	230669019	1.330242771	131.7976502
chr2	230675741	1.321860386	131.8065921
chr2	230675744	1.390513432	131.806596
chr2	230675745	1.334297849	131.8065974
chr2	230675751	1.327391254	131.8066054
chr2	230686594	1.370456984	131.8209983
chr2	230686670	1.384046854	131.8211025
chr2	230688170	1.479262461	131.8231786
chr2	230696306	1.670834057	131.8352138
chr2	230696323	1.675175115	131.8352422
chr2	230696475	2.003557729	131.8354969
chr2	230697017	2.154985424	131.8365828
chr2	230697045	2.194614566	131.8366431
chr2	230697285	2.230457441	131.8371698
chr2	230697304	2.221139534	131.8372122
chr2	230697350	2.240879288	131.8373144
chr2	230697456	2.354999356	131.8375519
chr2	230708093	2.062511867	131.8626021
chr2	230725178	1.941844289	131.8978401
chr2	230725181	2.000827134	131.8978459
chr2	230725241	1.89922028	131.8979659
chr2	230725242	1.954166013	131.8979678
chr2	230725630	2.007375881	131.8987261
chr2	230725813	13.684763	131.8990934
chr2	230725880	13.76904478	131.9000103
chr2	230725881	13.76019693	131.9000241
chr2	230725887	13.90061999	131.9001066
chr2	230726035	14.33496127	131.9021639
chr2	230726104	2.97840543	131.903153
chr2	230757493	3.032733277	131.9966422
chr2	230782793	2.948278884	132.0733703
chr2	230782811	2.888354718	132.0734234
chr2	230787055	2.75789791	132.0856816
chr2	230787087	2.442564778	132.0857698
chr2	230787088	3.327386925	132.0857723
chr2	230787091	4.098388382	132.0857823
chr2	230787096	4.048951231	132.0858028
chr2	230787115	3.993317314	132.0858797
chr2	230787833	3.94964422	132.0887469
chr2	230787884	3.9723389	132.0889483
chr2	230787895	3.874257511	132.088992
chr2	230789682	3.86784738	132.0959153
chr2	230791143	5.684457551	132.1015662
chr2	230791148	5.638852207	132.1015947
chr2	230791180	4.744530081	132.1017751
chr2	230792010	4.759253047	132.1057131
chr2	230792034	4.788871816	132.1058273
chr2	230792047	1.16461396	132.1058895
chr2	230792070	1.211918826	132.1059163
chr2	230792091	1.17607595	132.1059418
chr2	230867280	1.139358259	132.1943698
chr2	230869381	1.16150075	132.1967635
chr2	230869388	1.117550835	132.1967717
chr2	230869393	0.9843808726	132.1967773
chr2	230869403	0.969621346	132.1967871
chr2	230869452	0.9484701464	132.1968346
chr2	230869496	0.9101727673	132.1968764
chr2	230874766	0.8695365829	132.201673
chr2	230874874	0.8664647004	132.2017669
chr2	230874936	0.8888829548	132.2018206
chr2	230874944	0.9428690579	132.2018277
chr2	230875554	1.053984082	132.2024029
chr2	230875660	1.068582571	132.2025146
chr2	230936611	1.092211894	132.2676458
chr2	230936623	1.131637354	132.2676589
chr2	230936627	1.171400044	132.2676634
chr2	230936638	1.18766837	132.2676763
chr2	230936644	1.164169858	132.2676834
chr2	230936718	1.078933925	132.2677695
chr2	230936721	1.022530542	132.2677728
chr2	230937616	0.999835864	132.2686879
chr2	230937646	1.022060465	132.2687179
chr2	230937653	1.061962766	132.2687251
chr2	231019563	1.102776118	132.3557105
chr2	231019578	1.080134364	132.355727
chr2	231019754	1.12736852	132.3559171
chr2	231022087	0.8529922107	132.3585473
chr2	231022814	0.8379893757	132.3591674
chr2	231022819	0.8233218216	132.3591716
chr2	231022847	0.8368959722	132.3591946
chr2	231022868	0.8139251496	132.3592122
chr2	231090545	0.7612940872	132.4142962
chr2	231090582	0.7726065976	132.4143244
chr2	231090710	0.9643524305	132.4144233
chr2	231090863	0.9766859972	132.4145708
chr2	231091106	1.08940115	132.4148082
chr2	231091327	1.063241568	132.4150489
chr2	231091696	0.9999181364	132.4154413
chr2	231091778	0.9885809052	132.4155232
chr2	231092455	0.9647824228	132.4161925
chr2	231093490	0.9846759898	132.4171911
chr2	231102524	0.9975521913	132.4260866
chr2	231102547	0.9366079292	132.4261096
chr2	231102823	0.8957945781	132.4263681
chr2	231102851	0.9168706713	132.4263932
chr2	231103921	0.9109879687	132.4273742
chr2	231105040	0.9997363506	132.4283936
chr2	231105044	1.023949826	132.4283976
chr2	231106020	1.035875229	132.429397
chr2	231108270	1.025128488	132.4317277
chr2	231108381	1.064247856	132.4318415
chr2	231108432	0.9394952858	132.4318958
chr2	231108463	0.8151020119	132.4319249
chr2	231114312	0.7991996705	132.4366924
chr2	231149313	0.8288080112	132.4646652
chr2	231236159	0.8053455191	132.5366439
chr2	231239338	0.6224780312	132.5392041
chr2	231239341	0.5996405953	132.5392059
chr2	231240194	0.6255463297	132.5397174
chr2	231245384	0.5792223433	132.542964
chr2	231257392	0.5955277509	132.5499193
chr2	231264082	0.4428978045	132.5539034
chr2	231264102	0.4000349836	132.5539123
chr2	231264278	0.366337272	132.5539827
chr2	231264305	0.3464437053	132.5539925
chr2	231264381	0.3602107565	132.5540189
chr2	231264472	0.5595636399	132.5540517
chr2	231346042	0.4701662486	132.5996953
chr2	231366381	0.5618059161	132.609258
chr2	231366419	0.4820968371	132.6092793
chr2	231366431	0.7271383295	132.6092851
chr2	231366581	0.7002517062	132.6093942
chr2	231367751	0.8308603941	132.6102135
chr2	231387727	0.5931216833	132.6268107
chr2	231387737	0.57506101	132.6268167
chr2	231387757	0.5260196968	132.6268282
chr2	231388805	0.3524995084	132.6273794
chr2	231388966	0.9851267696	132.6274362
chr2	231388993	0.8345142507	132.6274628
chr2	231389161	1.635733578	132.627603
chr2	231390968	1.636685226	132.6305588
chr2	231391082	1.660698678	132.6307453
chr2	231391131	1.700040606	132.6308267
chr2	231393456	0.6684518013	132.6347793
chr2	231393771	0.7251892563	132.6349899
chr2	231453431	0.7508725297	132.6782547
chr2	231453521	0.7072912524	132.6783222
chr2	231453541	0.6937230106	132.6783364
chr2	231453663	0.6369855564	132.678421
chr2	231453681	0.6806510707	132.6784325
chr2	231477052	0.6942108973	132.69434
chr2	231477505	0.5560230158	132.6946545
chr2	231494257	0.4385648117	132.703969
chr2	231532591	0.2611813415	132.7207809
chr2	231533886	0.2369833806	132.7211191
chr2	231534006	0.323867946	132.7211476
chr2	231534034	0.3585461749	132.7211566
chr2	231534172	0.3758924549	132.7212061
chr2	231534173	0.4453474393	132.7212065
chr2	231536168	0.4807976944	132.722095
chr2	231629793	0.5046108098	132.7671096
chr2	231632024	0.6737202216	132.7682354
chr2	231632074	0.7718982673	132.7682691
chr2	231708644	0.7883502283	132.8273734
chr2	231709079	0.8048369109	132.8277163
chr2	231709108	0.6589811865	132.8277396
chr2	231709123	0.9943560989	132.8277495
chr2	231727549	0.8100862842	132.8460715
chr2	231727654	2.320940591	132.8461566
chr2	231727657	2.304466841	132.8461636
chr2	231727895	2.415030775	132.846712
chr2	231727900	2.500534103	132.8467241
chr2	231727916	2.580471992	132.8467641
chr2	231727997	2.878385632	132.8469731
chr2	231728743	5.447495707	132.8491204
chr2	231730071	2.94604136	132.8563547
chr2	231730076	1.487871579	132.8563694
chr2	231730088	1.573894033	132.8563873
chr2	231730182	1.653777375	132.8565352
chr2	231795354	1.656962989	132.9643152
chr2	231812935	1.808101071	132.9934462
chr2	231813028	1.918020538	132.9936144
chr2	231813117	1.951310958	132.9937851
chr2	231813157	2.100568185	132.9938632
chr2	231850357	2.074884912	133.0720043
chr2	231859874	1.976399089	133.091751
chr2	231889416	1.785448166	133.1501378
chr2	231915192	1.526732649	133.1961595
chr2	231915197	1.530715788	133.1961671
chr2	231966362	1.39912506	133.2744862
chr2	231966389	1.384825978	133.274524
chr2	231966431	1.370574154	133.2745821
chr2	231966442	1.374721894	133.2745972
chr2	231966471	1.332014523	133.2746371
chr2	231966476	1.280456529	133.2746437
chr2	231966527	1.847369992	133.274709
chr2	231967082	2.424880885	133.2757343
chr2	231971624	2.410813084	133.2867481
chr2	231971639	2.433683527	133.2867843
chr2	231971682	2.4559636	133.2868889
chr2	231971697	1.614119898	133.2869258
chr2	231971850	1.03904537	133.2871727
chr2	231971926	1.060207434	133.2872517
chr2	231974053	0.7373609577	133.2895068
chr2	231974147	0.8130214381	133.2895761
chr2	231974582	0.8271693446	133.2899297
chr2	231974613	0.9157486358	133.2899554
chr2	231974683	0.9538219525	133.2900195
chr2	232021391	1.079029875	133.3345706
chr2	232063935	0.9473492707	133.3804768
chr2	232063956	0.9178908042	133.3804967
chr2	232064010	0.9299536259	133.3805463
chr2	232064577	0.9375896267	133.3810736
chr2	232096136	0.928361524	133.410663
chr2	232096249	0.7578651244	133.4107679
chr2	232096315	0.6858910903	133.4108179
chr2	232096318	0.6641130926	133.41082
chr2	232096337	0.765610136	133.4108326
chr2	232096347	0.8506914472	133.4108402
chr2	232096408	0.9003139212	133.4108921
chr2	232096411	0.9236799289	133.4108948
chr2	232124876	0.9406917464	133.4371874
chr2	232125010	0.708865322	133.4373134
chr2	232125018	0.7565893758	133.4373191
chr2	232125146	0.872732092	133.4374159
chr2	232125369	0.9144324399	133.4376106
chr2	232127371	0.9760448147	133.4394413
chr2	232127402	1.056995444	133.4394715
chr2	232127798	1.081437425	133.4398901
chr2	232127815	1.052215918	133.4399085
chr2	232132502	0.9628496603	133.4448402
chr2	232149702	1.005846961	133.4614012
chr2	232149849	1.559094202	133.4615491
chr2	232206858	1.560745636	133.5504315
chr2	232206918	1.595011707	133.5505251
chr2	232214556	1.556021876	133.5627078
chr2	232214998	1.537557486	133.5633956
chr2	232215020	1.543911935	133.5634294
chr2	232215023	1.48299957	133.563434
chr2	232217907	1.607030727	133.567711
chr2	232218807	1.674266981	133.5691573
chr2	232218861	1.615205104	133.5692478
chr2	232266826	1.826856124	133.6467211
chr2	232267289	1.824073572	133.6475669
chr2	232267425	1.972155961	133.647815
chr2	232267534	1.994129541	133.6480299
chr2	232269189	1.965795584	133.6513302
chr2	232286507	2.199805365	133.6853739
chr2	232288775	2.218647536	133.690363
chr2	232288937	2.254154955	133.6907224
chr2	232288940	2.262602318	133.6907292
chr2	232288953	2.119867872	133.6907586
chr2	232288968	1.934984489	133.6907904
chr2	232288972	1.855345449	133.6907982
chr2	232307080	1.773399964	133.7243948
chr2	232307764	1.730402663	133.7256078
chr2	232308796	1.740799726	133.7273935
chr2	232312433	1.478659815	133.7337248
chr2	232312442	1.484842768	133.7337381
chr2	232312588	1.470342472	133.7339549
chr2	232312616	1.479318101	133.7339961
chr2	232312626	1.496580325	133.7340109
chr2	232312627	2.663907821	133.7340124
chr2	232312640	2.673996406	133.734047
chr2	232312642	2.659135959	133.7340524
chr2	232312643	2.5842116	133.734055
chr2	232313204	2.631050851	133.7355048
chr2	232314336	2.636665948	133.7384831
chr2	232314406	2.375855852	133.7386677
chr2	232315354	2.418176973	133.74092
chr2	232315395	1.224856315	133.7410191
chr2	232315407	1.243935456	133.7410338
chr2	232346471	1.236510035	133.7796754
chr2	232346521	1.247726914	133.7797373
chr2	232346572	1.267481098	133.7798009
chr2	232346616	1.308437452	133.7798567
chr2	232509479	1.328736604	133.9929527
chr2	232509489	3.408567082	133.992966
chr2	232509491	3.406261104	133.9929728
chr2	232509590	3.416778991	133.99331
chr2	232511078	3.407371884	133.9983942
chr2	232511088	1.357309031	133.9984283
chr2	232511089	1.313735894	133.9984296
chr2	232511244	1.298009793	133.9986333
chr2	232511284	1.335782201	133.9986852
chr2	232511285	1.347558865	133.9986865
chr2	232511304	1.391102456	133.9987121
chr2	232511318	1.421989625	133.9987316
chr2	232511331	1.404645556	133.9987501
chr2	232511431	1.455515463	133.9988906
chr2	232649371	1.436467976	134.1996644
chr2	232649426	1.506653709	134.1997434
chr2	232649460	1.434508491	134.1997946
chr2	232649468	1.304181481	134.1998061
chr2	232649482	1.36094036	134.1998243
chr2	232649485	1.384114839	134.1998284
chr2	232649491	1.260695001	134.1998367
chr2	232649492	1.234741905	134.199838
chr2	232685855	1.225770564	134.2447369
chr2	232686082	1.202325982	134.2450151
chr2	232690586	1.161147452	134.2504304
chr2	232690589	1.139832248	134.2504339
chr2	232690636	1.039043192	134.2504875
chr2	232690753	0.9920706282	134.250609
chr2	232691168	0.9924654761	134.2510208
chr2	232691210	0.9053057255	134.2510624
chr2	232691212	0.8990287609	134.2510643
chr2	232693543	0.8693110465	134.2531599
chr2	232693615	0.8847248162	134.2532225
chr2	232693716	0.8992827067	134.2533118
chr2	232693801	0.9758505476	134.2533883
chr2	232796117	3.48442312	134.3532334
chr2	232796356	3.530809386	134.3540662
chr2	232798842	2.383579227	134.3628438
chr2	232798881	2.376669685	134.3629367
chr2	232798918	1.298174293	134.3630247
chr2	232798940	1.467936523	134.3630532
chr2	232799291	1.436496032	134.3635685
chr2	232799312	2.527694404	134.3635986
chr2	232799331	2.618514619	134.3636467
chr2	232799832	3.106206416	134.3649585
chr2	232800103	3.430374191	134.3658003
chr2	232800212	3.507298236	134.3661742
chr2	232802725	2.597250127	134.3749881
chr2	232802766	2.626502401	134.3750946
chr2	232834624	2.876286752	134.4587697
chr2	232834694	2.906015444	134.458971
chr2	232834700	2.890727534	134.4589884
chr2	232834713	2.600284717	134.459026
chr2	232835044	2.731552144	134.4598867
chr2	232835045	2.988736868	134.4598895
chr2	232838389	3.248213005	134.4698838
chr2	232838534	3.428148121	134.4703548
chr2	232838929	4.544710306	134.4717089
chr2	232844387	4.46570528	134.4965139
chr2	232844545	4.660016788	134.4972195
chr2	232844560	4.867586249	134.4972894
chr2	232844616	5.453279685	134.497562
chr2	232844627	5.586257151	134.497622
chr2	232844648	5.723916749	134.4977393
chr2	232844690	7.293656846	134.4979797
chr2	232844728	7.338623362	134.4982569
chr2	232844732	7.478581805	134.4982862
chr2	232845167	11.0750538	134.5015394
chr2	232846073	11.44381373	134.5115734
chr2	232846077	11.6562626	134.5116192
chr2	232846117	8.735633338	134.5120854
chr2	232846145	14.95097279	134.51233
chr2	232846401	15.61900994	134.5161575
chr2	232846481	15.88270691	134.517407
chr2	232846676	15.86085517	134.5205041
chr2	232846696	9.693668874	134.5208213
chr2	232846710	10.13607477	134.520957
chr2	232860931	11.8818433	134.6651022
chr2	232861325	12.00000588	134.6697836
chr2	232861335	12.06136705	134.6699036
chr2	232861496	12.19716147	134.6718455
chr2	232861597	11.86435512	134.6730774
chr2	232861954	11.65187977	134.677313
chr2	232862033	6.461647637	134.6782335
chr2	232862037	5.50735321	134.6782593
chr2	232862062	5.214340143	134.678397
chr2	232862072	3.858245202	134.6784491
chr2	232862407	3.508985427	134.6797417
chr2	232886520	3.373191003	134.7643538
chr2	232886549	3.334238269	134.7644516
chr2	232886681	3.452893935	134.7648918
chr2	232890074	3.480015753	134.7766074
chr2	232890083	3.119545718	134.7766388
chr2	232890191	2.756341404	134.7769757
chr2	232890257	2.950927103	134.7771576
chr2	232891453	2.969790451	134.7806869
chr2	232892988	2.788955184	134.7852455
chr2	232893973	2.576160416	134.7879926
chr2	232894064	2.507336345	134.7882271
chr2	232914075	2.199938744	134.8384014
chr2	232916678	2.194546367	134.8441278
chr2	232916714	2.041026101	134.8442068
chr2	232917998	2.084941249	134.8468275
chr2	232918932	2.002674219	134.8487748
chr2	232918950	2.009445037	134.8488109
chr2	232918958	2.044649958	134.848827
chr2	232920298	1.955669813	134.8515668
chr2	232920952	1.17309923	134.8528458
chr2	232920996	1.112715505	134.8528974
chr2	232921050	1.256183847	134.8529575
chr2	232921059	1.259730237	134.8529688
chr2	233015365	1.196578948	134.9717689
chr2	233015424	1.237969459	134.9718395
chr2	233015436	1.168458732	134.9718544
chr2	233015482	1.058599267	134.9719081
chr2	233015546	0.9893360698	134.9719759
chr2	233023607	0.9575461523	134.9799509
chr2	233052125	0.9661378937	135.0072582
chr2	233097323	0.8860909364	135.0509257
chr2	233097469	0.8766298542	135.0510551
chr2	233097510	0.7823436083	135.051091
chr2	233097523	0.6645868509	135.0511012
chr2	233098416	0.6403920091	135.0516947
chr2	233098457	0.5994384728	135.0517209
chr2	233099649	0.5451932132	135.0524355
chr2	233106566	0.5139000251	135.0562066
chr2	233106759	0.4956757334	135.0563058
chr2	233117214	0.5461857124	135.061488
chr2	233117217	0.5127840337	135.0614897
chr2	233117362	0.5027964397	135.061564
chr2	233141238	0.5525671185	135.0735688
chr2	233142339	0.5639939786	135.0741772
chr2	233142354	0.602814916	135.0741856
chr2	233142446	0.8585664344	135.0742411
chr2	233142780	1.004182363	135.0745279
chr2	233154115	0.9896022262	135.0859103
chr2	233154268	1.269012805	135.0860617
chr2	233160649	1.283417429	135.0941592
chr2	233161430	1.73751543	135.0951616
chr2	233161492	3.23080193	135.0952693
chr2	233163724	3.233326208	135.1024805
chr2	233163789	1.753953266	135.1026906
chr2	233163798	1.59480566	135.1027064
chr2	233163842	1.608796362	135.1027766
chr2	233168812	1.293225232	135.1107723
chr2	233168867	1.305415008	135.1108434
chr2	233169194	0.6324128203	135.1112703
chr2	233169358	0.570968287	135.111374
chr2	233375373	0.512688456	135.2290021
chr2	233375403	0.4693335852	135.2290174
chr2	233376124	0.4548664834	135.2293558
chr2	233439719	0.4434396239	135.2582831
chr2	233439741	0.4454517773	135.2582928
chr2	233439830	0.3808283516	135.2583325
chr2	233447078	0.3696735168	135.2610927
chr2	233447386	0.3192430201	135.2612066
chr2	233447635	0.2866207862	135.2612861
chr2	233447960	0.2657394966	135.2613792
chr2	233480239	0.268940176	135.269957
chr2	233490132	0.2762925652	135.2726176
chr2	233491904	0.3394494584	135.2731072
chr2	233542507	0.3421038785	135.2902844
chr2	234480155	0.3405389048	135.6110574
chr2	234480802	0.8397154585	135.6112777
chr2	234480873	0.8953739723	135.6113374
chr2	234480875	0.8919379633	135.6113391
chr2	234484485	0.8885144446	135.614559
chr2	234484775	0.9285104295	135.6148167
chr2	234486016	0.9055819686	135.615969
chr2	234487517	0.4881341749	135.6173283
chr2	234487533	0.4847211414	135.6173361
chr2	234487534	0.4428515119	135.6173366
chr2	234490504	0.5148600138	135.6186518
chr2	234490534	0.5104514735	135.6186673
chr2	234491143	0.5044802281	135.6189781
chr2	234491179	0.4993407781	135.6189963
chr2	234491353	0.4967706488	135.6190832
chr2	234493200	0.5803931561	135.6200007
chr2	234494868	0.5848714437	135.6209688
chr2	234509608	0.5813735933	135.6295898
chr2	234509852	0.5870965881	135.6297317
chr2	234509899	0.6050855789	135.6297593
chr2	234526268	0.6184948294	135.6396639
chr2	234526282	0.6241276628	135.6396726
chr2	234527004	0.5678782757	135.6401232
chr2	234527107	0.5653900449	135.6401817
chr2	234528481	0.5775479167	135.6409585
chr2	234541907	0.5770459531	135.6487127
chr2	234541926	0.4785336713	135.6487237
chr2	234622062	0.4312529909	135.6870714
chr2	234622783	0.4160025753	135.6873824
chr2	234622793	0.4227216139	135.6873865
chr2	234623059	0.4361677182	135.687499
chr2	234623646	0.4406040833	135.687755
chr2	234623728	0.4486058343	135.6877911
chr2	234685371	0.4387650181	135.7154445
chr2	234704032	0.4467705771	135.7236323
chr2	234795392	0.4447148956	135.7644493
chr2	234822681	0.4808104796	135.7765851
chr2	234832187	0.4965270168	135.7811557
chr2	234837412	0.4769275696	135.7837501
chr2	234837441	0.473381192	135.7837639
chr2	234837442	0.4618829821	135.7837644
chr2	235048094	0.4478911504	135.8810609
chr2	235048400	0.5329377634	135.881198
chr2	235051681	0.6482698509	135.8829466
chr2	235098433	0.6365338208	135.9132545
chr2	235103618	0.6247612389	135.9165549
chr2	235117561	0.6193041041	135.9252659
chr2	235128502	4.45120092	135.9320418
chr2	235128538	6.149744595	135.932202
chr2	235129503	6.298623784	135.9381365
chr2	235129552	12.00512264	135.9384451
chr2	235129604	11.75083067	135.9390694
chr2	235132403	10.86808632	135.97196
chr2	235132479	10.86655271	135.9727859
chr2	235132491	4.225096451	135.9729163
chr2	235132534	3.39227397	135.973098
chr2	235132605	2.279231174	135.9733389
chr2	235132612	35.25947704	135.9733548
chr2	235132641	35.25746065	135.9743774
chr2	235132697	34.18407891	135.9763518
chr2	235132706	34.1942846	135.9766594
chr2	235132715	2.037035827	135.9769672
chr2	235136441	1.540016717	135.9845572
chr2	235136475	1.499941716	135.9846095
chr2	235136857	1.510602952	135.9851825
chr2	235150006	1.343273244	136.0050454
chr2	235150053	1.382022984	136.0051086
chr2	235150111	1.419010943	136.0051887
chr2	235150112	1.453950007	136.0051901
chr2	235184460	1.455752759	136.0551304
chr2	235184471	1.468314101	136.0551464
chr2	235184515	1.249249496	136.055211
chr2	235184563	1.192442742	136.055271
chr2	235184579	1.133664122	136.0552901
chr2	235190378	1.363591318	136.0618642
chr2	235190398	1.523899703	136.0618915
chr2	235190553	1.696459017	136.0621277
chr2	235190571	1.723326933	136.0621582
chr2	235229722	1.601883922	136.1296282
chr2	235231868	1.535171749	136.1330658
chr2	235237747	1.54019698	136.1420911
chr2	235237915	1.404971656	136.1423499
chr2	235239351	1.341238589	136.1443674
chr2	235239551	1.272133192	136.1446356
chr2	235239563	1.077636072	136.1446509
chr2	235240784	1.135474613	136.1459667
chr2	235241982	1.224503154	136.147327
chr2	235241994	1.181271617	136.1473417
chr2	235242003	1.210754832	136.1473523
chr2	235244262	2.155274571	136.1500874
chr2	235244279	2.496627713	136.1501241
chr2	235244342	2.51198145	136.1502813
chr2	235244455	2.57089891	136.1505652
chr2	235245656	2.71844616	136.1536529
chr2	235245727	2.782337885	136.1538459
chr2	235315374	2.672162402	136.3476273
chr2	235315430	2.696510164	136.347777
chr2	235315543	3.283254767	136.3480817
chr2	235316079	3.228086457	136.3498415
chr2	235317036	3.227604333	136.3529308
chr2	235317046	3.128937681	136.3529631
chr2	235321345	2.281276738	136.3664144
chr2	235321464	2.23725109	136.3666858
chr2	235321498	2.194504758	136.3667619
chr2	235321643	2.186784301	136.3670801
chr2	235321664	2.097346918	136.367126
chr2	235330281	1.77025752	136.3851989
chr2	235330872	1.399127513	136.3862451
chr2	235330887	1.360905595	136.3862661
chr2	235332029	1.480586537	136.3878202
chr2	235332927	1.595806746	136.3891498
chr2	235333080	1.623680059	136.389394
chr2	235333083	1.58637089	136.3893988
chr2	235333086	1.634245631	136.3894036
chr2	235333362	1.771881715	136.3898546
chr2	235333488	1.905142832	136.3900779
chr2	235333541	1.986819457	136.3901789
chr2	235333668	2.014828554	136.3904312
chr2	235336371	2.043475176	136.3958773
chr2	235336418	2.069767051	136.3959733
chr2	235347602	2.068207141	136.4191216
chr2	235348602	2.064472929	136.4211898
chr2	235348656	2.053030486	136.4213013
chr2	235351248	2.013295074	136.4266227
chr2	235454990	2.66921838	136.635486
chr2	235454993	4.445232245	136.635494
chr2	235454996	4.632313596	136.6355073
chr2	235455295	4.973924051	136.6368924
chr2	235455593	4.840835088	136.6383746
chr2	235455812	4.897446654	136.6394348
chr2	235464506	4.559939161	136.6820132
chr2	235464643	4.482346814	136.6826379
chr2	235465186	4.478850755	136.6850718
chr2	235465435	4.566011431	136.686187
chr2	235465664	3.770260395	136.6872327
chr2	235465669	3.084939386	136.6872515
chr2	235465816	2.761954912	136.687705
chr2	235465965	1.603723079	136.6881165
chr2	235465974	1.272498906	136.688131
chr2	235465979	1.341552462	136.6881373
chr2	235465989	1.070967767	136.6881507
chr2	235466013	1.1093565	136.6881764
chr2	235466337	1.126719181	136.6885359
chr2	235466379	1.242486024	136.6885832
chr2	235466436	1.263574802	136.688654
chr2	235466437	1.457209415	136.6886553
chr2	235466452	1.902205999	136.6886771
chr2	235466455	1.98924823	136.6886828
chr2	235468445	2.112692839	136.6926415
chr2	235523964	2.145478664	136.809936
chr2	235524811	2.060967321	136.8117533
chr2	235578970	2.03103717	136.9233732
chr2	235627431	2.010180213	137.0217993
chr2	235627570	1.996101066	137.0220787
chr2	235627610	1.806342365	137.0221585
chr2	235627629	1.786624146	137.0221929
chr2	235627766	1.707422445	137.0224376
chr2	235627834	2.329821989	137.0225537
chr2	235627920	2.309027444	137.0227541
chr2	235628099	2.289362868	137.0231674
chr2	235628100	2.224917552	137.0231697
chr2	235628104	2.203959489	137.0231786
chr2	235660199	3.289680601	137.0939147
chr2	235660983	2.777128239	137.0964938
chr2	235661032	6.12629926	137.0966299
chr2	235661564	6.083367531	137.0998891
chr2	235661753	42.80920762	137.1010388
chr2	235661783	40.68322573	137.1023231
chr2	235661814	40.66583177	137.1035843
chr2	235661891	40.3069405	137.1067155
chr2	235662031	32.85032929	137.1123585
chr2	235662034	32.85584732	137.1124571
chr2	235662051	32.83848464	137.1130156
chr2	235662179	32.96055288	137.1172189
chr2	235662241	40.24510407	137.1192625
chr2	235662327	0.8334225594	137.1227236
chr2	235662400	1.481301481	137.1227844
chr2	235662424	1.533160557	137.12282
chr2	235662434	1.653123355	137.1228353
chr2	235754370	1.579290853	137.2748169
chr2	235754372	1.394576991	137.27482
chr2	235754394	1.220540715	137.2748507
chr2	235754526	2.621827169	137.2750118
chr2	235754580	2.831572701	137.2751534
chr2	235756908	2.759940595	137.2817453
chr2	235756951	1.365787853	137.281864
chr2	235758101	1.377949142	137.2834346
chr2	235759197	1.326346847	137.2849448
chr2	235759270	4.808026817	137.2850417
chr2	235759289	4.814830945	137.285133
chr2	235760246	1.79562541	137.2897408
chr2	235760622	2.181287432	137.290416
chr2	235760639	1.772782168	137.2904531
chr2	235768896	1.379935966	137.3050909
chr2	235769002	1.385821542	137.3052372
chr2	235790996	1.353291176	137.3357169
chr2	235791020	1.313685374	137.3357494
chr2	235791023	1.201908802	137.3357534
chr2	235791048	1.191465389	137.3357834
chr2	235791219	1.214083632	137.3359872
chr2	235792159	0.9426945997	137.3371284
chr2	235818657	0.9734654706	137.3621079
chr2	235818681	0.9889932726	137.3621313
chr2	235818738	0.936835442	137.3621877
chr2	235818774	0.6864670183	137.3622214
chr2	235818775	0.7431525326	137.3622221
chr2	235818837	0.7221984569	137.3622681
chr2	235820199	0.7441818099	137.3632518
chr2	235820490	0.8488926781	137.3634683
chr2	235929090	0.8181218065	137.4556581
chr2	235929182	0.795520656	137.4557333
chr2	235941457	0.7607321944	137.4654984
chr2	235941600	3.760474556	137.4656071
chr2	235941602	3.741698342	137.4656147
chr2	235941809	3.717381636	137.4663892
chr2	235941818	3.696587561	137.4664227
chr2	235941869	3.691732175	137.4666112
chr2	235942702	3.746658588	137.4696864
chr2	235942747	0.8680828989	137.469855
chr2	235943218	0.878237907	137.4702639
chr2	235943297	1.031481348	137.4703332
chr2	235943385	1.013032157	137.470424
chr2	235943739	1.110210459	137.4707826
chr2	235943826	1.121034254	137.4708792
chr2	235944038	1.146299472	137.4711169
chr2	235944045	1.160734494	137.4711249
chr2	235944179	1.218065183	137.4712804
chr2	235944357	1.228906832	137.4714973
chr2	235966663	1.238268121	137.4989092
chr2	235996482	1.250344785	137.5358332
chr2	236033175	1.261192286	137.5817121
chr2	236033178	1.279130822	137.5817158
chr2	236033249	1.315964836	137.5818067
chr2	236033258	1.33110008	137.5818185
chr2	236036668	1.325249887	137.5863576
chr2	236037522	1.404997143	137.5874893
chr2	236037526	1.369572754	137.5874949
chr2	236039039	1.353953598	137.5895671
chr2	236039073	1.37775979	137.5896131
chr2	236039472	1.340163115	137.5901629
chr2	236062230	1.250212077	137.6206623
chr2	236179453	1.184512356	137.7672159
chr2	236181814	1.143880521	137.7700125
chr2	236256217	1.196580418	137.8551207
chr2	236257775	1.120565735	137.856985
chr2	236257789	0.8863848896	137.8570006
chr2	236257802	0.8457434032	137.8570122
chr2	236275171	0.8354905617	137.8717019
chr2	236275191	0.8462848087	137.8717186
chr2	236277080	0.8994518715	137.8733172
chr2	236277768	0.9700855844	137.8739361
chr2	236277843	0.958479788	137.8740088
chr2	236277855	0.8890390622	137.8740203
chr2	236277861	0.877813711	137.8740256
chr2	236277900	0.9093100895	137.8740599
chr2	236277915	0.9159771311	137.8740735
chr2	236289079	1.109341482	137.8842995
chr2	236328458	1.113060518	137.9279842
chr2	236329660	1.031101989	137.9293221
chr2	236329711	1.332273633	137.9293747
chr2	236332956	1.470380671	137.933698
chr2	236333032	2.000182073	137.9338097
chr2	236334281	2.010299499	137.9363079
chr2	236334328	2.800323764	137.9364024
chr2	236334346	2.817215676	137.9364528
chr2	236338096	2.811368393	137.9470174
chr2	236340994	2.465694138	137.9551647
chr2	236345347	2.451110908	137.9658979
chr2	236345541	2.440270178	137.9663734
chr2	236346313	2.121486691	137.9682573
chr2	236346366	0.9131593674	137.9683697
chr2	236346438	0.6120932777	137.9684355
chr2	236346449	0.6581400138	137.9684422
chr2	236346479	0.7230504163	137.968462
chr2	236346592	0.7291563658	137.9685437
chr2	236349555	0.6921260969	137.9707042
chr2	236349705	0.4783561446	137.970808
chr2	236349753	0.497279685	137.9708309
chr2	236360328	0.5172991369	137.9760897
chr2	236669008	0.5103242569	138.1357696
chr2	236670149	0.4940512138	138.1363518
chr2	236733185	0.5466774594	138.1674949
chr2	236735751	0.478405734	138.1688976
chr2	236735799	0.511152838	138.1689206
chr2	236735878	0.6173313457	138.168961
chr2	236737455	0.6089019442	138.1699345
chr2	236737462	0.6656155861	138.1699388
chr2	236737491	0.7276159119	138.1699581
chr2	236762860	1.605811205	138.188417
chr2	236762913	1.64266109	138.1885021
chr2	236766984	1.64981316	138.1951893
chr2	236767020	0.9145469786	138.1952487
chr2	236767491	1.734483956	138.1956795
chr2	236769307	1.777473018	138.1988293
chr2	236784606	1.713760877	138.2260229
chr2	236785384	1.562894261	138.2273562
chr2	236792809	1.579370712	138.2389607
chr2	236793265	1.315684851	138.2396809
chr2	236793268	1.308079206	138.2396848
chr2	236793482	1.315653711	138.2399647
chr2	236793730	1.212315623	138.240291
chr2	236896298	1.143176393	138.3646358
chr2	236899048	1.128330895	138.3677795
chr2	236899513	1.067040199	138.3683042
chr2	236899703	1.076908184	138.368507
chr2	236900768	0.9661261897	138.3696539
chr2	236902514	1.011312913	138.3713407
chr2	236902735	1.005204	138.3715642
chr2	236903971	1.092825151	138.3728067
chr2	236904009	1.101054917	138.3728482
chr2	236943404	1.206673333	138.4162242
chr2	236943504	1.451947489	138.4163449
chr2	236965376	1.458658599	138.4481019
chr2	236965420	1.70387073	138.4481661
chr2	236984383	1.672582869	138.4804766
chr2	236984384	1.685767973	138.4804783
chr2	236985098	1.725433196	138.4816819
chr2	236985127	2.056431552	138.4817319
chr2	236985136	2.618581272	138.4817504
chr2	236985381	2.640661681	138.482392
chr2	236986265	2.775273422	138.4847263
chr2	236986768	2.801861651	138.4861223
chr2	236997802	1.423928678	138.517038
chr2	236999050	1.448579157	138.5188151
chr2	237242108	0.917384141	138.8709039
chr2	237242138	0.8869481254	138.8709314
chr2	237242168	0.7966443006	138.870958
chr2	237242586	0.7033960685	138.871291
chr2	237242590	0.6630325515	138.8712938
chr2	237242591	0.6667185705	138.8712945
chr2	237242633	0.8410382059	138.8713225
chr2	237242661	0.8267354528	138.871346
chr2	237242737	1.828539595	138.8714088
chr2	237242861	2.055078573	138.8716356
chr2	237242867	2.427545873	138.8716479
chr2	237242879	2.403653681	138.871677
chr2	237243009	2.952466248	138.8719895
chr2	237243028	14.48578024	138.8720456
chr2	237244061	14.46371885	138.8870094
chr2	237246129	2.5930527	138.9169204
chr2	237246150	2.736839762	138.9169749
chr2	237248936	2.123240931	138.9245997
chr2	237248993	2.339902475	138.9247207
chr2	237249080	2.217796822	138.9249243
chr2	237249570	2.959906484	138.926011
chr2	237249879	3.209287364	138.9269256
chr2	237255977	3.196125285	138.9464958
chr2	237256521	3.186486599	138.9482345
chr2	237256528	3.697181882	138.9482568
chr2	237256529	3.638094248	138.9482605
chr2	237256554	3.393993993	138.9483515
chr2	237256573	3.237273091	138.948416
chr2	237256576	3.233539303	138.9484257
chr2	237256577	3.223902135	138.9484289
chr2	237260187	3.405506681	138.9600672
chr2	237260230	3.393154105	138.9602137
chr2	237261122	3.462625415	138.9632403
chr2	237262280	7.248172298	138.9672501
chr2	237262292	7.383625546	138.967337
chr2	237262495	7.272857102	138.9688359
chr2	237262937	9.041780244	138.9720505
chr2	237263135	9.03114886	138.9738408
chr2	237263353	8.793068593	138.9758096
chr2	237263460	12.34171357	138.9767504
chr2	237263509	9.576766739	138.9773552
chr2	237263794	25.57456851	138.9800846
chr2	237263903	63.46748928	138.9828722
chr2	237264169	63.5319135	138.9997545
chr2	237264415	43.63905717	139.0153834
chr2	237264446	7.11632789	139.0167362
chr2	237264475	18.9488057	139.0169426
chr2	237264509	19.38897495	139.0175868
chr2	237264517	20.13161026	139.017742
chr2	237264677	3.210814914	139.020963
chr2	237264900	3.516898276	139.021679
chr2	237264959	3.636310709	139.0218865
chr2	237264960	3.754325562	139.0218902
chr2	237264989	4.066812144	139.021999
chr2	237292468	3.846906628	139.133751
chr2	237292483	6.325976942	139.1338087
chr2	237292501	6.604351616	139.1339225
chr2	237293176	6.783820416	139.1383805
chr2	237293416	6.332350314	139.1400086
chr2	237293754	3.594869348	139.1421489
chr2	237293809	3.622983245	139.1423466
chr2	237293829	4.025059521	139.1424191
chr2	237293874	4.453092604	139.1426002
chr2	237308634	4.04427277	139.2083279
chr2	237308768	3.801012353	139.2088698
chr2	237309979	3.664519757	139.2134728
chr2	237310036	3.491487723	139.2136817
chr2	237310182	3.522528411	139.2141915
chr2	237316915	22.67274449	139.2379086
chr2	237316989	28.22448034	139.2395864
chr2	237317084	28.07807277	139.2422678
chr2	237317087	8.321563177	139.242352
chr2	237317138	8.013010245	139.2427764
chr2	237317146	7.967706817	139.2428405
chr2	237317247	19.64509393	139.2436452
chr2	237317259	19.50052386	139.243881
chr2	237317266	19.54366577	139.2440175
chr2	237317283	19.34232785	139.2443497
chr2	237317380	19.31966806	139.2462259
chr2	237317406	19.33272094	139.2467282
chr2	237317433	19.14191346	139.2472502
chr2	237317469	19.0382377	139.2479393
chr2	237317483	19.08653663	139.2482059
chr2	237317538	12.06605031	139.2492556
chr2	237317550	12.29277525	139.2494004
chr2	237317580	8.125439806	139.2497692
chr2	237317625	8.152345625	139.2501348
chr2	237317648	8.321245783	139.2503223
chr2	237317733	8.536824466	139.2510297
chr2	237317754	8.56617566	139.2512089
chr2	237317768	8.579262262	139.2513289
chr2	237317834	8.727040552	139.2518951
chr2	237317841	8.755978034	139.2519562
chr2	237317972	8.770306358	139.2531032
chr2	237319551	6.737718456	139.2669515
chr2	237319556	6.798529654	139.2669852
chr2	237319557	6.884862592	139.266992
chr2	237319575	6.915797385	139.2671159
chr2	237319650	6.994075221	139.2676346
chr2	237319655	7.085854807	139.2676696
chr2	237319667	7.200508622	139.2677546
chr2	237319774	7.28918824	139.2685251
chr2	237319861	4.367570812	139.2691592
chr2	237319877	3.028141073	139.2692291
chr2	237322202	3.142136521	139.2762695
chr2	237368326	3.165863794	139.4211975
chr2	237368362	3.219940582	139.4213114
chr2	237369343	3.245791625	139.4244702
chr2	237370099	3.294403664	139.426924
chr2	237370169	3.346192359	139.4271546
chr2	237370988	3.446951208	139.4298951
chr2	237429570	3.416767433	139.6318244
chr2	237429663	3.170222996	139.6321422
chr2	237429675	3.154911061	139.6321802
chr2	237429699	3.161913971	139.632256
chr2	237429702	3.245236061	139.6322654
chr2	237455315	3.188641969	139.7153857
chr2	237455356	3.171560493	139.7155164
chr2	237455370	3.207736104	139.7155608
chr2	237455381	3.248350917	139.7155961
chr2	237455435	2.96029495	139.7157715
chr2	237455437	2.935750579	139.7157774
chr2	237458195	2.887451646	139.7238742
chr2	237458204	2.806785343	139.7239002
chr2	237458248	2.854026762	139.7240237
chr2	237500319	2.835228005	139.8440955
chr2	237500429	2.813916849	139.8444073
chr2	237500436	2.936959861	139.844427
chr2	237500473	2.825453215	139.8445357
chr2	237500707	2.829131464	139.8451969
chr2	237500793	2.803280421	139.8454402
chr2	237500806	2.989339956	139.8454766
chr2	237510906	2.827094224	139.875669
chr2	237513761	2.73325828	139.8837403
chr2	237548983	2.718440553	139.9800111
chr2	237549188	2.703778001	139.9805684
chr2	237549260	2.708727662	139.9807631
chr2	237549303	2.447843656	139.9808796
chr2	237549304	2.315016062	139.980882
chr2	237550087	2.423288905	139.9826947
chr2	237550300	2.380850483	139.9832108
chr2	237554777	2.304585284	139.9938699
chr2	237554933	2.325357647	139.9942294
chr2	237555133	3.536436077	139.9946945
chr2	237556199	3.507936246	139.9984643
chr2	237556219	3.447019485	139.9985345
chr2	237556231	3.605218725	139.9985758
chr2	237556268	3.602409871	139.9987092
chr2	237556290	3.559928403	139.9987885
chr2	237556307	3.498702124	139.998849
chr2	237556321	3.496794501	139.998898
chr2	237577393	3.035617749	140.0725824
chr2	237577432	2.131634015	140.0727008
chr2	237577711	1.789529503	140.0732956
chr2	237577741	1.992678821	140.0733492
chr2	237577903	2.156738634	140.0736721
chr2	237577915	2.332555354	140.0736979
chr2	237578041	2.351053163	140.0739918
chr2	237598410	2.354456885	140.1218804
chr2	237600063	2.344360212	140.1257724
chr2	237600129	2.079420284	140.1259271
chr2	237600131	1.953514624	140.1259312
chr2	237600157	1.932144189	140.125982
chr2	237600224	1.639799223	140.1261115
chr2	237600271	1.640727241	140.1261886
chr2	237600294	1.695832142	140.1262263
chr2	237600336	1.543257807	140.1262975
chr2	237601217	1.615962915	140.1276571
chr2	237601253	1.626794541	140.1277153
chr2	237601303	1.505506536	140.1277966
chr2	237601326	1.571958549	140.1278313
chr2	237704877	1.568044691	140.2906092
chr2	237751686	1.528988575	140.3640078
chr2	237829386	1.447410202	140.4828102
chr2	237862621	1.439064827	140.5309148
chr2	237863192	1.427160438	140.5317366
chr2	237863211	1.544942985	140.5317637
chr2	237863248	1.52682345	140.5318208
chr2	237863472	1.513918299	140.5321628
chr2	237882110	1.571372474	140.5603792
chr2	237882121	1.489934425	140.5603965
chr2	237882150	2.005674991	140.5604397
chr2	237882161	2.004521761	140.5604618
chr2	237882163	1.949288082	140.5604658
chr2	237882544	1.871520425	140.5612085
chr2	237882551	1.995551059	140.5612216
chr2	237883175	2.120544154	140.5624668
chr2	237913429	2.139607648	140.6266218
chr2	237913606	4.620715004	140.6270005
chr2	237913678	4.500794186	140.6273332
chr2	237913798	4.550556633	140.6278733
chr2	237914619	4.518524378	140.6316093
chr2	237914896	4.112255291	140.6328609
chr2	237914924	1.619472514	140.632976
chr2	237914943	1.612469604	140.6330068
chr2	237914975	1.466996615	140.6330584
chr2	237935203	1.538590302	140.6627328
chr2	237935391	1.750990949	140.6630221
chr2	237935896	1.677397178	140.6639063
chr2	237940493	1.584076415	140.6716173
chr2	238015559	1.606713342	140.7905276
chr2	238015592	1.874212015	140.7905806
chr2	238090512	1.888726017	140.9309966
chr2	238100406	1.909192988	140.9496836
chr2	238100524	1.843415074	140.9499089
chr2	238100558	1.825109593	140.9499716
chr2	238164350	1.817065073	141.066399
chr2	238164388	1.771390194	141.066468
chr2	238164435	1.720491656	141.0665513
chr2	238164488	1.730701672	141.0666425
chr2	238164522	1.715533458	141.0667013
chr2	238165673	1.363565222	141.0686759
chr2	238221655	6.932659375	141.145011
chr2	238221658	7.579966522	141.1450318
chr2	238222354	2.707509873	141.1503075
chr2	238222388	2.663585704	141.1503995
chr2	238229450	2.682508616	141.1692098
chr2	238229464	1.397258854	141.1692473
chr2	238229520	1.386457319	141.1693256
chr2	238229555	1.332214985	141.1693741
chr2	238229601	1.328479655	141.1694354
chr2	238232556	1.30935286	141.173361
chr2	238235796	1.293072358	141.1776033
chr2	238235825	1.502601873	141.1776408
chr2	238235884	1.319891727	141.1777295
chr2	238235895	1.306479154	141.177744
chr2	238264871	1.352540988	141.2156005
chr2	238324639	1.367775005	141.2964392
chr2	238324730	1.152521167	141.2965637
chr2	238324794	1.268365731	141.2966374
chr2	238324832	1.032760422	141.2966856
chr2	238326013	1.10174858	141.2979053
chr2	238326014	1.142485112	141.2979064
chr2	238331445	1.143691431	141.3041113
chr2	238337419	1.114337577	141.3109437
chr2	238338609	1.175031861	141.3122697
chr2	238338644	1.239528085	141.3123109
chr2	238398467	1.471341918	141.3864632
chr2	238398503	1.442341642	141.3865161
chr2	238398521	1.396251069	141.3865421
chr2	238398612	1.762986432	141.3866691
chr2	238398673	1.938777691	141.3867767
chr2	238398676	1.973703273	141.3867825
chr2	238398765	1.996963395	141.3869582
chr2	238398802	2.388725624	141.3870321
chr2	238404543	2.445401048	141.4007457
chr2	238404610	2.482663992	141.4009096
chr2	238405192	1.97736739	141.4023545
chr2	238407888	1.621767133	141.4076855
chr2	238409027	1.486505565	141.4095327
chr2	238409155	1.17111849	141.4097229
chr2	238409340	1.247565105	141.4099396
chr2	238409431	1.22506215	141.4100531
chr2	238418815	1.0139681	141.4215491
chr2	238418894	1.058151741	141.4216292
chr2	238418928	1.102312414	141.4216652
chr2	238420353	1.163386694	141.423236
chr2	238420446	1.426680968	141.4233442
chr2	238420496	1.556398769	141.4234155
chr2	238420506	1.620610624	141.4234311
chr2	238420527	1.679470603	141.4234651
chr2	238495742	1.714546878	141.5497865
chr2	238495745	1.817821352	141.5497916
chr2	238495785	1.851315542	141.5498643
chr2	238495803	2.319503412	141.5498977
chr2	238495820	2.355054918	141.5499371
chr2	238495833	2.427756201	141.5499677
chr2	238495843	2.580772106	141.549992
chr2	238495877	2.930604511	141.5500797
chr2	238495898	3.100507513	141.5501413
chr2	238495972	3.495718794	141.5503707
chr2	238496256	3.524078628	141.5513635
chr2	238569649	3.857028782	141.8100062
chr2	238569660	4.023595108	141.8100486
chr2	238569719	4.393838711	141.810286
chr2	238569745	4.333072832	141.8104003
chr2	238569981	4.765558766	141.8114229
chr2	238579074	4.58259741	141.8547561
chr2	238579175	4.751800641	141.8552189
chr2	238579210	4.901830309	141.8553852
chr2	238579231	5.222606522	141.8554882
chr2	238579296	5.434843851	141.8558276
chr2	238579352	5.601386099	141.856132
chr2	238579411	5.68295322	141.8564625
chr2	238579456	5.850235957	141.8567182
chr2	238589771	5.738217277	141.9170634
chr2	238589981	5.535003795	141.9182684
chr2	238590056	6.435871205	141.9186836
chr2	238590061	6.30732042	141.9187157
chr2	238590097	6.28957428	141.9189428
chr2	238590142	6.253153615	141.9192258
chr2	238591323	6.146362412	141.9266108
chr2	238591403	6.075230363	141.9271025
chr2	238592620	45.53854911	141.9344961
chr2	238592722	46.32024502	141.939141
chr2	238592791	26.353503	141.9423371
chr2	238592815	8.927248375	141.9429696
chr2	238592822	8.908746852	141.9430321
chr2	238592961	12.86850041	141.9442704
chr2	238592979	12.79855719	141.944502
chr2	238593030	12.93766476	141.9451547
chr2	238593036	13.74616337	141.9452324
chr2	238595689	13.72792812	141.9817009
chr2	238595701	15.43923632	141.9818657
chr2	238595778	16.08959943	141.9830545
chr2	238595797	20.59471715	141.9833602
chr2	238595820	35.18111747	141.9838339
chr2	238596682	27.29684914	142.01416
chr2	238596694	27.69290038	142.0144876
chr2	238596708	29.9451151	142.0148753
chr2	238596728	50.84636502	142.0154742
chr2	238596764	50.7935217	142.0173046
chr2	238597147	88.27557524	142.0367586
chr2	238597174	77.19339398	142.039142
chr2	238597215	71.94870842	142.0423069
chr2	238597220	73.35499952	142.0426667
chr2	238597238	81.1445029	142.0439871
chr2	238597239	42.71206889	142.0440682
chr2	238597266	43.10457342	142.0452214
chr2	238597267	31.67958483	142.0452645
chr2	238598769	29.98242808	142.0928473
chr2	238598790	30.36278416	142.0934769
chr2	238598936	31.54334155	142.0979099
chr2	238599364	31.61452633	142.1114104
chr2	238600767	27.58540844	142.1557656
chr2	238600958	23.6915573	142.1610344
chr2	238600966	23.72794441	142.1612239
chr2	238600973	22.82917083	142.16139
chr2	238600975	22.34933844	142.1614357
chr2	238601019	21.51636528	142.1624191
chr2	238601020	22.63935423	142.1624406
chr2	238601024	21.74722515	142.1625311
chr2	238602263	22.34512835	142.189476
chr2	238602686	20.35919437	142.1989279
chr2	238602701	18.68951601	142.1992333
chr2	238602740	23.8530582	142.1999622
chr2	238603371	17.71819417	142.2150135
chr2	238605193	18.14359651	142.247296
chr2	238605244	16.23384778	142.2482214
chr2	238605274	13.7199687	142.2487084
chr2	238605320	12.39001763	142.2493395
chr2	238605397	15.73146932	142.2502935
chr2	238605649	15.07960622	142.2542579
chr2	238612360	15.06487376	142.3554571
chr2	238612366	13.76026906	142.3555475
chr2	238612382	15.17830132	142.3557677
chr2	238612487	16.76981787	142.3573614
chr2	238612546	17.72986548	142.3583508
chr2	238612554	17.57824493	142.3584926
chr2	238613634	17.62065728	142.3774771
chr2	238613637	17.66277629	142.37753
chr2	238613792	14.89461156	142.3802677
chr2	238615355	12.39303189	142.403548
chr2	238615358	8.833442096	142.4035852
chr2	238615422	8.819122215	142.4041505
chr2	238615460	8.862513175	142.4044857
chr2	238615480	9.065269062	142.4046629
chr2	238615484	9.007917349	142.4046992
chr2	238615488	8.96674423	142.4047352
chr2	238615512	8.35090772	142.4049504
chr2	238615516	8.416040759	142.4049838
chr2	238617456	7.746328563	142.4213109
chr2	238617458	7.607221002	142.4213264
chr2	238617481	7.028302845	142.4215014
chr2	238618628	7.341505203	142.4295628
chr2	238618667	7.386748918	142.4298492
chr2	238618754	5.429317026	142.4304918
chr2	238618787	5.462677058	142.430671
chr2	238623862	5.30534942	142.4583941
chr2	238623881	5.295778371	142.4584949
chr2	238625410	5.183405197	142.4665921
chr2	238626591	4.932822519	142.4727137
chr2	238635213	5.220436492	142.5152445
chr2	238635280	5.150521677	142.5155943
chr2	238636564	5.074383993	142.5222076
chr2	238636764	5.0475391	142.5232224
chr2	238636789	4.871110341	142.5233486
chr2	238636827	4.832917394	142.5235337
chr2	238693706	4.983903074	142.7984252
chr2	238693753	4.945443663	142.7986595
chr2	238693755	4.774530843	142.7986694
chr2	238693774	4.525770346	142.7987601
chr2	238693792	4.466183482	142.7988415
chr2	238694316	4.456862241	142.8011818
chr2	238694323	4.459048779	142.801213
chr2	238694354	4.479485661	142.8013513
chr2	238694358	4.420458758	142.8013692
chr2	238694366	4.626220313	142.8014045
chr2	238694430	5.06922218	142.8017006
chr2	238694660	5.052125755	142.8028665
chr2	238695097	7.399738157	142.8050743
chr2	238695139	8.614764795	142.8053851
chr2	238695143	8.369600539	142.8054196
chr2	238695211	8.463261673	142.8059887
chr2	238695220	8.682452776	142.8060649
chr2	238695359	8.773599164	142.8072717
chr2	238695604	10.83438907	142.8094213
chr2	238710723	10.55375591	142.9732264
chr2	238713376	10.49998858	143.0012255
chr2	238713382	11.07942828	143.0012885
chr2	238713385	9.097226862	143.0013217
chr2	238713411	8.906396309	143.0015583
chr2	238713487	8.741471953	143.0022351
chr2	238713520	8.556600637	143.0025236
chr2	238713880	12.06898527	143.005604
chr2	238717361	8.611798071	143.0476161
chr2	238717370	7.015748962	143.0476936
chr2	238717442	6.65395246	143.0481988
chr2	238717451	6.612631906	143.0482587
chr2	238717538	5.731684071	143.048834
chr2	238717562	4.65752073	143.0489715
chr2	238717616	7.419770213	143.049223
chr2	238717617	6.738741892	143.0492304
chr2	238717699	6.967679414	143.049783
chr2	238719665	5.785436365	143.0634815
chr2	238720649	5.654994271	143.0691743
chr2	238721729	5.669499475	143.0752817
chr2	238721782	5.985309852	143.0755822
chr2	238721844	6.341130334	143.0759533
chr2	238721852	6.220398446	143.076004
chr2	238731492	5.555822258	143.1359687
chr2	238731530	5.148283023	143.1361798
chr2	238731720	5.187491945	143.137158
chr2	238732461	5.053102936	143.1410019
chr2	238732542	3.044045512	143.1414112
chr2	238732641	4.191184772	143.1417126
chr2	238732965	4.681560054	143.1430705
chr2	238733619	4.961960181	143.1461323
chr2	238746853	4.898844226	143.2117988
chr2	238746894	5.348619956	143.2119997
chr2	238746910	5.443599207	143.2120853
chr2	238746911	5.608855633	143.2120907
chr2	238752867	5.634944644	143.2454971
chr2	238752887	6.137997145	143.2456098
chr2	238757185	6.124991831	143.2719909
chr2	238758833	5.882506217	143.2820849
chr2	238759207	5.626681505	143.2842849
chr2	238759278	5.593389761	143.2846844
chr2	238759288	5.34720512	143.2847403
chr2	238759295	4.769182714	143.2847778
chr2	238759629	4.684153197	143.2863707
chr2	238759642	4.072602474	143.2864316
chr2	238810086	4.478154407	143.4918699
chr2	238810248	4.424517389	143.4925954
chr2	238810358	4.094534966	143.4930821
chr2	238810381	3.74248654	143.4931763
chr2	238810470	3.698825185	143.4935093
chr2	238810817	3.506066688	143.4947928
chr2	238810830	3.218859259	143.4948384
chr2	238810847	3.527182749	143.4948931
chr2	238810918	3.461365983	143.4951436
chr2	238818387	3.346726288	143.5209965
chr2	238818465	2.546504163	143.5212576
chr2	238818486	2.286860235	143.521311
chr2	238819557	2.363880051	143.5237603
chr2	238819567	2.389843086	143.5237839
chr2	238819609	1.959809689	143.5238843
chr2	238819625	1.985880285	143.5239156
chr2	238828536	1.937760565	143.5416118
chr2	238828560	1.917444925	143.5416583
chr2	238829293	1.990208195	143.5430638
chr2	238830801	2.01736339	143.546065
chr2	238830898	1.976261059	143.5462607
chr2	238832372	1.693504968	143.5491737
chr2	238832453	1.817217604	143.5493109
chr2	238832456	2.012382737	143.5493163
chr2	238832466	2.135803933	143.5493365
chr2	238832525	2.200069424	143.5494625
chr2	238883118	2.200244854	143.6607706
chr2	238883126	2.156942088	143.6607882
chr2	238883129	2.207783211	143.6607947
chr2	238883131	2.254456196	143.6607991
chr2	238883137	2.168995925	143.6608126
chr2	238883157	2.269059223	143.660856
chr2	238883159	2.202039133	143.6608605
chr2	238883408	2.29575322	143.6614088
chr2	238884198	2.230066224	143.6632225
chr2	238884387	2.246605305	143.663644
chr2	238884409	2.39745365	143.6636934
chr2	238885469	2.361572159	143.6662347
chr2	238949953	2.332671914	143.8185183
chr2	238949967	2.159338578	143.818551
chr2	238949968	2.247597913	143.8185531
chr2	238949975	2.18976693	143.8185689
chr2	238950014	2.16123911	143.8186543
chr2	238950124	2.060803612	143.818892
chr2	238950182	1.919019118	143.8190115
chr2	238950450	1.798027733	143.8195258
chr2	238950465	1.743126091	143.8195528
chr2	238950469	1.767426493	143.8195598
chr2	238954787	1.815188049	143.8271915
chr2	238955929	1.750732868	143.8292645
chr2	238955932	1.776127983	143.8292697
chr2	238955938	1.805421495	143.8292804
chr2	238955998	1.688108874	143.8293887
chr2	238956010	1.711345874	143.8294089
chr2	238956014	1.73661014	143.8294158
chr2	238956423	2.264867853	143.8301261
chr2	238956430	1.654052065	143.8301419
chr2	238956637	1.704959575	143.8304843
chr2	239089586	1.653922581	144.057157
chr2	239089651	1.629595213	144.0572645
chr2	239089724	1.578568726	144.0573834
chr2	239089736	1.520164195	144.0574024
chr2	239089742	1.288851232	144.0574115
chr2	239089755	1.246920204	144.0574283
chr2	239089847	0.939342321	144.057543
chr2	239090120	0.9017580131	144.0577994
chr2	239090307	0.7638517781	144.0579681
chr2	239090482	0.7506785762	144.0581017
chr2	239090517	0.6864672126	144.058128
chr2	239090523	1.21761524	144.0581321
chr2	239090556	1.386259226	144.0581723
chr2	239090861	2.307957473	144.0585951
chr2	239090865	2.437302354	144.0586043
chr2	239090894	2.412032075	144.058675
chr2	239090897	4.00619593	144.0586823
chr2	239090901	4.682971214	144.0586983
chr2	239105625	11.06233504	144.1276504
chr2	239105633	26.21536526	144.1277388
chr2	239105658	26.24651838	144.1283942
chr2	239105995	26.06416914	144.1372393
chr2	239106008	25.64618966	144.1375781
chr2	239106014	20.23473156	144.137732
chr2	239106107	25.86566755	144.1396139
chr2	239106110	26.01011591	144.1396914
chr2	239106122	29.41936441	144.1400036
chr2	239106155	23.0505175	144.1409744
chr2	239106178	23.10255289	144.1415046
chr2	239106326	23.17438487	144.1449237
chr2	239106463	29.42092834	144.1480986
chr2	239107007	11.71503743	144.1641036
chr2	239107986	11.75880507	144.1755726
chr2	239108000	11.8261824	144.1757373
chr2	239108008	11.97798949	144.1758319
chr2	239108387	12.18101151	144.1803715
chr2	239108440	4.954296985	144.1810171
chr2	239108464	4.994067587	144.181136
chr2	239139415	4.93432841	144.3357074
chr2	239185536	4.764443571	144.5632836
chr2	239185594	4.598010038	144.5635599
chr2	239185623	5.444281195	144.5636933
chr2	239185626	5.122398195	144.5637096
chr2	239185669	5.282023575	144.5639299
chr2	239185737	5.203634688	144.564289
chr2	239185751	5.195666542	144.5643619
chr2	239193836	5.162607366	144.6063688
chr2	239193857	5.447701776	144.6064773
chr2	239193888	5.370489185	144.6066461
chr2	239193907	6.358863886	144.6067482
chr2	239193930	6.85748044	144.6068944
chr2	239193994	7.068069225	144.6073333
chr2	239194554	7.029618518	144.6112914
chr2	239194764	7.365240969	144.6127677
chr2	239195087	7.359349935	144.6151466
chr2	239195162	7.618644421	144.6156986
chr2	239200939	7.572788769	144.6597115
chr2	239201775	7.536931522	144.6660423
chr2	239202362	7.299847643	144.6704665
chr2	239202420	8.007999241	144.6708899
chr2	239202423	7.092986615	144.6709139
chr2	239202522	7.057740798	144.6716161
chr2	239202628	6.822698708	144.6723643
chr2	239202629	6.721854588	144.6723711
chr2	239204112	6.538063163	144.6823396
chr2	239204665	6.527517854	144.6859551
chr2	239204668	7.313045971	144.6859747
chr2	239204700	8.535664961	144.6862087
chr2	239204701	8.604419629	144.6862173
chr2	239204721	9.37767076	144.6863894
chr2	239204724	10.04986736	144.6864175
chr2	239214574	9.55359244	144.7854087
chr2	239214579	9.307290116	144.7854565
chr2	239214639	9.057701618	144.7860149
chr2	239214642	8.376306058	144.7860421
chr2	239214681	8.880852406	144.7863687
chr2	239214722	8.717990212	144.7867329
chr2	239214736	14.42659609	144.7868549
chr2	239215902	14.45582295	144.8036763
chr2	239216120	34.29876172	144.8068277
chr2	239216262	34.00367431	144.8116981
chr2	239216346	32.54521716	144.8145544
chr2	239216375	32.25363318	144.8154982
chr2	239216386	32.24343658	144.815853
chr2	239216388	31.92242781	144.8159175
chr2	239216429	31.76264413	144.8172263
chr2	239216435	10.22525317	144.8174169
chr2	239216453	7.582562831	144.817601
chr2	239216497	7.611964688	144.8179346
chr2	239216520	2.673192154	144.8181097
chr2	239217078	2.7304591	144.8196013
chr2	239221227	3.746560107	144.83093
chr2	239221241	3.872290177	144.8309824
chr2	239221383	3.902990691	144.8315323
chr2	239221416	3.415194135	144.8316611
chr2	239240827	3.535112473	144.8979534
chr2	239240858	2.85144295	144.898063
chr2	239241150	2.732757949	144.8988956
chr2	239241286	2.410504004	144.8992673
chr2	239331755	2.232542121	145.1173432
chr2	239332072	2.143457384	145.1180509
chr2	239332169	1.714383511	145.1182588
chr2	239332972	1.758855378	145.1196355
chr2	239333526	1.548339457	145.1206099
chr2	239333533	1.31683637	145.1206207
chr2	239335837	1.329193348	145.1236547
chr2	239336293	1.476881431	145.1242608
chr2	239336874	1.332175772	145.1251189
chr2	239337108	1.350778263	145.1254306
chr2	239337110	1.370911785	145.1254333
chr2	239337113	1.300327911	145.1254374
chr2	239337132	5.627923961	145.1254621
chr2	239337186	6.212652314	145.125766
chr2	239337354	6.759377417	145.1268098
chr2	239337821	6.771824149	145.1299664
chr2	239337897	2.633476498	145.1304811
chr2	239337898	2.598710755	145.1304837
chr2	239337922	2.673495209	145.1305461
chr2	239337978	3.05539048	145.1306958
chr2	239340043	3.076883677	145.1370052
chr2	239343042	2.615913807	145.1462327
chr2	239477417	2.635780856	145.4977461
chr2	239610379	2.481066449	145.8482048
chr2	239610404	2.363723153	145.8482669
chr2	239610420	2.351014106	145.8483047
chr2	239610833	2.292877127	145.8492757
chr2	239610834	2.33011292	145.8492779
chr2	239610837	2.326371834	145.8492849
chr2	239610908	2.497040002	145.8494501
chr2	239610991	2.501558167	145.8496574
chr2	239611000	2.532980829	145.8496799
chr2	239611028	2.508122805	145.8497508
chr2	239611050	2.594051331	145.849806
chr2	239611062	2.578728375	145.8498371
chr2	239611080	2.523736626	145.8498835
chr2	239611086	2.614066652	145.8498987
chr2	239647201	2.410552639	145.9443057
chr2	239647213	2.388580808	145.9443346
chr2	239647267	3.103274273	145.9444636
chr2	239648460	3.148210327	145.9481658
chr2	239648500	3.261042253	145.9482917
chr2	239648528	3.220558663	145.948383
chr2	239648531	3.230542858	145.9483927
chr2	239650044	3.283252482	145.9532805
chr2	239650045	3.358157841	145.9532838
chr2	239650050	3.347290674	145.9533006
chr2	239651644	3.663349311	145.9586362
chr2	239651656	2.803501116	145.9586801
chr2	239651704	2.939866665	145.9588147
chr2	239652109	2.953950209	145.9600053
chr2	239703367	2.951250335	146.1114189
chr2	239703445	3.045108625	146.1116491
chr2	239703467	4.062842265	146.1117161
chr2	239703487	4.874590554	146.1117974
chr2	239703499	4.887391384	146.1118559
chr2	239703500	4.812495944	146.1118608
chr2	239707719	4.845448365	146.1321647
chr2	239798269	4.786914906	146.57092
chr2	239798284	4.705690489	146.5709918
chr2	239798397	4.959149104	146.5715236
chr2	239798475	4.870679306	146.5719104
chr2	239798530	6.598089687	146.5721783
chr2	239799721	7.145370288	146.5800366
chr2	239803038	9.676652449	146.6037378
chr2	239803047	10.41310839	146.6038249
chr2	239803214	16.52346158	146.6055639
chr2	239804964	14.58167892	146.6344799
chr2	239805673	15.24558948	146.6448183
chr2	239806229	16.16882067	146.6532949
chr2	239810841	81.08470527	146.7278655
chr2	239810848	101.8811206	146.7284331
chr2	239810851	101.8597766	146.7287387
chr2	239810874	108.3565717	146.7310815
chr2	239810910	64.25335759	146.7349823
chr2	239811255	123.6489869	146.7571497
chr2	239811264	139.8430568	146.7582626
chr2	239811294	142.7468439	146.7624579
chr2	239811333	135.3218725	146.768025
chr2	239811366	87.02023574	146.7724906
chr2	239811392	85.83533787	146.7747531
chr2	239811579	81.18411811	146.7908044
chr2	239811627	92.29353966	146.7947012
chr2	239811768	32.75581679	146.8077146
chr2	239811769	26.35859275	146.8077473
chr2	239811783	26.32722048	146.8081164
chr2	239811792	27.16687354	146.8083533
chr2	239811804	11.89807933	146.8086793
chr2	239811843	16.01554183	146.8091433
chr2	239812470	16.4684343	146.8191851
chr2	239812486	16.57070413	146.8194486
chr2	239812487	16.67241075	146.8194651
chr2	239812504	16.78917659	146.8197486
chr2	239812534	13.09354008	146.8202522
chr2	239812587	13.21027785	146.8209462
chr2	239812717	13.2981828	146.8226635
chr2	239812740	13.51665474	146.8229694
chr2	239812788	13.72729654	146.8236182
chr2	239814077	13.85089599	146.8413127
chr2	239814107	11.69061649	146.8417282
chr2	239840783	11.42826867	147.1535871
chr2	239841561	11.58941924	147.1624783
chr2	239841570	11.68802097	147.1625826
chr2	239841598	11.36438032	147.1629099
chr2	239841606	11.24761448	147.1630008
chr2	239841631	9.45223903	147.163282
chr2	239841640	9.224635534	147.163367
chr2	239841657	9.638286383	147.1635239
chr2	239841696	9.521548616	147.1638997
chr2	239841704	9.060860947	147.1639759
chr2	239841705	8.947066835	147.163985
chr2	239842182	8.719644417	147.1682527
chr2	239842211	8.609733376	147.1685056
chr2	239842283	8.498100009	147.1691255
chr2	239842292	8.521907824	147.169202
chr2	239842344	9.601361334	147.1696451
chr2	239842348	9.489965836	147.1696835
chr2	239845447	9.388843361	147.1990929
chr2	239845454	9.127104939	147.1991587
chr2	239845486	9.02609969	147.1994507
chr2	239845492	6.979386563	147.1995049
chr2	239845520	6.878707501	147.1997003
chr2	239845534	6.582182061	147.1997966
chr2	239845565	4.558984205	147.2000007
chr2	239845649	3.581244716	147.2003836
chr2	239845681	3.480821533	147.2004982
chr2	239845713	22.25154617	147.2006096
chr2	239845714	35.32659667	147.2006318
chr2	239845824	89.75669067	147.2045178
chr2	239845825	114.613245	147.2046075
chr2	239845828	125.646101	147.2049514
chr2	239845835	125.7178761	147.2058309
chr2	239845898	61.99014265	147.2137511
chr2	239845951	87.77065494	147.2170366
chr2	239845954	87.76604741	147.2172999
chr2	239845962	82.4950331	147.218002
chr2	239846136	52.18231938	147.2323562
chr2	239846201	52.26015469	147.235748
chr2	239846218	52.62234263	147.2366364
chr2	239846227	9.087884564	147.23711
chr2	239888285	12.30598192	147.6193283
chr2	239888413	12.14488015	147.6209035
chr2	239888830	12.06639439	147.6259679
chr2	239889526	16.01939531	147.6343661
chr2	239889532	15.86245641	147.6344622
chr2	239889541	15.38709289	147.634605
chr2	239889544	13.33325335	147.6346511
chr2	239889552	12.35158772	147.6347578
chr2	239889671	11.89654163	147.6362276
chr2	239890369	7.735241626	147.6445314
chr2	239890395	7.368297032	147.6447325
chr2	239890402	16.83381138	147.6447841
chr2	239890440	16.60880926	147.6454238
chr2	239890458	16.48875779	147.6457228
chr2	239890486	17.47002248	147.6461844
chr2	239890505	18.54180827	147.6465164
chr2	239890515	18.14461728	147.6467018
chr2	239890720	18.35541874	147.6504214
chr2	239890761	8.814471087	147.651174
chr2	239891572	7.780665291	147.6583225
chr2	239891588	7.706879757	147.658447
chr2	239891589	7.928515515	147.6584547
chr2	239891682	7.85375763	147.6591921
chr2	239893129	4.675530374	147.6705565
chr2	239893147	6.02170152	147.6706406
chr2	239893164	7.270435988	147.670743
chr2	239893179	7.997754775	147.6708521
chr2	239893392	8.33356853	147.6725556
chr2	239893949	8.119292572	147.6771974
chr2	239894089	9.898003745	147.6783341
chr2	239894096	9.899862391	147.6784034
chr2	239894098	9.931494757	147.6784232
chr2	239896079	8.602468447	147.6980975
chr2	239896714	9.019129083	147.70356
chr2	239906840	4.346865901	147.7948877
chr2	239906869	3.850211469	147.7950138
chr2	239906921	2.931325792	147.795214
chr2	239906981	2.58624796	147.7953899
chr2	239907137	2.659191895	147.7957933
chr2	239907515	2.575907856	147.7967985
chr2	239908542	2.115503361	147.799444
chr2	239911033	1.773680514	147.8047137
chr2	239911082	1.721358283	147.8048006
chr2	239911128	1.753406298	147.8048798
chr2	239911146	1.775895719	147.8049113
chr2	239911172	1.78740909	147.8049575
chr2	239911174	1.800539787	147.8049611
chr2	239949006	2.06621585	147.8730791
chr2	239949251	2.070998155	147.8735853
chr2	239949276	2.077017563	147.8736371
chr2	239951551	2.086866663	147.8783623
chr2	239953191	2.111414062	147.8817848
chr2	239953192	2.418519321	147.8817869
chr2	239953367	2.443223698	147.8822101
chr2	239953410	2.530839944	147.8823152
chr2	239953459	2.644170195	147.8824392
chr2	239955381	2.922146791	147.8875213
chr2	239955382	2.891129877	147.8875242
chr2	239955411	2.905982385	147.8876081
chr2	239955423	2.900484418	147.8876429
chr2	239955426	3.088656261	147.8876516
chr2	239955478	3.157794197	147.8878122
chr2	239955479	3.756483494	147.8878154
chr2	239955523	4.441744107	147.8879807
chr2	239959880	4.446732873	147.9073334
chr2	239959881	6.133981957	147.9073378
chr2	239959899	6.13897003	147.9074482
chr2	239960002	6.143947274	147.9080805
chr2	239960009	6.148939422	147.9081235
chr2	239961894	6.188951858	147.9197143
chr2	239961895	4.403105041	147.9197205
chr2	239961904	4.443235071	147.9197601
chr2	239961905	3.900250476	147.9197646
chr2	239961906	3.915113766	147.9197685
chr2	239961925	5.372283427	147.9198428
chr2	239962491	5.252221965	147.9228836
chr2	239962677	4.783349316	147.9238605
chr2	239962711	5.554597521	147.9240231
chr2	239962712	5.559650027	147.9240287
chr2	239964140	5.564669351	147.9319678
chr2	239964141	5.989222027	147.9319734
chr2	239964171	5.992702944	147.9321531
chr2	239964219	6.980815666	147.9324407
chr2	239964257	5.467918146	147.932706
chr2	239965006	5.734332857	147.9368015
chr2	239965017	5.739358688	147.9368646
chr2	239966616	6.043876982	147.9460418
chr2	239966693	6.130878868	147.9465072
chr2	239967113	6.449771476	147.9490821
chr2	239967117	5.67852326	147.9491079
chr2	239967623	6.764909239	147.9519813
chr2	239967640	7.491338713	147.9520963
chr2	239967657	7.827386924	147.9522236
chr2	239967658	7.175355677	147.9522314
chr2	239967668	8.690638464	147.9523032
chr2	239970944	9.188531454	147.9807737
chr2	239971568	9.365526776	147.9865074
chr2	239972145	8.310278823	147.9919113
chr2	239977761	8.115544473	148.0385818
chr2	239977768	8.120709111	148.0386386
chr2	239977769	6.071764474	148.0386467
chr2	239977775	5.853019118	148.0386832
chr2	239977777	4.042941183	148.0386949
chr2	239979246	4.340304542	148.044634
chr2	239979247	5.022637073	148.0446383
chr2	239979258	5.171396853	148.0446935
chr2	239979723	5.278884663	148.0470982
chr2	240002050	5.129863935	148.1649599
chr2	240002084	4.981065072	148.1651343
chr2	240002100	4.986386386	148.165214
chr2	240002101	4.383967463	148.165219
chr2	240002110	4.717340603	148.1652585
chr2	240004386	4.745266949	148.1759951
chr2	240005603	5.264817269	148.1817701
chr2	240005634	5.108435506	148.1819333
chr2	240005751	4.893222043	148.182531
chr2	240008034	4.697572962	148.1937022
chr2	240008037	4.585334896	148.1937163
chr2	240009160	3.892048928	148.1988657
chr2	240009163	3.765451813	148.1988773
chr2	240010807	3.498707116	148.2050677
chr2	240010808	3.586596311	148.2050712
chr2	240011292	2.989282257	148.2068072
chr2	240011337	2.94120635	148.2069417
chr2	240011429	2.970024245	148.2072123
chr2	240011527	2.999823424	148.2075033
chr2	240011672	3.059493995	148.2079383
chr2	240011681	3.087619468	148.2079658
chr2	240122509	4.988321972	148.5501605
chr2	240122583	4.957920816	148.5505297
chr2	240125561	13.97378982	148.5652943
chr2	240125575	13.94395637	148.56549
chr2	240125611	12.76067699	148.565992
chr2	240125655	12.73150733	148.5665534
chr2	240125828	12.70855621	148.568756
chr2	240125847	12.6788809	148.5689974
chr2	240125933	4.924938809	148.5700878
chr2	240126468	4.958916947	148.5727227
chr2	240126562	4.983282865	148.5731888
chr2	240126683	9.379637973	148.5737918
chr2	240126685	10.65664649	148.5738105
chr2	240126729	9.861797813	148.5742794
chr2	240126740	9.89521206	148.5743879
chr2	240126748	11.20318729	148.5744671
chr2	240128193	11.23148821	148.5906557
chr2	240128360	11.23283223	148.5925313
chr2	240128394	9.852044075	148.5929133
chr2	240128417	9.804734684	148.5931399
chr2	240128467	13.73355847	148.5936301
chr2	240128472	11.83410645	148.5936988
chr2	240129346	4.175064597	148.6040418
chr2	240129357	4.146400334	148.6040877
chr2	240129402	2.896632165	148.6042743
chr2	240129413	3.031138915	148.6043061
chr2	240132501	3.003013442	148.6136663
chr2	240226477	2.899355089	148.8958775
chr2	240232706	2.965159106	148.9139376
chr2	240232737	3.004131496	148.9140295
chr2	240241286	3.227294224	148.9397118
chr2	240247749	3.199367879	148.9605698
chr2	240247760	3.240877207	148.960605
chr2	240247776	3.282357146	148.9606569
chr2	240247783	3.307475716	148.9606798
chr2	240247806	3.390025661	148.9607559
chr2	240248254	4.469822181	148.9622747
chr2	240248264	4.441521263	148.9623193
chr2	240248630	4.837326415	148.9639449
chr2	240248632	4.879279032	148.9639546
chr2	240248654	4.963236608	148.964062
chr2	240248712	5.185136196	148.9643498
chr2	240248716	5.198065644	148.9643706
chr2	240251401	4.118269123	148.9783274
chr2	240265583	3.933006788	149.0367327
chr2	240266024	4.395797805	149.0384671
chr2	240266034	4.44919126	149.0385111
chr2	240315177	4.482847005	149.2571577
chr2	240319819	4.419679059	149.2779671
chr2	240319930	4.25463092	149.2784577
chr2	240323518	4.19552702	149.2937233
chr2	240324318	4.221795318	149.2970797
chr2	240328894	4.250517575	149.3163986
chr2	240329581	4.116575955	149.3193187
chr2	240329624	49.55406592	149.3194957
chr2	240329631	49.4975159	149.3198426
chr2	240329677	53.1736106	149.3221195
chr2	240329698	11.25783344	149.3232362
chr2	240329704	11.31046115	149.3233037
chr2	240329713	11.26897361	149.3234055
chr2	240329730	11.36207994	149.3235971
chr2	240329866	11.39499725	149.3251423
chr2	240330561	11.35393484	149.3330618
chr2	240330563	7.415080571	149.3330845
chr2	240330592	7.438130962	149.3332996
chr2	240330597	4.031519647	149.3333368
chr2	240330747	56.35008532	149.3339415
chr2	240330755	56.38988108	149.3343923
chr2	240330756	56.41727069	149.3344487
chr2	240330803	56.56269785	149.3371003
chr2	240330812	4.414535584	149.3376094
chr2	240330834	4.442200584	149.3377065
chr2	240416123	4.136970517	149.7165773
chr2	240416127	4.114331933	149.7165939
chr2	240416140	4.205804643	149.7166474
chr2	240416144	15.58648823	149.7166642
chr2	240416164	15.46117355	149.7169759
chr2	240416199	15.55336095	149.7175171
chr2	240416418	15.60734903	149.7209232
chr2	240416426	15.66031532	149.7210481
chr2	240416437	4.354122258	149.7212204
chr2	240416454	4.499422905	149.7212944
chr2	240416457	4.553426201	149.7213079
chr2	240433098	5.783726204	149.7970814
chr2	240433794	5.919790291	149.8011069
chr2	240452877	5.736667106	149.9140743
chr2	240452888	5.035140257	149.9141374
chr2	240452929	4.557588595	149.9143438
chr2	240453060	4.456508821	149.9149409
chr2	240453100	4.155678534	149.9151191
chr2	240453185	4.249450807	149.9154724
chr2	240453210	4.157723775	149.9155786
chr2	240453219	4.114801912	149.915616
chr2	240453289	4.023329205	149.9159041
chr2	240453298	3.838869338	149.9159403
chr2	240453370	3.643572665	149.9162167
chr2	240453378	3.476012525	149.9162458
chr2	240453665	5.036110786	149.9172434
chr2	240453674	5.080741171	149.9172888
chr2	240453680	5.399075638	149.9173192
chr2	240453686	15.63969728	149.9173516
chr2	240453693	15.84329871	149.9174611
chr2	240454007	17.11242615	149.9224359
chr2	240454019	17.25000869	149.9226413
chr2	240454157	10.36928199	149.9250218
chr2	240454164	11.1807731	149.9250943
chr2	240454809	8.368442534	149.9323059
chr2	240454822	8.577857376	149.9324147
chr2	240454836	8.693986481	149.9325348
chr2	240483093	8.550889659	150.1782008
chr2	240483159	8.370524101	150.1787652
chr2	240483227	7.677511622	150.1793343
chr2	240483294	7.448025185	150.1798487
chr2	240483368	14.64743123	150.1803999
chr2	240483486	14.08191359	150.1821283
chr2	240483530	13.38884758	150.1827479
chr2	240483531	13.27501155	150.1827613
chr2	240483840	7.508097291	150.1868633
chr2	240483894	6.724972029	150.1872687
chr2	240483922	10.15822709	150.187457
chr2	240483955	10.04888544	150.1877922
chr2	240483957	10.84607615	150.1878123
chr2	240484027	12.50335832	150.1885715
chr2	240484029	12.50470317	150.1885966
chr2	240484035	13.84836456	150.1886716
chr2	240484059	18.35436557	150.1890039
chr2	240487686	17.42566383	150.2555752
chr2	240488128	15.80981997	150.2632774
chr2	240488652	13.73308729	150.2715617
chr2	240488700	13.00590568	150.2722209
chr2	240488715	13.04590191	150.272416
chr2	240489093	23.96833227	150.2773473
chr2	240489134	32.52149544	150.27833
chr2	240489162	32.53701972	150.2792406
chr2	240489227	32.54436629	150.2813556
chr2	240489420	25.63873774	150.2876366
chr2	240489423	13.11392041	150.2877135
chr2	240489478	13.75181152	150.2884348
chr2	240489544	13.82539784	150.2893424
chr2	240489546	13.39776014	150.2893701
chr2	240489609	13.44531174	150.2902141
chr2	240489987	13.44828007	150.2952965
chr2	240490395	13.48570678	150.3007833
chr2	240490403	5.746535121	150.3008912
chr2	240490530	5.752571042	150.301621
chr2	240490552	5.758442361	150.3017476
chr2	240490567	5.766771239	150.301834
chr2	240490719	5.768274661	150.3027105
chr2	240490720	5.648887394	150.3027163
chr2	240492309	5.653305945	150.3116924
chr2	240492339	4.465567514	150.311862
chr2	240492460	4.4941799	150.3124023
chr2	240492472	4.519195156	150.3124562
chr2	240540826	4.457431447	150.5309774
chr2	240635220	4.337819031	150.9517322
chr2	240635275	4.298073463	150.9519708
chr2	240635276	5.332362795	150.9519751
chr2	240635651	5.302336296	150.9539747
chr2	240635680	5.31897896	150.9541285
chr2	240635726	5.303824594	150.9543731
chr2	240635727	5.305400839	150.9543784
chr2	240635741	5.973927232	150.9544527
chr2	240637557	5.957250408	150.9653014
chr2	240638624	6.398829661	150.9716578
chr2	240638723	6.547167344	150.9722912
chr2	240639506	6.921555111	150.9774177
chr2	240640436	6.911025616	150.9838547
chr2	240640445	6.915133866	150.9839169
chr2	240640446	6.840939311	150.9839238
chr2	240640685	6.801090559	150.9855588
chr2	240640702	6.78614976	150.9856744
chr2	240640716	6.766316426	150.9857694
chr2	240640730	6.743900797	150.9858642
chr2	240640791	6.73894268	150.9862756
chr2	240640807	6.740314348	150.9863834
chr2	240640808	6.700663192	150.9863901
chr2	240640809	6.702063517	150.9863968
chr2	240640824	7.979082434	150.9864973
chr2	240640994	7.974171771	150.9878538
chr2	240641034	7.964272624	150.9881728
chr2	240641087	8.071246754	150.9885949
chr2	240641088	7.495571033	150.9886029
chr2	240641113	10.46634222	150.9887903
chr2	240641147	10.46771408	150.9891462
chr2	240641148	12.52847997	150.9891566
chr2	240641149	12.69395131	150.9891692
chr2	240642176	12.69532373	151.0022059
chr2	240642177	12.84073501	151.0022186
chr2	240642183	13.02828926	151.0022956
chr2	240642184	12.98864013	151.0023086
chr2	240642345	13.18099379	151.0043998
chr2	240642728	13.94973455	151.0094481
chr2	240642729	12.02697284	151.0094621
chr2	240642733	12.5871035	151.0095102
chr2	240642734	12.76641432	151.0095228
chr2	240642756	10.98366196	151.0098036
chr2	240642764	10.98503472	151.0098915
chr2	240642765	9.275239216	151.0099025
chr2	240644936	9.734592485	151.030039
chr2	240644945	10.42763804	151.0301266
chr2	240644948	10.66642095	151.0301579
chr2	240644960	10.9189003	151.0302859
chr2	240645027	11.16764696	151.0310175
chr2	240645028	10.5036781	151.0310287
chr2	240645060	10.98536159	151.0313648
chr2	240657862	10.97571371	151.1719994
chr2	240657863	10.77628183	151.1720103
chr2	240657886	10.76886106	151.1722582
chr2	240658059	10.54680527	151.1741212
chr2	240658103	10.5419243	151.1745853
chr2	240658104	10.54333505	151.1745958
chr2	240658176	10.5265221	151.1753549
chr2	240658371	11.58673996	151.1774076
chr2	240658386	11.36971865	151.1775814
chr2	240658419	10.23604676	151.1779566
chr2	240658420	14.40788524	151.1779668
chr2	240658425	13.42125704	151.1780389
chr2	240659178	12.7761455	151.1881451
chr2	240659179	12.92290535	151.1881579
chr2	240659315	12.9352711	151.1899154
chr2	240659357	12.9382864	151.1904587
chr2	240659358	12.93345906	151.1904716
chr2	240659789	12.69836674	151.1960459
chr2	240659812	12.4846249	151.196338
chr2	240659991	12.51862786	151.1985727
chr2	240659994	12.06715545	151.1986103
chr2	240660009	11.87384524	151.1987913
chr2	240660010	11.8799025	151.1988032
chr2	240660011	10.06009777	151.1988151
chr2	240660020	10.04016465	151.1989056
chr2	240660029	10.05727149	151.198996
chr2	240660050	9.648350538	151.1992072
chr2	240660058	9.272567852	151.1992843
chr2	240660942	8.651001633	151.2074813
chr2	240661631	8.514873612	151.2134418
chr2	240661640	7.45894595	151.2135185
chr2	240661685	6.893118302	151.2138541
chr2	240661730	7.032962657	151.2141643
chr2	240661731	4.974924252	151.2141713
chr2	240661732	5.000176666	151.2141763
chr2	240661735	4.821394128	151.2141913
chr2	240665000	4.816620219	151.2299332
chr2	240665001	4.859933327	151.229938
chr2	240665015	5.031294336	151.230006
chr2	240665016	5.045033498	151.2300111
chr2	240665035	4.403845793	151.2301069
chr2	240665036	4.028245593	151.2301113
chr2	240665062	4.233707102	151.2302161
chr2	240665063	4.285688047	151.2302203
chr2	240665154	4.295854086	151.2306103
chr2	240665187	4.630675162	151.230752
chr2	240666492	4.666430164	151.2367951
chr2	240759079	4.719439466	151.6688458
chr2	240759212	4.683298868	151.6694735
chr2	240759655	4.68170301	151.6715482
chr2	240759927	4.631155734	151.6728217
chr2	240759942	4.526736993	151.6728911
chr2	240760038	4.545956909	151.6733257
chr2	240760070	4.559088368	151.6734712
chr2	240761531	4.523333366	151.680132
chr2	240761564	4.603644161	151.6802813
chr2	240761601	4.858229772	151.6804516
chr2	240761602	4.95969949	151.6804565
chr2	240761621	4.92678792	151.6805507
chr2	240761647	5.044618993	151.6806788
chr2	240761695	5.079628777	151.6809209
chr2	240761819	5.100429685	151.6815508
chr2	240765957	5.141939084	151.7026564
chr2	240765958	5.108268327	151.7026615
chr2	240776592	5.129840402	151.7569828
chr2	240776675	5.155867636	151.7574086
chr2	240795091	5.078371212	151.8523591
chr2	240795125	5.195344307	151.8525317
chr2	240796853	5.59551836	151.8615093
chr2	240796854	5.629378404	151.8615149
chr2	240796937	5.630875438	151.8619821
chr2	240858599	5.624822541	152.2091932
chr2	240858670	5.717786081	152.2095925
chr2	240858673	5.682779914	152.2096097
chr2	240858674	5.65000094	152.2096154
chr2	240858757	5.485024134	152.2100843
chr2	240859661	5.467566187	152.2150428
chr2	240924011	5.371696153	152.5668807
chr2	240924259	5.346614614	152.5682128
chr2	240924262	5.296392374	152.5682289
chr2	240924306	5.283453123	152.5684619
chr2	240924311	5.262568604	152.5684883
chr2	240925111	5.241786255	152.5726984
chr2	240925112	5.190696714	152.5727036
chr2	240925117	5.130877128	152.5727296
chr2	240925118	5.009519921	152.5727347
chr2	240925183	4.988719012	152.5730603
chr2	240925210	4.94507637	152.573195
chr2	240925211	4.947672397	152.5732
chr2	240926745	4.934688053	152.5807897
chr2	240933766	4.800103767	152.6154362
chr2	240933767	4.78065127	152.615441
chr2	240933808	4.71636326	152.615637
chr2	240933815	4.523647533	152.61567
chr2	240933816	4.511003508	152.6156745
chr2	240934115	4.489419922	152.6170233
chr2	240934116	4.457074738	152.6170278
chr2	240934117	4.396828334	152.6170322
chr2	240934125	4.262322991	152.6170674
chr2	240935705	4.242805233	152.6238019
chr2	240935781	4.10726517	152.6241243
chr2	240935819	4.082812097	152.6242804
chr2	240935820	4.01494225	152.6242845
chr2	240936019	4.000298092	152.6250835
chr2	240936032	3.888424838	152.6251355
chr2	240936453	3.899897656	152.6267725
chr2	240936836	3.921968101	152.6282662
chr2	240936837	3.885492561	152.6282701
chr2	240936840	3.853772158	152.6282817
chr2	240936849	4.667069752	152.6283164
chr2	240936863	4.447899386	152.6283818
chr2	240936864	4.451089659	152.6283862
chr2	240936868	4.331301039	152.628404
chr2	240936996	4.332939376	152.6289584
chr2	240937114	4.706933947	152.6294697
chr2	240937319	4.708752894	152.6304346
chr2	240937340	4.696272563	152.6305335
chr2	240939353	4.672426115	152.6399871
chr2	240939354	4.678811337	152.6399918
chr2	240939356	4.68388642	152.6400011
chr2	240939375	4.696589813	152.6400901
chr2	240939691	4.68749843	152.6415743
chr2	240939817	4.690123821	152.6421649
chr2	240939945	4.66337458	152.6427652
chr2	240939955	4.706837132	152.6428119
chr2	240939963	4.744931366	152.6428495
chr2	240939993	4.724124598	152.6429919
chr2	240940230	4.714386358	152.6441115
chr2	240940382	4.690710853	152.6448281
chr2	240940383	4.689611245	152.6448328
chr2	240940384	3.721309241	152.6448374
chr2	240940385	3.883475547	152.6448412
chr2	240940396	3.929082381	152.6448839
chr2	240940411	3.975210494	152.6449428
chr2	240941335	3.993093908	152.6486159
chr2	240941934	3.986218758	152.6510078
chr2	240941935	3.989412339	152.6510118
chr2	240942902	3.992492765	152.6548695
chr2	240942903	4.037578004	152.6548735
chr2	240943545	4.083715335	152.6574656
chr2	240943559	4.174677514	152.6575228
chr2	240943560	4.187886624	152.657527
chr2	240943583	4.22660428	152.6576233
chr2	240943592	4.584259377	152.6576613
chr2	240943595	4.327151115	152.6576751
chr2	240982000	4.328778888	152.8238593
chr2	240982028	4.431063339	152.8239805
chr2	241014078	4.275398823	152.9659961
chr2	241014079	4.288288244	152.9660004
chr2	241014114	4.30583408	152.9661505
chr2	241014128	4.340791191	152.9662108
chr2	241014166	4.292641449	152.9663757
chr2	241014167	4.301544578	152.96638
chr2	241014181	4.239643829	152.9664402
chr2	241014182	4.200356003	152.9664445
chr2	241014184	4.152218536	152.9664529
chr2	241014295	4.156560007	152.9669138
chr2	241014304	4.9204662	152.9669512
chr2	241014369	5.668631409	152.967271
chr2	241014400	5.670285173	152.9674467
chr2	241014828	5.680530943	152.9698736
chr2	241014858	5.715768092	152.970044
chr2	241014905	5.711246754	152.9703127
chr2	241014937	5.746279044	152.9704954
chr2	241014938	5.761993515	152.9705012
chr2	241018140	5.672947992	152.9889511
chr2	241018141	5.680350867	152.9889568
chr2	241018274	5.53713457	152.9897122
chr2	241018275	5.546108859	152.9897178
chr2	241018760	5.564170806	152.9924076
chr2	241018761	5.528553459	152.9924132
chr2	241018762	10.02488608	152.9924187
chr2	241018793	10.39681053	152.9927295
chr2	241018847	17.79479425	152.9932909
chr2	241018848	17.79645129	152.9933087
chr2	241018854	17.81452227	152.9934155
chr2	241018855	17.81783664	152.9934333
chr2	241018861	17.8717939	152.9935402
chr2	241019077	17.87559828	152.9974005
chr2	241019099	17.88057032	152.9977938
chr2	241019114	18.17901097	152.998062
chr2	241019313	10.95867512	153.0016796
chr2	241019314	10.99930009	153.0016906
chr2	241019894	11.01447367	153.0080702
chr2	241019898	4.960387713	153.0081142
chr2	241019899	5.322101657	153.0081192
chr2	241019901	5.319157445	153.0081299
chr2	241019905	5.327389545	153.0081511
chr2	241019906	5.418092264	153.0081565
chr2	241019946	5.869434929	153.0083732
chr2	241020040	6.713515802	153.0089249
chr2	241020041	6.716831784	153.0089316
chr2	241206872	10.35380812	154.263844
chr2	241206882	10.31761323	154.2639476
chr2	241206883	10.12626417	154.2639579
chr2	241206897	9.273779786	154.2640996
chr2	241206903	8.912232639	154.2641553
chr2	241207784	8.894685436	154.272007
chr2	241207785	4.894947756	154.2720159
chr2	241207795	4.624416492	154.2720648
chr2	241208563	5.936443735	154.2756164
chr2	241208575	5.822165522	154.2756876
chr2	241208600	5.804213314	154.2758332
chr2	241209149	6.384373277	154.2790197
chr2	241209310	6.308801716	154.2800475
chr2	241209311	6.861040011	154.2800539
chr2	241212067	6.893781296	154.2989629
chr2	241213833	6.884074741	154.3111373
chr2	241214149	6.898115513	154.3133127
chr2	241214424	10.82204121	154.3152097
chr2	241214444	10.83658466	154.3154261
chr2	241214445	10.89658883	154.3154369
chr2	241214469	10.91546067	154.3156984
chr2	241214475	9.903531359	154.3157639
chr2	241214478	9.09197293	154.3157936
chr2	241214488	9.132889846	154.3158846
chr2	241214493	8.785505634	154.3159302
chr2	241214553	8.804386279	154.3164574
chr2	241215290	5.066904384	154.3229462
chr2	241242365	5.004548739	154.4601326
chr2	241297751	5.038035567	154.7373146
chr2	241297772	5.02580032	154.7374204
chr2	241297994	4.985128144	154.7385361
chr2	241298116	4.945011796	154.7391443
chr2	241298120	5.045703054	154.7391641
chr2	241298127	5.007442837	154.7391994
chr2	241298137	4.96682414	154.7392495
chr2	241298145	4.926209324	154.7392892
chr2	241298207	4.95300626	154.7395946
chr2	241298305	4.920700698	154.74008
chr2	241298566	4.942965346	154.7413643
chr2	241299113	5.048740286	154.7440681
chr2	241315854	4.944264775	154.8285891
chr2	241315865	4.833977418	154.8286435
chr2	241316440	4.87059405	154.831423
chr2	241317145	4.89503708	154.8348568
chr2	241317146	4.86825866	154.8348617
chr2	241394532	5.682649347	155.2115967
chr2	241397590	5.716734845	155.2289743
chr2	241397773	5.8176978	155.2300204
chr2	241444316	5.848667758	155.5007935
chr2	241444358	5.900369058	155.5010392
chr2	241446519	6.401035741	155.5137899
chr2	241451190	6.378771093	155.5436891
chr2	241453004	6.339282066	155.5552602
chr2	241453996	6.403730719	155.5615488
chr2	241456167	6.365246911	155.5754513
chr2	241495205	6.3479177	155.8239378
chr2	241495720	6.244948554	155.827207
chr2	241495976	6.225737129	155.8288057
chr2	241497152	6.092312994	155.8361271
chr2	241497284	8.214807706	155.8369313
chr2	241497596	8.081749005	155.8394943
chr2	241505390	16.78264398	155.9024835
chr2	241505479	16.78756435	155.9039772
chr2	241506722	16.5938591	155.9248441
chr2	241506758	11.49940819	155.9254415
chr2	241507033	11.52352235	155.9286038
chr2	241507063	11.5261391	155.9289495
chr2	241507064	12.43838502	155.928961
chr2	241507751	10.66287562	155.9375062
chr2	241507763	12.07007939	155.9376342
chr2	241507873	8.122307112	155.9389619
chr2	241508170	8.110704682	155.9413742
chr2	241510084	6.520600528	155.9568981
chr2	241510168	9.330602298	155.9574458
chr2	241510219	8.651620373	155.9579217
chr2	241510297	8.676260318	155.9585965
chr2	241510305	8.775206228	155.9586659
chr2	241510456	8.799957087	155.959991
chr2	241510962	8.874423027	155.9644438
chr2	241510981	4.665512875	155.9646124
chr2	241511071	4.755642095	155.9650323
chr2	241511072	4.753523861	155.965037
chr2	241511127	4.803251235	155.9652985
chr2	241511252	4.828146432	155.9658989
chr2	241647373	4.641462094	156.623111
chr2	241647527	4.59241973	156.6238258
chr2	241647536	12.77802937	156.6238671
chr2	241647749	12.33691151	156.6265888
chr2	241647815	32.48721087	156.6274031
chr2	241647845	32.46235591	156.6283777
chr2	241647857	59.2087635	156.6287672
chr2	241647892	59.22353485	156.6308395
chr2	241647918	58.96743089	156.6323793
chr2	241647951	54.75731507	156.6343253
chr2	241647984	7.933895337	156.6361323
chr2	241647998	7.947282964	156.6362433
chr2	241648007	8.241742997	156.6363149
chr2	241648208	8.21710305	156.6379715
chr2	241648241	8.499042357	156.6382426
chr2	241648397	25.32036489	156.6395685
chr2	241648778	25.36725038	156.6492155
chr2	241648799	13.19405169	156.6497482
chr2	241648814	5.908357423	156.6499461
chr2	241648815	5.904470152	156.6499521
chr2	241648907	7.282994405	156.6504953
chr2	241648937	9.186762731	156.6507138
chr2	241658301	8.823870843	156.7367386
chr2	241658302	8.821982863	156.7367474
chr2	241658322	8.824310593	156.7369239
chr2	241658341	9.2448739	156.7370915
chr2	241658435	9.243918811	156.7379605
chr2	241658438	9.148893385	156.7379883
chr2	241658836	8.874058542	156.7416295
chr2	241658882	10.57723659	156.7420377
chr2	241658883	10.57529708	156.7420483
chr2	241660637	10.19610156	156.7605974
chr2	241660638	10.2950564	156.7606076
chr2	241660640	10.57100323	156.7606282
chr2	241660668	8.86658043	156.7609242
chr2	241660669	8.860753553	156.760933
chr2	241660671	10.36207755	156.7609508
chr2	241660672	10.3484953	156.7609611
chr2	241662701	11.56198836	156.7819582
chr2	241662741	11.89459099	156.7824207
chr2	241662758	12.02386963	156.7826229
chr2	241662759	12.02192976	156.7826349
chr2	241662787	12.0954694	156.7829715
chr2	241693684	10.0331805	157.1566853
chr2	241693685	10.02557318	157.1566953
chr2	241693718	10.65699213	157.1570261
chr2	241707477	10.70965101	157.3036557
chr2	241707478	10.70776375	157.3036664
chr2	241707493	10.87805401	157.303827
chr2	241707527	21.48655198	157.3041969
chr2	241707552	21.41749994	157.304734
chr2	241707568	24.78873566	157.3050767
chr2	241707569	24.78684405	157.3051015
chr2	241707598	24.7178565	157.3058203
chr2	241707640	24.58774276	157.3068585
chr2	241707843	13.83419956	157.3118498
chr2	241707871	13.77706334	157.3122371
chr2	241707912	26.96256743	157.312802
chr2	241707913	26.96069413	157.312829
chr2	241707960	26.7026376	157.3140961
chr2	241708478	20.62781267	157.3279281
chr2	241708484	13.14627582	157.3280518
chr2	241708485	13.14064219	157.328065
chr2	241708491	13.40762204	157.3281438
chr2	241708516	13.90679433	157.328479
chr2	241708526	14.10604135	157.3286181
chr2	241708536	16.33358619	157.3287592
chr2	241708995	16.8547902	157.3362563
chr2	241710457	16.78363432	157.360898
chr2	241710458	13.65467115	157.3609148
chr2	241710467	13.65047949	157.3610377
chr2	241710494	13.91189932	157.3614062
chr2	241710495	13.91002946	157.3614201
chr2	241711587	11.68248462	157.3766099
chr2	241711634	11.83478884	157.377159
chr2	241711635	11.81986042	157.3771708
chr2	241712474	12.20684592	157.3870877
chr2	241712475	12.20308186	157.3870999
chr2	241712482	12.02231158	157.3871853
chr2	241712483	12.43370925	157.3871973
chr2	241712603	13.68007915	157.3886894
chr2	241712604	13.65757738	157.388703
chr2	241720624	13.65569955	157.4982368
chr2	241720637	12.92757847	157.4984143
chr2	241720638	12.91825317	157.4984273
chr2	241720833	12.91637974	157.5009463
chr2	241720925	12.55063658	157.5021346
chr2	241720938	12.54690331	157.5022978
chr2	241721219	11.22020362	157.5058235
chr2	241721220	11.18291482	157.5058347
chr2	241721221	11.84702862	157.5058459
chr2	241721222	11.8339576	157.5058577
chr2	241721244	11.83209879	157.5061181
chr2	241721255	10.92563966	157.5062482
chr2	241721256	10.83788876	157.5062591
chr2	241721323	10.51898191	157.5069853
chr2	241721451	10.51710927	157.5083317
chr2	241721469	10.51339203	157.508521
chr2	241722376	10.28506981	157.5180567
chr2	241722377	10.08418063	157.5180669
chr2	241722379	10.08230461	157.5180871
chr2	241722450	8.856307801	157.518803
chr2	241722451	8.789231671	157.5188118
chr2	241723493	8.785500657	157.5279702
chr2	241725191	8.570583737	157.542888
chr2	241725997	7.85398322	157.5497959
chr2	241726007	7.850247313	157.5498744
chr2	241726055	7.614610411	157.5502512
chr2	241726056	7.607134228	157.5502588
chr2	241726066	7.588496491	157.5503349
chr2	241726093	7.558719259	157.5505398
chr2	241726340	6.420937154	157.5524068
chr2	241726341	6.417281235	157.5524132
chr2	241726362	6.380138402	157.552548
chr2	241726364	5.237016353	157.5525607
chr2	241726365	5.049335339	157.552566
chr2	241726398	4.192380658	157.5527326
chr2	241726399	3.738865184	157.5527368
chr2	241773206	5.147969347	157.7277419
chr2	241775418	6.3394559	157.7391292
chr2	241777443	5.692396403	157.7519666
chr2	241777488	5.642783747	157.7522227
chr2	241778010	5.593885717	157.7551683
chr2	241778016	4.909357967	157.7552018
chr2	241778049	4.984430518	157.7553638
chr2	241778168	7.702169124	157.755957
chr2	241778192	21.51008115	157.7561418
chr2	241778193	21.45040009	157.7561633
chr2	241778270	20.64485711	157.757815
chr2	241778325	20.58534955	157.7589505
chr2	241778937	20.74950785	157.7715487
chr2	241778958	20.89762504	157.7719845
chr2	241779088	21.05530536	157.7747011
chr2	241779142	21.12707893	157.7758381
chr2	241779196	21.28319975	157.776979
chr2	241779445	5.711912755	157.7822785
chr2	241779479	5.791134083	157.7824727
chr2	241819163	7.232237468	158.0122881
chr2	241819192	8.073872765	158.0124978
chr2	241819199	8.4572403	158.0125543
chr2	241820253	8.373969382	158.0214683
chr2	241820277	8.174539309	158.0216692
chr2	241820572	8.40312263	158.0240807
chr2	241820622	8.433906603	158.0245009
chr2	241822373	8.377651055	158.0392687
chr2	241822958	8.403741221	158.0441696
chr2	241824605	6.881286181	158.0580105
chr2	241825947	6.735136793	158.0672452
chr2	241825948	5.984159057	158.067252
chr2	241825972	5.911123623	158.0673956
chr2	241826003	4.706528188	158.0675788
chr2	241826004	4.702342921	158.0675835
chr2	241826030	4.67263804	158.0677058
chr2	241826394	5.026045869	158.0694066
chr2	241826395	5.016055489	158.0694117
chr2	241826487	4.118292699	158.0698731
chr2	241826886	4.53454735	158.0715163
chr2	241826895	4.305509485	158.0715572
chr2	241829170	4.919306266	158.0813522
chr2	241829338	4.978335217	158.0821786
chr2	241829359	5.01365302	158.0822832
chr2	241834803	4.584434926	158.1095775
chr2	241835169	4.690111563	158.1112554
chr2	241835285	3.692611102	158.1117995
chr2	241835286	3.430127464	158.1118031
chr2	241835348	3.509940496	158.1120158
chr2	241835364	3.656196918	158.112072
chr2	241835373	3.789257287	158.1121049
chr2	241835403	3.798496429	158.1122186
chr2	241835438	9.422843803	158.1123515
chr2	241836088	4.990056642	158.1184764
chr2	241874622	4.919578167	158.3107632
chr2	241877924	4.824985947	158.3270076
chr2	241877940	4.810214597	158.3270848
chr2	241878058	4.683020246	158.3276524
chr2	241883796	5.153825531	158.3545236
chr2	241886894	5.310709362	158.3704902
chr2	241886898	5.55962611	158.3705114
chr2	241886905	5.616304912	158.3705503
chr2	241886981	5.773091756	158.3709772
chr2	241887011	5.862753208	158.3711504
chr2	241887014	5.796950459	158.371168
chr2	241887622	5.720810757	158.3746925
chr2	241887638	5.655804833	158.374784
chr2	241887663	5.531823412	158.3749254
chr2	241889409	5.485594807	158.384584
chr2	241891496	5.044280567	158.3960324
chr2	241929937	4.860779342	158.5899396
chr2	241929940	4.234602235	158.5899542
chr2	241930101	4.184358694	158.590636
chr2	241930118	6.246324501	158.5907071
chr2	241930328	17.94508804	158.5920188
chr2	241930343	35.17000557	158.592288
chr2	241930451	41.30988918	158.5960864
chr2	241930538	23.85084778	158.5996803
chr2	241930733	23.87440886	158.6043312
chr2	241930796	23.82557968	158.6058353
chr2	241930835	23.75333921	158.6067645
chr2	241930994	18.46517473	158.6105413
chr2	241931008	12.22934172	158.6107998
chr2	241931464	12.2533657	158.6163764
chr2	241931724	5.203854166	158.6195623
chr2	241931766	3.037867432	158.6197808
chr2	241931803	3.136751155	158.6198932
chr2	241938037	3.19909779	158.6394477
chr2	241938038	3.196761018	158.6394509
chr2	242072911	3.17273704	159.0706077
chr2	242074959	3.037436809	159.0771055
chr2	242075574	2.911685442	159.0789735
chr2	242093407	2.895027829	159.1308976
chr2	242093435	2.874106925	159.1309786
chr2	242093521	2.831413406	159.1312258
chr2	242093526	2.818491936	159.13124
chr2	242093528	2.742465644	159.1312456
chr2	242095027	2.777705978	159.1353566
chr2	242095040	2.756888875	159.1353927
chr2	242095041	2.73608199	159.1353954
chr2	242096276	2.715431256	159.1387745
chr2	242096512	2.622004092	159.1394153
chr2	242096672	2.809511869	159.1398348
chr2	242096673	2.807138291	159.1398377
chr2	242116224	2.777886539	159.19472
chr2	242116296	2.759467848	159.19492
chr2	242119272	2.682783361	159.2031322
chr2	242119394	2.711855684	159.2034595
chr2	242175626	2.882161886	159.3559526
chr2	242191454	2.765094416	159.4015714
chr2	242191512	2.739003616	159.4017318
chr2	242191525	3.114946686	159.4017674
chr2	242191577	3.969389645	159.4019294
chr2	242192559	5.004125136	159.4058273
chr2	242195540	3.829828787	159.4207446
chr2	242195554	2.975385826	159.4207982
chr2	242195579	2.805079617	159.4208726
chr2	242195580	2.798391138	159.4208754
chr2	242196101	3.757747891	159.4223334
chr2	242196102	3.7381906	159.4223372
chr2	242198394	4.183110624	159.4309051
chr2	242199191	5.878779112	159.434239
chr2	242199245	5.860190716	159.4345565
chr2	242202063	5.290227675	159.4510705
chr2	242202128	5.297742177	159.4514144
chr2	242202129	5.294957067	159.4514197
chr2	242202185	4.398592084	159.4517162
chr2	242202242	4.41633199	159.4519669
chr2	242202243	4.413639051	159.4519713
chr2	242203104	4.410947938	159.4557715
chr2	242203199	2.216716839	159.4561905
chr2	242234004	2.224046566	159.5244765
chr2	242234101	2.219056498	159.5246922
chr2	242234146	2.216431107	159.524792
chr2	242234165	2.224859151	159.5248342
chr2	242234184	2.313064329	159.5248764
chr2	242234185	2.299613408	159.5248787
chr2	242235418	2.288518057	159.5277142
chr2	242278239	2.296608568	159.6257108
chr2	242278715	2.244786854	159.626804
chr2	242278786	2.265233462	159.6269634
chr2	242278787	2.249073309	159.6269656
chr2	242284746	2.258138104	159.6403679
chr2	242285997	2.36274918	159.6431928
chr2	242286035	2.370007468	159.6432826
chr2	242287061	2.375446591	159.6457142
chr2	242320181	2.382696795	159.724389
chr2	242320902	2.295375833	159.7261069
chr2	242322398	2.217585396	159.7295408
chr2	242322408	2.234078193	159.729563
chr2	242322420	2.241948096	159.7295898
chr2	242322421	2.235297061	159.729592
chr2	242322737	2.275951584	159.7302984
chr2	242322900	2.305728458	159.7306694
chr2	242322901	2.303874097	159.7306717
chr2	242323392	2.314523305	159.7318029
chr2	242323457	2.324631964	159.7319533
chr2	242323458	2.322025172	159.7319556
chr2	242323476	2.331092023	159.7319974
chr2	242327684	2.328640895	159.7418067
chr2	242432947	2.404450117	159.9869264
chr2	242637357	2.337841352	160.47842
chr2	242637358	2.334401401	160.4784224
chr2	242640782	2.338802062	160.4864154
chr2	242640783	2.336705584	160.4864177
chr2	242642488	2.360134289	160.4904018
chr2	242642489	2.35118664	160.4904042
chr2	242643046	2.405704843	160.4917138
chr2	242654336	2.398190338	160.5188742
chr2	242656680	2.396846315	160.5244955
chr2	242659616	2.375501434	160.5315327
chr2	242697612	2.805848119	160.6217922
chr2	242698252	2.789656548	160.623588
chr2	242698253	2.785039221	160.6235908
chr2	242698261	2.766691537	160.623613
chr2	242698295	2.757639418	160.6237071
chr2	242698303	2.736132662	160.6237292
chr2	242698355	2.796248708	160.6238714
chr2	242698356	2.794709672	160.6238742
chr2	242698649	2.924404129	160.6246931
chr2	242698650	2.921326458	160.624696
chr2	242701567	2.902261684	160.6332175
chr2	242701568	2.88813779	160.6332204
chr2	242701596	2.880100794	160.6333013
chr2	242701597	2.871516252	160.6333042
chr2	242701736	2.862550214	160.6337033
chr2	242702899	2.827882954	160.6370325
chr2	242703764	2.82110734	160.6394786
chr2	242705376	2.473056465	160.6440262
chr2	242707944	2.468069716	160.650377
chr2	242719197	2.663560729	160.6781502
chr2	242750982	2.59253062	160.7628115
chr2	242750983	2.58802921	160.7628141
chr2	242750990	2.258849491	160.7628322
chr2	242750991	2.257346286	160.7628344
chr2	242751112	2.192574549	160.7631076
chr2	242751128	2.186105409	160.7631427
chr2	242754167	2.473312094	160.7697862
chr2	242754168	2.455307227	160.7697887
chr2	242754206	2.429631706	160.769882
chr2	242754207	2.401911869	160.7698844
chr2	242754219	2.487815806	160.7699133
chr2	242754220	2.486318948	160.7699158
chr2	242754874	2.591432775	160.7715418
chr2	242754875	2.589640706	160.7715444
chr2	242754881	2.529524664	160.7715599
chr2	242754882	2.517545345	160.7715625
chr2	242754933	2.539205553	160.7716909
chr2	242754934	2.536083261	160.7716934
chr2	242754980	2.70880841	160.7718101
chr2	242754981	2.705806575	160.7718128
chr2	242787202	2.285689732	160.8589966
chr2	242787203	2.226432462	160.8589988
chr2	242788257	2.224954234	160.8613455
chr2	242788874	2.217704036	160.8627183
chr2	242788875	2.213869345	160.8627205
chr2	242788925	2.184553797	160.8628312
chr2	242791543	2.18297754	160.8685504
chr2	242792308	2.181501947	160.8702204
chr2	242804454	2.176044585	160.8967169
chr2	242804541	2.155293856	160.8969062
chr2	242804542	2.153485785	160.8969083
chr2	242804643	2.150858847	160.8971259
chr2	242804644	2.1398774	160.897128
chr2	242804707	2.135474126	160.8972628
chr2	242804807	2.103104406	160.8974764
chr2	242805404	1.916415044	160.8987319
chr2	242805405	1.913044013	160.8987338
chr2	242805498	1.862329583	160.8989117
chr2	242805499	1.777738013	160.8989136
chr2	242805615	1.808982518	160.8991198
chr2	242805616	1.742842411	160.8991216
chr2	242805670	1.554705753	160.8992157
chr2	242911816	1.462920153	161.0642415
chr2	242911817	1.448725557	161.064243
chr2	242912193	1.552240548	161.0647877
chr2	242912194	1.511233562	161.0647893
chr2	242912230	1.495443681	161.0648437
chr2	242912691	1.442845604	161.0655331
chr2	242913273	4.529918414	161.0663728
chr2	242913274	4.369588011	161.0663774
chr2	242914339	4.349959295	161.071031
chr2	242914367	4.345187494	161.0711528
chr2	242914372	4.323976427	161.0711745
chr2	242914374	1.201794987	161.0711831
chr2	242914375	1.169204836	161.0711843
chr2	242914376	1.005705941	161.0711855
chr2	243006623	1.002414225	161.1639589
chr2	243010357	0.9889306489	161.1677019
chr2	243010408	0.9391077356	161.1677523
chr2	243010409	0.9330655129	161.1677533
chr2	243010809	0.847598244	161.1681265
chr2	243010810	0.6198126359	161.1681273
chr2	243010847	0.6164010147	161.1681503
chr2	243010885	0.4812755001	161.1681737
chr2	243011123	0.4335140104	161.1682882
chr2	243066839	0.4016590616	161.1924419
chr2	243067169	0.3770986742	161.1925744
chr2	243067367	0.3754403204	161.1926491
chr2	243067466	0.3722433271	161.1926863
chr2	243067477	0.3458982576	161.1926904
chr2	243067478	0.3204172492	161.1926907
chr2	243067763	0.3138497263	161.192782
chr2	243068616	0.2918184805	161.1930497
chr2	243068617	0.225277758	161.19305
chr2	243069180	0.1908586497	161.1931769
chr2	243069394	0.1875425958	161.1932177
chr2	243069546	0.1730327405	161.1932462
chr2	243069589	0.1531733644	161.1932537
chr2	243070036	0.09143279082	161.1933221
chr2	243070075	0.07357264973	161.1933257
chr2	243118164	0.05689804539	161.1968637
chr2	243118165	0.04907087536	161.1968638
chr2	243118181	0.04478189908	161.1968646
chr2	243118182	0.04066732838	161.1968646
chr2	243129289	0.03639109991	161.1973163
chr2	243129290	0.03502576753	161.1973163
chr2	243199581	0.01873073618	161.1997783
chr2	243211415	0	161.2
chr2	243675191	0	161.2
