Chromosome	Position(bp)	Rate(cM/Mb)	Map(cM)
chr3	0	0	0
chr3	905826	0.009055956117	0
chr3	1028074	0.02206286141	0.001107072523
chr3	1028080	0.06107409211	0.001107204901
chr3	1073899	0.07658149049	0.003905558727
chr3	1127909	0.1089085498	0.008041725028
chr3	1311698	0.04981496964	0.02805791849
chr3	1311790	0.03430757126	0.02806250147
chr3	1311923	0.02131070149	0.02806706437
chr3	1312832	0.05303563555	0.0280864358
chr3	1313190	0.05317623748	0.02810542256
chr3	1313191	0.3722388363	0.02810547573
chr3	1313242	0.4140200301	0.02812445991
chr3	1313420	0.5048275405	0.02819815548
chr3	1313458	0.5508718554	0.02821733893
chr3	1313674	0.6434166247	0.02833632725
chr3	1393221	0.5970406393	0.07951818949
chr3	1393578	1.416407573	0.079731333
chr3	1393689	1.650908987	0.07988855424
chr3	1394510	1.812410102	0.08124395052
chr3	1401537	1.904928318	0.0939797563
chr3	1428941	5.473095796	0.1461824119
chr3	1428955	5.486994579	0.1462590353
chr3	1428994	16.67635954	0.1464730281
chr3	1429006	16.75789201	0.1466731444
chr3	1429115	17.13720927	0.1484997546
chr3	1429491	9.682811897	0.1549433453
chr3	1429848	1.947674621	0.1584001091
chr3	1429863	2.02285718	0.1584293243
chr3	1440513	2.119983142	0.1799727532
chr3	1440523	1.83686041	0.1799939531
chr3	1462126	1.782301275	0.2196756485
chr3	1462319	1.668690037	0.2200196327
chr3	1464221	4.190269331	0.2231934811
chr3	1464227	4.082963403	0.2232186227
chr3	1464300	4.03071842	0.223516679
chr3	1464302	3.82979346	0.2235247405
chr3	1465684	1.339141987	0.228817515
chr3	1465822	1.361296868	0.2290023166
chr3	1465875	1.062316054	0.2290744654
chr3	1465887	1.092011303	0.2290872132
chr3	1465992	1.039494811	0.2292018744
chr3	1466071	1.821550493	0.2292839944
chr3	1466134	1.990784602	0.2293987521
chr3	1534287	2.101877412	0.3650766951
chr3	1534304	2.168457455	0.365112427
chr3	1584807	2.044635472	0.4746260338
chr3	1584826	1.897131768	0.4746648819
chr3	1584838	1.942143487	0.4746876475
chr3	1584846	1.911084169	0.4747031846
chr3	1584895	1.885531635	0.4747968278
chr3	1584899	2.595923779	0.4748043699
chr3	1584914	2.557638463	0.4748433087
chr3	1584921	2.768647857	0.4748612122
chr3	1584948	2.651829607	0.4749359657
chr3	1584949	3.611728793	0.4749386175
chr3	1584964	3.873582678	0.4749927935
chr3	1587703	3.925561917	0.4856025364
chr3	1588046	3.904542934	0.4869490042
chr3	1588187	4.144164411	0.4874995447
chr3	1588245	4.381778304	0.4877399062
chr3	1588348	4.401317744	0.4881912294
chr3	1588419	4.697866577	0.488503723
chr3	1588421	4.644511856	0.4885131187
chr3	1588963	7.560773127	0.4910304441
chr3	1589108	7.54678363	0.4921267562
chr3	1589875	6.80541094	0.4979151393
chr3	1589947	7.136757925	0.4984051289
chr3	1590003	7.495931375	0.4988047873
chr3	1590004	7.473017609	0.4988122832
chr3	1590020	7.496982779	0.4989318515
chr3	1590035	7.407752132	0.4990443063
chr3	1590056	7.341603008	0.4991998691
chr3	1590118	7.925206047	0.4996550484
chr3	1590126	13.14682035	0.4997184501
chr3	1590164	12.80752152	0.5002180293
chr3	1591493	10.34461368	0.5172392254
chr3	1591527	10.39654755	0.5175909422
chr3	1591539	5.818280504	0.5177157008
chr3	1591808	5.901294708	0.5192808183
chr3	1599324	6.016807984	0.5636349493
chr3	1599348	6.138616341	0.5637793527
chr3	1599559	5.554957884	0.5650746007
chr3	1600161	5.587257802	0.5684186854
chr3	1600162	4.653250594	0.5684242726
chr3	1600186	7.445200905	0.5685359506
chr3	1600266	8.227406456	0.5691315667
chr3	1600274	7.873524891	0.569197386
chr3	1600287	7.838327795	0.5692997418
chr3	1602020	7.490518554	0.5828835639
chr3	1602036	5.68220228	0.5830034121
chr3	1602051	5.758057788	0.5830886452
chr3	1604390	5.952618574	0.5965567423
chr3	1604870	4.215775661	0.5994139993
chr3	1658653	4.153595775	0.8261510617
chr3	1658675	3.997318553	0.8262424408
chr3	1658682	4.740882185	0.826270422
chr3	1658720	4.67785778	0.8264505755
chr3	1658726	4.378816461	0.8264786427
chr3	1658851	4.450589073	0.8270259947
chr3	1658861	4.328103686	0.8270705006
chr3	1658875	4.394632161	0.8271310941
chr3	1658923	5.408670234	0.8273420364
chr3	1662561	2.885715262	0.8470187787
chr3	1662893	2.825112523	0.8479768362
chr3	1663110	2.773568315	0.8485898856
chr3	1666796	2.830940374	0.8588132584
chr3	1668102	4.14879032	0.8625104665
chr3	1668118	4.488656015	0.8625768472
chr3	1668154	4.737413298	0.8627384388
chr3	1668467	6.806451455	0.8642212492
chr3	1668494	7.182267156	0.8644050234
chr3	1668924	7.880566238	0.8674933982
chr3	1669410	8.058181573	0.8713233534
chr3	1669428	11.17985358	0.8714684007
chr3	1670552	11.55575235	0.8840345561
chr3	1675980	10.42966245	0.9467591799
chr3	1676332	12.52183225	0.9504304211
chr3	1676363	12.80714951	0.9508185979
chr3	1676447	13.39492147	0.9518943984
chr3	1678003	13.62115099	0.9727368962
chr3	1678859	13.91094443	0.9843966015
chr3	1678860	12.45166021	0.9844105124
chr3	1682984	10.36162874	1.035761159
chr3	1683043	10.24921199	1.036372495
chr3	1686398	9.46352688	1.070758601
chr3	1690180	8.070080629	1.10654966
chr3	1690182	6.429116256	1.1065658
chr3	1691290	6.267477974	1.113689261
chr3	1691472	6.252777495	1.114829942
chr3	1691510	6.212382084	1.115067548
chr3	1691556	7.138359808	1.115353317
chr3	1691579	8.191794952	1.115517499
chr3	1691589	8.510518772	1.115599417
chr3	1691615	8.408611073	1.115820691
chr3	1691624	8.083099852	1.115896368
chr3	1694379	7.99088101	1.138165309
chr3	1694380	8.282096187	1.138173299
chr3	1694429	5.377027135	1.138579122
chr3	1694507	5.402594722	1.13899853
chr3	1694617	5.196790563	1.139592816
chr3	1694637	4.728804656	1.139696751
chr3	1694652	5.327489099	1.139767684
chr3	1694653	5.738678945	1.139773011
chr3	1694746	5.538000573	1.140306708
chr3	1694878	4.419761559	1.141037724
chr3	1695273	5.19962966	1.14278353
chr3	1714323	5.982936107	1.241836475
chr3	1714326	7.947745473	1.241854424
chr3	1714374	9.64174732	1.242235916
chr3	1714380	9.79508983	1.242293766
chr3	1714423	10.29672081	1.242714955
chr3	1719949	10.14118371	1.299614634
chr3	1719955	23.98946685	1.299675481
chr3	1720235	10.84140533	1.306392532
chr3	1720241	36.82860826	1.30645758
chr3	1720256	37.2160798	1.30701001
chr3	1720274	38.88287843	1.307679899
chr3	1720383	16.0544015	1.311918133
chr3	1721989	15.91952761	1.337701502
chr3	1724215	15.79567512	1.37313837
chr3	1724259	15.68279046	1.37383338
chr3	1724299	14.92350272	1.374460691
chr3	1724330	13.99663837	1.37492332
chr3	1725300	12.53087992	1.388500059
chr3	1725301	6.254708465	1.38851259
chr3	1726193	2.532602441	1.39409179
chr3	1735456	2.541976489	1.417551286
chr3	1735491	6.491698267	1.417640256
chr3	1735675	7.253076037	1.418834728
chr3	1737941	7.044477196	1.435270198
chr3	1738483	7.691630517	1.439088305
chr3	1738488	8.128612007	1.439126763
chr3	1738499	5.702689547	1.439216178
chr3	1740089	5.800510442	1.448283454
chr3	1740880	4.957448852	1.452871658
chr3	1753255	5.166396053	1.514220088
chr3	1753268	5.315118733	1.514287251
chr3	1753298	4.979954675	1.514446704
chr3	1753960	5.039955171	1.517743434
chr3	1754003	5.115938581	1.517960152
chr3	1754173	5.092084981	1.518829862
chr3	1754554	9.247940272	1.520769946
chr3	1755085	9.334626537	1.525680603
chr3	1755467	9.405160561	1.52924643
chr3	1755472	6.079423706	1.529293456
chr3	1755512	6.407501063	1.529536633
chr3	1755595	6.580880734	1.530068455
chr3	1755653	8.124622906	1.530450146
chr3	1757812	7.93360802	1.547991207
chr3	1757853	7.997664391	1.548316485
chr3	1757890	8.113931881	1.548612399
chr3	1757892	8.162108693	1.548628627
chr3	1757931	6.704131386	1.548946949
chr3	1758088	7.084671336	1.549999497
chr3	1798269	6.906769627	1.834668676
chr3	1798402	7.122076649	1.835587277
chr3	1802554	6.945715927	1.865158139
chr3	1802624	7.003327893	1.865644339
chr3	1802630	6.051276434	1.865686359
chr3	1802639	5.936254475	1.865740821
chr3	1802663	6.146952884	1.865883291
chr3	1803083	6.739431887	1.868465011
chr3	1803095	6.587634716	1.868545884
chr3	1807769	6.635150653	1.899336489
chr3	1807802	8.154482714	1.899555449
chr3	1807812	7.987310646	1.899636994
chr3	1807820	7.916838603	1.899700892
chr3	1811349	7.656558021	1.927639415
chr3	1812551	8.615851947	1.936842598
chr3	1815067	12.10928993	1.958520082
chr3	1815239	11.98804923	1.96060288
chr3	1815288	11.80034764	1.961190294
chr3	1815309	11.3895026	1.961438101
chr3	1815375	10.98938246	1.962189808
chr3	1815444	9.000385735	1.962948076
chr3	1815514	8.296213862	1.963578103
chr3	1815536	7.176063969	1.96376062
chr3	1815978	7.29731526	1.96693244
chr3	1816013	12.4186269	1.967187846
chr3	1816123	8.925188922	1.968553895
chr3	1816278	9.408639528	1.969937299
chr3	1816298	9.696039577	1.970125472
chr3	1816417	9.755026799	1.971279301
chr3	1816692	10.77977195	1.973961933
chr3	1816734	7.569582836	1.974414683
chr3	1817308	7.65539124	1.978759624
chr3	1834713	8.559353628	2.112001708
chr3	1836760	51.45552232	2.129522705
chr3	1836778	51.06087406	2.130448905
chr3	1836846	7.445939239	2.133921044
chr3	1836883	9.376379065	2.134196544
chr3	1836929	10.65847502	2.134627857
chr3	1837279	10.31914094	2.138358324
chr3	1838675	10.15428102	2.152763844
chr3	1838794	6.400341427	2.153972204
chr3	1838816	3.43562228	2.154113011
chr3	1840700	3.367598828	2.160585724
chr3	1846368	3.24311106	2.179673274
chr3	1846377	1.949683063	2.179702462
chr3	1846403	1.238186727	2.179753154
chr3	1846650	1.193916806	2.180058986
chr3	1849777	1.207563516	2.183792364
chr3	1849819	1.874573436	2.183843081
chr3	1850861	1.879635919	2.185796387
chr3	1850884	1.650036616	2.185839618
chr3	1850887	1.833213663	2.185844569
chr3	1851700	1.9736769	2.187334971
chr3	1851769	2.004530742	2.187471155
chr3	1854456	2.11969132	2.192857329
chr3	1854474	1.255992514	2.192895483
chr3	1855911	1.209698611	2.194700345
chr3	1855962	1.308861842	2.194762039
chr3	1892261	1.346281803	2.242272415
chr3	1893143	1.391886689	2.243459836
chr3	1893164	1.304630139	2.243489066
chr3	1894031	1.352388806	2.24462018
chr3	1894097	1.235424382	2.244709437
chr3	1897261	4.099645076	2.24861832
chr3	1898340	4.047957514	2.253041837
chr3	1898565	4.098694283	2.253952628
chr3	1898585	1.228789834	2.254034602
chr3	1900718	1.361656936	2.25665561
chr3	1900759	1.516610288	2.256711438
chr3	1971275	1.297108368	2.363656729
chr3	1971290	1.112027752	2.363676186
chr3	1971293	1.059756119	2.363679522
chr3	1971335	1.025087497	2.363724032
chr3	1971389	2.472917367	2.363779386
chr3	1973937	1.015773109	2.37008038
chr3	1974035	1.204699392	2.370179926
chr3	1974064	1.232773869	2.370214862
chr3	1974082	1.203787698	2.370237052
chr3	1974120	1.513848243	2.370282796
chr3	1976868	1.602230383	2.374442851
chr3	1977535	1.687308586	2.375511538
chr3	1977840	1.717913119	2.376026168
chr3	1977875	1.832683692	2.376086295
chr3	1977962	2.411416105	2.376245738
chr3	1977964	2.382637286	2.376250561
chr3	1977978	3.078736505	2.376283918
chr3	1978377	3.184076464	2.377512334
chr3	1980267	3.3092655	2.383530238
chr3	1980319	3.810484748	2.38370232
chr3	2008940	3.74818036	2.492762204
chr3	2009014	3.983632907	2.493039569
chr3	2009443	3.780326514	2.494748548
chr3	2009576	3.824189191	2.495251331
chr3	2009606	3.781329544	2.495366057
chr3	2009717	3.223312226	2.495785785
chr3	2009735	2.791242661	2.495843804
chr3	2009983	2.806324489	2.496536032
chr3	2010002	2.225096338	2.496589352
chr3	2010014	2.614626209	2.496616054
chr3	2010018	2.649565891	2.496626512
chr3	2011126	2.686693844	2.499562231
chr3	2011135	2.70035148	2.499586411
chr3	2012473	2.785195844	2.503199482
chr3	2012475	2.830612645	2.503205052
chr3	2012491	2.870290309	2.503250342
chr3	2013809	2.626925665	2.507033384
chr3	2018608	2.538543525	2.519640001
chr3	2018639	2.629645614	2.519718696
chr3	2024635	2.37849799	2.535486051
chr3	2024639	2.453331213	2.535495565
chr3	2024682	2.217878666	2.535601058
chr3	2028570	2.169691685	2.54422417
chr3	2028585	2.191493929	2.544256716
chr3	2028603	2.280177527	2.544296162
chr3	2028634	2.191339277	2.544366848
chr3	2093676	2.161185277	2.686895937
chr3	2093681	5.09928459	2.686906743
chr3	2093702	6.043418857	2.687013828
chr3	2093972	6.641890909	2.688645551
chr3	2094191	6.849588953	2.690100125
chr3	2097372	7.42449851	2.711888668
chr3	2097407	7.542434392	2.712148525
chr3	2098217	7.49229889	2.718257897
chr3	2098323	6.668532597	2.719052081
chr3	2098380	6.544065664	2.719432187
chr3	2098398	3.472302606	2.71954998
chr3	2098404	3.996318304	2.719570814
chr3	2098412	3.904722547	2.719602785
chr3	2098425	4.436178766	2.719653546
chr3	2105444	4.30274568	2.750791085
chr3	2105467	9.206838977	2.750890048
chr3	2105605	9.328509787	2.752160592
chr3	2105905	9.329460808	2.754959145
chr3	2105957	9.372712039	2.755444277
chr3	2106064	9.472514749	2.756447157
chr3	2106067	9.202545383	2.756475574
chr3	2106071	10.02415083	2.756512385
chr3	2106081	10.07235664	2.756612626
chr3	2106108	10.99743261	2.75688458
chr3	2106144	6.771350339	2.757280487
chr3	2106177	7.080208076	2.757503942
chr3	2106375	8.106187513	2.758905823
chr3	2108277	8.2547051	2.774323792
chr3	2110408	7.474792821	2.791914568
chr3	2110465	6.726415701	2.792340631
chr3	2110480	5.998347485	2.792441528
chr3	2110486	6.205222547	2.792477518
chr3	2110487	5.547301661	2.792483723
chr3	2129076	6.84764375	2.895602514
chr3	2129088	6.686857902	2.895684685
chr3	2131371	6.799765603	2.910950782
chr3	2131376	6.515246823	2.910984781
chr3	2131403	6.373135396	2.911160692
chr3	2131410	6.257847705	2.911205304
chr3	2131511	6.221999467	2.911837347
chr3	2131913	4.629565955	2.914338591
chr3	2131934	4.716684021	2.914435812
chr3	2131939	4.831704213	2.914459395
chr3	2133251	4.38603481	2.920798591
chr3	2133323	4.034697803	2.921114385
chr3	2133409	4.067104976	2.921461369
chr3	2191186	3.858331727	3.156446494
chr3	2191197	3.512837169	3.156488935
chr3	2191251	3.000672465	3.156678629
chr3	2191372	28.20762955	3.15704171
chr3	2191854	28.83472136	3.170637787
chr3	2191858	43.71027742	3.170753126
chr3	2191886	43.43126372	3.171977014
chr3	2191896	36.39105282	3.172411327
chr3	2191926	36.28659091	3.173503058
chr3	2191980	30.21904073	3.175462534
chr3	2192037	11.55345687	3.177185019
chr3	2192069	7.817899672	3.17755473
chr3	2192118	12.34108093	3.177937807
chr3	2192150	13.56564326	3.178332722
chr3	2194438	10.45664174	3.209370914
chr3	2196051	8.572989936	3.226237477
chr3	2196662	7.73483921	3.231475573
chr3	2196691	7.697695556	3.231699884
chr3	2196886	11.97375896	3.233200934
chr3	2196887	10.98190962	3.233212908
chr3	2196931	10.21542915	3.233696112
chr3	2196968	9.792932935	3.234074083
chr3	2196984	9.034800894	3.23423077
chr3	2197055	11.24072092	3.234872241
chr3	2197593	24.70195742	3.240919749
chr3	2197770	25.34197659	3.245291995
chr3	2197791	9.440040975	3.245824177
chr3	2197884	10.09297381	3.246702101
chr3	2197893	11.20259193	3.246792937
chr3	2197968	11.5846279	3.247633132
chr3	2198040	13.1988801	3.248467225
chr3	2198052	13.19109268	3.248625611
chr3	2201517	17.08305242	3.294332748
chr3	2201611	21.28915023	3.295938555
chr3	2202327	16.13681712	3.311181586
chr3	2202473	16.44082104	3.313537561
chr3	2202996	12.17697164	3.322136111
chr3	2203062	10.18690822	3.322939791
chr3	2203078	11.20318109	3.323102781
chr3	2203109	7.495132269	3.32345008
chr3	2203534	5.14877593	3.326635511
chr3	2203595	5.339493958	3.326949587
chr3	2203609	5.721860304	3.32702434
chr3	2206708	3.407129003	3.344756385
chr3	2206734	3.571240863	3.34484497
chr3	2206743	3.624297349	3.344877111
chr3	2208656	3.746967867	3.351810392
chr3	2208672	3.083823789	3.351870343
chr3	2208930	2.842585808	3.35266597
chr3	2209034	2.870558105	3.352961599
chr3	2209180	2.543715675	3.3533807
chr3	2213233	2.653797751	3.36369038
chr3	2213257	1.686913138	3.363754071
chr3	2213322	2.016341054	3.363863721
chr3	2213352	2.23293297	3.363924211
chr3	2213355	2.378320789	3.36393091
chr3	2213365	2.484478036	3.363954693
chr3	2213444	2.591231241	3.364150967
chr3	2213476	2.737228966	3.364233886
chr3	2213511	2.844351055	3.364329689
chr3	2213904	3.047958205	3.365447519
chr3	2214246	3.159467757	3.366489921
chr3	2220491	3.714315939	3.386220797
chr3	2231504	3.914779787	3.427126558
chr3	2232226	4.099649837	3.429953029
chr3	2232393	4.334308606	3.430637671
chr3	2238645	4.229056951	3.457735768
chr3	2238729	3.812395572	3.458091009
chr3	2238744	3.76384536	3.458148195
chr3	2246735	3.740178882	3.488225083
chr3	2246745	3.218219181	3.488262485
chr3	2246759	10.18154088	3.48830754
chr3	2246798	9.90107785	3.48870462
chr3	2247208	9.998783454	3.492764062
chr3	2247244	10.01703838	3.493124018
chr3	2247261	2.668292352	3.493294308
chr3	2247263	7.182053177	3.493299644
chr3	2247320	7.30886458	3.493709021
chr3	2247329	7.197355028	3.493774801
chr3	2247920	7.340971274	3.498028438
chr3	2247949	7.233849185	3.498241326
chr3	2247988	7.460196599	3.498523446
chr3	2248001	7.353443394	3.498620429
chr3	2248044	7.273994069	3.498936627
chr3	2248048	63.03513122	3.498965723
chr3	2248114	21.59813705	3.503126042
chr3	2248116	24.3883992	3.503169238
chr3	2248369	10.85471621	3.509339503
chr3	2248389	11.00648231	3.509556597
chr3	2248397	11.23955474	3.509644649
chr3	2248433	11.85863018	3.510049273
chr3	2248545	12.77890057	3.51137744
chr3	2248587	41.4913811	3.511914153
chr3	2248611	51.44259949	3.512909947
chr3	2248639	44.62561868	3.514350339
chr3	2248660	44.86259887	3.515287477
chr3	2248768	26.62912955	3.520132638
chr3	2248877	28.34478063	3.523035213
chr3	2248906	29.44410935	3.523857212
chr3	2248997	30.80003442	3.526536626
chr3	2249088	17.7646663	3.529339429
chr3	2249613	18.4799944	3.538665879
chr3	2251002	19.71298741	3.564334591
chr3	2252903	20.04078824	3.60180898
chr3	2252940	21.00179349	3.602550489
chr3	2252954	21.34402435	3.602844514
chr3	2252969	23.62055027	3.603164675
chr3	2252999	22.60224261	3.603873291
chr3	2254392	24.59110576	3.635358215
chr3	2255651	24.18881611	3.666318417
chr3	2257548	23.76193918	3.712204601
chr3	2258184	24.39817706	3.727317195
chr3	2258421	26.61644185	3.733099563
chr3	2258749	26.57054159	3.741829756
chr3	2259545	26.64769201	3.762979907
chr3	2260082	27.17996076	3.777289717
chr3	2261032	27.31790711	3.80311068
chr3	2261246	27.71891921	3.808956712
chr3	2262808	31.23100299	3.852253664
chr3	2264066	29.82174131	3.891542266
chr3	2264157	28.7431282	3.894256044
chr3	2264225	23.87493965	3.896210577
chr3	2264227	23.6440578	3.896258327
chr3	2264453	23.34539017	3.901601884
chr3	2268639	24.30394011	3.999325687
chr3	2268647	24.30619486	3.999520119
chr3	2268788	25.81840585	4.002947292
chr3	2268815	26.03219065	4.003644389
chr3	2268839	26.54598877	4.004269162
chr3	2269072	26.58964214	4.010454377
chr3	2269098	26.40528079	4.011145708
chr3	2272510	25.75565206	4.101240526
chr3	2272624	28.87238358	4.10417667
chr3	2272649	30.51521277	4.10489848
chr3	2272727	37.64939898	4.107278666
chr3	2272737	37.95280144	4.10765516
chr3	2272877	38.57881333	4.112968553
chr3	2272940	37.78089491	4.115399018
chr3	2273499	34.9309808	4.136518538
chr3	2273523	35.25339564	4.137356882
chr3	2273607	35.33373009	4.140318167
chr3	2273700	35.36205846	4.143604204
chr3	2273796	36.62324189	4.146998961
chr3	2273824	36.38736782	4.148024412
chr3	2274070	37.91822104	4.156975705
chr3	2274072	38.06787035	4.157051541
chr3	2274151	44.79529954	4.160058903
chr3	2274171	44.48534002	4.160954809
chr3	2274178	55.35537627	4.161266206
chr3	2274197	52.70199229	4.162317958
chr3	2274512	54.35847056	4.178919086
chr3	2274798	53.90723401	4.194465608
chr3	2275206	60.12382515	4.21645976
chr3	2275207	55.20217559	4.216519884
chr3	2275243	58.21366172	4.218507162
chr3	2275255	59.98929269	4.219205726
chr3	2275276	59.94180392	4.220465501
chr3	2275281	65.80553092	4.22076521
chr3	2276019	65.73531387	4.269329692
chr3	2276025	64.36816224	4.269724104
chr3	2276047	59.06880328	4.271140203
chr3	2276054	58.58663516	4.271553685
chr3	2276214	54.32489153	4.280927547
chr3	2276274	96.58168428	4.28418704
chr3	2276337	96.82841665	4.290271686
chr3	2276338	96.66031902	4.290368515
chr3	2276411	101.3300922	4.297424718
chr3	2276444	99.83628724	4.300768611
chr3	2276447	75.98344803	4.30106812
chr3	2276468	74.04098874	4.302663772
chr3	2276484	85.46903786	4.303848428
chr3	2276491	87.1451158	4.304446711
chr3	2276495	85.55294035	4.304795292
chr3	2276506	86.150501	4.305736374
chr3	2276511	86.01752798	4.306167127
chr3	2276539	87.65508356	4.308575617
chr3	2276592	91.70868668	4.313221337
chr3	2276601	96.55003949	4.314046715
chr3	2276787	98.0315897	4.332005022
chr3	2276812	100.7937887	4.334455812
chr3	2276880	92.778522	4.34130979
chr3	2276900	94.39954079	4.34316536
chr3	2277108	90.09008143	4.362800465
chr3	2277132	85.9827238	4.364962627
chr3	2277159	86.49002173	4.36728416
chr3	2277342	85.92481641	4.383111834
chr3	2277346	93.98835443	4.383455533
chr3	2280826	91.64425503	4.710535007
chr3	2280835	94.51782112	4.711359805
chr3	2280973	95.05211393	4.724403264
chr3	2281119	94.65908054	4.738280873
chr3	2281180	95.80496361	4.744055077
chr3	2281398	94.72170609	4.764940559
chr3	2281841	86.51744096	4.806902275
chr3	2281844	84.29245798	4.807161827
chr3	2281879	84.65023771	4.810112063
chr3	2281887	81.70458398	4.810789265
chr3	2282544	81.78742308	4.864469177
chr3	2282600	78.30267027	4.869049273
chr3	2282615	80.46381293	4.870223813
chr3	2282643	78.96728766	4.872476799
chr3	2284232	78.03898427	4.997955819
chr3	2284236	77.51968944	4.998267975
chr3	2284288	68.53454091	5.002298999
chr3	2284302	76.06085276	5.003258483
chr3	2284322	101.6874205	5.0047797
chr3	2284326	99.58966733	5.00518645
chr3	2284431	63.58532575	5.015643365
chr3	2284896	55.99244226	5.045210541
chr3	2284899	54.64470718	5.045378518
chr3	2284965	43.6732935	5.048985069
chr3	2285226	38.76182037	5.060383799
chr3	2285529	23.48169035	5.07212863
chr3	2285575	22.27400685	5.073208788
chr3	2285643	14.98283018	5.07472342
chr3	2285712	14.76675389	5.075757236
chr3	2285975	11.14362563	5.079640892
chr3	2286000	62.80637675	5.079919483
chr3	2286015	61.33521054	5.080861578
chr3	2286025	95.81250501	5.08147493
chr3	2286071	41.08368937	5.085882306
chr3	2286095	41.84473362	5.086868314
chr3	2286128	42.09801761	5.08824919
chr3	2286132	7.941550749	5.088417582
chr3	2286135	8.182568081	5.088441407
chr3	2286965	5.05771366	5.095232939
chr3	2287053	5.126314347	5.095678017
chr3	2340148	4.783136958	5.367859678
chr3	2340161	4.382253121	5.367921858
chr3	2340829	3.527367451	5.370849204
chr3	2340838	3.459978552	5.37088095
chr3	2340853	3.600055996	5.37093285
chr3	2340917	3.369033554	5.371163253
chr3	2340944	3.301774889	5.371254217
chr3	2340951	3.726670154	5.371277329
chr3	2340993	3.861587097	5.37143385
chr3	2341541	3.726396885	5.373549999
chr3	2341544	4.27536571	5.373561179
chr3	2341688	4.191027511	5.374176831
chr3	2342849	4.234748274	5.379042614
chr3	2342954	4.169894618	5.379487263
chr3	2348006	4.110307945	5.40055357
chr3	2348051	4.121329769	5.400738534
chr3	2348264	3.394411471	5.401616377
chr3	2348321	3.359840892	5.401809859
chr3	2348385	2.289406305	5.402024889
chr3	2348622	2.230429302	5.402567478
chr3	2348670	2.25442842	5.402674539
chr3	2348711	2.299987931	5.40276697
chr3	2348725	2.315998827	5.40279917
chr3	2350298	2.735530888	5.406442236
chr3	2350354	2.759520629	5.406595426
chr3	2350429	3.136446626	5.40680239
chr3	2350444	3.161565241	5.406849437
chr3	2426563	2.878479428	5.647504621
chr3	2426595	2.75094711	5.647596733
chr3	2426750	2.651914699	5.648023129
chr3	2426764	2.727522941	5.648060256
chr3	2426769	3.000989183	5.648073894
chr3	2427024	3.534018977	5.648839146
chr3	2427227	3.470285912	5.649556552
chr3	2427236	3.450362933	5.649587784
chr3	2427237	3.474674079	5.649591235
chr3	2437089	2.572862224	5.683823724
chr3	2497310	2.969408061	5.83876406
chr3	2497376	2.944658334	5.838960041
chr3	2497826	2.878286411	5.840285137
chr3	2498022	2.750234498	5.840849281
chr3	2498547	2.661850785	5.842293154
chr3	2498628	2.645326348	5.842508764
chr3	2498856	2.552969137	5.843111899
chr3	2499588	2.573284632	5.844980672
chr3	2499608	2.593602365	5.845032138
chr3	2500832	2.614057995	5.848206707
chr3	2503576	2.655601348	5.855379682
chr3	2503772	2.883998831	5.85590018
chr3	2504015	2.881269758	5.856600992
chr3	2504026	2.897580736	5.856632686
chr3	2504042	2.946346701	5.856679047
chr3	2504069	2.995330535	5.856758598
chr3	2504095	2.931955546	5.856836477
chr3	2504131	2.324179276	5.856942027
chr3	2511948	2.374432445	5.875110137
chr3	2558868	2.118283182	5.986518507
chr3	2558914	2.20675784	5.986615948
chr3	2569164	2.078342273	6.009235216
chr3	2569180	2.124734099	6.009268469
chr3	2571384	2.159358303	6.013951383
chr3	2571589	2.281294578	6.014394052
chr3	2571729	2.264777141	6.014713433
chr3	2578757	2.307952443	6.030630287
chr3	2578963	2.258654408	6.031105725
chr3	2578981	2.270056502	6.031146381
chr3	2579135	2.365390571	6.031495969
chr3	2579138	2.473607483	6.031503066
chr3	2579147	2.516933384	6.031525328
chr3	2579381	2.46794955	6.03211429
chr3	2579423	2.737451201	6.032217944
chr3	2579547	3.142263792	6.032557388
chr3	2579566	3.243735552	6.032617091
chr3	2637079	3.040819042	6.219174054
chr3	2637096	3.583256448	6.219225748
chr3	2637134	3.626360408	6.219361912
chr3	2648212	4.538922061	6.259534732
chr3	2648215	4.485198777	6.259548349
chr3	2648228	6.275170454	6.259606657
chr3	2648238	6.705800684	6.259669408
chr3	2660606	8.848959547	6.342606751
chr3	2660660	10.20771559	6.343084595
chr3	2662971	10.3992959	6.366674626
chr3	2664157	10.45375779	6.379008191
chr3	2664201	10.07006612	6.379468156
chr3	2664294	9.060079828	6.380404672
chr3	2664399	9.030400754	6.381355981
chr3	2664405	11.211146	6.381410163
chr3	2664512	11.48644977	6.382609756
chr3	2664529	11.26000139	6.382805025
chr3	2664629	11.40291103	6.383931026
chr3	2664643	11.36426705	6.384090666
chr3	2664645	11.36531011	6.384113395
chr3	2664932	12.56724322	6.387375239
chr3	2665137	12.59312379	6.389951524
chr3	2665144	9.169607987	6.390039676
chr3	2677374	13.20080574	6.502183981
chr3	2677388	18.29433665	6.502368792
chr3	2677888	19.99436914	6.511515961
chr3	2677912	23.7063445	6.511995826
chr3	2677930	23.2590602	6.51242254
chr3	2677937	26.51061396	6.512585353
chr3	2677943	28.0277079	6.512744417
chr3	2677957	29.46537731	6.513136805
chr3	2677958	29.42789094	6.51316627
chr3	2677963	32.77664039	6.51331341
chr3	2677967	33.67161452	6.513444516
chr3	2677984	33.38446028	6.514016934
chr3	2677989	33.17157607	6.514183856
chr3	2680022	33.99356035	6.58162167
chr3	2680035	33.75919973	6.582063586
chr3	2680058	21.88057295	6.582840048
chr3	2680101	29.29412792	6.583780913
chr3	2680120	29.04779575	6.584337501
chr3	2680135	36.36198554	6.584773218
chr3	2680251	65.63187129	6.588991208
chr3	2681002	65.40633663	6.638280744
chr3	2681010	64.26641306	6.638803994
chr3	2681177	64.202444	6.649536485
chr3	2682227	24.87738856	6.716949052
chr3	2682256	25.00688659	6.717670496
chr3	2682266	22.54201184	6.717920565
chr3	2682278	27.74004482	6.718191069
chr3	2682279	35.63691338	6.718218809
chr3	2682284	34.82876056	6.718396993
chr3	2682292	34.90053655	6.718675624
chr3	2682654	35.2430181	6.731309618
chr3	2682757	63.26514247	6.734939649
chr3	2682830	14.45732589	6.739558004
chr3	2682832	15.16467856	6.739586919
chr3	2682883	16.63276781	6.740360317
chr3	2682974	20.94591497	6.741873899
chr3	2682988	26.20760017	6.742167142
chr3	2684584	16.08608477	6.783994472
chr3	2732192	14.93784487	7.549820796
chr3	2732211	17.99241173	7.550104615
chr3	2733076	25.09145044	7.565668051
chr3	2733153	25.37913079	7.567600092
chr3	2733154	25.40928134	7.567625472
chr3	2733387	28.37553008	7.573545834
chr3	2733415	28.28643352	7.574340349
chr3	2733689	25.44611883	7.582090832
chr3	2733708	25.38430924	7.582574308
chr3	2735038	25.03015059	7.616335439
chr3	2735204	23.79758443	7.620490444
chr3	2736881	23.72915045	7.660398993
chr3	2736971	23.44352025	7.662534617
chr3	2737057	23.30748486	7.66455076
chr3	2737082	28.50675616	7.665133447
chr3	2737089	28.52841905	7.665332994
chr3	2737108	32.08740557	7.665875034
chr3	2737133	32.0201469	7.666677219
chr3	2737828	31.95086078	7.688931221
chr3	2738240	37.78930244	7.702094976
chr3	2738283	37.91323409	7.703719916
chr3	2738941	26.69975977	7.728666824
chr3	2738944	26.63189607	7.728746923
chr3	2738947	26.82234886	7.728826819
chr3	2738991	26.1986683	7.730007002
chr3	2741337	21.03040609	7.791469078
chr3	2741374	21.48572658	7.792247203
chr3	2741547	21.42350684	7.795964234
chr3	2741565	20.90730598	7.796349857
chr3	2741675	20.21778532	7.798649661
chr3	2741680	17.71170656	7.79875075
chr3	2741774	16.65082924	7.80041565
chr3	2751236	15.35398516	7.957965796
chr3	2751260	47.09813638	7.958334292
chr3	2751336	46.15721351	7.96191375
chr3	2751371	12.81461511	7.963529253
chr3	2751674	13.68349176	7.967412081
chr3	2751677	13.02432786	7.967453132
chr3	2751718	13.05929535	7.967987129
chr3	2751821	14.17704065	7.969332236
chr3	2752345	14.50774006	7.976761006
chr3	2752350	14.40160724	7.976833544
chr3	2752356	14.1008976	7.976919954
chr3	2752357	14.09709314	7.976934055
chr3	2754471	10.72739292	8.00673531
chr3	2755473	9.46510903	8.017484158
chr3	2755675	7.100744642	8.01939611
chr3	2757434	6.957226624	8.031886319
chr3	2757469	10.90641659	8.032129822
chr3	2758317	10.9332957	8.041378464
chr3	2758382	11.10638212	8.042089128
chr3	2758606	9.27135405	8.044576957
chr3	2758690	9.191620778	8.045355751
chr3	2759129	10.06456037	8.049390873
chr3	2762445	9.926152566	8.082764955
chr3	2764169	9.869540373	8.099877642
chr3	2764239	9.914087045	8.10056851
chr3	2764308	9.267108703	8.101252582
chr3	2765152	8.703547672	8.109074022
chr3	2767037	8.745187387	8.125480209
chr3	2767150	11.36154945	8.126468415
chr3	2767318	14.19377613	8.128377155
chr3	2768485	13.79947616	8.144941292
chr3	2768560	8.453429086	8.145976253
chr3	2769690	8.576365321	8.155528628
chr3	2769691	8.696119703	8.155537204
chr3	2769748	8.946395857	8.156032883
chr3	2769762	8.989356967	8.156158132
chr3	2769816	9.007918544	8.156643558
chr3	2769900	9.225303184	8.157400223
chr3	2769994	9.400189214	8.158267401
chr3	2770010	9.414397676	8.158417804
chr3	2771009	8.675871872	8.167822788
chr3	2771025	8.937443149	8.167961602
chr3	2771053	8.979018573	8.16821185
chr3	2771112	8.970523872	8.168741612
chr3	2771330	8.425798868	8.170697186
chr3	2772005	8.638186225	8.176384601
chr3	2799218	8.291251695	8.411455562
chr3	2799228	6.446632562	8.411538475
chr3	2799232	4.340063562	8.411564261
chr3	2799283	3.663438777	8.411785605
chr3	2799540	3.72848978	8.412727108
chr3	2799557	3.789741532	8.412790493
chr3	2799698	3.761049207	8.413324846
chr3	2799699	3.935961278	8.413328607
chr3	2799721	3.822111619	8.413415198
chr3	2799736	3.664461271	8.41347253
chr3	2820694	3.835380427	8.490272309
chr3	2820728	4.609252833	8.490402712
chr3	2820790	4.417946738	8.490688486
chr3	2821999	4.270240422	8.496029784
chr3	2822028	4.617795563	8.496153621
chr3	2837516	4.396942948	8.567674038
chr3	2837543	4.159168503	8.567792756
chr3	2837722	3.943278185	8.568537247
chr3	2837735	3.476925284	8.568588509
chr3	2837776	3.640909574	8.568731063
chr3	2837798	3.858861999	8.568811163
chr3	2838598	3.874179133	8.571898253
chr3	2844714	3.885110423	8.595592733
chr3	2844725	3.47070993	8.595635469
chr3	2845368	3.495773764	8.597867135
chr3	2845373	4.214960918	8.597884614
chr3	2855509	4.184810369	8.640607458
chr3	2855581	3.932958964	8.640908764
chr3	2855632	3.966803972	8.641109345
chr3	2855714	8.534750786	8.641434623
chr3	2855927	8.461302829	8.643252525
chr3	2855957	8.445175412	8.643506364
chr3	2856005	20.30462567	8.643911733
chr3	2856720	27.76862805	8.65842954
chr3	2856722	27.57654899	8.658485077
chr3	2856966	28.24863325	8.665213755
chr3	2857010	28.22211465	8.666456695
chr3	2857218	28.24371767	8.672326895
chr3	2857250	29.61054631	8.673230694
chr3	2857318	29.6954736	8.675244211
chr3	2857336	29.7219607	8.67577873
chr3	2857348	31.1939875	8.676135393
chr3	2857349	43.78738656	8.676166587
chr3	2857886	26.57253277	8.699680414
chr3	2857903	26.56964941	8.700132147
chr3	2858804	24.03420577	8.724071401
chr3	2859785	21.65587117	8.747648957
chr3	2859850	20.21652342	8.749056588
chr3	2859909	18.83465877	8.750249363
chr3	2859949	12.52515369	8.75100275
chr3	2859976	4.984210496	8.751340929
chr3	2860182	5.285998122	8.752367676
chr3	2860199	5.300905453	8.752457538
chr3	2860244	5.585233779	8.752696079
chr3	2862455	4.913149518	8.765045031
chr3	2918468	5.045255533	9.040245275
chr3	2919825	4.820987319	9.047091686
chr3	2920173	4.863301855	9.04876939
chr3	2920648	4.802525392	9.051079458
chr3	2920677	4.402927823	9.051218732
chr3	2920711	4.341980666	9.051368431
chr3	2921588	4.520834423	9.055176348
chr3	2922247	4.3881863	9.058155578
chr3	2924442	4.404149047	9.067787647
chr3	2925118	4.500802539	9.070764852
chr3	2925873	4.660550716	9.074162958
chr3	2926047	4.551016731	9.074973894
chr3	2953339	4.51258491	9.199180242
chr3	2962974	4.477658799	9.242658998
chr3	2963199	4.016286684	9.243666471
chr3	2963213	3.857744229	9.243722699
chr3	2963224	3.751458893	9.243765134
chr3	2963225	3.71682136	9.243768886
chr3	2963286	3.502146869	9.243995612
chr3	2992401	3.152786697	9.345960618
chr3	2992407	2.826465916	9.345979535
chr3	2992433	2.747636146	9.346053023
chr3	2992555	2.62030841	9.346388234
chr3	2992557	2.567839765	9.346393475
chr3	2993085	2.525685445	9.347749294
chr3	2993773	2.509207038	9.349486966
chr3	2993914	2.427445571	9.349840764
chr3	2993916	2.373816178	9.349845619
chr3	2995251	2.269590428	9.353014664
chr3	2995349	2.111347158	9.353237083
chr3	2995395	2.082421953	9.353334205
chr3	2995473	2.50390687	9.353496634
chr3	2995490	3.673211131	9.353539201
chr3	2996069	3.646104149	9.35566599
chr3	2996077	3.623851612	9.355695159
chr3	2996089	3.617415733	9.355738645
chr3	2996118	3.563221281	9.35584355
chr3	2996132	3.451156197	9.355893435
chr3	2996467	3.448842088	9.357049573
chr3	2996614	9.19725709	9.357556552
chr3	2996661	10.2352623	9.357988823
chr3	2996670	10.19489728	9.358080941
chr3	2998259	5.298776937	9.374280633
chr3	2998319	6.404282033	9.374598559
chr3	2998340	9.272378366	9.374733049
chr3	3000215	6.153348954	9.392118758
chr3	3001656	5.514951212	9.400985734
chr3	3001681	6.014419193	9.401123608
chr3	3002978	6.035145828	9.40892431
chr3	3003012	5.360677112	9.409129505
chr3	3004367	5.436502867	9.416393222
chr3	3007830	4.641498316	9.435219832
chr3	3008517	4.721170231	9.438408541
chr3	3008648	4.767580055	9.439027014
chr3	3008893	4.817041347	9.440195071
chr3	3008954	4.984217331	9.440488911
chr3	3008974	3.920283699	9.440588595
chr3	3009067	2.716624304	9.440953182
chr3	3009186	2.846308911	9.44127646
chr3	3074689	2.417888427	9.627718233
chr3	3074703	2.463524343	9.627752083
chr3	3075561	2.422903639	9.629865787
chr3	3076107	2.639373628	9.631188692
chr3	3076713	2.681260137	9.632788153
chr3	3076740	3.455676573	9.632860547
chr3	3079435	3.461760538	9.642173595
chr3	3079444	3.432113855	9.642204751
chr3	3079445	3.339204673	9.642208183
chr3	3083478	2.363126479	9.655675196
chr3	3083736	2.377614755	9.656284882
chr3	3155245	2.338584489	9.826305736
chr3	3155284	2.319334436	9.82639694
chr3	3155433	2.226766686	9.826742521
chr3	3155540	3.293576125	9.826980785
chr3	3155547	3.178239955	9.82700384
chr3	3155550	3.13143028	9.827013375
chr3	3155554	3.025879614	9.827025901
chr3	3155625	3.011707716	9.827240738
chr3	3158546	3.209389365	9.836037937
chr3	3158565	3.654353058	9.836098915
chr3	3158654	3.688240541	9.836424152
chr3	3160178	4.488820078	9.842045031
chr3	3160220	4.466042555	9.842233561
chr3	3160362	5.101760375	9.842867739
chr3	3160776	5.803504812	9.844979868
chr3	3160830	6.620393764	9.845293257
chr3	3164759	6.575007136	9.871304785
chr3	3164783	5.635154701	9.871462585
chr3	3164786	6.084958915	9.87147949
chr3	3164872	45.13807409	9.872002797
chr3	3164947	45.14994449	9.875388152
chr3	3164954	44.75807381	9.875704202
chr3	3164965	5.049132528	9.876196541
chr3	3165083	5.086909094	9.876792338
chr3	3165346	4.270020142	9.878130195
chr3	3165358	4.281904038	9.878181436
chr3	3166033	3.54381023	9.881071721
chr3	3166062	3.57391745	9.881174491
chr3	3166165	2.897236357	9.881542605
chr3	3166166	2.935454374	9.881545502
chr3	3166193	2.946998448	9.881624759
chr3	3166720	2.9589285	9.883177828
chr3	3166738	2.970867704	9.883231088
chr3	3167503	2.662494343	9.885503802
chr3	3167569	1.441128533	9.885679527
chr3	3167626	1.421913989	9.885761671
chr3	3167640	1.559311528	9.885781578
chr3	3168181	1.590091912	9.886625165
chr3	3168695	1.588443402	9.887442473
chr3	3168706	1.605031105	9.887459945
chr3	3168726	1.639861089	9.887492046
chr3	3168947	1.680746805	9.887854455
chr3	3168951	1.713038484	9.887861178
chr3	3168961	1.771243131	9.887878309
chr3	3169015	1.865646977	9.887973956
chr3	3169068	1.925257206	9.888072835
chr3	3171617	2.216110851	9.892980316
chr3	3171719	2.369221631	9.893206359
chr3	3174672	2.413733538	9.900202671
chr3	3175079	2.499616621	9.90118506
chr3	3250492	3.166643558	10.08968865
chr3	3252016	3.705598725	10.09451461
chr3	3257764	3.790225965	10.11581439
chr3	3257802	3.84169428	10.11595842
chr3	3257843	3.871653275	10.11611593
chr3	3262570	3.904778985	10.13441724
chr3	3262611	3.899962142	10.13457733
chr3	3262671	4.003803522	10.13481133
chr3	3262693	4.313330487	10.13489941
chr3	3262726	4.737865287	10.13504175
chr3	3262738	4.769358261	10.13509861
chr3	3262814	4.786667195	10.13546108
chr3	3364339	4.870900924	10.62142747
chr3	3364555	5.296051984	10.62247958
chr3	3365899	5.32045867	10.62959748
chr3	3365922	5.202917793	10.62971985
chr3	3475538	22.73331221	11.20004288
chr3	3475606	23.04607093	11.20158875
chr3	3475636	34.43495724	11.20228013
chr3	3475673	34.33880287	11.20355422
chr3	3475674	34.30950557	11.20358856
chr3	3475696	35.03699148	11.20434337
chr3	3475726	38.84141312	11.20539448
chr3	3475746	23.57213207	11.20617131
chr3	3475784	25.1586058	11.20706705
chr3	3475945	44.31809817	11.21111759
chr3	3475954	32.71724752	11.21151645
chr3	3481512	33.56257711	11.39335891
chr3	3481521	33.81956114	11.39366097
chr3	3481538	30.59399504	11.39423591
chr3	3482282	30.56075577	11.41699784
chr3	3482301	29.99968041	11.41757849
chr3	3482328	28.84445041	11.41838848
chr3	3482386	25.43078559	11.42006146
chr3	3482415	30.0984048	11.42079896
chr3	3482536	32.60752004	11.42444086
chr3	3482580	34.67713086	11.42587559
chr3	3482592	34.82517631	11.42629172
chr3	3483615	31.48548408	11.46191787
chr3	3484761	29.91299026	11.49800024
chr3	3484844	27.83178105	11.50048302
chr3	3485240	27.87913141	11.5115044
chr3	3485241	24.58728802	11.51153228
chr3	3485278	24.19201635	11.51244201
chr3	3485301	23.41984042	11.51299843
chr3	3485757	52.72316414	11.52367788
chr3	3485761	48.54509101	11.52388877
chr3	3485821	48.95667892	11.52680147
chr3	3485852	49.10847379	11.52831913
chr3	3485878	19.23811334	11.52959595
chr3	3486028	19.14042768	11.53248167
chr3	3486073	19.71940608	11.53334299
chr3	3486151	19.79738922	11.5348811
chr3	3486268	12.61797614	11.5371974
chr3	3486273	12.80906374	11.53726049
chr3	3502367	12.38076194	11.74340956
chr3	3502408	12.32732387	11.74391717
chr3	3504485	11.54568236	11.76952102
chr3	3504509	12.31759207	11.76979812
chr3	3504518	11.99278675	11.76990897
chr3	3504611	12.54742268	11.7710243
chr3	3508567	12.48346218	11.82066191
chr3	3509957	12.69447335	11.83801392
chr3	3510126	12.39095043	11.84015929
chr3	3510155	11.84397264	11.84051862
chr3	3510160	12.01598936	11.84057784
chr3	3510298	12.2981095	11.84223605
chr3	3510365	12.64199258	11.84306002
chr3	3510504	15.22790498	11.84481726
chr3	3510643	16.14105923	11.84693394
chr3	3510664	16.82062561	11.8472729
chr3	3514867	44.35100254	11.91796999
chr3	3515001	17.0624843	11.92391303
chr3	3516033	23.21439067	11.94152151
chr3	3516963	23.46632473	11.96311089
chr3	3517009	23.97836235	11.96419034
chr3	3517027	23.96767893	11.96462195
chr3	3517036	20.736882	11.96483766
chr3	3517047	20.8760594	11.96506577
chr3	3517049	23.93156524	11.96510752
chr3	3518102	26.25745187	11.99030746
chr3	3518233	23.67342007	11.99374719
chr3	3518266	23.41020406	11.99452841
chr3	3518295	25.5642851	11.9952073
chr3	3518323	26.65670772	11.9959231
chr3	3518327	27.55611536	11.99602973
chr3	3518330	27.77663867	11.9961124
chr3	3524457	27.40612106	12.16629986
chr3	3524508	27.87261961	12.16769758
chr3	3524570	28.02502138	12.16942568
chr3	3525032	27.83716292	12.18237324
chr3	3525078	27.92468221	12.18365375
chr3	3525121	27.36547263	12.18485451
chr3	3525669	29.39193024	12.19985079
chr3	3525670	29.70383532	12.19988018
chr3	3525719	30.19469811	12.20133567
chr3	3525766	32.33155199	12.20275482
chr3	3526296	32.24054248	12.21989054
chr3	3530024	31.60368331	12.34008328
chr3	3530254	31.13424658	12.34735213
chr3	3530514	29.67322508	12.35544704
chr3	3530660	30.88856769	12.35977933
chr3	3530669	29.92939845	12.36005732
chr3	3530723	56.97230628	12.36167351
chr3	3531606	37.3333346	12.41198006
chr3	3531657	37.39852989	12.41388406
chr3	3531671	41.46804801	12.41440764
chr3	3531758	45.54957911	12.41801536
chr3	3532183	45.5820653	12.43737393
chr3	3532297	36.80631606	12.44257028
chr3	3532314	37.13225706	12.44319599
chr3	3532369	37.59076201	12.44523827
chr3	3532401	35.29520168	12.44644117
chr3	3532403	28.20494208	12.44651176
chr3	3532412	61.27710684	12.4467656
chr3	3532416	61.13373947	12.44701071
chr3	3532417	61.54299597	12.44707185
chr3	3532424	61.83104793	12.44750265
chr3	3532429	68.81602	12.4478118
chr3	3532525	28.21359016	12.45441814
chr3	3532538	29.03678198	12.45478492
chr3	3532539	29.80870068	12.45481395
chr3	3532803	29.89735549	12.46268345
chr3	3532977	22.48847116	12.46788559
chr3	3532990	22.8905744	12.46817794
chr3	3533023	23.09189892	12.46893333
chr3	3533043	23.27018379	12.46939517
chr3	3533121	23.37083232	12.47121024
chr3	3533209	25.56181626	12.47326688
chr3	3533223	25.9007762	12.47362474
chr3	3533300	19.74684281	12.4756191
chr3	3533457	21.84040731	12.47871936
chr3	3553637	21.7599638	12.91945877
chr3	3553698	21.57991253	12.92078613
chr3	3553735	19.25937138	12.92158459
chr3	3554171	22.97838196	12.92998168
chr3	3554197	23.79620846	12.93057911
chr3	3554524	23.62313454	12.93836047
chr3	3554547	22.75056572	12.93890381
chr3	3554559	22.99302846	12.93917681
chr3	3554578	32.01435745	12.93961368
chr3	3554625	32.39882783	12.94111835
chr3	3554674	32.37969657	12.9427059
chr3	3554681	32.21391055	12.94293256
chr3	3554911	31.9475325	12.95034175
chr3	3554990	14.4029383	12.95286561
chr3	3554992	14.06227701	12.95289442
chr3	3557360	12.66176714	12.98619389
chr3	3557365	12.51418071	12.9862572
chr3	3557443	12.57200127	12.9872333
chr3	3557465	10.69750525	12.98750989
chr3	3557597	10.7935692	12.98892196
chr3	3569321	10.44720342	13.11546576
chr3	3569502	10.74050214	13.11735671
chr3	3569671	8.762546291	13.11917185
chr3	3569693	7.655025965	13.11936463
chr3	3569697	7.355393208	13.11939525
chr3	3569714	7.663753212	13.11952029
chr3	3569774	8.455915046	13.11998011
chr3	3569814	8.346505355	13.12031835
chr3	3569826	8.885322643	13.12041851
chr3	3569841	8.785720329	13.12055179
chr3	3578719	7.672303761	13.19855141
chr3	3578728	7.111424819	13.19862046
chr3	3578743	7.222162619	13.19872714
chr3	3578806	7.603748418	13.19918213
chr3	3578841	7.862902217	13.19944826
chr3	3578856	10.19800038	13.19956621
chr3	3578858	10.42547618	13.1995866
chr3	3578897	10.55785751	13.1999932
chr3	3578931	11.84707385	13.20035216
chr3	3578998	12.80176262	13.20114592
chr3	3579287	13.01988303	13.20484563
chr3	3579319	13.60804047	13.20526226
chr3	3579328	14.02085901	13.20538474
chr3	3602852	17.17472459	13.53521142
chr3	3602878	16.93920251	13.53565797
chr3	3602893	22.13249932	13.53591205
chr3	3602899	21.40278683	13.53604485
chr3	3602947	23.92781798	13.53707218
chr3	3603273	26.85797724	13.54487265
chr3	3603321	26.70672384	13.54616183
chr3	3603748	26.83631678	13.5575656
chr3	3603788	26.88816853	13.55863906
chr3	3603994	32.48064811	13.56417802
chr3	3604408	81.89406879	13.57762501
chr3	3604532	51.6701573	13.58777987
chr3	3604533	64.56900523	13.58783154
chr3	3604536	65.49124115	13.58802525
chr3	3604537	66.96568979	13.58809074
chr3	3604561	82.21880517	13.58969792
chr3	3604582	83.00388082	13.59142451
chr3	3604606	83.79774149	13.59341661
chr3	3604608	88.66014781	13.5935842
chr3	3604611	95.12076722	13.59385018
chr3	3604651	97.44951318	13.59765501
chr3	3604655	107.5487945	13.59804481
chr3	3604819	58.4546431	13.61568281
chr3	3605129	61.39130666	13.63380375
chr3	3605138	66.29465254	13.63435627
chr3	3605179	68.63671992	13.63707436
chr3	3605205	69.99686684	13.63885891
chr3	3606746	74.70848488	13.74672408
chr3	3606764	78.33287855	13.74806883
chr3	3609253	70.32210309	13.94303937
chr3	3609272	68.85118183	13.94437549
chr3	3609273	68.2365011	13.94444434
chr3	3609281	66.83704618	13.94499023
chr3	3609699	64.14187822	13.97292812
chr3	3609714	61.27521261	13.97389025
chr3	3610085	60.06172667	13.99662335
chr3	3610958	42.86250076	14.04905724
chr3	3610984	42.32888096	14.05017166
chr3	3611068	41.50143576	14.05372729
chr3	3611469	40.37734054	14.07036936
chr3	3611471	38.54381405	14.07045012
chr3	3611608	46.34333112	14.07573062
chr3	3611613	44.75110552	14.07596234
chr3	3611622	44.11819691	14.0763651
chr3	3612043	40.50670525	14.09493886
chr3	3612045	40.53420443	14.09501987
chr3	3612046	46.31440038	14.09506041
chr3	3613106	66.78054899	14.14415367
chr3	3613113	51.84220832	14.14462113
chr3	3613115	42.16850058	14.14472482
chr3	3613132	40.65872384	14.14544168
chr3	3613226	36.19457397	14.1492636
chr3	3613227	6.206030824	14.1492998
chr3	3613271	5.401445803	14.14957286
chr3	3613276	2.457888933	14.14959987
chr3	3613832	2.541526962	14.15096646
chr3	3613856	2.569443166	14.15102745
chr3	3743604	2.541147757	14.48440757
chr3	3745710	2.807489945	14.48975922
chr3	3745730	2.796505987	14.48981537
chr3	3745737	2.768666046	14.48983495
chr3	3745768	2.363189533	14.48992078
chr3	3746004	2.391182965	14.49047849
chr3	3746081	1.789235818	14.49066261
chr3	3746154	1.841934829	14.49079322
chr3	3746160	1.838274894	14.49080428
chr3	3746197	1.78303208	14.49087229
chr3	3746935	4.704106138	14.49218817
chr3	3752725	4.729359042	14.51942494
chr3	3752747	3.459892246	14.51952899
chr3	3752789	2.951181959	14.51967431
chr3	3752826	2.973753365	14.5197835
chr3	3752866	3.072221531	14.51990245
chr3	3752988	3.096654403	14.52027726
chr3	3752990	3.146261613	14.52028345
chr3	3752999	3.270773113	14.52031177
chr3	3753003	3.345574277	14.52032485
chr3	3753030	3.393522612	14.52041518
chr3	3753128	3.367145165	14.52074775
chr3	3753146	3.413478428	14.52080836
chr3	3753177	3.54318053	14.52091418
chr3	3754820	3.160279504	14.52673562
chr3	3755646	2.413621528	14.52934601
chr3	3755664	2.438353169	14.52938946
chr3	3755665	2.46406958	14.5293919
chr3	3755696	2.017097213	14.52946828
chr3	3755731	2.32239276	14.52953888
chr3	3755748	2.371593795	14.52957836
chr3	3761669	2.274687618	14.54362057
chr3	3767475	2.379661428	14.5568274
chr3	3770170	2.183042321	14.56324059
chr3	3770196	2.209625427	14.56329735
chr3	3770276	2.369864523	14.56347412
chr3	3770297	2.788506274	14.56352389
chr3	3770306	2.92822605	14.56354898
chr3	3770338	2.829826054	14.56364269
chr3	3770378	2.91391294	14.56375588
chr3	3770419	3.076285438	14.56387535
chr3	3770458	3.898205735	14.56399533
chr3	3770508	3.924848741	14.56419024
chr3	3770705	4.005272061	14.56496343
chr3	3770741	4.061482798	14.56510762
chr3	3897863	3.978208295	15.08141144
chr3	3898383	3.99001361	15.08348011
chr3	3898403	4.271085649	15.08355991
chr3	3898763	5.47123893	15.0850975
chr3	3898795	5.415590968	15.08527258
chr3	3898810	5.390338064	15.08535381
chr3	3898828	5.364554792	15.08545084
chr3	3899117	7.549897512	15.08700119
chr3	3899189	7.894561121	15.08754479
chr3	3899288	9.97972479	15.08832635
chr3	3903568	10.46551232	15.13103957
chr3	3903781	11.32684095	15.13326872
chr3	3903828	12.04414029	15.13380109
chr3	3903938	13.57182815	15.13512594
chr3	3903961	14.2529704	15.13543809
chr3	3903962	14.22850464	15.13545235
chr3	3903976	14.9137834	15.13565154
chr3	3904783	14.2909044	15.14768697
chr3	3904791	15.13208478	15.14780129
chr3	3904797	15.06915392	15.14789209
chr3	3904798	14.45787463	15.14790716
chr3	3904802	13.77411289	15.14796499
chr3	3904824	13.69343235	15.14826802
chr3	3904828	13.56607969	15.14832279
chr3	3904879	15.36914445	15.14901466
chr3	3904885	16.19907843	15.14910688
chr3	3904897	19.27843611	15.14930127
chr3	3907047	18.09185827	15.1907499
chr3	3907293	16.38989379	15.1952005
chr3	3907388	17.07763997	15.19675754
chr3	3908064	16.18953198	15.20830203
chr3	3908066	16.16275885	15.2083344
chr3	3908971	8.533999991	15.2229617
chr3	3909071	18.65112604	15.2238151
chr3	3909074	19.50143598	15.22387105
chr3	3911162	16.7328736	15.26459005
chr3	3911174	16.93026431	15.26479085
chr3	3911226	16.88160308	15.26567122
chr3	3911441	16.58226273	15.26930077
chr3	3911494	15.90239958	15.27017963
chr3	3911517	14.27014451	15.27054538
chr3	3911520	12.7792351	15.27058819
chr3	3911528	12.49816306	15.27069043
chr3	3911560	12.47172277	15.27109037
chr3	3911569	10.10606509	15.27120261
chr3	3911588	9.056774083	15.27139463
chr3	3912047	9.030726476	15.27555169
chr3	3912087	9.004679053	15.27591292
chr3	3912114	8.525898522	15.27615604
chr3	3912752	6.884731463	15.28159557
chr3	3913266	3.862927019	15.28513432
chr3	3913281	2.436800925	15.28519226
chr3	3913288	2.389883351	15.28520932
chr3	3916238	2.465257579	15.29225947
chr3	3916266	2.442686174	15.2923285
chr3	3916272	2.562703521	15.29234316
chr3	3917914	2.538181486	15.29655112
chr3	3922914	2.568132229	15.30924202
chr3	3927587	2.468721344	15.32124291
chr3	3927665	2.423619225	15.32143547
chr3	3927672	2.422042052	15.32145243
chr3	3927697	2.981934589	15.32151298
chr3	3927703	2.654555913	15.32153087
chr3	3927734	3.373612053	15.32161317
chr3	3962432	3.306151109	15.43867076
chr3	3962658	3.420005769	15.43941795
chr3	3964464	3.568860649	15.44559448
chr3	3964475	3.16165766	15.44563374
chr3	3964542	2.853408234	15.44584557
chr3	3964570	2.890924714	15.44592546
chr3	3964625	2.940853931	15.44608446
chr3	3989227	3.777128821	15.51843535
chr3	3989247	6.231014117	15.51851089
chr3	3989251	6.454493832	15.51853582
chr3	3989374	9.982501731	15.51932972
chr3	3990611	9.921665907	15.53167807
chr3	3990635	9.873975154	15.53191619
chr3	3991103	10.24328845	15.53653722
chr3	3991752	10.27393744	15.54318511
chr3	3992310	10.24532314	15.54891797
chr3	3992322	9.502218825	15.54904091
chr3	3992525	9.958782451	15.55096986
chr3	3992884	9.993194642	15.55454506
chr3	3999400	12.45257498	15.61966072
chr3	3999529	12.0389093	15.6212671
chr3	3999556	11.62649225	15.62159215
chr3	3999580	9.446136092	15.62187119
chr3	3999648	8.847409891	15.62251353
chr3	3999654	36.99766832	15.62256661
chr3	3999777	36.36204591	15.62711732
chr3	3999786	6.382504512	15.62744458
chr3	4000893	6.384947869	15.63451001
chr3	4000900	3.899570407	15.63455471
chr3	4001047	4.98632545	15.63512795
chr3	4001052	4.912888809	15.63515288
chr3	4001092	3.490070713	15.63534939
chr3	4062397	3.439288977	15.84930818
chr3	4062899	3.764088922	15.8510347
chr3	4062902	3.372463473	15.85104599
chr3	4062921	2.991064802	15.85111007
chr3	4062927	2.940993266	15.85112802
chr3	4062934	2.536969734	15.8511486
chr3	4062976	2.47740038	15.85125516
chr3	4062981	2.263543952	15.85126754
chr3	4063016	2.20401305	15.85134677
chr3	4063060	2.141712507	15.85144374
chr3	4063080	2.083549127	15.85148658
chr3	4063091	3.461484978	15.8515095
chr3	4063139	3.426091421	15.85167565
chr3	4063274	3.37627076	15.85213817
chr3	4063315	3.368725228	15.8522766
chr3	4065461	3.101161845	15.85950588
chr3	4065487	3.830989219	15.85958651
chr3	4065489	5.165330846	15.85959417
chr3	4065491	5.14932127	15.85960451
chr3	4070881	5.12591569	15.88735935
chr3	4070958	4.402976368	15.88775404
chr3	4070960	4.360473296	15.88776285
chr3	4070969	22.23360249	15.88780209
chr3	4071096	21.57566233	15.89062576
chr3	4071156	20.98277006	15.8919203
chr3	4071160	1.842521391	15.89200423
chr3	4071206	1.3984296	15.89208899
chr3	4071290	1.423817713	15.89220645
chr3	4071294	1.378785114	15.89221215
chr3	4072234	1.437869799	15.89350821
chr3	4131278	1.368827379	15.97840579
chr3	4131280	1.382329034	15.97840853
chr3	4131293	1.372767398	15.9784265
chr3	4132856	1.365344588	15.98057214
chr3	4134162	1.294349798	15.98235528
chr3	4134671	0.931495632	15.9830141
chr3	4134688	0.8603768617	15.98302994
chr3	4134855	0.9744874182	15.98317362
chr3	4208809	0.987309914	16.05524086
chr3	4208909	0.9542590412	16.05533959
chr3	4208991	0.9067885985	16.05541784
chr3	4210572	0.9597713445	16.05685147
chr3	4210631	0.9132731909	16.0569081
chr3	4216557	0.8937049888	16.06232016
chr3	4216594	0.8485726717	16.06235322
chr3	4216597	0.8153453631	16.06235577
chr3	4216623	0.817488914	16.06237697
chr3	4216676	0.793734659	16.0624203
chr3	4216726	0.7697152399	16.06245998
chr3	4216739	0.6901803332	16.06246999
chr3	4217903	0.7096032407	16.06327336
chr3	4217957	0.6573719951	16.06331168
chr3	4217960	0.6956630026	16.06331365
chr3	4218346	0.8484549947	16.06358218
chr3	4219858	0.8591758645	16.06486504
chr3	4220369	0.9299005536	16.06530408
chr3	4220420	1.000250303	16.0653515
chr3	4222627	2.511268467	16.06755906
chr3	4222668	2.95456355	16.06766202
chr3	4232583	2.207954761	16.09695652
chr3	4232616	2.368237055	16.09702938
chr3	4232618	1.760555692	16.09703411
chr3	4259040	1.610531313	16.14355152
chr3	4259202	1.509668141	16.14381242
chr3	4272449	1.453894584	16.163811
chr3	4272507	1.389387211	16.16389532
chr3	4272530	1.318662521	16.16392728
chr3	4272859	1.298159217	16.16436112
chr3	4272861	1.356292678	16.16436371
chr3	4402625	1.327863603	16.34036168
chr3	4404511	1.204031073	16.34286603
chr3	4404626	1.092378504	16.34300449
chr3	4404993	1.072149566	16.3434054
chr3	4406401	3.741102702	16.34491498
chr3	4407799	7.106590521	16.35014504
chr3	4407837	8.66302003	16.35041509
chr3	4408242	10.13126322	16.35392362
chr3	4409033	10.08490748	16.36193745
chr3	4409051	10.1264311	16.36211897
chr3	4409631	8.11274633	16.3679923
chr3	4409674	8.093019313	16.36834115
chr3	4409690	6.953306398	16.36847064
chr3	4410046	14.24395957	16.37094602
chr3	4410057	21.10394409	16.3711027
chr3	4410067	21.0502391	16.37131374
chr3	4410178	30.01458813	16.37365032
chr3	4410523	29.99495455	16.38400535
chr3	4410528	13.81588838	16.38415533
chr3	4410552	11.97045443	16.38448691
chr3	4410609	17.78917763	16.38516922
chr3	4410619	17.8280968	16.38534711
chr3	4410646	17.78336183	16.38582847
chr3	4410654	17.82319066	16.38597074
chr3	4410894	17.81441307	16.39024831
chr3	4411076	10.75733389	16.39349053
chr3	4411170	12.46257995	16.39450172
chr3	4411243	6.64385675	16.39541149
chr3	4411523	6.683173285	16.39727177
chr3	4411544	3.088761476	16.39741211
chr3	4411817	2.444280771	16.39825534
chr3	4411830	2.681320402	16.39828712
chr3	4411861	2.727377309	16.39837024
chr3	4411871	3.663014278	16.39839752
chr3	4413348	2.254581249	16.40380779
chr3	4413680	2.388634182	16.40455631
chr3	4413814	2.408577449	16.40487639
chr3	4413869	3.074147144	16.40500886
chr3	4413875	3.149865755	16.4050273
chr3	4413878	3.233573417	16.40503675
chr3	4415599	3.222659501	16.41060173
chr3	4415729	2.275218448	16.41102068
chr3	4426276	1.49832617	16.43501741
chr3	4505285	1.474791633	16.55339866
chr3	4505353	1.370802611	16.55349894
chr3	4505363	1.523053735	16.55351265
chr3	4505383	1.608275414	16.55354311
chr3	4505406	1.567970038	16.5535801
chr3	4505407	1.529050865	16.55358167
chr3	4505421	1.81200726	16.55360308
chr3	4507434	1.88961732	16.55725065
chr3	4508147	1.8505659	16.55859795
chr3	4508300	1.991097512	16.55888108
chr3	4510541	2.071650768	16.56334313
chr3	4510593	2.382370586	16.56345086
chr3	4510596	2.411914287	16.56345801
chr3	4510603	2.449062055	16.56347489
chr3	4510613	2.614983018	16.56349938
chr3	4511415	2.839816052	16.5655966
chr3	4511497	3.202345195	16.56582946
chr3	4511547	3.240051102	16.56598958
chr3	4511568	3.316385349	16.56605762
chr3	4511605	3.358096627	16.56618033
chr3	4512440	3.890357076	16.56898434
chr3	4512446	4.146047631	16.56900768
chr3	4582184	4.277173784	16.85814475
chr3	4599656	4.395371233	16.93287553
chr3	4600031	4.353254229	16.93452379
chr3	4600048	5.808166396	16.9345978
chr3	4606979	5.731610603	16.9748542
chr3	4607079	5.498497074	16.97542736
chr3	4607083	5.435855157	16.97544935
chr3	4607215	5.397314125	16.97616689
chr3	4607416	5.380178827	16.97725175
chr3	4607436	5.275173104	16.97735935
chr3	4607486	4.779196967	16.97762311
chr3	4607700	8.71032181	16.97864586
chr3	4607719	8.808717178	16.97881135
chr3	4607722	8.732451036	16.97883778
chr3	4607723	8.801737569	16.97884651
chr3	4608671	8.725788357	16.98719056
chr3	4608742	8.750577843	16.98781009
chr3	4609385	19.69330488	16.99343671
chr3	4609389	19.80091919	16.99351548
chr3	4609392	20.39128802	16.99357489
chr3	4609444	19.41737418	16.99463523
chr3	4609496	19.47810551	16.99564494
chr3	4609761	9.950527964	17.00080664
chr3	4609765	7.747203253	17.00084644
chr3	4609802	7.71316482	17.00113308
chr3	4609911	6.185397444	17.00197382
chr3	4609923	6.887089929	17.00204804
chr3	4612819	8.863463481	17.02199306
chr3	4612820	8.930296953	17.02200192
chr3	4613421	9.249343568	17.02736903
chr3	4613427	8.125081657	17.02742452
chr3	4614114	8.304348346	17.03300646
chr3	4614581	8.337497208	17.03688459
chr3	4614596	8.436392527	17.03700965
chr3	4614682	8.417631784	17.03773518
chr3	4614715	5.959134993	17.03801296
chr3	4614795	6.720512435	17.03848969
chr3	4614823	6.763162128	17.03867787
chr3	4614833	6.277890338	17.0387455
chr3	4615033	5.774812402	17.04000108
chr3	4615048	6.191943926	17.0400877
chr3	4615087	6.472961324	17.04032918
chr3	4615097	6.651664779	17.04039391
chr3	4615210	7.596139804	17.04114555
chr3	4618592	7.258868764	17.0668357
chr3	4618600	7.293259599	17.06689377
chr3	4644321	7.380034195	17.2544837
chr3	4648736	13.5129624	17.28706655
chr3	4649354	7.488484908	17.29541756
chr3	4701060	6.652780088	17.68261716
chr3	4701108	6.968116453	17.68293649
chr3	4701151	7.202501564	17.68323612
chr3	4701320	7.431195346	17.68445334
chr3	4701341	7.472966809	17.6846094
chr3	4701361	7.520880814	17.68475886
chr3	4701362	7.478265608	17.68476638
chr3	4720679	7.342444319	17.82922404
chr3	4720683	7.081941151	17.82925341
chr3	4720785	8.13247558	17.82997576
chr3	4721264	8.636298682	17.83387122
chr3	4721668	8.601998977	17.83736029
chr3	4725869	10.01517334	17.87349728
chr3	4725875	9.949207104	17.87355737
chr3	4725901	9.883114128	17.87381605
chr3	4726077	9.849876264	17.87555548
chr3	4726186	10.04086148	17.87662912
chr3	4726187	10.00766818	17.87663916
chr3	4726195	10.44235948	17.87671922
chr3	4729705	10.3852484	17.9133719
chr3	4730001	10.56107585	17.91644594
chr3	4730349	14.55725225	17.92012119
chr3	4731874	14.52574301	17.942321
chr3	4732394	14.05923804	17.94987439
chr3	4732404	13.9963683	17.95001498
chr3	4732411	13.63635323	17.95011295
chr3	4732426	13.94833237	17.9503175
chr3	4732537	13.24381535	17.95186576
chr3	4732545	17.10570645	17.95197171
chr3	4732588	16.83546735	17.95270726
chr3	4733045	18.13718381	17.96040107
chr3	4733131	19.24166725	17.96196087
chr3	4733136	10.04924075	17.96205707
chr3	4735825	11.58946911	17.98907948
chr3	4735841	11.67411965	17.98926491
chr3	4736930	11.82836235	18.00197803
chr3	4739919	11.78909549	18.037333
chr3	4740168	11.91711709	18.04026849
chr3	4740225	11.54357816	18.04094777
chr3	4744710	11.05022584	18.09272071
chr3	4745370	6.371179956	18.10001386
chr3	4745402	6.298283924	18.10021774
chr3	4745437	6.608831014	18.10043818
chr3	4745502	5.993745986	18.10086775
chr3	4745541	6.089236124	18.10110151
chr3	4745575	6.877938617	18.10130854
chr3	4745609	6.893850745	18.10154239
chr3	4745690	6.862883462	18.1021008
chr3	4745706	9.25806197	18.1022106
chr3	4745736	9.280468997	18.10248834
chr3	4745885	9.449972328	18.10387113
chr3	4768984	9.485387622	18.32215604
chr3	4769133	10.13157268	18.32356937
chr3	4769145	9.977399656	18.32369095
chr3	4769161	9.820116752	18.32385058
chr3	4769215	12.59281991	18.32438087
chr3	4769313	15.48137783	18.32561497
chr3	4773686	14.87385652	18.39331503
chr3	4773808	13.8095187	18.39512964
chr3	4773833	16.97324027	18.39547488
chr3	4774842	13.61710464	18.41260088
chr3	4776074	12.95778198	18.42937715
chr3	4777720	12.08016321	18.45070566
chr3	4777950	12.06662966	18.4534841
chr3	4778110	12.10677664	18.45541476
chr3	4778638	14.46495333	18.46180714
chr3	4778997	14.35414048	18.46700006
chr3	4779008	14.52504472	18.46715795
chr3	4779421	15.03971988	18.4731568
chr3	4780409	15.04186811	18.48801604
chr3	4781210	15.1185936	18.50006458
chr3	4781371	17.88874303	18.50249867
chr3	4781416	18.57913327	18.50330366
chr3	4781839	21.58824052	18.51116264
chr3	4781846	21.66567205	18.51131375
chr3	4781981	21.8498906	18.51423862
chr3	4784165	20.50263277	18.56195878
chr3	4784166	20.14766487	18.56197928
chr3	4784174	22.63003827	18.56214046
chr3	4784175	20.29960112	18.56216309
chr3	4784215	19.81950816	18.56297508
chr3	4784272	20.52456341	18.56410479
chr3	4784279	20.80651255	18.56424846
chr3	4784294	20.94756521	18.56456056
chr3	4784308	20.93364931	18.56485383
chr3	4784679	20.48472471	18.57262021
chr3	4784704	13.52421432	18.57313233
chr3	4786567	12.21078354	18.59832794
chr3	4786601	12.66641073	18.59874311
chr3	4786649	11.99087274	18.59935109
chr3	4786651	12.07755406	18.59937508
chr3	4786653	15.32466347	18.59939923
chr3	4787667	12.89575537	18.61493844
chr3	4787889	12.92588818	18.6178013
chr3	4787899	9.539784711	18.61793056
chr3	4789413	7.622749566	18.63237379
chr3	4790259	7.006569425	18.63882264
chr3	4829210	5.689849827	18.91173552
chr3	4829237	5.513193471	18.91188915
chr3	4829318	5.269806782	18.91233572
chr3	4829489	4.409744241	18.91323685
chr3	4829534	3.652118895	18.91343529
chr3	4833948	3.653610644	18.92955574
chr3	4834336	3.388347089	18.93097335
chr3	4908896	3.318696232	19.1836085
chr3	4910169	3.331913658	19.1878332
chr3	4910312	3.34155448	19.18830967
chr3	4910316	2.704331354	19.18832303
chr3	4910318	2.41476684	19.18832844
chr3	4910321	2.504999461	19.18833569
chr3	4910335	2.430763197	19.18837076
chr3	4910345	2.205306213	19.18839507
chr3	4910375	2.153081769	19.18846122
chr3	4910524	2.266599443	19.18878203
chr3	4911618	2.684835945	19.19126169
chr3	4911619	3.029224698	19.19126438
chr3	4911660	3.007012755	19.19138858
chr3	4911664	3.169313349	19.1914006
chr3	4911671	3.241864296	19.19142279
chr3	4911708	3.259642881	19.19154274
chr3	4911715	3.269321086	19.19156556
chr3	4918237	3.241782078	19.21288807
chr3	4918264	3.30253615	19.2129756
chr3	4918307	4.073831049	19.21311761
chr3	4918337	4.119507499	19.21323982
chr3	4918361	4.200681462	19.21333869
chr3	4919463	3.805809269	19.21796784
chr3	4919764	4.407660001	19.21911339
chr3	4936230	3.716901157	19.29168992
chr3	4936268	3.585957491	19.29183116
chr3	4937177	3.812630909	19.2950908
chr3	4937251	3.966941751	19.29537293
chr3	4937465	3.979717399	19.29622186
chr3	4937570	4.911757685	19.29663973
chr3	4937572	7.483928499	19.29664955
chr3	4937605	7.439645552	19.29689652
chr3	4938084	7.612670762	19.30046011
chr3	4951205	8.291696974	19.40034596
chr3	4951210	8.305111142	19.40038742
chr3	4954216	7.799446431	19.42535259
chr3	4958160	7.703366878	19.4561136
chr3	4958240	6.988506026	19.45672987
chr3	4959376	6.650121279	19.46466881
chr3	4959377	6.311752051	19.46467546
chr3	4959402	6.337051899	19.46483326
chr3	4959405	5.995059047	19.46485227
chr3	4959416	5.826176493	19.46491821
chr3	4961833	5.83954119	19.47900008
chr3	4962078	5.672814014	19.48043077
chr3	4962399	5.566625737	19.48225174
chr3	4962413	4.801382618	19.48232968
chr3	4962423	4.759979964	19.48237769
chr3	4962494	4.718058463	19.48271565
chr3	4962519	3.836614708	19.4828336
chr3	4962727	3.872435841	19.48363162
chr3	4970624	3.816410843	19.51421224
chr3	4971213	3.853779327	19.51646011
chr3	4971335	4.098880588	19.51693027
chr3	4971490	4.14021055	19.5175656
chr3	5226072	4.744222988	20.57158868
chr3	5226102	4.71940667	20.571731
chr3	5226223	4.816182339	20.57230205
chr3	5226261	4.902708466	20.57248507
chr3	5234867	4.983326759	20.61467778
chr3	5236736	4.943665047	20.62399161
chr3	5236748	5.095442492	20.62405094
chr3	5236797	5.081992378	20.62430062
chr3	5237803	8.095433938	20.6294131
chr3	5237815	8.09546614	20.62951025
chr3	5237864	7.999731277	20.62990692
chr3	5237934	7.96081575	20.6304669
chr3	5238536	8.048080365	20.63525932
chr3	5239691	8.145086273	20.64455485
chr3	5239974	15.30524153	20.64685991
chr3	5239975	12.09708096	20.64687521
chr3	5240034	12.2250153	20.64758894
chr3	5240039	12.70425513	20.64765007
chr3	5240040	12.84564217	20.64766277
chr3	5240051	12.81323231	20.64780407
chr3	5240272	12.80173304	20.6506358
chr3	5240338	12.78954856	20.65148071
chr3	5240519	6.264751212	20.65379562
chr3	5240531	6.522531264	20.6538708
chr3	5262509	6.488471842	20.79722299
chr3	5262763	6.328831825	20.79887106
chr3	5262790	6.094331469	20.79904194
chr3	5262802	5.993374448	20.79911507
chr3	5265418	5.780935639	20.81479374
chr3	5265580	5.6628697	20.81573025
chr3	5265581	5.313091834	20.81573591
chr3	5266109	5.403104014	20.81854122
chr3	5266113	5.017571863	20.81856284
chr3	5266132	4.611020018	20.81865817
chr3	5266153	4.59887129	20.818755
chr3	5266454	4.10106154	20.82013926
chr3	5266477	4.081526819	20.82023359
chr3	5266497	4.233758654	20.82031522
chr3	5266499	4.072248783	20.82032369
chr3	5266504	4.304093744	20.82034405
chr3	5266518	4.998993588	20.8204043
chr3	5266538	6.236221479	20.82050428
chr3	5266584	6.982065576	20.82079115
chr3	5266611	7.546550445	20.82097967
chr3	5266731	8.536852904	20.82188525
chr3	5266922	15.67199157	20.82351579
chr3	5266931	15.93908062	20.82365684
chr3	5273019	14.82882594	20.92069396
chr3	5273031	16.10223654	20.92087191
chr3	5273181	16.48994758	20.92328724
chr3	5273205	15.76063328	20.923683
chr3	5274228	14.80445498	20.93980613
chr3	5275871	12.62605801	20.96412985
chr3	5275928	7.478602758	20.96484953
chr3	5276363	7.247483221	20.96810273
chr3	5276378	7.667446016	20.96821144
chr3	5276396	7.990791662	20.96834945
chr3	5276558	7.856601129	20.96964396
chr3	5276771	7.912366862	20.97131742
chr3	5277089	9.107974663	20.97383355
chr3	5277154	9.841361855	20.97442557
chr3	5291892	9.388215729	21.11946756
chr3	5292211	5.430279007	21.1224624
chr3	5292243	4.605017321	21.12263617
chr3	5292360	4.289698912	21.12317496
chr3	5292888	4.632248058	21.12543992
chr3	5292892	4.113681502	21.12545845
chr3	5292957	4.001026388	21.12572583
chr3	5292963	3.796809165	21.12574984
chr3	5292980	3.984517017	21.12581439
chr3	5295403	4.117094138	21.13546887
chr3	5295466	4.413344588	21.13572825
chr3	5295476	4.513362999	21.13577238
chr3	5295504	4.652294248	21.13589876
chr3	5342924	3.558496767	21.35651055
chr3	5342931	3.652434906	21.35653546
chr3	5342968	3.432077229	21.3566706
chr3	5342978	3.311149531	21.35670492
chr3	5368848	3.214781883	21.44236436
chr3	5368871	3.11630928	21.4424383
chr3	5368951	2.979483086	21.4426876
chr3	5368969	2.879190274	21.44274123
chr3	5368983	2.460225324	21.44278154
chr3	5369448	2.375306378	21.44392555
chr3	5369539	2.736201065	21.4441417
chr3	5369599	2.671244372	21.44430587
chr3	5369601	2.623097382	21.44431121
chr3	5369658	2.600369182	21.44446073
chr3	5369777	2.272795176	21.44477017
chr3	5369789	2.175489575	21.44479745
chr3	5369853	3.001701576	21.44493668
chr3	5369860	2.992326305	21.44495769
chr3	5369865	3.018015316	21.44497265
chr3	5374210	2.917672955	21.45808593
chr3	5375132	2.899782432	21.46077602
chr3	5378326	2.881745602	21.47003793
chr3	5378346	2.472362834	21.47009556
chr3	5378382	1.50379389	21.47018457
chr3	5378546	1.494734532	21.47043119
chr3	5379659	1.485699867	21.47209483
chr3	5379995	1.501379357	21.47259403
chr3	5380472	1.195209453	21.47331018
chr3	5380532	1.153440559	21.4733819
chr3	5381016	1.141324041	21.47394016
chr3	5381026	1.133012497	21.47395158
chr3	5381033	1.607805225	21.47395951
chr3	5381040	1.636261273	21.47397076
chr3	5384460	1.652244075	21.47956677
chr3	5387868	1.811238487	21.48519762
chr3	5387895	0.9330522962	21.48524653
chr3	5387910	0.9927179364	21.48526052
chr3	5388054	1.020133332	21.48540347
chr3	5388059	1.106965493	21.48540857
chr3	5388208	1.068235501	21.48557351
chr3	5481638	1.028893808	21.58537875
chr3	5481658	1.118963404	21.58539933
chr3	5509723	2.961360367	21.61680304
chr3	5510234	2.93338913	21.6183163
chr3	5510681	2.936640166	21.61962752
chr3	5510730	2.939505897	21.61977142
chr3	5511836	2.964850927	21.62302251
chr3	5512036	3.609705341	21.62361548
chr3	5512168	4.249726766	21.62409196
chr3	5512204	4.190386422	21.62424495
chr3	5513252	5.437930335	21.62863648
chr3	5513390	6.709422955	21.62938691
chr3	5513470	7.505566791	21.62992366
chr3	5515941	8.315585839	21.64846992
chr3	5516092	7.01661735	21.64972557
chr3	5516229	7.397154753	21.65068685
chr3	5517468	7.37216359	21.65985192
chr3	5517782	8.234815095	21.66216678
chr3	5517783	8.989843853	21.66217502
chr3	5517892	11.07846144	21.66315491
chr3	5517899	10.43475694	21.66323246
chr3	5517904	12.00155802	21.66328463
chr3	5517936	13.02277531	21.66366868
chr3	5518528	14.15729213	21.67137817
chr3	5522568	13.75534502	21.72857363
chr3	5522616	14.8770915	21.72923388
chr3	5522652	16.02216911	21.72976946
chr3	5522669	14.55311958	21.73004184
chr3	5522721	13.7891787	21.7307986
chr3	5522727	13.80791874	21.73088133
chr3	5524890	12.33955362	21.76074786
chr3	5524990	13.36486505	21.76198182
chr3	5525128	10.75033023	21.76382617
chr3	5525130	10.51088903	21.76384767
chr3	5525194	13.43376803	21.76452037
chr3	5525212	13.47580537	21.76476217
chr3	5525215	14.15148704	21.7648026
chr3	5528283	12.71092489	21.80821936
chr3	5528398	14.24361279	21.80968112
chr3	5528578	11.08503727	21.81224497
chr3	5528588	6.313341149	21.81235582
chr3	5528924	7.480266788	21.8144771
chr3	5529836	9.490652118	21.82129911
chr3	5529986	31.62022388	21.8227227
chr3	5530329	30.72553028	21.83356844
chr3	5530335	30.70125257	21.83375279
chr3	5530337	7.912065841	21.8338142
chr3	5530344	7.955452379	21.83386958
chr3	5530347	8.46616944	21.83389345
chr3	5531630	8.553567756	21.84475554
chr3	5531726	8.163661843	21.84557669
chr3	5531727	6.563465363	21.84558485
chr3	5531752	4.638063219	21.84574894
chr3	5532670	4.657777374	21.85000668
chr3	5533345	3.166339934	21.85315068
chr3	5537264	3.186586969	21.86555956
chr3	5539100	1.58696661	21.87141014
chr3	5540714	1.63799251	21.8739715
chr3	5612969	2.558078826	21.99232465
chr3	5613012	2.297474765	21.99243465
chr3	5613341	2.332220936	21.99319052
chr3	5613970	2.36681008	21.99465748
chr3	5614139	2.398234774	21.99505747
chr3	5614178	2.432691459	21.99515101
chr3	5615275	2.326537102	21.99781967
chr3	5615337	2.431808384	21.99796391
chr3	5615372	3.709333434	21.99804903
chr3	5617829	3.708674393	22.00716286
chr3	5618519	4.018123329	22.00972184
chr3	5619323	3.115782399	22.01295242
chr3	5619596	3.157534568	22.01380302
chr3	5619611	2.602118954	22.01385039
chr3	5619721	3.180811251	22.01413662
chr3	5689769	3.022816569	22.23694609
chr3	5689812	3.038602312	22.23707607
chr3	5694500	3.866599488	22.25132104
chr3	5719467	3.872675257	22.34785842
chr3	5719472	3.731024626	22.34787779
chr3	5719513	3.696278454	22.34803076
chr3	5719569	3.790024629	22.34823775
chr3	5719582	9.833908242	22.34828702
chr3	5719737	9.866472177	22.34981128
chr3	5719743	9.831921908	22.34987048
chr3	5719798	19.57790081	22.35041123
chr3	5719812	19.50427842	22.35068532
chr3	5719821	19.46742457	22.35086086
chr3	5719823	19.43061742	22.3508998
chr3	5719824	19.69035819	22.35091923
chr3	5719948	37.86311931	22.35336083
chr3	5720151	25.19201837	22.36104704
chr3	5720177	25.15683074	22.36170204
chr3	5720198	19.42480021	22.36223033
chr3	5720285	23.5233189	22.36392029
chr3	5720340	16.76339398	22.36521407
chr3	5720341	21.52963495	22.36523083
chr3	5720400	21.49451031	22.36650108
chr3	5720624	21.45992116	22.37131585
chr3	5720840	16.00152729	22.3759512
chr3	5721074	34.67007028	22.37969555
chr3	5721115	29.90382932	22.38111703
chr3	5721145	22.60707606	22.38201414
chr3	5721236	22.63913235	22.38407139
chr3	5721242	23.70969896	22.38420722
chr3	5721251	24.699038	22.38442061
chr3	5721271	15.25012774	22.38491459
chr3	5721283	16.44903777	22.38509759
chr3	5721665	16.69991856	22.39138112
chr3	5721670	9.545039771	22.39146462
chr3	5727459	9.598093968	22.44672086
chr3	5729612	9.680100648	22.46738555
chr3	5731846	9.832625888	22.4890109
chr3	5732288	9.356770836	22.49335692
chr3	5732301	9.103485502	22.49347856
chr3	5732379	9.681672533	22.49418863
chr3	5732382	9.719736664	22.49421767
chr3	5732416	9.45014951	22.49454814
chr3	5734568	9.655669664	22.51488487
chr3	5734583	8.817100779	22.5150297
chr3	5734617	8.265464067	22.51532948
chr3	5734771	8.07496964	22.51660236
chr3	5734799	8.454808651	22.51682846
chr3	5734803	8.645064995	22.51686228
chr3	5734810	8.432310843	22.5169228
chr3	5734903	9.008484705	22.517707
chr3	5734943	9.12333746	22.51806734
chr3	5734975	9.220196507	22.51835929
chr3	5734976	9.378312012	22.51836851
chr3	5735010	10.78664235	22.51868737
chr3	5756486	10.83674853	22.7503413
chr3	5756522	10.66525957	22.75073143
chr3	5756541	11.12810477	22.75093407
chr3	5773020	10.47860918	22.9343141
chr3	5773062	15.71901223	22.93475421
chr3	5773068	15.40878086	22.93484852
chr3	5773565	20.06060004	22.94250668
chr3	5773583	14.34488577	22.94286777
chr3	5773801	14.27468462	22.94599496
chr3	5773812	14.20449816	22.94615198
chr3	5773838	14.43285814	22.9465213
chr3	5773879	14.35958945	22.94711305
chr3	5773880	14.65917954	22.94712741
chr3	5773972	14.823306	22.94847605
chr3	5774548	15.13619831	22.95701427
chr3	5774597	11.4795109	22.95775595
chr3	5774622	13.04761926	22.95804294
chr3	5774739	14.19766999	22.95956951
chr3	5774790	14.40323098	22.96029359
chr3	5774791	14.54738034	22.96030799
chr3	5796283	12.32211264	23.27296029
chr3	5796288	13.16379068	23.2730219
chr3	5796449	13.76920926	23.27514127
chr3	5796472	13.70961585	23.27545796
chr3	5796474	21.28739967	23.27548538
chr3	5796992	13.82856099	23.28651225
chr3	5796993	13.34102858	23.28652608
chr3	5796998	12.29653879	23.28659279
chr3	5797006	11.91691791	23.28669116
chr3	5797009	11.76286644	23.28672691
chr3	5797040	12.49283819	23.28709156
chr3	5797046	12.26315508	23.28716652
chr3	5797083	12.10957819	23.28762025
chr3	5797209	11.95706793	23.28914606
chr3	5797212	13.14697183	23.28918193
chr3	5797225	12.98894782	23.28935284
chr3	5797235	12.77811172	23.28948273
chr3	5799183	12.27803839	23.31437449
chr3	5799191	12.22288709	23.31447272
chr3	5799320	12.16777534	23.31604947
chr3	5799369	12.01914835	23.31664569
chr3	5799373	10.31203567	23.31669377
chr3	5799712	10.01809678	23.32018955
chr3	5799723	16.54403788	23.32029975
chr3	5799752	16.64536926	23.32077952
chr3	5799785	16.74699375	23.32132882
chr3	5799878	15.82084314	23.32288629
chr3	5799939	15.78130346	23.32385136
chr3	5799960	15.88332704	23.32418277
chr3	5799984	15.79840955	23.32456397
chr3	5800202	8.096800973	23.32800802
chr3	5800273	7.931139955	23.3285829
chr3	5800278	6.911368943	23.32862255
chr3	5800281	6.877589452	23.32864329
chr3	5800318	6.687263119	23.32889776
chr3	5800323	6.867509371	23.32893119
chr3	5800378	5.962465247	23.32930891
chr3	5800383	6.28217022	23.32933872
chr3	5800423	6.404205265	23.32959001
chr3	5802545	6.301773764	23.34317973
chr3	5802944	5.737143487	23.34569414
chr3	5830869	6.616118945	23.50590387
chr3	5830874	6.304495599	23.50593695
chr3	5830978	10.28015784	23.50659262
chr3	5830995	10.31562626	23.50676738
chr3	5831237	10.21007043	23.50926376
chr3	5831356	10.24918778	23.51047876
chr3	5831394	10.06994266	23.51086823
chr3	5831495	10.10949228	23.51188529
chr3	5832397	10.65856238	23.52100406
chr3	5832653	10.28929134	23.52373265
chr3	5832676	8.823141689	23.5239693
chr3	5833024	8.159620768	23.52703975
chr3	5833143	8.098219151	23.52801075
chr3	5833145	9.149863129	23.52802695
chr3	5834153	9.087894231	23.53725001
chr3	5834164	9.075772209	23.53734997
chr3	5835986	8.773815814	23.55388603
chr3	5835989	8.762475576	23.55391235
chr3	5836072	7.502116673	23.55463964
chr3	5836086	5.936002933	23.55474467
chr3	5836097	4.836930452	23.55480996
chr3	5836119	4.631559987	23.55491638
chr3	5836158	4.5302286	23.55509701
chr3	5836243	3.526749332	23.55548208
chr3	5836251	3.656234165	23.55551029
chr3	5836317	3.277379979	23.5557516
chr3	5836365	3.183651213	23.55590892
chr3	5836536	5.888134954	23.55645332
chr3	5836546	5.96642177	23.5565122
chr3	5836566	5.886205181	23.55663153
chr3	5837898	3.823142037	23.56447196
chr3	5838261	4.795296718	23.56585976
chr3	5889270	4.816785509	23.81046305
chr3	5889271	4.9338108	23.81046786
chr3	5889359	5.038768991	23.81090204
chr3	5889381	4.894439159	23.81101289
chr3	5889994	7.221363969	23.81401318
chr3	5890269	8.172260689	23.81599906
chr3	5890271	8.614537931	23.8160154
chr3	5890279	9.210354094	23.81608432
chr3	5890478	9.347025843	23.81791718
chr3	5890528	9.276444587	23.81838453
chr3	5892031	9.389950956	23.83232703
chr3	5896434	8.817113921	23.87367098
chr3	5897163	8.983291602	23.88009866
chr3	5897824	8.439365615	23.88603661
chr3	5897827	8.625930016	23.88606193
chr3	5897832	8.177917938	23.88610506
chr3	5897837	7.628539386	23.88614595
chr3	5897838	7.644231778	23.88615358
chr3	5897867	7.896756852	23.88637526
chr3	5897870	8.033886825	23.88639895
chr3	5897949	10.58763639	23.88703363
chr3	5899844	8.640897336	23.9070972
chr3	5899908	8.763527077	23.90765022
chr3	5899910	9.00207975	23.90766774
chr3	5899948	9.351588067	23.90800982
chr3	5899978	9.802623798	23.90829037
chr3	5900027	10.53621514	23.9087707
chr3	5900078	10.66452171	23.90930805
chr3	5900103	10.68935623	23.90957466
chr3	5900107	10.62970693	23.90961742
chr3	5924507	8.502605129	24.16898227
chr3	5924532	7.612420196	24.16919483
chr3	5924772	7.504525392	24.17102181
chr3	5925427	8.461312301	24.17593728
chr3	5927178	8.10023698	24.19075303
chr3	5928810	5.36181906	24.20397262
chr3	5928830	6.185243689	24.20407986
chr3	5929991	5.297683238	24.21126092
chr3	5930031	5.540142347	24.21147283
chr3	5930034	5.944924816	24.21148945
chr3	5930035	5.864530141	24.2114954
chr3	5930039	5.600730502	24.21151886
chr3	5930078	16.7124203	24.21173728
chr3	5930105	17.22859335	24.21218852
chr3	5930637	24.09139133	24.22135413
chr3	5930752	24.5463608	24.22412464
chr3	5930770	25.87388699	24.22456648
chr3	5930784	28.80637547	24.22492871
chr3	5930791	28.72808865	24.22513035
chr3	5930879	29.5983577	24.22765843
chr3	5930890	35.28331293	24.22798401
chr3	5930893	33.09890622	24.22808986
chr3	5930914	32.49827605	24.22878494
chr3	5931091	28.856548	24.23453713
chr3	5931144	33.53324337	24.23606653
chr3	5931149	34.47722252	24.23623419
chr3	5931154	28.26311577	24.23640658
chr3	5932042	21.14737004	24.26150423
chr3	5932045	26.88814611	24.26156767
chr3	5932051	27.5491514	24.261729
chr3	5932061	28.10000559	24.26200449
chr3	5933115	24.65227614	24.29162189
chr3	5933159	23.45491473	24.29270659
chr3	5935005	31.18110425	24.33600437
chr3	5935020	29.94108055	24.33647208
chr3	5935033	32.70327798	24.33686132
chr3	5935034	33.15356354	24.33689402
chr3	5935057	32.33173538	24.33765655
chr3	5935076	40.69701764	24.33827086
chr3	5935114	39.49614833	24.33981734
chr3	5935118	38.7353168	24.33997533
chr3	5935956	24.10451264	24.37243552
chr3	5935960	16.72195042	24.37253194
chr3	5935974	13.42166	24.37276605
chr3	5935982	12.80175233	24.37287342
chr3	5936392	12.14766182	24.37812214
chr3	5936407	12.1901599	24.37830436
chr3	5936410	13.76131429	24.37834093
chr3	5936426	13.1841756	24.37856111
chr3	5937150	13.21550235	24.38810645
chr3	5937632	8.470515119	24.39447632
chr3	5937786	5.831587655	24.39578078
chr3	5937815	9.505960671	24.3959499
chr3	5937819	10.09401583	24.39598792
chr3	5938338	10.72733265	24.40122672
chr3	5938589	12.07464853	24.40391928
chr3	5938705	10.55763896	24.40531993
chr3	5938758	9.873508559	24.40587949
chr3	5938819	6.818496879	24.40648177
chr3	5939227	6.521265029	24.40926372
chr3	5943334	6.586082221	24.43604656
chr3	5943341	6.615370321	24.43609266
chr3	5943362	6.702141771	24.43623158
chr3	5943363	6.843348512	24.43623828
chr3	5943364	6.119610449	24.43624513
chr3	5943366	6.148962632	24.43625737
chr3	5943854	5.537376597	24.43925806
chr3	5943866	4.35967583	24.43932451
chr3	5943944	4.392259036	24.43966456
chr3	5944163	2.435271414	24.44062647
chr3	5944217	2.758987924	24.44075797
chr3	5944220	1.54762196	24.44076625
chr3	6054911	1.449641714	24.61207407
chr3	6054939	1.417872247	24.61211466
chr3	6056347	1.387114614	24.61411103
chr3	6057164	1.218585677	24.6152443
chr3	6057971	1.186397362	24.6162277
chr3	6062953	1.164766278	24.62213833
chr3	6069049	0.9831494053	24.62923874
chr3	6069270	1.023758058	24.62945602
chr3	6069299	0.7949118018	24.62948571
chr3	6069797	0.8355636124	24.62988158
chr3	6109787	0.9516650589	24.66329576
chr3	6247233	0.9283059415	24.79409832
chr3	6250626	0.7563707215	24.79724806
chr3	6251293	0.4839122349	24.79775256
chr3	6251572	0.3652119669	24.79788757
chr3	6251604	0.2320306592	24.79789926
chr3	6251614	0.2371382362	24.79790158
chr3	6251662	0.2139825398	24.79791296
chr3	6251686	3.381443047	24.7979181
chr3	6251713	3.369445797	24.7980094
chr3	6252295	3.357926559	24.79997041
chr3	6252373	3.8471125	24.80023233
chr3	6252377	3.835141101	24.80024772
chr3	6252507	4.639912154	24.80074629
chr3	6252874	6.324648328	24.80244914
chr3	6252883	4.119398333	24.80250606
chr3	6257091	4.041218723	24.81984049
chr3	6257096	3.15349885	24.81986069
chr3	6257164	3.171955738	24.82007513
chr3	6257243	3.217829916	24.82032572
chr3	6257263	3.206382348	24.82039007
chr3	6257423	2.395419388	24.82090309
chr3	6257457	2.412878311	24.82098454
chr3	6257490	3.447390512	24.82106416
chr3	6257511	3.464835977	24.82113656
chr3	6257590	3.48240549	24.82141028
chr3	6257598	5.680093803	24.82143814
chr3	6257601	6.776309828	24.82145518
chr3	6257914	9.468092024	24.82357616
chr3	6258004	12.15578637	24.82442829
chr3	6258410	12.21633838	24.82936354
chr3	6259389	12.3672245	24.84132334
chr3	6259408	3.734024735	24.84155831
chr3	6261010	3.795767533	24.84754022
chr3	6261011	3.854522039	24.84754402
chr3	6261056	1.790418128	24.84771747
chr3	6261058	1.85488021	24.84772105
chr3	6261139	1.946115294	24.8478713
chr3	6261140	2.143433311	24.84787324
chr3	6261155	2.173835066	24.8479054
chr3	6261215	2.238935752	24.84803583
chr3	6261254	2.349848252	24.84812314
chr3	6268504	2.478596927	24.86515954
chr3	6268677	2.508707364	24.86558834
chr3	6299743	2.595373855	24.94352384
chr3	6380258	3.429245434	25.15249037
chr3	6380474	3.470929847	25.15323109
chr3	6380506	3.378247372	25.15334216
chr3	6380510	3.675875275	25.15335567
chr3	6380515	4.211926575	25.15337405
chr3	6380554	4.688222555	25.15353831
chr3	6380566	4.639458049	25.15359457
chr3	6380813	4.609418959	25.15474052
chr3	6382499	7.102875234	25.162512
chr3	6382528	9.786532014	25.16271798
chr3	6385600	9.743952367	25.19278221
chr3	6385617	9.761918424	25.19294786
chr3	6386375	9.733271457	25.20034739
chr3	6386420	9.886464031	25.20078539
chr3	6386510	9.390759419	25.20167517
chr3	6386513	8.74210498	25.20170334
chr3	6386540	9.129955705	25.20193938
chr3	6387189	10.8178615	25.20786472
chr3	6388059	10.91892256	25.21727626
chr3	6388214	14.46748415	25.21896869
chr3	6389110	12.54709346	25.23193156
chr3	6389154	14.67530506	25.23248363
chr3	6389407	14.722734	25.23619648
chr3	6389432	16.9357337	25.23656455
chr3	6389620	15.87855118	25.23974847
chr3	6389668	15.92519867	25.24051064
chr3	6389718	15.97022303	25.2413069
chr3	6389729	15.45792328	25.24148257
chr3	6389740	15.50461033	25.24165261
chr3	6389824	15.55226227	25.242955
chr3	6389878	15.59994747	25.24379482
chr3	6389931	11.66715063	25.24462162
chr3	6390055	11.71835633	25.24606834
chr3	6390117	11.57872763	25.24679488
chr3	6390121	11.84094854	25.24684119
chr3	6390123	11.93477743	25.24686488
chr3	6390166	11.98244353	25.24737807
chr3	6390208	12.01024382	25.24788133
chr3	6390237	11.5788079	25.24822963
chr3	6390731	10.48884436	25.25394956
chr3	6390926	8.406567883	25.25599489
chr3	6391083	8.025246338	25.25731472
chr3	6391099	5.858042876	25.25744312
chr3	6391145	5.906555829	25.25771259
chr3	6391195	5.866895777	25.25800792
chr3	6391201	5.598263664	25.25804312
chr3	6391268	5.646855215	25.25841821
chr3	6467188	7.509234771	25.68712745
chr3	6467197	7.491480845	25.68719504
chr3	6467203	7.089613854	25.68723999
chr3	6467208	7.04907829	25.68727543
chr3	6467241	7.358984735	25.68750805
chr3	6467557	7.342348712	25.68983349
chr3	6467560	8.13109303	25.68985552
chr3	6468752	5.693170686	25.69954778
chr3	6468757	6.730586499	25.69957625
chr3	6468974	6.556790855	25.70103679
chr3	6471653	4.047010338	25.71860243
chr3	6471693	3.989012066	25.71876431
chr3	6471708	3.144692479	25.71882414
chr3	6476439	3.177306507	25.73370168
chr3	6476580	3.209284441	25.73414968
chr3	6476587	2.817514601	25.73417215
chr3	6522595	2.947013538	25.86380036
chr3	6522635	3.000240734	25.86391824
chr3	6522736	9.705175019	25.86422127
chr3	6522834	9.77969718	25.86517237
chr3	6522843	10.08088149	25.86526039
chr3	6522850	10.43765552	25.86533096
chr3	6522857	10.48559852	25.86540402
chr3	6522877	10.41358012	25.86561373
chr3	6522899	10.49296061	25.86584283
chr3	6522907	10.49084093	25.86592677
chr3	6523063	10.41146511	25.86756335
chr3	6523066	19.95034938	25.86759458
chr3	6523105	20.07267314	25.86837264
chr3	6523116	20.1619839	25.86859344
chr3	6523348	14.13409091	25.87327102
chr3	6523349	14.10617471	25.87328516
chr3	6523404	14.30352873	25.874061
chr3	6523418	14.43204523	25.87426125
chr3	6523436	14.90020173	25.87452102
chr3	6523456	5.369833129	25.87481903
chr3	6523459	6.25847155	25.87483514
chr3	6523502	6.368106424	25.87510425
chr3	6523525	6.422026014	25.87525072
chr3	6523679	6.815863133	25.87623971
chr3	6523698	6.869926538	25.87636921
chr3	6570943	6.903525274	26.20093889
chr3	6572337	6.717827315	26.2105624
chr3	6572349	6.64237077	26.21064302
chr3	6572812	5.656019849	26.21371844
chr3	6573201	5.79089819	26.21591863
chr3	6589552	5.558768465	26.3106056
chr3	6591748	5.38145193	26.32281266
chr3	6591934	4.850585673	26.32381361
chr3	6591943	4.636280477	26.32385726
chr3	6591946	4.46909639	26.32387117
chr3	6591950	5.004418024	26.32388905
chr3	6591961	5.145346306	26.3239441
chr3	6591988	5.059577291	26.32408302
chr3	6591998	5.291741097	26.32413362
chr3	6592012	5.573134729	26.3242077
chr3	6599262	5.496215284	26.36461293
chr3	6599691	5.302679047	26.36697081
chr3	6599704	4.763986436	26.36703974
chr3	6599705	6.090474933	26.3670445
chr3	6599747	7.327763605	26.3673003
chr3	6599789	8.746167779	26.36760807
chr3	6599804	8.603765878	26.36773926
chr3	6603680	7.655662432	26.40108746
chr3	6603704	8.170895743	26.4012712
chr3	6605122	7.844205763	26.41285753
chr3	6605224	6.303368932	26.41365763
chr3	6605311	4.706323724	26.41420603
chr3	6605333	5.583377421	26.41430957
chr3	6605553	5.403145821	26.41553791
chr3	6605725	5.456647054	26.41646725
chr3	6605728	6.495939775	26.41648362
chr3	6606079	7.963916461	26.4187637
chr3	6606171	7.389652683	26.41949638
chr3	6606463	9.145516799	26.42165416
chr3	6606475	9.370493762	26.4217639
chr3	6606484	9.97081019	26.42184824
chr3	6609808	15.12845255	26.45499121
chr3	6609824	15.00736399	26.45523326
chr3	6610402	14.21808917	26.46390752
chr3	6610665	7.181568238	26.46764688
chr3	6610677	6.984069951	26.46773306
chr3	6610687	6.961021636	26.4678029
chr3	6610735	6.427725203	26.46813703
chr3	6610862	6.442771088	26.46895335
chr3	6610864	12.141245	26.46896623
chr3	6610879	13.53334708	26.46914835
chr3	6611021	13.20841627	26.47107009
chr3	6612197	13.23744881	26.48660318
chr3	6613529	9.293869681	26.50423547
chr3	6613547	7.877950811	26.50440276
chr3	6613562	7.384957291	26.50452093
chr3	6613579	50.28112599	26.50464647
chr3	6613613	50.31637201	26.50635603
chr3	6613628	50.00810685	26.50711077
chr3	6613635	47.69654304	26.50746083
chr3	6613658	47.66760829	26.50855785
chr3	6613665	4.465731506	26.50889152
chr3	6613680	3.215882678	26.50895851
chr3	6613719	2.775974437	26.50908393
chr3	6613772	2.663692509	26.50923106
chr3	6613798	2.863062521	26.50930031
chr3	6615271	2.81127579	26.5135176
chr3	6615282	2.873385537	26.51354853
chr3	6615339	2.85826409	26.51371231
chr3	6615401	2.293433877	26.51388952
chr3	6615411	2.341502245	26.51391246
chr3	6615739	7.823780682	26.51468047
chr3	6615787	7.88642303	26.51505601
chr3	6616415	2.492149007	26.52000868
chr3	6616441	2.697000349	26.52007348
chr3	6674136	2.553874446	26.67567692
chr3	6674678	12.39355246	26.67706112
chr3	6674703	12.33023382	26.67737095
chr3	6674900	12.20840457	26.67980001
chr3	6674970	12.49685754	26.6806546
chr3	6675036	2.084934647	26.68147939
chr3	6675058	2.125122904	26.68152526
chr3	6675132	2.318585553	26.68168252
chr3	6675141	2.422477532	26.68170339
chr3	6675980	2.484868953	26.68373584
chr3	6679104	2.573036693	26.69149858
chr3	6679147	2.516705546	26.69160922
chr3	6679148	2.639285055	26.69161173
chr3	6679150	2.682276705	26.69161701
chr3	6718401	2.512265523	26.79689905
chr3	6762787	2.248205275	26.90840847
chr3	6762792	1.928434687	26.90841971
chr3	6762861	2.280950365	26.90855277
chr3	6762869	3.039471334	26.90857102
chr3	6762903	2.78755715	26.90867436
chr3	6764500	2.762814727	26.91312609
chr3	6764520	2.776750395	26.91318135
chr3	6764526	3.261797535	26.91319801
chr3	6764959	3.2636867	26.91461037
chr3	6765009	4.10809197	26.91477355
chr3	6765042	4.146370661	26.91490912
chr3	6765198	4.183120247	26.91555595
chr3	6772933	4.185687532	26.94791239
chr3	6773086	4.230201741	26.9485528
chr3	6773123	4.311570816	26.94870932
chr3	6773558	4.132254777	26.95058485
chr3	6773560	4.184627638	26.95059311
chr3	6775430	3.47662063	26.95841837
chr3	6775431	3.492118715	26.95842184
chr3	6775432	3.493457919	26.95842534
chr3	6775550	3.470421242	26.95883756
chr3	6775646	2.932852415	26.95917073
chr3	6855262	2.892000278	27.1926727
chr3	6855298	2.876724624	27.19277681
chr3	6855904	2.837075531	27.19452011
chr3	6855960	2.64610302	27.19467899
chr3	6855988	2.893824649	27.19475308
chr3	6855996	2.854214723	27.19477623
chr3	6856050	2.839168838	27.19493036
chr3	6856662	2.750849118	27.19666793
chr3	6856789	3.177156163	27.19701728
chr3	6859907	2.829346287	27.20692366
chr3	6859914	2.791335401	27.20694346
chr3	6860060	2.611026168	27.207351
chr3	6860120	2.729893508	27.20750766
chr3	6860129	2.666198614	27.20753223
chr3	6860972	2.52891976	27.20977983
chr3	6860994	2.527502685	27.20983547
chr3	6861048	2.334470237	27.20997196
chr3	6861250	2.314648141	27.21044352
chr3	6861416	2.332121241	27.21082775
chr3	6861419	2.240221915	27.21083475
chr3	6861473	3.93664669	27.21095572
chr3	6861480	3.898406488	27.21098327
chr3	6861639	4.010546076	27.21160312
chr3	6861645	4.549929984	27.21162718
chr3	6861673	4.613096166	27.21175458
chr3	6863678	4.768813193	27.22100384
chr3	6864842	4.78820649	27.22655474
chr3	6864883	4.166157371	27.22675106
chr3	6865574	4.126064879	27.22962987
chr3	6865582	4.902078808	27.22966288
chr3	6867613	4.704877382	27.239619
chr3	6867722	5.372827496	27.24013183
chr3	6868459	5.018109181	27.24409161
chr3	6868463	5.043550695	27.24411168
chr3	6868469	5.149746931	27.24414194
chr3	6869969	5.281872231	27.25186656
chr3	6869996	6.067903736	27.25200917
chr3	6870801	7.137119774	27.25689383
chr3	6870878	8.547101295	27.25744339
chr3	6870880	9.929456441	27.25746049
chr3	6875583	9.941398505	27.30415872
chr3	6885287	10.80468868	27.40063005
chr3	6886212	11.31545816	27.41062439
chr3	6886238	11.69740883	27.41091859
chr3	6886450	11.79478023	27.41339844
chr3	6888014	11.76254889	27.43184548
chr3	6888038	11.79224581	27.43212778
chr3	6888061	11.66793741	27.432399
chr3	6888081	11.47450884	27.43263236
chr3	6888096	11.48106176	27.43280448
chr3	6891526	11.71725615	27.47218452
chr3	6891563	11.00095564	27.47261806
chr3	6897237	10.66634607	27.53503748
chr3	6897819	9.844716638	27.54124529
chr3	6897882	9.571881066	27.54186551
chr3	6897890	9.944882243	27.54194208
chr3	6897896	11.3448347	27.54200175
chr3	6897920	13.41667298	27.54227403
chr3	6898011	13.86217325	27.54349495
chr3	6900301	13.11407582	27.57523932
chr3	6900454	14.69854117	27.57724578
chr3	6901128	14.70542287	27.58715259
chr3	6901206	14.65181354	27.58829962
chr3	6902747	17.4751482	27.61087806
chr3	6902769	17.49937107	27.61126251
chr3	6902806	18.64575719	27.61190999
chr3	6902809	18.67909537	27.61196593
chr3	6902933	17.0829469	27.61428214
chr3	6903269	16.7687963	27.62002201
chr3	6904841	16.23644506	27.64638255
chr3	6905433	15.29095938	27.65599453
chr3	6905443	14.37051461	27.65614744
chr3	6905448	12.7293771	27.65621929
chr3	6905511	12.76354971	27.65702124
chr3	6905555	12.36995518	27.65758284
chr3	6906024	5.830596299	27.66338435
chr3	6906055	5.726685969	27.6635651
chr3	6906322	3.581265194	27.66509412
chr3	7010540	3.586738129	28.03832642
chr3	7010833	4.845329529	28.03937733
chr3	7012262	4.761683822	28.04630131
chr3	7012274	4.736163106	28.04635845
chr3	7012661	4.763211457	28.04819134
chr3	7012814	4.850522603	28.04892011
chr3	7013430	4.811247716	28.05190804
chr3	7013465	4.556768854	28.05207643
chr3	7013471	3.086573161	28.05210377
chr3	7013597	4.733213192	28.05249268
chr3	7049698	4.707639047	28.22336641
chr3	7049700	4.626314149	28.22337582
chr3	7051504	5.432867295	28.23172169
chr3	7052054	6.561731148	28.23470977
chr3	7052144	7.84597148	28.23530033
chr3	7052174	8.947459146	28.23553571
chr3	7052815	9.072960839	28.24127103
chr3	7055066	3.069255726	28.26169426
chr3	7055067	3.465161828	28.26169733
chr3	7055103	3.345169912	28.26182208
chr3	7068065	3.260058949	28.30518217
chr3	7068486	3.168690026	28.30655465
chr3	7068553	3.152455172	28.30676696
chr3	7068561	3.260699899	28.30679218
chr3	7068586	2.969533595	28.30687369
chr3	7140805	2.839117528	28.52133044
chr3	7140841	2.552084216	28.52143265
chr3	7140880	2.807824366	28.52153218
chr3	7140910	3.053396333	28.52161641
chr3	7140961	3.442329524	28.52177214
chr3	7140980	3.384438578	28.52183754
chr3	7140982	3.865047744	28.52184431
chr3	7141000	3.894975569	28.52191388
chr3	7141002	3.915453795	28.52192167
chr3	7141026	3.757825974	28.52201564
chr3	7141040	3.688260162	28.52206825
chr3	7141123	3.702979444	28.52237438
chr3	7141152	3.678918838	28.52248176
chr3	7141155	4.274666742	28.5224928
chr3	7141164	4.223837696	28.52253127
chr3	7141243	4.309195305	28.52286496
chr3	7141304	4.33002245	28.52312782
chr3	7148879	3.870144462	28.55592774
chr3	7148886	3.886530062	28.55595483
chr3	7148924	3.894923107	28.55610252
chr3	7148934	3.915714217	28.55614147
chr3	7148942	3.922912782	28.55617279
chr3	7148948	3.989792667	28.55619633
chr3	7148985	3.968554331	28.55634395
chr3	7148986	3.989985798	28.55634792
chr3	7149014	3.997170891	28.55645964
chr3	7149017	4.018966822	28.55647163
chr3	7149028	3.651129878	28.55651584
chr3	7149049	3.631396499	28.55659251
chr3	7149078	2.755132559	28.55669782
chr3	7149091	2.782908468	28.55673364
chr3	7149197	2.843655091	28.55702863
chr3	7149205	2.857231487	28.55705138
chr3	7149275	2.890018052	28.55725138
chr3	7149302	2.911485357	28.55732941
chr3	7149309	2.95273446	28.5573498
chr3	7149314	2.558160053	28.55736456
chr3	7184462	2.226349016	28.64727877
chr3	7184497	2.214406953	28.64735669
chr3	7184527	2.110425035	28.64742312
chr3	7184548	2.100244348	28.64746744
chr3	7184680	2.010599985	28.64774467
chr3	7185368	1.737608057	28.64912797
chr3	7186363	1.711302631	28.65085689
chr3	7187572	1.69009803	28.65292585
chr3	7187614	1.733503015	28.65299684
chr3	7188526	1.581160451	28.65457779
chr3	7189631	1.568179359	28.65632497
chr3	7189847	1.375425809	28.6566637
chr3	7294713	1.365855027	28.8008991
chr3	7294714	1.331409925	28.80090047
chr3	7318272	1.288785555	28.83226582
chr3	7318432	1.181782303	28.83247203
chr3	7318446	1.199161937	28.83248857
chr3	7318536	1.163954412	28.8325965
chr3	7321148	1.23834625	28.83563675
chr3	7322204	1.251657371	28.83694444
chr3	7323218	1.275206026	28.83821362
chr3	7323220	1.255478326	28.83821617
chr3	7323241	1.306054919	28.83824254
chr3	7326262	1.343083193	28.84218813
chr3	7326302	1.502663859	28.84224185
chr3	7326312	1.609247982	28.84225688
chr3	7326326	1.6456667	28.84227941
chr3	7326369	1.758517724	28.84235017
chr3	7432631	1.737642931	29.02921378
chr3	7435349	1.742397691	29.0339367
chr3	7436192	1.758302657	29.03540554
chr3	7437197	1.762963518	29.03717263
chr3	7437245	1.731187757	29.03725725
chr3	7528887	1.702644301	29.19590676
chr3	7528918	1.414934548	29.19595954
chr3	7528978	1.396732736	29.19604444
chr3	7528987	1.387016294	29.19605701
chr3	7528988	1.351059792	29.1960584
chr3	7529063	1.378932967	29.19615973
chr3	7529082	1.351230787	29.19618593
chr3	7529183	1.33304136	29.1963224
chr3	7530312	1.387001217	29.19782741
chr3	7530318	1.368913016	29.19783573
chr3	7530344	1.313392836	29.19787132
chr3	7530363	1.295308626	29.19789627
chr3	7530699	1.240073232	29.1983315
chr3	7530710	1.258977964	29.19834514
chr3	7531385	1.170897239	29.19919495
chr3	7535342	1.240343795	29.20382819
chr3	7585767	1.231897753	29.26637252
chr3	7587356	1.203633779	29.26833001
chr3	7587498	1.206700283	29.26850093
chr3	7588463	0.9877888309	29.26966539
chr3	7599162	0.9383401345	29.28023374
chr3	7599168	0.6978880194	29.28023937
chr3	7599169	0.6898357944	29.28024007
chr3	7599346	0.7011935388	29.28036217
chr3	7599348	0.8150664096	29.28036358
chr3	7661415	0.6839904003	29.3309523
chr3	7661428	0.6970331734	29.33096119
chr3	7661461	0.7060640497	29.3309842
chr3	7661535	0.7127849902	29.33103645
chr3	7662400	0.732757436	29.331653
chr3	7662422	0.8327644281	29.33166912
chr3	7662424	0.9055798995	29.33167079
chr3	7662448	0.9488560446	29.33169252
chr3	7662562	1.010335162	29.33180069
chr3	7835153	1.276084994	29.50617545
chr3	7835155	1.254851711	29.506178
chr3	7835188	1.185535482	29.50621941
chr3	7835195	1.495203114	29.50622771
chr3	7843016	2.54353233	29.51792169
chr3	7843025	2.560191111	29.51794459
chr3	7846462	2.540255254	29.52674396
chr3	7846474	2.524219186	29.52677445
chr3	7846535	2.988364801	29.52692842
chr3	7846569	2.950977643	29.52703003
chr3	7846579	2.952880247	29.52705954
chr3	7847108	2.505817768	29.52862161
chr3	7847111	2.485946664	29.52862913
chr3	7847282	5.949862634	29.52905423
chr3	7847297	5.966949337	29.52914347
chr3	7847315	12.8049662	29.52925088
chr3	7848143	30.85572468	29.53985339
chr3	7848347	9.878923152	29.54614796
chr3	7848371	5.362906607	29.54638505
chr3	7848418	2.117336595	29.54663711
chr3	7848556	3.346822129	29.5469293
chr3	7853444	3.327611121	29.56328857
chr3	7872429	3.283817024	29.62646327
chr3	7872613	3.441469609	29.62706749
chr3	7872616	3.443158962	29.62707781
chr3	7872618	3.291013521	29.6270847
chr3	7872676	3.838791521	29.62727558
chr3	7872677	3.830320247	29.62727942
chr3	7872706	3.849683617	29.6273905
chr3	7880442	4.438896868	29.65717165
chr3	7882961	4.249945019	29.66835323
chr3	7882999	4.177397775	29.66851473
chr3	7885678	4.920094749	29.67970598
chr3	7885681	4.037799414	29.67972074
chr3	7892205	4.720490344	29.70606334
chr3	7893609	4.704533121	29.71269091
chr3	7893620	4.721045435	29.71274266
chr3	7893621	4.262063274	29.71274738
chr3	7893640	4.276342736	29.71282836
chr3	7893847	4.298126056	29.71371356
chr3	7893914	5.951060947	29.71400154
chr3	7893938	5.972681746	29.71414436
chr3	7894018	8.368753751	29.71462218
chr3	7895212	8.398395471	29.72461447
chr3	7895311	5.545286029	29.72544591
chr3	7895365	38.6194346	29.72574535
chr3	7895395	38.60359971	29.72690394
chr3	7895409	38.62542014	29.72744439
chr3	7895577	3.410699513	29.73393346
chr3	7896013	1.495509763	29.73542052
chr3	7896093	1.46196895	29.73554016
chr3	7915900	1.605936337	29.76449738
chr3	7947435	1.687325697	29.81514058
chr3	7948185	1.617483393	29.81640608
chr3	8063077	1.570421395	30.00224198
chr3	8063080	1.502002811	30.00224669
chr3	8063127	1.479985081	30.00231729
chr3	8063200	2.407063845	30.00242533
chr3	8063224	2.387700476	30.00248309
chr3	8063311	2.51029639	30.00269082
chr3	8064468	2.445008032	30.00559524
chr3	8064474	2.432504574	30.00560991
chr3	8064564	4.044743246	30.00582883
chr3	8064600	3.957988159	30.00597444
chr3	8064619	3.881169073	30.00604965
chr3	8064627	3.855223778	30.0060807
chr3	8064774	3.83044396	30.00664741
chr3	8064780	3.848761087	30.0066704
chr3	8064812	3.826895912	30.00679356
chr3	8064980	7.26676791	30.00743647
chr3	8065018	7.275113391	30.00771261
chr3	8065025	11.31424249	30.00776354
chr3	8065087	11.33410207	30.00846502
chr3	8065869	11.31268486	30.01732829
chr3	8065876	11.33863262	30.01740748
chr3	8065881	11.3140357	30.01746417
chr3	8065897	11.50786902	30.01764519
chr3	8065943	7.834150613	30.01817456
chr3	8066051	4.706707967	30.01902065
chr3	8066107	4.824771125	30.01928422
chr3	8066134	4.853953643	30.01941449
chr3	8066151	5.434928995	30.01949701
chr3	8066672	5.499651749	30.0223286
chr3	8066688	19.46114022	30.0224166
chr3	8066743	19.50325746	30.02348696
chr3	8066935	18.51555451	30.02723159
chr3	8066937	3.740760007	30.02726862
chr3	8066941	3.784017728	30.02728358
chr3	8066945	3.827422133	30.02729872
chr3	8139547	3.940650104	30.30517722
chr3	8143583	4.144983519	30.32108168
chr3	8143624	4.087165458	30.32125163
chr3	8143633	4.184007586	30.32128841
chr3	8143765	4.19049675	30.3218407
chr3	8143771	4.195979186	30.32186584
chr3	8151933	4.998255414	30.35611343
chr3	8151938	4.911952347	30.35613842
chr3	8151988	6.303883592	30.35638401
chr3	8152055	6.260989419	30.35680638
chr3	8152227	6.283394852	30.35788327
chr3	8157452	5.568520281	30.390714
chr3	8157467	6.230836061	30.39079753
chr3	8157790	7.372022962	30.39281009
chr3	8159563	7.061324195	30.40588069
chr3	8159575	7.105737652	30.40596542
chr3	8159578	6.987938042	30.40598674
chr3	8162381	6.887810271	30.42557393
chr3	8162403	6.301435152	30.42572546
chr3	8162429	5.400857732	30.4258893
chr3	8162526	5.733353493	30.42641318
chr3	8162528	5.538628209	30.42642465
chr3	8162636	5.615792502	30.42702282
chr3	8162658	5.844242732	30.42714637
chr3	8162685	5.848848565	30.42730416
chr3	8162784	5.926280098	30.4278832
chr3	8162787	6.065843952	30.42790098
chr3	8162799	5.746841925	30.42797377
chr3	8162835	5.793486471	30.42818066
chr3	8163787	5.981957697	30.43369605
chr3	8163791	5.980909539	30.43371998
chr3	8163812	5.953937934	30.43384558
chr3	8164073	5.039953756	30.43539956
chr3	8164851	5.032611285	30.43932064
chr3	8208049	4.821553389	30.65671939
chr3	8208111	4.581169831	30.65701832
chr3	8208176	4.166347675	30.6573161
chr3	8208354	4.100962969	30.65805771
chr3	8209079	3.975953253	30.66103091
chr3	8209094	3.765688143	30.66109055
chr3	8209236	4.45983498	30.66162527
chr3	8210427	4.456366354	30.66693694
chr3	8210444	4.392022685	30.66701269
chr3	8211129	4.501301861	30.67002123
chr3	8211218	4.4442573	30.67042185
chr3	8214183	4.608574295	30.68359907
chr3	8214187	3.980488765	30.6836175
chr3	8214340	3.812500294	30.68422652
chr3	8214356	3.716474704	30.68428752
chr3	8214404	3.589748842	30.68446591
chr3	8217021	3.535294068	30.69386028
chr3	8217034	3.356522409	30.69390624
chr3	8241924	5.73847925	30.77745008
chr3	8241943	8.509038515	30.77755911
chr3	8242637	12.08039001	30.78346439
chr3	8244109	11.97161977	30.80124672
chr3	8244128	7.820125271	30.80147418
chr3	8244305	6.1447021	30.80285834
chr3	8244336	6.124022642	30.80304883
chr3	8244388	6.015395967	30.80336728
chr3	8244425	6.411900914	30.80358985
chr3	8244513	14.46449464	30.8041541
chr3	8244537	52.70821345	30.80450124
chr3	8244909	51.08450284	30.8241087
chr3	8245015	35.52195006	30.82952366
chr3	8245025	6.468008435	30.82987888
chr3	8246322	3.735136677	30.83826788
chr3	8249768	3.733157722	30.85113916
chr3	8251107	3.74774292	30.85613786
chr3	8253137	2.87258959	30.86374578
chr3	8253268	2.007875704	30.86412209
chr3	8299088	2.044671476	30.95612295
chr3	8302237	1.980190764	30.96256162
chr3	8303519	1.917123261	30.96510023
chr3	8498184	4.448324189	31.33829703
chr3	8498189	8.335329105	31.33831927
chr3	8498282	8.329290372	31.33909446
chr3	8498832	8.152061722	31.34367557
chr3	8498944	8.135861435	31.3445886
chr3	8498975	8.142428563	31.34484081
chr3	8499056	3.872923152	31.34550035
chr3	8499298	3.858444	31.34643759
chr3	8499604	1.312388196	31.34761828
chr3	8499636	1.30386738	31.34766027
chr3	8556054	1.261477313	31.42122186
chr3	8556523	1.1439024	31.4218135
chr3	8556535	1.122593295	31.42182722
chr3	8556576	1.101173191	31.42187325
chr3	8557007	1.084659452	31.42234785
chr3	8557034	1.154115441	31.42237714
chr3	8559238	0.9943774929	31.42492081
chr3	8559922	1.004620131	31.42560097
chr3	8561458	0.9957919635	31.42714406
chr3	8561497	1.411056997	31.4271829
chr3	8562476	1.353672603	31.42856432
chr3	8566821	1.374681307	31.43444603
chr3	8570790	0.9919663451	31.43990214
chr3	8582981	1.007752247	31.4519952
chr3	8583027	0.9859565721	31.45204156
chr3	8583224	0.9649432806	31.45223579
chr3	8583247	0.9208383285	31.45225799
chr3	8712262	0.864682837	31.57105994
chr3	8769767	0.8374117843	31.62078353
chr3	8772512	0.8920603871	31.62308222
chr3	8772585	0.8435031125	31.62314734
chr3	8772720	0.8299957731	31.62326122
chr3	8779776	0.8221173939	31.62911767
chr3	8816660	0.7384538871	31.65944065
chr3	8816675	1.036314871	31.65945172
chr3	8816727	1.065558024	31.65950561
chr3	8816733	1.05640396	31.659512
chr3	8819974	3.210740984	31.66293581
chr3	8820032	3.199228037	31.66312203
chr3	8820441	3.187776951	31.66443052
chr3	8823657	2.659408216	31.67468241
chr3	8823914	1.793404846	31.67536588
chr3	8823938	1.80906736	31.67540892
chr3	8823939	1.802704819	31.67541073
chr3	8824234	1.935627083	31.67594252
chr3	8830701	1.929337891	31.68846022
chr3	8830772	1.821564954	31.68859721
chr3	8830773	1.565852379	31.68859903
chr3	8830778	1.648463237	31.68860686
chr3	8830806	1.68978162	31.68865301
chr3	8873754	1.763182648	31.76122576
chr3	8873757	1.83588065	31.76123105
chr3	8912583	1.706534954	31.83251095
chr3	8912686	2.06961552	31.83268672
chr3	8920090	1.148851674	31.84801015
chr3	8921811	1.018599574	31.84998733
chr3	8967824	0.8375043528	31.89685615
chr3	8967871	0.5724059946	31.89689551
chr3	8967872	1.088071426	31.89689609
chr3	8970912	1.120565503	31.90020382
chr3	8971445	3.286170765	31.90080108
chr3	8971486	4.269983281	31.90093582
chr3	8974725	1.784862369	31.91476629
chr3	8974872	1.888925741	31.91502867
chr3	8975026	1.41450893	31.91531956
chr3	8975044	1.542980629	31.91534502
chr3	8975775	1.506819652	31.91647294
chr3	8975823	0.6562154309	31.91654527
chr3	8976050	1.117743776	31.91669423
chr3	8976900	1.127043735	31.91764431
chr3	8998509	1.1250578	31.9419986
chr3	8998577	1.140178305	31.9420751
chr3	8998591	1.09213102	31.94209107
chr3	8998597	0.7648971968	31.94209762
chr3	8999085	0.7806096106	31.94247089
chr3	8999120	0.7759097567	31.94249821
chr3	8999180	0.6427014622	31.94254477
chr3	8999221	1.491348922	31.94257112
chr3	8999352	1.339585284	31.94276648
chr3	9000616	1.398160585	31.94445972
chr3	9001218	1.47759157	31.94530141
chr3	9003520	1.335985819	31.94870283
chr3	9003568	0.4873383595	31.94876695
chr3	9003649	12.04954978	31.94880643
chr3	9003753	12.5181211	31.95005958
chr3	9003805	13.26759348	31.95071052
chr3	9003833	13.31178607	31.95108202
chr3	9003840	13.34956993	31.9511752
chr3	9003907	13.37121661	31.95206962
chr3	9003962	13.54294585	31.95280504
chr3	9003964	13.92890869	31.95283212
chr3	9003970	2.667244817	31.9529157
chr3	9003985	2.689718321	31.95295571
chr3	9003995	2.963669372	31.9529826
chr3	9004039	3.046923428	31.953113
chr3	9004050	3.135743925	31.95314652
chr3	9004079	3.274878978	31.95323746
chr3	9004170	3.297377837	31.95353547
chr3	9043407	3.936288559	32.08291469
chr3	9045584	3.440570655	32.09148399
chr3	9045586	3.321845631	32.09149087
chr3	9045616	3.31766886	32.09159052
chr3	9045629	3.335804278	32.09163365
chr3	9046331	3.248730128	32.09397539
chr3	9046383	3.161699117	32.09414432
chr3	9046422	3.179890697	32.09426763
chr3	9046445	3.140099888	32.09434076
chr3	9047728	3.056209711	32.09836951
chr3	9047731	5.618706037	32.09837868
chr3	9048043	8.873539138	32.10013172
chr3	9048100	8.725640563	32.10063751
chr3	9048318	8.784192126	32.1025397
chr3	9048319	8.618242106	32.10254848
chr3	9048344	8.535510826	32.10276394
chr3	9048350	8.854730247	32.10281515
chr3	9048357	8.579069726	32.10287713
chr3	9048684	9.448707374	32.10568249
chr3	9049148	6.147104671	32.11006669
chr3	9049154	6.258412425	32.11010357
chr3	9049181	3.075315146	32.11027255
chr3	9064461	3.058341648	32.15726337
chr3	9064504	2.871375711	32.15739487
chr3	9064507	2.922315888	32.15740349
chr3	9064560	2.91079911	32.15755837
chr3	9168137	4.249156108	32.45905021
chr3	9168140	4.369477499	32.45906296
chr3	9174329	3.574557305	32.48610565
chr3	9174346	3.499530562	32.48616642
chr3	9174747	3.537122737	32.48756973
chr3	9174755	3.637368715	32.48759803
chr3	9175309	3.073368945	32.48961313
chr3	9175546	2.80682194	32.49034152
chr3	9205192	2.681033236	32.57355256
chr3	9233872	2.240204601	32.6504446
chr3	9233873	2.220319894	32.65044684
chr3	9237394	2.170819148	32.65826458
chr3	9240058	2.149805269	32.66404765
chr3	9242555	2.096614286	32.66941571
chr3	9242578	3.234529054	32.66946393
chr3	9242635	3.219085988	32.6696483
chr3	9244481	3.155434123	32.67559073
chr3	9244495	3.082366831	32.67563491
chr3	9244588	2.882360894	32.67592157
chr3	9245438	3.89925075	32.67837158
chr3	9247541	3.880655427	32.6865717
chr3	9247746	3.830113983	32.68736724
chr3	9248653	3.724528379	32.69084115
chr3	9248975	3.440157076	32.69204045
chr3	9249012	3.615378228	32.69216773
chr3	9249047	4.929794733	32.69229427
chr3	9249198	4.884284925	32.69303867
chr3	9249212	7.003649285	32.69310705
chr3	9249275	7.902226619	32.69354828
chr3	9249298	7.990001512	32.69373003
chr3	9254163	8.015324306	32.73260139
chr3	9254225	8.285922145	32.73309834
chr3	9254233	9.727636679	32.73316463
chr3	9254252	9.043395938	32.73334945
chr3	9255520	9.078091131	32.74481648
chr3	9255526	9.035875324	32.74487095
chr3	9255603	8.45921231	32.74556671
chr3	9255641	8.673195518	32.74588816
chr3	9255682	9.361754685	32.74624376
chr3	9255683	9.576260475	32.74625312
chr3	9255764	9.395764391	32.7470288
chr3	9255789	8.287682178	32.74726369
chr3	9255790	7.957508267	32.74727198
chr3	9255894	7.424328544	32.74809956
chr3	9255928	4.693920507	32.74835199
chr3	9272862	4.14729384	32.82783884
chr3	9272881	2.51328057	32.82791764
chr3	9273988	2.49978588	32.83069984
chr3	9276451	2.468467973	32.83685681
chr3	9276565	2.440272265	32.83713822
chr3	9276601	2.633164064	32.83722607
chr3	9276634	3.03995304	32.83731296
chr3	9276674	3.202467643	32.83743456
chr3	9280819	3.063749492	32.85070879
chr3	9282198	2.931869805	32.8549337
chr3	9361801	2.890382283	33.08831933
chr3	9361807	2.847162467	33.08833667
chr3	9361835	2.78010333	33.08841639
chr3	9361848	2.615005619	33.08845253
chr3	9362069	2.489108864	33.08903045
chr3	9362255	2.446022816	33.08949342
chr3	9362302	2.4047765	33.08960839
chr3	9362335	3.411216611	33.08968774
chr3	9362358	3.47225191	33.0897662
chr3	9363372	3.571647589	33.09328707
chr3	9363374	3.621315985	33.09329421
chr3	9363387	3.669874915	33.09334129
chr3	9363542	3.732273409	33.09391012
chr3	9367920	4.160645991	33.11025001
chr3	9373576	4.19562347	33.13378262
chr3	9389394	4.265529384	33.200149
chr3	9389397	4.501665934	33.20016179
chr3	9398459	4.572858921	33.24095589
chr3	9398470	4.548121702	33.24100619
chr3	9398890	4.563344918	33.2429164
chr3	9437592	4.272673748	33.41952698
chr3	9437612	4.178843319	33.41961243
chr3	9437648	4.068536342	33.41976287
chr3	9437657	3.974575038	33.41979948
chr3	9438996	3.821877026	33.42512144
chr3	9439047	3.836490303	33.42531636
chr3	9439358	3.749835736	33.42650951
chr3	9439391	1.658180809	33.42663325
chr3	9443824	1.865196202	33.43398397
chr3	9443828	2.063201654	33.43399143
chr3	9443861	2.081714449	33.43405951
chr3	9443862	2.093874862	33.43406159
chr3	9529982	2.108837934	33.6143861
chr3	9530076	2.242811244	33.61458433
chr3	9530082	2.221884529	33.61459778
chr3	9530092	2.231607911	33.61462
chr3	9530102	2.10166985	33.61464232
chr3	9545362	2.122533235	33.6467138
chr3	9545687	2.138514306	33.64740362
chr3	9546058	2.112508416	33.64819701
chr3	9548860	2.130338282	33.65411626
chr3	9549108	2.920617128	33.65464459
chr3	9553875	2.846622027	33.66856717
chr3	9553968	2.074662328	33.6688319
chr3	9554127	1.978578332	33.66916177
chr3	9560142	1.995626974	33.68106292
chr3	9560158	2.055535669	33.68109485
chr3	9698649	1.888626575	33.96576804
chr3	9755764	1.568317356	34.07363695
chr3	9756764	1.476741128	34.07520527
chr3	9776380	1.459679633	34.10417302
chr3	9776491	1.448737155	34.10433505
chr3	9776527	1.152142545	34.1043872
chr3	9776570	1.160315267	34.10443674
chr3	9780073	1.212260476	34.10850133
chr3	9781273	1.207644198	34.10995604
chr3	9782319	1.229705283	34.11121924
chr3	9782320	1.231845332	34.11122047
chr3	9784245	1.78743757	34.11359177
chr3	9784253	1.850917905	34.11360607
chr3	9784272	1.840080798	34.11364123
chr3	9785537	1.869814342	34.11596894
chr3	9786300	1.882490906	34.11739561
chr3	9786612	2.039537684	34.11798294
chr3	9787333	2.088015899	34.11945345
chr3	9792788	1.828844056	34.13084358
chr3	9792789	1.849850841	34.1308454
chr3	9830326	1.896450019	34.20028326
chr3	9832459	1.8159852	34.20432838
chr3	9832460	1.803784199	34.2043302
chr3	9838261	1.72925601	34.21479395
chr3	9839263	1.556120694	34.21652667
chr3	9839294	1.577368234	34.21657491
chr3	9839938	1.433754882	34.21759073
chr3	9839955	1.367526192	34.2176151
chr3	9839982	1.289434254	34.21765203
chr3	9839989	1.248478519	34.21766105
chr3	9840094	1.223564838	34.21779214
chr3	9840119	1.151227845	34.21782273
chr3	9845223	1.144970315	34.2236986
chr3	9845480	1.212776886	34.22399286
chr3	9845650	1.260138239	34.22419903
chr3	9855852	1.243709643	34.23705496
chr3	9909492	1.046808759	34.30376755
chr3	9909494	0.9894326875	34.30376964
chr3	9909608	47.98467444	34.30388243
chr3	9909686	0.681054535	34.30762524
chr3	9909794	0.6900339665	34.30769879
chr3	9909862	1.154954099	34.30774572
chr3	9909984	1.145716363	34.30788662
chr3	9918348	1.17379508	34.31746939
chr3	9922266	1.216413661	34.32206832
chr3	9922270	1.240789383	34.32207319
chr3	9922330	1.49913859	34.32214763
chr3	9922365	1.32305496	34.3222001
chr3	9923089	1.501797743	34.32315799
chr3	9923099	1.52017867	34.32317301
chr3	9923539	1.54476051	34.32384189
chr3	9923542	1.671830868	34.32384653
chr3	9923589	1.766631483	34.3239251
chr3	9985090	1.870193061	34.4325747
chr3	10053938	2.057702998	34.56133376
chr3	10054037	2.179499095	34.56153747
chr3	10054092	2.346463137	34.56165734
chr3	10056334	2.134486524	34.56691811
chr3	10059036	2.107494181	34.57268549
chr3	10059047	2.114352201	34.57270868
chr3	10064155	2.103265167	34.58350879
chr3	10064156	2.086395141	34.58351089
chr3	10064589	2.012856321	34.5844143
chr3	10064590	1.95027567	34.58441631
chr3	10073612	1.492371359	34.6020117
chr3	10073799	1.468016074	34.60229077
chr3	10073810	3.324299599	34.60230692
chr3	10075453	3.326732737	34.60776875
chr3	10075824	3.302500002	34.60900296
chr3	10075875	1.419921223	34.60917139
chr3	10076187	1.33390578	34.60961441
chr3	10076272	1.370531569	34.60972779
chr3	10077131	1.346583097	34.61090508
chr3	10077307	1.322661956	34.61114207
chr3	10077315	1.309985391	34.61115266
chr3	10078384	1.095577568	34.61255303
chr3	10078620	1.006715024	34.61281159
chr3	10078621	0.9848550315	34.61281259
chr3	10116169	1.468287152	34.64979193
chr3	10121760	1.262469297	34.65800112
chr3	10121813	3.051705473	34.65806803
chr3	10123800	2.39346268	34.66413177
chr3	10123814	0.5498492324	34.66416528
chr3	10123832	0.5326081682	34.66417518
chr3	10123840	0.5141902583	34.66417944
chr3	10123877	0.7754005727	34.66419846
chr3	10123892	0.8012452589	34.6642101
chr3	10130218	0.7955726301	34.66927877
chr3	10159231	0.8280142865	34.69236072
chr3	10163493	0.9054620749	34.69588972
chr3	10163520	0.8697847988	34.69591417
chr3	10164573	0.862617586	34.69683005
chr3	10164605	1.078142016	34.69685765
chr3	10210929	1.19667025	34.7468015
chr3	10211073	1.219262807	34.74697382
chr3	10211126	1.054916234	34.74703845
chr3	10211160	0.9704594914	34.74707431
chr3	10213149	1.043866526	34.74900456
chr3	10213181	1.146759923	34.74903796
chr3	10217897	1.164784932	34.75444608
chr3	10260232	1.106988285	34.80375725
chr3	10260473	1.079981121	34.80402403
chr3	10262869	1.020360736	34.80661167
chr3	10263245	1.041392586	34.80699532
chr3	10263404	0.9793686214	34.80716091
chr3	10263443	0.9091193448	34.8071991
chr3	10264077	0.8984489339	34.80777548
chr3	10265242	0.8577420357	34.80882218
chr3	10266632	2.570949875	34.81001444
chr3	10270131	2.586339791	34.81901019
chr3	10270341	3.51696231	34.81955332
chr3	10271086	3.619587745	34.82217346
chr3	10272723	3.639358213	34.82809872
chr3	10272859	3.727678989	34.82859368
chr3	10272945	3.783740332	34.82891426
chr3	10272957	3.464342685	34.82895966
chr3	10272999	3.711962279	34.82910516
chr3	10273069	6.221814796	34.829365
chr3	10273396	6.302659733	34.83139954
chr3	10273404	6.326287174	34.83144996
chr3	10273410	6.345722255	34.83148791
chr3	10273411	6.369331554	34.83149426
chr3	10273484	6.499474361	34.83195922
chr3	10274486	4.813166401	34.83847169
chr3	10274515	5.273436983	34.83861128
chr3	10274517	5.295241289	34.83862182
chr3	10274552	2.827254502	34.83880716
chr3	10314001	2.823014869	34.95033952
chr3	10314628	2.690337119	34.95210955
chr3	10314705	2.715741141	34.95231671
chr3	10314718	2.747825595	34.95235201
chr3	10315023	2.78004005	34.9531901
chr3	10315050	3.080056939	34.95326516
chr3	10355870	3.114460282	35.07899308
chr3	10377224	3.237089711	35.14549927
chr3	10422561	3.760582595	35.2922592
chr3	10429539	3.231758448	35.31850055
chr3	10429585	3.25680779	35.31864921
chr3	10429611	4.912827769	35.31873389
chr3	10429666	4.990083463	35.31900409
chr3	10429698	7.789379875	35.31916378
chr3	10438649	16.18366105	35.38888651
chr3	10442072	16.45388462	35.44428319
chr3	10442494	15.55131413	35.45122673
chr3	10443255	14.29400777	35.46306128
chr3	10443446	14.57763964	35.46579143
chr3	10443450	14.80309161	35.46584974
chr3	10443707	14.94162225	35.46965414
chr3	10443814	15.17956539	35.47125289
chr3	10444021	15.297137	35.47439506
chr3	10444417	15.25410574	35.48045273
chr3	10444491	14.07048551	35.48158153
chr3	10457541	13.59252654	35.66520137
chr3	10457542	13.1950545	35.66521496
chr3	10459207	12.867089	35.68718472
chr3	10459316	12.8479433	35.68858724
chr3	10459318	17.14842426	35.68861293
chr3	10459320	17.86995759	35.68864723
chr3	10459322	17.84999898	35.68868297
chr3	10459333	16.0530127	35.68887932
chr3	10459342	14.57095512	35.6890238
chr3	10459385	14.42726007	35.68965035
chr3	10459813	15.24645004	35.69582522
chr3	10459919	10.99208807	35.69744134
chr3	10459921	11.85275591	35.69746332
chr3	10459923	12.13195598	35.69748703
chr3	10459925	11.11157319	35.69751129
chr3	10459927	11.08610973	35.69753352
chr3	10459929	11.16185444	35.69755569
chr3	10462904	10.19694547	35.7307622
chr3	10462922	6.83765428	35.73094575
chr3	10463012	7.599550705	35.73156114
chr3	10463100	7.565147362	35.7322299
chr3	10463225	7.613714217	35.73317554
chr3	10472675	6.748297523	35.80512514
chr3	10472684	11.97632861	35.80518588
chr3	10473080	11.39972703	35.8099285
chr3	10473123	11.3149442	35.81041869
chr3	10473136	11.03574413	35.81056579
chr3	10473170	10.76761561	35.810941
chr3	10473192	10.99325074	35.81117789
chr3	10473194	10.71535466	35.81119987
chr3	10473195	11.03432396	35.81121059
chr3	10473200	10.91112908	35.81126576
chr3	10473230	4.749041509	35.8115931
chr3	10473326	4.621104263	35.812049
chr3	10473342	4.848527139	35.81212294
chr3	10505724	5.745636337	35.96912795
chr3	10505832	5.478106392	35.96974848
chr3	10505845	5.025617455	35.96981969
chr3	10505856	4.97072629	35.96987497
chr3	10505859	4.964535276	35.96988989
chr3	10505885	72.70644042	35.97001896
chr3	10505938	72.59378328	35.9738724
chr3	10505941	9.776993913	35.97409019
chr3	10505991	9.735190666	35.97457904
chr3	10507338	10.98699606	35.98769234
chr3	10507356	10.88266948	35.9878901
chr3	10507362	10.69157463	35.9879554
chr3	10507533	12.54870084	35.98978366
chr3	10507580	10.07344886	35.99037345
chr3	10507727	9.73902286	35.99185424
chr3	10507833	11.50196148	35.99288658
chr3	10507998	9.691675441	35.9947844
chr3	10508569	11.64459789	36.00031835
chr3	10508607	11.56384774	36.00076085
chr3	10508633	11.30816234	36.00106151
chr3	10509448	9.381754761	36.01027766
chr3	10509586	8.3794744	36.01157234
chr3	10509838	4.605918277	36.01368397
chr3	10510248	4.506356284	36.01557239
chr3	10510267	5.160678829	36.01565802
chr3	10510285	3.725763475	36.01575091
chr3	10510458	1.716918056	36.01639546
chr3	10510531	2.479367991	36.0165208
chr3	10510885	3.356465116	36.0173985
chr3	10511074	4.274829693	36.01803287
chr3	10511080	5.991562593	36.01805852
chr3	10511593	11.52171721	36.02113219
chr3	10511605	11.15843933	36.02127045
chr3	10511626	11.12421313	36.02150478
chr3	10512418	17.03059778	36.03031515
chr3	10512430	12.62310614	36.03051952
chr3	10512445	14.14249267	36.03070887
chr3	10514004	14.14819379	36.05275701
chr3	10514813	12.60787207	36.0642029
chr3	10514821	11.76208932	36.06430376
chr3	10514873	10.26567719	36.06491539
chr3	10514879	10.31925596	36.06497699
chr3	10514900	8.83292618	36.06519369
chr3	10515078	7.469679865	36.06676595
chr3	10515091	4.800335406	36.06686306
chr3	10515125	3.468788724	36.06702627
chr3	10515274	8.970800775	36.06754312
chr3	10515905	8.340217728	36.07320369
chr3	10515953	2.930871027	36.07360402
chr3	10515954	3.025514371	36.07360696
chr3	10515994	3.027390686	36.07372798
chr3	10516070	3.051155417	36.07395806
chr3	10516082	3.308987558	36.07399467
chr3	10516091	3.332132199	36.07402445
chr3	10516103	3.355910562	36.07406444
chr3	10516113	3.473369836	36.074098
chr3	10516193	4.489442031	36.07437587
chr3	10516238	4.617917191	36.07457789
chr3	10516256	5.170956504	36.07466101
chr3	10516433	5.194785553	36.07557627
chr3	10516484	5.375781959	36.07584121
chr3	10516497	6.542385782	36.07591109
chr3	10516524	6.566220221	36.07608774
chr3	10516569	6.678650124	36.07638322
chr3	10516579	6.701871248	36.07645
chr3	10516597	4.578411632	36.07657064
chr3	10516606	4.798547128	36.07661184
chr3	10517407	4.936217191	36.08045548
chr3	10517448	5.00815866	36.08065786
chr3	10523226	3.497699331	36.10959501
chr3	10547718	3.174934972	36.19526066
chr3	10568708	2.716509555	36.26190254
chr3	10568715	2.713451588	36.26192156
chr3	10568802	2.786876252	36.26215763
chr3	10573331	2.824530587	36.27477939
chr3	10573359	2.689810708	36.27485848
chr3	10573475	2.6293906	36.2751705
chr3	10573509	2.728564595	36.27525989
chr3	10573525	2.664218845	36.27530355
chr3	10578427	2.714854046	36.28836355
chr3	10579035	2.990942096	36.29001418
chr3	10671028	2.967069407	36.56515992
chr3	10671247	3.056247628	36.56580971
chr3	10671264	3.032470337	36.56586166
chr3	10671303	2.631528716	36.56597993
chr3	10671304	3.399077186	36.56598256
chr3	10671370	3.783956738	36.5662069
chr3	10671514	3.760195833	36.56675179
chr3	10673611	3.647943304	36.57463692
chr3	10675446	4.84303784	36.5813309
chr3	10675483	7.80994661	36.58151009
chr3	10680865	7.124500585	36.62354322
chr3	10680915	6.740662222	36.62389945
chr3	10680955	9.401464376	36.62416907
chr3	10680968	63.69762274	36.62429129
chr3	10681008	63.05891477	36.6268392
chr3	10681015	62.39648516	36.62728061
chr3	10681039	12.09292016	36.62877813
chr3	10682310	9.275068944	36.64414823
chr3	10682339	9.25285914	36.6444172
chr3	10682349	6.436774784	36.64450973
chr3	10682370	6.394816258	36.64464491
chr3	10682376	6.419600237	36.64468327
chr3	10682379	11.58636565	36.64470253
chr3	10682405	11.24630469	36.64500378
chr3	10682440	11.32067961	36.6453974
chr3	10682973	7.671505223	36.65143132
chr3	10683072	7.949864379	36.6521908
chr3	10683093	2.783098962	36.65235775
chr3	10683181	2.785656409	36.65260266
chr3	10683237	2.899998353	36.65275866
chr3	10683309	2.901304121	36.65296746
chr3	10683483	1.136867427	36.65347228
chr3	10683516	1.071578765	36.6535098
chr3	10683945	1.124957357	36.65396951
chr3	10831168	0.6906357077	36.81958911
chr3	10831183	0.6838530571	36.81959946
chr3	10831225	0.6139127377	36.81962819
chr3	10831243	11.7402371	36.81963924
chr3	10831516	11.71523849	36.82284432
chr3	10831572	1.014136026	36.82350038
chr3	10831606	1.097005183	36.82353486
chr3	10831648	1.160060646	36.82358093
chr3	10943794	1.186400854	36.95367709
chr3	10943844	1.153542523	36.95373641
chr3	10943862	1.106473946	36.95375717
chr3	10943949	1.146631028	36.95385344
chr3	10943982	0.9910537773	36.95389128
chr3	10951940	1.017809393	36.96177808
chr3	10952013	1.074469729	36.96185238
chr3	10952025	1.046994917	36.96186528
chr3	10952085	1.091039312	36.9619281
chr3	10952140	1.140247359	36.9619881
chr3	10953841	1.213735146	36.96392766
chr3	10953883	1.150473888	36.96397864
chr3	10959196	1.164885896	36.97009111
chr3	10986650	1.173287466	37.00207189
chr3	11005564	1.16879744	37.02426345
chr3	11035790	1.195777755	37.05959152
chr3	11035815	1.157257982	37.05962141
chr3	11035841	1.336285301	37.0596515
chr3	11035843	1.30170569	37.05965417
chr3	11036019	1.364642009	37.05988327
chr3	11036048	1.695559969	37.05992285
chr3	11036069	1.650673121	37.05995845
chr3	11043977	2.137055543	37.07301198
chr3	11057013	2.147151059	37.10087063
chr3	11059791	2.136055329	37.10683542
chr3	11059799	2.160238661	37.10685251
chr3	11059914	2.184793994	37.10710093
chr3	11209517	3.10563931	37.43395267
chr3	11209930	3.039117737	37.4352353
chr3	11210053	3.028517706	37.43560911
chr3	11210149	4.213861994	37.43589985
chr3	11210423	4.229701985	37.43705445
chr3	11210594	4.073252846	37.43777773
chr3	11210596	3.9658124	37.43778587
chr3	11210689	3.954852185	37.43815469
chr3	11210692	5.720098243	37.43816656
chr3	11212345	5.620565252	37.44762188
chr3	11212751	4.169204752	37.44990383
chr3	11213126	4.062505758	37.45146728
chr3	11213222	3.866972307	37.45185728
chr3	11213864	3.843452721	37.45433988
chr3	11213873	3.769703871	37.45437447
chr3	11213881	3.710955423	37.45440463
chr3	11214018	4.253309801	37.45491303
chr3	11214971	4.257396599	37.45896643
chr3	11215151	4.250785646	37.45973276
chr3	11215168	1.23838075	37.45980503
chr3	11215175	1.255911356	37.4598137
chr3	11215205	2.335895552	37.45985137
chr3	11215206	2.353428741	37.45985371
chr3	11215223	2.914931101	37.45989372
chr3	11215877	2.930803533	37.46180008
chr3	11217432	2.948524199	37.46635748
chr3	11218492	3.029658774	37.46948292
chr3	11218582	3.038886462	37.46975559
chr3	11218595	3.056706681	37.46979509
chr3	11221249	2.546532361	37.47790759
chr3	11221793	1.996704792	37.47929291
chr3	11221821	1.582614363	37.47934881
chr3	11221883	2.113423412	37.47944693
chr3	11221961	1.672593508	37.47961178
chr3	11229963	1.251958318	37.49299588
chr3	11425611	2.031085155	37.73793902
chr3	11425743	3.324118958	37.73820712
chr3	11443319	4.910481142	37.79663183
chr3	11443506	5.454901437	37.79755009
chr3	11443542	5.943661981	37.79774647
chr3	11445574	5.911639633	37.80982399
chr3	11445981	7.284409921	37.81223003
chr3	11445985	10.570469	37.81225917
chr3	11446548	12.67971457	37.81821034
chr3	11447077	12.50785812	37.82491791
chr3	11447924	10.91646694	37.83551207
chr3	11448297	17.63039064	37.83958391
chr3	11448675	17.11947175	37.8462482
chr3	11448714	13.66166979	37.84691585
chr3	11448722	13.19466656	37.84702515
chr3	11449278	13.16222904	37.85436138
chr3	11449319	6.94906534	37.85490103
chr3	11449361	6.833586594	37.85519289
chr3	11449405	6.89980697	37.85549357
chr3	11449416	1.731274897	37.85556947
chr3	11535316	1.719793125	38.00428598
chr3	11537779	1.491085408	38.00852183
chr3	11539408	1.395404211	38.01095081
chr3	11539546	1.305001852	38.01114338
chr3	11539567	1.345948304	38.01117078
chr3	11539605	0.8435001576	38.01122193
chr3	11539623	0.8287592298	38.01123711
chr3	11539634	0.8173895623	38.01124623
chr3	11539641	0.7362424267	38.01125195
chr3	11539661	0.7384352732	38.01126668
chr3	11539670	0.6978938097	38.01127332
chr3	11539719	0.683730804	38.01130752
chr3	11539827	0.6723666004	38.01138136
chr3	11539960	0.7413160412	38.01147079
chr3	11539988	0.804783791	38.01149154
chr3	11540362	0.7998858012	38.01179253
chr3	11540475	0.8927680223	38.01188292
chr3	11540504	1.139361808	38.01190881
chr3	11540706	1.250103446	38.01213896
chr3	11606721	1.184827091	38.09466454
chr3	11607001	1.130075236	38.09499629
chr3	11607224	1.075230586	38.0952483
chr3	11607250	1.030667891	38.09527625
chr3	11607355	0.9302380392	38.09538447
chr3	11607952	0.9177287599	38.09593983
chr3	11607955	0.86303616	38.09594258
chr3	11610981	0.8835985552	38.09855413
chr3	11611010	0.7413640016	38.09857975
chr3	11619453	1.233368072	38.10483909
chr3	11624812	1.286485673	38.11144871
chr3	11624852	1.293993473	38.11150017
chr3	11625935	1.251358567	38.11290156
chr3	11625955	1.0690714	38.11292659
chr3	11629662	0.7318725016	38.11688964
chr3	11629677	0.7470333481	38.11690061
chr3	11694249	0.6483898244	38.16513805
chr3	11694263	10.21954377	38.16514713
chr3	11695024	0.5756687354	38.1729242
chr3	11695061	0.4564091402	38.1729455
chr3	11695964	0.4766965495	38.17335764
chr3	11695986	0.4531035609	38.17336813
chr3	11695994	0.4097093681	38.17337175
chr3	11696008	0.4212297571	38.17337749
chr3	11696032	0.4327577781	38.1733876
chr3	11696048	0.4651216951	38.17339452
chr3	11696062	0.4095634043	38.17340103
chr3	11696144	0.4304414689	38.17343462
chr3	11872783	0.4456265784	38.24946737
chr3	11872840	0.4247485137	38.24949277
chr3	11872845	0.3756368654	38.24949489
chr3	11872937	0.3571109706	38.24952945
chr3	11873049	0.3362688822	38.24956945
chr3	12009907	0.3027618406	38.29559053
chr3	12010197	0.2933206963	38.29567833
chr3	12016035	0.2818286582	38.29739074
chr3	12016041	0.2703006388	38.29739243
chr3	12016043	0.2587751375	38.29739297
chr3	12016063	0.2357930667	38.29739815
chr3	12016195	0.2518460897	38.29742927
chr3	12016229	0.245062375	38.29743783
chr3	12016242	0.2820429431	38.29744102
chr3	12016254	0.3191496084	38.29744441
chr3	12016264	0.359163673	38.2974476
chr3	12115672	0.2598416498	38.33315134
chr3	12115678	0.2823826088	38.3331529
chr3	12115723	3.135814601	38.33316561
chr3	12115745	3.131729225	38.33323459
chr3	12115783	6.165504313	38.3333536
chr3	12115859	7.392962917	38.33382218
chr3	12115999	7.35598235	38.33485719
chr3	12116029	7.49869963	38.33507787
chr3	12116217	7.636861133	38.33648763
chr3	12116999	1.926625701	38.34245965
chr3	12117507	6.235881168	38.34343838
chr3	12117540	16.569412	38.34364416
chr3	12117573	16.635451	38.34419095
chr3	12117614	16.66365663	38.34487301
chr3	12117651	16.90531542	38.34548956
chr3	12117659	16.97145624	38.3456248
chr3	12117671	16.97465779	38.34582846
chr3	12117897	6.764171847	38.34966473
chr3	12117992	6.96655875	38.35030733
chr3	12118301	13.08442029	38.35246
chr3	12118366	8.849633099	38.35331048
chr3	12118390	15.79703519	38.35352288
chr3	12118569	15.86450173	38.35635055
chr3	12118759	16.13137231	38.3593648
chr3	12118761	16.26672466	38.35939706
chr3	12118770	16.33423441	38.35954346
chr3	12118832	16.3971685	38.36055619
chr3	12118852	15.2913133	38.36088413
chr3	12118883	15.38734626	38.36135816
chr3	12118887	15.52540739	38.36141971
chr3	12118904	9.43603244	38.36168364
chr3	12118921	2.772257684	38.36184405
chr3	12120321	3.070331438	38.36572522
chr3	12144937	2.920466695	38.44130449
chr3	12145179	2.652107167	38.44201125
chr3	12145212	2.503898156	38.44209877
chr3	12147994	2.278960625	38.44906461
chr3	12173129	2.259933853	38.50634629
chr3	12173249	2.056793569	38.50661748
chr3	12173261	2.93435261	38.50664216
chr3	12173281	2.987167546	38.50670085
chr3	12173305	2.920473089	38.50677254
chr3	12173415	2.703640527	38.50709379
chr3	12173426	2.636042944	38.50712353
chr3	12173435	2.418269082	38.50714726
chr3	12177429	2.408344066	38.51680582
chr3	12177450	2.14540823	38.5168564
chr3	12177554	2.199051052	38.51707952
chr3	12177740	1.436047047	38.51748854
chr3	12177772	1.567763929	38.5175345
chr3	12177860	1.444719035	38.51767246
chr3	12177888	1.501263446	38.51771291
chr3	12241354	1.471132105	38.6129921
chr3	12241676	1.154636583	38.6134658
chr3	12241720	0.9866710935	38.61351661
chr3	12243130	0.7533549677	38.61490781
chr3	12243131	0.6672391273	38.61490857
chr3	12246323	0.6742194465	38.61703839
chr3	12246325	2.396556091	38.61703974
chr3	12246375	2.40487215	38.61715957
chr3	12246510	3.482081463	38.61748423
chr3	12248406	8.191237968	38.62408625
chr3	12248416	6.457466557	38.62416817
chr3	12248683	6.48439691	38.62589231
chr3	12248760	6.447943686	38.62639161
chr3	12249796	6.412602113	38.63307168
chr3	12249809	6.328597169	38.63315504
chr3	12249818	6.359158602	38.633212
chr3	12249957	0.6722248724	38.63409592
chr3	12250088	0.8109997891	38.63418398
chr3	12250187	1.278919722	38.63426427
chr3	12250228	1.312413793	38.63431671
chr3	12250249	1.374323416	38.63434427
chr3	12250253	1.436235116	38.63434977
chr3	12250271	1.622504775	38.63437562
chr3	12251280	1.637950492	38.63601273
chr3	12254263	1.669988692	38.64089873
chr3	12255957	1.789932924	38.64372769
chr3	12255967	1.806209791	38.64374559
chr3	12360144	1.837215855	38.83191111
chr3	12360279	2.241276151	38.83215913
chr3	12360300	2.271268107	38.8322062
chr3	12360369	2.821918795	38.83236292
chr3	12360581	3.183428866	38.83296117
chr3	12365154	3.222400443	38.84751899
chr3	12365163	4.079707922	38.84754799
chr3	12369409	3.488128594	38.86487043
chr3	12369416	3.223331359	38.86489484
chr3	12369441	2.5267552	38.86497543
chr3	12369484	2.700793919	38.86508408
chr3	12369487	2.668299682	38.86509218
chr3	12369570	2.681419071	38.86531365
chr3	12369726	2.823780762	38.86573195
chr3	12369735	3.433286814	38.86575736
chr3	12369737	3.467022863	38.86576423
chr3	12369745	3.348342574	38.86579197
chr3	12369746	3.451050149	38.86579532
chr3	12369922	3.482004781	38.8664027
chr3	12370528	3.54570361	38.86851279
chr3	12370543	3.616769183	38.86856598
chr3	12370567	3.767014299	38.86865278
chr3	12372310	3.956536203	38.87521869
chr3	12373651	3.99864525	38.8805244
chr3	12373792	3.894630201	38.88108821
chr3	12374183	3.963862607	38.88261101
chr3	12374185	4.083388793	38.88261894
chr3	12374193	4.103119714	38.88265161
chr3	12478743	4.093817128	39.31163277
chr3	12478982	5.150554598	39.3126112
chr3	12479071	6.098725073	39.3130696
chr3	12479088	10.73541032	39.31317327
chr3	12479091	10.74788516	39.31320548
chr3	12479123	11.25624069	39.31354941
chr3	12479153	12.41169158	39.3138871
chr3	12479206	16.80699241	39.31454492
chr3	12479233	22.25212494	39.31499871
chr3	12479274	23.2032828	39.31591105
chr3	12479441	23.24861979	39.31978599
chr3	12482119	28.68913187	39.3820458
chr3	12482120	28.62152647	39.38207449
chr3	12482128	28.57147193	39.38230346
chr3	12482283	27.25184192	39.38673204
chr3	12482473	21.40896287	39.39190989
chr3	12482477	21.3251168	39.39199552
chr3	12482525	20.09248317	39.39301913
chr3	12482571	10.91639308	39.39394338
chr3	12482612	14.37465495	39.39439095
chr3	12482651	13.31758242	39.39495157
chr3	12482680	13.3270628	39.39533778
chr3	12482818	13.41848936	39.39717691
chr3	12482896	21.86430396	39.39822355
chr3	12482908	21.87486849	39.39848592
chr3	12483033	22.12156926	39.40122028
chr3	12483088	22.12846434	39.40243697
chr3	12483182	21.38889451	39.40451705
chr3	12483185	20.49903528	39.40458121
chr3	12483302	12.00202103	39.4069796
chr3	12483343	12.95036875	39.40747168
chr3	12483447	13.35212134	39.40881852
chr3	12484021	7.821198445	39.41648264
chr3	12484106	8.091832999	39.41714744
chr3	12484127	7.386145887	39.41731737
chr3	12486566	7.439754657	39.43533218
chr3	12490121	6.744840886	39.46178051
chr3	12490197	5.950341357	39.46229311
chr3	12498350	5.757368061	39.51080625
chr3	12498390	4.891483165	39.51103654
chr3	12498393	4.898140995	39.51105122
chr3	12504585	4.510102204	39.54138051
chr3	12516188	4.291263675	39.59371122
chr3	12516220	3.862221133	39.59384854
chr3	12516245	3.876450467	39.5939451
chr3	12517061	3.682364861	39.59710828
chr3	12517202	3.664771937	39.59762749
chr3	12519497	3.669826934	39.60603815
chr3	12519508	3.765513459	39.60607851
chr3	12519529	3.777324759	39.60615759
chr3	12519921	3.644048561	39.6076383
chr3	12560811	3.569852875	39.75664345
chr3	12561062	3.338795514	39.75753948
chr3	12561130	3.328610781	39.75776652
chr3	12561143	3.316892676	39.75780979
chr3	12561162	3.539445414	39.75787281
chr3	12561750	3.550405692	39.759954
chr3	12591607	3.361440971	39.86595847
chr3	12591732	3.19911013	39.86637865
chr3	12591809	4.761114581	39.86662498
chr3	12592201	4.72746439	39.86849134
chr3	12592282	4.724356512	39.86887426
chr3	12592326	4.575637987	39.86908213
chr3	12592889	4.595898032	39.87165822
chr3	12593837	2.816286426	39.87601513
chr3	12594764	2.681764085	39.87862583
chr3	12594767	2.709817558	39.87863387
chr3	12594768	2.929114288	39.87863658
chr3	12594769	2.949585692	39.87863951
chr3	12594771	2.890597688	39.87864541
chr3	12594820	2.918231421	39.87878705
chr3	12616697	2.941344934	39.9426292
chr3	12616705	2.950508391	39.94265273
chr3	12616708	2.923689515	39.94266158
chr3	12616736	2.946831565	39.94274344
chr3	12616737	2.963763576	39.94274639
chr3	12616769	2.972957063	39.94284123
chr3	12634872	2.978098442	39.99666067
chr3	12739583	2.9527868	40.30850034
chr3	12756804	2.939318517	40.35935028
chr3	12758799	2.925152069	40.36521422
chr3	12774812	2.851784707	40.41205468
chr3	12774818	2.831295674	40.41207179
chr3	12774819	2.85904877	40.41207462
chr3	12774975	2.665572647	40.41252063
chr3	12829638	2.644066546	40.55822883
chr3	12830094	2.62839012	40.55943452
chr3	12831863	2.576504248	40.56408415
chr3	12831890	2.569533157	40.56415371
chr3	12831894	2.452412187	40.56416399
chr3	12831955	2.304250034	40.56431359
chr3	12832102	2.28605276	40.56465231
chr3	12832168	2.292504391	40.56480319
chr3	12833597	2.234871028	40.56807918
chr3	12879131	2.211025685	40.6698418
chr3	12881030	2.242213617	40.67404054
chr3	12881057	2.136490321	40.67410108
chr3	12881123	2.121974391	40.67424208
chr3	12881142	2.071932256	40.6742824
chr3	12954528	2.081060355	40.82633322
chr3	12954550	2.030498578	40.82637901
chr3	13018039	4.570739726	40.95529333
chr3	13018118	4.563844653	40.95565442
chr3	13018122	4.525856608	40.95567267
chr3	13018169	4.392796295	40.95588539
chr3	13018196	4.491095759	40.95600399
chr3	13018284	4.482404284	40.95639921
chr3	13018298	4.474334886	40.95646196
chr3	13018312	4.465624881	40.9565246
chr3	13018344	4.438825992	40.9566675
chr3	13019290	4.274091966	40.96086663
chr3	13019444	1.733502129	40.96152484
chr3	13019450	1.723909613	40.96153525
chr3	13019486	1.699089355	40.96159731
chr3	13019492	1.692218567	40.9616075
chr3	13019507	1.678569849	40.96163288
chr3	13051144	1.621073472	41.0147378
chr3	13051218	1.622688535	41.01485776
chr3	13051281	1.346750707	41.01495999
chr3	13051287	1.192869528	41.01496807
chr3	13051299	1.14417187	41.01498238
chr3	13051309	1.136091408	41.01499382
chr3	13052289	1.129607831	41.01610719
chr3	13052293	1.085686684	41.01611171
chr3	13052335	1.092628693	41.01615731
chr3	13052336	0.9824008609	41.0161584
chr3	13052368	0.9048069395	41.01618984
chr3	13052386	0.890819875	41.01620613
chr3	13052443	0.7724684797	41.0162569
chr3	13052488	0.6687103061	41.01629166
chr3	13074482	0.6624773993	41.03099928
chr3	13078607	0.7369379025	41.033732
chr3	13174039	0.7065879218	41.10405946
chr3	13174070	0.6462383643	41.10408136
chr3	13177042	0.56382472	41.10600198
chr3	13177078	0.5493294508	41.10602228
chr3	13177466	12.52028384	41.10623542
chr3	13177469	12.45346206	41.10627298
chr3	13177780	0.7176676452	41.11014601
chr3	13177922	0.8393060481	41.11024791
chr3	13177952	1.013050254	41.11027309
chr3	13178061	1.080174301	41.11038352
chr3	13221879	1.640730208	41.15771459
chr3	13221891	1.425624792	41.15773428
chr3	13221909	1.886470576	41.15775994
chr3	13221981	1.884277729	41.15789577
chr3	13222061	1.878396802	41.15804651
chr3	13222062	2.762090856	41.15804839
chr3	13228087	3.017870444	41.17468999
chr3	13228105	3.985914021	41.17474431
chr3	13229908	3.914951251	41.18193091
chr3	13229914	3.454105467	41.1819544
chr3	13230149	3.472144225	41.18276612
chr3	13230151	3.466006361	41.18277306
chr3	13230299	2.554021975	41.18328603
chr3	13233019	2.57744334	41.19023297
chr3	13233020	2.528614893	41.19023555
chr3	13233033	2.546910677	41.19026842
chr3	13234921	2.587112083	41.19507699
chr3	13234980	2.050520009	41.19522963
chr3	13235077	2.01986646	41.19542853
chr3	13235411	2.071164319	41.19610316
chr3	13235558	3.847317669	41.19640762
chr3	13235564	2.993389572	41.19643071
chr3	13235570	3.156579696	41.19644867
chr3	13235591	3.382980934	41.19651496
chr3	13237634	3.402591027	41.20342639
chr3	13237635	1.626437679	41.20342979
chr3	13269160	1.651024106	41.25470324
chr3	13269257	1.673245281	41.25486339
chr3	13269704	1.567185697	41.25561133
chr3	13269740	1.540158747	41.25566774
chr3	13269904	1.72853751	41.25592033
chr3	13269907	1.808286107	41.25592552
chr3	13269949	1.919896647	41.25600146
chr3	13269975	1.812606323	41.25605138
chr3	13272274	1.818254583	41.26021856
chr3	13272493	1.814164368	41.26061676
chr3	13347942	2.025592009	41.39749365
chr3	13350991	2.096524078	41.40366968
chr3	13351764	2.001756867	41.40529029
chr3	13352357	2.007212954	41.40647733
chr3	13352379	1.976305862	41.40652149
chr3	13352387	2.0265876	41.4065373
chr3	13352454	1.982087321	41.40667308
chr3	13352465	2.15329849	41.40669489
chr3	13352494	2.198185885	41.40675733
chr3	13378968	2.263697153	41.46495211
chr3	13419205	2.219808145	41.55603649
chr3	13419213	2.200280368	41.55605425
chr3	13422742	2.314613428	41.56381904
chr3	13422896	2.347014054	41.56417549
chr3	13424830	2.360905091	41.56871461
chr3	13424930	2.342162195	41.5689507
chr3	13425755	2.110380531	41.57088299
chr3	13425788	2.385857525	41.57095263
chr3	13425830	2.37102721	41.57105283
chr3	13425848	3.1555006	41.57109551
chr3	13434657	2.358969943	41.59889232
chr3	13434668	4.793546388	41.59891827
chr3	13434679	5.289734009	41.598971
chr3	13434708	11.73915797	41.5991244
chr3	13435273	12.13968502	41.60575702
chr3	13435280	5.389598202	41.605842
chr3	13435379	5.577270304	41.60637557
chr3	13435389	6.848799394	41.60643134
chr3	13435391	7.047200517	41.60644504
chr3	13435452	7.064539226	41.60687492
chr3	13435488	7.258354006	41.60712924
chr3	13435747	7.689654093	41.60900916
chr3	13436119	4.790133482	41.61186971
chr3	13451394	4.864615018	41.685039
chr3	13451685	4.633151189	41.6864546
chr3	13452258	3.117683503	41.6891094
chr3	13452311	3.613569956	41.68927463
chr3	13452739	3.400943413	41.69082124
chr3	13452742	5.091626506	41.69083144
chr3	13452830	4.863355567	41.69127951
chr3	13452974	4.649210881	41.69197983
chr3	13453925	4.766819728	41.69640123
chr3	13453938	4.810260965	41.6964632
chr3	13453985	4.601535474	41.69668928
chr3	13454384	4.688871423	41.69852529
chr3	13454417	4.737692929	41.69868003
chr3	13454522	4.54387815	41.69917748
chr3	13454924	2.853195058	41.70100412
chr3	13454996	3.264103501	41.70120955
chr3	13455008	2.476212689	41.70124872
chr3	13455036	2.178858459	41.70131806
chr3	13455040	2.340181651	41.70132677
chr3	13496624	2.302048358	41.79864089
chr3	13496645	2.21347311	41.79868923
chr3	13498563	3.030399428	41.80293467
chr3	13498614	2.946930628	41.80308922
chr3	13498618	2.862283974	41.80310101
chr3	13500152	3.439686299	41.80749175
chr3	13500246	3.376545849	41.80781508
chr3	13500924	3.245872168	41.81010438
chr3	13500952	3.165577233	41.81019526
chr3	13501043	3.085441021	41.81048333
chr3	13505760	2.57285654	41.82503736
chr3	13505779	1.917254886	41.82508624
chr3	13505789	1.871107471	41.82510541
chr3	13505808	1.922911527	41.82514097
chr3	13505811	5.719764285	41.82514673
chr3	13505816	7.0372629	41.82517533
chr3	13505847	6.313097897	41.82539349
chr3	13505861	12.14716479	41.82548187
chr3	13508035	10.45026023	41.85188981
chr3	13508057	10.38071942	41.85211971
chr3	13508436	7.569999034	41.85605401
chr3	13508520	48.3676995	41.85668989
chr3	13508526	90.34153435	41.85698009
chr3	13508606	1.435408601	41.86420741
chr3	13508630	1.547806223	41.86424186
chr3	13508706	1.565258243	41.8643595
chr3	13544313	1.632964381	41.92009365
chr3	13544415	1.828214427	41.92026021
chr3	13544430	1.385648645	41.92028763
chr3	13569537	1.432535662	41.95507711
chr3	13569538	1.380558622	41.95507855
chr3	13569539	1.36994711	41.95507993
chr3	13569637	1.210160173	41.95521418
chr3	13569645	1.257109845	41.95522386
chr3	13569726	1.39580353	41.95532569
chr3	13569785	1.442829806	41.95540804
chr3	13569786	1.391485751	41.95540948
chr3	13648217	2.530306143	42.0645451
chr3	13648220	2.362917186	42.06455269
chr3	13648232	2.957332146	42.06458105
chr3	13648376	2.945053009	42.06500691
chr3	13648773	4.527808535	42.06617609
chr3	13648944	4.619074721	42.06695035
chr3	13649806	4.578295262	42.07093199
chr3	13650612	4.545894636	42.07462209
chr3	13650692	4.638794926	42.07498577
chr3	13650766	4.843643673	42.07532904
chr3	13651956	4.848729499	42.08109297
chr3	13652247	3.825324344	42.08250395
chr3	13653130	3.910529284	42.08588171
chr3	13653178	3.4032039	42.08606942
chr3	13653226	3.49766466	42.08623277
chr3	13653286	1.673550944	42.08644263
chr3	13680297	2.410186429	42.13164692
chr3	13680687	2.432028302	42.13258689
chr3	13680913	2.883648214	42.13313653
chr3	13680969	3.670893941	42.13329801
chr3	13681080	4.02267641	42.13370548
chr3	13685007	4.060413784	42.14950253
chr3	13685156	4.08293297	42.15010754
chr3	13685162	3.744395175	42.15013203
chr3	13685271	5.528100879	42.15054017
chr3	13685305	4.792306408	42.15072813
chr3	13685533	5.987181533	42.15182077
chr3	13685602	6.995461152	42.15223389
chr3	13685639	7.550208597	42.15249272
chr3	13685666	7.593500988	42.15269658
chr3	13685789	7.883058028	42.15363058
chr3	13685944	12.81754972	42.15485245
chr3	13687918	10.92815606	42.18015429
chr3	13688649	10.93653374	42.18814278
chr3	13688694	8.230159002	42.18863492
chr3	13688720	8.245807034	42.1888489
chr3	13688731	8.142184369	42.18893961
chr3	13689278	7.221527891	42.19339338
chr3	13689283	7.244542149	42.19342949
chr3	13689286	6.087450105	42.19345122
chr3	13689365	3.559286205	42.19393213
chr3	13690402	3.250701389	42.19762311
chr3	13692280	3.247166182	42.20372793
chr3	13692289	0.9738915523	42.20375715
chr3	13692291	1.005809276	42.2037591
chr3	13692296	1.029354681	42.20376413
chr3	13738582	0.8954925264	42.25140884
chr3	13738588	0.91533915	42.25141421
chr3	13738619	0.9637508992	42.25144259
chr3	13741391	0.888633909	42.25411411
chr3	13848029	0.8781898692	42.34887625
chr3	13848975	0.8085809253	42.34970702
chr3	13849251	0.8774860675	42.34993019
chr3	13849554	0.8540280989	42.35019606
chr3	13849578	0.8085256793	42.35021656
chr3	13849586	0.7648054039	42.35022303
chr3	13849613	0.7723798774	42.35024368
chr3	13849616	0.7391441085	42.350246
chr3	13849635	0.7369234893	42.35026004
chr3	13849649	0.7285437813	42.35027036
chr3	13849664	0.7425710918	42.35028129
chr3	13849677	0.719131754	42.35029094
chr3	13849705	0.6966515405	42.35031107
chr3	13849931	0.7099009412	42.35046852
chr3	13849940	0.6989294436	42.35047491
chr3	13849963	0.7061198994	42.35049098
chr3	13850534	0.7131451751	42.35089418
chr3	13850543	0.6902569984	42.3509006
chr3	13924467	0.6324796627	42.40192715
chr3	13924473	0.5833757244	42.40193095
chr3	13924482	0.5520404418	42.4019362
chr3	13924987	0.5117525088	42.40221498
chr3	13925408	0.5085269302	42.40243043
chr3	13925635	0.559831026	42.40254586
chr3	13925639	0.653446559	42.4025481
chr3	13926154	0.6463320669	42.40288463
chr3	14008204	0.6464961752	42.45591617
chr3	14008769	0.727478402	42.45628144
chr3	14128364	1.852139558	42.54328422
chr3	14128994	1.802130298	42.54445107
chr3	14130127	1.808757066	42.54649288
chr3	14131351	1.782788352	42.5487068
chr3	14131394	0.5560851451	42.54878346
chr3	14323645	0.5234813363	42.65569139
chr3	14333328	0.5290146571	42.66076026
chr3	14334503	0.5392872335	42.66138185
chr3	14363014	1.533419838	42.67675747
chr3	14363032	1.491328545	42.67678507
chr3	14363078	1.729745644	42.67685367
chr3	14375648	1.327268905	42.69859657
chr3	14375654	1.317507675	42.69860454
chr3	14375667	0.9635715837	42.69862166
chr3	14375680	0.9553743961	42.69863419
chr3	14375697	0.6591090033	42.69865043
chr3	14375734	3.203453632	42.69867482
chr3	14376353	3.25673695	42.70065776
chr3	14376463	3.250953294	42.701016
chr3	14377184	0.411497627	42.70335994
chr3	14377319	0.424786928	42.70341549
chr3	14377732	0.4421480796	42.70359093
chr3	14377757	0.2416005273	42.70360198
chr3	14377808	0.2334180629	42.7036143
chr3	14377891	0.2266964397	42.70363367
chr3	14377913	0.2408399134	42.70363866
chr3	14445588	0.2024570143	42.7199375
chr3	14532938	0.1864668681	42.73762212
chr3	14638745	0.2100024048	42.75735162
chr3	14638751	0.2397277229	42.75735288
chr3	14638891	0.3092755143	42.75738644
chr3	14638925	0.3444632972	42.75739696
chr3	14638936	0.4927664373	42.75740075
chr3	14639821	0.4994891171	42.75783685
chr3	14803752	0.4771061536	42.8397186
chr3	14809877	0.4307644483	42.84264087
chr3	14809944	0.4838074729	42.84266973
chr3	14816653	0.4806792163	42.8459156
chr3	14816668	0.4184559657	42.84592281
chr3	14817436	0.50732145	42.84624418
chr3	14817445	0.6603179159	42.84624875
chr3	14817448	0.6698169186	42.84625073
chr3	14817457	0.7177082664	42.84625676
chr3	14894277	0.7733529351	42.90139111
chr3	14894313	0.7590696036	42.90141895
chr3	14894315	1.047736085	42.90142047
chr3	14894316	1.015789351	42.90142151
chr3	14894318	1.012738045	42.90142355
chr3	14894323	1.26462768	42.90142861
chr3	14894420	1.284513209	42.90155128
chr3	14894434	1.268353379	42.90156926
chr3	14894487	1.204998701	42.90163648
chr3	14894530	1.190566	42.9016883
chr3	14894537	4.8549304	42.90169663
chr3	14895572	1.765927258	42.90672149
chr3	14895595	1.805059736	42.9067621
chr3	14895602	1.83684864	42.90677474
chr3	14906499	1.572701754	42.92679088
chr3	14906540	1.693151028	42.92685536
chr3	14906588	1.425081115	42.92693663
chr3	14906625	1.354856938	42.92698936
chr3	14914332	1.380894027	42.93743124
chr3	14914795	1.421925643	42.93807059
chr3	14995241	1.654076125	43.05245882
chr3	14995289	1.65941459	43.05253822
chr3	14995330	1.846835269	43.05260626
chr3	14995458	1.855980109	43.05284265
chr3	14995459	2.257271362	43.05284451
chr3	15000029	2.271304347	43.06316024
chr3	15004480	2.868580861	43.07326981
chr3	15004652	3.018423249	43.07376321
chr3	15004668	2.980796182	43.0738115
chr3	15008275	2.927337901	43.08456323
chr3	15010325	2.296188114	43.09056428
chr3	15010620	1.919581162	43.09124165
chr3	15010626	1.935193217	43.09125317
chr3	15010667	1.082735132	43.09133251
chr3	15010887	1.11063318	43.09157071
chr3	15010998	1.067680947	43.091694
chr3	15011038	1.105387576	43.0917367
chr3	15011067	1.043242955	43.09176876
chr3	15011396	1.064259229	43.09211199
chr3	15011550	1.128304887	43.09227588
chr3	15011651	1.173312304	43.09238984
chr3	15011791	1.19466999	43.0925541
chr3	15012209	1.215759673	43.09305348
chr3	15012282	1.224776826	43.09314223
chr3	15012447	1.370685536	43.09334431
chr3	15015457	1.356170391	43.09747008
chr3	15015540	1.375057513	43.09758264
chr3	15093352	1.303544815	43.20457862
chr3	15093486	1.343023762	43.20475329
chr3	15093488	1.408708316	43.20475598
chr3	15095333	1.421947738	43.20735504
chr3	15143121	1.301311862	43.27530708
chr3	15184505	1.254611171	43.32916057
chr3	15184519	0.9791460564	43.32917814
chr3	15186930	1.014873016	43.33153886
chr3	15187095	1.00226331	43.33170631
chr3	15187132	0.9547302577	43.3317434
chr3	15188333	0.9479721853	43.33289003
chr3	15188571	0.9216831994	43.33311564
chr3	15190048	0.8984024268	43.33447697
chr3	15190074	0.7834710763	43.33450033
chr3	15204387	0.7502059386	43.34571415
chr3	15204587	0.7311862877	43.34586419
chr3	15204621	0.7188066902	43.34588905
chr3	15204637	0.5104670219	43.34590055
chr3	15205794	0.4564448327	43.34649116
chr3	15205803	0.4187047272	43.34649527
chr3	15205812	0.3902155441	43.34649904
chr3	15205863	0.3374804938	43.34651894
chr3	15206262	0.3546836094	43.34665359
chr3	15207280	0.3222641906	43.34701466
chr3	15207306	0.303332191	43.34702304
chr3	15207556	0.2741756688	43.34709887
chr3	15207557	0.2647192261	43.34709915
chr3	15207564	0.2524641553	43.347101
chr3	15207626	0.2866882961	43.34711665
chr3	15208292	0.3046846399	43.34730759
chr3	15208800	0.3937105366	43.34746237
chr3	15208892	0.4295220246	43.34749859
chr3	15209275	2.789992046	43.3476631
chr3	15209316	2.845400411	43.34777749
chr3	15209428	2.897372705	43.34809617
chr3	15210777	2.914970882	43.35200473
chr3	15210862	1.213566733	43.3522525
chr3	15254502	1.129032578	43.40521255
chr3	15408886	1.08442937	43.57951712
chr3	15409039	1.054128492	43.57968304
chr3	15409055	1.004413221	43.5796999
chr3	15409442	0.9860184544	43.58008861
chr3	15411858	0.975745878	43.58247083
chr3	15413282	0.9297472366	43.58386029
chr3	15414005	1.197894642	43.5845325
chr3	15414048	1.183692553	43.58458401
chr3	15414061	1.156724775	43.5845994
chr3	15420405	1.069360494	43.59193766
chr3	15420429	0.9989472992	43.59196332
chr3	15420704	0.9292989621	43.59223803
chr3	15420842	0.9071516837	43.59236628
chr3	15420888	4.491566144	43.59240801
chr3	15421399	5.126272589	43.5947032
chr3	15421404	4.802850654	43.59472883
chr3	15421639	4.78534841	43.5958575
chr3	15421864	4.87924656	43.5969342
chr3	15421886	1.182783125	43.59704154
chr3	15423370	1.096217449	43.59879679
chr3	15423443	15.71803241	43.59887682
chr3	15423695	3.401726379	43.60283776
chr3	15423698	3.433052922	43.60284797
chr3	15423767	3.446820936	43.60308485
chr3	15423817	4.684367369	43.60325719
chr3	15426388	4.710646337	43.6153007
chr3	15426890	1.033195262	43.61766544
chr3	15426944	0.4906054845	43.61772124
chr3	15426947	0.6124092608	43.61772271
chr3	15426995	0.6261617231	43.6177521
chr3	15427245	0.6350496789	43.61790864
chr3	15427360	0.6751897725	43.61798167
chr3	15427364	0.8290116789	43.61798437
chr3	15427380	0.8427839078	43.61799764
chr3	15460724	0.7694796294	43.64609943
chr3	15460753	0.6589920284	43.64612174
chr3	15460802	0.441251267	43.64615403
chr3	15460824	0.4984654984	43.64616374
chr3	15460835	0.5127040112	43.64616922
chr3	15461152	0.4188058614	43.64633175
chr3	15691712	0.4050378474	43.74289163
chr3	15695243	0.3700993094	43.74432182
chr3	15695247	0.5095011665	43.7443233
chr3	15718440	0.3236107645	43.75614016
chr3	15718445	2.858486573	43.75614178
chr3	15718487	2.902536754	43.75626183
chr3	15719911	2.906576273	43.76039504
chr3	15719914	2.744586636	43.76040376
chr3	15719926	0.2394159778	43.7604367
chr3	15720071	0.2268306198	43.76047141
chr3	15720154	0.2792828034	43.76049024
chr3	15720161	0.3417875413	43.7604922
chr3	15720189	0.383724414	43.76050177
chr3	15720197	0.3711267218	43.76050484
chr3	15802234	0.3064458029	43.79095096
chr3	15802255	0.2614933192	43.79095739
chr3	15802280	0.2238185992	43.79096393
chr3	15802284	0.2361433549	43.79096483
chr3	15802290	0.2372013059	43.79096624
chr3	15802386	0.2264038786	43.79098902
chr3	15802395	0.1552007148	43.79099105
chr3	15842309	0.3740496825	43.79718573
chr3	15887226	0.2118535215	43.81398692
chr3	15888626	0.2158631745	43.81428352
chr3	15903511	0.2222243757	43.81749664
chr3	15904800	0.2291191001	43.81778309
chr3	15904825	0.2029544106	43.81778882
chr3	15904828	0.2217017844	43.81778943
chr3	15904975	0.2339573371	43.81782202
chr3	15904981	0.2408506186	43.81782342
chr3	16022255	0.2938585438	43.84606894
chr3	16026486	0.3006573476	43.84731225
chr3	16081527	0.3279171155	43.86386073
chr3	16081536	0.3382155679	43.86386368
chr3	16101606	0.2758631994	43.87065167
chr3	16105165	0.3450823259	43.87163347
chr3	16105187	0.3671030827	43.87164106
chr3	16311414	0.3592390213	43.94734763
chr3	16311474	0.3519941	43.94736918
chr3	16311728	0.343303751	43.94745859
chr3	16314281	0.3646886228	43.94833504
chr3	16314355	0.3470535996	43.94836203
chr3	16322986	0.3358943147	43.95135745
chr3	16323030	0.3477897073	43.95137223
chr3	16439752	0.3085433673	43.99196694
chr3	16439857	0.4239469789	43.99199933
chr3	16439933	0.442906654	43.99203155
chr3	16439948	0.4537773868	43.9920382
chr3	16440104	0.4468835902	43.99210899
chr3	16440150	0.4399903088	43.99212954
chr3	16440614	0.4107891459	43.9923337
chr3	16483444	0.3892589494	44.0099278
chr3	16484405	0.3937241851	44.01030188
chr3	16484460	0.4292540946	44.01032353
chr3	16582623	7.403209149	44.0524604
chr3	16582641	8.000876644	44.05259366
chr3	16585922	8.05290354	44.07884454
chr3	16587280	8.047951575	44.08978038
chr3	16588289	8.829534309	44.09790076
chr3	16588290	1.634611701	44.09790959
chr3	16588363	1.681673975	44.09802892
chr3	16589925	1.684647306	44.10065569
chr3	16590473	2.557767132	44.10157888
chr3	16590546	2.648794489	44.1017656
chr3	16592063	2.661746913	44.10578382
chr3	16593009	1.882268438	44.10830183
chr3	16594398	1.963298998	44.1109163
chr3	16594427	1.480182782	44.11097324
chr3	16594777	0.7256011685	44.1114913
chr3	16594778	0.748239957	44.11149203
chr3	16594852	0.7610899499	44.1115474
chr3	16630677	0.7991500144	44.13881344
chr3	16630696	0.984822389	44.13882863
chr3	16630708	1.098239342	44.13884045
chr3	16633026	0.9606113159	44.14138616
chr3	16633051	1.086335054	44.14141018
chr3	16633099	1.098418996	44.14146232
chr3	16633133	1.186799018	44.14149967
chr3	16633152	1.278299949	44.14152222
chr3	16633156	1.281724578	44.14152733
chr3	16633200	6.121992164	44.14158373
chr3	16634025	1.837177235	44.14663437
chr3	16666670	1.846081779	44.20660902
chr3	16666750	1.799019505	44.20675671
chr3	16666781	1.651098249	44.20681248
chr3	16666802	1.612658949	44.20684715
chr3	16666804	1.488864625	44.20685038
chr3	16666914	1.4982459	44.20701415
chr3	16674284	1.408452538	44.21805622
chr3	16674692	1.429334962	44.21863087
chr3	16674874	0.8278644341	44.21889101
chr3	16737504	0.8607940373	44.27074016
chr3	16753949	0.8479252582	44.28489592
chr3	16876880	0.7579722935	44.38913222
chr3	16938368	0.7328050269	44.43573842
chr3	16938386	0.6955663481	44.43575161
chr3	16961346	0.6830425571	44.45172181
chr3	16961562	0.5059297783	44.45186935
chr3	16961569	0.5151696032	44.45187289
chr3	16961647	0.5026577053	44.45191308
chr3	16962438	0.4836776443	44.45231068
chr3	16962469	0.5043220376	44.45232567
chr3	16962574	0.4466699682	44.45237863
chr3	16962585	0.399338409	44.45238354
chr3	16962998	0.4615789577	44.45254847
chr3	16963009	0.4545261079	44.45255354
chr3	17087122	0.4934069331	44.50896614
chr3	17087124	0.4810598283	44.50896713
chr3	17087172	0.451350948	44.50899022
chr3	17141073	0.4731143486	44.53331849
chr3	17141104	0.4913153705	44.53333315
chr3	17141121	0.510319687	44.53334151
chr3	17141165	0.4007727171	44.53336396
chr3	17141285	0.4425793588	44.53341205
chr3	17141363	0.4685770369	44.53344657
chr3	17199937	0.5367242716	44.560893
chr3	17199977	0.5603690602	44.56091447
chr3	17199989	0.5582427818	44.5609212
chr3	17199997	0.5915987541	44.56092566
chr3	17200153	0.9898471468	44.56101795
chr3	17200191	1.07939833	44.56105557
chr3	17200864	1.141126136	44.561782
chr3	17207433	1.188151816	44.56927806
chr3	17207445	1.23612412	44.56929232
chr3	17207446	1.204988835	44.56929355
chr3	17207510	1.253788646	44.56937067
chr3	17207594	1.289604865	44.56947599
chr3	17208504	1.318923224	44.57064953
chr3	17211439	1.355634841	44.57452057
chr3	17211453	1.225540873	44.57453955
chr3	17211475	1.327604362	44.57456651
chr3	17283106	1.124358947	44.66966414
chr3	17283263	1.053953159	44.66984067
chr3	17283338	1.189302092	44.66991971
chr3	17283361	1.0166668	44.66994707
chr3	17284173	0.9659216551	44.6707726
chr3	17284344	0.9401641279	44.67093777
chr3	17284345	0.9222357988	44.67093871
chr3	17284346	0.871626407	44.67093963
chr3	17284775	0.8903112905	44.67131356
chr3	17284964	0.8850339673	44.67148183
chr3	17285010	0.8797569915	44.67152254
chr3	17285881	0.7366584881	44.67228881
chr3	17285976	0.7111941437	44.67235879
chr3	17309815	0.7266223925	44.68931295
chr3	17309864	0.692777709	44.68934855
chr3	17310540	0.5844666591	44.68981687
chr3	17310581	0.5838639034	44.68984084
chr3	17310594	0.3874902952	44.68984843
chr3	17311325	0.3928637215	44.69013168
chr3	17311346	0.3596865383	44.69013993
chr3	17311358	0.3975561736	44.69014425
chr3	17374000	0.4056053943	44.71504796
chr3	17375768	0.4561083999	44.71576507
chr3	17407134	0.3661211115	44.73007137
chr3	17407137	0.4325860609	44.73007247
chr3	17407192	0.4144638749	44.73009626
chr3	17408110	0.376933273	44.73047674
chr3	17408773	0.5224008927	44.73072664
chr3	17408782	0.5259253884	44.73073134
chr3	17409212	1.470127558	44.73095749
chr3	17410216	1.610835113	44.7324335
chr3	17410317	1.689577058	44.7325962
chr3	17410353	1.70846244	44.73265702
chr3	17460004	0.7642602701	44.81748389
chr3	17460160	0.7349419108	44.81760311
chr3	17460270	0.7567916751	44.81768396
chr3	17462641	21.76896976	44.81947831
chr3	17462663	21.70855302	44.81995723
chr3	17462728	21.72018841	44.82136828
chr3	17462816	0.6861634396	44.82327966
chr3	17463018	0.61616343	44.82341826
chr3	17463173	0.7560530995	44.82351377
chr3	17463254	0.7659910874	44.82357501
chr3	17463277	0.8117521304	44.82359263
chr3	17463278	0.8219541768	44.82359344
chr3	17463309	0.8422488793	44.82361892
chr3	17463348	0.888404574	44.82365177
chr3	17464220	0.9402998942	44.82442646
chr3	17465018	0.9450414899	44.82517682
chr3	17465156	0.9550891001	44.82530723
chr3	17472080	1.002148838	44.83192027
chr3	17472104	1.032291326	44.83194432
chr3	17597420	1.063974436	44.96130694
chr3	17604671	1.028546415	44.96902182
chr3	17604704	2.570719895	44.96905576
chr3	17605693	2.585042264	44.9715982
chr3	17605747	2.57308004	44.9717378
chr3	17607046	2.569812755	44.97508023
chr3	17607049	2.586311574	44.97508794
chr3	17607050	2.602836485	44.97509052
chr3	17607052	2.619506258	44.97509573
chr3	17607081	1.06359752	44.97517169
chr3	17607104	1.614007713	44.97519616
chr3	17607144	2.031558646	44.97526072
chr3	17611454	2.048416111	44.98401673
chr3	17611456	2.099245583	44.98402083
chr3	17611857	2.10668768	44.98486263
chr3	17628319	2.115814118	45.01954292
chr3	17628393	1.871265639	45.01969949
chr3	17629108	1.849415875	45.02103745
chr3	17629908	1.540155531	45.02251698
chr3	17629949	1.577468526	45.02258013
chr3	17630503	1.590380173	45.02345404
chr3	17630683	1.490058767	45.02374031
chr3	17630968	1.502267643	45.02416498
chr3	17632480	1.47926845	45.02643641
chr3	17651737	1.500575068	45.05492268
chr3	17707904	1.525678758	45.13920548
chr3	17742165	1.49325364	45.19147676
chr3	17824879	1.967620278	45.31498974
chr3	17824915	1.957437183	45.31506057
chr3	17824949	1.940689844	45.31512713
chr3	17825119	1.93051248	45.31545704
chr3	17825145	3.150696709	45.31550724
chr3	17825171	3.116626689	45.31558916
chr3	17828355	3.079764724	45.3255125
chr3	17828861	4.127256408	45.32707086
chr3	17830203	3.986124895	45.33260963
chr3	17830288	3.96969551	45.33294846
chr3	17830293	3.822316123	45.3329683
chr3	17830303	3.793801794	45.33300653
chr3	17830645	11.18318998	45.33430401
chr3	17830648	11.16668437	45.33433756
chr3	17830729	11.15018474	45.33524206
chr3	17830731	11.16902084	45.33526436
chr3	17830733	13.50239878	45.3352867
chr3	17832284	12.42466857	45.35622892
chr3	17832287	12.44309089	45.35626619
chr3	17832314	8.950279977	45.35660215
chr3	17832315	10.59701546	45.3566111
chr3	17832326	24.7150026	45.35672767
chr3	17832587	10.58063284	45.36317829
chr3	17832601	8.678417528	45.36332642
chr3	17833978	8.703562601	45.3752766
chr3	17834136	6.662576648	45.37665176
chr3	17834328	5.660928397	45.37793098
chr3	17834460	2.284544474	45.37867822
chr3	17834463	0.6196611339	45.37868507
chr3	17933131	0.6074522582	45.4398258
chr3	17954454	0.5772486352	45.4527785
chr3	17954497	0.5466387687	45.45280332
chr3	17954537	0.5939345444	45.45282519
chr3	17954582	0.6798030032	45.45285191
chr3	17954594	0.6500401935	45.45286007
chr3	18020109	0.9724160772	45.49544746
chr3	18025131	1.014855528	45.50033093
chr3	18026577	1.031897949	45.50179841
chr3	18026582	0.994234001	45.50180357
chr3	18026617	0.9430218055	45.50183837
chr3	18026644	0.9408739894	45.50186383
chr3	18026668	0.962283984	45.50188641
chr3	18026747	0.9578210063	45.50196243
chr3	18026797	1.194163534	45.50201032
chr3	18028524	1.215436978	45.50407264
chr3	18032537	0.8938192949	45.50895019
chr3	18032635	1.319907568	45.50903779
chr3	18032668	1.919725597	45.50908134
chr3	18041790	1.582161038	45.52659308
chr3	18042299	1.182678094	45.5273984
chr3	18042365	1.369526168	45.52747646
chr3	18042406	1.02328136	45.52753261
chr3	18043019	1.024025215	45.52815988
chr3	18046295	1.12140043	45.53151458
chr3	18105849	1.206549576	45.59829847
chr3	18105870	1.246172691	45.5983238
chr3	18107040	1.265398403	45.59978183
chr3	18198974	0.9812060471	45.71611496
chr3	18198982	0.6175882594	45.71612281
chr3	18198999	0.6309837395	45.71613331
chr3	18199015	0.7147767368	45.71614341
chr3	18199021	0.7985811555	45.7161477
chr3	18199241	0.7822370743	45.71632338
chr3	18199347	0.742271844	45.7164063
chr3	18199375	0.7201427762	45.71642708
chr3	18201936	0.6979267736	45.71827137
chr3	18243041	0.4671022818	45.74695965
chr3	18243058	0.4676673641	45.74696759
chr3	18251746	0.4726161673	45.75103068
chr3	18255115	0.3771776312	45.75262293
chr3	18255142	0.3971721595	45.75263311
chr3	18255148	0.4177906401	45.7526355
chr3	18255180	0.4364933263	45.75264886
chr3	18283086	0.4401870068	45.76482965
chr3	18283094	0.448306864	45.76483317
chr3	18345250	0.4605294524	45.79269813
chr3	18439646	0.3878693367	45.83617027
chr3	18646977	0.3796347124	45.91658761
chr3	18647069	0.3652613955	45.91662253
chr3	18647074	0.344805966	45.91662436
chr3	18647098	0.3356758917	45.91663263
chr3	18648753	0.3118485301	45.91718818
chr3	18648768	0.2738016028	45.91719286
chr3	18650585	0.2723667433	45.91769035
chr3	18650604	0.2548688471	45.91769553
chr3	18650637	0.2587402312	45.91770394
chr3	18650655	0.2626213651	45.9177086
chr3	18737181	0.2549682159	45.94043217
chr3	18737388	0.242940871	45.94048495
chr3	18737404	0.2360892369	45.94048884
chr3	18737421	0.2279693803	45.94049285
chr3	18737422	0.2211179742	45.94049308
chr3	18818369	0.1790063987	45.95839192
chr3	18834982	0.1732036103	45.96136575
chr3	18835097	0.1674043065	45.96138567
chr3	18835146	0.1971402677	45.96139387
chr3	18835186	0.216374212	45.96140176
chr3	18835200	0.2117212003	45.96140478
chr3	18835254	0.3099328254	45.96141622
chr3	18995278	0.2567871781	46.01101291
chr3	18997174	0.2521653948	46.01149978
chr3	18997193	0.2404076977	46.01150457
chr3	19021863	0.2309340286	46.01743543
chr3	19021875	0.2210469935	46.0174382
chr3	19021878	0.2417832914	46.01743886
chr3	19021891	0.2800310262	46.017442
chr3	19021912	0.2408693652	46.01744788
chr3	19022448	0.2211621606	46.01757699
chr3	19022453	0.2014668446	46.0175781
chr3	19023655	1.320044925	46.01782026
chr3	19024758	2.836309005	46.01927627
chr3	19025143	2.866208535	46.02036825
chr3	19025156	4.798767042	46.02040551
chr3	19025189	8.837453145	46.02056387
chr3	19025204	8.87718936	46.02069643
chr3	19025518	8.917075084	46.02348387
chr3	19026953	7.798497004	46.03627987
chr3	19026976	5.77446129	46.03645923
chr3	19026986	5.755227345	46.03651698
chr3	19027027	3.862889502	46.03675294
chr3	19027191	0.695428358	46.03738646
chr3	19118009	0.6682771686	46.10054387
chr3	19118043	0.6285409529	46.10056659
chr3	19118065	0.3084481773	46.10058042
chr3	19118343	0.1947965432	46.10066617
chr3	19118386	0.1544391368	46.10067454
chr3	19118400	0.2002422026	46.10067671
chr3	19118961	0.2280450315	46.10078904
chr3	19198521	0.1753236101	46.11893231
chr3	19198917	0.1291848526	46.11900173
chr3	19198939	0.1703667062	46.11900458
chr3	19198942	0.1245636411	46.11900509
chr3	19199371	0.1692883212	46.11905852
chr3	19199448	0.2169230362	46.11907156
chr3	19199782	0.1961867374	46.11914401
chr3	19276893	0.1485520224	46.13427217
chr3	19281838	0.1376793673	46.13500676
chr3	19281855	0.09295468711	46.1350091
chr3	19282769	0.08789002098	46.13509406
chr3	19288414	0.1105197176	46.1355902
chr3	19288494	0.1075591959	46.13559904
chr3	19288519	0.06637734161	46.13560173
chr3	19288627	0.08432823675	46.1356089
chr3	19289284	0.08327028548	46.1356643
chr3	19289296	0.09739745612	46.1356653
chr3	19292592	0.2701876438	46.13598632
chr3	19292887	0.3169137209	46.13606603
chr3	19292936	0.3201383003	46.13608156
chr3	19292987	0.4159202445	46.13609788
chr3	19293049	0.5277558657	46.13612367
chr3	19293050	0.5511442348	46.1361242
chr3	19293065	0.5978294127	46.13613246
chr3	19313942	0.4250392249	46.14861335
chr3	19450781	0.362146972	46.20677529
chr3	19450785	0.4192862324	46.20677674
chr3	19450789	0.372560155	46.20677842
chr3	19450812	0.3826441016	46.20678699
chr3	19450817	0.4566972864	46.2067889
chr3	19451431	0.6221276045	46.20706931
chr3	19451433	0.5994979097	46.20707056
chr3	19469677	0.6110811669	46.2180078
chr3	19469742	0.8082519537	46.21804752
chr3	19469919	1.115155162	46.21819058
chr3	19481641	1.12616797	46.23126243
chr3	19481654	1.125720919	46.23127707
chr3	19493229	1.190215159	46.24430729
chr3	19493504	1.25648668	46.24463459
chr3	19493699	1.015389088	46.24487961
chr3	19493745	1.078676961	46.24492632
chr3	19493761	0.9547725364	46.24494358
chr3	19493934	1.020071598	46.24510875
chr3	19493971	1.186071564	46.24514649
chr3	19494090	1.211148991	46.24528764
chr3	19494104	1.196266513	46.24530459
chr3	19494108	1.044864129	46.24530938
chr3	19494136	1.092152248	46.24533863
chr3	19494157	1.159210407	46.24536157
chr3	19494226	1.007440526	46.24544156
chr3	19494296	1.073160699	46.24551208
chr3	19494350	1.092002098	46.24557003
chr3	19549170	0.9586724177	46.30543358
chr3	19550270	0.9850908544	46.30648812
chr3	19550345	1.168310095	46.306562
chr3	19550429	1.028664985	46.30666014
chr3	19550450	0.9160702228	46.30668174
chr3	19550683	0.9322922916	46.30689519
chr3	19550870	0.9589058896	46.30706953
chr3	19556757	0.9278551306	46.31271461
chr3	19577244	1.092190696	46.33172357
chr3	19577274	1.123379015	46.33175634
chr3	19577281	1.156256966	46.3317642
chr3	19577561	1.160118043	46.33208795
chr3	19577591	1.225861339	46.33212276
chr3	19577986	1.258947174	46.33260697
chr3	19591070	1.296431632	46.34907904
chr3	19683095	1.378024124	46.46838316
chr3	19689217	1.475161438	46.47681942
chr3	19689486	0.9044722777	46.47721624
chr3	19689578	0.8779566195	46.47729945
chr3	19689702	0.9070204381	46.47740832
chr3	19689910	0.7999028932	46.47759698
chr3	19690146	0.8724685102	46.47778576
chr3	19690151	0.8723712746	46.47779012
chr3	19690497	0.9028781177	46.47809196
chr3	19701871	0.8785184917	46.4883613
chr3	19701882	0.9003963688	46.48837096
chr3	19701929	0.9341305652	46.48841328
chr3	19701973	1.440602136	46.48845438
chr3	19702033	1.459511918	46.48854082
chr3	19702035	1.75283536	46.48854373
chr3	19702036	1.882773484	46.48854549
chr3	19751896	1.734799296	46.58242057
chr3	19751905	1.73994973	46.58243619
chr3	19752157	1.819797293	46.58287465
chr3	19752160	2.086215022	46.58288011
chr3	19752437	2.352985026	46.58345799
chr3	19752593	2.293905072	46.58382506
chr3	19752685	2.405858642	46.5840361
chr3	19752705	2.493180121	46.58408422
chr3	19787103	2.406478922	46.66984463
chr3	19787206	2.301224264	46.67009249
chr3	19787232	2.090024621	46.67015233
chr3	19787256	3.194536749	46.67020249
chr3	19787262	6.553179955	46.67022165
chr3	19787300	14.00533801	46.67047067
chr3	19787697	29.32117342	46.67603079
chr3	19787781	21.77950323	46.67849377
chr3	19787964	21.90818575	46.68247942
chr3	19788088	22.19551902	46.68519604
chr3	19788129	23.05803043	46.68610605
chr3	19788160	23.25267962	46.68682085
chr3	19788171	10.08902361	46.68707663
chr3	19788258	10.24922296	46.68795438
chr3	19788438	7.640997865	46.68979924
chr3	19788456	8.227962146	46.68993677
chr3	19788495	8.389898431	46.69025766
chr3	19790596	7.285386303	46.70788484
chr3	19791597	7.25138628	46.71517751
chr3	19791880	6.126376689	46.71722966
chr3	19794741	5.66783519	46.73475722
chr3	19794767	6.161526322	46.73490458
chr3	19794768	5.62493955	46.73491074
chr3	19794952	5.537618071	46.73594573
chr3	19795087	4.969053308	46.73669331
chr3	19811276	4.473937702	46.81713732
chr3	19811286	4.08694946	46.81718205
chr3	19811306	4.058667392	46.81726379
chr3	19811389	4.230829305	46.81760066
chr3	19811391	4.834012842	46.81760912
chr3	19811423	4.64541427	46.81776381
chr3	19816621	3.808820572	46.84191068
chr3	19816632	2.418108877	46.84195257
chr3	19816648	2.678194235	46.84199126
chr3	19817182	2.649365489	46.84342142
chr3	19817349	2.642797104	46.84386386
chr3	19817385	2.644841461	46.843959
chr3	19817507	2.011756555	46.84428167
chr3	19817510	2.017504202	46.84428771
chr3	19817517	2.077047069	46.84430183
chr3	19831559	1.802646902	46.87346773
chr3	19831603	1.70256903	46.87354704
chr3	19831613	1.520103687	46.87356407
chr3	19831648	1.54205877	46.87361727
chr3	19831659	1.661439293	46.87363424
chr3	19832607	1.636765216	46.87520928
chr3	19860140	1.615181986	46.92027434
chr3	19860357	1.645944749	46.92062483
chr3	19865374	1.665715647	46.92888254
chr3	19865849	1.698428582	46.92967375
chr3	19865854	1.740689174	46.92968224
chr3	19865857	1.775217455	46.92968747
chr3	19957845	3.487498356	47.09298617
chr3	19957875	3.296424507	47.09309079
chr3	19957968	3.802987057	47.09339736
chr3	19958112	4.018760029	47.09394499
chr3	19959557	3.984759609	47.0997521
chr3	19962554	4.908394743	47.11169442
chr3	19962557	5.272136658	47.11170915
chr3	19962569	6.013583851	47.11177241
chr3	19962591	6.704485716	47.11190471
chr3	19963032	7.628840182	47.11486139
chr3	19963065	8.015170741	47.11511314
chr3	19963154	8.216770429	47.11582649
chr3	19972520	7.223938533	47.19278477
chr3	19972550	7.093583802	47.19300148
chr3	19972614	6.721801428	47.19345547
chr3	19972670	6.701806358	47.19383189
chr3	19972699	6.303536162	47.19402625
chr3	19973270	7.471447051	47.19762557
chr3	19973296	6.438669311	47.19781982
chr3	19973317	6.453880029	47.19795504
chr3	19973378	5.786718268	47.19834872
chr3	19975209	5.599707512	47.2089442
chr3	19975345	8.157944232	47.20970576
chr3	19975348	7.923934728	47.20973024
chr3	19975483	7.952947803	47.21079997
chr3	19975492	7.961179689	47.21087154
chr3	19977184	7.575958976	47.22434186
chr3	19977269	5.730962473	47.22498582
chr3	19977287	8.162782188	47.22508897
chr3	19978620	4.825819604	47.23596996
chr3	19978710	4.811337147	47.23640429
chr3	19978804	2.354448319	47.23685655
chr3	19978973	2.501505263	47.23725445
chr3	19980277	2.26922805	47.24051642
chr3	20004059	1.256799914	47.2944832
chr3	20004146	1.354827813	47.29459254
chr3	20004935	1.392267002	47.2956615
chr3	20004950	1.487125617	47.29568238
chr3	20004963	1.524575448	47.29570172
chr3	20005002	1.429425599	47.29576117
chr3	20005026	1.359781869	47.29579548
chr3	20005712	1.223613609	47.29672829
chr3	20005729	1.202410194	47.29674909
chr3	20006541	1.213247555	47.29772545
chr3	20007061	1.224157608	47.29835634
chr3	20007084	1.31876906	47.29838449
chr3	20007096	1.347399911	47.29840032
chr3	20102635	1.280930161	47.42712956
chr3	20102655	1.251187987	47.42715518
chr3	20102659	1.316720994	47.42716018
chr3	20102665	1.349668242	47.42716808
chr3	20102942	1.312021592	47.42754194
chr3	20103470	1.038590297	47.42823469
chr3	20214618	0.9527568903	47.54367192
chr3	20214634	0.9974315063	47.54368717
chr3	20214635	0.9691065728	47.54368816
chr3	20214643	0.962022456	47.54369592
chr3	20214648	0.9900032402	47.54370073
chr3	20215815	0.9836594976	47.54485606
chr3	20215848	1.011095724	47.54488852
chr3	20215852	1.06747611	47.54489257
chr3	20215859	1.054177335	47.54490004
chr3	20215864	1.021589813	47.54490531
chr3	20215869	1.038664337	47.54491042
chr3	20224401	1.129228837	47.5537723
chr3	20226183	1.265505786	47.55578459
chr3	20226190	1.315469228	47.55579345
chr3	20345196	1.184412243	47.71234218
chr3	20345208	1.136601488	47.71235639
chr3	20346220	1.218862185	47.71350663
chr3	20346423	1.027266381	47.71375406
chr3	20346448	1.062032436	47.71377974
chr3	20346478	9.6015475	47.7138116
chr3	20346491	9.541738024	47.71393642
chr3	20346910	1.378432395	47.71793441
chr3	20346929	1.646855104	47.7179606
chr3	20346930	1.651673033	47.71796225
chr3	20346941	1.784051953	47.71798042
chr3	20346942	1.912097641	47.7179822
chr3	20346944	1.977499098	47.71798602
chr3	20346951	2.155939724	47.71799987
chr3	20346964	2.204125075	47.71802789
chr3	20351078	2.244601823	47.72709566
chr3	20423488	2.148208459	47.88962728
chr3	20423489	2.129510589	47.88962943
chr3	20423524	2.425822388	47.88970396
chr3	20423636	8.425848658	47.88997566
chr3	20424203	8.274926437	47.89475311
chr3	20424250	2.715323988	47.89514203
chr3	20424260	2.677814875	47.89516919
chr3	20424315	2.58247281	47.89531647
chr3	20424555	2.586121829	47.89593626
chr3	20431595	1.998597084	47.91414256
chr3	20431926	1.479530033	47.91480409
chr3	20431953	1.092681273	47.91484404
chr3	20431972	1.075706684	47.9148648
chr3	20432115	2.251666497	47.91501863
chr3	20432268	2.208794256	47.91536313
chr3	20432309	2.345370855	47.91545369
chr3	20436983	2.460519847	47.92641596
chr3	20437408	2.628648117	47.92746168
chr3	20437442	3.674948056	47.92755105
chr3	20441559	2.238140815	47.94268081
chr3	20441735	1.339906761	47.94307473
chr3	20441769	1.301003595	47.94312028
chr3	20441808	1.028885178	47.94317102
chr3	20441831	1.405282536	47.94319469
chr3	20441895	1.831075809	47.94328462
chr3	20450581	1.794000842	47.95918935
chr3	20451632	1.382943495	47.96107484
chr3	20453130	1.976041648	47.96314649
chr3	20459188	1.840588352	47.97511735
chr3	20459209	1.627519707	47.97515601
chr3	20459216	38.02118034	47.9751674
chr3	20459221	38.02551311	47.9753575
chr3	20459237	37.81278848	47.97596591
chr3	20459246	37.78008338	47.97630623
chr3	20459317	2.173557479	47.97898861
chr3	20459320	2.03698088	47.97899513
chr3	20459329	1.871892251	47.97901347
chr3	20459350	1.117711683	47.97905278
chr3	20467939	0.4801575722	47.9886528
chr3	20467965	0.5368505766	47.98866529
chr3	20468023	0.5484403842	47.98869642
chr3	20468169	0.559413202	47.9887765
chr3	20468179	0.5812168635	47.98878209
chr3	20468197	0.6161648722	47.98879255
chr3	20468247	0.6205386123	47.98882336
chr3	20587848	0.6391245676	48.0630404
chr3	20588741	0.6196998726	48.06361114
chr3	20588786	0.5891730865	48.06363902
chr3	20635128	0.6433677765	48.09094248
chr3	20637103	0.6226177145	48.09221313
chr3	20637318	0.6558271533	48.092347
chr3	20637374	0.5477324611	48.09238372
chr3	20637396	0.5302169973	48.09239577
chr3	20637447	0.5084240266	48.09242281
chr3	20689606	0.5190289696	48.1189417
chr3	20689649	0.5571876883	48.11896402
chr3	20689654	0.5997547579	48.11896681
chr3	20689658	0.5631992666	48.11896921
chr3	20747686	0.5585278897	48.15165053
chr3	20747705	0.9030902577	48.15166115
chr3	20748384	0.8567040362	48.15227434
chr3	20748403	0.8234945975	48.15229062
chr3	20758269	0.4809666717	48.16041522
chr3	20786312	0.4403609794	48.17390297
chr3	20786326	0.3933746389	48.17390913
chr3	20786335	0.4334536807	48.17391267
chr3	20786498	0.4443617447	48.17398333
chr3	20786602	0.4401352467	48.17402954
chr3	20786633	0.458114458	48.17404318
chr3	20788540	0.4863980585	48.17491681
chr3	20790347	0.4666769571	48.17579573
chr3	20790506	0.4879664472	48.17586993
chr3	20790608	0.4950665483	48.1759197
chr3	20790671	0.4469368326	48.17595089
chr3	20791533	0.4611379024	48.17633615
chr3	20791581	0.4733647924	48.17635829
chr3	20927557	0.516727629	48.24072454
chr3	20927560	0.5279733299	48.24072609
chr3	21305966	0.5029576829	48.44051436
chr3	21310188	0.400932395	48.44263785
chr3	21310228	2.822152191	48.44265389
chr3	21310243	2.815106736	48.44269622
chr3	21310273	2.80801136	48.44278067
chr3	21310459	2.773810996	48.44330296
chr3	21310586	2.765098601	48.44365524
chr3	21310616	2.748431843	48.44373819
chr3	21310655	2.729972988	48.44384538
chr3	21310674	2.722880913	48.44389725
chr3	21311685	2.715856614	48.44665008
chr3	21311705	2.81451252	48.4467044
chr3	21311706	2.91119665	48.44670721
chr3	21311730	0.5565427641	48.44677708
chr3	21312042	0.6017905162	48.44695072
chr3	21312303	0.5851883204	48.44710779
chr3	21366700	0.5708525974	48.47894028
chr3	21435400	3.661017132	48.51815785
chr3	21435531	3.590532619	48.51863745
chr3	21436397	3.667558148	48.52174685
chr3	21436481	13.83028682	48.52205492
chr3	21436602	13.10708583	48.52372839
chr3	21436649	13.03858261	48.52434442
chr3	21436844	2.924256776	48.52688694
chr3	21438176	0.5917488704	48.53078205
chr3	21438264	0.8582429044	48.53083413
chr3	21438629	0.9722715316	48.53114739
chr3	21438676	0.9937362137	48.53119308
chr3	21444163	1.094610418	48.53664571
chr3	21447783	1.258362234	48.5406082
chr3	21480734	1.212610844	48.5820725
chr3	21480742	1.257591956	48.5820822
chr3	21513006	1.208234559	48.62265714
chr3	21513023	1.203121092	48.62267768
chr3	21513041	1.171874197	48.62269934
chr3	21513060	0.9767651861	48.62272161
chr3	21513158	1.047055891	48.62281733
chr3	21609267	0.8146818682	48.72344882
chr3	21609300	0.7903997771	48.72347571
chr3	21609405	0.7690513601	48.7235587
chr3	21610491	0.7406189984	48.72439389
chr3	21610523	0.6780398969	48.72441759
chr3	21610543	0.656575215	48.72443115
chr3	21610617	0.9970330855	48.72447974
chr3	21618807	3.564235944	48.73264544
chr3	21619306	3.529481917	48.73442399
chr3	21619705	3.360154529	48.73583226
chr3	21620002	3.329434859	48.73683022
chr3	21620244	0.7622320002	48.73763594
chr3	21620248	0.7541048426	48.73763899
chr3	21620250	0.3233096548	48.7376405
chr3	21620358	0.2968881911	48.73767542
chr3	21620367	0.2830142142	48.73767809
chr3	21620442	0.3361601287	48.73769932
chr3	21620526	0.3889455928	48.73772756
chr3	21621117	0.3148100753	48.73795742
chr3	21621375	0.368651757	48.73803864
chr3	21621899	0.4204255178	48.73823182
chr3	21689856	0.3672796033	48.76680267
chr3	21689892	0.3134379216	48.7668159
chr3	21689947	0.3095227166	48.76683313
chr3	21690395	0.2046561848	48.7669718
chr3	21690414	0.186327084	48.76697569
chr3	21690446	0.1117143409	48.76698165
chr3	21690502	0.1082188308	48.76698791
chr3	21728199	0.181287005	48.77106743
chr3	21729198	0.1786189991	48.77124854
chr3	21734686	0.1941570417	48.7722288
chr3	21734701	0.1825405218	48.77223171
chr3	21734719	0.2413211224	48.772235
chr3	21795078	0.2708537687	48.7868009
chr3	21797479	0.3458196018	48.78745122
chr3	21797570	0.2926407419	48.78748269
chr3	21797571	0.4128118792	48.78748298
chr3	21913646	0.3604395989	48.83540012
chr3	21913679	1.023079516	48.83541201
chr3	21919081	0.9927192934	48.84093869
chr3	21919084	0.3101900606	48.84094167
chr3	21919112	0.2798605404	48.84095035
chr3	21919132	5.230195166	48.84095595
chr3	21919623	5.224126798	48.84352398
chr3	21919694	5.236598764	48.84389489
chr3	21919718	9.806095703	48.84402057
chr3	21919873	9.798462158	48.84554051
chr3	21919993	9.708661416	48.84671633
chr3	21919995	5.433956307	48.84673575
chr3	21920053	7.812467273	48.84705092
chr3	21920365	7.821940589	48.84948841
chr3	21920389	9.476079928	48.84967613
chr3	21920527	4.916042218	48.85098383
chr3	21921050	4.977312281	48.85355492
chr3	21921594	4.947589278	48.85626258
chr3	21921604	2.576160789	48.85631205
chr3	21921630	2.588714925	48.85637903
chr3	21922443	2.559172109	48.85848366
chr3	21922505	4.122337578	48.85864233
chr3	21924530	4.129329632	48.86699006
chr3	21924558	3.429272927	48.86710568
chr3	21924573	3.510609362	48.86715712
chr3	21924586	3.541689468	48.86720276
chr3	21924608	3.606807566	48.86728068
chr3	21924748	3.676428952	48.86778563
chr3	21924865	0.6839351164	48.86821577
chr3	21924961	0.707590536	48.86828143
chr3	21925194	1.024167854	48.8684463
chr3	21925244	1.089084063	48.86849751
chr3	21973704	1.426200988	48.92127452
chr3	21981260	1.349623393	48.9320509
chr3	21983246	1.09682146	48.93473125
chr3	21983765	0.9821136236	48.9353005
chr3	21983777	0.9091233162	48.93531228
chr3	21984647	0.5720063914	48.93610322
chr3	22060427	0.6132334833	48.97944987
chr3	22060441	0.5859569409	48.97945845
chr3	22060658	0.6455544514	48.9795856
chr3	22061408	0.666606344	48.98006977
chr3	22187193	0.6525383794	49.06391885
chr3	22187240	0.6826399714	49.06394952
chr3	22210690	0.6417937707	49.07995742
chr3	22215483	0.5394832386	49.08303354
chr3	22309715	0.4796925871	49.13387013
chr3	22309742	0.4074999794	49.13388308
chr3	22309782	0.3736262268	49.13389938
chr3	22309794	0.3316156333	49.13390386
chr3	22309872	0.3592451847	49.13392973
chr3	22309873	0.3200578602	49.13393009
chr3	22309897	0.3533294785	49.13393777
chr3	22309908	0.5666014232	49.13394166
chr3	22309967	0.8343336427	49.13397508
chr3	22339114	0.8571957834	49.15829341
chr3	22339582	1.002708847	49.15869458
chr3	22339693	1.038806133	49.15880588
chr3	22339722	1.074836787	49.158836
chr3	22368839	1.117618043	49.19013202
chr3	22372576	1.210802274	49.19430856
chr3	22372878	71.22424437	49.19467422
chr3	22372935	6.518588511	49.19873401
chr3	22372960	6.610773791	49.19889697
chr3	22373583	1.378049666	49.20301548
chr3	22373706	1.431692488	49.20318498
chr3	22386625	1.313963394	49.22168102
chr3	22386636	1.387305218	49.22169547
chr3	22386673	1.403053786	49.2217468
chr3	22386773	1.355022766	49.22188711
chr3	22386783	1.421643753	49.22190066
chr3	22411481	1.520427272	49.25701242
chr3	22411882	1.602493032	49.25762211
chr3	22412165	1.509308802	49.25807561
chr3	22412977	1.616226811	49.25930117
chr3	22412978	1.52404153	49.25930279
chr3	22414849	1.617115264	49.26215427
chr3	22415091	1.709390471	49.26254561
chr3	22415375	1.945853133	49.26303108
chr3	22437536	1.916934896	49.30615313
chr3	22437541	1.888017793	49.30616271
chr3	22441891	2.140499573	49.31437559
chr3	22441917	2.11539717	49.31443124
chr3	22442042	2.71384647	49.31469567
chr3	22442109	2.669766912	49.3148775
chr3	22442157	2.603145926	49.31500565
chr3	22442477	4.722031666	49.31583865
chr3	22442493	4.909546896	49.3159142
chr3	22442528	4.930239809	49.31608604
chr3	22442560	6.377597783	49.31624381
chr3	22443390	7.715874979	49.32153721
chr3	22443391	7.700545357	49.32154493
chr3	22448705	7.741335189	49.36246563
chr3	22448706	7.688166482	49.36247337
chr3	22448718	8.815116385	49.36256563
chr3	22448771	7.664301586	49.36303283
chr3	22448826	7.574621376	49.36345436
chr3	22448879	7.596066094	49.36385582
chr3	22448904	7.605171808	49.36404572
chr3	22449054	8.308655886	49.3651865
chr3	22449182	9.117130685	49.36625
chr3	22452139	9.009793987	49.39320936
chr3	22452740	8.953986917	49.39862425
chr3	22452793	12.54257691	49.39909881
chr3	22453745	21.1905134	49.41103934
chr3	22453821	19.1917324	49.41264982
chr3	22454297	18.21992327	49.42178508
chr3	22454298	17.13310018	49.4218033
chr3	22454344	16.82223218	49.42259143
chr3	22454347	16.7966915	49.42264189
chr3	22454485	16.72459174	49.42495984
chr3	22455002	16.41602245	49.43360645
chr3	22455070	7.588082336	49.43472274
chr3	22455104	7.562703829	49.43498073
chr3	22455200	7.574841419	49.43570675
chr3	22455265	1.017246052	49.43619912
chr3	22455268	1.115504669	49.43620217
chr3	22456136	1.163999177	49.43717043
chr3	22617648	1.118773203	49.62517026
chr3	22617756	1.134041587	49.62529109
chr3	22617769	1.461696841	49.62530583
chr3	22620802	1.308949507	49.62973916
chr3	22620803	1.712897234	49.62974047
chr3	22620805	1.66994547	49.6297439
chr3	22620867	2.395088532	49.62984743
chr3	22620875	2.33069888	49.62986659
chr3	22620906	2.24984633	49.62993884
chr3	22620921	2.073250974	49.62997259
chr3	22621082	2.147150624	49.63030639
chr3	22621157	2.221094711	49.63046742
chr3	22621174	2.655464388	49.63050518
chr3	22621436	2.741159581	49.63120091
chr3	22628381	8.652179585	49.65023827
chr3	22628455	8.102105792	49.65087853
chr3	22628752	8.208355913	49.65328485
chr3	22628764	8.266312909	49.65338335
chr3	22629028	1.541658146	49.65556566
chr3	22630373	1.521978797	49.65763919
chr3	22631070	1.706746427	49.65870001
chr3	22631094	1.7991858	49.65874097
chr3	22671002	1.160330183	49.73054288
chr3	22671008	1.204940017	49.73054984
chr3	22671028	1.578674104	49.73057394
chr3	22671044	1.687665749	49.7305992
chr3	22671047	1.621995828	49.73060426
chr3	22671061	1.642156777	49.73062697
chr3	22720512	1.567645153	49.81183326
chr3	22720522	1.900117091	49.81184894
chr3	22730421	3.689804208	49.8306582
chr3	22730446	3.627700735	49.83075044
chr3	22731249	3.922295237	49.83366349
chr3	22731254	3.861041451	49.8336831
chr3	22731455	3.638653363	49.83445917
chr3	22731553	3.932228925	49.83481576
chr3	22731572	3.871296867	49.83489047
chr3	22732001	1.505191169	49.83655125
chr3	22742973	1.537200179	49.85306621
chr3	22743228	1.229238705	49.8534582
chr3	22743303	1.261285253	49.85355039
chr3	22743309	1.242297084	49.85355796
chr3	22743317	1.229997148	49.8535679
chr3	22743889	1.26348757	49.85427146
chr3	22743917	1.431145201	49.85430683
chr3	22743918	1.520605404	49.85430826
chr3	22744119	1.259360331	49.85461391
chr3	22744751	1.375122922	49.85540982
chr3	22747616	1.428052238	49.85934955
chr3	22854042	1.24347672	50.01133144
chr3	22854071	1.156695023	50.0113675
chr3	22855582	1.178880255	50.01311526
chr3	22856478	1.028785508	50.01417154
chr3	22856528	2.361075578	50.01422298
chr3	22858224	2.26325942	50.01822736
chr3	22858242	2.230990863	50.0182681
chr3	22858373	2.213875579	50.01856036
chr3	22858375	2.2610184	50.01856479
chr3	22858385	2.289313809	50.0185874
chr3	22858419	2.228445947	50.01866524
chr3	22859093	2.196376136	50.02016721
chr3	22859267	0.7535062419	50.02054938
chr3	22859371	0.7382378583	50.02062774
chr3	22859467	0.7770134446	50.02069861
chr3	22859510	0.8589436311	50.02073203
chr3	22859631	0.8268312486	50.02083596
chr3	22949564	1.018832709	50.09519537
chr3	22949579	1.030707648	50.09521065
chr3	22949589	0.9318114717	50.09522096
chr3	22962096	1.076745481	50.10687513
chr3	22962127	1.040880514	50.10690851
chr3	22962455	1.18111203	50.10724992
chr3	22962476	0.895403348	50.10727472
chr3	22964107	0.8748122037	50.10873512
chr3	22988725	0.8597429021	50.13027125
chr3	22988762	0.5840536444	50.13030306
chr3	22988797	0.6336429195	50.1303235
chr3	22988821	0.6498477157	50.13033871
chr3	22988846	1.390495301	50.13035495
chr3	22988855	1.447064858	50.13036747
chr3	22988887	1.503632681	50.13041378
chr3	22988889	1.796433458	50.13041678
chr3	23002414	1.86424312	50.15471355
chr3	23002809	1.854373516	50.15544992
chr3	23002927	1.408008437	50.15566874
chr3	23002941	1.416989152	50.15568845
chr3	23002945	1.558057752	50.15569412
chr3	23049745	1.519282166	50.22861122
chr3	23054068	2.716538726	50.23517908
chr3	23054086	2.554553449	50.23522797
chr3	23054092	2.520679325	50.2352433
chr3	23054102	2.42807296	50.23526851
chr3	23055782	2.410729319	50.23934767
chr3	23056075	2.404017979	50.24005402
chr3	23056444	2.374925043	50.2409411
chr3	23056499	2.418244328	50.24107172
chr3	23056500	2.546983623	50.24107414
chr3	23056514	1.071629183	50.24110979
chr3	23111821	1.14341178	50.30037839
chr3	23111839	1.267123064	50.30039897
chr3	23111928	1.243696802	50.30051175
chr3	23116901	1.482979509	50.30669665
chr3	23116934	2.02182977	50.30674559
chr3	23116946	2.189254624	50.30676985
chr3	23116977	2.182295588	50.30683772
chr3	23117660	2.190124168	50.30832822
chr3	23122178	2.229155756	50.31822321
chr3	23122520	2.153905558	50.31898558
chr3	23141391	2.249193444	50.35963193
chr3	23141541	1.80114244	50.35996931
chr3	23141659	0.9666010228	50.36018184
chr3	23216474	0.9503962264	50.4324981
chr3	23216644	0.8781608079	50.43265967
chr3	23216693	0.8391292202	50.4327027
chr3	23216783	0.8497455865	50.43277822
chr3	23216843	0.694274874	50.4328292
chr3	23216844	0.6218494377	50.4328299
chr3	23216849	0.6162972925	50.432833
chr3	23218250	0.5681314439	50.43369644
chr3	23218821	0.3246567174	50.43402084
chr3	23218921	0.4146969597	50.43405331
chr3	23250089	0.537377677	50.44697858
chr3	23250206	0.5405279392	50.44704145
chr3	23250275	0.6292951487	50.44707875
chr3	23250319	0.6495501876	50.44710644
chr3	23251395	0.6306628719	50.44780536
chr3	23310184	0.5947776714	50.4848814
chr3	23310230	0.5401502341	50.48490875
chr3	23310237	0.5546868388	50.48491254
chr3	23310270	0.5692253341	50.48493084
chr3	23310300	0.5168282564	50.48494792
chr3	23354414	0.5641022134	50.50774728
chr3	23354566	0.536925739	50.50783302
chr3	23432450	0.3677904893	50.54965095
chr3	23432635	0.3373581084	50.54971899
chr3	23432750	0.3325151688	50.54975778
chr3	23436910	0.3261692324	50.55114105
chr3	23437839	0.3481588472	50.55144406
chr3	23441521	0.2919718369	50.55272598
chr3	23441523	0.3002359567	50.55272656
chr3	23441534	0.2643833715	50.55272987
chr3	23442013	0.2216731359	50.55285651
chr3	23442109	0.2669508561	50.55287779
chr3	23563975	0.2644547417	50.58541002
chr3	23564015	0.2864834103	50.5854206
chr3	23564272	0.3057354	50.58549422
chr3	23565323	0.3087060847	50.58581555
chr3	23565502	0.3388748804	50.58587081
chr3	23565627	0.399818836	50.58591317
chr3	23565721	0.408826462	50.58595075
chr3	23687255	0.3788924267	50.63563707
chr3	23687491	0.3930552306	50.63572649
chr3	23687783	0.8065592323	50.63584126
chr3	23688056	0.8463604979	50.63606145
chr3	23688432	1.060136473	50.63637968
chr3	23695739	0.5915737238	50.6441261
chr3	23695838	0.6031621115	50.64418466
chr3	23785759	0.5966777263	50.6984216
chr3	23832384	0.545538571	50.7262417
chr3	23887847	0.4740733121	50.75649891
chr3	23887919	0.2990368544	50.75653304
chr3	23889783	0.3024438842	50.75709045
chr3	23889810	0.2332082698	50.75709861
chr3	23890811	0.2381710635	50.75733205
chr3	23891100	0.2451297095	50.75740089
chr3	23947890	0.2393448015	50.7713218
chr3	23947967	0.2251819976	50.77134023
chr3	23948006	0.2394929822	50.77134901
chr3	23948082	0.2322629555	50.77136721
chr3	23948869	0.2181332415	50.77155001
chr3	23956079	0.2340978876	50.77312275
chr3	24011900	0.2354884476	50.78619032
chr3	24014180	0.22390006	50.78672724
chr3	24014297	0.2297165406	50.78675343
chr3	24165132	0.2473567756	50.82140273
chr3	24353111	0.2460034797	50.86790061
chr3	24353145	0.2287140048	50.86790897
chr3	24418234	0.1987868191	50.88279574
chr3	24419151	0.1907246854	50.88297803
chr3	24419194	0.2052871412	50.88298623
chr3	24421239	0.2359312177	50.88340604
chr3	24421242	0.2198698326	50.88340675
chr3	24421243	0.2995949088	50.88340697
chr3	24421355	0.2718829994	50.88344052
chr3	24421368	0.2785268008	50.88344406
chr3	24514122	0.2667087659	50.90927853
chr3	24514199	0.1685106435	50.90929907
chr3	24514265	0.1423529888	50.90931019
chr3	24520816	0.1203556094	50.91024274
chr3	24531864	0.1333577012	50.91157243
chr3	24544033	0.1333724179	50.91319526
chr3	24806739	0.127610299	50.948233
chr3	24807148	0.1246396143	50.94828519
chr3	24815168	0.1579702719	50.9492848
chr3	24815593	0.2653941339	50.94935194
chr3	24815599	0.2687697944	50.94935353
chr3	24923498	0.2345816612	50.97835352
chr3	24923541	0.2305350349	50.97836361
chr3	24925849	0.2995672568	50.97889568
chr3	24925907	0.2661257125	50.97891306
chr3	24925948	0.2326965928	50.97892397
chr3	24926288	0.2463440465	50.97900309
chr3	24926883	0.2697058533	50.97914966
chr3	24926982	0.2624114373	50.97917636
chr3	24926987	0.2720959437	50.97917767
chr3	24926994	0.285781521	50.97917958
chr3	24927474	0.3672989336	50.97931675
chr3	24928007	0.4638361196	50.97951252
chr3	24972551	0.4967705003	51.00017364
chr3	24972561	0.4275673486	51.00017861
chr3	24972565	0.4862221744	51.00018032
chr3	24972652	0.5356373917	51.00022262
chr3	24972729	0.4248669596	51.00026386
chr3	24973288	0.4275175043	51.00050136
chr3	24976633	0.42483274	51.00193141
chr3	25196553	0.3189133058	51.09536063
chr3	25196556	0.3232685399	51.09536158
chr3	25196575	0.2823887888	51.09536772
chr3	25196600	0.3014757781	51.09537478
chr3	25196649	0.2850008296	51.09538956
chr3	25196693	0.3305267612	51.0954021
chr3	25196698	0.3636976789	51.09540375
chr3	25196739	0.3790281866	51.09541866
chr3	25196740	0.3990142687	51.09541904
chr3	25196741	0.3825517429	51.09541944
chr3	25304110	0.3757648281	51.13649364
chr3	25304736	0.3646588902	51.13672887
chr3	25305144	0.3236655175	51.13687765
chr3	25305148	0.3358952581	51.13687894
chr3	25307912	0.2490020053	51.13780736
chr3	25307935	1.915393008	51.13781308
chr3	25309983	1.930130662	51.14173581
chr3	25310157	0.2698829086	51.14207165
chr3	25381322	0.2299258972	51.16127787
chr3	25381537	0.2209055474	51.1613273
chr3	25381577	0.206344825	51.16133614
chr3	25412416	0.1892549555	51.16769961
chr3	25413301	0.1936865748	51.1678671
chr3	25421670	0.1854723032	51.16948806
chr3	25421697	0.1830625414	51.16949307
chr3	25423071	0.1806595887	51.1697446
chr3	25423169	0.1772120462	51.1697623
chr3	25427276	0.1914821794	51.17049011
chr3	25427292	0.2884917242	51.17049317
chr3	25560299	0.2529888056	51.20886459
chr3	25560358	0.2741417262	51.20887952
chr3	25684636	0.3058693387	51.2429493
chr3	25684640	0.3006886049	51.24295053
chr3	25684678	0.3195693041	51.24296195
chr3	25684711	0.3120100125	51.2429725
chr3	25684717	0.3284992469	51.24297437
chr3	25684763	0.2998430448	51.24298948
chr3	25684804	0.3229368737	51.24300178
chr3	25684814	0.3426379904	51.24300501
chr3	25685022	0.3283242881	51.24307627
chr3	25685046	0.3379691438	51.24308415
chr3	25685122	0.3544882822	51.24310984
chr3	25907200	0.3705471363	51.32183389
chr3	25908443	0.7314740458	51.32229448
chr3	25908463	0.7208764661	51.32230911
chr3	25909004	0.8437487922	51.3226991
chr3	25909856	1.23196201	51.32341798
chr3	25923675	0.9525001815	51.34044246
chr3	25924256	1.04655557	51.34099586
chr3	25926617	1.169195936	51.34346678
chr3	25926632	1.33462413	51.34348432
chr3	25959556	1.354329546	51.38742548
chr3	25959577	1.394486191	51.38745392
chr3	25965615	1.328325203	51.39587383
chr3	25965623	1.263808405	51.39588446
chr3	25965648	1.199319803	51.39591605
chr3	25965696	11.61562572	51.39597362
chr3	25965884	11.55140207	51.39815736
chr3	25966048	11.41486271	51.40005179
chr3	25966050	0.8482973564	51.40007462
chr3	25966122	0.7601812122	51.40013569
chr3	25966130	0.7752654554	51.40014178
chr3	25966131	0.681904357	51.40014255
chr3	25966133	0.7251469691	51.40014391
chr3	25966193	0.8103004525	51.40018742
chr3	25966195	0.9810075869	51.40018904
chr3	25966288	1.097139796	51.40028028
chr3	25966339	1.133534802	51.40033623
chr3	25966340	1.11195397	51.40033737
chr3	25966357	1.148414441	51.40035627
chr3	25966723	1.169050405	51.40077659
chr3	25967873	1.097771516	51.402121
chr3	25970246	1.038080715	51.40472601
chr3	25970248	1.059022425	51.40472808
chr3	25970291	1.096639516	51.40477362
chr3	26051444	0.9936864236	51.49376921
chr3	26051459	0.9553068733	51.49378411
chr3	26052349	0.8268493915	51.49463434
chr3	26052448	1.071272005	51.4947162
chr3	26052525	0.9997793873	51.49479868
chr3	26052613	0.8558003409	51.49488666
chr3	26053333	0.7711294012	51.49550284
chr3	26067537	0.7784946447	51.50645596
chr3	26067541	0.5719405222	51.50645908
chr3	26067701	0.6133359293	51.50655059
chr3	26067734	0.6775651673	51.50657083
chr3	26068360	0.6399480761	51.50699498
chr3	26068394	0.6931950773	51.50701674
chr3	26068402	0.7607641841	51.50702229
chr3	26122458	1.804643784	51.54814616
chr3	26122999	1.783715513	51.54912247
chr3	26125170	1.719486275	51.55299491
chr3	26125992	0.7661006177	51.55440833
chr3	26128962	0.9899791532	51.55668365
chr3	26145440	0.3645673559	51.57299653
chr3	26145461	0.4021625958	51.57300418
chr3	26145492	0.3336775248	51.57301665
chr3	26145997	0.3047506992	51.57318516
chr3	26146392	0.3068216172	51.57330553
chr3	26146401	0.3272789459	51.5733083
chr3	26146407	0.3235079231	51.57331026
chr3	26146767	0.4528753457	51.57342672
chr3	26147530	0.4754191645	51.57377227
chr3	26148331	0.5386187409	51.57415308
chr3	26148340	0.5181769398	51.57415792
chr3	26149561	0.5355942364	51.57479062
chr3	26149705	0.5686341653	51.57486774
chr3	26243576	0.5299017332	51.628246
chr3	26243587	0.5468728917	51.62825183
chr3	26245744	0.5424412724	51.62943143
chr3	26310620	0.510170814	51.66462285
chr3	26310635	0.487658362	51.66463051
chr3	26311170	0.5544745356	51.6648914
chr3	26311194	0.5543751848	51.66490471
chr3	26311212	0.4548921751	51.66491469
chr3	26360943	25.83917812	51.68753693
chr3	26360989	27.70364814	51.68872554
chr3	26360993	27.70558906	51.68883635
chr3	26361254	27.67293467	51.69606751
chr3	26361256	4.10353247	51.69612285
chr3	26361293	4.029932117	51.69627469
chr3	26361342	4.038015926	51.69647215
chr3	26361366	4.114803313	51.69656906
chr3	26362240	4.202467608	51.7001654
chr3	26362247	4.185222192	51.70019482
chr3	26362286	4.193325747	51.70035804
chr3	26362748	4.29206112	51.70229536
chr3	26362825	2.334666445	51.70262585
chr3	26362859	2.424547318	51.70270523
chr3	26362862	2.427338158	51.7027125
chr3	26362883	2.43046414	51.70276348
chr3	26362892	0.4919089596	51.70278535
chr3	26363868	0.5860771169	51.70326545
chr3	26363918	0.5911806475	51.70329476
chr3	26363920	0.5962841888	51.70329594
chr3	26365104	0.5839405058	51.70400194
chr3	26368194	0.6029373367	51.70580632
chr3	26403426	0.5885639053	51.727049
chr3	26403439	0.4982290587	51.72705666
chr3	26403903	0.4083481868	51.72728783
chr3	26404828	0.335025107	51.72766556
chr3	26405111	0.3553935559	51.72776037
chr3	26405711	0.2354824623	51.7279736
chr3	26504830	0.2084832051	51.75131439
chr3	26507085	0.2120456451	51.75178452
chr3	26511354	0.220351067	51.75268974
chr3	26511470	0.2284761831	51.7527153
chr3	26511607	0.3039294496	51.7527466
chr3	26511647	0.3055429269	51.75275876
chr3	26817107	0.3101377353	51.8460899
chr3	26817119	0.2980611111	51.84609363
chr3	26817157	0.28598757	51.84610495
chr3	26817496	0.2987863741	51.8462019
chr3	26817527	0.294964346	51.84621116
chr3	26817546	0.2908235752	51.84621677
chr3	26817694	0.3042618388	51.84625981
chr3	26817695	0.2153355494	51.84626011
chr3	26870532	0.2087399145	51.8576378
chr3	26882275	0.2237112768	51.86008903
chr3	27086765	0.3241592416	51.90583575
chr3	27166164	0.319308093	51.93157367
chr3	27252167	0.3381167826	51.95903512
chr3	27252179	0.2211285814	51.95903918
chr3	27252199	0.2065370269	51.9590436
chr3	27252317	0.2192302967	51.95906798
chr3	27252320	0.2990013171	51.95906863
chr3	27252333	0.4016362323	51.95907252
chr3	27256070	0.3975066233	51.96057343
chr3	27542631	0.3939441833	52.07448333
chr3	27542949	0.3719570982	52.0746086
chr3	27543015	0.3688311169	52.07463315
chr3	27561198	0.3533728923	52.08133961
chr3	27618902	0.4016055393	52.10173064
chr3	27619089	0.4596943931	52.10180574
chr3	27619985	0.4520629979	52.10221763
chr3	27620285	0.4210513154	52.10235324
chr3	27620338	0.3899254146	52.10237556
chr3	27620394	0.3825117822	52.1023974
chr3	27679019	0.3695870006	52.12482215
chr3	27679059	0.3667854991	52.12483693
chr3	27679152	0.8197295699	52.12487104
chr3	27679934	0.8189320824	52.12551207
chr3	27681530	3.286416898	52.12681909
chr3	27683065	3.28215488	52.13186374
chr3	27684330	1.21208428	52.13601566
chr3	27684543	1.204684736	52.13627384
chr3	27684579	1.193267053	52.13631721
chr3	27684711	1.193984479	52.13647472
chr3	27684738	0.04402484428	52.13650696
chr3	27684965	0.04680917911	52.13651695
chr3	27685055	0.06200886649	52.13652116
chr3	27685103	0.07585808037	52.13652414
chr3	27686532	0.09923408152	52.13663254
chr3	27702388	0.1189370829	52.138206
chr3	27886264	0.1102942813	52.16007567
chr3	27886301	0.1378369449	52.16007975
chr3	27886315	0.1536324951	52.16008168
chr3	27886346	0.1615308537	52.16008644
chr3	27888059	0.1794644545	52.16036315
chr3	27888087	0.1875649489	52.16036817
chr3	27888142	0.2137573768	52.16037849
chr3	27921561	0.2354350937	52.16752204
chr3	27927746	0.2442682501	52.16897821
chr3	27927762	0.2466889882	52.16898212
chr3	27951477	0.2994409755	52.17483235
chr3	28101022	0.2898647643	52.21961225
chr3	28101136	0.3273866305	52.21964529
chr3	28261654	0.2991808871	52.27219674
chr3	28261672	0.2972399645	52.27220213
chr3	28261893	0.2853556849	52.27226782
chr3	28261917	0.3516397362	52.27227466
chr3	28261939	0.3307334741	52.2722824
chr3	28261950	0.353030407	52.27228604
chr3	28262028	0.3432119204	52.27231358
chr3	28298904	0.3663285699	52.28496986
chr3	28336608	0.3970319331	52.29878191
chr3	28336653	0.9457557927	52.29879978
chr3	28343376	0.3461281246	52.30515809
chr3	28343500	0.2927907139	52.30520101
chr3	28345385	0.2758909477	52.30575292
chr3	28345454	0.2607985273	52.30577196
chr3	28346614	0.2173772643	52.30607449
chr3	28346753	0.2118028651	52.3061047
chr3	28353414	0.2168765825	52.30751552
chr3	28353416	0.2114053288	52.30751595
chr3	28353421	0.2035076124	52.30751701
chr3	28353514	0.1956117052	52.30753594
chr3	28354126	0.3463891955	52.30765565
chr3	28354142	0.3377371235	52.30766119
chr3	28455925	0.3397765719	52.34203709
chr3	28455943	0.2673118458	52.34204321
chr3	28456032	0.4503559315	52.342067
chr3	28456047	1.266521973	52.34207375
chr3	28456375	1.189470658	52.34248917
chr3	28456508	1.189600745	52.34264737
chr3	28456760	1.158897381	52.34294715
chr3	28456821	1.139969753	52.34301784
chr3	28456845	1.568981325	52.3430452
chr3	28458345	1.576025546	52.34539868
chr3	28458432	1.801739601	52.34553579
chr3	28458467	1.828218907	52.34559885
chr3	28458489	1.805102258	52.34563907
chr3	28458869	1.832121388	52.34632501
chr3	28460390	1.857194229	52.34911167
chr3	28460432	2.375980505	52.34918967
chr3	28460450	2.590093592	52.34923244
chr3	28460567	1.787751444	52.34953548
chr3	28474043	1.056940376	52.37362722
chr3	28474753	1.071278835	52.37437764
chr3	28474776	0.8455647806	52.37440228
chr3	28474817	0.8725427933	52.37443695
chr3	28474863	0.8868889475	52.37447709
chr3	28476186	4.352375646	52.37565044
chr3	28477176	0.4894088248	52.37995929
chr3	28731918	0.4460761628	52.50463228
chr3	28731940	0.4190570324	52.50464209
chr3	28731954	0.3902100263	52.50464796
chr3	28732010	0.9784481274	52.50466981
chr3	28732025	0.9598029186	52.50468449
chr3	28732038	1.100289712	52.50469696
chr3	28732075	1.073379904	52.50473767
chr3	28732411	1.079317136	52.50509833
chr3	28732617	1.094916732	52.50532067
chr3	28732701	1.110610297	52.50541264
chr3	28732714	1.096229525	52.50542708
chr3	28737105	1.069750219	52.51024062
chr3	28737793	1.394967738	52.51097661
chr3	28737989	9.266695729	52.51125003
chr3	28738296	9.252621216	52.5140949
chr3	28738420	0.6932928919	52.51524223
chr3	28738879	0.8698287826	52.51556045
chr3	28739622	1.045582499	52.51620673
chr3	28739682	1.230202182	52.51626947
chr3	28740801	1.239802236	52.51764606
chr3	28741340	1.256885696	52.51831432
chr3	28742739	1.242994188	52.5200727
chr3	28742761	1.263887428	52.52010004
chr3	28759421	1.114724898	52.54115641
chr3	28759424	1.101700268	52.54115975
chr3	28759461	1.123192935	52.54120052
chr3	28759664	0.9561873924	52.54142852
chr3	28759665	0.9739259526	52.54142948
chr3	28759730	0.9616019381	52.54149279
chr3	28759776	0.7850660474	52.54153702
chr3	28760612	0.6635838783	52.54219333
chr3	28760699	0.3514915208	52.54225107
chr3	28760710	0.4781360227	52.54225493
chr3	28947481	0.4629831599	52.63155688
chr3	28957160	0.69069557	52.63603809
chr3	28957284	0.6786162419	52.63612374
chr3	28957418	0.6929840752	52.63621467
chr3	28957841	0.7110282462	52.6365078
chr3	28967634	0.6932896866	52.6434709
chr3	28967735	0.6754702421	52.64354092
chr3	28967747	0.6576518301	52.64354903
chr3	28967770	0.5529913574	52.64356416
chr3	28969086	0.7100065931	52.64429189
chr3	28969102	0.4144153271	52.64430325
chr3	28969297	0.4684708103	52.64438406
chr3	28969696	0.6289586391	52.64457098
chr3	28969745	0.6318250137	52.6446018
chr3	28970116	0.683067086	52.64483621
chr3	28979937	0.7468454911	52.65154461
chr3	29037543	0.6388885379	52.69456739
chr3	29037745	0.6376532005	52.69469645
chr3	29037779	0.5075078716	52.69471813
chr3	29039099	0.5484816095	52.69538804
chr3	29039121	0.4830581136	52.69540011
chr3	29039132	0.4303917155	52.69540542
chr3	29040477	0.3775396955	52.6959843
chr3	29040479	0.3254216666	52.69598505
chr3	29040561	0.4154092787	52.69601174
chr3	29042109	0.3641672065	52.69665479
chr3	29042887	0.4662629032	52.69693811
chr3	29042968	0.4229268229	52.69697588
chr3	29043724	0.4676195347	52.69729561
chr3	29119145	0.3239228853	52.73256394
chr3	29119210	0.8281698109	52.732585
chr3	29124987	0.8497704544	52.73736934
chr3	29125077	0.8401704	52.73744582
chr3	29125608	0.798167525	52.73789195
chr3	29126267	0.7429963293	52.73841794
chr3	29126526	0.2387494037	52.73861038
chr3	29129134	0.1689621841	52.73923303
chr3	29129995	0.1957876741	52.73937851
chr3	29130009	0.3280598816	52.73938125
chr3	29171699	0.2395717427	52.75305807
chr3	29212786	0.2434070497	52.76290135
chr3	29212946	0.2352721157	52.7629403
chr3	29214177	0.2368586096	52.76322992
chr3	29214265	0.1901805283	52.76325076
chr3	29216414	0.2042763909	52.76365946
chr3	29326194	0.2273073679	52.78608492
chr3	29326494	0.1840956464	52.78615311
chr3	29326758	0.1798475864	52.78620171
chr3	29326953	0.2039219276	52.78623678
chr3	29326997	0.2220874285	52.78624576
chr3	29327503	0.2402766205	52.78635813
chr3	29327839	0.2648380028	52.78643887
chr3	29327889	0.2461963538	52.78645211
chr3	29328003	0.2707845838	52.78648017
chr3	29328445	0.2808627998	52.78659986
chr3	29478037	0.2197355697	52.82861469
chr3	29478122	0.3298253034	52.82863337
chr3	29478127	0.3157294408	52.82863502
chr3	29595358	0.3078865455	52.86564829
chr3	29631254	0.2990414868	52.87670019
chr3	29631725	0.2917614516	52.87684104
chr3	29694489	0.2702013914	52.89515315
chr3	29695344	0.2665203166	52.89538418
chr3	29695509	0.3058592624	52.89542815
chr3	29695615	0.3301319846	52.89546057
chr3	29696714	0.320140217	52.89582339
chr3	29696744	0.3220787017	52.89583299
chr3	29731354	0.4034465399	52.90698014
chr3	29731513	0.5610553454	52.90704428
chr3	29732995	0.643888795	52.90787577
chr3	29733082	0.8691906615	52.90793179
chr3	29733087	0.8620813931	52.90793613
chr3	29733163	0.8302001588	52.90800165
chr3	29733292	1.006548382	52.90810875
chr3	29777527	0.923151287	52.95263341
chr3	29777531	0.3957535247	52.95263711
chr3	29777596	0.4240741651	52.95266283
chr3	29777611	0.3412276942	52.95266919
chr3	29777679	0.3774895818	52.95269239
chr3	29777713	12.63353778	52.95270523
chr3	29778014	0.4015787178	52.95650792
chr3	29778326	0.2439699123	52.95663322
chr3	29923091	0.2735712954	52.99195152
chr3	29923094	0.2348486257	52.99195234
chr3	29956179	0.2318350263	52.99972231
chr3	30083629	0.3377660803	53.02926968
chr3	30084299	0.3456384233	53.02949599
chr3	30084313	0.4273056177	53.02950083
chr3	30092819	0.5030286592	53.03313549
chr3	30092887	0.930418769	53.03316969
chr3	30126764	1.222635026	53.06468949
chr3	30128513	1.249706998	53.06682788
chr3	30128635	2.469979158	53.06698034
chr3	30128657	2.523482133	53.06703468
chr3	30128885	2.541381901	53.06761004
chr3	30131725	1.34750795	53.07482756
chr3	30153199	1.838313601	53.10376395
chr3	30153360	1.78540929	53.10405991
chr3	30153552	2.028483909	53.10440271
chr3	30153570	2.020428378	53.10443923
chr3	30153599	2.011651293	53.10449782
chr3	30164954	1.980802307	53.12734012
chr3	30164963	2.397550151	53.12735795
chr3	30167881	2.402245877	53.134354
chr3	30168308	2.1580821	53.13537976
chr3	30168450	2.195025265	53.1356862
chr3	30174268	1.850721574	53.14845686
chr3	30174270	1.871483548	53.14846056
chr3	30174293	1.793866293	53.14850361
chr3	30174302	1.646154319	53.14851975
chr3	30174305	1.468393489	53.14852469
chr3	30174315	1.455392495	53.14853937
chr3	30174657	1.119979032	53.14903712
chr3	30177495	1.081657337	53.15221562
chr3	30177820	0.78198872	53.15256716
chr3	30264782	0.6018506319	53.22057046
chr3	30268306	0.5697029906	53.22269138
chr3	30268308	0.5327598255	53.22269252
chr3	30268382	0.4338695484	53.22273195
chr3	30268669	0.4781640853	53.22285647
chr3	30334981	0.4602643177	53.25456448
chr3	30335000	0.4541346339	53.25457323
chr3	30335245	0.4593077827	53.25468449
chr3	30335252	0.4034252479	53.25468771
chr3	30335311	0.5105901372	53.25471151
chr3	30351954	0.4578734711	53.26320926
chr3	30354130	0.14800599	53.26420559
chr3	30354154	0.1535275834	53.26420914
chr3	30354481	0.1659726225	53.26425935
chr3	30357180	0.1724109932	53.26470731
chr3	30546247	0.1683478879	53.29730454
chr3	30548697	0.157655712	53.29771699
chr3	30558854	0.1598687236	53.2993183
chr3	30611007	0.1455074904	53.30765593
chr3	30611045	0.1662425744	53.30766146
chr3	30613485	0.1482629626	53.30806709
chr3	30650910	0.1238752468	53.31361583
chr3	30876141	0.1186879791	53.34151638
chr3	30876154	0.1179884463	53.34151792
chr3	30930162	0.1115500756	53.34789024
chr3	30953504	0.1068543494	53.35049405
chr3	31021443	0.07046884592	53.35775362
chr3	31021477	0.07713693194	53.35775602
chr3	31021627	0.06718575492	53.35776759
chr3	31021662	0.0833451932	53.35776994
chr3	31022271	0.09106445849	53.3578207
chr3	31022379	0.1009336845	53.35783053
chr3	31022436	0.1078772425	53.35783629
chr3	31022442	0.1288654055	53.35783693
chr3	31022456	0.1377810494	53.35783874
chr3	31048364	0.1810381306	53.36140837
chr3	31094925	0.1843073166	53.36983769
chr3	31096215	0.1951570134	53.37007544
chr3	31194447	0.2517687587	53.38924611
chr3	31436206	0.2422569716	53.45011347
chr3	31436231	0.2072339196	53.45011953
chr3	31436334	0.2045053878	53.45014087
chr3	31437539	0.1950261805	53.4503873
chr3	31545554	0.1850668243	53.47145305
chr3	31545642	1.619729846	53.47146934
chr3	31545649	2.07073125	53.47148068
chr3	31546864	2.087378002	53.47399661
chr3	31546876	2.621482852	53.47402166
chr3	31548596	2.72206552	53.47853061
chr3	31548626	3.244633763	53.47861228
chr3	31549629	3.255046776	53.48186664
chr3	31550533	2.493443602	53.48480921
chr3	31550651	2.483086979	53.48510343
chr3	31550847	2.459346617	53.48559012
chr3	31551353	1.949367805	53.48683455
chr3	31551549	1.924872704	53.48721662
chr3	31551627	3.83841566	53.48736676
chr3	31553578	3.287972432	53.49485551
chr3	31553730	1.08085928	53.49535528
chr3	31554456	1.190300934	53.49613999
chr3	31562745	0.8314875972	53.50600639
chr3	31576566	0.685171391	53.51749838
chr3	31577525	0.556130577	53.51815546
chr3	31585273	0.3006088073	53.52246436
chr3	31650955	0.315179229	53.54220895
chr3	31651089	0.3470217068	53.54225118
chr3	31652735	0.3223306967	53.54282238
chr3	31691130	0.3202315408	53.55519827
chr3	31903860	0.2713221292	53.62332112
chr3	31903872	0.260764311	53.62332438
chr3	31903904	0.2252895657	53.62333272
chr3	31904144	0.2125047614	53.62338679
chr3	31904510	0.174362584	53.62346457
chr3	31904939	0.1735377757	53.62353937
chr3	31904955	0.190270228	53.62354215
chr3	31904959	0.1961830285	53.62354291
chr3	31905020	0.2629538645	53.62355488
chr3	32012029	0.2543094154	53.65169331
chr3	32121753	0.2372881472	53.67959715
chr3	32125429	0.1811558096	53.68046942
chr3	32125516	0.1611498023	53.68048518
chr3	32125549	0.1444877102	53.6804905
chr3	32126045	0.1277969715	53.68056217
chr3	32129384	0.1113590947	53.68098888
chr3	32129482	0.1268913626	53.6809998
chr3	32129564	1.037997934	53.6810102
chr3	32129639	1.084894488	53.68108805
chr3	32130373	1.078528819	53.68188436
chr3	32130420	1.062261456	53.68193505
chr3	32130467	1.109656883	53.68198498
chr3	32131011	1.15947149	53.68258863
chr3	32131046	1.231145587	53.68262921
chr3	32131346	1.279082364	53.68299856
chr3	32133448	1.271434387	53.68568719
chr3	32133613	0.3603278154	53.68589698
chr3	32133698	0.4099641346	53.6859276
chr3	32205067	0.3601495279	53.71518633
chr3	32208014	0.3122196025	53.7162477
chr3	32208020	0.2625832833	53.71624957
chr3	32208301	0.2092202713	53.71632335
chr3	32208303	0.3188051984	53.71632377
chr3	32208706	0.3679908378	53.71645225
chr3	32222953	0.1161771512	53.72169502
chr3	32223164	1.426216394	53.72171953
chr3	32223362	2.924400406	53.72200192
chr3	32223596	2.993636469	53.72268623
chr3	32223729	3.026632341	53.72308438
chr3	32224483	4.427315917	53.72536647
chr3	32224682	7.599345589	53.7262475
chr3	32225819	6.059598998	53.73488796
chr3	32225845	2.885356315	53.73504551
chr3	32225980	1.608990915	53.73543503
chr3	32227249	0.2737925032	53.73747684
chr3	32330161	0.1720192316	53.76565337
chr3	32335533	0.1053495164	53.76657746
chr3	32339570	0.0560675959	53.76700276
chr3	32346448	0.07798720676	53.76738839
chr3	32348756	0.10105572	53.76756838
chr3	32508674	0.07798720676	53.78372901
chr3	32514748	0.06719918559	53.78420271
chr3	32514778	0.1439096307	53.78420472
chr3	32571030	0.2430372537	53.79229993
chr3	32571036	0.1774631036	53.79230139
chr3	32599831	0.1966425496	53.79741144
chr3	32600314	0.2093233411	53.79750641
chr3	32651381	0.2163784174	53.80819593
chr3	32651383	0.2234330452	53.80819636
chr3	32651388	0.1414829499	53.80819748
chr3	32652317	0.1485506763	53.80832892
chr3	32652381	0.2455546843	53.80833842
chr3	32652639	0.2595363274	53.80840178
chr3	32652797	0.2665293355	53.80844278
chr3	32653675	0.2736154983	53.8086768
chr3	32854722	0.2851598975	53.86368637
chr3	32890273	0.3018588833	53.87382409
chr3	32890288	0.3063532773	53.87382862
chr3	32891232	0.2936724857	53.87411782
chr3	33075571	0.2863607499	53.92825311
chr3	33108742	0.1401711026	53.93775198
chr3	33174277	0.08845320565	53.94693809
chr3	33174312	0.08139857588	53.94694119
chr3	33174328	0.08930421259	53.94694249
chr3	33174504	0.09772223149	53.94695821
chr3	33176828	0.08493509216	53.94718532
chr3	33176942	0.07854278553	53.947195
chr3	33177019	0.1271676406	53.94720105
chr3	33180334	0.1201746329	53.94762261
chr3	33180341	0.1061929894	53.94762345
chr3	33180369	0.1006504408	53.94762642
chr3	33180874	0.09511234362	53.94767725
chr3	33187998	0.08823757329	53.94835483
chr3	33252887	0.04986554695	53.95408048
chr3	33252893	0.07580492272	53.95408078
chr3	33252900	0.08529478615	53.95408131
chr3	33477122	0.06884254086	53.97320628
chr3	33612697	0.05858971162	53.9825396
chr3	33612739	0.05017169271	53.98254206
chr3	33612848	0.0638753171	53.98254753
chr3	33640966	0.05596968038	53.98434358
chr3	33641638	0.04647981695	53.98438119
chr3	33641671	0.07669952219	53.98438273
chr3	33641743	0.06721239215	53.98438825
chr3	33695520	0.0859483614	53.98800273
chr3	33708443	0.127939059	53.98911344
chr3	33708519	0.1488698367	53.98912316
chr3	33708732	0.1752387986	53.98915487
chr3	33711104	0.1922247095	53.98957054
chr3	33711219	0.2137606906	53.98959264
chr3	33848620	0.2888028082	54.01896358
chr3	33848634	0.3713202251	54.01896762
chr3	33882052	0.3524043927	54.0313764
chr3	33882514	0.2223251082	54.03153921
chr3	33882517	0.3644423292	54.03153988
chr3	33882846	0.3429620244	54.03165978
chr3	33884520	0.5225749805	54.0322339
chr3	33884562	0.5795596033	54.03225584
chr3	33884770	0.5519283216	54.03237639
chr3	33884902	0.8560561469	54.03244925
chr3	33884905	0.8365769341	54.03245182
chr3	33885821	0.9806757667	54.03321812
chr3	33897032	0.6765479425	54.04421248
chr3	33897780	0.6015058248	54.04471853
chr3	33904501	0.4040181102	54.04876126
chr3	33905059	0.06075195076	54.0489867
chr3	33916293	0.06868142424	54.04966918
chr3	33916861	0.1170595045	54.0497082
chr3	33949300	0.08215877678	54.05350549
chr3	33949410	0.1263556704	54.05351453
chr3	33993116	0.07797759012	54.05903703
chr3	33993160	0.1378507687	54.05904046
chr3	33993325	0.1525604503	54.0590632
chr3	33993345	0.154410497	54.05906625
chr3	33993393	0.2198248469	54.05907367
chr3	34116348	0.1780237088	54.08610223
chr3	34116382	0.1246546742	54.08610828
chr3	34116407	0.1320342321	54.0861114
chr3	34116431	0.1021077247	54.08611457
chr3	34116530	0.1153310999	54.08612468
chr3	34116533	0.1213566893	54.08612502
chr3	34118181	0.1572132657	54.08632502
chr3	34183232	0.1599514803	54.0965519
chr3	34184129	0.1055251587	54.09669538
chr3	34243565	0.1507019958	54.10296737
chr3	34244117	0.1571358163	54.10305056
chr3	34244150	0.1837247106	54.10305574
chr3	34259185	0.192607466	54.10581804
chr3	34304330	0.1827819922	54.11451331
chr3	34348131	0.1625682653	54.12251934
chr3	34348191	0.146529526	54.1225291
chr3	34348202	0.1615999971	54.12253071
chr3	34348209	0.1814188408	54.12253184
chr3	34348210	0.2089388472	54.12253202
chr3	34348217	0.2202792954	54.12253348
chr3	34400180	0.2337137359	54.13397986
chr3	34592990	0.1779320107	54.1790422
chr3	34593155	0.212559217	54.17907156
chr3	34593206	0.2019905103	54.1790824
chr3	34593920	0.5733433629	54.17922662
chr3	34606314	0.2756936527	54.18633264
chr3	34616311	0.2209845142	54.18908875
chr3	34673519	0.1890948879	54.20173083
chr3	34673541	0.1824736712	54.20173499
chr3	34674492	0.1603675403	54.20190852
chr3	34674778	0.1443066055	54.20195439
chr3	34728767	0.1109235631	54.20974536
chr3	34848096	0.05757615428	54.22298176
chr3	34848134	0.06790609819	54.22298394
chr3	34848161	0.0617984768	54.22298578
chr3	34857078	0.06678115525	54.22353683
chr3	34857180	0.1083041002	54.22354365
chr3	34857224	0.1036915572	54.22354841
chr3	34857632	0.1260380484	54.22359072
chr3	34898999	0.1350260042	54.22880453
chr3	35021525	0.1422704421	54.24534873
chr3	35021541	0.1495151073	54.24535101
chr3	35021619	3.486890033	54.24536267
chr3	35021654	3.50138258	54.24548471
chr3	35022717	0.1297145841	54.24920668
chr3	35125191	0.1388100586	54.26249905
chr3	35125192	0.1340621178	54.26249919
chr3	35204383	0.1453632752	54.2731157
chr3	35204387	0.1566667507	54.27311628
chr3	35204389	0.1463127155	54.2731166
chr3	35309445	0.1291678815	54.28848763
chr3	35530486	0.1264296669	54.31703902
chr3	35530554	0.1100664704	54.31704762
chr3	35530753	0.0570426828	54.31706952
chr3	35530785	0.04794720675	54.31707135
chr3	35530816	0.1165801837	54.31707284
chr3	35533664	0.1111268832	54.31740486
chr3	35533699	0.1361849286	54.31740875
chr3	35597324	0.1312608499	54.32607351
chr3	35597457	0.07092080127	54.32609097
chr3	35604341	0.0875261186	54.32657919
chr3	35604776	0.1582676001	54.32661726
chr3	35671421	0.7712736665	54.33716501
chr3	35672450	0.7167612909	54.33795865
chr3	35674570	1.300474979	54.33947818
chr3	35674678	1.2959621	54.33961863
chr3	35677439	0.682956034	54.34319678
chr3	35680890	0.09924234613	54.34555366
chr3	35680920	0.0496075371	54.34555664
chr3	35681218	0.06499122662	54.34557143
chr3	35681220	0.1042569456	54.34557156
chr3	35681223	1.695059234	54.34557187
chr3	35683542	0.2521584539	54.34950271
chr3	35686573	0.3014405282	54.350267
chr3	35717870	0.226568172	54.35970119
chr3	35826503	0.2099628547	54.38431397
chr3	35831056	0.2183750248	54.38526993
chr3	35831178	0.2777406086	54.38529657
chr3	35831686	0.244193329	54.38543766
chr3	35831836	0.2729848384	54.38547429
chr3	35831871	0.2873822787	54.38548385
chr3	35832088	0.2711531729	54.38554621
chr3	35832125	0.2821976989	54.38555624
chr3	35921022	0.1532452099	54.41064277
chr3	35931359	0.1384971278	54.41222686
chr3	35931515	0.1207704942	54.41224847
chr3	35935846	0.1283401319	54.41277153
chr3	35935972	0.1360127958	54.4127877
chr3	35987387	0.1279313823	54.4197808
chr3	35994377	0.1744402127	54.42067504
chr3	35994412	0.2138285309	54.42068114
chr3	35994420	0.1912297482	54.42068285
chr3	35994431	0.1999760152	54.42068496
chr3	36014241	0.2242618739	54.42464648
chr3	36088071	0.1848735556	54.44120373
chr3	36088097	0.2033360204	54.44120854
chr3	36088102	0.18893858	54.44120956
chr3	36125267	0.3344303001	54.44823146
chr3	36127614	0.3923625935	54.44901637
chr3	36127629	0.4466104393	54.44902225
chr3	36140615	0.438485485	54.45482194
chr3	36166143	0.4409502814	54.46601559
chr3	36166166	0.3904700414	54.46602574
chr3	36166354	0.4332903427	54.46609914
chr3	36191293	0.3753580493	54.47690497
chr3	36195633	0.3211102035	54.47853403
chr3	36195698	0.3027858832	54.4785549
chr3	36195712	0.1946963416	54.47855914
chr3	36197145	0.2100343641	54.47883814
chr3	36197260	0.2253764053	54.47886229
chr3	36197659	0.124357574	54.47895222
chr3	36200979	0.1277467163	54.47936508
chr3	36200984	0.1448297793	54.47936572
chr3	36201045	0.1492450571	54.47937456
chr3	36201082	0.1615813526	54.47938008
chr3	36416219	0.1253915211	54.51414221
chr3	36416768	0.1313284492	54.51421105
chr3	36416779	0.1236557852	54.51421249
chr3	36416875	0.1278560823	54.51422436
chr3	36416933	0.09394899713	54.51423178
chr3	36416987	0.07727711596	54.51423685
chr3	36417045	0.08115971866	54.51424133
chr3	36417070	0.1255523313	54.51424336
chr3	36423197	0.1179826937	54.51501262
chr3	36423236	0.17194797	54.51501722
chr3	36437663	0.1566099474	54.51749792
chr3	36437715	0.2101658312	54.51750606
chr3	36437724	0.2790753395	54.51750795
chr3	36487685	0.5866712008	54.53145083
chr3	36491259	0.8831039699	54.5335476
chr3	36500124	0.5798820192	54.54137631
chr3	36500153	0.5855783082	54.54139313
chr3	36500171	0.09550598547	54.54140367
chr3	36502250	0.1150689352	54.54160223
chr3	36502360	0.1207847024	54.54161489
chr3	36502449	0.1264924222	54.54162564
chr3	36673418	0.1342529884	54.56325192
chr3	36815286	0.1297970457	54.58229812
chr3	36890768	0.1558702423	54.59209546
chr3	37032257	0.1297970457	54.61414939
chr3	37032798	0.1228437248	54.61421961
chr3	37032849	0.1369272105	54.61422587
chr3	37036425	0.1233934592	54.61471552
chr3	37036459	0.1171719306	54.61471972
chr3	37036569	0.1067418607	54.61473261
chr3	37036614	0.09983819485	54.61473741
chr3	37036796	0.09307592115	54.61475558
chr3	37038145	0.08807043619	54.61488114
chr3	37146904	0.4070731874	54.62445959
chr3	37147780	0.4151602425	54.62481619
chr3	37148779	0.3956586554	54.62523093
chr3	37148821	0.3900787588	54.62524755
chr3	37149474	0.3940518411	54.62550227
chr3	37289474	0.4135001426	54.68066953
chr3	37289476	0.4209263666	54.68067036
chr3	37289587	0.4683907016	54.68071708
chr3	37289953	0.6120503476	54.68088851
chr3	37289956	0.6151865922	54.68089035
chr3	37291438	0.6228945758	54.68180206
chr3	37291513	0.6418579118	54.68184877
chr3	37291534	0.6485297217	54.68186225
chr3	37294792	0.634446236	54.68397516
chr3	37295163	0.6302459389	54.68421054
chr3	37297241	0.3112431878	54.68552019
chr3	37297821	0.6626780957	54.68570071
chr3	37366617	0.5554314387	54.73129031
chr3	37366887	0.4764119143	54.73144028
chr3	37367039	0.5089431134	54.7315127
chr3	37367199	0.4573030797	54.73159413
chr3	37367310	0.4098387448	54.73164489
chr3	37371551	0.7848239651	54.73338301
chr3	37479099	0.7914308453	54.81778926
chr3	37479160	0.7719825438	54.81783754
chr3	37479244	1.314014649	54.81790239
chr3	37479768	0.6957231577	54.81859093
chr3	37480440	0.7215884542	54.81905845
chr3	37485983	0.6918750531	54.82305822
chr3	37485992	0.728985825	54.82306445
chr3	37486050	0.1679903838	54.82310673
chr3	37583919	0.132339957	54.83954778
chr3	37585399	0.07834649439	54.83974364
chr3	37586459	0.06993699563	54.83982669
chr3	37589469	0.04433588339	54.8400372
chr3	37589563	0.05257218071	54.84004137
chr3	37589660	0.04020196484	54.84004647
chr3	37590427	0.05272316628	54.8400773
chr3	37590428	0.06218149349	54.84007735
chr3	37590623	52.05753017	54.84008948
chr3	37590640	52.07832372	54.84097446
chr3	37590669	52.08658007	54.84248473
chr3	37590694	0.1361048125	54.84378689
chr3	37590761	0.1550376379	54.84379601
chr3	37590853	0.2032510558	54.84381028
chr3	37823117	0.2204615551	54.89101818
chr3	37885053	0.2169535227	54.90467269
chr3	37980462	0.1885623667	54.925372
chr3	37982056	0.2548970458	54.92567257
chr3	38036975	0.2300894561	54.93967126
chr3	38037081	0.2135618807	54.93969565
chr3	38037467	0.1452865014	54.93977809
chr3	38037477	0.137026599	54.93977954
chr3	38037485	0.1287702464	54.93978064
chr3	38037546	0.1205158704	54.93978849
chr3	38037669	0.05418119129	54.93980332
chr3	38045045	0.0710401958	54.94020296
chr3	38077990	0.04435179815	54.94254338
chr3	38258869	0.03448311808	54.95056568
chr3	38263864	0.04912689751	54.95073793
chr3	38264506	0.05529879127	54.95076947
chr3	38270810	0.06476831433	54.95111807
chr3	38273252	0.07103200668	54.95127623
chr3	38380967	0.03952922286	54.95892745
chr3	38380991	0.04719526982	54.9589284
chr3	38466226	0.04405902515	54.96295109
chr3	38660383	0.05267043352	54.97150545
chr3	38660404	0.07094917528	54.97150656
chr3	38660740	0.09693738715	54.9715304
chr3	38836654	0.1045533598	54.98858304
chr3	38862213	0.08615064268	54.99125532
chr3	38862227	0.0446585154	54.99125653
chr3	38864414	0.02811737084	54.9913542
chr3	38869249	0.02928950195	54.99149014
chr3	39141151	0.02161051353	54.99945402
chr3	39321040	0.01399454092	55.00334151
chr3	39496014	0.01769049329	55.00579019
chr3	39502948	0.02141230082	55.00591286
chr3	39503270	0.01527453272	55.00591975
chr3	39712548	0.03475208806	55.00911638
chr3	39712582	0.03750782399	55.00911756
chr3	39778166	0.3372373095	55.01157747
chr3	39779785	0.3424035105	55.01212346
chr3	39852014	0.04267402503	55.03685492
chr3	40104462	0.02384810655	55.04762789
chr3	40105882	0.02606348509	55.04766176
chr3	40109378	0.05483686565	55.04775288
chr3	40365219	0.07591040459	55.06178239
chr3	40365285	0.06149473599	55.0617874
chr3	40366318	0.04713702404	55.06185093
chr3	40369561	0.2508079165	55.06200379
chr3	40493863	0.2456417154	55.09317972
chr3	40494152	0.2382239555	55.09325071
chr3	40494225	0.2675750806	55.0932681
chr3	40540276	0.2465015416	55.1055902
chr3	40541454	0.2827832937	55.10588058
chr3	40549239	0.3484476094	55.10808205
chr3	40550493	0.3816498748	55.108519
chr3	40550690	0.2368039041	55.10859418
chr3	40556518	0.3379879878	55.10997428
chr3	40646521	0.3486884517	55.14039421
chr3	40661599	0.2938149729	55.14565174
chr3	40661602	0.2277809891	55.14565262
chr3	40661612	0.1970791588	55.14565489
chr3	40672712	0.2199695962	55.14784247
chr3	40673636	0.2268913578	55.14804573
chr3	40957567	0.1257072741	55.21246722
chr3	40977653	0.1360732968	55.21499217
chr3	40989679	0.1292820871	55.21662859
chr3	40991279	0.1070014202	55.21683544
chr3	40991301	0.1207067248	55.21683779
chr3	40998742	0.1197752818	55.21773597
chr3	40998869	0.1124650382	55.21775118
chr3	40998883	0.1152573483	55.21775276
chr3	41007397	0.1343133504	55.21873406
chr3	41051270	0.1492556668	55.22462679
chr3	41073433	0.1888630417	55.22793474
chr3	41200988	0.1698070396	55.25202517
chr3	41202587	0.1642271177	55.25229669
chr3	41206603	0.1573053561	55.25295623
chr3	41207102	0.2267218567	55.25303472
chr3	41259715	7.116818516	55.26496324
chr3	41260246	0.09846014213	55.26874227
chr3	41260472	0.07065229317	55.26876452
chr3	41260765	3.000811553	55.26878522
chr3	41262024	0.1252049743	55.27256324
chr3	41262105	0.255679744	55.27257339
chr3	41262106	0.3212947143	55.27257364
chr3	41262827	0.3737074515	55.27280529
chr3	41318329	0.3080924806	55.29354681
chr3	41318583	0.2658943247	55.29362506
chr3	41318724	0.2007382727	55.29366255
chr3	41329648	0.1461855916	55.29585542
chr3	41333212	0.1198421817	55.29637642
chr3	41333534	0.137672639	55.29641501
chr3	41474722	0.08547452948	55.31585274
chr3	41478141	0.0820226121	55.31614497
chr3	41480301	0.101770855	55.31632214
chr3	41480536	0.1008888751	55.31634606
chr3	41572164	0.1200375588	55.3255903
chr3	41665702	0.1003689149	55.33681838
chr3	41667055	0.1360984114	55.33695418
chr3	41667106	0.121610563	55.33696112
chr3	41667143	0.1591152193	55.33696562
chr3	41698656	0.1070815072	55.34197982
chr3	41707369	0.1098937725	55.34291282
chr3	41764818	0.09074508878	55.3492261
chr3	41765506	0.06220392924	55.34928854
chr3	41766085	0.08012056195	55.34932455
chr3	41768415	0.08914786474	55.34951123
chr3	41768448	0.0955294972	55.34951418
chr3	41768454	0.09826432157	55.34951475
chr3	41768566	0.1207967116	55.34952575
chr3	41768595	0.1298279924	55.34952926
chr3	41768635	0.1471429739	55.34953445
chr3	41768666	0.188471197	55.34953901
chr3	41771092	0.1962680304	55.34999624
chr3	41772204	0.1950002986	55.35021449
chr3	41932289	0.1644612169	55.38143112
chr3	42016568	0.1632890858	55.39529174
chr3	42177016	0.1694084798	55.42149115
chr3	42177072	0.1518892195	55.42150064
chr3	42177889	0.1339725868	55.42162473
chr3	42182296	0.1401456785	55.42221515
chr3	42182306	0.131227125	55.42221655
chr3	42186017	0.126326459	55.42270353
chr3	42640698	0.1366190789	55.48014177
chr3	42779802	0.1304062737	55.49914603
chr3	42779865	0.120639452	55.49915425
chr3	42779901	0.1144663602	55.49915859
chr3	42780141	0.1254049125	55.49918606
chr3	42780980	0.1184400343	55.49929128
chr3	42802805	0.08271053787	55.50187623
chr3	42803627	0.07913770921	55.50194422
chr3	42803655	0.08717318435	55.50194644
chr3	42809800	0.09535114742	55.50248212
chr3	42809801	0.1034669847	55.50248221
chr3	42809888	0.1401205019	55.50249121
chr3	42809892	0.148158078	55.50249177
chr3	42809901	0.1563043824	55.50249311
chr3	42809911	0.1925125022	55.50249467
chr3	42819537	0.2008708804	55.5043478
chr3	42820520	0.2132156386	55.50454525
chr3	42822047	0.2340933487	55.50487083
chr3	42843966	0.247585226	55.51000192
chr3	42998436	0.2614700415	55.54824641
chr3	42998746	0.2438610163	55.54832747
chr3	42999117	0.2335683964	55.54841794
chr3	43019148	0.2307561312	55.55309655
chr3	43094952	0.2178149302	55.57058879
chr3	43095032	0.2094659534	55.57060621
chr3	43117375	0.2016193955	55.57528631
chr3	43117378	0.2240232133	55.57528692
chr3	43117394	0.2120255758	55.5752905
chr3	43117395	0.1755984392	55.57529071
chr3	43117658	0.2010147131	55.57533689
chr3	43117678	0.2457640411	55.57534092
chr3	43117820	0.2465847482	55.57537581
chr3	43117997	0.3474483099	55.57541946
chr3	43119357	0.3351035517	55.57589199
chr3	43124773	0.4297777281	55.57770691
chr3	43124775	0.4231648126	55.57770777
chr3	43260899	0.4005944687	55.63531066
chr3	43262753	0.3844126887	55.63605336
chr3	43262804	0.3555704163	55.63607296
chr3	43264127	0.2961866658	55.63654338
chr3	43264353	0.5618835537	55.63661032
chr3	43264490	14.31600782	55.6366873
chr3	43264639	14.31261578	55.63882038
chr3	43264693	14.30450404	55.63959327
chr3	43264714	15.69667337	55.63989366
chr3	43264776	3.732410908	55.64086685
chr3	43265082	4.715638653	55.64200897
chr3	43265083	5.699128526	55.64201369
chr3	43265085	8.740345853	55.64202509
chr3	43268834	2.276946324	55.67479264
chr3	43268870	1.402255303	55.67487461
chr3	43269010	1.427349825	55.67507093
chr3	43272380	0.9381479665	55.6798811
chr3	43272481	0.5741088236	55.67997585
chr3	43313547	0.3867280941	55.7035522
chr3	43313589	0.2411784951	55.70356845
chr3	43313603	0.256925853	55.70357182
chr3	43313918	0.2930100134	55.70365275
chr3	43547756	0.1908641885	55.77216963
chr3	43547768	0.1778413963	55.77217192
chr3	43547840	0.1648087589	55.77218472
chr3	43547869	0.1490614011	55.7721895
chr3	43560426	0.1471129346	55.77406127
chr3	43560684	0.122340263	55.77409922
chr3	43562666	0.1230948384	55.7743417
chr3	43562962	0.108303946	55.77437814
chr3	43562971	0.09593518151	55.77437911
chr3	43563024	0.04126373491	55.7743842
chr3	43563041	0.05911586147	55.7743849
chr3	43563933	0.06825754245	55.77443763
chr3	43564166	0.05276214028	55.77445353
chr3	43765471	0.06878409245	55.78507482
chr3	43769687	0.06963893555	55.78536481
chr3	43769796	0.1003029457	55.7853724
chr3	43772195	0.1192499193	55.78561303
chr3	43951321	0.09892726127	55.80697379
chr3	43966890	0.071059997	55.80851399
chr3	43966900	0.1693640964	55.8085147
chr3	43967477	0.1602224154	55.80861242
chr3	43995722	0.1442004632	55.8131379
chr3	43997542	0.1726078657	55.81340035
chr3	43998363	0.05535679274	55.81354206
chr3	43998440	0.1122663102	55.81354632
chr3	44126526	0.1019249582	55.82792606
chr3	44127356	0.09865627321	55.82801066
chr3	44127405	7.247428847	55.8280155
chr3	44127919	0.07024887072	55.83174067
chr3	44127959	0.1138760391	55.83174348
chr3	44128180	0.1453256475	55.83176865
chr3	44128215	0.116898982	55.83177374
chr3	44130309	0.2173960107	55.83201852
chr3	44235697	0.1405439452	55.85492945
chr3	44362768	0.111512376	55.87278851
chr3	44362782	0.08006276776	55.87279007
chr3	44362840	0.05104763908	55.87279472
chr3	44362887	0.02204323224	55.87279712
chr3	44363115	0.02779352335	55.87280214
chr3	44363701	0.0393029862	55.87281843
chr3	44577299	0.05655693256	55.88121347
chr3	44580060	0.06524527565	55.88136962
chr3	44580069	0.07389458882	55.88137021
chr3	44580075	0.07418739219	55.88137065
chr3	44580120	0.0828769633	55.88137399
chr3	44657656	0.09350210517	55.88779994
chr3	45004660	0.05982088983	55.92024555
chr3	45004842	0.05406697534	55.92025643
chr3	45004858	0.0348136195	55.9202573
chr3	45004961	0.03111258167	55.92026088
chr3	45004981	0.0224868491	55.92026151
chr3	45006570	0.2863122447	55.92029724
chr3	45006585	0.2776629315	55.92030153
chr3	45008125	4.129271313	55.92072913
chr3	45013983	4.134782603	55.9449184
chr3	45016474	4.145175581	55.95521815
chr3	45016529	4.136723211	55.95544613
chr3	45017047	4.147132993	55.95758896
chr3	45017267	4.157527698	55.95850132
chr3	45017703	0.3059193171	55.96031401
chr3	45017734	0.3091173211	55.96032349
chr3	45017797	0.3383105381	55.96034296
chr3	45017893	0.3487452299	55.96037544
chr3	45020553	0.0849198342	55.9613031
chr3	45021274	0.1091090329	55.96136433
chr3	45173783	0.0612698239	55.97800444
chr3	45371432	0.03323139754	55.99011436
chr3	45372166	0.02283669194	55.99013875
chr3	45372172	0.02446445294	55.99013889
chr3	45372426	0.03065435549	55.9901451
chr3	45373784	0.03000271855	55.99018673
chr3	45413553	0.03665142974	55.99137991
chr3	45413559	0.06290875201	55.99138013
chr3	45414679	0.09937471168	55.99145059
chr3	45414880	0.124356059	55.99147056
chr3	45416467	0.1496087904	55.99166792
chr3	45552681	0.1228767828	56.01204673
chr3	45561902	0.1273818409	56.01317977
chr3	45562523	0.1334417663	56.01325888
chr3	45562553	0.09700487382	56.01326288
chr3	45562563	0.09880420326	56.01326385
chr3	45681987	0.0679162609	56.02506344
chr3	45683309	0.06237305428	56.02515323
chr3	45683349	0.05686176376	56.02515572
chr3	45687201	0.0699804646	56.02537476
chr3	45695616	0.07773877852	56.02596364
chr3	45798003	0.07977154041	56.03392308
chr3	45968408	0.07371208947	56.04751655
chr3	46127239	0.09227952288	56.05922432
chr3	46170351	0.09461440867	56.06320267
chr3	46171115	0.08685609475	56.06327496
chr3	46171285	0.2063766331	56.06328972
chr3	46171288	0.2284420936	56.06329034
chr3	46172194	0.2493780385	56.06349731
chr3	46172411	0.2703268826	56.06355142
chr3	46172659	0.2605929305	56.06361847
chr3	46524609	0.08630829187	56.15533415
chr3	46524618	0.07101620625	56.15533492
chr3	46524640	0.1105364175	56.15533649
chr3	46525884	0.1315314407	56.15547399
chr3	47449422	0.107597095	56.27694828
chr3	47580154	0.08660207186	56.29101466
chr3	47612778	0.076431389	56.29383997
chr3	47612810	0.07479236808	56.29384241
chr3	47638519	0.1058879897	56.29576525
chr3	47750320	0.1028782506	56.30760363
chr3	47750330	0.1005433647	56.30760466
chr3	47751254	0.06781998227	56.30769756
chr3	47751282	0.06180507247	56.30769946
chr3	47751288	0.04676802353	56.30769983
chr3	47751294	0.04376059804	56.30770011
chr3	47751396	0.07020321682	56.30770458
chr3	47751418	0.05283330908	56.30770612
chr3	47770250	0.08439548138	56.30870108
chr3	47808931	0.1350996958	56.31196558
chr3	47876180	0.1151587625	56.3210509
chr3	47877106	0.1567823149	56.32115754
chr3	47877787	0.1032057129	56.32126431
chr3	47929600	0.03292966966	56.3266117
chr3	47929601	0.07755696418	56.32661174
chr3	47930591	0.1451124598	56.32668852
chr3	47930873	0.2582984356	56.32672944
chr3	47930913	0.4168712341	56.32673977
chr3	47963466	0.3036852584	56.34031018
chr3	47963509	0.1905096997	56.34032324
chr3	47985199	0.1325451486	56.34445539
chr3	47994343	0.1464152948	56.34566739
chr3	48012175	0.1010180549	56.34827827
chr3	48012231	0.1264751948	56.34828392
chr3	48012258	0.1413930073	56.34828734
chr3	48012265	0.09676571437	56.34828833
chr3	48012285	0.1070852833	56.34829026
chr3	48012318	0.1231137095	56.3482938
chr3	48012406	0.1315016018	56.34830463
chr3	48012542	0.1866174572	56.34832251
chr3	48012605	0.1950064746	56.34833427
chr3	48012616	0.2610344892	56.34833642
chr3	48022979	0.2766009757	56.35104152
chr3	48157060	0.3302819706	56.38812845
chr3	48157144	0.2966598835	56.3881562
chr3	48242451	0.2534577837	56.41346336
chr3	48242476	0.2374293572	56.4134697
chr3	48242491	0.4299469056	56.41347326
chr3	48242887	0.4475683667	56.41364352
chr3	48242897	0.465192606	56.41364799
chr3	48242924	0.4827733381	56.41366055
chr3	48259481	0.2296227734	56.42165383
chr3	48259538	0.2146870234	56.42166692
chr3	48259551	0.1901464947	56.42166971
chr3	48259967	0.1745800082	56.42174881
chr3	48260196	0.4038536426	56.42178879
chr3	48260315	0.3899834965	56.42183685
chr3	48264043	0.3753152823	56.42329071
chr3	48264083	0.4251162843	56.42330572
chr3	48369768	0.4147967152	56.46823413
chr3	48369808	0.3625566947	56.46825073
chr3	48369840	0.3529657502	56.46826233
chr3	48373557	0.4033273845	56.4695743
chr3	48375371	0.402232838	56.47030594
chr3	48451601	0.402452922	56.50096815
chr3	48452215	0.3797713161	56.50121525
chr3	48452238	0.3621498549	56.50122399
chr3	48452355	0.3361824507	56.50126636
chr3	48452627	0.3410502938	56.5013578
chr3	48452727	0.09396945315	56.50139191
chr3	48452760	0.07638872098	56.50139501
chr3	48511533	0.1472225435	56.5058846
chr3	48511534	0.1824606658	56.50588475
chr3	48511540	0.1819935773	56.50588584
chr3	48764953	0.1755897359	56.55200538
chr3	48765657	0.1610728658	56.552129
chr3	48765664	0.1320400404	56.55213012
chr3	48766917	0.1203176157	56.55229557
chr3	48767001	0.129451525	56.55230568
chr3	48767036	0.1372857952	56.55231021
chr3	48767037	0.1228473301	56.55231035
chr3	48767151	0.1084153633	56.55232435
chr3	48767838	0.1414211613	56.55239883
chr3	48795838	0.1382431412	56.55635862
chr3	48795855	0.1465845101	56.55636097
chr3	48842113	0.1276363686	56.56314168
chr3	48923245	0.1393596129	56.57349707
chr3	48923485	0.1515331734	56.57353052
chr3	48923498	0.1041340918	56.57353249
chr3	48923515	0.1158674034	56.57353426
chr3	48923545	0.1234100187	56.57353774
chr3	48923680	0.2915942337	56.5735544
chr3	48924464	0.3039190718	56.57378301
chr3	48924470	0.3548556809	56.57378483
chr3	48924493	0.3697388869	56.57379299
chr3	48935403	0.3947256239	56.57782684
chr3	49098705	0.2829603102	56.64228633
chr3	49172361	0.2402787861	56.66312805
chr3	49223784	0.2151615988	56.67548391
chr3	49223802	0.202877677	56.67548778
chr3	49237925	0.05618242771	56.67835302
chr3	49238117	0.04784105876	56.67836381
chr3	49238528	0.04867933719	56.67838347
chr3	49238683	0.07340070312	56.67839102
chr3	49238693	0.1029168088	56.67839175
chr3	49240305	0.1583855722	56.67855765
chr3	49353439	0.1464293071	56.69647645
chr3	49361300	0.1917063535	56.69762753
chr3	49363626	0.2897879561	56.69807344
chr3	49363678	0.2602718501	56.69808851
chr3	49363968	0.2772969673	56.69816398
chr3	49387909	0.2525756017	56.70480275
chr3	49387914	0.561470271	56.70480401
chr3	49387970	0.600680246	56.70483546
chr3	49387978	0.633347641	56.70484026
chr3	49387990	0.777459881	56.70484786
chr3	49388079	0.92773364	56.70491706
chr3	49388908	0.9469378468	56.70568615
chr3	49388952	0.9661464533	56.70572781
chr3	49408833	0.9876574447	56.72493577
chr3	49409807	0.8402223522	56.72589775
chr3	49409929	0.6726515819	56.72600025
chr3	49409990	2.077250462	56.72604129
chr3	49412482	0.5968850897	56.73121779
chr3	49412555	0.5940934602	56.73126137
chr3	49412608	0.6077787461	56.73129285
chr3	49412628	0.3148739621	56.73130501
chr3	49412642	0.3073313464	56.73130942
chr3	49412666	0.4239537186	56.73131679
chr3	49478801	1.558901561	56.75935497
chr3	49478813	1.518288686	56.75937368
chr3	49478827	1.554654272	56.75939494
chr3	49481250	1.591887523	56.76316186
chr3	49481293	1.61194216	56.76323031
chr3	49481978	1.656968234	56.7643345
chr3	49482055	1.617758259	56.76446208
chr3	49482159	0.556488078	56.76463033
chr3	49580152	0.522331897	56.81916226
chr3	49580271	0.3882593853	56.81922442
chr3	49580330	0.3295151427	56.81924733
chr3	49580652	0.3124900255	56.81935343
chr3	49580896	0.3220136236	56.81942968
chr3	49581005	0.2600022237	56.81946478
chr3	49663626	0.2638014959	56.84094642
chr3	49663752	0.2763993606	56.84097966
chr3	49664096	0.2641216939	56.84107474
chr3	49664279	0.219821306	56.84112308
chr3	49664355	0.2241114865	56.84113979
chr3	49664465	0.2362535766	56.84116444
chr3	49665244	0.2161989397	56.84134848
chr3	49936139	0.2091524219	56.89991569
chr3	49956585	0.188781662	56.90419202
chr3	49956606	0.5306154747	56.90419599
chr3	49967398	0.1696610559	56.90992239
chr3	49967447	0.1763016166	56.9099307
chr3	49968257	0.1667737672	56.91007351
chr3	49968290	0.1546316764	56.91007901
chr3	49968294	0.1923119241	56.91007963
chr3	49968317	0.1874440812	56.91008405
chr3	49968458	0.1766418138	56.91011048
chr3	49968535	0.1832921428	56.91012408
chr3	49968807	0.2037003038	56.91017394
chr3	50051533	0.1265313248	56.92702525
chr3	50051617	0.1406322587	56.92703588
chr3	50488571	0.1210320851	56.98848571
chr3	50519597	0.113149119	56.99224085
chr3	50520224	0.1071948109	56.99231179
chr3	50521821	0.1137660791	56.99248298
chr3	50522983	0.1124703688	56.99261518
chr3	50523255	0.1389459815	56.99264577
chr3	50524095	0.1311394493	56.99276248
chr3	50524175	0.1459945242	56.99277298
chr3	50524189	0.1435853931	56.99277502
chr3	50524242	0.1446564088	56.99278263
chr3	50524584	0.1852929912	56.9928321
chr3	50524669	0.1918990788	56.99284785
chr3	50525985	0.2326393163	56.99310039
chr3	50526027	0.2274306529	56.99311016
chr3	50526034	0.2208102443	56.99311175
chr3	50526055	0.2274675343	56.99311639
chr3	50540835	0.2629141445	56.99647836
chr3	50634620	0.2259889305	57.02113576
chr3	50644909	0.1843243526	57.02346096
chr3	50716581	0.1793932511	57.03667186
chr3	50716605	0.1894559076	57.03667616
chr3	50716656	0.2024813738	57.03668583
chr3	50781929	0.2166409704	57.04990239
chr3	50794286	0.1891414791	57.05257943
chr3	50878902	0.1967857042	57.06858382
chr3	50878931	0.1863748062	57.06858953
chr3	50879056	0.2089489741	57.06861282
chr3	51042464	0.1984134208	57.10275676
chr3	51042476	0.2687563083	57.10275914
chr3	51083047	0.2729452018	57.11366285
chr3	51083104	0.1380459141	57.11367841
chr3	51083215	5.502319963	57.11369373
chr3	51083253	5.506510179	57.11390282
chr3	51084865	3.274907774	57.12277932
chr3	51084889	3.293030228	57.12285791
chr3	51085320	3.306242033	57.12427721
chr3	51085338	1.5685734	57.12433672
chr3	51085433	1.584940013	57.12448574
chr3	51085441	1.589140668	57.12449842
chr3	51086053	0.3122670344	57.12547097
chr3	51086062	0.3164706626	57.12547378
chr3	51086083	0.3208376305	57.12548043
chr3	51088095	0.3272028725	57.12612595
chr3	51088136	0.3485293132	57.12613937
chr3	51088246	0.3718518279	57.1261777
chr3	51106226	0.2234976641	57.1328636
chr3	51311533	0.3702180427	57.17874924
chr3	51510345	0.357053816	57.25235303
chr3	51587762	0.3493927678	57.27999506
chr3	51587835	0.320078432	57.28002057
chr3	51588112	0.1733580535	57.28010923
chr3	51618152	0.1525835627	57.2853169
chr3	51719626	0.1467406939	57.30080017
chr3	51719636	0.1350820747	57.30080164
chr3	51742988	0.1462030905	57.30395607
chr3	51743196	0.1481494361	57.30398648
chr3	51743385	0.1293994693	57.30401448
chr3	51743405	0.1308049918	57.30401707
chr3	51743507	0.1342618262	57.30403041
chr3	51744390	0.1379292552	57.30414897
chr3	51792847	0.1222709282	57.3108326
chr3	51929807	0.1196429209	57.32757883
chr3	51930702	0.1238740644	57.32768591
chr3	51930825	0.1254790533	57.32770115
chr3	51930850	0.1211120854	57.32770428
chr3	51962555	0.1283538267	57.33154414
chr3	51963654	0.08492983624	57.3316852
chr3	51963722	0.1176659108	57.33169098
chr3	51963726	0.0967645785	57.33169145
chr3	52188796	0.08037410026	57.35347025
chr3	52188834	0.07703744401	57.35347331
chr3	52189414	0.06069184688	57.35351799
chr3	52236066	0.08982107036	57.35634939
chr3	52236585	0.08855669289	57.356396
chr3	52239066	0.09119130854	57.35661571
chr3	52362711	0.05916773164	57.36789106
chr3	52365203	0.05398499509	57.36803851
chr3	52365284	0.0727057987	57.36804288
chr3	52464401	0.0854337538	57.37524926
chr3	52476026	0.08860504178	57.37624243
chr3	52694215	0.09101350866	57.39557507
chr3	52694254	0.0864560079	57.39557862
chr3	52716696	0.09140174875	57.39751887
chr3	52716834	0.09375430426	57.39753148
chr3	52746735	0.1891999721	57.40033483
chr3	52748111	0.1800518626	57.40059517
chr3	52750264	0.1729645647	57.40098282
chr3	52750291	0.1670814392	57.40098749
chr3	52750557	0.171231825	57.40103193
chr3	52754241	0.1791710504	57.40166275
chr3	52785386	0.08372538256	57.40724303
chr3	52802464	0.082126949	57.4086729
chr3	52802587	0.09030151261	57.408683
chr3	52949623	0.1078502078	57.42196057
chr3	53114052	0.1340497543	57.43969427
chr3	53114168	0.1338784	57.43970982
chr3	53198115	0.1804422869	57.45094851
chr3	53248166	0.189970362	57.45997983
chr3	53248184	0.1776141917	57.45998325
chr3	53277341	0.1310503048	57.46516195
chr3	53499392	0.2032798962	57.4942618
chr3	53499799	0.1979887215	57.49434453
chr3	53499882	0.1805839649	57.49436097
chr3	53634907	0.1680460553	57.51874432
chr3	53635345	0.1514412107	57.51881792
chr3	53638579	0.1539686999	57.51930768
chr3	53638651	0.1557781721	57.51931877
chr3	53638683	0.1586354629	57.51932375
chr3	53639221	0.1544669275	57.5194091
chr3	53639297	0.1532006451	57.51942084
chr3	53639298	0.1560892481	57.51942099
chr3	53639407	0.1519388622	57.519438
chr3	53639440	0.1494261029	57.51944302
chr3	53697105	0.1514314761	57.52805967
chr3	53848360	0.1629820201	57.55096444
chr3	53848405	0.1678748618	57.55097178
chr3	53848488	0.1798326682	57.55098571
chr3	54153731	0.1819253155	57.60587837
chr3	54167745	0.1564209679	57.60842787
chr3	54167759	0.1622200694	57.60843006
chr3	54167807	0.1595181326	57.60843785
chr3	54167853	0.2187347209	57.60844519
chr3	54225924	0.216326254	57.62114733
chr3	54226046	0.2262852485	57.62117372
chr3	54229327	0.2222414158	57.62191617
chr3	54284923	0.2203197448	57.6342719
chr3	54284946	0.210505439	57.63427697
chr3	54284959	0.1790034622	57.6342797
chr3	54359637	0.1597679133	57.64764732
chr3	54368102	0.1583623909	57.64899976
chr3	54376775	0.1079068361	57.65037324
chr3	54463167	0.09569183376	57.65969552
chr3	54465252	0.08771194395	57.65989504
chr3	54467856	0.1311546534	57.66012344
chr3	54596329	0.1024399001	57.67697327
chr3	54596472	0.08862620635	57.67698792
chr3	54596668	0.5008589148	57.67700529
chr3	54596917	0.4970065784	57.67713001
chr3	54601697	0.4609421191	57.6795057
chr3	54601881	0.4629467391	57.67959051
chr3	54602377	0.4627024168	57.67982013
chr3	54602378	0.4578095737	57.6798206
chr3	54602931	0.4558140674	57.68007377
chr3	54602933	0.447335006	57.68007468
chr3	54604167	0.4745833419	57.68062669
chr3	54604176	0.4848252411	57.68063096
chr3	54604323	0.517742611	57.68070223
chr3	54604969	0.5961284025	57.68103669
chr3	54605617	0.1838956941	57.68142298
chr3	54606232	0.4122786884	57.68153608
chr3	54622385	0.1838956941	57.68819562
chr3	54652032	0.1055099025	57.69364757
chr3	54660263	2.967473058	57.69451602
chr3	54661485	3.014727032	57.69814228
chr3	54661552	0.1649463444	57.69834426
chr3	54739523	0.2143721791	57.71120529
chr3	54739554	0.1398698686	57.71121194
chr3	54739564	0.1564890253	57.71121334
chr3	54759847	0.1924650402	57.7143874
chr3	54759999	0.2108791807	57.71441666
chr3	54802309	0.2149309957	57.72333896
chr3	54802465	0.2237441687	57.72337249
chr3	54802468	0.2933170382	57.72337316
chr3	54802484	0.3165130502	57.72337785
chr3	54802519	0.3392271832	57.72338893
chr3	54802732	0.3624594225	57.72346118
chr3	54960338	0.3504813499	57.78058696
chr3	54961523	0.2705316757	57.78100228
chr3	54961541	0.2372964317	57.78100715
chr3	54961551	0.2016489561	57.78100953
chr3	54962351	0.2055519126	57.78117085
chr3	54964370	0.1667205203	57.78158586
chr3	54964429	0.1503177988	57.78159569
chr3	54964451	0.1611384085	57.781599
chr3	54964932	0.1129394817	57.78167651
chr3	54967787	0.1303516863	57.78199895
chr3	54967891	0.1397588848	57.78201251
chr3	55193644	0.1179848482	57.81356349
chr3	55221051	0.1091716759	57.8167971
chr3	55305305	0.08760164222	57.82599525
chr3	55305374	0.09496576325	57.8260013
chr3	55305381	0.09412535191	57.82600196
chr3	55305402	0.1100749166	57.82600394
chr3	55355944	0.1006402432	57.83156735
chr3	55360045	0.1144814622	57.83198007
chr3	55507052	0.09618957861	57.84880965
chr3	55533525	0.08557107774	57.85135608
chr3	55536698	0.2026158291	57.85162759
chr3	55536795	0.1961648601	57.85164725
chr3	55537103	0.2232126254	57.85170766
chr3	55617190	0.3687560262	57.86958409
chr3	55675020	1.712370555	57.89090926
chr3	55675753	1.730289712	57.89216442
chr3	55676046	1.733537868	57.8926714
chr3	55677301	1.734219253	57.89484699
chr3	55677406	0.1630295491	57.89502908
chr3	55881626	0.1093992274	57.92832298
chr3	55881708	0.05585373108	57.92833195
chr3	55881760	0.03800972134	57.92833485
chr3	55881767	0.02016631642	57.92833512
chr3	55931182	0.1862284595	57.92933164
chr3	55952941	0.2025659491	57.93338378
chr3	55953397	0.03650380592	57.93347615
chr3	55953422	0.05574821839	57.93347706
chr3	55953477	0.06178272759	57.93348013
chr3	56178745	0.07708685185	57.9473978
chr3	56178792	0.279868886	57.94740142
chr3	56178816	0.8054315905	57.94740814
chr3	56200754	0.1948734109	57.9650777
chr3	56528075	3.399754011	58.02886386
chr3	56528090	9.115203239	58.02891485
chr3	56528204	9.103937181	58.02995399
chr3	56529213	5.828528856	58.03913986
chr3	56529326	5.854355448	58.03979848
chr3	56529376	0.826983919	58.0400912
chr3	56529379	0.8334944975	58.04009368
chr3	56564806	0.8274599881	58.06962189
chr3	56564833	0.3222731523	58.06964423
chr3	56565089	0.2340218355	58.06972674
chr3	56566413	0.164672785	58.07003658
chr3	56566475	0.1797613166	58.07004679
chr3	56566485	0.2097288206	58.07004859
chr3	56572138	0.2404777907	58.07123419
chr3	56699237	0.2387188759	58.10179867
chr3	56810269	0.9065256255	58.12830411
chr3	56810272	0.862772943	58.12830683
chr3	56810919	1.741750905	58.12886504
chr3	56810970	1.726662374	58.12895387
chr3	56811789	1.723414218	58.13036801
chr3	56813927	4.702532234	58.13405267
chr3	56815006	4.829587145	58.1391267
chr3	56815116	4.033713201	58.13965795
chr3	56815159	0.5084988799	58.1398314
chr3	56852145	0.5028355048	58.15863874
chr3	56852146	0.4268036197	58.15863924
chr3	56852299	0.3274748499	58.15870455
chr3	56852749	0.3291171415	58.15885191
chr3	56853107	0.3933752568	58.15896973
chr3	56859507	0.1925754546	58.16148733
chr3	56910495	0.2306137759	58.17130637
chr3	56999296	0.2067989033	58.19178511
chr3	56999414	0.217529777	58.19180951
chr3	57007478	0.1794914558	58.19356367
chr3	57007658	0.1578407814	58.19359598
chr3	57007727	0.1690811965	58.19360687
chr3	57007752	0.1535980392	58.19361109
chr3	57335924	0.1044909947	58.24401767
chr3	57336831	0.098071254	58.24411244
chr3	57343187	0.08734381307	58.24473578
chr3	57343195	0.06908557519	58.24473648
chr3	57343201	0.05835857093	58.2447369
chr3	57423303	0.03496635871	58.24941154
chr3	57423709	0.1431343842	58.24942573
chr3	57423984	0.1448328348	58.24946509
chr3	57457814	0.03666480938	58.25436479
chr3	57517111	0.05983008729	58.2565389
chr3	57517388	0.06353367587	58.25655548
chr3	57517419	0.1338863418	58.25655744
chr3	57517475	0.1687883314	58.25656494
chr3	57518016	0.1632430834	58.25665626
chr3	57614691	0.1671250283	58.27243778
chr3	57614746	1.818392107	58.27244697
chr3	57618096	1.82105343	58.27853859
chr3	57618273	1.824556275	58.27886091
chr3	57619249	2.13677949	58.28064168
chr3	57619360	2.148794558	58.28087886
chr3	57621804	1.103435956	58.28613052
chr3	57623130	1.172743132	58.28759367
chr3	57623173	1.173759699	58.2876441
chr3	57623225	2.115658666	58.28770514
chr3	57626052	2.188986908	58.2936861
chr3	57630961	1.010920116	58.30443184
chr3	57631033	1.021768569	58.30450463
chr3	57631108	1.149425527	58.30458126
chr3	57631158	0.3746254562	58.30463873
chr3	57676361	7.097116239	58.32157293
chr3	57676902	0.2781319366	58.32541246
chr3	57676923	0.1976109172	58.32541831
chr3	57676980	0.2476308557	58.32542957
chr3	57677444	0.2520471377	58.32554447
chr3	57677462	0.1724624092	58.32554901
chr3	57679476	0.1048980245	58.32589635
chr3	57750732	0.05487808599	58.33337096
chr3	57906639	0.06096426509	58.34192684
chr3	57926369	0.113295653	58.34312966
chr3	57926397	0.1075761093	58.34313284
chr3	57926404	0.2107423285	58.34313359
chr3	57926405	0.2163510551	58.3431338
chr3	57971088	0.2055026026	58.35280101
chr3	57999003	0.161875507	58.35853762
chr3	58006505	0.06978514876	58.35975201
chr3	58006621	0.08859532473	58.3597601
chr3	58006679	0.09229084387	58.35976524
chr3	58202742	0.085340648	58.37786006
chr3	58512283	0.06556049178	58.40427649
chr3	58512380	0.08897247471	58.40428285
chr3	58512778	0.07847001362	58.40431826
chr3	58513468	0.07476642505	58.40437241
chr3	58513794	0.062906445	58.40439678
chr3	58514089	0.07042196982	58.40441534
chr3	58565006	0.08630850006	58.40800101
chr3	58565029	0.08242642451	58.408003
chr3	58582826	0.08845506615	58.40946994
chr3	58583874	0.2649157258	58.40956264
chr3	58584143	0.2780436877	58.4096339
chr3	58584968	0.2742082492	58.40986329
chr3	58671422	0.2836780156	58.43356969
chr3	58671434	0.2931679267	58.43357309
chr3	58671437	0.2865878759	58.43357397
chr3	58671506	0.3055712163	58.43359375
chr3	58671508	0.3150629353	58.43359436
chr3	58813839	0.1386022757	58.47843758
chr3	58816157	0.1227020692	58.47875886
chr3	58830233	0.108792963	58.48048602
chr3	59004275	0.1061316397	58.49942056
chr3	59004934	0.6751002365	58.4994905
chr3	59004949	0.6738262235	58.49950063
chr3	59004963	0.6895871711	58.49951006
chr3	59004995	0.7454008031	58.49953213
chr3	59005053	0.8123324304	58.49957536
chr3	59060160	0.7454590417	58.54434057
chr3	59060170	0.1062629988	58.54434802
chr3	59060985	0.1905381535	58.54443462
chr3	59061491	0.2183170898	58.54453104
chr3	59061540	0.2449822421	58.54454173
chr3	59061580	0.2975393575	58.54455153
chr3	59061587	0.3876777375	58.54455362
chr3	59078699	0.3811636165	58.55118756
chr3	59078780	0.3721071935	58.55121843
chr3	59078791	0.4039221417	58.55122252
chr3	59176776	0.3718978483	58.59080084
chr3	59194292	0.3441189121	58.597315
chr3	59194402	0.4267760451	58.59735285
chr3	59194446	0.399009236	58.59737163
chr3	59194572	0.3713937456	58.59742191
chr3	59194608	0.3655343765	58.59743528
chr3	59194691	0.3460933518	58.59746561
chr3	59194745	0.3142784038	58.5974843
chr3	59194750	0.308249762	58.59748588
chr3	59199879	0.2893261145	58.59906689
chr3	59199888	0.5328148329	58.59906949
chr3	59199911	0.5361497939	58.59908175
chr3	59238747	0.5435286861	58.61990366
chr3	59239027	0.4446759417	58.62005585
chr3	59239033	0.3798019177	58.62005852
chr3	59241203	4.24581662	58.62088269
chr3	59241247	4.20481875	58.6210695
chr3	59241680	20.856206	58.62289019
chr3	59242007	32.90387321	58.62971017
chr3	59242091	28.75525508	58.63247409
chr3	59242367	13.15608452	58.64041054
chr3	59242571	3.85254442	58.64309439
chr3	59242737	3.897774665	58.64373391
chr3	59242840	3.901538923	58.64413538
chr3	59243548	0.154401341	58.64689767
chr3	59243575	0.1650718753	58.64690184
chr3	59405232	0.1423692044	58.67358686
chr3	59406495	0.1392948542	58.67376667
chr3	59419044	0.1472167545	58.67551468
chr3	59445002	0.1289045318	58.67933614
chr3	59446481	0.1288064959	58.67952679
chr3	59589300	0.1181359615	58.6979228
chr3	59589546	0.1395769404	58.69795186
chr3	59596003	0.13564593	58.69885311
chr3	59596005	0.1339474785	58.69885338
chr3	59596132	0.1466952284	58.69887039
chr3	59596133	0.1153740485	58.69887054
chr3	59634263	0.1300563903	58.70326975
chr3	59884724	0.08799712974	58.73584381
chr3	59885522	0.0690803277	58.73591403
chr3	59885549	0.06828186697	58.73591589
chr3	59886185	0.07365153671	58.73595932
chr3	60169572	0.07900385412	58.75683121
chr3	60222866	0.07523959636	58.76104164
chr3	60222915	0.1001979582	58.76104533
chr3	60306092	0.09686299717	58.76937949
chr3	60370724	0.04596133216	58.77563994
chr3	60370793	0.06267003016	58.77564311
chr3	60370904	0.0785508659	58.77565007
chr3	60387737	0.07868970627	58.77697232
chr3	60498772	0.08131517928	58.78570963
chr3	60573141	0.1366180279	58.79175696
chr3	60573205	0.1312483581	58.7917657
chr3	60603201	0.1153675223	58.79570263
chr3	60809767	0.09977722159	58.81953363
chr3	60809970	0.5245826693	58.81955389
chr3	60809992	4.58837403	58.81956543
chr3	60810536	5.583571445	58.8220615
chr3	60810902	1.52964781	58.82410509
chr3	60811455	1.544769785	58.82495099
chr3	60811763	1.56555971	58.82542678
chr3	60812827	1.578843366	58.82709253
chr3	60817789	1.580115444	58.83492675
chr3	60817867	1.593647954	58.83505
chr3	60817945	1.588773427	58.83517431
chr3	60817972	0.2544089721	58.8352172
chr3	60818007	0.2701623885	58.83522611
chr3	60818044	0.3664310455	58.8352361
chr3	60818051	0.3780683082	58.83523867
chr3	61003853	0.4008121908	58.90548452
chr3	61004174	0.4735809875	58.90561318
chr3	61090455	0.4309830047	58.94647422
chr3	61090475	0.5006519766	58.94648284
chr3	61090542	0.4873683207	58.94651638
chr3	61091381	0.5306887139	58.94692528
chr3	61091397	0.4460993165	58.94693377
chr3	61093800	0.4327230868	58.94800575
chr3	61134731	0.4213006841	58.96571754
chr3	61134739	0.2691051278	58.96572091
chr3	61134814	0.1859036458	58.96574109
chr3	61134928	0.198941463	58.96576229
chr3	61135056	0.1873042006	58.96578775
chr3	61135064	0.201761279	58.96578925
chr3	61135838	0.2555480099	58.96594541
chr3	61138059	0.234107031	58.96651298
chr3	61204425	0.1792913212	58.98204973
chr3	61205542	0.1536642657	58.98225
chr3	61205578	0.1442967442	58.98225553
chr3	61206197	0.2089983679	58.98234485
chr3	61206295	0.2688727044	58.98236533
chr3	61206322	0.2957232027	58.98237259
chr3	61206337	0.3340501014	58.98237703
chr3	61206368	0.4208503996	58.98238738
chr3	61206659	0.4740145894	58.98250985
chr3	61271478	0.4134715073	59.013235
chr3	61284407	0.3240409263	59.01858078
chr3	61343624	0.2167259536	59.03776951
chr3	61343715	0.1898754558	59.03778923
chr3	61343723	0.05310004183	59.03779075
chr3	61477526	0.06444628004	59.04489569
chr3	61802555	0.0350421153	59.0658426
chr3	61802657	0.03605702119	59.06584618
chr3	61802662	0.02471078248	59.06584636
chr3	61805187	0.04240513744	59.06590875
chr3	61903879	0.0397796644	59.0700938
chr3	61903952	0.04266973007	59.0700967
chr3	61903999	0.03927296473	59.07009871
chr3	61904023	0.106130754	59.07009965
chr3	61960827	0.04118690309	59.0761283
chr3	62369871	0.03880971636	59.09297556
chr3	62617904	0.03364208968	59.10260165
chr3	62618703	0.03074865565	59.10262853
chr3	63169525	0.03747688964	59.11956557
chr3	63180418	0.03458682401	59.1199738
chr3	63183526	0.1012490091	59.1200813
chr3	63187852	0.1046340737	59.1205193
chr3	63189217	0.1111781581	59.12066213
chr3	63681584	0.02682161805	59.17540258
chr3	63717822	0.01678741368	59.17637454
chr3	63752943	0.01024332942	59.17696414
chr3	63752965	0.06489379681	59.17696436
chr3	63820468	0.01024332931	59.18134489
chr3	64277660	0.00685826468	59.18602805
chr3	64277807	0.07168912611	59.18602906
chr3	64334710	0.006858264681	59.19010839
chr3	64334894	0.01923807177	59.19010965
chr3	64335066	0.02603479398	59.19011296
chr3	64801699	0.06205670077	59.20226165
chr3	64801813	0.07456727349	59.20226873
chr3	64877838	0.07797101887	59.20793771
chr3	65055603	0.06413067223	59.22179822
chr3	65239495	0.05393020464	59.23359134
chr3	65298011	0.02384583601	59.23674712
chr3	65351444	0.2019682045	59.23802128
chr3	65351626	0.1952585223	59.23805803
chr3	65351772	0.2383088713	59.23808654
chr3	65437459	0.1174890883	59.25850651
chr3	65437464	0.0710928563	59.2585071
chr3	65437548	0.07007795081	59.25851307
chr3	65437590	0.0272544825	59.25851602
chr3	65437762	0.02145359209	59.2585207
chr3	65437780	0.02930523408	59.25852109
chr3	65437805	0.06809876174	59.25852182
chr3	65439183	0.2274262366	59.25861566
chr3	65532900	0.09023488698	59.27992937
chr3	65640346	0.07399155209	59.28962475
chr3	65640361	0.1015975367	59.28962586
chr3	65640427	0.1154039382	59.28963256
chr3	65640603	0.1180867659	59.28965287
chr3	65907451	0.1161843883	59.32116409
chr3	65907453	0.1083063023	59.32116432
chr3	65907627	0.04555358846	59.32118317
chr3	65907635	0.05412866562	59.32118353
chr3	65907673	0.06225320563	59.32118559
chr3	66371664	0.05035008229	59.35007052
chr3	66371731	0.07876543309	59.35007389
chr3	66472016	0.08193394825	59.35797288
chr3	66472358	0.08511643112	59.3580009
chr3	66473144	0.08908743488	59.3580678
chr3	66473179	0.05669591589	59.35807092
chr3	66589963	0.04588279118	59.3646921
chr3	66596536	0.0373403384	59.36499368
chr3	66779694	0.03745169498	59.37183287
chr3	66779766	0.04338235229	59.37183556
chr3	67400921	0.04128697407	59.39878273
chr3	67401566	0.1442818512	59.39880936
chr3	67401800	0.1505906922	59.39884312
chr3	67402146	0.1466196883	59.39889522
chr3	67436538	0.1460629774	59.40393777
chr3	67437384	0.04306810033	59.40406134
chr3	67439350	0.06179853	59.40414601
chr3	67439447	0.05939016526	59.404152
chr3	67440684	0.08134267232	59.40422547
chr3	67596339	0.08021155697	59.41688686
chr3	67629350	0.5900012465	59.41953473
chr3	67629373	0.5904938062	59.4195483
chr3	67631538	0.5873113233	59.42082672
chr3	67631559	0.5873918025	59.42083905
chr3	67633440	0.5923049164	59.42194393
chr3	67635440	0.769731541	59.42312854
chr3	67636257	0.7787876513	59.42375741
chr3	67636260	0.7820858428	59.42375975
chr3	67636306	0.2301701064	59.42379573
chr3	67636312	0.2465721906	59.42379711
chr3	67636399	0.2628174478	59.42381856
chr3	67636417	0.2790657104	59.42382329
chr3	67749900	0.2827368913	59.4554925
chr3	67863456	0.2664957819	59.48759897
chr3	67863461	0.2502475196	59.48760031
chr3	67863485	0.2247501388	59.48760631
chr3	67864153	0.04732351423	59.48775645
chr3	67877481	0.04508751455	59.48838717
chr3	67951997	0.05287241164	59.49174692
chr3	67991388	0.06225742518	59.49382961
chr3	68382608	0.06601030972	59.51818596
chr3	68382649	0.0664123409	59.51818867
chr3	68384294	0.06795567753	59.51829792
chr3	68384302	0.06304256347	59.51829846
chr3	68384469	0.05365754992	59.51830899
chr3	68390739	0.07335437107	59.51864542
chr3	68391379	0.0768214675	59.51869237
chr3	68393526	0.08134804543	59.5188573
chr3	68393583	0.09169743365	59.51886194
chr3	68393585	0.1069972891	59.51886212
chr3	68510273	0.07799146675	59.53134742
chr3	68510287	0.1076425609	59.53134852
chr3	68510317	0.1373008063	59.53135175
chr3	68579190	0.1414750018	59.54080806
chr3	68634703	0.08985600855	59.54866177
chr3	68750036	0.07439648293	59.55902513
chr3	68751126	0.07481533356	59.55910622
chr3	68751878	0.03871988282	59.55916248
chr3	68754729	0.05348641323	59.55927287
chr3	68754766	0.05356761181	59.55927485
chr3	68754773	0.05825324205	59.55927523
chr3	68765105	0.07489214995	59.5598771
chr3	69208506	0.06223508437	59.59308435
chr3	69208532	0.04559617653	59.59308597
chr3	69208738	0.04901742171	59.59309536
chr3	69308282	0.1134738495	59.59797475
chr3	69365588	0.04909890627	59.60447749
chr3	69365604	0.04534602153	59.60447827
chr3	69438234	0.05404575672	59.60777175
chr3	69462810	0.04887010425	59.60909998
chr3	69462942	0.04989201357	59.60910643
chr3	69462970	0.06200093041	59.60910783
chr3	69463015	0.07138341467	59.60911062
chr3	69616095	0.1159652849	59.62003799
chr3	69627833	0.1428744092	59.62139919
chr3	70039012	0.1341514906	59.68014615
chr3	70039045	0.1305543529	59.68015058
chr3	70039114	0.06876196806	59.68015959
chr3	70179788	0.06617325383	59.68983261
chr3	70283769	0.0729353416	59.69671337
chr3	70285435	0.07089130349	59.69683488
chr3	70285436	0.06922568931	59.69683495
chr3	70285797	0.07509068492	59.69685994
chr3	70286238	0.07060967692	59.69689305
chr3	70286322	0.05545111526	59.69689899
chr3	70286338	0.05634564626	59.69689987
chr3	70286579	0.06545123608	59.69691345
chr3	70286612	0.07381999349	59.69691561
chr3	70286631	0.07597614266	59.69691701
chr3	70286700	0.07516556204	59.69692226
chr3	70286826	0.08037371471	59.69693173
chr3	70287021	0.07695246947	59.6969474
chr3	70287050	0.07825307937	59.69694963
chr3	70300821	0.09476326167	59.69802726
chr3	70430163	0.09536507224	59.71028412
chr3	70458814	0.09519570299	59.71301643
chr3	70458885	0.0970997839	59.71302319
chr3	70470416	0.07938225938	59.71414285
chr3	70497619	0.07752597945	59.71630228
chr3	70589565	0.08119066242	59.72343049
chr3	70829321	0.07603661187	59.74289643
chr3	70829348	0.07702721394	59.74289849
chr3	70914795	0.07116221833	59.74948023
chr3	71096694	0.06197181773	59.76242457
chr3	71096866	0.04359773057	59.76243523
chr3	71251251	0.047929064	59.76916606
chr3	71343136	0.04852257981	59.77357002
chr3	71346943	0.04909413289	59.77375475
chr3	71350328	0.0517366635	59.77392093
chr3	71350406	0.06528247443	59.77392497
chr3	71441748	0.06341506459	59.779888
chr3	72190231	0.06774319469	59.8273531
chr3	72709899	0.092245888	59.86255707
chr3	72746365	0.08650987587	59.86592091
chr3	72963707	0.05744010186	59.88472314
chr3	72963710	0.05301123681	59.88472331
chr3	73018844	0.05080014446	59.88764603
chr3	73072920	0.04889417128	59.8903931
chr3	73123466	0.04582078435	59.8928645
chr3	73179112	0.03803745333	59.89541425
chr3	73203674	0.03662623807	59.89634852
chr3	73540047	0.03537590999	59.9086686
chr3	73884639	0.03655706663	59.92085886
chr3	73980215	0.04150234645	59.92435283
chr3	73980243	0.04293720044	59.924354
chr3	74410365	0.04452002964	59.94282223
chr3	74482903	0.04667060375	59.94605163
chr3	74553417	0.04568000167	59.94934256
chr3	74555144	0.04695044009	59.94942145
chr3	74769532	0.04704402877	59.95948706
chr3	74769563	0.04972043921	59.95948852
chr3	74777483	0.0507401962	59.9598823
chr3	76147928	0.04441746795	60.02941895
chr3	76595631	0.04340173261	60.04930478
chr3	76781034	0.04350035413	60.05735159
chr3	76781070	0.04158871858	60.05735316
chr3	76781203	0.04168631196	60.05735869
chr3	77224052	0.03810068539	60.07581943
chr3	77448857	0.03621462818	60.08438466
chr3	77558730	0.03499474892	60.08836367
chr3	77558759	0.03130263497	60.08836468
chr3	77573571	0.03013639086	60.08882834
chr3	77573618	0.03119591622	60.08882975
chr3	77801410	0.03062436314	60.09593593
chr3	77815449	0.02966247385	60.09636587
chr3	77969918	0.04598481116	60.1009478
chr3	78186558	0.03128075415	60.11090995
chr3	78628418	0.03083776075	60.12473167
chr3	78823027	0.04258499625	60.13073297
chr3	78922320	0.04590915483	60.13496136
chr3	78922369	0.04558228528	60.13496361
chr3	79144703	0.04375443069	60.1450981
chr3	79330224	0.04083407304	60.15321547
chr3	79330257	0.04042620758	60.15321682
chr3	79539844	0.0393386009	60.16168963
chr3	79696768	0.03869326961	60.1678628
chr3	79732218	0.04252941249	60.16923447
chr3	79757100	0.04608804843	60.17029269
chr3	79765139	0.03434081293	60.17066319
chr3	79800564	0.03333083808	60.17187971
chr3	79839752	0.04123641262	60.17318588
chr3	80131178	0.03940212374	60.18520325
chr3	80276159	0.04876981975	60.19091581
chr3	80350577	0.05278595639	60.19454516
chr3	80362699	0.05256387038	60.19518503
chr3	80362971	0.04551315075	60.19519933
chr3	80363013	0.05112761884	60.19520124
chr3	80600814	0.05485207354	60.20735944
chr3	80795230	0.05496255046	60.21802356
chr3	80869747	0.06161851092	60.2221192
chr3	81020078	0.05600404278	60.23138237
chr3	81220615	0.05611594546	60.24261326
chr3	81220742	0.05490010936	60.24262038
chr3	81244238	0.05456347854	60.24391032
chr3	81269139	0.0505473419	60.245269
chr3	81457574	0.0344557467	60.25479389
chr3	81457598	0.02214016339	60.25479472
chr3	81513996	0.0291184891	60.25604338
chr3	81579993	0.02934476062	60.25796511
chr3	81618671	0.02987529733	60.25910011
chr3	81618826	0.031300841	60.25910474
chr3	81619070	0.04074180319	60.25911238
chr3	81619222	0.03870316699	60.25911857
chr3	81870536	0.03881732017	60.26884522
chr3	82213926	0.03261570077	60.2821747
chr3	82426341	0.02820338096	60.28910276
chr3	82426364	0.02843568237	60.28910341
chr3	82438127	0.02971921082	60.2894379
chr3	82608560	0.02922665131	60.29450303
chr3	82637451	0.03387984492	60.29534742
chr3	82757903	0.03404785914	60.29942831
chr3	82820595	0.03681205469	60.30156284
chr3	82869193	0.03235683808	60.30335183
chr3	83112700	0.0319528865	60.31123095
chr3	83313907	0.02925190947	60.3176601
chr3	83430255	0.02092402808	60.3210635
chr3	83840581	0.01751667104	60.32964917
chr3	83948051	0.01786768976	60.33153169
chr3	83948346	0.02098270369	60.33153696
chr3	84155186	0.03016010908	60.33587702
chr3	84155187	0.02860027186	60.33587705
chr3	84155416	0.02872311171	60.3358836
chr3	84155446	0.02884594959	60.33588446
chr3	84165646	0.04120605267	60.33617869
chr3	84165660	0.04132733991	60.33617927
chr3	84464112	0.06611154363	60.34851349
chr3	84530467	0.08249998312	60.35290033
chr3	84688702	0.0826189613	60.36595471
chr3	84754700	0.05722857694	60.3714074
chr3	84754850	0.05712626931	60.37141598
chr3	84755569	0.02808048922	60.37145705
chr3	84755651	0.1145342988	60.37145936
chr3	84755702	0.1143183101	60.3714652
chr3	84755708	0.2008877589	60.37146588
chr3	84798322	0.01951033542	60.38002651
chr3	84798872	0.06608184186	60.38003725
chr3	84818767	0.06486535273	60.38135194
chr3	85548033	0.05989391243	60.42865604
chr3	85731813	0.04671540925	60.43966334
chr3	87268903	0.04753628113	60.51146913
chr3	87269020	0.04877797824	60.51147469
chr3	87547240	0.04609396184	60.5250457
chr3	88177554	0.0368811651	60.55409937
chr3	88216600	0.03323771712	60.55553943
chr3	88216927	0.03175324981	60.5555503
chr3	88217031	0.03225409609	60.55555361
chr3	88331944	0.03092895656	60.55926002
chr3	88333767	0.03466744096	60.5593164
chr3	88340016	0.04577886191	60.55953304
chr3	88412984	0.04922228225	60.56287343
chr3	88546538	0.04799197898	60.56944727
chr3	88572140	0.05020684528	60.57067596
chr3	88572262	0.05208192114	60.57068208
chr3	88890715	0.05290493531	60.58726773
chr3	89039997	0.05857489402	60.59516548
chr3	89194118	0.05679332066	60.6041931
chr3	89484205	0.05959918185	60.6206681
chr3	89484323	0.05211153953	60.62067514
chr3	89666442	0.04622264171	60.63016564
chr3	89666462	0.04468388918	60.63016656
chr3	89666471	0.04394277987	60.63016697
chr3	89734599	0.05056507105	60.6331607
chr3	89734640	0.04806181582	60.63316277
chr3	89734890	0.04629960111	60.63317479
chr3	89735194	0.04693494764	60.63318886
chr3	89735211	0.05136208373	60.63318966
chr3	89954279	0.05898534302	60.64444145
chr3	90211260	0.04509616274	60.65959956
chr3	90276163	0.04591019681	60.66252644
chr3	90283926	0.0496013314	60.66288284
chr3	90283941	0.06294147715	60.66288358
chr3	90330251	0.06401368999	60.6657984
chr3	90438202	0.05639043069	60.67270875
chr3	90445360	0.0574997571	60.67311239
chr3	90566579	0.05648446024	60.68008245
chr3	90568497	0.06175794414	60.68019079
chr3	90772763	0.06380251964	60.69280584
chr3	90798978	0.05731427052	60.69447842
chr3	90802120	0.06358844539	60.6946585
chr3	90802271	0.06986423213	60.6946681
chr3	90802280	0.07150864683	60.69466873
chr3	91029332	0.07180152841	60.71090491
chr3	91030121	0.07196508685	60.71096156
chr3	91030355	0.0666113854	60.7109784
chr3	91030394	0.06542359016	60.710981
chr3	91053897	0.06484402103	60.71251865
chr3	91054068	0.1058348861	60.71252974
chr3	91137168	0.1116337735	60.72132462
chr3	91374809	0.1204652958	60.74785338
chr3	91374815	0.1251984368	60.7478541
chr3	91390097	0.109212965	60.74976739
chr3	91762556	0.1017559373	60.79044474
chr3	91762991	0.1027180839	60.790489
chr3	91763097	0.1104135312	60.79049989
chr3	91770754	0.1234423668	60.79134533
chr3	91770787	0.0854392808	60.7913494
chr3	92007401	0.08854653373	60.81156553
chr3	92030046	0.09059380175	60.81357067
chr3	92110909	0.09206912544	60.82089635
chr3	92577084	0.09002454994	60.86381668
chr3	92721820	0.08728582915	60.87684647
chr3	92721864	0.07960976811	60.87685031
chr3	93017368	0.07882105892	60.90037532
chr3	93045674	0.06254623395	60.90260643
chr3	93186487	0.05907034381	60.91141375
chr3	93194646	0.0639988276	60.9118957
chr3	93224511	0.06450999734	60.91380703
chr3	93224512	0.06298906499	60.91380709
chr3	93224527	0.06045142364	60.91380804
chr3	93373105	0.06442440773	60.92278979
chr3	93373108	0.06494068787	60.92278998
chr3	93572658	0.04562860642	60.9357489
chr3	93770865	0.04548315784	60.94479281
chr3	93815194	0.05902732259	60.94680903
chr3	93830802	0.06130137859	60.94773033
chr3	93831471	0.1086637028	60.94777134
chr3	93831994	0.1711133605	60.94782817
chr3	93974013	0.1722341298	60.97212952
chr3	94114985	0.1331982743	60.99640971
chr3	94115119	0.1319931097	60.99642756
chr3	94124623	0.1376621055	60.99768202
chr3	94207896	0.1438094805	61.00914555
chr3	94214017	0.06198736046	61.01002581
chr3	94293981	0.07228454828	61.01498257
chr3	94457663	0.07302237278	61.02681425
chr3	94611425	0.07534520256	61.03804232
chr3	94633727	0.07674691137	61.03972266
chr3	94652241	0.07060031025	61.04114356
chr3	94674262	0.06630603959	61.04269825
chr3	94696718	0.06351891791	61.04418721
chr3	94696848	0.06367196689	61.04419547
chr3	94808001	0.05935474903	61.0512728
chr3	94851136	0.07777940159	61.05383307
chr3	94851144	0.08226456128	61.05383369
chr3	94851389	0.1230532454	61.05385385
chr3	95034151	0.08271093553	61.0763433
chr3	95209488	0.08324721534	61.09084559
chr3	95209489	0.05956195197	61.09084567
chr3	95210233	0.05688760979	61.09088999
chr3	95541585	0.05625226319	61.10973981
chr3	95541640	0.1725947744	61.1097429
chr3	95572035	0.05122380849	61.11498892
chr3	95582705	0.6120759839	61.11553548
chr3	95582829	0.6088593376	61.11561138
chr3	95589128	0.0324358861	61.11944658
chr3	95589205	0.2414010218	61.11944908
chr3	95589211	1.495174715	61.11945053
chr3	95606811	1.498996771	61.1457656
chr3	95606859	0.1489194358	61.14583756
chr3	95670508	0.09555585252	61.15531613
chr3	95670530	0.07128248287	61.15531823
chr3	95953548	0.05824772711	61.17549246
chr3	96040878	0.05622837779	61.18057923
chr3	96353759	0.05082891362	61.19817202
chr3	96356975	0.0519200747	61.19833549
chr3	96534945	0.04249733937	61.2075757
chr3	96537605	0.06981233045	61.20768875
chr3	96538848	0.06769599745	61.20777552
chr3	96538894	0.06710621503	61.20777864
chr3	96563387	0.06841870213	61.20942227
chr3	96601477	0.06952055892	61.21202834
chr3	96678858	0.07250155614	61.21740791
chr3	96866175	0.07626763544	61.23098868
chr3	97265565	0.07080789573	61.26144921
chr3	97318238	0.06633007501	61.26517888
chr3	97318634	0.06733253345	61.26520514
chr3	97318662	0.06049154251	61.26520703
chr3	97318862	0.06062376279	61.26521913
chr3	97318917	0.08290708151	61.26522246
chr3	97318960	0.08799184544	61.26522603
chr3	97320322	0.08951705452	61.26534587
chr3	97369817	0.08734613063	61.26977652
chr3	97612570	0.0875520129	61.29098005
chr3	97618058	0.06023702181	61.29146054
chr3	97669453	0.3060057483	61.29455642
chr3	97677797	0.2957263499	61.29710973
chr3	97714484	0.04995762344	61.30795905
chr3	97714531	0.04873513895	61.30796139
chr3	97822746	0.04141244537	61.31323527
chr3	97845727	0.04225555535	61.31418697
chr3	97846825	0.04713912141	61.31423336
chr3	97916387	0.04415812419	61.31751245
chr3	98248171	0.04018819723	61.33216341
chr3	98521388	0.03712028914	61.34314351
chr3	98523332	0.03167601038	61.34321567
chr3	98534224	0.02630930122	61.34356069
chr3	98733412	0.02829689021	61.34880119
chr3	98745469	0.0320145233	61.34914236
chr3	98749966	0.05992034172	61.34928633
chr3	98955964	0.06015086761	61.3616298
chr3	98956030	0.06274229023	61.36163377
chr3	98956118	0.065990249	61.36163929
chr3	99002318	0.06580272089	61.36468804
chr3	99015782	0.0709122156	61.36557401
chr3	99037396	0.08445849118	61.36710671
chr3	99220487	0.08469289945	61.3825703
chr3	99324356	0.07183720351	61.39136726
chr3	99373229	0.07232169826	61.39487816
chr3	99373996	0.07256046402	61.39493363
chr3	99374135	0.06657856082	61.39494372
chr3	99374142	0.06681732789	61.39494419
chr3	99374216	0.06705175	61.39494913
chr3	99374268	0.06974894957	61.39495262
chr3	99474357	0.05447099675	61.40193372
chr3	99737785	0.05118013036	61.41628291
chr3	99737786	0.05102425327	61.41628296
chr3	99737842	0.04798338478	61.41628581
chr3	99739053	0.0464581757	61.41634392
chr3	99739079	0.05200255696	61.41634513
chr3	99949526	0.0509007002	61.42728891
chr3	99949620	0.0513832195	61.4272937
chr3	100091827	0.04173815627	61.43460075
chr3	100091930	0.05598541762	61.43460505
chr3	100255151	0.07135525721	61.44374305
chr3	100255201	0.07009888332	61.44374661
chr3	100404450	0.06455450205	61.4542088
chr3	100518603	0.06167732802	61.46157789
chr3	100589360	0.05864161819	61.46594199
chr3	100589465	0.05665402918	61.46594815
chr3	100730004	1.042343188	61.47391025
chr3	100740493	1.034742217	61.48484339
chr3	100740528	4.612925985	61.48487961
chr3	100740597	7.225582152	61.4851979
chr3	100741467	2.653211219	61.49148415
chr3	100742009	0.03785785204	61.49292219
chr3	100769896	0.05743069834	61.49397794
chr3	100769967	0.05396157642	61.49398201
chr3	100769982	0.05213531821	61.49398282
chr3	100770051	0.052564948	61.49398642
chr3	100958375	0.03299210164	61.50388566
chr3	100980043	0.04224055063	61.50460053
chr3	100998657	0.04123809208	61.5053868
chr3	101035100	0.05048270118	61.50688964
chr3	101167621	0.04849879415	61.51357966
chr3	101346055	0.03841969697	61.52223349
chr3	101346165	0.04617921845	61.52223772
chr3	101346247	0.04852494076	61.5222415
chr3	101434151	0.03928033166	61.52650704
chr3	101439118	0.05479263021	61.52670215
chr3	101765332	0.05325276686	61.54457627
chr3	101766272	0.05143413528	61.54462633
chr3	101821590	0.06489358664	61.54747156
chr3	101905781	0.5165872267	61.55293502
chr3	102060499	0.5011459059	61.63286036
chr3	102060678	0.2391668127	61.63295006
chr3	102060783	0.2112575914	61.63297518
chr3	102060799	0.2115809252	61.63297856
chr3	102060800	0.2583617497	61.63297877
chr3	102061344	0.06864720281	61.63311932
chr3	102067905	0.06278023911	61.63356971
chr3	102069093	0.06632371867	61.63364429
chr3	102087750	0.0695179929	61.6348817
chr3	102088486	0.06974426014	61.63493286
chr3	102088487	0.07505120307	61.63493293
chr3	102123191	0.07531095557	61.63753751
chr3	102455093	0.046427079	61.66253337
chr3	102654774	0.04676816758	61.67180397
chr3	102659319	0.05495031958	61.67201653
chr3	102888709	0.04644262958	61.68462159
chr3	102918899	0.04756875122	61.68602369
chr3	102918927	0.04522302883	61.68602502
chr3	103109912	0.03597761327	61.69466194
chr3	103110180	0.03243413411	61.69467158
chr3	103110187	0.02646164758	61.69467181
chr3	103160628	0.07353172832	61.69600656
chr3	103238445	0.07454563066	61.70172858
chr3	103239002	0.05627607455	61.7017701
chr3	103242627	0.0598885744	61.7019741
chr3	103242651	0.05669430028	61.70197554
chr3	103385373	0.03149073873	61.71006706
chr3	103487324	0.03623959789	61.71327758
chr3	103491161	0.03731360343	61.71341663
chr3	103556614	0.0425241918	61.71585892
chr3	103556691	0.04392281674	61.71586219
chr3	104263823	0.04031031679	61.74692142
chr3	104264157	0.02828617625	61.74693488
chr3	104264609	0.01778337495	61.74694767
chr3	104551353	0.01933687776	61.75204694
chr3	104887565	0.02161104394	61.75854823
chr3	105502587	0.02223180206	61.7718395
chr3	105512672	0.0288238425	61.77206371
chr3	105747529	0.06162228581	61.77883319
chr3	105860006	0.02882384251	61.78576428
chr3	105860046	0.03985948105	61.78576543
chr3	105860202	0.039684688	61.78577165
chr3	105860240	0.05076524042	61.78577316
chr3	105860337	0.06184902222	61.78577808
chr3	106193172	0.03426357037	61.8063636
chr3	106194332	0.03286494632	61.80640335
chr3	106194333	0.02182930686	61.80640338
chr3	106194644	0.04640476055	61.80641017
chr3	106194807	0.04527863905	61.80641773
chr3	106344756	0.02070318533	61.81320722
chr3	106507979	0.03070193994	61.81658646
chr3	106509729	0.03728927731	61.81664019
chr3	106510041	0.04518067481	61.81665182
chr3	106876932	0.03416801785	61.8332282
chr3	106926032	0.03952730795	61.83490585
chr3	106926291	0.03876475747	61.83491609
chr3	106977521	0.03087335996	61.83690201
chr3	106977746	0.03077234194	61.83690896
chr3	106978747	0.05775145899	61.83693976
chr3	107115485	0.06338579291	61.84483658
chr3	107144968	0.08430268556	61.84670538
chr3	107144990	0.06745438349	61.84670724
chr3	107203040	0.07623007015	61.85062296
chr3	107228600	0.04361661917	61.8525714
chr3	107321336	0.02269972662	61.85661623
chr3	107321520	0.04670128708	61.85662041
chr3	107623414	0.04122955837	61.87071925
chr3	107700017	0.05126598838	61.87387756
chr3	107861055	0.03240029959	61.88213333
chr3	108067585	0.02236386957	61.88882496
chr3	108067645	0.01741956332	61.8888263
chr3	108095554	0.01829189245	61.88931247
chr3	108095555	0.0275455081	61.88931249
chr3	108095571	0.02989100801	61.88931293
chr3	108331960	0.03132524639	61.89637883
chr3	108391206	0.0342136642	61.89823473
chr3	108391212	0.03710209654	61.89823493
chr3	108613557	0.04642364228	61.9064844
chr3	108716117	0.05029756475	61.91124561
chr3	108829942	0.04749348309	61.91697073
chr3	108870412	0.05031738937	61.91889279
chr3	108870413	0.05236303629	61.91889284
chr3	108870846	0.05300901983	61.91891551
chr3	108912354	0.06244755468	61.92111581
chr3	108912355	0.07120101003	61.92111587
chr3	108916425	0.07261241183	61.92140566
chr3	108917075	0.07383779803	61.92145286
chr3	109303206	0.06439926245	61.94996392
chr3	109668234	0.05714661352	61.97347146
chr3	109668400	0.04315223899	61.97348094
chr3	109800969	0.04754882541	61.97920159
chr3	110176680	0.03879537081	61.99706621
chr3	110176785	0.03597146791	61.99707028
chr3	110176828	0.1450062958	61.99707183
chr3	110239582	0.1704264651	62.00617155
chr3	110246138	0.06397514476	62.00728887
chr3	110299132	0.06797101703	62.01067917
chr3	110492246	0.06575176561	62.02380532
chr3	110602172	0.06943132079	62.03103315
chr3	110672883	0.06575871457	62.03594271
chr3	110673786	0.06004375666	62.03600209
chr3	110674840	0.05915099459	62.03606538
chr3	110675180	0.05068201514	62.03608549
chr3	110897665	0.05589924299	62.04736148
chr3	110898324	0.06938584259	62.04739831
chr3	110899636	0.1322043723	62.04748935
chr3	110904106	0.1401306912	62.0480803
chr3	110904568	0.1240722634	62.04814504
chr3	111298214	0.1147117061	62.09698559
chr3	111306308	0.12706589	62.09791407
chr3	111426451	0.1477552058	62.11318015
chr3	111445396	0.1342686062	62.11597937
chr3	111445434	0.1336478481	62.11598447
chr3	111472237	0.1621458821	62.11956663
chr3	111472252	0.4295861089	62.11956907
chr3	111472254	0.4310259761	62.11956992
chr3	111486045	0.4288367137	62.1255142
chr3	111486046	0.1613964873	62.12551463
chr3	111601687	0.1328984533	62.14417868
chr3	111604346	0.07007992352	62.14453206
chr3	111604757	0.09023999326	62.14456086
chr3	111604758	0.08656043349	62.14456095
chr3	111604759	0.05524486788	62.14456104
chr3	111604917	0.04289068397	62.14456977
chr3	111605013	0.04493534331	62.14457389
chr3	111605201	0.06867756094	62.14458233
chr3	111605379	0.08925459088	62.14459456
chr3	111606201	0.1277715028	62.14466793
chr3	111779801	0.1066428057	62.16684906
chr3	111784215	0.103421338	62.16731978
chr3	111784660	0.3275912402	62.1673658
chr3	111787746	0.3074311732	62.16837675
chr3	111799733	0.06268424104	62.17206193
chr3	111842064	0.4159504312	62.17471541
chr3	111843628	0.400412727	62.17536596
chr3	111843668	0.4137020584	62.17538198
chr3	111843676	0.4150269378	62.17538529
chr3	111925606	0.06176074759	62.20938844
chr3	111927280	0.03878153993	62.20949183
chr3	111927364	0.04113440453	62.20949509
chr3	111927612	0.04920162411	62.20950529
chr3	111927613	0.05514621243	62.20950534
chr3	111928160	0.05544495803	62.2095355
chr3	112324477	0.07410122431	62.23150928
chr3	112324534	0.07943070912	62.23151351
chr3	112324536	0.07855838027	62.23151367
chr3	112324567	0.08179094177	62.2315161
chr3	112324602	0.07249833874	62.23151896
chr3	112324813	0.08905922773	62.23153426
chr3	112532058	0.08370024444	62.24999134
chr3	112533945	0.09508482388	62.25014928
chr3	112547571	0.07852393491	62.25144491
chr3	112547595	0.06198976686	62.25144679
chr3	112548189	0.7345799952	62.25148362
chr3	112552879	0.7446358219	62.2549288
chr3	112553357	0.7484415611	62.25528473
chr3	112553685	0.07721330282	62.25553022
chr3	112554378	0.08132668057	62.25558373
chr3	112554711	0.1052890255	62.25561081
chr3	112554712	0.1350657354	62.25561092
chr3	112554835	0.1721610266	62.25562753
chr3	112556101	0.1762758588	62.25584549
chr3	112556120	0.1803314849	62.25584883
chr3	112556160	0.1922490114	62.25585605
chr3	112556161	0.1921458906	62.25585624
chr3	112753655	0.1735910646	62.2938039
chr3	112753800	0.1695377286	62.29382907
chr3	112753809	0.1562874066	62.2938306
chr3	112795192	0.185613037	62.30029824
chr3	112857986	0.186241607	62.31195362
chr3	112857987	0.1985308876	62.31195381
chr3	112905370	0.7120429293	62.3213608
chr3	112919738	0.188475061	62.33159143
chr3	112919795	0.2125182747	62.33160217
chr3	112938894	0.2197197913	62.33566106
chr3	113016734	0.2202686702	62.35276405
chr3	113021177	0.2347332402	62.3537427
chr3	113073230	0.2106900264	62.36596127
chr3	113134696	0.1998239674	62.37891155
chr3	113303985	0.1972977414	62.41273955
chr3	113339606	0.220968274	62.41976749
chr3	113408875	0.3437899049	62.43507374
chr3	113409259	0.3870507754	62.43520576
chr3	113409260	0.3850061134	62.43520614
chr3	113438911	0.2621844825	62.44662196
chr3	113451157	0.1895653159	62.44983267
chr3	113451225	0.184281582	62.44984556
chr3	113451226	0.3211197874	62.44984574
chr3	113451276	0.3624769258	62.4498618
chr3	113451765	0.4115193669	62.45003905
chr3	113452569	0.4825273348	62.45036991
chr3	113452612	0.5307700281	62.45039066
chr3	113452629	0.5266615517	62.45039969
chr3	113452631	0.5225467197	62.45040074
chr3	113465737	0.5184909142	62.45724924
chr3	113465738	0.6334651336	62.45724975
chr3	113465788	1.135775342	62.45728143
chr3	113465789	1.499657646	62.45728256
chr3	113465917	1.748940665	62.45747452
chr3	113466002	2.00425841	62.45762318
chr3	113466797	2.127490322	62.45921656
chr3	113470353	2.258657609	62.46678192
chr3	113470354	2.258416154	62.46678418
chr3	113494512	2.304055175	62.521343
chr3	113494515	2.417216847	62.52134991
chr3	113494526	2.413285469	62.5213765
chr3	113494534	2.370024603	62.5213958
chr3	113494535	2.24169125	62.52139817
chr3	113494539	2.112418009	62.52140714
chr3	113494564	10.8011109	62.52145995
chr3	113494565	10.71326752	62.52147075
chr3	113494774	10.7054129	62.52370983
chr3	113494881	10.81638575	62.5248553
chr3	113495219	10.68739214	62.52851124
chr3	113495220	10.56204572	62.52852193
chr3	113495227	10.43302344	62.52859586
chr3	113495250	10.30780891	62.52883582
chr3	113495252	5.058793285	62.52885644
chr3	113495270	4.804716413	62.5289475
chr3	113495288	4.656768929	62.52903398
chr3	113495630	1.196102411	62.5306266
chr3	113495647	1.072552713	62.53064693
chr3	113495648	1.184193871	62.530648
chr3	113495724	1.296201113	62.530738
chr3	113495763	1.291389113	62.53078856
chr3	113496733	1.168157202	62.5320412
chr3	113522701	1.16435146	62.56237591
chr3	113522702	1.038373617	62.56237707
chr3	113526802	0.9214458672	62.5666344
chr3	113526818	0.8026543517	62.56664915
chr3	113526987	0.6933310108	62.5667848
chr3	113527115	0.5801693387	62.56687354
chr3	113528124	0.4691964871	62.56745893
chr3	113528390	0.5311362528	62.56758374
chr3	113528395	0.5314794791	62.5675864
chr3	113528396	0.516862861	62.56758693
chr3	113528660	0.4048556196	62.56772338
chr3	113528683	0.3462002548	62.56773269
chr3	113528692	0.2345590942	62.56773581
chr3	113528818	0.1869839671	62.56776536
chr3	113528887	0.192589745	62.56777826
chr3	113528888	0.2000362414	62.56777846
chr3	113528908	0.2297645139	62.56778246
chr3	113528918	0.2295562755	62.56778475
chr3	113529081	0.1813135823	62.56782217
chr3	113587949	0.1845324585	62.57849574
chr3	113587971	0.1929872878	62.5784998
chr3	113587977	0.2203481909	62.57850096
chr3	113587996	0.163848811	62.57850514
chr3	113590027	0.2209251254	62.57883792
chr3	113653001	0.1344872898	62.59275046
chr3	113654643	0.1644185228	62.59297129
chr3	113654661	0.1073422085	62.59297425
chr3	113714145	0.1192365654	62.59935939
chr3	113714195	0.1219004716	62.59936535
chr3	113722711	0.1239375901	62.60040346
chr3	113722718	0.1315601325	62.60040432
chr3	113722807	0.1041992299	62.60041603
chr3	113788625	0.1177330804	62.60727422
chr3	113788717	0.1269961901	62.60728505
chr3	114004573	0.126544097	62.63469794
chr3	114024298	0.07878887792	62.63719402
chr3	114024317	0.1014694955	62.63719552
chr3	114024536	0.2020713637	62.63721774
chr3	114024573	0.193622285	62.63722522
chr3	114024597	0.1836505845	62.63722986
chr3	114024666	0.1889100836	62.63724254
chr3	114061206	0.08032310758	62.64414531
chr3	114062884	0.07511240158	62.64428009
chr3	114164253	0.07973141859	62.65189416
chr3	114186882	0.07963279563	62.6536984
chr3	114186970	0.05695217453	62.65370541
chr3	114186971	0.04928463041	62.65370547
chr3	114187380	0.04907185532	62.65372563
chr3	114187383	0.04874518055	62.65372577
chr3	114187451	0.063450738	62.65372909
chr3	114187459	0.06250297119	62.6537296
chr3	114187498	0.06241866377	62.65373203
chr3	114581627	0.06177268119	62.67833304
chr3	114581628	0.0614723152	62.6783331
chr3	114687705	0.05409792038	62.6848539
chr3	114690655	0.03182003837	62.68501349
chr3	114726054	0.04212544578	62.68613989
chr3	114726077	0.03686594679	62.68614085
chr3	114824579	0.03639350601	62.68977222
chr3	114824622	0.03615473882	62.68977379
chr3	114824637	0.04959921607	62.68977433
chr3	114958287	0.04936480781	62.69640327
chr3	114958742	0.2131702467	62.69642573
chr3	114958811	0.2129397208	62.69644044
chr3	114962939	0.2614731756	62.69731945
chr3	114962945	0.288581751	62.69732102
chr3	115006396	0.2111680919	62.70986019
chr3	115013184	0.2085734697	62.7112936
chr3	115099029	0.2551799341	62.72919858
chr3	115099030	0.3782789845	62.72919884
chr3	115111090	0.3870064093	62.73376088
chr3	115111137	0.4116897309	62.73377907
chr3	115197752	0.4370977775	62.76943758
chr3	115259433	0.4140991583	62.79639821
chr3	115260593	0.3679932044	62.79687856
chr3	115260716	0.3761297351	62.79692383
chr3	115342879	0.3944407443	62.82782777
chr3	115342945	0.3690326976	62.82785381
chr3	115343005	0.3983259572	62.82787595
chr3	115343022	0.1203905535	62.82788272
chr3	115347843	0.1237834012	62.82846312
chr3	115530920	0.123577519	62.85112502
chr3	115533021	0.0979944216	62.85138465
chr3	115533637	0.07281164121	62.85144502
chr3	115534053	0.08625695169	62.85147531
chr3	115714057	0.1253476832	62.8670019
chr3	115714084	0.108141935	62.86700529
chr3	115714112	0.1000054042	62.86700832
chr3	115808429	0.02611785918	62.87644053
chr3	115808501	0.07504322595	62.87644241
chr3	115808537	1.10839631	62.87644511
chr3	115808564	2.141702411	62.87647503
chr3	115808690	6.296061091	62.87674489
chr3	115809578	2.141702411	62.88233579
chr3	115812107	0.2584037145	62.88775216
chr3	115812124	0.3299001001	62.88775655
chr3	115863298	0.2578352741	62.90463886
chr3	115863550	0.268159204	62.90470383
chr3	115863722	0.2070809785	62.90474995
chr3	115883461	0.1553800156	62.90883753
chr3	115883644	0.1038113097	62.90886596
chr3	115883855	0.1144263931	62.90888787
chr3	115883903	0.06550102623	62.90889336
chr3	115885364	0.0763527337	62.90898905
chr3	115885592	0.08304531359	62.90900646
chr3	115886059	0.0939185146	62.90904525
chr3	115886334	0.1050473353	62.90907107
chr3	115894363	0.1728364166	62.9099145
chr3	115897379	0.1733536715	62.91043577
chr3	116084740	0.1598224024	62.94291549
chr3	116084752	0.1860626968	62.94291741
chr3	116111073	0.220621058	62.94781476
chr3	116217822	0.1645157159	62.97136584
chr3	116220882	0.08610982317	62.97186926
chr3	116225317	0.07525811564	62.97225116
chr3	116225340	0.03814462031	62.97225289
chr3	116227861	0.02927141521	62.97234905
chr3	116227979	0.06911320141	62.9723525
chr3	116229988	0.07526779145	62.97249135
chr3	116231345	0.1155094166	62.97259349
chr3	116231386	0.1048943334	62.97259823
chr3	116231501	0.1468795211	62.97261029
chr3	116232143	0.2309076236	62.97270459
chr3	116301037	1.239015649	62.98861274
chr3	116301328	1.443895717	62.98897329
chr3	116319334	6.180240931	63.01497208
chr3	116319367	6.138255743	63.01517602
chr3	116319374	6.170184137	63.01521899
chr3	116320572	0.4233008966	63.02261087
chr3	116320575	0.8641027248	63.02261214
chr3	116323018	0.8238610996	63.02472314
chr3	116325443	0.8236013471	63.02672101
chr3	116325448	0.830502572	63.02672513
chr3	116328944	0.3941878663	63.02962856
chr3	116329073	0.4289101639	63.02967941
chr3	116329119	0.498490324	63.02969914
chr3	116336354	0.5732548907	63.03330572
chr3	116336378	0.3398580472	63.03331948
chr3	116336497	0.3773413635	63.03335992
chr3	116433866	0.3820624371	63.07010127
chr3	116434916	0.2484704694	63.07050244
chr3	116435021	0.2110813675	63.07052853
chr3	116435057	0.189675287	63.07053613
chr3	116435151	0.1862824395	63.07055396
chr3	116435157	0.1167022792	63.07055507
chr3	116435318	0.09998906947	63.07057386
chr3	116435486	0.1128414511	63.07059066
chr3	116436810	0.1061488712	63.07074006
chr3	116539418	0.08466801069	63.08163179
chr3	116722291	0.05896946456	63.09711528
chr3	116722520	0.04611708292	63.09712878
chr3	116722805	0.04772389232	63.09714193
chr3	116722959	0.04907256562	63.09714928
chr3	116805426	0.03520429659	63.10119614
chr3	116860001	0.02830307162	63.10311742
chr3	116967240	0.03628111352	63.10615261
chr3	117151090	0.02664001586	63.11282289
chr3	117215271	0.02191894227	63.11453268
chr3	117427541	0.02399809891	63.11918541
chr3	117428791	0.01784350886	63.11921541
chr3	117429643	0.009865466967	63.11923061
chr3	117697073	0.0117154161	63.12186893
chr3	117772509	0.06093977706	63.1227527
chr3	117847453	0.0117154161	63.12731977
chr3	118295553	0.02143405901	63.13256945
chr3	118481522	0.02830152176	63.13655552
chr3	118494544	0.03138428644	63.13692406
chr3	118675114	0.03972087288	63.14259112
chr3	118675140	0.03471277203	63.14259215
chr3	118679220	0.1211066013	63.14273378
chr3	118679755	0.1319904849	63.14279857
chr3	118679764	0.1351290962	63.14279976
chr3	118682000	0.1387844642	63.14310191
chr3	119018703	0.1194263086	63.18983105
chr3	119018877	0.1223124513	63.18985183
chr3	119020825	0.03591862202	63.1900901
chr3	119023843	0.04440743998	63.1901985
chr3	119115591	0.04717410868	63.1942728
chr3	119199160	0.05293170509	63.19821509
chr3	119201852	0.05085254884	63.19835758
chr3	119201856	0.0860238174	63.19835778
chr3	119201857	0.0935535435	63.19835787
chr3	119379153	0.07274625117	63.21494454
chr3	119379518	0.1661764964	63.21497109
chr3	119458292	0.1132862135	63.22806148
chr3	119458423	0.1047973956	63.22807632
chr3	119458684	0.03912621531	63.22810367
chr3	119458787	0.0605356903	63.2281077
chr3	119459249	0.06611641411	63.22813567
chr3	119691220	0.05752833229	63.24347276
chr3	119691739	0.06036855202	63.24350262
chr3	119691783	0.06646321715	63.24350527
chr3	119691791	0.03947228201	63.2435058
chr3	119815987	0.04200733538	63.2484081
chr3	119839891	0.03624973897	63.24941225
chr3	119855147	0.03311112755	63.24996527
chr3	120120287	0.03311299983	63.25874436
chr3	120120294	0.04113277701	63.25874459
chr3	120268399	0.05125063035	63.26483656
chr3	120297078	0.05325145388	63.26630638
chr3	120303645	0.1315575664	63.26665608
chr3	120448989	0.1287908977	63.28577718
chr3	120450458	0.1332107406	63.28596638
chr3	120450843	0.1533730113	63.28601766
chr3	120450866	0.1422135895	63.28602119
chr3	120633009	0.09151776033	63.3119244
chr3	120633138	0.07490410938	63.3119362
chr3	120633812	0.05474183864	63.31198669
chr3	120633886	0.06205356682	63.31199074
chr3	120634548	0.06135641995	63.31203182
chr3	120904980	0.06361519029	63.32862456
chr3	120930077	0.1246147522	63.33022111
chr3	120931706	0.1458056135	63.33042411
chr3	120935155	0.1563206091	63.33092699
chr3	120935184	0.224254288	63.33093152
chr3	120988438	0.2496673428	63.34287396
chr3	120989488	0.1817336637	63.34313611
chr3	120990554	0.1207341018	63.34332984
chr3	120990607	0.0879577453	63.34333624
chr3	120990652	0.1004392907	63.3433402
chr3	121002922	0.1141736793	63.34457259
chr3	121271211	0.09849173379	63.37520413
chr3	121271523	0.06765191442	63.37523486
chr3	121271550	0.05679672655	63.37523669
chr3	121272446	0.594323209	63.37528758
chr3	121273386	0.607428636	63.37584624
chr3	121274231	1.294388763	63.37635952
chr3	121274243	1.558919661	63.37637505
chr3	121285119	1.21567997	63.39332986
chr3	121285162	0.8781929601	63.39338213
chr3	121285219	0.8798975604	63.39343219
chr3	121285480	0.8832629633	63.39366185
chr3	121285994	0.8727479681	63.39411584
chr3	121286004	0.8748726853	63.39412457
chr3	121286032	0.898902813	63.39414907
chr3	121286214	0.8864212677	63.39431267
chr3	121286350	0.9055479188	63.39443322
chr3	121286391	0.3640778998	63.39447035
chr3	121288632	0.3537422266	63.39528625
chr3	121288819	0.1006501226	63.3953524
chr3	121455466	0.08350597497	63.41212544
chr3	121455538	0.08748903087	63.41213145
chr3	121650717	0.07771228178	63.42920747
chr3	121660547	0.06785364981	63.42997138
chr3	121731795	0.07353036558	63.43480582
chr3	122000529	0.0724613246	63.45456593
chr3	122046536	0.06760847211	63.45789966
chr3	122046615	0.06283218492	63.457905
chr3	122121895	0.05841701816	63.462635
chr3	122339334	0.05077965725	63.47533714
chr3	122381655	0.03174635288	63.47748619
chr3	122381687	0.03608162641	63.4774872
chr3	122381729	0.06753683932	63.47748872
chr3	122384794	0.09570321066	63.47769572
chr3	122514146	0.09654589632	63.49007512
chr3	122550415	0.1047912323	63.49357674
chr3	122550594	0.1152122366	63.4935955
chr3	122550752	0.1864158712	63.49361371
chr3	122550778	0.1996542568	63.49361855
chr3	122731521	0.1169876004	63.52970466
chr3	122797229	0.1380663406	63.53739168
chr3	122797230	0.141493569	63.53739182
chr3	122920373	0.1335184552	63.55481576
chr3	122920442	0.1628159199	63.55482498
chr3	122920453	0.1559289444	63.55482677
chr3	122920463	0.2106400281	63.55482833
chr3	122920481	0.2037925909	63.55483212
chr3	123022043	0.2227510593	63.5755297
chr3	123022061	0.1864480991	63.57553371
chr3	123022096	0.1954375004	63.57554024
chr3	123022207	4.055307244	63.57556193
chr3	123022268	4.548534481	63.5758093
chr3	123027788	4.542824367	63.60091721
chr3	123028177	4.508604203	63.60268437
chr3	123029060	4.516838184	63.60666547
chr3	123029294	3.991778334	63.60772241
chr3	123029495	4.000634838	63.60852476
chr3	123029636	4.00960363	63.60908885
chr3	123033676	0.1497338865	63.62528765
chr3	123120148	0.1425944841	63.63823544
chr3	123142619	0.1549598073	63.64143968
chr3	123232630	0.1622304089	63.65538776
chr3	123232644	0.1790813609	63.65539003
chr3	123432476	0.1700919596	63.69117622
chr3	123435207	0.6621188451	63.69164074
chr3	123440959	1.582492917	63.69544925
chr3	123445241	3.927148577	63.70222548
chr3	123445510	4.715074786	63.70328189
chr3	123445515	5.751764855	63.70330546
chr3	123445605	5.740429808	63.70382312
chr3	123446033	5.731573304	63.70628003
chr3	123448178	7.380285643	63.71857425
chr3	123448234	7.457618162	63.71898755
chr3	123448589	6.974122683	63.721635
chr3	123448631	5.885901294	63.72192791
chr3	123449010	5.427688586	63.72415867
chr3	123449015	4.263590975	63.72418581
chr3	123449286	4.246356547	63.72534124
chr3	123449404	4.253350082	63.72584231
chr3	123449427	4.257018898	63.72594014
chr3	123449472	4.274469198	63.7261317
chr3	123449473	4.015877405	63.72613598
chr3	123449538	4.033360308	63.72639701
chr3	123449648	4.218410687	63.72684068
chr3	123449651	4.30490301	63.72685334
chr3	123449655	4.313606892	63.72687056
chr3	123450192	3.525680683	63.72918696
chr3	123450718	0.6209007558	63.73104147
chr3	123477090	0.625587579	63.74741587
chr3	123477259	0.6362494784	63.74752159
chr3	123489100	1.359171389	63.75505542
chr3	123492291	1.368846039	63.75939254
chr3	123492293	1.293279499	63.75939527
chr3	123492297	1.312629108	63.75940045
chr3	123492303	1.226136786	63.75940832
chr3	123492312	1.139668792	63.75941936
chr3	123493594	1.180059614	63.76088041
chr3	123494203	0.457137704	63.76159907
chr3	123495572	0.3768078001	63.76222489
chr3	123495749	0.4232861939	63.76229159
chr3	123495813	0.3557225553	63.76231868
chr3	123495938	0.2783900358	63.76236314
chr3	123755680	0.3058427666	63.83467273
chr3	123757182	0.2917318071	63.8351321
chr3	123757197	0.2797453544	63.83513648
chr3	123762604	0.2668245501	63.83664906
chr3	123823264	0.2672571968	63.85283464
chr3	123823314	0.2559950946	63.852848
chr3	123870581	0.2462094244	63.86494812
chr3	123870597	0.2363679138	63.86495206
chr3	123871043	0.3807231357	63.86505748
chr3	123871128	1.953887531	63.86508984
chr3	123872075	4.487589923	63.86694017
chr3	123873473	2.914425527	63.87321382
chr3	123873497	2.905721646	63.87328377
chr3	123873526	0.3371922188	63.87336804
chr3	123873604	0.6241661892	63.87339434
chr3	123873631	0.6110318272	63.87341119
chr3	123889949	0.6026533077	63.88338201
chr3	123890006	0.6054271492	63.88341636
chr3	123890059	0.5779744184	63.88344845
chr3	123890720	0.5318369279	63.88383049
chr3	123890729	0.5364715146	63.88383527
chr3	123893835	0.1922659714	63.88550155
chr3	123895677	0.183828124	63.88585571
chr3	123895823	0.271318037	63.88588255
chr3	123896426	0.1096726725	63.88604615
chr3	123896460	0.1183390334	63.88604988
chr3	124061906	0.1255890806	63.9056286
chr3	124275314	0.0380991676	63.93243032
chr3	124276694	0.03775594593	63.93248289
chr3	124276695	0.03732641086	63.93248293
chr3	124322118	0.0414284773	63.93417841
chr3	124322137	0.0242110615	63.93417919
chr3	124322273	0.0342611626	63.93418249
chr3	124323493	0.04918175023	63.93422429
chr3	124323511	0.05936439528	63.93422517
chr3	124323738	0.08923516969	63.93423865
chr3	124323886	0.1153818543	63.93425185
chr3	124566459	0.1463122686	63.96224038
chr3	124570740	0.07932651782	63.96286674
chr3	124609332	0.08536978559	63.96592811
chr3	124610136	0.1335425526	63.96599675
chr3	124610154	0.1503054166	63.96599915
chr3	124685625	1.143325742	63.97734285
chr3	124685729	1.112395327	63.97746175
chr3	124685801	1.102212682	63.97754185
chr3	124685833	1.109104818	63.97757712
chr3	124686716	1.056297464	63.97855646
chr3	124686739	1.063217525	63.97858075
chr3	124688808	1.053108322	63.98078055
chr3	124689340	0.06008799858	63.9813408
chr3	124689341	0.05003789569	63.98134086
chr3	124689383	0.05713880308	63.98134296
chr3	124691551	0.06412317895	63.98146684
chr3	124828657	2.464299176	63.99025851
chr3	124828792	2.470081409	63.99059119
chr3	124830135	2.47982786	63.99390851
chr3	124830194	0.07965186262	63.99405482
chr3	124830228	0.07231889698	63.99405753
chr3	124831100	0.07282020534	63.99412059
chr3	124831246	0.0918102396	63.99413123
chr3	124831265	0.1013012505	63.99413297
chr3	125208639	0.09155480003	64.03236143
chr3	125208904	0.378778969	64.03238569
chr3	125218464	0.3830680074	64.03600682
chr3	125219740	0.3665878077	64.03649561
chr3	125219775	0.3605445402	64.03650844
chr3	125219806	0.3507672256	64.03651962
chr3	125219837	0.3438471647	64.03653049
chr3	125219956	0.3315823124	64.03657141
chr3	125220297	0.3964720661	64.03668448
chr3	125221091	0.3895799309	64.03699928
chr3	125221403	0.3988010397	64.03712083
chr3	125221438	0.09094399837	64.03713479
chr3	125221529	0.1269350472	64.03714306
chr3	125447627	0.08144771867	64.06584282
chr3	125447929	0.06524142734	64.06586742
chr3	125529028	0.03495714468	64.07115843
chr3	125546430	0.2912419544	64.07176676
chr3	125618357	0.08608558715	64.09271492
chr3	125618583	0.03495714466	64.09273437
chr3	125618986	0.04158644045	64.09274846
chr3	125620161	0.05899002869	64.09279733
chr3	125621471	0.04976892001	64.0928746
chr3	125622313	0.05642001638	64.09291651
chr3	125626682	0.06130712165	64.09316301
chr3	125750285	0.0699709028	64.10074075
chr3	125751805	0.07430733295	64.10084711
chr3	125790866	0.08042658477	64.10374963
chr3	126078580	0.1140149581	64.12688948
chr3	126104794	0.108232725	64.12987827
chr3	126175466	0.09589666303	64.13752729
chr3	126175975	0.05801925137	64.1375761
chr3	126176969	0.05136815501	64.13763377
chr3	126177334	0.05653082794	64.13765252
chr3	126177380	0.06695781462	64.13765512
chr3	126377266	0.0610739513	64.15103905
chr3	126381540	0.05618684611	64.15130008
chr3	126381575	0.06204073875	64.15130205
chr3	126382390	0.06928116683	64.15135261
chr3	126393729	0.06316191501	64.15213819
chr3	126601856	0.05996578106	64.16528389
chr3	126602521	0.06284690848	64.16532377
chr3	126604401	0.07625079226	64.16544192
chr3	126669593	0.2255393887	64.17041286
chr3	126879625	0.2587909762	64.21778335
chr3	126879635	0.2535377984	64.21778594
chr3	126890402	0.2839275316	64.22051578
chr3	126890408	0.278753723	64.22051749
chr3	126891900	0.2949765808	64.22093339
chr3	126891992	0.1415234316	64.22096052
chr3	126892951	0.1549185062	64.22109624
chr3	126946096	0.1711620468	64.22932939
chr3	127011637	0.1403522676	64.24054752
chr3	127011675	0.1124153462	64.24055285
chr3	127011766	0.1336082178	64.24056308
chr3	127011794	0.1032184847	64.24056682
chr3	127076706	0.08449993493	64.24726694
chr3	127077150	0.1343226148	64.24730446
chr3	127077306	0.1842504854	64.24732542
chr3	127077328	0.2754015546	64.24732947
chr3	127080704	0.3164190276	64.24825922
chr3	127148162	0.289372263	64.26960422
chr3	127148205	0.2373233542	64.26961666
chr3	127148974	1.219765567	64.26979916
chr3	127151194	1.120015016	64.27250704
chr3	127151271	1.296745423	64.27259328
chr3	127151405	1.305676802	64.27276705
chr3	127152729	0.5033913757	64.27449576
chr3	127152794	0.6868633262	64.27452849
chr3	127168356	0.6734682516	64.28521745
chr3	127170643	0.619211743	64.28675767
chr3	127171422	0.7192190762	64.28724004
chr3	127172145	3.698267697	64.28776004
chr3	127172901	3.514795746	64.29055593
chr3	127173206	3.279918704	64.29162794
chr3	127173321	0.2978405856	64.29200513
chr3	127186994	0.3063667785	64.2960775
chr3	127190133	0.3115383172	64.29703919
chr3	127190182	0.3143506702	64.29705445
chr3	127190211	0.3242084065	64.29706357
chr3	127190420	0.3340753445	64.29713133
chr3	127206987	0.3430263141	64.30266596
chr3	127208298	0.2679905305	64.30311566
chr3	127208310	0.1886776482	64.30311888
chr3	127563786	0.1603623469	64.37018926
chr3	127563942	0.1499894163	64.37021427
chr3	127564302	0.1463851499	64.37026827
chr3	127564442	0.136527414	64.37028876
chr3	127564451	0.1087323802	64.37028999
chr3	127564817	0.08898977081	64.37032979
chr3	127564841	0.07864299455	64.37033192
chr3	127564858	0.06829636404	64.37033326
chr3	127619129	0.06268761587	64.37403977
chr3	127619272	0.0695898222	64.37404874
chr3	127619669	0.09629562908	64.37407636
chr3	127623819	0.1003517903	64.37447599
chr3	127624296	0.1755219724	64.37452386
chr3	127624770	0.2177160209	64.37460705
chr3	127698632	0.1669959094	64.390688
chr3	127698639	0.174981343	64.39068916
chr3	127698831	0.1976019633	64.39072276
chr3	127699430	0.1411783683	64.39084112
chr3	127903474	0.1179799707	64.41964772
chr3	127904375	0.105022497	64.41975402
chr3	127967669	0.1272377607	64.42640132
chr3	127967708	0.1164953574	64.42640628
chr3	127967714	0.1314675634	64.42640698
chr3	127967720	0.1268237135	64.42640777
chr3	128048986	0.1182308311	64.43671422
chr3	128153359	0.1119681595	64.44905433
chr3	128153749	0.06541078682	64.449098
chr3	128154888	0.07515278464	64.4491725
chr3	128158516	0.08242304665	64.44944515
chr3	128158942	0.068741403	64.44948027
chr3	128160614	0.06075596996	64.4495952
chr3	128160640	0.0852884801	64.44959678
chr3	128474254	0.1007595893	64.47634444
chr3	128501310	0.1080078986	64.4790706
chr3	128501767	0.1122333717	64.47911995
chr3	128501892	0.2592309164	64.47913398
chr3	128501920	0.256418563	64.47914124
chr3	128533317	0.2812238291	64.48719202
chr3	128533409	0.2747030413	64.48721789
chr3	128533565	0.2844019047	64.48726074
chr3	128534432	0.3482918704	64.48750732
chr3	128534552	0.4330334483	64.48754911
chr3	128590651	0.424454434	64.51184186
chr3	128592170	0.3195646296	64.5124866
chr3	128592173	0.1297850067	64.51248756
chr3	128592188	0.1212365477	64.51248951
chr3	128592866	0.1912838681	64.51257171
chr3	128592944	0.2148084927	64.51258663
chr3	128592991	0.3051049583	64.51259672
chr3	128711159	2.046780721	64.54865037
chr3	128712637	2.050547842	64.55167551
chr3	128712703	2.057549781	64.55181084
chr3	128712984	2.07145003	64.55238902
chr3	128713743	0.6812508969	64.55396125
chr3	128717070	0.6971147544	64.55622777
chr3	128722907	0.4015575905	64.56029683
chr3	128725729	0.4174255801	64.56143002
chr3	128788713	0.2999481378	64.58772116
chr3	128788744	0.2811146265	64.58773045
chr3	128793201	0.7005655085	64.58898338
chr3	128801996	0.3140242057	64.59514486
chr3	128801998	0.3250294602	64.59514548
chr3	128978380	0.3028403385	64.65247483
chr3	129008930	0.5601109656	64.6617266
chr3	129008934	0.5345736437	64.66172884
chr3	129009699	0.6575624673	64.66213779
chr3	129010266	0.6379165464	64.66251063
chr3	129010938	0.6480724765	64.66293931
chr3	129022042	0.7234408876	64.67013551
chr3	129036377	0.5695108095	64.68050603
chr3	129046592	0.5544285078	64.68632358
chr3	129046598	0.5590438562	64.68632691
chr3	129067728	0.5478301617	64.69813951
chr3	129067758	0.6442626571	64.69815594
chr3	129067797	0.4702416889	64.69818107
chr3	129078270	0.5024253164	64.70310591
chr3	129078288	0.5282990051	64.70311495
chr3	129078312	0.5541770498	64.70312763
chr3	129078358	0.6038110787	64.70315312
chr3	129078848	0.5287940783	64.70344899
chr3	129078880	0.5547723504	64.70346591
chr3	129079235	0.6281200796	64.70366286
chr3	129137132	0.6436825604	64.74002913
chr3	129137208	0.5358791044	64.74007805
chr3	129137249	0.5513905451	64.74010002
chr3	129137268	0.5669032259	64.74011049
chr3	129137306	0.5824183853	64.74013204
chr3	129137384	0.5617516396	64.74017746
chr3	129137449	0.6501984084	64.74021398
chr3	129137505	0.665726958	64.74025039
chr3	129137507	0.6033578457	64.74025172
chr3	129137600	0.663241521	64.74030783
chr3	129138409	0.611026117	64.74084439
chr3	129143585	0.7172377289	64.74400707
chr3	129170232	0.7966652233	64.7631193
chr3	129170337	0.8097805195	64.76320295
chr3	129220868	0.6254669134	64.80412197
chr3	129220886	0.5954832758	64.80413323
chr3	129230297	0.5815310516	64.80973732
chr3	129231651	0.5757559152	64.81052471
chr3	129296883	0.5874139194	64.84808242
chr3	129374181	0.5648075137	64.89348834
chr3	129374369	0.5586903479	64.89359453
chr3	129374381	0.5306518481	64.89360123
chr3	129374408	0.5193981631	64.89361556
chr3	129374581	0.4829447393	64.89370542
chr3	129374822	0.4787192661	64.89382181
chr3	129375072	0.4184760177	64.89394149
chr3	129375078	0.3618401788	64.893944
chr3	129375120	0.4113221289	64.89395919
chr3	129375123	0.374969785	64.89396043
chr3	129375147	0.3640801829	64.89396943
chr3	129375847	0.3536533362	64.89422428
chr3	129380183	0.3584003682	64.89575772
chr3	129382580	0.4651760079	64.89661681
chr3	129382600	0.5186090477	64.89662611
chr3	129451617	0.4044242255	64.93241895
chr3	129451639	7.238837512	64.93242785
chr3	129451641	7.235077677	64.93244233
chr3	129451648	7.240176112	64.93249297
chr3	129451711	20.29640604	64.93294911
chr3	129451718	20.30572683	64.93309118
chr3	129452175	13.4231326	64.9423709
chr3	129452276	0.4433758473	64.94372663
chr3	129452316	0.4794822165	64.94374437
chr3	129452365	0.5585052178	64.94376786
chr3	129563660	0.5255726734	65.0059267
chr3	129563663	0.4729528024	65.00592828
chr3	129563692	0.4398420231	65.00594199
chr3	129563702	0.4391171068	65.00594639
chr3	129563765	0.4453339113	65.00597406
chr3	129563843	0.4513939064	65.00600879
chr3	129613324	0.4231586588	65.02834421
chr3	129613351	0.4003349127	65.02835564
chr3	129613388	0.4051773946	65.02837045
chr3	129613409	0.8996067495	65.02837896
chr3	129614828	0.9236737703	65.0296555
chr3	129614861	0.9010622442	65.02968598
chr3	129616311	0.941673008	65.03099252
chr3	129616315	0.9019597193	65.03099629
chr3	129618858	0.8799013095	65.03328998
chr3	129618956	0.2488725013	65.03337621
chr3	129619649	0.2557606858	65.03354867
chr3	129619854	0.2624347528	65.0336011
chr3	129753759	0.2807379807	65.06874243
chr3	129753773	0.2585186857	65.06874636
chr3	129753835	0.2516135763	65.06876239
chr3	129756210	0.2854097981	65.06935997
chr3	129756410	0.2948766481	65.06941705
chr3	129757429	0.3041077246	65.06971753
chr3	129802690	0.3045651141	65.08348175
chr3	129802695	0.3371409832	65.08348328
chr3	129802705	0.3843214529	65.08348665
chr3	129802706	0.4115985194	65.08348703
chr3	130029186	0.3493392403	65.17670586
chr3	130029224	0.3810020918	65.17671914
chr3	130138426	0.5597823716	65.21832533
chr3	130138432	0.5378062216	65.21832869
chr3	130144688	0.5529043247	65.2216932
chr3	130145177	0.5665717798	65.22196357
chr3	130145196	1.322816051	65.22197434
chr3	130145735	1.291153199	65.22268734
chr3	130146093	1.614692839	65.22314957
chr3	130155214	1.607804655	65.23787718
chr3	130155340	1.598616549	65.23807977
chr3	130156865	1.204617431	65.24051766
chr3	130156886	1.183785876	65.24054295
chr3	130157029	1.420727989	65.24071223
chr3	130157065	0.7898656867	65.24076338
chr3	130157110	0.7806637149	65.24079892
chr3	130157168	0.5776125006	65.2408442
chr3	130157216	1.05885901	65.24087193
chr3	130157239	1.052057764	65.24089628
chr3	130157315	1.040510439	65.24097624
chr3	130172473	0.801642885	65.2567483
chr3	130172494	0.5336345655	65.25676513
chr3	130172538	0.5270022545	65.25678861
chr3	130172601	0.1573601125	65.25682181
chr3	130172613	0.17219168	65.2568237
chr3	130172806	0.1892430805	65.25685693
chr3	130175100	0.1753319845	65.25729106
chr3	130175217	0.2151671419	65.25731157
chr3	130175465	0.3128894066	65.25736493
chr3	130195006	0.3065473322	65.2634791
chr3	130195071	0.3255548315	65.26349903
chr3	130195293	0.3643196306	65.2635713
chr3	130195404	0.3661405976	65.26361174
chr3	130300259	0.4065554421	65.30200341
chr3	130306259	0.388232667	65.30444275
chr3	130306339	0.5318370881	65.30447381
chr3	130306343	0.4754628994	65.30447593
chr3	130306412	0.6198008403	65.30450874
chr3	130309269	0.592230136	65.30627951
chr3	130309358	0.5998765097	65.30633222
chr3	130339418	0.5032288298	65.32436451
chr3	130339499	0.5934239475	65.32440527
chr3	130375202	0.5885814656	65.34559228
chr3	130387007	0.6759334475	65.35254049
chr3	130388093	0.8035659099	65.35327455
chr3	130389028	0.7884678068	65.35402589
chr3	130389156	0.9084939718	65.35412681
chr3	130389549	0.9274295151	65.35448385
chr3	130389566	1.019487224	65.35449961
chr3	130412791	0.8634021593	65.3781772
chr3	130419684	0.7211404558	65.38412864
chr3	130419688	0.7487615299	65.38413152
chr3	130421301	0.7086370033	65.38533927
chr3	130421302	0.7916873582	65.38533998
chr3	130421330	0.7596059736	65.38536215
chr3	130421344	0.7447744066	65.38537278
chr3	130442235	0.6388745016	65.40093187
chr3	130442246	0.6128927528	65.40093889
chr3	130442607	0.3920886403	65.40116015
chr3	130443228	0.3783112682	65.40140363
chr3	130443261	0.4117822435	65.40141612
chr3	130443284	0.4127646861	65.40142559
chr3	130443299	0.4462472052	65.40143178
chr3	130552473	0.4181232876	65.45015037
chr3	130553248	0.3905022147	65.45047442
chr3	130553477	0.2733356013	65.45056384
chr3	130553478	0.2049117328	65.45056412
chr3	130554884	0.1718555455	65.45085222
chr3	130555857	1.873974717	65.45101944
chr3	130557951	1.86379929	65.45494354
chr3	130558003	0.1447543188	65.45504046
chr3	130559613	0.1416423136	65.45527351
chr3	130593537	0.1522758472	65.46007859
chr3	130593642	0.2012805032	65.46009458
chr3	130594291	0.1672055024	65.46022521
chr3	130656071	0.1967034113	65.47055516
chr3	130668922	0.1476987552	65.473083
chr3	130669320	0.1346314487	65.47314178
chr3	130669546	0.1935961969	65.47317221
chr3	130727897	0.1313785178	65.48446874
chr3	130732110	0.07241376958	65.48502224
chr3	130808085	0.04814580408	65.49052388
chr3	130809372	0.03359411878	65.49058584
chr3	130809452	0.02486145411	65.49058853
chr3	130809774	0.03033810274	65.49059653
chr3	130813793	0.03513670981	65.49071846
chr3	130904619	0.04152694589	65.49390979
chr3	130940465	0.03089341238	65.49539836
chr3	130940800	0.0592055329	65.49540871
chr3	131019176	0.0671328635	65.500049
chr3	131019371	0.07505098903	65.5000621
chr3	131272566	0.06393149364	65.51906463
chr3	131481917	0.05754125756	65.53244875
chr3	131483234	0.05399621159	65.53252453
chr3	131483374	0.04851956302	65.53253209
chr3	131484537	0.0338075727	65.53258852
chr3	131485273	0.02588944717	65.5326134
chr3	131485325	0.01911460582	65.53261475
chr3	131485465	0.01362223674	65.53261743
chr3	131485972	0.06259306598	65.53262433
chr3	131492233	0.6067840246	65.53301623
chr3	131492253	1.161672418	65.53302836
chr3	131499012	0.07168022992	65.54088011
chr3	131561304	0.02270940058	65.54534521
chr3	131561359	0.03178089262	65.54534646
chr3	131562745	0.03711208114	65.54539051
chr3	131607462	0.05860021082	65.54705005
chr3	131607581	0.1378568618	65.54705702
chr3	131607774	0.1417729312	65.54708363
chr3	131611805	0.1839850991	65.54765512
chr3	131695723	0.1901032363	65.56309478
chr3	131695774	0.1943166443	65.56310447
chr3	131775908	0.1992358838	65.57867584
chr3	131776311	0.1768107412	65.57875614
chr3	131898218	0.1677235773	65.6003106
chr3	131956199	0.1640904532	65.61003538
chr3	131986352	0.1543508731	65.6149832
chr3	132154255	0.1580811256	65.64089918
chr3	132189985	0.1533377179	65.64654742
chr3	132190013	0.1303412819	65.64655171
chr3	132224305	0.2622823915	65.65102137
chr3	132254724	0.2520902484	65.65899974
chr3	132254734	0.1308548977	65.65900226
chr3	132255439	0.1371106662	65.65909452
chr3	132521827	0.1332697569	65.69561915
chr3	132525835	0.1198704041	65.6961533
chr3	132526717	0.1397962468	65.69625902
chr3	132549808	0.09498334746	65.69948706
chr3	132571296	0.1894768954	65.70152806
chr3	132571329	0.1852634874	65.70153431
chr3	132603427	0.2006069324	65.7074809
chr3	132613004	0.1600199549	65.70940211
chr3	132711857	0.1400941123	65.72522057
chr3	132727774	0.1432409806	65.72745044
chr3	132818880	0.1367018841	65.74050056
chr3	132843860	0.1232525761	65.74391537
chr3	132844219	0.1187076403	65.74395962
chr3	132844226	0.1239189572	65.74396045
chr3	132844231	0.06352615287	65.74396107
chr3	132844246	0.06478512982	65.74396202
chr3	132844343	0.06897199256	65.7439683
chr3	132844351	0.05546163639	65.74396886
chr3	132845146	0.05270518449	65.74401295
chr3	132845236	0.06361889592	65.74401769
chr3	132845353	0.07147966872	65.74402514
chr3	133077627	0.07925439871	65.760628
chr3	133138776	0.08994843954	65.76547433
chr3	133143215	0.1145560913	65.76587361
chr3	133153351	0.1269366922	65.76703475
chr3	133155570	0.1362401222	65.76731643
chr3	133255397	0.1400806333	65.78091687
chr3	133551908	0.1506977634	65.82245232
chr3	133551991	0.1425026369	65.82246482
chr3	133552036	0.1466282002	65.82247124
chr3	133552098	0.1417709772	65.82248033
chr3	133552122	0.1541533996	65.82248373
chr3	133558300	0.1634704812	65.82343609
chr3	133713888	0.194758523	65.84887014
chr3	133725131	0.2109317761	65.85105981
chr3	133725422	0.2652944891	65.85112119
chr3	133725449	0.2662838516	65.85112835
chr3	133726167	0.2450877788	65.85131954
chr3	133726191	0.2613365422	65.85132542
chr3	133824833	0.2559243163	65.87710418
chr3	133824888	0.2370240588	65.87711826
chr3	133824927	0.2305466645	65.8771275
chr3	133832567	0.2290765134	65.87888888
chr3	133837722	0.2227414419	65.88006977
chr3	133837893	0.2190250821	65.88010786
chr3	133899372	0.1833456764	65.8935733
chr3	133899374	0.159956997	65.89357367
chr3	133899375	0.1303714244	65.89357383
chr3	133899455	0.1075960802	65.89358426
chr3	133900073	0.104449212	65.89365075
chr3	133953228	0.06283049991	65.89920275
chr3	133953308	0.07777396074	65.89920778
chr3	133954247	0.2760911039	65.8992808
chr3	133968511	0.2839548133	65.90321897
chr3	134033869	0.3079764017	65.92177769
chr3	134033927	0.2960185063	65.92179555
chr3	134034030	0.7193918224	65.92182604
chr3	134169859	0.6751965813	66.01954031
chr3	134169869	13.01698371	66.01954706
chr3	134169872	18.47256435	66.01958611
chr3	134170410	11.65358005	66.02952435
chr3	134170535	0.6242876996	66.03098105
chr3	134170563	0.8060929289	66.03099853
chr3	134170595	0.7790796349	66.03102433
chr3	134231350	0.7970811598	66.07835731
chr3	134231434	0.5931427912	66.07842426
chr3	134231437	0.4113375598	66.07842604
chr3	134231466	0.2915567098	66.07843797
chr3	134231740	0.3776683567	66.07851786
chr3	134232199	0.3956254557	66.07869121
chr3	134436281	0.3776239339	66.15943124
chr3	134436283	2.426763704	66.159432
chr3	134437637	2.347191693	66.16271784
chr3	134437793	2.329314738	66.163084
chr3	134437863	2.311443845	66.16324705
chr3	134438064	0.2400960026	66.16371165
chr3	134438102	0.226308538	66.16372077
chr3	134438144	1.106863526	66.16373028
chr3	134438169	1.017509063	66.16375795
chr3	134442309	0.07921924805	66.16797044
chr3	134442312	0.06169996674	66.16797068
chr3	134444008	0.09838888278	66.16807532
chr3	134446116	0.06397205905	66.16828272
chr3	134446234	0.05984649563	66.16829027
chr3	134500196	0.1107611265	66.17151971
chr3	134500233	0.1362318005	66.17152381
chr3	134500304	0.1485971236	66.17153348
chr3	134645069	0.133199888	66.19304514
chr3	134645108	0.04559634104	66.19305034
chr3	134791486	0.03985509023	66.19972464
chr3	134793231	0.5741932287	66.19979418
chr3	134795879	1.440986111	66.20131465
chr3	134795889	1.439094913	66.20132906
chr3	134798644	1.42672959	66.20529376
chr3	134799557	1.433119594	66.20659637
chr3	134800135	0.031988573	66.20742471
chr3	134805284	0.03185378951	66.20758942
chr3	134807127	0.2302869296	66.20764813
chr3	134825718	0.03854661225	66.21192939
chr3	134828962	0.05317991599	66.21205444
chr3	134904567	0.06099253222	66.2160751
chr3	135036000	0.0718135864	66.22409154
chr3	135038199	0.08536879747	66.22424945
chr3	135081063	0.07073549372	66.2279087
chr3	135083737	0.1117378095	66.22809785
chr3	135253331	0.113179502	66.24704791
chr3	135253547	0.1730087353	66.24707236
chr3	135314583	0.1436804525	66.25763212
chr3	135376761	0.1358678362	66.26656588
chr3	135376858	0.1059510366	66.26657906
chr3	135376876	0.06964859942	66.26658097
chr3	135376916	0.05213472202	66.26658375
chr3	135376928	2.986956129	66.26658438
chr3	135376987	3.021139827	66.26676061
chr3	135377048	3.008562493	66.2669449
chr3	135377053	3.007541369	66.26695994
chr3	135377956	3.002507754	66.26967575
chr3	135378185	0.0676863481	66.27036333
chr3	135378322	0.1022982083	66.2703726
chr3	135380183	0.1128031066	66.27056298
chr3	135484906	0.04400754841	66.28237606
chr3	135486110	0.04837760481	66.28242904
chr3	135487989	0.09465302939	66.28251994
chr3	135488174	0.09697681817	66.28253745
chr3	135620169	0.1128378534	66.29533791
chr3	135620377	0.1209860836	66.29536138
chr3	135620466	0.1226691582	66.29537215
chr3	135621436	0.1273293232	66.29549114
chr3	135624187	0.1315784988	66.29584142
chr3	135701673	0.1333359842	66.30603691
chr3	135701690	0.1218616763	66.30603918
chr3	135701698	0.1252461073	66.30604015
chr3	135857742	0.1396002808	66.32558406
chr3	135891014	0.1362046935	66.33022884
chr3	135893105	0.1890746996	66.33051364
chr3	135932081	0.2117552819	66.33788302
chr3	135975077	0.2013608402	66.34698765
chr3	136031960	0.2025561514	66.35844165
chr3	136031961	0.2107848758	66.35844186
chr3	136031962	0.2040031666	66.35844207
chr3	136073122	0.1958549363	66.36683884
chr3	136224364	0.1901527403	66.39646033
chr3	136226641	0.1790922539	66.39689331
chr3	136226656	0.1665688877	66.396896
chr3	136227340	0.1784630913	66.39700993
chr3	136227353	0.1713173069	66.39701225
chr3	136295008	0.2468613142	66.40860272
chr3	136295011	0.2285034384	66.40860346
chr3	136295029	0.224484738	66.40860757
chr3	136295182	0.2292112676	66.40864192
chr3	136295278	0.2128393621	66.40866392
chr3	136295443	0.3073140162	66.40869904
chr3	136330280	0.3257285173	66.41940494
chr3	136330297	0.3133630699	66.41941048
chr3	136331108	0.345018784	66.41966462
chr3	136331293	0.2665842032	66.41972844
chr3	136331350	0.2869809528	66.41974364
chr3	136331358	0.3099145194	66.41974594
chr3	136393201	0.3903588667	66.43891198
chr3	136393750	0.4008203678	66.43912629
chr3	136411435	0.4544078654	66.44621479
chr3	136413054	0.5046258002	66.44695048
chr3	136480277	0.3278462037	66.48087294
chr3	136482062	0.2789394661	66.48145815
chr3	136492191	0.2561549086	66.48428352
chr3	136492217	0.202199814	66.48429018
chr3	136492335	0.1835045999	66.48431404
chr3	136492372	0.1568907432	66.48432083
chr3	136492452	0.1675046354	66.48433339
chr3	136530777	0.08865791074	66.490753
chr3	136531546	0.7040157936	66.49082118
chr3	136531697	1.422570265	66.49092748
chr3	136531715	1.416812399	66.49095309
chr3	136534761	1.428809883	66.4952687
chr3	136537497	1.427072057	66.49917793
chr3	136537541	23.16971725	66.49924072
chr3	136537706	0.3601424835	66.50306372
chr3	136565803	0.2653214423	66.51318264
chr3	136565899	0.2949723689	66.51320811
chr3	136565911	0.1802812387	66.51321165
chr3	136566482	0.21973731	66.51331459
chr3	136566799	0.2599161145	66.51338425
chr3	136620443	0.281514888	66.52732719
chr3	136707607	0.300374781	66.55186515
chr3	136707941	0.2742960549	66.55196548
chr3	136724860	0.3298685736	66.5566063
chr3	136746383	0.3308805246	66.56370606
chr3	136791243	0.2399570871	66.57854936
chr3	136792200	0.2236554777	66.578779
chr3	136794992	0.2424375127	66.57940344
chr3	136840022	0.2318236206	66.5903204
chr3	136842248	0.1523394459	66.59083644
chr3	136842252	0.1389621005	66.59083705
chr3	136842266	0.1256182878	66.590839
chr3	136849121	0.129448267	66.59170011
chr3	136849195	0.2010195558	66.59170969
chr3	136900724	0.1908631788	66.60206803
chr3	136900739	1.579077039	66.60207089
chr3	136901159	1.568926977	66.6027341
chr3	136903211	0.06336265504	66.60595354
chr3	136903853	0.2929823804	66.60599422
chr3	136904159	0.3154952447	66.60608387
chr3	136904270	0.5659768844	66.60611889
chr3	136908731	0.5788963764	66.60864371
chr3	136919919	0.3492766511	66.61512041
chr3	136920454	0.121331118	66.61530727
chr3	137067914	0.1098576658	66.63319876
chr3	137067966	0.08732155934	66.63320447
chr3	137068000	0.09627031439	66.63320744
chr3	137068024	0.0737574499	66.63320975
chr3	137073425	0.1404061194	66.63360811
chr3	137075685	0.1356795904	66.63392543
chr3	137075698	0.1264986907	66.63392719
chr3	137094411	0.1549435486	66.63629436
chr3	137128776	0.08829487905	66.641619
chr3	137138987	0.09095446217	66.64252058
chr3	137194274	0.07803497016	66.64754918
chr3	137224103	0.04959011228	66.64987688
chr3	137315275	0.05538036824	66.65439811
chr3	137389382	0.1095565005	66.65850219
chr3	137390033	0.1183673153	66.65857351
chr3	137390177	0.1479646226	66.65859055
chr3	137480244	0.1556403508	66.67191728
chr3	137480351	0.171714522	66.67193393
chr3	137480939	0.1828555762	66.6720349
chr3	137480973	0.2202648329	66.67204112
chr3	137537304	0.2581399429	66.68444886
chr3	137538227	0.3454604673	66.68468712
chr3	137538235	0.3589326855	66.68468988
chr3	137538593	0.3725931775	66.68481838
chr3	137538779	0.3815123133	66.68488769
chr3	137549309	0.4073162345	66.68890501
chr3	137708793	0.4439130385	66.75386543
chr3	137708955	0.4571228905	66.75393735
chr3	137709329	0.4699618998	66.75410831
chr3	137709854	0.4353326317	66.75435504
chr3	137711423	0.4238773495	66.75503808
chr3	137808647	1.504340602	66.79624913
chr3	137808731	2.610322449	66.79637549
chr3	137809714	2.754844524	66.79894144
chr3	137811991	2.719097024	66.80521422
chr3	137812063	2.746573601	66.80541
chr3	137812071	0.5440304203	66.80543197
chr3	137812090	0.5134824582	66.80544231
chr3	137812178	0.5120407656	66.80548749
chr3	137812287	0.538371521	66.8055433
chr3	137812330	0.5251877296	66.80556645
chr3	137835240	0.3548617325	66.8175985
chr3	137944509	0.3469156876	66.85637389
chr3	137952194	0.3403609757	66.85903994
chr3	137952322	0.3338077542	66.8590835
chr3	137952392	1.225551668	66.85910687
chr3	137953396	1.224055335	66.86033733
chr3	137953631	1.215194342	66.86062498
chr3	137953927	1.223356978	66.86098468
chr3	137954980	1.212066752	66.86227287
chr3	137954993	1.186858885	66.86228863
chr3	137955044	1.144457005	66.86234916
chr3	137955132	1.140950021	66.86244987
chr3	137955323	1.149291107	66.86266779
chr3	137956008	1.155752063	66.86345506
chr3	137956035	0.1462271513	66.86348626
chr3	137956068	0.1576633971	66.86349109
chr3	137956218	0.1511460767	66.86351474
chr3	137998204	0.1440137306	66.86986075
chr3	137998264	0.1580355231	66.8698694
chr3	137998325	0.1650257353	66.86987904
chr3	137998400	0.1591831266	66.86989141
chr3	137998428	0.2646906903	66.86989587
chr3	137998615	0.2765472954	66.86994537
chr3	137999074	0.2750019562	66.8700723
chr3	137999107	0.2825938077	66.87008138
chr3	138035767	0.2887436077	66.88044127
chr3	138035797	0.3134531994	66.88044993
chr3	138035800	0.3360170122	66.88045087
chr3	138035881	0.2601481789	66.88047809
chr3	138035927	0.2752138064	66.88049005
chr3	138035959	0.3300214796	66.88049886
chr3	138035973	0.3450400152	66.88050348
chr3	138036915	0.3690616238	66.88082851
chr3	138036996	0.3784435474	66.8808584
chr3	138037031	0.3915535478	66.88087165
chr3	138037047	0.3991219426	66.88087791
chr3	138037055	0.4142484617	66.88088111
chr3	138181999	0.4371184684	66.94092393
chr3	138185724	0.4450675086	66.9425522
chr3	138187812	0.4507351367	66.9434815
chr3	138189344	0.4616640645	66.94417203
chr3	138190488	0.426346801	66.94470017
chr3	138200914	0.4377297997	66.94914526
chr3	138204073	0.4607606526	66.95052805
chr3	138401351	0.4688444971	67.04142599
chr3	138405873	0.4691819456	67.04354611
chr3	138470306	0.4891460148	67.07377691
chr3	138485032	0.4600781031	67.08098007
chr3	138524432	0.4000359986	67.09910715
chr3	138524478	0.3854570134	67.09912555
chr3	138524769	0.3373651736	67.09923772
chr3	138524865	0.3298026585	67.09927011
chr3	138525000	0.3108786325	67.09931463
chr3	138525138	0.2987963709	67.09935753
chr3	138525187	0.2804011732	67.09937217
chr3	138525393	0.3039618412	67.09942993
chr3	138526026	0.3050527453	67.09962234
chr3	138526073	0.3217638302	67.09963668
chr3	138526798	0.2905587565	67.09986996
chr3	138526895	0.2757904546	67.09989814
chr3	138526987	0.2811066353	67.09992351
chr3	138527018	0.2716168375	67.09993223
chr3	138527062	0.2752930399	67.09994418
chr3	138527242	0.3003677591	67.09999373
chr3	138527243	0.3117857465	67.09999403
chr3	138527266	0.3130373321	67.1000012
chr3	138697218	0.3329143962	67.15320252
chr3	138697312	0.3552882644	67.15323382
chr3	138697411	0.4610238127	67.15326899
chr3	138697619	0.4554392872	67.15336489
chr3	138699677	0.4340882755	67.15430218
chr3	138757130	0.4289740349	67.17924185
chr3	138757285	0.4080750465	67.17930834
chr3	138838548	0.3845143783	67.21246975
chr3	138838714	0.3670470485	67.21253358
chr3	138838756	0.3406738302	67.21254899
chr3	138838955	0.3250546264	67.21261679
chr3	138839492	0.2990900674	67.21279134
chr3	138839877	0.8265344165	67.21290649
chr3	138840227	1.037676704	67.21319578
chr3	138840300	46.58175705	67.21327153
chr3	138840381	1.039872253	67.21704465
chr3	138842536	1.307417273	67.21928557
chr3	138842689	1.566630537	67.21948561
chr3	138843120	1.578266883	67.22016083
chr3	138843278	1.570871503	67.22041019
chr3	138850301	1.548075954	67.23144242
chr3	138850336	1.876132573	67.23149661
chr3	138851224	1.888506939	67.23316261
chr3	138853384	1.342261213	67.23724179
chr3	138856205	1.070257784	67.24102831
chr3	138856868	1.028698741	67.24173789
chr3	138856951	0.7849616149	67.24182327
chr3	138856993	0.8069787143	67.24185624
chr3	138857083	0.6124882631	67.24192887
chr3	138857122	0.6234036417	67.24195275
chr3	138857702	0.6153197973	67.24231433
chr3	138861203	0.2917282443	67.24446856
chr3	138862195	0.2693543761	67.24475796
chr3	138862299	0.2469811864	67.24478597
chr3	138862585	0.272256094	67.2448566
chr3	139026041	0.3476111671	67.2893585
chr3	139149320	0.5030490021	67.33221165
chr3	139149346	0.5332035203	67.33222473
chr3	139156982	0.5420396312	67.33629628
chr3	139159218	0.5298332601	67.33750828
chr3	139159787	0.4859197508	67.33780975
chr3	139159844	0.4565179885	67.33783745
chr3	139159923	0.4506891982	67.33787351
chr3	139159950	0.4385087014	67.33788568
chr3	139160140	0.4447245942	67.337969
chr3	139160150	0.4330882496	67.33797345
chr3	139192457	0.4341620432	67.35196523
chr3	139192461	0.4119948123	67.35196696
chr3	139193388	0.4015864402	67.35234888
chr3	139193459	0.4082323604	67.3523774
chr3	139193802	0.4423417832	67.35251742
chr3	139193947	0.4457779325	67.35258156
chr3	139194012	0.363185569	67.35261054
chr3	139195092	0.2462178541	67.35300278
chr3	139195124	0.2687584031	67.35301065
chr3	139195197	0.2756933328	67.35303027
chr3	139298980	0.2838948212	67.38164256
chr3	139301724	0.2921608309	67.38242156
chr3	139301925	0.2973683813	67.38248029
chr3	139301956	0.2590575792	67.38248951
chr3	139302259	0.2507724872	67.382568
chr3	139302260	0.2681375162	67.38256825
chr3	139302869	0.2601696236	67.38273155
chr3	139305410	0.2557118341	67.38339264
chr3	139305421	0.2900006739	67.38339545
chr3	139337203	0.26953097	67.39261225
chr3	139357073	0.2795012961	67.39796783
chr3	139392811	0.2694430293	67.40795665
chr3	139494638	0.2835322165	67.43539322
chr3	139617550	0.2914512034	67.47024274
chr3	139727078	0.2575974729	67.5021648
chr3	139727145	0.2359934805	67.50218206
chr3	139727152	0.211563881	67.50218371
chr3	139747582	0.2032854805	67.50650597
chr3	139748018	0.1866844155	67.5065946
chr3	139748117	0.1783512241	67.50661308
chr3	139748214	0.1816653687	67.50663038
chr3	139748547	0.1580260602	67.50669087
chr3	139748785	0.1431619076	67.50672848
chr3	139749300	0.1484125761	67.50680221
chr3	139749325	0.1401020618	67.50680592
chr3	139753630	0.1338861686	67.50740906
chr3	139753755	0.143686155	67.5074258
chr3	139756408	0.1223617994	67.507807
chr3	139756458	0.1157902039	67.50781312
chr3	139756475	0.1286629789	67.50781508
chr3	139978652	0.1020434555	67.53640104
chr3	139997887	0.2129915948	67.53836384
chr3	140010333	0.1983919103	67.54101474
chr3	140010497	0.2746060767	67.54104727
chr3	140029911	0.2701870703	67.54637848
chr3	140030107	0.2656085051	67.54643143
chr3	140030143	0.2521284108	67.54644099
chr3	140030157	0.4035366092	67.54644452
chr3	140058901	0.3224177568	67.55804378
chr3	140058969	0.1946001937	67.55806571
chr3	140059120	0.1948323856	67.55809509
chr3	140059418	0.08844166874	67.55815315
chr3	140059906	0.1065915427	67.55819631
chr3	140059907	0.1024931206	67.55819642
chr3	140175692	0.1081298933	67.57006358
chr3	140175777	0.08279635052	67.57007277
chr3	140263162	0.07114752382	67.57730793
chr3	140266733	0.05335300577	67.577562
chr3	140267513	0.09852957596	67.57760362
chr3	140267553	0.09509342649	67.57760756
chr3	140361043	1.792778888	67.58649784
chr3	140363014	1.745335371	67.59003141
chr3	140363216	0.04764990977	67.59038397
chr3	140397937	0.06472024647	67.59203842
chr3	140397952	0.09030726962	67.59203939
chr3	140398154	0.1283499033	67.59205763
chr3	140401717	0.1227048328	67.59251494
chr3	140402379	0.1399337786	67.59259617
chr3	140520042	0.1096677105	67.6090612
chr3	140520631	0.107472162	67.6091258
chr3	140830157	0.06833249718	67.64239122
chr3	140830620	0.03607617468	67.64242286
chr3	140830676	0.02755094713	67.64242488
chr3	140830905	0.02100298317	67.64243119
chr3	140831147	0.0555875869	67.64243627
chr3	140872537	0.04781102132	67.64473704
chr3	140873740	0.06058812929	67.64479456
chr3	140873847	0.06286852026	67.64480104
chr3	140937815	0.04914274798	67.64882262
chr3	140938648	0.05936121374	67.64886355
chr3	141162465	0.04658410574	67.6621496
chr3	141163172	0.08353051699	67.66218254
chr3	141163351	0.110592956	67.66219749
chr3	141299668	0.1426489652	67.67727319
chr3	141301154	0.1159130834	67.67748517
chr3	141301163	0.1136921996	67.67748621
chr3	141301330	0.1725497007	67.67750519
chr3	141301334	0.2314109602	67.67750589
chr3	141301369	0.3506805728	67.67751398
chr3	141301961	0.3321607306	67.67772159
chr3	141302384	0.3919521455	67.67786209
chr3	141352840	0.394156509	67.69763843
chr3	141352873	0.3241340446	67.69765144
chr3	141352891	0.3332033813	67.69765727
chr3	141352919	0.3422738998	67.6976666
chr3	141353026	0.2708591737	67.69770322
chr3	141354035	0.2752710508	67.69797652
chr3	141363963	0.2806294115	67.70070941
chr3	141364008	0.2628089779	67.70072204
chr3	141364083	0.2030175629	67.70074175
chr3	141364143	0.2508486792	67.70075393
chr3	141365018	0.2719300459	67.70097342
chr3	141441270	0.1943293613	67.72170863
chr3	141474784	0.1930777759	67.72822139
chr3	141534616	0.23799544	67.73977362
chr3	141534655	0.2543932039	67.7397829
chr3	141539712	0.2615269706	67.74106937
chr3	141539956	0.2606182682	67.74113318
chr3	141540010	0.202175442	67.74114725
chr3	141540735	0.2190286699	67.74129383
chr3	141540776	0.2564553248	67.74130281
chr3	141540906	0.2579208911	67.74133615
chr3	141639344	0.2511636506	67.76672536
chr3	141639558	0.2985195319	67.76677911
chr3	141658749	0.3035963719	67.772508
chr3	141717459	0.2562404906	67.79033215
chr3	141758970	0.2446286854	67.80096894
chr3	141759629	0.211315554	67.80113015
chr3	141759654	0.2169825026	67.80113544
chr3	141816301	0.2473574728	67.81342685
chr3	142052433	0.2027911602	67.87183586
chr3	142052444	0.1901914456	67.87183809
chr3	142052472	0.1985639372	67.87184342
chr3	142052523	0.2009310705	67.87185354
chr3	142053659	0.2074852933	67.8720818
chr3	142056840	0.2003515266	67.87274181
chr3	142059203	0.1699765564	67.87321524
chr3	142120235	0.1597463591	67.88358925
chr3	142121814	0.1291888642	67.88384149
chr3	142121836	0.1391274145	67.88384433
chr3	142217306	0.1122759503	67.89712683
chr3	142217765	0.1562864548	67.89717836
chr3	142346933	0.1500050902	67.91736557
chr3	142346960	0.2755065235	67.91736962
chr3	142385396	0.3212339621	67.92795899
chr3	142385404	0.2992279221	67.92796156
chr3	142385414	0.2869060935	67.92796455
chr3	142385416	0.218930015	67.92796513
chr3	142399903	0.2351027717	67.93113676
chr3	142400319	0.2409953661	67.93123457
chr3	142491573	0.1822700256	67.95322636
chr3	142491583	0.1868878267	67.95322818
chr3	142492342	0.1833780095	67.95337003
chr3	142492475	0.2240480844	67.95339442
chr3	142492979	0.2513636064	67.95350734
chr3	142493024	0.2375758914	67.95351865
chr3	142493090	0.2959197979	67.95353433
chr3	142493416	0.3145275965	67.9536308
chr3	142494704	0.3174282037	67.95403591
chr3	142504830	0.35426292	67.95725019
chr3	142514463	0.3614539363	67.9606628
chr3	142514517	0.3686848133	67.96068232
chr3	142518495	0.403438186	67.96214895
chr3	142604982	0.3666034697	67.99704111
chr3	142616499	0.3367104274	68.00126328
chr3	142616513	0.7397161079	68.001268
chr3	142616538	0.6503615869	68.00128649
chr3	142624645	0.630560824	68.00655897
chr3	142625384	0.214703479	68.00702495
chr3	142625465	0.233145569	68.00704234
chr3	142628007	0.2192131672	68.007635
chr3	142628032	0.2557152072	68.00764048
chr3	142628033	0.2557182801	68.00764074
chr3	142635389	0.265194176	68.0095218
chr3	142635944	0.265686303	68.00966898
chr3	142889924	0.2470785043	68.07714799
chr3	143020883	0.2281044526	68.10950514
chr3	143024675	0.2118639634	68.11037012
chr3	143024700	0.1858570222	68.11037541
chr3	143024704	0.1766167647	68.11037616
chr3	143026371	0.4167099356	68.11067058
chr3	143026392	0.4112802966	68.11067933
chr3	143027474	0.4040892802	68.11112433
chr3	143053087	6.147323084	68.12147427
chr3	143055580	0.2223637107	68.13679955
chr3	143055608	0.2050182885	68.13680577
chr3	143060391	0.5244965597	68.13778638
chr3	143074977	0.2715779729	68.14543668
chr3	143115677	0.2126377187	68.15648991
chr3	143115743	0.2183064094	68.15650394
chr3	143115816	0.03925400914	68.15651988
chr3	143118080	0.02430139934	68.15660875
chr3	143162014	0.08531742408	68.15767641
chr3	143245254	0.04807603682	68.16477823
chr3	143317605	0.02436598605	68.16825658
chr3	143318773	0.0274568092	68.16828504
chr3	143328937	0.03287894666	68.16856411
chr3	143329859	0.03830788842	68.16859442
chr3	143329861	0.04142784097	68.1685945
chr3	143329868	0.04987632015	68.16859479
chr3	143329946	0.05830801885	68.16859868
chr3	143375625	0.1080393549	68.17126213
chr3	143375964	0.1138634615	68.17129876
chr3	143375993	0.1196884654	68.17130206
chr3	143375995	0.1291348351	68.1713023
chr3	143376342	0.1385906443	68.17134711
chr3	143449805	0.08885930827	68.18152839
chr3	143453086	0.100658406	68.18181994
chr3	143456736	0.1125691226	68.18218734
chr3	143460939	0.1608574805	68.18266047
chr3	143765743	0.1780010087	68.23169047
chr3	143766463	0.1589618727	68.23181864
chr3	143766480	0.1495060634	68.23182134
chr3	143766523	0.09472103635	68.23182777
chr3	143766531	0.0967676729	68.23182852
chr3	143766594	0.08469827929	68.23183462
chr3	143767470	0.07626658068	68.23190882
chr3	143767569	0.1064094066	68.23191637
chr3	144009309	0.4492131518	68.25763978
chr3	144009378	0.4379601017	68.25767077
chr3	144010803	0.4381481272	68.25829487
chr3	144013900	0.4231720564	68.25965181
chr3	144020666	0.3942294305	68.26251499
chr3	144021398	0.7190001417	68.26280357
chr3	144023922	0.7228252284	68.26461832
chr3	144029923	0.3649062891	68.268956
chr3	144032757	0.04013557795	68.26999014
chr3	144198766	0.05199258462	68.27665301
chr3	144198863	0.09628635501	68.27665805
chr3	144199147	0.1081578993	68.2766854
chr3	144487874	0.1195282676	68.30791351
chr3	144491314	0.1041734869	68.30832468
chr3	144509896	0.0804449359	68.31026043
chr3	144510131	0.5395700769	68.31027934
chr3	144512213	0.5346228331	68.31140272
chr3	144512274	0.5315028824	68.31143534
chr3	144512310	0.5147873736	68.31145447
chr3	144512312	0.5030180892	68.3114555
chr3	144512329	0.4881586192	68.31146405
chr3	144512815	0.487269644	68.3117013
chr3	144514416	0.5049176592	68.31248141
chr3	144514455	0.5277351936	68.31250111
chr3	144517867	0.5521200996	68.31430174
chr3	144518166	0.09299495853	68.31446682
chr3	144518222	1.250531986	68.31447203
chr3	144521409	0.162871679	68.31845748
chr3	144521444	0.1744223449	68.31846318
chr3	144669152	0.1167112108	68.34422675
chr3	144669161	0.1333246799	68.3442278
chr3	144669219	0.695421206	68.34423554
chr3	144669638	0.7227516126	68.34452692
chr3	144669698	0.7913497477	68.34457028
chr3	144670016	0.7924572005	68.34482193
chr3	144675670	0.8266875248	68.34930248
chr3	144676132	0.8132317116	68.34968441
chr3	144676194	0.2961561275	68.34973483
chr3	144676273	0.3365382893	68.34975823
chr3	144693088	0.3490385282	68.35541712
chr3	144693176	0.5982497209	68.35544784
chr3	144723452	0.5525546604	68.37356045
chr3	144723476	0.5575148222	68.37357371
chr3	144812320	0.5461444539	68.42310555
chr3	144891214	0.338721536	68.46619307
chr3	144891322	0.2394100416	68.46622966
chr3	144891724	0.175707852	68.4663259
chr3	144988208	0.1374503493	68.4832789
chr3	144988272	0.1463533279	68.48328769
chr3	144988363	0.1286025436	68.48330101
chr3	144988410	0.1453789765	68.48330705
chr3	144988953	0.1617488297	68.483386
chr3	144999024	0.172986163	68.48501497
chr3	144999044	0.1564094803	68.48501843
chr3	145070191	0.2174083124	68.49614649
chr3	145070215	0.2317939065	68.49615171
chr3	145207314	0.228135751	68.52793042
chr3	145207789	0.2393453648	68.52803879
chr3	145208280	0.1591998678	68.52815631
chr3	145208306	0.1424234349	68.52816045
chr3	145208364	0.1736093083	68.52816871
chr3	145208405	0.1660018636	68.52817582
chr3	145326657	0.1119584022	68.54780588
chr3	145327311	0.08027945407	68.5478791
chr3	145343118	0.1304449536	68.54914807
chr3	145416547	0.1651391681	68.55872652
chr3	145416656	0.1171583979	68.55874452
chr3	145416659	0.0758696098	68.55874487
chr3	145418006	0.08513891066	68.55884707
chr3	145418413	0.1301876692	68.55888172
chr3	145419162	0.1657566315	68.55897923
chr3	145419193	0.1654286945	68.55898437
chr3	145521625	0.5169761425	68.57592956
chr3	145521637	4.985903226	68.57593576
chr3	145521658	4.991511595	68.57604047
chr3	145522030	7.616717157	68.57789731
chr3	145522878	4.586380127	68.58435628
chr3	145522947	4.646827491	68.58467274
chr3	145523014	4.652591628	68.58498408
chr3	145523442	2.039935461	68.58697539
chr3	145523949	2.057809429	68.58800964
chr3	145523961	2.124262404	68.58803433
chr3	145524045	0.5922563795	68.58821277
chr3	145524126	0.6132628431	68.58826074
chr3	145526289	0.6532501665	68.58958723
chr3	145532584	0.3330166359	68.59369944
chr3	145532634	0.3167023291	68.59371609
chr3	145579475	0.2632532712	68.60855074
chr3	145579547	0.3116000007	68.6085697
chr3	145580937	0.320352109	68.60900282
chr3	145618545	0.2803647856	68.62105063
chr3	145707243	0.2843882766	68.64591842
chr3	145814490	0.2686911062	68.67641821
chr3	145814650	0.2154182516	68.6764612
chr3	145815994	0.1047106786	68.67675072
chr3	145836874	0.1134380657	68.67893708
chr3	145965036	0.07501872723	68.69347553
chr3	145965060	0.08061614868	68.69347733
chr3	145965074	0.08774243287	68.69347846
chr3	145965298	0.1004352204	68.69349811
chr3	145965301	0.1229254773	68.69349842
chr3	146163018	0.1171613407	68.71780287
chr3	146342753	0.1073877257	68.73886087
chr3	146423950	0.09863561749	68.74758043
chr3	146424362	0.1040207367	68.74762107
chr3	146427552	0.122787565	68.74795289
chr3	146428240	0.1304747988	68.74803737
chr3	146430176	0.1342473136	68.74828997
chr3	146482745	0.1298323068	68.75534722
chr3	146482831	0.1597180846	68.75535838
chr3	146483326	0.154011442	68.75543744
chr3	146485373	0.1469180986	68.7557527
chr3	146485415	0.1430851716	68.75575887
chr3	146485421	0.1390127826	68.75575973
chr3	146606247	0.1356042291	68.77255609
chr3	146606270	0.115597454	68.77255921
chr3	146606345	0.3137347942	68.77256788
chr3	146624126	0.09531754586	68.7781464
chr3	146624137	0.1123683281	68.77814745
chr3	146624720	0.1124817395	68.77821296
chr3	146625518	0.1387657515	68.77830272
chr3	146625524	0.1619123547	68.77830355
chr3	146625569	0.1563251228	68.77831084
chr3	146625810	0.2725716749	68.77834851
chr3	146625838	0.2803059809	68.77835614
chr3	147102813	0.2048150947	68.91205509
chr3	147102814	0.2024820009	68.91205529
chr3	147102879	0.1792929213	68.91206845
chr3	147102934	0.1715610309	68.91207831
chr3	147103070	0.1638313437	68.91210165
chr3	147104267	0.1561209946	68.91229775
chr3	147105076	0.1451676678	68.91242406
chr3	147105228	46.41691263	68.91244612
chr3	147105279	46.40043133	68.91481338
chr3	147105309	0.8563509866	68.9162054
chr3	147105381	0.8681127708	68.91626705
chr3	147109411	0.8627276518	68.91976555
chr3	147109475	0.9137247371	68.91982076
chr3	147110159	0.1855187355	68.92044575
chr3	147209488	0.1486328255	68.93887314
chr3	147209882	0.1128949895	68.9389317
chr3	147295238	0.09296257944	68.94856797
chr3	147295272	0.0681810506	68.94857113
chr3	147366176	0.2182761797	68.95340544
chr3	147366196	0.2278427503	68.9534098
chr3	147368808	0.2239205772	68.95400493
chr3	147370416	0.3089006631	68.95436499
chr3	147370904	0.3017302812	68.95451574
chr3	147408057	0.2941927057	68.96572592
chr3	147408307	0.9759855323	68.96579947
chr3	147411829	2.893381846	68.96923689
chr3	147413753	0.8824357065	68.97480376
chr3	147413788	1.395668353	68.97483464
chr3	147413827	0.6822528875	68.97488907
chr3	147413947	0.7130146241	68.97497094
chr3	147414022	1.201503833	68.97502442
chr3	147421574	0.3091793943	68.98409818
chr3	147421608	0.323934496	68.98410869
chr3	147421735	0.3559310137	68.98414983
chr3	147533871	0.2001631671	69.02406251
chr3	147535923	0.1935894459	69.02447324
chr3	147537031	0.1615929281	69.02468774
chr3	147671628	0.1468378265	69.04643766
chr3	147673896	0.1322173395	69.04677069
chr3	147674017	0.1427822024	69.04678669
chr3	147674400	0.1281908609	69.04684138
chr3	147674837	0.1140610387	69.04689739
chr3	147679164	0.100159742	69.04739094
chr3	147679330	0.7954236899	69.04740756
chr3	147680793	0.7561404905	69.04857127
chr3	147680816	0.7688498975	69.04858866
chr3	147681120	0.756957956	69.04882239
chr3	147681917	0.743475004	69.04942569
chr3	147684636	0.04821105606	69.05144719
chr3	147694729	0.05945489709	69.05193379
chr3	147718245	0.04702000959	69.05333193
chr3	147751817	0.05432717215	69.05491048
chr3	147751850	0.06067211523	69.05491228
chr3	147752358	0.07758770628	69.0549431
chr3	147752699	0.08945477022	69.05496956
chr3	147754305	0.09807830487	69.05511322
chr3	147970445	0.06428898076	69.07631187
chr3	147971079	0.05157957409	69.07635263
chr3	148022826	0.06335358114	69.07902171
chr3	148023200	0.05278871827	69.07904541
chr3	148023492	0.07590797543	69.07906082
chr3	148182096	0.06728444079	69.09110013
chr3	148182522	0.05870167415	69.09112879
chr3	148183059	0.03558241701	69.09116032
chr3	148183096	0.01256456893	69.09116163
chr3	148183696	0.03844618222	69.09116917
chr3	148183860	0.04995410114	69.09117548
chr3	148183926	0.08432795269	69.09117877
chr3	148291223	0.2263573094	69.10022691
chr3	148291248	0.1919834576	69.10023257
chr3	148317197	0.04995410103	69.10521435
chr3	148317734	1.023777655	69.10524117
chr3	148332170	0.7718230868	69.12002043
chr3	148333142	0.05354611878	69.12077064
chr3	148333269	0.06875464667	69.12077744
chr3	148333276	0.1090460226	69.12077792
chr3	148333279	0.1625230136	69.12077825
chr3	148431720	0.1899166268	69.13677718
chr3	148431777	2.507171971	69.136788
chr3	148433369	0.1382834851	69.14077942
chr3	148433601	0.2230624185	69.1408115
chr3	148503184	0.2262491956	69.15633285
chr3	148504428	0.2411032617	69.15661431
chr3	148504561	0.6357803988	69.15664637
chr3	148505830	0.7024603899	69.15745318
chr3	148506025	0.7867112812	69.15759016
chr3	148509740	0.8691173058	69.16051279
chr3	148509878	0.9033706754	69.16063273
chr3	148515865	0.5865933502	69.16604121
chr3	148515933	0.6072702583	69.1660811
chr3	148515944	0.6804602922	69.16608778
chr3	148515953	0.7101937517	69.1660939
chr3	148554507	0.6277877276	69.19347471
chr3	148554509	0.6492524562	69.19347597
chr3	148554511	0.5731671875	69.19347727
chr3	148555252	0.5565477317	69.19390198
chr3	148555273	0.558030547	69.19391367
chr3	148555304	0.9173780218	69.19393097
chr3	148555487	1.255762768	69.19409885
chr3	148557437	1.260167923	69.19654759
chr3	148558553	1.19184168	69.19795393
chr3	148561155	1.125161689	69.20105511
chr3	148564143	1.111302568	69.20441709
chr3	148566348	1.089165172	69.20686751
chr3	148566389	0.550138578	69.20691217
chr3	148566403	0.6147440868	69.20691987
chr3	148566891	0.652406622	69.20721986
chr3	148625121	1.469213947	69.2452095
chr3	148633218	1.439304181	69.25710573
chr3	148633531	0.5879229799	69.25755623
chr3	148634273	0.533579239	69.25799247
chr3	148694257	0.8343789436	69.28999869
chr3	148694348	0.8055253495	69.29007461
chr3	148700472	0.8570540115	69.29500765
chr3	148701958	0.3836765169	69.29628123
chr3	148701970	0.4104953318	69.29628584
chr3	148875890	0.391818299	69.36767919
chr3	148875944	0.3318729321	69.36770034
chr3	148875992	0.4150222992	69.36771627
chr3	148875993	0.4391016762	69.36771669
chr3	148876016	0.464889645	69.36772679
chr3	148876022	0.472612633	69.36772958
chr3	148918132	0.4362666977	69.3876313
chr3	148918561	0.4951901939	69.38781845
chr3	148923724	0.503663901	69.39037512
chr3	148923729	0.5121351165	69.39037764
chr3	148923750	0.5187710661	69.39038839
chr3	148923832	0.5443029453	69.39043093
chr3	148923870	0.4933598513	69.39045162
chr3	148923936	0.5552401016	69.39048418
chr3	148923954	0.5449240818	69.39049417
chr3	149086077	0.5586228244	69.4788389
chr3	149343165	0.8020909368	69.62245412
chr3	149353696	1.406540508	69.63090094
chr3	149353722	1.383887559	69.63093751
chr3	149355476	1.389764047	69.63336485
chr3	149357538	1.376174358	69.63623055
chr3	149357544	1.360007339	69.6362388
chr3	149357550	3.709402994	69.63624696
chr3	149357569	3.410811084	69.63631744
chr3	149359079	3.379871058	69.64146777
chr3	149359109	0.9384860196	69.64156916
chr3	149359117	0.9329366186	69.64157667
chr3	149359121	0.9245630243	69.6415804
chr3	149359151	0.9807847461	69.64160814
chr3	149359189	1.035769018	69.64164541
chr3	149359212	0.3883960947	69.64166923
chr3	149359226	0.420714688	69.64167467
chr3	149360524	0.4458280739	69.64222076
chr3	149360568	0.4163272393	69.64224037
chr3	149360570	0.4483877142	69.64224121
chr3	149394881	0.4721405821	69.65762584
chr3	149395294	0.5193891094	69.65782083
chr3	149395450	0.5631347575	69.65790186
chr3	149473367	0.5825125697	69.70177963
chr3	149473368	0.57252349	69.70178021
chr3	149473372	0.951126097	69.7017825
chr3	149473373	0.8542127613	69.70178345
chr3	149473395	0.7896315773	69.70180224
chr3	149474953	1.374132921	69.70303249
chr3	149475636	7.225757468	69.70397102
chr3	149475680	8.125530762	69.70428896
chr3	149476262	9.279447099	69.70901801
chr3	149476263	3.395762072	69.70902729
chr3	149476411	4.528073462	69.70952987
chr3	149477585	6.292334824	69.71484583
chr3	149477631	6.278166343	69.71513527
chr3	149479459	5.124250013	69.72661176
chr3	149479650	5.117612367	69.72759049
chr3	149479669	3.955596644	69.72768773
chr3	149479672	3.944919122	69.72769959
chr3	149479676	2.150039762	69.72771537
chr3	149479678	2.145305365	69.72771967
chr3	149479780	1.201786423	69.72793849
chr3	149480881	1.171135355	69.72926166
chr3	149480966	5.050364133	69.72936121
chr3	149481170	4.450360241	69.73039148
chr3	149481911	4.012245782	69.7336892
chr3	149481914	0.1208211977	69.73370124
chr3	149481935	0.07844439143	69.73370377
chr3	149481951	0.09943017824	69.73370503
chr3	149482622	0.1040962948	69.73377175
chr3	149482663	0.1240981952	69.73377601
chr3	149485573	0.1663206652	69.73413714
chr3	149486063	0.1866973168	69.73421864
chr3	149486338	0.2071058701	69.73426998
chr3	149486573	0.3247421851	69.73431865
chr3	149486593	0.3460772674	69.73432514
chr3	149486606	0.4088953038	69.73432964
chr3	149503541	0.4243373356	69.74125428
chr3	149614861	0.420329711	69.78849152
chr3	149620428	0.4104186496	69.79083149
chr3	149657740	0.3463237798	69.80614503
chr3	149659438	0.3249830196	69.80673309
chr3	149659504	0.303647937	69.80675454
chr3	149659530	0.2824411414	69.80676243
chr3	149660802	0.2792543643	69.8071217
chr3	149661112	0.2582386897	69.80720827
chr3	149661153	0.2371075721	69.80721886
chr3	149662322	0.2466453035	69.80749603
chr3	149663743	0.2272674905	69.80784652
chr3	149663773	0.1652616324	69.80785334
chr3	149667099	0.201839546	69.808403
chr3	149667107	0.1814628944	69.80840461
chr3	149667470	0.601608189	69.80847048
chr3	149667474	0.6999998097	69.80847289
chr3	149670085	0.8019092423	69.81030059
chr3	149686890	0.8666919626	69.82377667
chr3	149687240	0.8483079209	69.82408001
chr3	149687356	0.4772860456	69.82417842
chr3	149687392	0.5441146115	69.8241956
chr3	149742439	0.4794620079	69.85414748
chr3	149742484	0.3283715261	69.85416905
chr3	149742520	0.314177225	69.85418087
chr3	149742568	0.2771359276	69.85419596
chr3	149742594	0.1599031076	69.85420316
chr3	149743065	0.1242391525	69.85427848
chr3	149743166	0.1363449837	69.85429102
chr3	149743216	0.162193654	69.85429784
chr3	149822044	0.1076030313	69.86708324
chr3	149883123	0.1329614763	69.87365553
chr3	149883585	0.1583167849	69.87371696
chr3	149883588	0.1837565444	69.87371743
chr3	149885356	0.2096055766	69.87404231
chr3	149885371	0.2353553744	69.87404546
chr3	150028072	0.209506342	69.9076309
chr3	150028600	0.1587081367	69.90774152
chr3	150028637	0.1329583389	69.9077474
chr3	150028652	0.107109669	69.90774939
chr3	150029080	0.262132792	69.90779523
chr3	150029225	0.4477183904	69.90783324
chr3	150029233	0.4348482968	69.90783682
chr3	150047901	0.4106603436	69.91595457
chr3	150048167	0.2173837414	69.91606381
chr3	150048844	0.2222543617	69.91621098
chr3	150049103	0.03666876343	69.91626854
chr3	150049109	0.0239862946	69.91626876
chr3	150049158	0.06264647604	69.91626994
chr3	150049184	0.1158045334	69.91627156
chr3	150049719	0.2043010698	69.91633352
chr3	150049814	0.2188243405	69.91635293
chr3	150050534	0.2585699745	69.91651048
chr3	150111315	0.1986785772	69.93222662
chr3	150111468	0.2181857026	69.93225702
chr3	150143351	0.1784400686	69.93921344
chr3	150144581	0.1259284972	69.93943292
chr3	150144695	0.174433843	69.93944727
chr3	150293152	0.149584422	69.9653432
chr3	150293218	0.5469777144	69.96535307
chr3	150293758	0.5274095641	69.96564844
chr3	150300582	0.4931969201	69.96924748
chr3	150300642	0.4695409953	69.96927707
chr3	150302183	0.05804400619	69.97000064
chr3	150303825	0.03121089144	69.97009594
chr3	150303910	0.03411870265	69.9700986
chr3	150303968	0.2679001038	69.97010058
chr3	150304081	1.415284458	69.97013085
chr3	150315110	1.529824323	69.98574002
chr3	150315127	1.515924702	69.98576603
chr3	150319748	1.282143301	69.99277112
chr3	150319773	1.047050865	69.99280317
chr3	150319784	1.058662524	69.99281469
chr3	150319844	1.08306259	69.99287821
chr3	150319847	1.090623695	69.99288146
chr3	150319965	0.2214589244	69.99301015
chr3	150366583	0.2350765044	70.00333412
chr3	150366598	0.2704161524	70.00333765
chr3	150367677	0.319778002	70.00362943
chr3	150377665	0.2558426379	70.00682337
chr3	150470987	0.1833636363	70.03069912
chr3	150471035	0.1811264051	70.03070792
chr3	150471044	0.1454373505	70.03070955
chr3	150637488	0.06061377339	70.05491672
chr3	150638150	0.07037655523	70.05495685
chr3	150645310	0.08344029862	70.05546074
chr3	150645383	0.07210389285	70.05546684
chr3	150807748	0.08787071551	70.06717398
chr3	150871502	0.156006116	70.07277609
chr3	150915356	0.1217236229	70.07961759
chr3	150915472	0.1694729867	70.07963171
chr3	150917730	0.1722776362	70.08001438
chr3	150927324	0.1775870188	70.08166721
chr3	150927700	0.174366729	70.08173398
chr3	150943032	0.1853848342	70.08440737
chr3	150943494	0.05373575454	70.08449302
chr3	150943572	0.06444103144	70.08449721
chr3	151042333	0.07911006208	70.09086147
chr3	151043155	0.06851854275	70.0909265
chr3	151045290	0.08370709084	70.09107279
chr3	151045520	0.0868135536	70.09109204
chr3	151047001	0.1021098563	70.09122061
chr3	151058693	0.1150219775	70.09241448
chr3	151288175	0.276227774	70.11880995
chr3	151293820	0.8058527676	70.12036926
chr3	151301972	0.896520053	70.12693857
chr3	151302474	0.9878266972	70.12738862
chr3	151306394	4.004258935	70.1312609
chr3	151306402	3.80186301	70.13129294
chr3	151306416	3.546626377	70.13134616
chr3	151307531	3.569319804	70.13530065
chr3	151308768	1.76857908	70.1397159
chr3	151308969	0.3304364077	70.14007138
chr3	151308992	0.3569045054	70.14007898
chr3	151309212	0.5934672866	70.1401575
chr3	151342660	4.236579379	70.1600078
chr3	151344268	4.166786559	70.16682022
chr3	151344309	4.22355542	70.16699106
chr3	151344357	4.124232079	70.16719379
chr3	151344399	4.146805438	70.167367
chr3	151344402	4.162461214	70.16737944
chr3	151344660	0.5637139425	70.16845336
chr3	151344878	0.5545336334	70.16857625
chr3	151448359	0.3346669786	70.22595994
chr3	151448365	0.3573157073	70.22596195
chr3	151448370	0.4129402929	70.22596374
chr3	151449075	0.4082911055	70.22625486
chr3	151449151	0.4275208987	70.22628589
chr3	151477525	0.4663761239	70.23841637
chr3	151477649	0.472434089	70.2384742
chr3	151516380	0.5459041873	70.25677204
chr3	151516944	0.5835370116	70.25707993
chr3	151517360	0.5686432761	70.25732269
chr3	151517446	0.5766571062	70.25737159
chr3	151572432	0.5171857046	70.28907966
chr3	151572469	0.4783304794	70.28909879
chr3	151572586	0.4845270331	70.28915476
chr3	151610972	0.7632150043	70.30775381
chr3	151610990	1.065186169	70.30776755
chr3	151610991	1.042391616	70.30776862
chr3	151611188	1.014709193	70.30797397
chr3	151611242	1.067020881	70.30802876
chr3	151611247	1.37205651	70.3080341
chr3	151611703	1.349470318	70.30865975
chr3	151611748	1.335658127	70.30872048
chr3	151611976	1.331707948	70.30902501
chr3	151612957	1.725705857	70.31033142
chr3	151614972	1.7201394	70.31380871
chr3	151615020	2.250172064	70.31389128
chr3	151615224	3.310487381	70.31435031
chr3	151615229	3.345362678	70.31436687
chr3	151615509	3.355007382	70.31530357
chr3	151622145	3.303092416	70.3375674
chr3	151622243	3.334006242	70.3378911
chr3	151622352	1.991530553	70.33825451
chr3	151622353	7.597855695	70.3382565
chr3	151622496	7.618621702	70.33934299
chr3	151622498	7.147971173	70.33935823
chr3	151622505	6.826302697	70.33940827
chr3	151622511	6.834285313	70.33944922
chr3	151622975	0.6119540998	70.34262033
chr3	151622977	0.6199447544	70.34262156
chr3	151623000	0.6170886787	70.34263581
chr3	151623022	0.6502973311	70.34264939
chr3	151623037	0.7277520299	70.34265914
chr3	151623119	0.7358147965	70.34271882
chr3	151623355	0.804017302	70.34289247
chr3	151718819	0.9146250702	70.41964718
chr3	151718831	0.9431160616	70.41965816
chr3	151720349	0.9574461663	70.42108981
chr3	151725800	0.971944665	70.42630884
chr3	151752177	0.9457689777	70.45194583
chr3	151752231	0.863519867	70.4519969
chr3	151752391	0.851410918	70.45213506
chr3	151752623	0.7374683843	70.45233259
chr3	151752719	0.6878032221	70.45240339
chr3	151961993	0.6769093753	70.59634272
chr3	151977339	0.6664975957	70.60673057
chr3	151977784	0.6681921912	70.60702716
chr3	151977795	0.581738943	70.60703451
chr3	151978108	0.5187343231	70.6072166
chr3	151980245	0.4955466822	70.60832513
chr3	151997346	0.4764010792	70.61679948
chr3	151997978	0.4696888943	70.61710056
chr3	151998006	0.4257956484	70.61711371
chr3	152037891	0.417493888	70.63409657
chr3	152038001	0.408773279	70.6341425
chr3	152079370	0.3927420462	70.65105304
chr3	152079516	0.3744423835	70.65111038
chr3	152080662	0.9735119733	70.65153949
chr3	152080663	0.9573878805	70.65154046
chr3	152084649	0.9778518546	70.65535661
chr3	152084650	2.835098973	70.65535759
chr3	152086611	0.948223331	70.66091722
chr3	152086612	0.9632717964	70.66091817
chr3	152086728	0.9885846536	70.66102991
chr3	152086820	0.3895150681	70.66112086
chr3	152087420	0.399384329	70.66135456
chr3	152088156	2.373191815	70.66164851
chr3	152088178	2.365395907	70.66170072
chr3	152091189	1.149085156	70.66882293
chr3	152091387	1.115892749	70.66905045
chr3	152091614	1.105533556	70.66930376
chr3	152091616	1.091369793	70.66930597
chr3	152091889	1.071813566	70.66960391
chr3	152091897	1.064078449	70.66961248
chr3	152093090	0.3163949252	70.67088193
chr3	152191668	0.2646495875	70.70207151
chr3	152232467	0.2071203177	70.71286895
chr3	152232530	0.1867807923	70.712882
chr3	152232554	0.1907182623	70.71288648
chr3	152233067	4.485040218	70.71298432
chr3	152233071	8.794315569	70.71300226
chr3	152233925	0.1491678259	70.7205126
chr3	152234008	0.1567486924	70.72052498
chr3	152234052	0.1619211956	70.72053188
chr3	152235727	0.1722590281	70.7208031
chr3	152235956	0.1579698313	70.72084255
chr3	152329753	0.1276248436	70.73565964
chr3	152331758	0.1191107745	70.73591553
chr3	152332185	0.1360423363	70.73596639
chr3	152333131	0.1244947885	70.73609509
chr3	152346149	0.1301223435	70.73771576
chr3	152457753	0.1427637789	70.75223793
chr3	152461214	0.132894518	70.75273204
chr3	152644001	0.1397993597	70.77702343
chr3	152659757	0.1553940761	70.77922611
chr3	152896316	0.2345013534	70.81598598
chr3	152896320	0.222397668	70.81598691
chr3	152947260	0.2120404856	70.82731585
chr3	152947411	0.2279892228	70.82734787
chr3	152949931	0.2220173987	70.8279224
chr3	152950366	0.1486400808	70.82801898
chr3	152951832	0.2257543706	70.82823689
chr3	152952632	0.235531897	70.82841749
chr3	152955716	0.2304307605	70.82914387
chr3	152999671	0.1533164708	70.83927245
chr3	153001593	0.1741534964	70.83956713
chr3	153001599	0.1705502384	70.83956817
chr3	153001686	0.1649226833	70.83958301
chr3	153166750	0.1605023321	70.86680581
chr3	153166781	0.1557240339	70.86681078
chr3	153169256	0.1682428525	70.8671962
chr3	153169464	0.1643032093	70.8672312
chr3	153169468	0.152541241	70.86723185
chr3	153176381	0.119896766	70.86828637
chr3	153178271	0.1281802042	70.86851298
chr3	153178274	0.1212753627	70.86851336
chr3	153178637	0.06811648628	70.86855738
chr3	153178719	0.05216774923	70.86856297
chr3	153178742	0.04826675718	70.86856417
chr3	153179002	0.04899475511	70.86857672
chr3	153329933	0.0349875164	70.87597155
chr3	153329999	0.06261582925	70.87597385
chr3	153330036	0.08709588216	70.87597617
chr3	153427776	0.08509963056	70.88448892
chr3	153463524	0.07188287036	70.88753106
chr3	153463632	0.08230780184	70.88753883
chr3	153463807	0.1153601322	70.88755323
chr3	153463938	0.1028413136	70.88756834
chr3	153473283	0.1169463384	70.8885294
chr3	153480049	0.1373764691	70.88932065
chr3	153480697	0.1930899476	70.88940967
chr3	153480705	0.250172577	70.88941122
chr3	153480733	0.270643321	70.88941822
chr3	153481330	0.2730132462	70.8895798
chr3	153734710	0.2584900898	70.95875589
chr3	153734796	0.2448767309	70.95877812
chr3	153734826	0.2017361383	70.95878547
chr3	153740423	0.1428392208	70.95991459
chr3	153741138	0.1286745136	70.96001672
chr3	153741196	0.1302597025	70.96002418
chr3	153741281	0.1515274192	70.96003525
chr3	153741301	0.1584218986	70.96003828
chr3	153817502	0.3130782088	70.97211019
chr3	153820922	0.9597425661	70.97318092
chr3	153839849	0.3245794689	70.99134597
chr3	153839973	0.3143103716	70.99138621
chr3	153936628	0.2981277889	71.02176588
chr3	153936646	0.3259660489	71.02177125
chr3	153939024	0.3829084517	71.0225464
chr3	153939243	0.4114879522	71.02263025
chr3	153939517	0.4015221347	71.022743
chr3	153940169	0.5099594695	71.02300479
chr3	154064331	0.5266814543	71.08632238
chr3	154068321	0.5205789127	71.08842384
chr3	154068324	0.4520790413	71.0884254
chr3	154068533	0.4198155639	71.08851989
chr3	154068580	0.4214849803	71.08853962
chr3	154068596	6.797626979	71.08854636
chr3	154068611	6.782733017	71.08864833
chr3	154068772	6.762475429	71.08974035
chr3	154069164	0.1677996591	71.09239124
chr3	154069171	0.1853920814	71.09239241
chr3	154069190	0.3927979762	71.09239593
chr3	154069200	0.5166920696	71.09239986
chr3	154069782	0.5314256325	71.09270058
chr3	154070443	0.5031078522	71.09305185
chr3	154096783	1.741466532	71.10630371
chr3	154098728	1.616574173	71.10969086
chr3	154098974	5.183331851	71.11008854
chr3	154098976	5.059437761	71.11009891
chr3	154099020	5.119982039	71.11032152
chr3	154099762	3.925525186	71.11412055
chr3	154099970	5.609026735	71.11493706
chr3	154100168	9.571217062	71.11604764
chr3	154101541	17.17754801	71.12918892
chr3	154101571	17.19906138	71.12970425
chr3	154101754	17.20300187	71.13285168
chr3	154101999	17.18020591	71.13706642
chr3	154102005	17.22531174	71.1371695
chr3	154102026	9.668797489	71.13753123
chr3	154102030	0.535216703	71.1375699
chr3	154102038	0.5431418705	71.13757418
chr3	154102144	0.8988038505	71.13763176
chr3	154102336	0.9190967721	71.13780433
chr3	154181640	0.9594546199	71.21069238
chr3	154182846	0.930022156	71.21184948
chr3	154182874	0.8843257544	71.21187552
chr3	154183792	0.7867090152	71.21268733
chr3	154183930	0.5646941759	71.2127959
chr3	154183949	0.5161453659	71.21280663
chr3	154184332	0.5562243546	71.21300431
chr3	154184351	0.6264181138	71.21301488
chr3	154191800	0.673815708	71.21768107
chr3	154273049	2.00262946	71.27242792
chr3	154276260	2.471559231	71.27885836
chr3	154276278	2.431428795	71.27890285
chr3	154276377	2.282285352	71.27914356
chr3	154276526	1.193324705	71.27948362
chr3	154278259	1.211619629	71.28155166
chr3	154278918	1.224401917	71.28235011
chr3	154282755	0.8443204716	71.28704814
chr3	154283789	0.8271978182	71.28792117
chr3	154284127	0.5243309033	71.28820076
chr3	154284943	0.5076089185	71.28862862
chr3	154307061	0.509141853	71.29985591
chr3	154307132	0.2663171884	71.29989206
chr3	154312506	0.280782997	71.30132325
chr3	154567526	0.1677965873	71.37292853
chr3	154567616	0.3438911008	71.37294363
chr3	154568077	0.3297575975	71.37310216
chr3	154568360	0.3345264011	71.37319549
chr3	154568422	0.3362342733	71.37321623
chr3	154570553	0.3215007104	71.37393274
chr3	154615325	0.3302296764	71.38832697
chr3	154615813	0.3229647629	71.38848812
chr3	154615822	0.2191790281	71.38849103
chr3	154619434	0.1254228438	71.3892827
chr3	154619599	0.2605437057	71.3893034
chr3	155036704	0.3408104278	71.49797748
chr3	155037949	0.325771043	71.49840179
chr3	155188869	0.1381132815	71.54756716
chr3	155188892	0.1527153652	71.54757033
chr3	155188907	0.146235445	71.54757262
chr3	155188988	0.4403747233	71.54758447
chr3	155399801	0.2775146385	71.64042119
chr3	155399861	0.2425260861	71.64043784
chr3	155403013	0.2378171194	71.64120228
chr3	155403039	0.0919748202	71.64120846
chr3	155404177	0.09726814767	71.64131313
chr3	155404262	0.0851369973	71.6413214
chr3	155404286	0.1955777091	71.64132344
chr3	155404313	0.1784451396	71.64132872
chr3	155440394	0.1742183254	71.6477672
chr3	155440495	0.1896691714	71.6477848
chr3	155440782	0.1975449346	71.64783923
chr3	155441479	0.1106538911	71.64797692
chr3	155441532	0.1073397687	71.64798278
chr3	155441550	0.1152279605	71.64798472
chr3	155446075	0.1129312286	71.64850612
chr3	155446345	0.1285728637	71.64853661
chr3	155510892	0.1470970366	71.65683561
chr3	155909137	0.3278424196	71.71541627
chr3	155909190	0.3223018936	71.71543364
chr3	155909220	0.5111641315	71.71544331
chr3	155909222	0.5432185716	71.71544433
chr3	155909850	0.7558696269	71.71578548
chr3	155914564	0.7980810864	71.71934864
chr3	155915016	0.7908579539	71.71970938
chr3	155916248	0.834619689	71.72068371
chr3	155916571	0.8785497465	71.7209533
chr3	155927198	0.6658986911	71.73028964
chr3	155927243	0.4475403982	71.73031961
chr3	155927339	0.4404874409	71.73036257
chr3	155927936	0.6400689547	71.73062554
chr3	155927970	0.4433185268	71.73064731
chr3	155927975	0.486138687	71.73064952
chr3	155999658	0.5926586268	71.7654974
chr3	156000547	0.5049668346	71.76602428
chr3	156000548	0.5030237066	71.76602478
chr3	156001428	4.474036094	71.76646744
chr3	156001582	4.384001864	71.76715644
chr3	156001959	4.33074496	71.76880921
chr3	156001990	4.280929008	71.76894347
chr3	156002138	4.356433797	71.76957704
chr3	156002357	0.5074702578	71.7705311
chr3	156002460	0.5634398916	71.77058337
chr3	156059169	0.5711518687	71.80253548
chr3	156065473	0.5129049198	71.80613603
chr3	156067866	0.4588193212	71.80736341
chr3	156068372	0.3469673801	71.80759557
chr3	156068408	0.3453821914	71.80760806
chr3	156070014	0.2700092931	71.80816274
chr3	156070107	0.2697397167	71.80818786
chr3	156076581	0.2962190235	71.80993415
chr3	156076603	0.290491696	71.80994067
chr3	156077801	0.3131868247	71.81028868
chr3	156077812	0.2783929351	71.81029212
chr3	156161015	0.357062981	71.83345525
chr3	156161031	0.2901769113	71.83346096
chr3	156215900	0.149966547	71.84938268
chr3	156235328	0.1911256579	71.85229623
chr3	156235347	0.1981234943	71.85229986
chr3	156235685	0.2051256477	71.85236683
chr3	156240218	0.3346910338	71.85329666
chr3	156240350	0.3119959047	71.85334084
chr3	156240353	0.3368340371	71.85334178
chr3	156271366	0.1849668715	71.86378801
chr3	156271392	0.2265944959	71.86379282
chr3	156271865	0.2469408836	71.8639
chr3	156278190	0.236429124	71.8654619
chr3	156278256	0.2378138134	71.8654775
chr3	156278306	0.2520589238	71.86548939
chr3	156278377	0.2496852571	71.86550729
chr3	156278578	0.2578853236	71.86555748
chr3	156278614	0.3293618533	71.86556676
chr3	156278619	0.337552872	71.86556841
chr3	156278642	0.3626658443	71.86557617
chr3	156286640	0.3990280754	71.86847677
chr3	156414587	0.4349111447	71.91953122
chr3	156414636	0.4077900136	71.91955253
chr3	156490902	0.3966071828	71.95065304
chr3	156490970	0.3854266567	71.95068001
chr3	156537096	0.3592118228	71.9684582
chr3	156537118	0.343997465	71.9684661
chr3	156537206	0.3184590795	71.96849638
chr3	156537277	0.2775276042	71.96851899
chr3	156537525	0.2775744292	71.96858781
chr3	156537527	0.3852487533	71.96858837
chr3	156537558	0.4045730726	71.96860031
chr3	156571714	0.2385793992	71.98241891
chr3	156572419	0.4324245031	71.98258711
chr3	156572440	0.4461248542	71.98259619
chr3	156728461	0.4157626895	72.05220103
chr3	156728464	0.4075663409	72.05220228
chr3	156728521	0.3882512289	72.05222551
chr3	156728838	0.3689681216	72.05234859
chr3	156728877	0.3291241598	72.05236298
chr3	156728913	0.437939879	72.05237483
chr3	156728999	0.5162410891	72.05241249
chr3	156760727	0.5085892097	72.06879179
chr3	156760847	0.4890110658	72.06885282
chr3	156762520	0.5566641105	72.06967093
chr3	156762533	6.987037869	72.06967817
chr3	156762567	6.928834725	72.06991573
chr3	156762625	6.977386482	72.0703176
chr3	156762644	7.388677176	72.07045017
chr3	156762647	7.495414939	72.07047234
chr3	156762815	7.386599219	72.07173157
chr3	156763070	7.597114542	72.07361515
chr3	156763112	1.341097849	72.07393423
chr3	156780572	1.308372242	72.0973498
chr3	156780594	0.6882284255	72.09737858
chr3	156795070	0.7666177248	72.10734138
chr3	156795106	0.9203610258	72.10736897
chr3	156796732	1.027914102	72.10886548
chr3	156797209	1.393652782	72.1093558
chr3	156797222	1.562458058	72.10937391
chr3	156797269	1.844469879	72.10944735
chr3	156818374	1.746880585	72.14837489
chr3	156818457	1.680914799	72.14851988
chr3	156818459	1.333708165	72.14852324
chr3	156818625	1.160966523	72.14874463
chr3	156819073	1.308873863	72.14926475
chr3	156819076	1.316807458	72.14926867
chr3	156819101	1.186501985	72.14930159
chr3	156824830	1.205305545	72.15609906
chr3	156826658	4.132116495	72.15830236
chr3	156828191	5.348828404	72.1646369
chr3	156828302	7.920117084	72.16523062
chr3	156829426	7.965818014	72.17413283
chr3	156829462	7.89036147	72.1744196
chr3	156829473	4.740002368	72.17450639
chr3	156829967	8.210435583	72.17684795
chr3	156830985	8.289633452	72.18520618
chr3	156831030	4.388850343	72.18557921
chr3	156831032	4.281297265	72.18558799
chr3	156831100	4.323855935	72.18587912
chr3	156831107	3.054855724	72.18590938
chr3	156831223	1.030023222	72.18626375
chr3	156837302	0.6522873712	72.19252526
chr3	156839949	0.2985976866	72.19425186
chr3	156990870	0.2298058621	72.23931652
chr3	156990907	0.1836523791	72.23932503
chr3	156990914	0.1365699417	72.23932631
chr3	157004436	0.09321463829	72.24117301
chr3	157004492	0.07193874036	72.24117823
chr3	157012994	0.04492510442	72.24178985
chr3	157020311	0.04862271641	72.24211857
chr3	157021020	0.02981915605	72.24215304
chr3	157054084	0.08630901912	72.24313899
chr3	157119320	0.07351462892	72.24876944
chr3	157119389	0.01702476582	72.24877451
chr3	157119916	0.0203025964	72.24878349
chr3	157120123	0.02440658419	72.24878769
chr3	157120837	0.9756883036	72.24880511
chr3	157124669	1.025758267	72.25254395
chr3	157124715	0.08696912414	72.25259114
chr3	157124757	0.1359636317	72.25259479
chr3	157125477	0.177643742	72.25269268
chr3	157225800	0.1408718102	72.27051444
chr3	157225827	0.1691647762	72.27051824
chr3	157225848	0.1752854502	72.27052179
chr3	157225853	0.1739032598	72.27052267
chr3	157225854	0.1785549131	72.27052284
chr3	157225855	0.1860725671	72.27052302
chr3	157226170	0.1921965119	72.27058163
chr3	157344937	0.2642630339	72.29340824
chr3	157364980	0.2722966013	72.29870486
chr3	157364988	0.3095928003	72.29870704
chr3	157420016	0.3774440991	72.31574331
chr3	157504964	0.3824206743	72.34780643
chr3	157505194	0.3938286301	72.34789439
chr3	157505575	0.419778767	72.34804444
chr3	157513291	0.4270747696	72.35128345
chr3	157513421	0.414247414	72.35133897
chr3	157533861	0.4193845796	72.35980619
chr3	157580779	0.4278044045	72.37948287
chr3	157713576	0.4520234707	72.43629402
chr3	157714253	0.4077985718	72.43660004
chr3	157714269	0.4294749038	72.43660656
chr3	157716404	0.4045594857	72.43752349
chr3	157716576	0.3741096952	72.43759307
chr3	157716797	0.3863201873	72.43767575
chr3	157824187	0.4013734437	72.47916268
chr3	157825595	0.3702436381	72.47972781
chr3	157828571	0.4575676364	72.48082966
chr3	157829037	0.4514519047	72.48104288
chr3	157830236	0.4710991794	72.48158417
chr3	157830272	0.4799675845	72.48160113
chr3	157830278	0.470975598	72.48160401
chr3	157830356	0.4948263435	72.48164075
chr3	157876718	0.5048094048	72.50458189
chr3	157876747	0.5553134273	72.50459653
chr3	157877094	0.5504052487	72.50478922
chr3	157877206	0.6346226948	72.50485087
chr3	158018001	4.720106994	72.59420257
chr3	158018435	4.708006087	72.59625109
chr3	158018881	4.688621553	72.59835087
chr3	158018895	0.5621444754	72.59841651
chr3	158018904	0.5044342891	72.59842157
chr3	158018913	0.4722414287	72.59842611
chr3	158018920	0.514230905	72.59842941
chr3	158018921	0.5416989097	72.59842993
chr3	158018922	0.535539229	72.59843047
chr3	158018923	0.5095920217	72.598431
chr3	158018946	0.5034325865	72.59844272
chr3	158018955	0.5193570216	72.59844725
chr3	158018999	0.5977657371	72.59847011
chr3	158019016	0.7062764051	72.59848027
chr3	158019022	0.7890165613	72.59848451
chr3	158019067	0.794696852	72.59852001
chr3	158019138	0.8747082191	72.59857643
chr3	158074179	1.226015125	72.64672125
chr3	158076522	1.601645153	72.6495938
chr3	158076867	1.556174462	72.65014637
chr3	158076881	1.591024739	72.65016816
chr3	158076930	1.961182363	72.65024612
chr3	158084597	1.971493106	72.6652825
chr3	158084737	1.993551911	72.66555851
chr3	158087689	1.66319725	72.67144348
chr3	158087717	1.661158482	72.67149005
chr3	158087831	1.414223146	72.67167942
chr3	158087910	1.437650724	72.67179114
chr3	158087920	1.384124651	72.67180552
chr3	158245351	1.941475039	72.88970965
chr3	158245354	2.257053886	72.88971547
chr3	158245377	2.104561516	72.88976738
chr3	158245399	2.088265379	72.88981368
chr3	158246251	5.24685595	72.89159289
chr3	158246316	5.230617271	72.89193393
chr3	158246421	5.229889273	72.89248315
chr3	158249938	5.20857219	72.91087667
chr3	158250007	5.200981173	72.91123606
chr3	158250138	7.209185042	72.91191739
chr3	158250596	7.228298803	72.91521919
chr3	158250602	6.343259928	72.91526256
chr3	158250616	6.327335494	72.91535137
chr3	158250915	6.384972066	72.91724324
chr3	158251975	1.831120713	72.92401131
chr3	158251976	1.952337414	72.92401314
chr3	158251995	1.936503065	72.92405024
chr3	158252000	6.198640815	72.92405992
chr3	158258036	0.923365428	72.96147492
chr3	158258048	0.9662277053	72.961486
chr3	158258314	0.9061239145	72.96174301
chr3	158259194	0.8907609173	72.9625404
chr3	158259212	0.9342353974	72.96255644
chr3	158259574	0.9778961367	72.96289463
chr3	158344068	1.410994198	73.04552099
chr3	158344116	1.295164286	73.04558871
chr3	158344167	1.31159294	73.04565477
chr3	158344254	15.66714127	73.04576888
chr3	158344259	15.62716564	73.04584721
chr3	158344337	15.6647812	73.04706613
chr3	158344431	63.55106845	73.04853862
chr3	158344508	1.139635862	73.05343205
chr3	158344526	1.096982717	73.05345257
chr3	158344623	1.083201742	73.05355897
chr3	158344783	1.730407092	73.05373228
chr3	158344786	1.887349442	73.05373748
chr3	158346757	1.921115255	73.05745744
chr3	158346767	1.882197725	73.05747665
chr3	158346792	2.864116944	73.05752371
chr3	158349972	2.213452868	73.0666316
chr3	158350483	4.434791569	73.06776267
chr3	158350495	4.54799607	73.06781589
chr3	158350500	4.564620094	73.06783863
chr3	158350549	3.582700874	73.0680623
chr3	158351789	0.7579914503	73.07250485
chr3	158441780	0.7702452187	73.14071726
chr3	158442348	0.7344797317	73.14115476
chr3	158442386	0.767241983	73.14118267
chr3	158442409	0.7945233733	73.14120031
chr3	158442410	0.7162156614	73.14120111
chr3	158442459	0.7577878225	73.1412362
chr3	158442535	0.7850995021	73.14129379
chr3	158442650	0.7925461212	73.14138408
chr3	158442654	0.8491495372	73.14138725
chr3	158443602	0.8108903722	73.14219224
chr3	158568700	0.704478754	73.24363301
chr3	158568718	0.6361739025	73.24364569
chr3	158572008	0.591059715	73.2457387
chr3	158572412	0.5298771795	73.24597749
chr3	158576835	0.4498924126	73.24832113
chr3	158577498	0.4935588367	73.24861941
chr3	158577608	0.5777542954	73.2486737
chr3	158577632	0.5092894362	73.24868757
chr3	158661981	0.3633131881	73.29164563
chr3	158662057	0.4603921315	73.29167324
chr3	158664536	0.5546242721	73.29281455
chr3	158737162	0.5060561003	73.33309469
chr3	158741176	0.493706383	73.335126
chr3	158742669	0.4489932153	73.3358631
chr3	158742831	0.4220352395	73.33593584
chr3	158742836	0.4202962566	73.33593795
chr3	158782692	0.3255901017	73.35268928
chr3	158783698	0.3371780158	73.35301682
chr3	158783713	1.286990196	73.35302188
chr3	158783980	1.27619062	73.35336551
chr3	158784470	1.323599468	73.35399084
chr3	158786477	1.335376304	73.3566473
chr3	158786488	1.359869197	73.35666199
chr3	158787597	0.6939767616	73.35817009
chr3	158788576	0.7188307029	73.35884949
chr3	158788896	0.727118611	73.35907952
chr3	158798932	0.7532174473	73.36637688
chr3	158801021	0.7317063483	73.36795035
chr3	158836871	0.6707671733	73.39418202
chr3	158837038	0.6472679055	73.39429404
chr3	158838336	0.6331187903	73.3951342
chr3	158936959	0.6196992058	73.45757427
chr3	158936976	0.5608268135	73.45758481
chr3	158937006	0.5359728726	73.45760163
chr3	158937029	4.768185301	73.45761396
chr3	158937051	4.734275095	73.45771886
chr3	158937106	4.674877278	73.45797924
chr3	158937299	4.664621057	73.45888149
chr3	158937315	5.740468719	73.45895613
chr3	158937651	14.9401458	73.46088493
chr3	158937753	14.90611141	73.46240882
chr3	158937889	10.61477707	73.46443605
chr3	158937964	10.59601632	73.46523216
chr3	158938052	1.411710018	73.46616461
chr3	158938167	1.410953497	73.46632696
chr3	158940240	1.445323146	73.46925186
chr3	158940282	1.395062994	73.46931257
chr3	158940811	0.3398368759	73.47005055
chr3	158941454	0.4130601634	73.47026907
chr3	158942078	0.3896535438	73.47052682
chr3	159090754	1.939616419	73.52845895
chr3	159094868	2.827906934	73.53643853
chr3	159094894	1.936827101	73.53651206
chr3	159096424	1.898799719	73.5394754
chr3	159096866	2.54702662	73.54031467
chr3	159097970	2.569921615	73.54312659
chr3	159099021	1.6816311	73.54582758
chr3	159099051	1.237004066	73.54587803
chr3	159099488	1.214175518	73.5464186
chr3	159099725	1.207635484	73.54670636
chr3	159099730	1.220464039	73.54671239
chr3	159099794	1.422080668	73.5467905
chr3	159099798	1.646763689	73.54679619
chr3	159099934	1.634952502	73.54702015
chr3	159100700	1.872818935	73.54827253
chr3	159101133	2.123350039	73.54908346
chr3	159101713	2.119684256	73.550315
chr3	159102053	2.108096342	73.55103569
chr3	159102360	1.436623734	73.55168288
chr3	159102428	1.465888832	73.55178057
chr3	159104440	1.578827407	73.55472994
chr3	159113061	1.413450149	73.56834101
chr3	159115858	1.01556895	73.57229443
chr3	159116209	0.5114018293	73.57265089
chr3	159116217	0.2867188085	73.57265498
chr3	159117424	0.5081989395	73.57300105
chr3	159117436	0.5524993275	73.57300715
chr3	159200553	0.6450360883	73.61892924
chr3	159200699	0.6472513879	73.61902341
chr3	159200708	0.6251399114	73.61902924
chr3	159200710	0.692634912	73.61903049
chr3	159200725	0.7384237648	73.61904088
chr3	159200741	0.8767673671	73.61905269
chr3	159200750	1.114065783	73.61906058
chr3	159200950	1.257263922	73.6192834
chr3	159203222	1.221617974	73.6221399
chr3	159227401	1.121818009	73.6516774
chr3	159227407	1.121852492	73.65168413
chr3	159227417	1.239464043	73.65169535
chr3	159228442	1.382843124	73.6529658
chr3	159228443	1.452647106	73.65296718
chr3	159228485	1.892754243	73.6530282
chr3	159232276	2.139327991	73.66020363
chr3	159232323	2.36702554	73.66030418
chr3	159232326	2.456812344	73.66031128
chr3	159234463	2.347522743	73.66556148
chr3	159279394	2.347304377	73.77103803
chr3	159279866	2.342899279	73.77214596
chr3	159279867	2.352078455	73.7721483
chr3	159279935	2.208734229	73.77230824
chr3	159279952	2.131356293	73.77234579
chr3	159280008	4.518350718	73.77246515
chr3	159280285	4.394367776	73.77371673
chr3	159280296	4.501443226	73.77376507
chr3	159280311	4.560144181	73.77383259
chr3	159281292	1.542022227	73.77830609
chr3	159281439	1.645662359	73.77853277
chr3	159281511	1.570662959	73.77865125
chr3	159281580	1.555589452	73.77875963
chr3	159281613	1.467444683	73.77881096
chr3	159281691	1.421867404	73.77892543
chr3	159281712	1.352559149	73.77895528
chr3	159314500	1.262772343	73.82330299
chr3	159314713	1.36941137	73.82357196
chr3	159314749	1.262335919	73.82362126
chr3	159315383	1.145350406	73.82442158
chr3	159316973	1.045930622	73.82624269
chr3	159317034	0.9006291437	73.82630649
chr3	159317061	1.017137888	73.82633081
chr3	159317181	0.9760404496	73.82645287
chr3	159317208	1.090689749	73.82647922
chr3	159349226	1.062149794	73.86140092
chr3	159349300	0.8934763258	73.86147952
chr3	159349307	0.7868372986	73.86148578
chr3	159349385	0.4947538266	73.86154715
chr3	159349562	0.4407173464	73.86163472
chr3	159349572	0.395882015	73.86163913
chr3	159349986	0.4040072023	73.86180302
chr3	159350001	0.439524797	73.86180908
chr3	159350009	0.451492002	73.8618126
chr3	159350126	0.43146778	73.86186543
chr3	159350132	0.5052563642	73.86186801
chr3	159350902	0.5467899492	73.86225706
chr3	159351060	0.4949720668	73.86234345
chr3	159352004	0.5169112655	73.86281071
chr3	159352363	0.5532456906	73.86299628
chr3	159358501	0.4915601136	73.8663921
chr3	159358828	0.3921447857	73.86655284
chr3	159453867	0.3877836471	73.90382189
chr3	159453894	0.3599321638	73.90383236
chr3	159455809	0.3882461706	73.90452163
chr3	159461347	0.3548442918	73.90667174
chr3	159461465	0.4226863585	73.90671361
chr3	159658274	0.4047149664	73.98990209
chr3	159658426	0.4670484848	73.98996361
chr3	159744240	0.4543427113	74.0300429
chr3	159750236	0.5229804122	74.03276714
chr3	159750843	0.4763432268	74.03308459
chr3	159750852	0.4982825459	74.03308888
chr3	159750853	0.4763414816	74.03308938
chr3	159752761	0.4928910778	74.03399824
chr3	159753041	0.4966375823	74.03413625
chr3	159777729	0.5004409163	74.04639723
chr3	159803422	0.5031486897	74.05925506
chr3	159803503	0.4949779728	74.05929582
chr3	159803562	0.4841942755	74.05932502
chr3	159803924	0.4483010054	74.0595003
chr3	159803983	0.358297382	74.05952675
chr3	159804015	0.3208690841	74.05953822
chr3	159804176	0.3195172848	74.05958988
chr3	159804525	0.3305716921	74.05970139
chr3	159804531	0.3344579056	74.05970337
chr3	159804536	0.3237048243	74.05970504
chr3	159804567	0.3127246174	74.05971508
chr3	159806759	0.6174530195	74.06040057
chr3	159806878	0.6023571996	74.06047405
chr3	159807051	1.409692877	74.06057825
chr3	159808192	2.218522192	74.06218671
chr3	159811093	2.19775531	74.06862265
chr3	159811586	2.201670835	74.06970614
chr3	159811653	1.407912836	74.06985365
chr3	159811699	1.399887797	74.06991842
chr3	159811717	1.379269826	74.06994361
chr3	159812753	0.5722423058	74.07137254
chr3	159812821	7.661952433	74.07141145
chr3	159812942	7.665263018	74.07233855
chr3	159813025	7.687987785	74.07297476
chr3	159813341	0.5856573674	74.07540417
chr3	159813627	0.5896702887	74.07557167
chr3	159820243	0.342053184	74.07947292
chr3	159820271	0.3506030105	74.0794825
chr3	159885188	0.3231414923	74.1022426
chr3	159975362	0.2475329908	74.13138156
chr3	159975379	0.252744315	74.13138577
chr3	159975671	0.2308896501	74.13145957
chr3	159976004	0.2126272955	74.13153645
chr3	159976089	0.2342226115	74.13155453
chr3	159976123	0.2463428623	74.13156249
chr3	159994139	0.2394900574	74.1360006
chr3	159994182	0.2475329609	74.1360109
chr3	159994192	0.2913883478	74.13601338
chr3	159994211	0.2917049405	74.13601891
chr3	159994262	0.2970595538	74.13603379
chr3	159994266	0.302054462	74.13603498
chr3	159994314	0.5361803822	74.13604948
chr3	160001667	0.5415931718	74.13999201
chr3	160001684	0.5479885703	74.14000122
chr3	160011480	0.3330829133	74.14536931
chr3	160012826	0.336506632	74.14581764
chr3	160075863	0.3928213971	74.16703001
chr3	160075873	0.3476570318	74.16703394
chr3	160163717	0.3547665194	74.19757353
chr3	160163775	0.3128033005	74.1975941
chr3	160164093	0.3217057125	74.19769357
chr3	160173140	0.328937922	74.20060405
chr3	160173171	0.3361793449	74.20061424
chr3	160190332	0.3503813632	74.20638342
chr3	160193345	0.3832114384	74.20743911
chr3	160280683	0.3753461186	74.24090804
chr3	160280686	0.3831435766	74.24090916
chr3	160452826	0.373357283	74.3068635
chr3	160452856	0.3673781106	74.3068747
chr3	160577920	0.3610582656	74.35282047
chr3	160578050	0.3390202369	74.35286741
chr3	160578411	0.3316795041	74.3529898
chr3	160578479	0.338831331	74.35301235
chr3	160578483	0.3203503529	74.35301371
chr3	160578516	0.3066157568	74.35302428
chr3	160578520	0.2845997932	74.35302551
chr3	160651908	0.2835860098	74.37391171
chr3	160682611	0.2575397737	74.38261866
chr3	160683214	0.2467723723	74.38277395
chr3	160683229	0.2146502922	74.38277765
chr3	160683231	0.2264271677	74.38277808
chr3	160683274	0.2212158433	74.38278782
chr3	160732832	0.3763406647	74.39375083
chr3	160732925	0.3586538841	74.39378583
chr3	160737711	0.3549073797	74.39550235
chr3	160740270	0.3481992225	74.39641056
chr3	160747586	0.3751238684	74.39895799
chr3	160747686	1.165514808	74.3989955
chr3	160752484	0.3911858911	74.40458764
chr3	160753743	0.2249512381	74.40508014
chr3	160753751	0.3501146658	74.40508194
chr3	160753771	0.3780912058	74.40508894
chr3	160753798	0.3648110081	74.40509915
chr3	160753802	0.3718711047	74.40510061
chr3	160753813	0.3889185706	74.4051047
chr3	160753838	0.39395703	74.40511442
chr3	160753866	0.612021551	74.40512545
chr3	160753888	0.7417221489	74.40513892
chr3	160804913	0.7729395308	74.44298529
chr3	160878073	0.8027617691	74.49953355
chr3	160878137	0.706812666	74.49958492
chr3	160878171	0.7522682509	74.49960896
chr3	160885634	0.7242917108	74.50522313
chr3	160892067	0.8592721464	74.5098825
chr3	160927123	0.9318044412	74.54000515
chr3	160927254	0.9479709442	74.54012721
chr3	160927268	0.8134827175	74.54014048
chr3	160927309	0.7922103774	74.54017384
chr3	160947025	0.8922388428	74.55579306
chr3	160988671	0.9208054397	74.59295124
chr3	160992382	1.375040752	74.59636835
chr3	160992659	1.820957651	74.59674923
chr3	160996478	3.330478458	74.60370347
chr3	160996501	3.277204374	74.60378007
chr3	160996544	3.31779044	74.60392099
chr3	160996563	4.166828532	74.60398403
chr3	160996640	4.664025537	74.60430487
chr3	161000697	4.686383404	74.62322683
chr3	161000875	4.672620424	74.624061
chr3	161000908	3.823582333	74.6242152
chr3	161000932	1.880520293	74.62430696
chr3	161001341	1.747857573	74.6250761
chr3	161001348	1.888445567	74.62508833
chr3	161001775	1.904579311	74.6258947
chr3	161001801	1.950550185	74.62594422
chr3	161001803	1.9965222	74.62594812
chr3	161001865	2.056827133	74.6260719
chr3	161001998	2.201468581	74.62634546
chr3	161010225	1.682070159	74.64445694
chr3	161081650	1.604234689	74.7645988
chr3	161081720	1.525684782	74.7647111
chr3	161082049	1.412346829	74.76521305
chr3	161082454	1.723739629	74.76578505
chr3	161087439	1.683153563	74.77437789
chr3	161087842	1.690616256	74.7750562
chr3	161090188	1.649091374	74.77902239
chr3	161090330	1.645667656	74.77925656
chr3	161090711	1.655135817	74.77988356
chr3	161090817	1.674707974	74.780059
chr3	161090819	1.719847469	74.78006235
chr3	161092405	1.668767388	74.78279003
chr3	161094216	1.673583545	74.78581217
chr3	161094301	1.173133266	74.78595442
chr3	161094345	1.220157324	74.78600604
chr3	161094355	1.18529931	74.78601824
chr3	161164112	1.117737814	74.86870117
chr3	161164194	1.096160822	74.86879282
chr3	161165698	0.9381519592	74.87044145
chr3	161165739	0.9470007733	74.87047991
chr3	161165805	1.614207514	74.87054241
chr3	161165810	1.351428305	74.87055049
chr3	161165813	1.384891121	74.87055454
chr3	161165822	1.382183347	74.870567
chr3	161166949	1.395948028	74.87212472
chr3	161171382	0.7344686423	74.87831296
chr3	161171383	0.6931733895	74.8783137
chr3	161172325	0.6332855692	74.87896667
chr3	161172545	0.6268332741	74.87910599
chr3	161173142	0.6540760881	74.87948021
chr3	161173270	0.6594131846	74.87956393
chr3	161174977	0.6684159239	74.88068955
chr3	161225834	0.6069611186	74.91468318
chr3	161340159	0.5960861868	74.98407401
chr3	161340315	0.6114837464	74.984167
chr3	161578412	0.6050851865	75.12975944
chr3	161579368	0.557540554	75.1303379
chr3	161579420	0.5011672216	75.13036689
chr3	161579903	0.4957343103	75.13060896
chr3	161580064	0.5416105193	75.13068877
chr3	161580103	0.554776743	75.13070989
chr3	161580369	1.203203745	75.13085747
chr3	161580371	1.229362672	75.13085987
chr3	161581312	1.206637905	75.1320167
chr3	161581402	1.161356749	75.1321253
chr3	161581403	5.927597722	75.13212646
chr3	161581555	5.919460754	75.13302746
chr3	161581557	5.939024566	75.13303929
chr3	161581575	5.967463284	75.1331462
chr3	161582177	2.038384272	75.13673861
chr3	161582551	2.074836803	75.13750097
chr3	161582639	2.208495159	75.13768355
chr3	161585055	2.199695777	75.14301928
chr3	161585949	1.568003129	75.1449858
chr3	161585983	1.58552366	75.14503912
chr3	161586629	0.7568914706	75.14606336
chr3	161590938	0.754808068	75.14932481
chr3	161711295	0.6684597374	75.24017124
chr3	161711468	0.6570430435	75.24028689
chr3	161740733	0.6869659097	75.25951525
chr3	161740772	0.6705739099	75.25954204
chr3	161741536	0.7145359247	75.26005436
chr3	161741585	0.745124725	75.26008937
chr3	161796264	0.7106740942	75.30083205
chr3	161796540	0.6246784494	75.3010282
chr3	161796541	0.6811354648	75.30102882
chr3	161811812	0.7544025401	75.31143044
chr3	161860194	0.8213549275	75.34792994
chr3	161860216	2.706419061	75.34794801
chr3	161860295	2.680121061	75.34816182
chr3	161860381	2.666838696	75.34839231
chr3	161860566	2.661528817	75.34888568
chr3	161860842	2.64837569	75.34962026
chr3	161860867	2.623711512	75.34968647
chr3	161861000	2.572567777	75.35003542
chr3	161861789	2.559374243	75.35206518
chr3	161861884	32.66433664	75.35230832
chr3	161862028	32.63371991	75.35701198
chr3	161862096	21.4419923	75.35923107
chr3	161862115	21.42881413	75.35963847
chr3	161862163	21.35554706	75.36066706
chr3	161862173	6.70072852	75.36088061
chr3	161862187	6.670139719	75.36097442
chr3	161862442	6.774331849	75.36267531
chr3	161862661	6.744066029	75.36415889
chr3	161862692	0.5543504118	75.36436795
chr3	161862898	1.071896779	75.36448215
chr3	161864019	1.028968108	75.36568374
chr3	161864483	1.023631012	75.36616119
chr3	161865066	2.502012411	75.36675796
chr3	161865079	2.494480578	75.36679049
chr3	161865082	3.213343926	75.36679797
chr3	161865339	4.004650342	75.3676238
chr3	161870001	2.556436579	75.38629348
chr3	161870004	2.701419208	75.38630115
chr3	161870015	2.834137623	75.38633087
chr3	161870026	0.8610261132	75.38636204
chr3	161870268	0.8928089919	75.38657041
chr3	161915660	0.9558457451	75.4270968
chr3	161915726	1.049734323	75.42715988
chr3	161917481	1.145000133	75.42900217
chr3	161927483	1.320105757	75.44045446
chr3	161927486	1.62977442	75.44045842
chr3	161927491	2.168883577	75.44046657
chr3	161927696	2.164034303	75.44091119
chr3	161986161	2.101161351	75.56743145
chr3	161986181	1.817986109	75.56747348
chr3	161986190	1.755144216	75.56748984
chr3	161986201	11.16603837	75.56750914
chr3	161986339	11.34746699	75.56905006
chr3	161986341	11.67649576	75.56907275
chr3	161986361	11.62426853	75.56930628
chr3	161986444	15.18438363	75.5702711
chr3	161986449	15.12182096	75.57034702
chr3	161986587	15.6392782	75.57243383
chr3	161986593	6.228384045	75.57252767
chr3	161987400	6.175621985	75.57755397
chr3	161987497	4.493640407	75.57815301
chr3	161987510	4.462239786	75.57821142
chr3	161988299	4.824695132	75.58173213
chr3	161988352	19.17773386	75.58198784
chr3	161989104	19.78428936	75.5964095
chr3	161989353	21.24571021	75.60133578
chr3	161989422	24.52385091	75.60280174
chr3	161989435	18.35262891	75.60312055
chr3	161989471	11.81417834	75.60378124
chr3	161992071	10.42155074	75.63449811
chr3	161992107	12.6420988	75.63487328
chr3	161992115	11.7298021	75.63497442
chr3	161992162	12.99764463	75.63552572
chr3	161992172	12.20853863	75.6356557
chr3	161992259	12.51555183	75.63671784
chr3	161994521	12.90958944	75.66502802
chr3	161995084	11.13683398	75.67229612
chr3	161995115	11.86830323	75.67264136
chr3	161995186	11.23574012	75.67348401
chr3	161996052	11.68436841	75.68321416
chr3	161996056	12.13321505	75.6832609
chr3	161996065	11.70265127	75.68337009
chr3	161996140	15.78350196	75.68424779
chr3	161997060	19.63141179	75.69876862
chr3	161997083	19.14987276	75.69922014
chr3	161997091	17.42350696	75.69937334
chr3	161997360	17.48728095	75.70406026
chr3	161997420	16.84363826	75.7051095
chr3	161997553	11.04572491	75.7073497
chr3	161998099	11.6430485	75.71338067
chr3	161998186	12.30963113	75.71439361
chr3	161998477	11.94717579	75.71797571
chr3	162004275	8.058886482	75.78724544
chr3	162004320	7.811264619	75.78760809
chr3	162004384	7.931669875	75.78810801
chr3	162004441	7.547195922	75.78856012
chr3	162004498	7.093729263	75.78899031
chr3	162004556	8.599367481	75.78940174
chr3	162004619	8.684123041	75.7899435
chr3	162005007	8.763161413	75.79331294
chr3	162005010	8.390339733	75.79333923
chr3	162005908	8.464427868	75.80087376
chr3	162005943	8.691543651	75.80117001
chr3	162005946	10.01409631	75.80119609
chr3	162006001	10.52829006	75.80174686
chr3	162006085	10.93753938	75.80263124
chr3	162006099	10.55171296	75.80278436
chr3	162006108	10.58286223	75.80287933
chr3	162006781	10.65360048	75.8100016
chr3	162006844	10.81099286	75.81067277
chr3	162006901	7.196936451	75.811289
chr3	162006916	7.016735664	75.81139695
chr3	162048105	7.355829992	76.10040928
chr3	162048145	7.287881828	76.10070351
chr3	162048212	7.245446312	76.1011918
chr3	162048214	8.078409691	76.10120629
chr3	162051966	7.53204442	76.13151648
chr3	162051988	7.470223949	76.13168219
chr3	162051989	6.321953936	76.13168966
chr3	162052691	6.641450065	76.13612767
chr3	162055206	6.57767607	76.15283092
chr3	162055468	6.583538968	76.15455427
chr3	162055592	6.507862622	76.15537063
chr3	162055701	6.433774487	76.15607998
chr3	162055738	6.304176609	76.15631803
chr3	162055754	6.28376509	76.1564189
chr3	162056215	9.48417905	76.15931572
chr3	162056222	9.407648269	76.15938211
chr3	162056247	9.432680639	76.1596173
chr3	162056313	9.488603834	76.16023985
chr3	162056469	11.54909728	76.16172008
chr3	162056602	14.64924496	76.16325611
chr3	162056627	14.69981759	76.16362234
chr3	162058864	13.11936311	76.19650583
chr3	162058932	8.840184253	76.19739795
chr3	162058937	5.156012201	76.19744215
chr3	162058960	3.647500717	76.19756073
chr3	162060791	3.848255533	76.20423931
chr3	162064937	2.79827401	76.22019418
chr3	162078790	2.432514678	76.25895867
chr3	162079064	2.271060325	76.25962518
chr3	162079091	2.22240868	76.25968649
chr3	162079154	2.171921188	76.25982651
chr3	162079167	1.808637933	76.25985474
chr3	162079319	1.75940766	76.26012965
chr3	162079389	1.480687391	76.26025281
chr3	162124495	1.419644483	76.3270407
chr3	162124516	1.365994641	76.32707051
chr3	162124523	1.335243929	76.32708007
chr3	162124540	1.255830505	76.32710277
chr3	162124636	1.20191328	76.32722333
chr3	162124860	1.114910441	76.32749256
chr3	162129063	1.032652027	76.33217853
chr3	162129573	0.6693391357	76.33270518
chr3	162129894	0.5738414472	76.33292004
chr3	162129897	0.6480785651	76.33292176
chr3	162130335	0.6973838471	76.33320562
chr3	162199611	0.7033779985	76.38151758
chr3	162199650	0.6542918365	76.38154501
chr3	162199900	0.657430536	76.38170859
chr3	162203556	0.6323928987	76.38411215
chr3	162203619	0.5823324035	76.38415199
chr3	162205154	0.5335229076	76.38504587
chr3	162205156	0.2680330036	76.38504694
chr3	162255653	0.266982879	76.3985818
chr3	162255664	0.2394959723	76.39858474
chr3	162256624	0.2555470637	76.39881466
chr3	162256788	0.2667246427	76.39885657
chr3	162260030	0.6377996027	76.39972129
chr3	162270605	0.6489556791	76.40646602
chr3	162270737	0.6398635338	76.40655168
chr3	162270797	0.2972360136	76.40659007
chr3	162270813	0.3431289885	76.40659483
chr3	162271005	0.3691691286	76.40666071
chr3	162486457	0.2686955918	76.48619894
chr3	162487118	0.2827303738	76.48637654
chr3	162487191	0.3012020484	76.48639718
chr3	162511199	0.225262886	76.49362844
chr3	162512357	0.2132542322	76.4938893
chr3	162512408	0.2786214622	76.49390017
chr3	162512526	0.2706114951	76.49393305
chr3	162512671	0.273569944	76.49397229
chr3	162585329	0.2811125013	76.51384933
chr3	162585813	0.292482501	76.51398539
chr3	162586651	0.2947502336	76.51423049
chr3	162586698	0.271778683	76.51424434
chr3	162586830	0.260601098	76.51428022
chr3	162586831	0.2110321467	76.51428048
chr3	162587630	0.2226909397	76.51444909
chr3	162587643	0.2258518076	76.51445199
chr3	162587687	0.2428946967	76.51446193
chr3	162587754	0.2752391318	76.5144782
chr3	162684686	0.2663214616	76.54115768
chr3	162684691	0.3286060041	76.54115901
chr3	162684753	0.5659535972	76.54117939
chr3	162684792	0.8502870522	76.54120146
chr3	162686906	0.8318153775	76.54299896
chr3	162745827	0.7034439903	76.59201036
chr3	162745857	0.6432784906	76.59203146
chr3	162745918	0.5829650718	76.5920707
chr3	162745919	0.5671667948	76.59207129
chr3	162745952	0.4835389889	76.59209
chr3	162745991	0.4602436666	76.59210886
chr3	162746157	0.400164999	76.59218526
chr3	162749182	0.395276618	76.59339576
chr3	162749375	0.3381552315	76.59347205
chr3	162749970	0.3808003886	76.59367325
chr3	162749986	0.3242481755	76.59367934
chr3	162815056	0.2454825987	76.61477817
chr3	162815083	0.2515069478	76.6147848
chr3	162816630	0.3108324093	76.61517388
chr3	162816661	0.3147629357	76.61518352
chr3	162816681	0.327963302	76.61518981
chr3	162816691	0.318024804	76.61519309
chr3	162820764	0.3062144908	76.61648841
chr3	162820776	0.2790857801	76.61649208
chr3	162820835	0.3303453919	76.61650855
chr3	162821152	0.3389670856	76.61661327
chr3	162821249	0.3766025196	76.61664615
chr3	163032269	0.3591605183	76.69611681
chr3	163032307	0.3166049112	76.69613046
chr3	163032311	0.2729657957	76.69613172
chr3	163067133	0.266535442	76.70563694
chr3	163067142	0.2253495528	76.70563934
chr3	163068233	0.2211031794	76.70588519
chr3	163068339	0.322755017	76.70590863
chr3	163068366	0.2699775737	76.70591735
chr3	163103374	0.1629989065	76.71536872
chr3	163103929	0.173099861	76.71545919
chr3	163103978	0.1642993036	76.71546767
chr3	163375250	0.1611606041	76.76003747
chr3	163425474	0.1414472378	76.7681316
chr3	163425535	0.1177667741	76.76814023
chr3	163425537	0.07953792827	76.76814046
chr3	163427273	0.06814835777	76.76827854
chr3	163427400	0.08393213212	76.76828719
chr3	163427415	0.1443096497	76.76828845
chr3	163427443	0.1557614621	76.76829249
chr3	163427466	0.178479862	76.76829608
chr3	163427470	0.2404090082	76.76829679
chr3	163555317	0.2115536537	76.79903236
chr3	163556086	0.2338617525	76.79919505
chr3	163556153	0.2893628641	76.79921071
chr3	163556189	0.3081806203	76.79922113
chr3	163586497	0.3284232112	76.80856147
chr3	163752231	0.279506589	76.86299236
chr3	163752453	0.8268353035	76.86305441
chr3	163753104	0.8274804706	76.86359268
chr3	163754750	0.9105889435	76.86495472
chr3	163755169	0.8993314466	76.86533625
chr3	163755217	1.996670661	76.86537942
chr3	163755230	15.34866097	76.86540538
chr3	163755512	4.049318548	76.8697337
chr3	163755516	4.040144347	76.8697499
chr3	163755943	4.128958396	76.87147504
chr3	163756080	4.155726674	76.87204071
chr3	163756742	4.163016247	76.8747918
chr3	163758292	3.240737701	76.88124447
chr3	163758314	3.726168516	76.88131577
chr3	163758365	4.129742578	76.8815058
chr3	163758523	3.46277209	76.8821583
chr3	163758571	3.531302984	76.88232452
chr3	163758599	3.544610168	76.88242339
chr3	163759632	3.616457968	76.88608497
chr3	163759802	3.639299449	76.88669977
chr3	163765995	3.297116434	76.90923795
chr3	163766617	2.331902693	76.91128876
chr3	163766838	2.360720629	76.91180411
chr3	163767401	2.383469919	76.9131332
chr3	163767407	2.112406774	76.9131475
chr3	163767506	1.731942143	76.91335662
chr3	163768740	1.711699552	76.91549384
chr3	163768829	1.523956275	76.91564618
chr3	163775355	1.304786212	76.92559152
chr3	163779025	1.353181008	76.93038009
chr3	163779104	1.36755108	76.93048699
chr3	163779135	1.47005575	76.93052938
chr3	163779990	1.477854971	76.93178628
chr3	163836839	1.390772165	77.01580086
chr3	163836845	1.355609581	77.0158092
chr3	163837654	1.302008848	77.01690589
chr3	163837671	1.304965829	77.01692802
chr3	163837696	1.323054385	77.01696065
chr3	163837752	1.239192741	77.01703474
chr3	163841015	1.258129697	77.02107823
chr3	163842554	1.269291922	77.02301449
chr3	163892072	1.21456876	77.08586728
chr3	163892081	1.115075492	77.08587822
chr3	163892228	1.019865727	77.08604213
chr3	163892369	0.9919039937	77.08618593
chr3	163893284	0.89879268	77.08709352
chr3	163894188	0.8860706983	77.08790603
chr3	163894851	1.003400462	77.0884935
chr3	163894869	1.028334196	77.08851156
chr3	163894904	1.010884061	77.08854755
chr3	163895038	1.036036929	77.08868301
chr3	163925980	0.9916832786	77.12074006
chr3	163927939	2.591504471	77.12268277
chr3	163929563	2.555742574	77.12689137
chr3	163930261	0.9271176222	77.12867528
chr3	163930501	0.8021865555	77.12889779
chr3	163930578	0.8193701189	77.12895956
chr3	163930742	0.8245453486	77.12909394
chr3	163930952	0.7788628068	77.12926709
chr3	164035823	0.7135437128	77.21094721
chr3	164041641	0.6071425404	77.21509861
chr3	164041679	0.5566253299	77.21512168
chr3	164041704	0.5174225535	77.2151356
chr3	164042824	0.5184432822	77.21571511
chr3	164043479	0.529921875	77.21605469
chr3	164043678	0.8192040778	77.21616014
chr3	164082817	0.8717714042	77.24822297
chr3	164106061	0.8126355738	77.26848643
chr3	164142843	0.8470498291	77.29837679
chr3	164144757	0.8866983197	77.29999804
chr3	164145099	0.8023867188	77.30030129
chr3	164145221	0.7663595843	77.30039918
chr3	164145264	1.752188866	77.30043214
chr3	164145304	1.742650987	77.30050223
chr3	164145529	1.698910793	77.30089432
chr3	164145530	3.570768899	77.30089602
chr3	164146522	3.535193763	77.30443822
chr3	164147253	3.851065884	77.30702245
chr3	164147426	5.018229219	77.30768868
chr3	164147453	5.050189423	77.30782418
chr3	164147527	5.718788282	77.30819789
chr3	164147589	10.75360353	77.30855246
chr3	164147591	10.80513381	77.30857396
chr3	164147658	10.84116657	77.30929791
chr3	164148071	12.18288867	77.31377531
chr3	164148873	11.16070233	77.32354599
chr3	164149018	13.78482876	77.32516429
chr3	164149089	11.43840981	77.32614301
chr3	164149125	11.4953829	77.32655479
chr3	164150714	8.139720841	77.34482096
chr3	164150729	8.175796242	77.34494305
chr3	164150734	5.438093568	77.34498393
chr3	164150911	4.311680659	77.34594647
chr3	164158278	3.750754772	77.37771063
chr3	164158281	3.81410352	77.37772188
chr3	164158287	3.862464892	77.37774476
chr3	164158300	3.941954936	77.37779497
chr3	164158857	4.052451372	77.37999064
chr3	164158869	4.151393119	77.38003927
chr3	164158932	4.043571439	77.38030081
chr3	164158998	4.129743318	77.38056769
chr3	164159034	3.629206681	77.38071636
chr3	164160206	3.162015898	77.38496979
chr3	164213340	3.09408472	77.55298034
chr3	164213365	3.088145959	77.55305769
chr3	164213417	3.288282878	77.55321828
chr3	164250034	3.219016645	77.67362533
chr3	164250039	4.135015701	77.67364142
chr3	164250040	4.150743118	77.67364556
chr3	164250178	5.593041427	77.67421836
chr3	164250191	5.507610367	77.67429107
chr3	164250233	6.123135456	77.67452239
chr3	164250235	8.095871545	77.67453464
chr3	164251926	8.086051176	77.68822476
chr3	164252019	5.913680299	77.68897676
chr3	164252061	8.395973837	77.68922513
chr3	164252134	8.418279953	77.68983804
chr3	164252192	8.411082533	77.6903263
chr3	164252205	8.506321219	77.69043564
chr3	164252259	8.760306677	77.69089499
chr3	164252272	8.966248512	77.69100887
chr3	164252983	8.682206143	77.69738387
chr3	164252989	8.646130742	77.69743597
chr3	164252995	8.6307344	77.69748784
chr3	164253895	5.627833391	77.7052555
chr3	164254020	5.659838517	77.70595898
chr3	164262806	5.663143138	77.75568632
chr3	164262817	4.904775565	77.75574862
chr3	164262818	4.87232792	77.75575352
chr3	164262880	3.979474708	77.75605561
chr3	164262923	4.033060776	77.75622672
chr3	164262924	6.023247743	77.75623076
chr3	164263772	6.158467687	77.76133847
chr3	164263805	6.194216226	77.7615417
chr3	164264891	4.318735541	77.76826862
chr3	164265352	4.247703086	77.77025956
chr3	164265376	4.204109775	77.7703615
chr3	164265385	4.432769567	77.77039934
chr3	164265620	4.469449363	77.77144104
chr3	164279151	4.782374167	77.83191716
chr3	164279198	4.392379374	77.83214193
chr3	164282800	3.64493335	77.84796328
chr3	164290823	3.549761003	77.87720658
chr3	164290832	3.114072467	77.87723853
chr3	164290837	3.138290038	77.8772541
chr3	164290887	3.117566979	77.87741101
chr3	164290940	2.539612007	77.87757625
chr3	164291054	2.454371342	77.87786576
chr3	164291069	2.458532213	77.87790258
chr3	164291075	2.414937995	77.87791733
chr3	164291076	2.464047685	77.87791974
chr3	164362432	2.426990966	78.05374433
chr3	164362777	2.40306971	78.05458164
chr3	164362783	2.307488422	78.05459606
chr3	164364866	2.213269972	78.05940256
chr3	164364916	2.090673709	78.05951322
chr3	164364949	3.724991524	78.05958221
chr3	164365018	3.67526421	78.05983924
chr3	164365034	3.568301147	78.05989804
chr3	164365339	3.521124289	78.06098637
chr3	164366010	3.485378867	78.06334905
chr3	164366195	8.641066531	78.06399384
chr3	164366823	1.058613213	78.06942043
chr3	164366895	1.065183136	78.06949665
chr3	164367000	0.9813135788	78.0696085
chr3	164367198	1.012784382	78.0698028
chr3	164466606	0.9458464959	78.17048167
chr3	164484420	0.9143756925	78.18733098
chr3	164484478	0.882327307	78.18738401
chr3	164484603	0.7887523908	78.1874943
chr3	164484622	0.7844761294	78.18750929
chr3	164485045	0.8879708835	78.18784112
chr3	164485266	0.8886560231	78.18803736
chr3	164485283	0.9512760064	78.18805247
chr3	164503546	0.940113782	78.20542562
chr3	164504948	0.8987916463	78.20674366
chr3	164505290	0.542392196	78.20705105
chr3	164505309	0.5563441219	78.20706136
chr3	164505427	0.6242840564	78.207127
chr3	164505478	0.7509265411	78.20715884
chr3	164505484	0.7420925827	78.20716335
chr3	164533991	0.7733857267	78.22831818
chr3	164559517	12.81002699	78.24805963
chr3	164559581	12.7767298	78.24887947
chr3	164559626	12.82906744	78.24945442
chr3	164559630	12.85435677	78.24950574
chr3	164559725	12.87192403	78.2507269
chr3	164559726	12.79207203	78.25073977
chr3	164559823	0.7623631846	78.2519806
chr3	164559890	0.8303107234	78.25203168
chr3	164627625	0.7065020027	78.30827278
chr3	164630112	3.853705138	78.31002985
chr3	164631138	3.91070251	78.31398375
chr3	164631193	3.858964568	78.31419884
chr3	164631265	0.7599650834	78.31447668
chr3	164631278	0.7000429412	78.31448656
chr3	164631323	0.703408732	78.31451807
chr3	164632717	0.728268573	78.31549862
chr3	164632739	0.7230111056	78.31551464
chr3	164712606	0.6945263138	78.37325937
chr3	164712696	0.6492938349	78.37332188
chr3	164712912	0.607153424	78.37346212
chr3	164744207	0.5492403081	78.39246299
chr3	164769722	1.143224684	78.40647686
chr3	164769766	1.289950235	78.40652716
chr3	164769810	1.263322998	78.40658392
chr3	164769829	1.592087859	78.40660792
chr3	164781050	1.263323	78.42447274
chr3	164781051	1.264142867	78.424474
chr3	164781555	0.9543450908	78.42511113
chr3	164782362	0.977069158	78.42588128
chr3	164782370	0.9526552039	78.4258891
chr3	164782376	0.9700454061	78.42589482
chr3	164782944	0.9454851684	78.4264458
chr3	164785084	0.6789549409	78.42846914
chr3	164785141	0.4895998277	78.42850784
chr3	164893696	0.3799452486	78.48165635
chr3	164893697	0.3469293633	78.48165673
chr3	164895183	0.3175252416	78.48217227
chr3	164896175	0.2883517898	78.48248725
chr3	164896227	0.1968095835	78.48250225
chr3	164944704	0.1632057372	78.49204298
chr3	164993546	0.09705811621	78.50001428
chr3	164993558	0.08855276121	78.50001544
chr3	164993578	0.05559344324	78.50001722
chr3	164994511	0.3424724708	78.50006908
chr3	164994527	0.3435607056	78.50007456
chr3	164994532	0.3445063105	78.50007628
chr3	164994553	0.3483850776	78.50008352
chr3	164997284	0.3494741918	78.50103496
chr3	164997285	0.3531558977	78.50103531
chr3	164997370	0.7396950702	78.50106532
chr3	164998612	0.7416801299	78.50198402
chr3	165006709	0.4402444105	78.50798941
chr3	165006885	0.4432347536	78.50806689
chr3	165006962	0.05536239857	78.50810102
chr3	165007334	0.06024730435	78.50812162
chr3	165010852	0.06224298281	78.50833357
chr3	168382178	0.07162099177	78.71817495
chr3	168384489	0.06829845665	78.71834047
chr3	168707591	0.06730158004	78.74040784
chr3	168707784	0.06234595167	78.74042083
chr3	168707818	0.06135273653	78.74042294
chr3	168707959	0.05836821146	78.7404316
chr3	168708009	0.06739697242	78.74043451
chr3	168708038	0.07367964957	78.74043647
chr3	168708123	0.07982910565	78.74044273
chr3	168709975	0.08890152006	78.74059057
chr3	168894421	0.08382176215	78.7569881
chr3	168895807	0.1081681629	78.75710428
chr3	168914872	0.1072271601	78.75916651
chr3	169112608	0.105445622	78.78036918
chr3	169112609	0.104549804	78.78036928
chr3	169116360	2.205387223	78.78076145
chr3	169116544	2.204491656	78.78116724
chr3	169116586	2.210279885	78.78125983
chr3	169116600	2.186260061	78.78129077
chr3	169116636	2.240529219	78.78136948
chr3	169116656	2.26378108	78.78141429
chr3	169116792	2.261330037	78.78172216
chr3	169118116	0.1821675087	78.78471616
chr3	169229283	0.3931083985	78.80496718
chr3	169250166	0.3895388016	78.81317646
chr3	169275313	0.262674207	78.82297219
chr3	169275327	0.2394044523	78.82297587
chr3	169275578	0.2162015835	78.82303596
chr3	169275728	0.269680541	78.82306839
chr3	169275729	0.1902534471	78.82306866
chr3	169280517	0.1988981798	78.8239796
chr3	169280601	0.1369353027	78.8239963
chr3	169280636	0.1460399732	78.8240011
chr3	169280673	0.1546894083	78.8240065
chr3	169281942	0.1323727923	78.8242028
chr3	169281993	0.1282624257	78.82420955
chr3	169282318	0.1484096305	78.82425124
chr3	169283751	0.1681606204	78.82446391
chr3	169283798	0.1810128225	78.82447181
chr3	169283800	0.2032480103	78.82447217
chr3	169360084	0.219666135	78.83997674
chr3	169360118	0.2128361469	78.83998421
chr3	169471112	0.2121909798	78.86360775
chr3	169570836	0.1993387773	78.88476828
chr3	169584769	0.1870814671	78.88754567
chr3	169584779	0.1706633421	78.88754754
chr3	169652348	0.6077052197	78.89907909
chr3	169653485	0.6633794921	78.89977005
chr3	169653525	1.620072928	78.89979659
chr3	169653535	1.610135158	78.89981279
chr3	169653536	1.600370748	78.8998144
chr3	169659357	6.54144147	78.90913016
chr3	169659391	6.850201974	78.90935256
chr3	169659940	6.837897772	78.91311333
chr3	169659943	6.288682984	78.91313384
chr3	169660105	48.35706093	78.91415261
chr3	169660183	1.158340405	78.91792446
chr3	169661198	1.17596136	78.91910017
chr3	169661213	1.316436682	78.91911781
chr3	169661669	1.651436114	78.91971811
chr3	169661699	1.732989569	78.91976765
chr3	169661705	1.83504864	78.91977805
chr3	169661715	1.916708603	78.9197964
chr3	169661918	2.082843664	78.92018549
chr3	169662902	2.2799136	78.92223501
chr3	169662939	1.895980851	78.92231937
chr3	169705774	1.812269614	79.00353371
chr3	169706324	1.729193667	79.00453045
chr3	169706333	1.455542327	79.00454602
chr3	169706891	1.413121116	79.00535821
chr3	169706904	1.180744894	79.00537658
chr3	169706934	3.074991365	79.005412
chr3	169706978	3.181619726	79.0055473
chr3	169707183	2.864209786	79.00619953
chr3	169707259	2.855565053	79.00641721
chr3	169707390	2.86097076	79.00679129
chr3	169707419	2.826164265	79.00687426
chr3	169708165	2.842399823	79.00898258
chr3	169708745	0.6723896932	79.01063117
chr3	169784175	0.6058879395	79.06134953
chr3	169800781	0.6224426123	79.0714109
chr3	169800801	0.5833916052	79.07142335
chr3	169800838	0.5961076268	79.07144493
chr3	169800849	0.5890444414	79.07145149
chr3	169800902	0.5500351421	79.07148271
chr3	169800907	0.5107963901	79.07148546
chr3	169800913	0.5235096941	79.07148853
chr3	169800982	0.5772134267	79.07152465
chr3	169801006	0.5899273887	79.0715385
chr3	169804127	0.5643415366	79.07337966
chr3	169862768	0.5960204416	79.10647322
chr3	169862999	0.5968858083	79.1066109
chr3	169868404	0.5956007695	79.10983707
chr3	169869675	0.5185374136	79.11059407
chr3	169870524	0.5010053915	79.11103431
chr3	169870555	0.5307799031	79.11104984
chr3	170090933	0.5211879359	79.22802206
chr3	170090950	0.4541641143	79.22803092
chr3	170091087	0.3751091295	79.22809314
chr3	170091165	0.3360868469	79.2281224
chr3	170091182	0.4540917564	79.22812811
chr3	170091193	0.8506186947	79.2281331
chr3	170091554	0.9193048553	79.22844018
chr3	170091881	0.9180972544	79.22874079
chr3	170091916	0.9084695151	79.22877292
chr3	170092108	1.000132451	79.22894735
chr3	170092166	1.095392858	79.22900536
chr3	170092304	1.183537917	79.22915652
chr3	170092322	1.166903023	79.22917783
chr3	170124881	0.9479248459	79.26717102
chr3	170126476	0.8434008332	79.26868296
chr3	170126527	0.8320734775	79.26872597
chr3	170126558	0.8207495642	79.26875177
chr3	170127679	0.8049218294	79.26967183
chr3	170127696	1.984642	79.26968551
chr3	170127702	1.762845396	79.26969742
chr3	170127809	1.778147727	79.26988605
chr3	170128632	2.102768827	79.27134946
chr3	170128765	2.094024073	79.27162913
chr3	170128788	2.816662762	79.27167729
chr3	170128799	2.832016105	79.27170828
chr3	170132737	2.853686182	79.28286075
chr3	170133718	2.869292311	79.28566022
chr3	170133893	2.146653622	79.28616235
chr3	170133911	2.731107126	79.28620099
chr3	170133914	2.720030997	79.28620918
chr3	170134309	1.04647716	79.28728359
chr3	170134385	1.38554614	79.28736312
chr3	170134754	1.877684682	79.28787439
chr3	170134860	1.893448458	79.28807343
chr3	170136561	1.909329089	79.29129418
chr3	170137262	1.925244867	79.29263262
chr3	170139505	3.461077718	79.29695095
chr3	170139530	3.138431692	79.29703747
chr3	170139580	3.571472014	79.29719439
chr3	170140223	3.024995088	79.29949085
chr3	170141260	3.039418535	79.30262777
chr3	170141698	3.054285906	79.30395904
chr3	170141824	3.08764823	79.30434388
chr3	170141885	3.157043435	79.30453222
chr3	170141891	3.186803234	79.30455116
chr3	170141907	1.650970383	79.30460215
chr3	170142250	1.215895177	79.30516844
chr3	170144975	1.230400973	79.30848175
chr3	170145067	1.273040231	79.30859495
chr3	170145265	0.9504182883	79.30884701
chr3	170148097	0.9651061816	79.31153859
chr3	170148099	0.6137814637	79.31154052
chr3	170148114	0.6568939265	79.31154973
chr3	170148117	0.723608633	79.3115517
chr3	170157337	0.7553324797	79.31822337
chr3	170296796	0.7951549124	79.42356129
chr3	170296827	0.7717020142	79.42358594
chr3	170297266	0.8114866539	79.42392471
chr3	170297732	0.7643942187	79.42430287
chr3	170302975	0.7853925803	79.42831058
chr3	170304921	0.8055173188	79.42983896
chr3	170368830	0.7892357824	79.48131876
chr3	170368861	0.7566431667	79.48134323
chr3	170368882	0.740879391	79.48135912
chr3	170368888	6.349647711	79.48136357
chr3	170369049	6.328533804	79.48238586
chr3	170369077	6.273356193	79.48256306
chr3	170369539	6.215876221	79.48546135
chr3	170369542	0.5750956306	79.48548
chr3	170369565	0.7206062063	79.48549322
chr3	170369916	0.7246250371	79.48574616
chr3	170369923	0.707993069	79.48575123
chr3	170370014	0.8974871367	79.48581566
chr3	170370104	0.8818810073	79.48589643
chr3	170389125	0.9221556275	79.50267069
chr3	170389434	0.8491548353	79.50295563
chr3	170389482	0.6596607677	79.50299639
chr3	170389686	0.6900408505	79.50313096
chr3	170389830	0.6376647673	79.50323033
chr3	170389992	0.5820237286	79.50333363
chr3	170390503	0.6105224237	79.50363105
chr3	170390507	0.6325371492	79.50363349
chr3	170392218	0.6721107355	79.50471576
chr3	170392310	1.871028678	79.50477759
chr3	170392323	2.400003514	79.50480192
chr3	170392343	2.223295106	79.50484992
chr3	170392385	2.252214249	79.5049433
chr3	170392411	2.303089786	79.50500185
chr3	170392413	2.329940283	79.50500646
chr3	170392469	2.350843072	79.50513694
chr3	170393674	3.45041699	79.5079697
chr3	170393676	3.623514564	79.5079766
chr3	170393684	3.70706813	79.50800559
chr3	170393727	3.692419776	79.50816499
chr3	170394168	3.721173921	79.50979335
chr3	170395387	2.705253952	79.51432946
chr3	170395413	2.767742228	79.5143998
chr3	170397029	3.324590574	79.51887247
chr3	170398283	3.375392731	79.52304151
chr3	170398323	3.436054764	79.52317652
chr3	170399221	3.407024565	79.5262621
chr3	170399222	3.409161164	79.52626551
chr3	170399261	1.866897681	79.52639846
chr3	170399292	1.894469497	79.52645634
chr3	170399297	1.36549466	79.52646581
chr3	170399849	1.486836322	79.52721956
chr3	170399896	1.513600135	79.52728944
chr3	170519926	1.714781927	79.70896687
chr3	170519950	1.773493137	79.70900802
chr3	170519968	1.744997524	79.70903995
chr3	170522465	1.722421941	79.71339721
chr3	170523500	2.230296867	79.71517991
chr3	170523503	2.239480193	79.7151866
chr3	170523519	2.211068415	79.71522243
chr3	170523541	2.431925587	79.71527108
chr3	170523768	2.395072811	79.71582313
chr3	170524353	2.365442674	79.71722424
chr3	170524375	2.335957002	79.71727628
chr3	170524384	2.365666639	79.71729731
chr3	170525401	2.33766079	79.71970319
chr3	170525770	2.281502773	79.72056579
chr3	170525973	2.260157427	79.72102893
chr3	170529799	2.233054827	79.72967629
chr3	170529806	2.171642805	79.72969193
chr3	170529807	2.180962077	79.7296941
chr3	170529818	2.19380533	79.72971809
chr3	170529965	2.372527328	79.73004058
chr3	170530096	1.807758545	79.73035138
chr3	170530105	1.818468887	79.73036765
chr3	170530146	1.791088286	79.7304422
chr3	170531344	1.816675203	79.73258793
chr3	170537734	1.763985992	79.74419648
chr3	170538263	1.590803812	79.74512963
chr3	170538265	1.340255696	79.74513281
chr3	170538453	1.351232068	79.74538478
chr3	170545599	1.233608575	79.75504069
chr3	170545614	1.089863621	79.75505919
chr3	170545746	1.406509397	79.75520305
chr3	170545758	1.413785928	79.75521993
chr3	170568956	1.392883139	79.78801694
chr3	170570538	1.202284337	79.79022048
chr3	170570571	0.9091004659	79.79026015
chr3	170570640	0.6729511871	79.79032288
chr3	170571737	0.6557892473	79.79106111
chr3	170571874	0.6699386726	79.79115095
chr3	170575020	0.7355875579	79.79325858
chr3	170575067	0.7660800375	79.79329315
chr3	170575112	0.803012879	79.79332762
chr3	170575119	0.8663852128	79.79333325
chr3	170578968	0.9956923293	79.79666796
chr3	170675522	0.9701054124	79.89280604
chr3	170677904	0.9328179686	79.89511683
chr3	170677909	0.9482869367	79.89512149
chr3	170677916	0.9569845188	79.89512813
chr3	170697118	0.8938617345	79.91350415
chr3	170735502	1.003533614	79.94781414
chr3	170735516	0.9469518291	79.94782819
chr3	170735772	1.036272349	79.94807061
chr3	170735974	1.013791724	79.94827993
chr3	170753397	1.005810669	79.96594323
chr3	170753400	1.000932111	79.96594624
chr3	170753439	1.031387325	79.96598528
chr3	170754386	1.091221901	79.966962
chr3	170816246	1.400223348	80.03446499
chr3	170816846	1.354864065	80.03530513
chr3	170817056	1.488340643	80.03558965
chr3	170817798	1.420840711	80.036694
chr3	170817825	1.405644217	80.03673236
chr3	170818253	1.39022716	80.03733397
chr3	170818494	1.389076225	80.03766902
chr3	170818496	1.374117821	80.0376718
chr3	170873049	1.44483302	80.11263405
chr3	170873598	1.483407393	80.11342726
chr3	170873616	1.498561314	80.11345396
chr3	170874545	1.26774604	80.11484612
chr3	170874570	1.174039497	80.11487782
chr3	170874908	1.046504736	80.11527464
chr3	170875260	0.9117109495	80.11564301
chr3	170877096	0.8664735993	80.11731691
chr3	170877141	0.8242070031	80.11735591
chr3	170877153	0.8839848429	80.1173658
chr3	170878181	0.8502225543	80.11827453
chr3	170878212	0.8605221912	80.11830089
chr3	170878254	0.9391218697	80.11833703
chr3	170878274	0.960280863	80.11835581
chr3	170916390	0.651260109	80.15495788
chr3	170916391	0.6476416359	80.15495853
chr3	170916428	0.7001144837	80.15498249
chr3	170916437	0.7254992771	80.15498879
chr3	170925217	0.7327788882	80.16135868
chr3	170925400	0.7538896905	80.16149278
chr3	170925501	0.782921945	80.16156892
chr3	170925588	0.7526959884	80.16163703
chr3	170925621	0.8003045075	80.16166187
chr3	170925661	0.7909852371	80.16169389
chr3	170925760	0.8181137477	80.16177219
chr3	171048428	0.8929992914	80.26212857
chr3	171049391	0.8921844657	80.26298853
chr3	171052569	0.8631522113	80.26582389
chr3	171052624	0.7988760467	80.26587136
chr3	171052718	0.8942821775	80.26594646
chr3	171052740	0.8753764173	80.26596613
chr3	171055401	0.9328242575	80.26829551
chr3	171060239	0.9055022616	80.27280851
chr3	171060251	0.9948780407	80.27281938
chr3	171061738	1.090922573	80.27429876
chr3	171061745	1.081140135	80.2743064
chr3	171061763	1.077278642	80.27432586
chr3	171061824	1.476821478	80.27439157
chr3	171061850	1.932028499	80.27442997
chr3	171095209	2.58312502	80.33888051
chr3	171095259	3.319643045	80.33900967
chr3	171095290	3.209323951	80.33911257
chr3	171095584	3.196117475	80.34005612
chr3	171099922	4.113674834	80.35392087
chr3	171099924	4.317874463	80.3539291
chr3	171100053	4.221375195	80.35448611
chr3	171100139	4.125092526	80.35484914
chr3	171100148	6.498865348	80.35488627
chr3	171101978	4.47132201	80.36677919
chr3	171102065	5.717796234	80.3671682
chr3	171102081	4.735433555	80.36725968
chr3	171104705	5.035065663	80.37968546
chr3	171104948	5.022287536	80.38090898
chr3	171104966	4.004535742	80.38099938
chr3	171105508	3.984028032	80.38316984
chr3	171105902	4.313148407	80.38473955
chr3	171106402	2.973280889	80.38689612
chr3	171106406	3.570695071	80.38690802
chr3	171106408	3.831728704	80.38691516
chr3	171106437	4.381351843	80.38702628
chr3	171106486	5.05256786	80.38724096
chr3	171106496	4.706320095	80.38729149
chr3	171106527	4.985136581	80.38743739
chr3	171106542	5.355090095	80.38751216
chr3	171106564	6.01738966	80.38762997
chr3	171106572	6.656714687	80.38767811
chr3	171116690	6.292398026	80.45503075
chr3	171116773	5.930759902	80.45555302
chr3	171117010	5.232458029	80.45695861
chr3	171117017	9.630697735	80.45699524
chr3	171117040	10.59611004	80.45721675
chr3	171117056	16.36769063	80.45738628
chr3	171117983	16.44541247	80.47255913
chr3	171117990	21.06502783	80.47267425
chr3	171118320	22.58378885	80.47962571
chr3	171118335	22.2744847	80.47996447
chr3	171118366	19.5398142	80.48065498
chr3	171118467	20.11547196	80.4826285
chr3	171118483	19.80653046	80.48295034
chr3	171118668	17.03868342	80.48661455
chr3	171119475	15.52402471	80.50036477
chr3	171119486	15.54593118	80.50053553
chr3	171119541	15.59122537	80.50139056
chr3	171119617	15.57772629	80.50257549
chr3	171119803	15.59977784	80.50547295
chr3	171119857	13.79359848	80.50631534
chr3	171119861	16.23351111	80.50637051
chr3	171120749	4.794545107	80.52078587
chr3	171120805	4.727620402	80.52105437
chr3	171120814	4.896778829	80.52109691
chr3	171120824	4.926118307	80.52114588
chr3	171121549	4.948296465	80.52471732
chr3	171122011	3.844775527	80.52700343
chr3	171122013	3.867015721	80.52701112
chr3	171122395	1.858926123	80.52848832
chr3	171122410	1.881326755	80.5285162
chr3	171130463	1.709469556	80.54366653
chr3	171130470	1.779931076	80.54367849
chr3	171177267	1.714573654	80.62697393
chr3	171286843	1.49101935	80.81485005
chr3	171286876	1.468590799	80.81489926
chr3	171286992	1.355374548	80.81506961
chr3	171287096	14.95164729	80.81521057
chr3	171287862	14.9010654	80.82666353
chr3	171287887	12.57403923	80.82703606
chr3	171287901	3.245865918	80.8272121
chr3	171287957	3.257136064	80.82739386
chr3	171287989	3.348787287	80.82749809
chr3	171288021	3.471033115	80.82760525
chr3	171288030	3.772220788	80.82763649
chr3	171289236	3.923592111	80.83218579
chr3	171289240	4.136131409	80.83220149
chr3	171289390	1.984243716	80.83282191
chr3	171289399	2.037729431	80.83283976
chr3	171289400	2.262171361	80.8328418
chr3	171313607	1.83619373	80.88760218
chr3	171313635	1.692117553	80.8876536
chr3	171313655	1.672986446	80.88768744
chr3	171349575	1.490606779	80.94778111
chr3	171358168	1.421661381	80.9605899
chr3	171358372	1.314696921	80.96087992
chr3	171358381	1.082602441	80.96089175
chr3	171358637	0.971160102	80.96116889
chr3	171359003	1.179943181	80.96152434
chr3	171359109	1.244994939	80.96164941
chr3	171359122	1.432944268	80.9616656
chr3	171359334	1.352268289	80.96196938
chr3	171359369	1.300586158	80.96201671
chr3	171378902	1.260047367	80.98742106
chr3	171379391	4.867990403	80.98803722
chr3	171379436	4.691874818	80.98825628
chr3	171380361	4.478597192	80.99259627
chr3	171380389	4.466900569	80.99272167
chr3	171380402	0.6567707902	80.99277974
chr3	171380569	0.6345569081	80.99288942
chr3	171380939	0.7605249515	80.9931242
chr3	171380983	0.88843315	80.99315767
chr3	171381061	0.9201436008	80.99322697
chr3	171381084	0.9729033973	80.99324813
chr3	171444151	0.9145024584	81.05460623
chr3	171444338	1.006722305	81.05477724
chr3	171451006	1.072734901	81.06149006
chr3	171451012	1.192234447	81.0614965
chr3	171451025	1.314150918	81.061512
chr3	171451286	1.437128134	81.06185499
chr3	171451287	1.332654338	81.06185643
chr3	171451296	1.252685093	81.06186842
chr3	171451325	1.32381678	81.06190475
chr3	171481284	5.036690887	81.10156498
chr3	171481803	5.006620456	81.10417902
chr3	171481883	4.85055926	81.10457955
chr3	171481886	4.814212663	81.1045941
chr3	171482026	4.795196443	81.10526809
chr3	171482066	6.36478584	81.1054599
chr3	171482141	7.992795772	81.10593726
chr3	171482168	3.819639089	81.10615306
chr3	171482201	3.763328022	81.10627911
chr3	171484251	2.074966234	81.11399394
chr3	171484341	7.178669295	81.11418068
chr3	171484407	11.71206833	81.11465447
chr3	171484488	11.67639997	81.11560315
chr3	171484854	11.9891251	81.11987671
chr3	171484888	12.00264179	81.12028434
chr3	171484899	11.96766203	81.12041637
chr3	171484995	12.2524092	81.12156527
chr3	171484998	13.16214753	81.12160203
chr3	171485004	7.299648762	81.121681
chr3	171485044	7.599548809	81.12197299
chr3	171485046	7.894344279	81.12198818
chr3	171485048	2.676422771	81.12200397
chr3	171485312	2.689969792	81.12271055
chr3	171486577	2.994838062	81.12611336
chr3	171486611	3.587292995	81.12621518
chr3	171486711	4.238797091	81.12657391
chr3	171491720	4.71814617	81.14780605
chr3	171497345	2.834603435	81.17434562
chr3	171497381	2.859552849	81.17444767
chr3	171497560	2.564757379	81.17495953
chr3	171499372	2.308108534	81.17960687
chr3	171499416	1.311306811	81.17970842
chr3	171499556	1.330590825	81.17989201
chr3	171499643	1.349754828	81.18000777
chr3	171500498	1.365162934	81.18116181
chr3	171500889	1.27049357	81.18169559
chr3	171501440	0.5869296403	81.18239563
chr3	171501550	0.5644792836	81.18246019
chr3	171502598	0.5846086597	81.18305177
chr3	171502684	0.5905122683	81.18310204
chr3	171513389	0.4605742419	81.18942348
chr3	171513736	0.480711969	81.1895833
chr3	171685595	0.4426233957	81.27219797
chr3	171685806	0.7335910336	81.27229137
chr3	171685863	1.320181989	81.27233318
chr3	171685866	1.281528996	81.27233714
chr3	171686260	1.964247699	81.27284206
chr3	171686472	2.059129979	81.27325849
chr3	171688926	2.041525952	81.27831159
chr3	171690858	1.985253897	81.28225582
chr3	171690932	1.967189788	81.28240273
chr3	171692143	1.948025785	81.28478499
chr3	171692152	2.345869622	81.28480253
chr3	171694704	2.401669295	81.29078919
chr3	171695054	2.40946168	81.29162977
chr3	171695833	1.407269203	81.29350674
chr3	171696928	1.387131475	81.2950477
chr3	171696959	1.048658412	81.2950907
chr3	171697028	1.109629103	81.29516306
chr3	171697030	1.092242263	81.29516528
chr3	171697067	0.4095235605	81.29520569
chr3	171698221	0.4268115894	81.29567828
chr3	171698421	0.5780879009	81.29576364
chr3	171700237	0.6670464682	81.29681345
chr3	171739332	0.6897544703	81.32289163
chr3	171739886	0.9728603057	81.32327376
chr3	171739922	0.957452199	81.32330878
chr3	171739929	0.9690442646	81.32331548
chr3	171757628	0.5559342096	81.3404666
chr3	171757673	0.568210487	81.34049161
chr3	171757736	0.5561720116	81.34052741
chr3	171757737	0.5586995115	81.34052797
chr3	171757739	0.5686745804	81.34052908
chr3	171757815	0.5551578823	81.3405723
chr3	171757816	0.5793716724	81.34057286
chr3	171757818	0.5911107369	81.34057402
chr3	171758847	0.6011822394	81.34118227
chr3	171760781	0.6079644045	81.34234496
chr3	171761442	0.6259339038	81.34274682
chr3	171761502	0.6360457668	81.34278438
chr3	171762695	0.6979944105	81.34354318
chr3	171764233	0.5591800368	81.3446167
chr3	172058170	0.5175589633	81.5089804
chr3	172058177	0.5052826866	81.50898402
chr3	172058904	0.4928808655	81.50935136
chr3	172060039	0.8172392355	81.50991078
chr3	172060741	0.9312047323	81.51048448
chr3	172060833	0.9188310312	81.51057015
chr3	172062647	1.460747393	81.51223691
chr3	172063200	1.448471157	81.51304471
chr3	172064982	1.959705983	81.51562588
chr3	172065000	1.949592374	81.51566116
chr3	172065094	2.071568157	81.51584442
chr3	172065121	2.252808315	81.51590035
chr3	172067296	2.330258657	81.52080021
chr3	172067562	3.126002943	81.52142006
chr3	172067604	3.929022209	81.52155135
chr3	172070139	3.436620913	81.53151142
chr3	172072074	3.493310753	81.53816128
chr3	172072098	3.481572662	81.53824512
chr3	172072101	3.530238471	81.53825557
chr3	172072193	3.533107537	81.53858035
chr3	172072198	1.624512807	81.53859801
chr3	172072521	1.612797492	81.53912273
chr3	172089756	1.718683557	81.5669193
chr3	172089803	1.816368464	81.56700007
chr3	172124541	1.684431671	81.63009708
chr3	172124559	1.468877514	81.6301274
chr3	172124564	1.72763572	81.63013475
chr3	172124569	1.647611455	81.63014338
chr3	172124570	1.590444038	81.63014503
chr3	172124596	1.414159894	81.63018638
chr3	172124608	1.408259195	81.63020335
chr3	172124862	1.399612415	81.63056105
chr3	172125104	1.268388297	81.63089976
chr3	172125119	1.581818246	81.63091878
chr3	172125135	6.464631507	81.63094409
chr3	172125831	6.325392026	81.63544348
chr3	172125985	6.323314507	81.63641759
chr3	172126262	9.148023931	81.63816914
chr3	172126328	9.14755846	81.63877291
chr3	172126642	9.547603889	81.64164525
chr3	172126656	9.898275991	81.64177891
chr3	172126667	11.42268529	81.6418878
chr3	172126696	11.41403482	81.64221905
chr3	172127568	10.18139911	81.65217209
chr3	172129087	6.468902695	81.66763764
chr3	172129248	7.401959085	81.66867913
chr3	172130216	7.932379	81.67584423
chr3	172130236	6.158717348	81.67600287
chr3	172130270	6.230609434	81.67621227
chr3	172131198	5.214336566	81.68199428
chr3	172131208	5.218741406	81.68204642
chr3	172131268	5.843160923	81.68235954
chr3	172136889	4.975233678	81.71520395
chr3	172137151	4.295386879	81.71650746
chr3	172137160	3.842427153	81.71654612
chr3	172137171	2.96607131	81.71658839
chr3	172137176	1.680275381	81.71660322
chr3	172139084	1.426207165	81.71980918
chr3	172141458	1.219941229	81.723195
chr3	172141579	1.342187091	81.72334261
chr3	172168474	1.271614823	81.75944073
chr3	172168586	1.256045249	81.75958315
chr3	172168904	1.252717724	81.75998258
chr3	172168932	1.136639862	81.76001765
chr3	172169350	1.163406977	81.76049277
chr3	172169537	0.8675995034	81.76071033
chr3	172174154	0.7884111097	81.76471603
chr3	172174192	0.7147999558	81.76474599
chr3	172175778	0.6337962557	81.76587967
chr3	172175823	0.64965845	81.76590819
chr3	172181584	0.2847610609	81.76965087
chr3	172181694	0.3153126225	81.76968219
chr3	172182681	0.2833407846	81.76999341
chr3	172302443	0.1983504763	81.80392686
chr3	172303237	0.1680259425	81.80408435
chr3	172304590	0.1748728078	81.80431169
chr3	172304718	0.1881951159	81.80433408
chr3	172305743	0.1995285253	81.80452698
chr3	172305747	0.2193648585	81.80452778
chr3	172305858	0.236449978	81.80455213
chr3	172307171	0.2096828633	81.80486258
chr3	172408220	0.1685251298	81.82605083
chr3	172408361	0.1770036659	81.82607459
chr3	172408393	0.1611414719	81.82608025
chr3	172624391	0.1381054761	81.86088649
chr3	172625796	0.1585552648	81.86108053
chr3	172625819	0.1790532828	81.86108417
chr3	172631247	0.1563863222	81.86205608
chr3	172841154	0.1849430359	81.89488266
chr3	172843264	0.213859459	81.89527289
chr3	172843387	0.1867338075	81.89529919
chr3	172843468	0.1782552708	81.89531432
chr3	172843488	0.2367497374	81.89531788
chr3	172894473	0.2846342468	81.90738857
chr3	172894489	0.2571748752	81.90739312
chr3	172896525	0.2688681938	81.90791673
chr3	172902014	0.2715966085	81.90939255
chr3	172906555	0.2131021422	81.91062587
chr3	172911019	0.2401730153	81.91157716
chr3	172911117	0.3026932761	81.91160069
chr3	172911148	0.2980032869	81.91161008
chr3	172911213	0.3520600564	81.91162945
chr3	172911277	0.3473528622	81.91165198
chr3	172968712	1.935511816	81.93160219
chr3	172968730	1.959659954	81.93163703
chr3	172968757	1.895551263	81.93168994
chr3	172969826	1.891120831	81.93371629
chr3	172969913	1.885565462	81.93388081
chr3	172970123	5.926571906	81.93427678
chr3	172970205	5.992026564	81.93476276
chr3	172970230	8.825794129	81.93491256
chr3	172970338	17.08357415	81.93586575
chr3	172970788	8.885639684	81.94355336
chr3	172970841	8.856723261	81.9440243
chr3	172970853	8.852119496	81.94413058
chr3	172971022	3.151592571	81.94562658
chr3	172971032	3.24589441	81.9456581
chr3	172971514	3.265741714	81.94722262
chr3	172971523	3.255070531	81.94725201
chr3	172971532	3.299761227	81.94728131
chr3	172971537	0.5193506922	81.94729781
chr3	172971553	0.5267104797	81.94730612
chr3	172971554	0.516040252	81.94730664
chr3	172975974	0.5239830121	81.94958754
chr3	172976006	0.57023857	81.94960431
chr3	172976116	0.6731314222	81.94966704
chr3	173029011	0.6814440899	81.98527232
chr3	173079033	1.412178371	82.01935952
chr3	173079087	1.446278517	82.01943578
chr3	173079249	1.455972541	82.01967007
chr3	173079733	1.811542339	82.02037476
chr3	173080340	1.829163297	82.02147437
chr3	173080450	4.323175531	82.02167558
chr3	173081896	1.602360883	82.02792689
chr3	173083974	1.569697474	82.0312566
chr3	173083976	0.7430278212	82.03125973
chr3	173083982	0.7964873412	82.03126419
chr3	173085210	0.9217249856	82.03224228
chr3	173085991	0.9983612506	82.03296215
chr3	173086016	1.014329929	82.03298711
chr3	173086611	1.039903068	82.03359063
chr3	173086647	1.096154484	82.03362807
chr3	173090628	0.7370128741	82.03799186
chr3	173090719	0.7611805506	82.03805893
chr3	173090765	0.7788936438	82.03809394
chr3	173090797	0.8840015637	82.03811887
chr3	173090806	0.9547836252	82.03812682
chr3	173090809	0.9820564369	82.03812969
chr3	173090899	0.9886958384	82.03821807
chr3	173090939	0.9986175487	82.03825762
chr3	173091015	1.181107347	82.03833351
chr3	173099834	1.220143294	82.0487497
chr3	173099840	1.228598492	82.04875702
chr3	173099841	1.247090353	82.04875825
chr3	173099852	1.26687365	82.04877197
chr3	173100355	1.304364966	82.04940921
chr3	173297151	1.258437249	82.30610301
chr3	173299033	1.089586549	82.30847139
chr3	173299043	0.9766871102	82.30848229
chr3	173299108	0.9412486639	82.30854577
chr3	173299131	0.9174065535	82.30856742
chr3	173299338	0.8480224909	82.30875732
chr3	173299464	0.8303432679	82.30886418
chr3	173299484	0.8720127389	82.30888078
chr3	173299689	0.8740266414	82.30905954
chr3	173299711	0.8773130735	82.30907877
chr3	173299728	0.8602144112	82.30909369
chr3	173377399	0.835205606	82.3759074
chr3	173377407	0.8359114978	82.37591408
chr3	173440431	0.8017952788	82.42859657
chr3	173443511	0.7910611578	82.4310661
chr3	173443958	0.8474851271	82.4314197
chr3	173444156	0.8370386751	82.4315875
chr3	173462680	0.6975855936	82.44709281
chr3	173462747	0.9539627868	82.44713955
chr3	173462757	0.9342325882	82.44714909
chr3	173472800	0.8650336801	82.45653158
chr3	173472819	0.8554969598	82.45654802
chr3	173472885	0.8342761357	82.45660448
chr3	173475838	0.835210682	82.4590681
chr3	173476313	0.8689219818	82.45946483
chr3	173476600	0.6015329811	82.45971421
chr3	173476639	0.4520780589	82.45973767
chr3	173528159	0.4853709853	82.48302873
chr3	173534166	0.5979741847	82.48594435
chr3	173536134	0.7209267546	82.48712116
chr3	173536145	0.9305663013	82.48712909
chr3	173536148	0.9414626981	82.48713189
chr3	173536213	1.395747757	82.48719308
chr3	173536236	1.461870268	82.48722518
chr3	173536282	1.525383432	82.48729243
chr3	173537463	1.555696753	82.48909391
chr3	173575286	1.607476088	82.54793503
chr3	173576248	1.613360467	82.54948142
chr3	173576768	1.666239753	82.55032037
chr3	173646532	1.273750229	82.66656392
chr3	173646542	1.173458595	82.66657665
chr3	173646557	1.317907086	82.66659425
chr3	173646615	1.251077309	82.66667069
chr3	173647709	1.217983461	82.66803937
chr3	173647929	1.318311655	82.66830733
chr3	173647941	2.106384453	82.66832315
chr3	173647980	2.361884376	82.6684053
chr3	173659006	2.438372618	82.69444743
chr3	173659025	2.378294911	82.69449376
chr3	173659161	3.444858415	82.69481721
chr3	173659191	3.88523928	82.69492056
chr3	173659635	4.239557972	82.6966456
chr3	173659646	4.669825012	82.69669224
chr3	173659666	4.663276106	82.69678564
chr3	173661010	6.887479311	82.70305308
chr3	173661423	8.512868888	82.70589761
chr3	173661429	9.113792575	82.70594868
chr3	173661483	12.07048582	82.70644083
chr3	173667449	11.45829356	82.77845335
chr3	173667568	10.41698901	82.77981688
chr3	173668407	6.41143377	82.78855674
chr3	173668594	4.772506512	82.78975568
chr3	173668759	3.001344618	82.79054314
chr3	173668778	2.266837104	82.79060017
chr3	173668799	1.820915403	82.79064777
chr3	173668856	2.314979156	82.79075156
chr3	173668862	2.637654183	82.79076545
chr3	173668889	2.258432297	82.79083667
chr3	173669097	2.083735583	82.79130642
chr3	173669148	2.234389829	82.79141269
chr3	173686705	2.237401098	82.83064187
chr3	173688833	1.870459872	82.83540306
chr3	173693569	1.768703955	82.84426156
chr3	173693635	1.086551801	82.8443783
chr3	173693773	1.186473079	82.84452824
chr3	173693856	1.424609554	82.84462672
chr3	173693875	1.44600204	82.84465379
chr3	173693878	1.542329967	82.84465812
chr3	173695123	1.555655127	82.84657832
chr3	173695145	1.478021179	82.84661255
chr3	173729570	1.404947058	82.89749343
chr3	173729610	1.122046641	82.89754963
chr3	173731519	1.0060187	82.89969161
chr3	173732049	0.9345854406	82.9002248
chr3	173732114	0.8762675914	82.90028555
chr3	173732175	0.8846078015	82.900339
chr3	173732187	0.951059947	82.90034962
chr3	173732243	1.051137012	82.90040288
chr3	173748992	1.099254496	82.91800837
chr3	173749015	1.177564969	82.91803365
chr3	173836227	1.297533685	83.02073145
chr3	173836273	1.319750397	83.02079114
chr3	173837478	1.447647725	83.02238144
chr3	173838143	1.453216234	83.02334412
chr3	173838255	1.418481186	83.02350688
chr3	173838420	1.844048413	83.02374093
chr3	173838421	1.908280969	83.02374278
chr3	173839245	1.987543226	83.0253152
chr3	173839254	1.96146455	83.02533309
chr3	173839474	1.971578603	83.02576461
chr3	173840351	1.972052266	83.02749368
chr3	173842268	1.984127664	83.03127411
chr3	173842981	1.985469343	83.03268879
chr3	173844737	2.027492221	83.03617527
chr3	173865977	2.005897493	83.07923921
chr3	173866126	1.872746894	83.07953809
chr3	173866273	1.74996614	83.07981338
chr3	173866322	1.372459403	83.07989913
chr3	173866404	1.355181945	83.08001167
chr3	173886178	1.331227408	83.10680904
chr3	173887127	1.369789057	83.10807237
chr3	173907309	1.315581864	83.13571746
chr3	173940199	1.209817344	83.17898695
chr3	173940213	1.206263561	83.17900388
chr3	173940270	1.085693317	83.17907264
chr3	173940295	1.067961835	83.17909978
chr3	173940302	1.029359097	83.17910726
chr3	173970217	1.000734423	83.20990053
chr3	173970238	0.6689016396	83.20992155
chr3	173971931	0.6898813399	83.211054
chr3	173971973	0.661167741	83.21108298
chr3	173972021	0.634001073	83.21111471
chr3	173972652	0.6143964356	83.21151477
chr3	174002588	0.609749479	83.22990734
chr3	174092159	0.591756816	83.28452321
chr3	174092160	0.561499192	83.2845238
chr3	174092162	0.5440691417	83.28452492
chr3	174092207	0.529485645	83.28454941
chr3	174147771	0.4194092271	83.31396975
chr3	174165442	0.4030300286	83.32138113
chr3	174165571	0.3828817169	83.32143312
chr3	174166374	0.3748540141	83.32174057
chr3	174166383	0.3437517376	83.32174395
chr3	174166453	0.3631333243	83.32176801
chr3	174166454	0.3811217636	83.32176837
chr3	174166480	0.4002317617	83.32177828
chr3	174203174	0.3800738071	83.33646439
chr3	174204221	0.3699597541	83.33686232
chr3	174208462	0.3544740326	83.33843132
chr3	174246924	0.4392142944	83.3520651
chr3	174247014	0.4691665578	83.35210463
chr3	174249129	0.6052583418	83.35309692
chr3	174249228	0.5607333882	83.35315684
chr3	174252617	0.5961171009	83.35505716
chr3	174254107	0.6296907489	83.35594538
chr3	174356788	0.5961122298	83.42060266
chr3	174356792	0.543153352	83.42060504
chr3	174356876	0.7234795146	83.42065066
chr3	174356918	2.409250168	83.42068105
chr3	174359524	2.806445277	83.42695956
chr3	174359560	3.260261309	83.42706059
chr3	174359561	4.435285452	83.42706385
chr3	174359587	4.460805991	83.42717917
chr3	174360144	5.061624701	83.42966384
chr3	174361126	5.416070368	83.43463435
chr3	174363330	5.376449204	83.44657137
chr3	174363519	5.370445873	83.44758752
chr3	174363527	6.555212084	83.44763048
chr3	174364144	8.159410129	83.45167505
chr3	174364989	7.702332876	83.45856975
chr3	174365070	10.22391217	83.45919364
chr3	174366474	10.18006604	83.47354801
chr3	174366533	7.658486742	83.47414864
chr3	174367683	7.204279588	83.48295589
chr3	174367686	7.990694106	83.48297751
chr3	174367689	7.6949776	83.48300148
chr3	174367727	7.245255486	83.48329389
chr3	174367736	6.358226425	83.4833591
chr3	174367756	6.46032167	83.48348626
chr3	174368054	6.47043772	83.48541144
chr3	174370155	8.531895822	83.49900583
chr3	174370179	8.501943559	83.49921059
chr3	174371534	9.869001147	83.51073073
chr3	174371650	8.949477323	83.51187553
chr3	174371676	12.44798501	83.51210822
chr3	174371724	11.58422898	83.51270572
chr3	174371752	22.71205412	83.51303008
chr3	174372377	6.229895546	83.52722511
chr3	174372458	0.5091653033	83.52772973
chr3	174372491	0.5652195559	83.52774654
chr3	174373300	0.7364094455	83.5282038
chr3	174499360	0.7075493505	83.62103557
chr3	174500631	0.687016495	83.62193487
chr3	174501326	0.6585624225	83.62241234
chr3	174501669	0.7862892643	83.62263823
chr3	174503577	7.358270092	83.62413847
chr3	174503646	7.330166957	83.62464619
chr3	174504116	7.316184369	83.62809137
chr3	174504140	0.6965100929	83.62826696
chr3	174504151	0.7008739849	83.62827462
chr3	174504534	0.7915341627	83.62854306
chr3	174504549	0.9682385146	83.62855493
chr3	174504552	1.046907455	83.62855783
chr3	174504699	1.098964244	83.62871173
chr3	174643700	3.883168401	83.78146886
chr3	174644418	3.878726154	83.78425697
chr3	174644704	3.799844288	83.78536629
chr3	174644715	4.814995226	83.78540809
chr3	174644806	4.940721129	83.78584625
chr3	174644898	4.888123049	83.7863008
chr3	174644901	4.904287941	83.78631546
chr3	174645025	3.231219322	83.78692359
chr3	174646585	3.305127287	83.7919643
chr3	174646849	3.329075499	83.79283685
chr3	174646925	3.362390288	83.79308986
chr3	174647944	2.278041705	83.79651613
chr3	174647999	2.252298017	83.79664143
chr3	174648099	2.262121273	83.79686666
chr3	174648193	2.432638618	83.7970793
chr3	174648344	2.511835603	83.79744662
chr3	174648361	1.510997028	83.79748933
chr3	174648949	1.553787713	83.79837779
chr3	174689026	1.386521722	83.86064894
chr3	174732017	1.344221204	83.9202569
chr3	174732178	1.301952674	83.92047332
chr3	174732197	1.291718702	83.92049805
chr3	174732209	1.161380741	83.92051355
chr3	174732703	1.073910708	83.92108728
chr3	174732729	0.9485078746	83.9211152
chr3	174733032	0.8555510822	83.9214026
chr3	174734481	0.6873765461	83.92264229
chr3	174735161	0.6445858614	83.92310971
chr3	174735407	0.6186994097	83.92326827
chr3	174735735	1.168805946	83.92347121
chr3	174735757	1.855832887	83.92349692
chr3	174735804	1.773135916	83.92358415
chr3	174737127	1.743564293	83.92593
chr3	174742523	1.777594745	83.93533828
chr3	174743939	1.762210733	83.93785535
chr3	174745601	1.361790268	83.94078415
chr3	174745614	0.9875313145	83.94080185
chr3	174745730	0.972236407	83.9409164
chr3	174748178	0.9834667619	83.94329644
chr3	174749908	1.053129026	83.94499783
chr3	174749914	1.076132522	83.94500415
chr3	174749923	1.099123545	83.94501384
chr3	174749964	5.553490464	83.9450589
chr3	174749968	5.599178957	83.94508112
chr3	174750052	5.644791844	83.94555145
chr3	174752017	5.59559922	83.95664346
chr3	174752023	5.596911954	83.95667704
chr3	174752025	5.60771147	83.95668823
chr3	174752250	5.610000378	83.95794997
chr3	174752320	2.128373079	83.95834267
chr3	174752360	2.092906704	83.9584278
chr3	174752391	2.104280788	83.95849268
chr3	174752407	2.116358677	83.95852635
chr3	174752528	2.128442263	83.95878243
chr3	174752561	2.140504279	83.95885267
chr3	174752563	2.151318765	83.95885695
chr3	174752684	2.196369809	83.95911726
chr3	174752717	2.375791989	83.95918974
chr3	174752777	1.075178959	83.95933229
chr3	174752794	1.113256182	83.95935056
chr3	174752860	0.9550529001	83.95942404
chr3	174857138	0.9444996587	84.05901504
chr3	174857145	0.9628346334	84.05902166
chr3	174857153	0.9811654193	84.05902936
chr3	174857213	1.013171792	84.05908823
chr3	174857219	1.030737964	84.05909431
chr3	174857259	1.001114013	84.05913554
chr3	174857320	1.016689241	84.05919661
chr3	174858266	1.21656827	84.06015839
chr3	174886020	1.224587954	84.09392303
chr3	174910284	1.244865708	84.12363643
chr3	174910380	1.152088903	84.12375594
chr3	174910390	1.128750695	84.12376746
chr3	174910399	1.149123071	84.12377762
chr3	174911793	1.216747184	84.1253795
chr3	174918305	1.195386529	84.13330295
chr3	175002788	1.248901732	84.23429279
chr3	175004553	1.270782057	84.23649711
chr3	175004555	1.241503463	84.23649965
chr3	175057815	1.645829915	84.30262212
chr3	175057823	1.73519669	84.30263529
chr3	175057824	1.69574087	84.30263702
chr3	175057847	1.962364594	84.30267602
chr3	175057933	2.168688449	84.30284479
chr3	175057944	2.221240806	84.30286864
chr3	175057945	2.975365762	84.30287087
chr3	175058349	3.435992337	84.30407291
chr3	175058403	3.468186091	84.30425846
chr3	175059444	3.449848746	84.30786884
chr3	175071723	3.385127375	84.35022953
chr3	175074140	3.362613274	84.35841138
chr3	175076669	3.893087413	84.36691543
chr3	175076731	3.847940683	84.3671568
chr3	175076807	4.094267451	84.36744925
chr3	175076869	4.302252323	84.36770309
chr3	175078566	4.22491342	84.37500401
chr3	175078952	4.52124713	84.37663483
chr3	175091398	4.382907502	84.43290627
chr3	175091433	4.019174429	84.43305967
chr3	175091481	3.998802054	84.43325259
chr3	175093058	3.91780195	84.43955871
chr3	175093569	3.54977026	84.4415607
chr3	175093621	2.874788868	84.44174529
chr3	175093639	2.875585294	84.44179704
chr3	175093686	9.714344781	84.44193219
chr3	175093693	9.501244403	84.44200019
chr3	175093825	9.502527518	84.44325435
chr3	175094117	11.41897452	84.44602909
chr3	175094175	3.451168996	84.44669139
chr3	175095945	1.417629993	84.45279996
chr3	175095977	1.502275366	84.45284533
chr3	175096033	1.617167468	84.45292945
chr3	175096057	1.63060367	84.45296827
chr3	175096870	1.677053815	84.45429395
chr3	175096980	1.603293007	84.45447842
chr3	175097086	1.328355991	84.45464837
chr3	175097128	1.556587383	84.45470416
chr3	175128142	1.795956194	84.50298016
chr3	175128201	2.79853152	84.50308612
chr3	175128222	3.110050665	84.50314489
chr3	175131467	2.986630185	84.51323701
chr3	175131491	1.854753496	84.51330869
chr3	175136193	1.701612883	84.52202974
chr3	175136235	1.248246065	84.52210121
chr3	175136236	1.172003932	84.52210245
chr3	175139530	1.162867934	84.52596304
chr3	175139600	0.7742608426	84.52604444
chr3	175172925	0.722764355	84.55184668
chr3	175172927	0.6402440447	84.55184812
chr3	175172968	1.006266201	84.55187437
chr3	175173042	1.028337544	84.55194884
chr3	175175495	1.094379267	84.55447135
chr3	175176290	1.029778468	84.55534138
chr3	175176575	1.052327661	84.55563487
chr3	175177337	1.161722515	84.55643674
chr3	175183355	0.6641772045	84.56342799
chr3	175184933	0.5892152649	84.56447606
chr3	175340176	0.5502049147	84.6559476
chr3	175340185	0.473990049	84.65595256
chr3	175340193	0.4513377027	84.65595635
chr3	175343273	0.4341896836	84.65734647
chr3	175346022	0.42617	84.65854006
chr3	175370619	0.3134521079	84.66902256
chr3	175409894	0.4494064057	84.68133339
chr3	175410291	0.3616902743	84.68151181
chr3	175410430	0.3669356597	84.68156208
chr3	175410460	0.351111093	84.68157309
chr3	175410727	0.3639885778	84.68166684
chr3	175411044	0.6565185355	84.68178222
chr3	175411189	0.6588055285	84.68187741
chr3	175411199	0.6433230566	84.681884
chr3	175411303	0.650733522	84.68195091
chr3	175413708	0.6864389724	84.68351592
chr3	175413717	0.7196118207	84.6835221
chr3	175417005	0.7398740909	84.68588818
chr3	175417056	0.7415937912	84.68592592
chr3	175417065	1.136771856	84.68593259
chr3	175417084	1.251965315	84.68595419
chr3	175417115	1.334666443	84.685993
chr3	175417837	1.447451013	84.68695663
chr3	175417880	1.510647157	84.68701887
chr3	175419649	1.55023753	84.68969121
chr3	175449109	1.396162497	84.7353612
chr3	175449114	1.165948106	84.73536818
chr3	175449199	2.832083214	84.73546729
chr3	175449309	2.840106194	84.73577882
chr3	175450471	2.891019554	84.73907902
chr3	175450546	2.594411199	84.73929585
chr3	175451346	0.926450381	84.74137138
chr3	175451393	0.9469252772	84.74141492
chr3	175512643	1.014936143	84.79941409
chr3	175512665	0.9467862247	84.79943642
chr3	175512676	0.9485861625	84.79944684
chr3	175512677	0.8532776934	84.79944779
chr3	175512738	0.8344203254	84.79949984
chr3	175512789	0.842039061	84.79954239
chr3	175512830	0.802448688	84.79957692
chr3	175512855	0.8388530404	84.79959698
chr3	175512858	0.8454000027	84.79959949
chr3	175514171	0.8576302343	84.8007095
chr3	175539689	1.185939816	84.82259451
chr3	175549230	1.203103483	84.83390956
chr3	175549267	1.222192513	84.83395408
chr3	175549289	1.251190308	84.83398097
chr3	175552214	1.303682603	84.8376407
chr3	175557114	1.140070542	84.84402874
chr3	175557143	0.7482763061	84.8440618
chr3	175572952	0.725652022	84.85589131
chr3	175672806	0.697588864	84.92835056
chr3	175676434	0.6666638946	84.93088141
chr3	175676508	0.5486119657	84.93093075
chr3	175676537	0.5179675998	84.93094666
chr3	175680690	0.5341271797	84.93309778
chr3	175683062	0.5801835617	84.93436473
chr3	175730951	0.5906311083	84.96214914
chr3	175785197	0.5033824062	84.99418851
chr3	175908980	0.4831645413	85.0564987
chr3	175908981	0.5135732729	85.05649918
chr3	175909122	0.5486260644	85.05657159
chr3	175963203	0.5866594582	85.08624184
chr3	176076336	0.5967260369	85.15261238
chr3	176077056	0.5911869915	85.15304203
chr3	176077074	1.09764917	85.15305267
chr3	176077096	1.612659182	85.15307682
chr3	176080884	1.550871995	85.15918557
chr3	176083623	1.484023881	85.16343341
chr3	176084055	0.8752535928	85.16407451
chr3	176084358	0.3687914142	85.16433971
chr3	176084405	1.017430762	85.16435704
chr3	176084407	0.9932194375	85.16435908
chr3	176084458	0.9357900353	85.16440973
chr3	176084899	0.9054762163	85.16482241
chr3	176085251	0.8965937026	85.16514114
chr3	176085332	1.599161124	85.16521377
chr3	176089869	0.9277669406	85.17246916
chr3	176089873	0.9536491348	85.17247287
chr3	176089885	0.9468257988	85.17248431
chr3	176090664	0.2549521101	85.17322189
chr3	176094195	0.2566035444	85.17412213
chr3	176095032	0.3069712591	85.1743369
chr3	176095035	0.3723905759	85.17433783
chr3	176095041	0.3444087298	85.17434006
chr3	176109147	0.3259656827	85.17919829
chr3	176298115	0.3092931564	85.24079537
chr3	176298388	0.2926796131	85.24087981
chr3	176298852	0.3053957593	85.24101561
chr3	176304415	0.3660383465	85.24271453
chr3	176362845	0.5084766372	85.26410215
chr3	176362897	0.6285843137	85.26412859
chr3	176363966	0.6149562	85.26480055
chr3	176364496	0.7518760753	85.26512647
chr3	176365248	0.7190770491	85.26569189
chr3	176398742	0.6113543805	85.28977665
chr3	176398760	0.6299647315	85.28978766
chr3	176398930	0.647022203	85.28989475
chr3	176401610	0.6563140805	85.29162877
chr3	176429166	0.5548167909	85.30971416
chr3	176430307	0.5506338679	85.31034721
chr3	176430608	0.5703227716	85.31051295
chr3	176430858	0.5160406023	85.31065553
chr3	176463739	0.4794579231	85.32762346
chr3	176463755	0.5237642947	85.32763113
chr3	176612252	0.5649395821	85.40540856
chr3	176615102	0.5225882428	85.40701863
chr3	176615203	0.4028627114	85.40707142
chr3	176615216	0.3315532096	85.40707665
chr3	176616025	0.3246028497	85.40734488
chr3	176616043	0.3655944254	85.40735072
chr3	176617715	0.3480370314	85.407962
chr3	176617945	0.3938457763	85.40804205
chr3	176617976	0.4809016832	85.40805425
chr3	176619205	0.5418893826	85.40864528
chr3	176619208	0.548391391	85.40864691
chr3	176619210	0.5413535317	85.408648
chr3	176713113	0.4633058823	85.45948273
chr3	176713160	0.4573871472	85.4595045
chr3	176713200	0.4703673714	85.4595228
chr3	176713248	0.4251725716	85.45954537
chr3	176713274	0.4952101913	85.45955643
chr3	176713289	0.6688595811	85.45956386
chr3	176713297	0.621443644	85.45956921
chr3	176714257	0.5838820895	85.46016579
chr3	176714275	0.5455735867	85.4601763
chr3	176714314	0.6127178071	85.46019758
chr3	176714431	0.6164259301	85.46026927
chr3	176714490	0.7262027935	85.46030564
chr3	176714495	0.7951297852	85.46030927
chr3	176714569	1.056554793	85.46036811
chr3	176714637	1.102409668	85.46043995
chr3	176714654	1.34086739	85.4604587
chr3	176714657	1.379880814	85.46046272
chr3	176714660	1.455688306	85.46046686
chr3	176714687	1.452768107	85.46050616
chr3	176714695	1.745971723	85.46051778
chr3	176714791	1.801559321	85.4606854
chr3	176714792	1.963824077	85.4606872
chr3	176789761	1.916581965	85.60791313
chr3	176791407	2.130639672	85.61106782
chr3	176791412	3.218896141	85.61107847
chr3	176791580	3.170940047	85.61161925
chr3	176792330	3.1497853	85.61399745
chr3	176794836	3.103753051	85.62189081
chr3	176794878	3.13541794	85.62202117
chr3	176794975	2.100034693	85.62232531
chr3	176795001	2.071613975	85.62237991
chr3	176795025	2.050777537	85.62242963
chr3	176795052	1.95978164	85.622485
chr3	176795088	2.455091538	85.62255555
chr3	176798544	2.411199635	85.63104035
chr3	176798631	2.46033367	85.63125012
chr3	176798662	2.280918752	85.63132639
chr3	176808641	1.833253973	85.65408768
chr3	176808732	1.598538633	85.65425451
chr3	176809170	1.699883919	85.65495467
chr3	176809195	1.769943751	85.65499716
chr3	176809216	1.252348979	85.65503433
chr3	176860571	4.368117989	85.71934871
chr3	176860651	4.267035274	85.71969816
chr3	176861184	4.118056772	85.72197249
chr3	176861190	5.594106285	85.7219972
chr3	176861270	5.569179459	85.72244473
chr3	176861755	2.174044466	85.72514578
chr3	176861772	2.115618554	85.72518274
chr3	176861805	1.979987877	85.72525256
chr3	176861851	6.098517421	85.72534363
chr3	176862610	6.118568208	85.72997241
chr3	176863335	6.182663533	85.73440837
chr3	176863484	3.95092103	85.73532959
chr3	176863604	3.978308339	85.7358037
chr3	176863736	2.556939269	85.73632884
chr3	176863828	0.7611590899	85.73656407
chr3	176863978	0.7649977252	85.73667825
chr3	176864143	0.7926801483	85.73680447
chr3	176864157	11.2689379	85.73681557
chr3	176864511	0.9235178283	85.74080477
chr3	176864784	0.9089094994	85.74105689
chr3	176920891	0.8448141748	85.79205308
chr3	176996914	0.8561167727	85.85627839
chr3	176997407	0.6002509859	85.85670045
chr3	176997435	0.5724977541	85.85671726
chr3	176997442	0.512802336	85.85672127
chr3	176997521	0.6728293722	85.85676178
chr3	176998304	0.6184065968	85.8572886
chr3	176998417	0.6510760784	85.85735848
chr3	176998451	3.034648504	85.85738062
chr3	176998455	7.80896388	85.85739276
chr3	176998497	7.781966599	85.85772074
chr3	176999985	5.444101214	85.8693003
chr3	176999998	3.05325837	85.86937108
chr3	177000016	0.6899845023	85.86942603
chr3	177000043	0.7386343663	85.86944466
chr3	177000064	4.258739812	85.86946018
chr3	177000805	4.339750628	85.8726159
chr3	177000854	4.440782301	85.87282855
chr3	177000857	4.489954828	85.87284187
chr3	177000871	4.602711456	85.87290473
chr3	177000872	4.840313281	85.87290933
chr3	177000875	5.019932515	85.87292385
chr3	177001096	5.334066983	85.87403326
chr3	177001112	1.813961532	85.8741186
chr3	177001113	2.004081843	85.87412042
chr3	177001115	2.037574396	85.87412443
chr3	177001120	2.225666744	85.87413461
chr3	177001185	2.275077688	85.87427928
chr3	177010651	2.31217316	85.89581517
chr3	177037085	2.340683417	85.95693515
chr3	177037191	2.389738267	85.95718327
chr3	177037199	2.485193814	85.95720238
chr3	177037368	2.435819012	85.95762238
chr3	177037641	2.561113892	85.95828736
chr3	177037659	3.383878743	85.95833346
chr3	177039631	3.933501882	85.96500647
chr3	177044581	3.400553238	85.9844773
chr3	177045498	3.457658709	85.98759561
chr3	177046343	3.298963968	85.99051733
chr3	177046353	3.585697908	85.99055032
chr3	177075846	2.557458519	86.09630331
chr3	177075860	2.214296089	86.09633912
chr3	177075863	2.164939351	86.09634576
chr3	177075872	2.345361846	86.09636524
chr3	177075880	2.296189318	86.09638401
chr3	177075902	2.431578715	86.09643452
chr3	177083895	2.504908066	86.11587013
chr3	177109977	2.363466822	86.18120314
chr3	177110046	2.339606879	86.18136622
chr3	177110099	1.95901021	86.18149022
chr3	177110247	1.867701163	86.18178015
chr3	177110275	5.000081818	86.18183245
chr3	177111080	4.895379811	86.18585752
chr3	177111095	4.79072236	86.18593095
chr3	177111114	4.655189441	86.18602197
chr3	177111230	4.681452603	86.18656197
chr3	177111261	4.794668234	86.1867071
chr3	177111338	4.761998753	86.18707629
chr3	177111425	4.778240505	86.18749058
chr3	177111465	1.605912695	86.18768171
chr3	177116966	1.40037127	86.19651584
chr3	177117032	1.370484073	86.19660826
chr3	177124813	1.280326429	86.207272
chr3	177126684	0.8349372026	86.20966749
chr3	177127251	0.8520506179	86.2101409
chr3	177127297	0.869339192	86.21018009
chr3	177128600	0.8867977849	86.21131284
chr3	177145583	0.7856171326	86.22637333
chr3	177191245	0.8232877382	86.26224618
chr3	177191284	0.866562427	86.26227828
chr3	177238980	0.9282680769	86.30360985
chr3	177331868	0.9005864628	86.38983481
chr3	177338560	0.8572647025	86.39586154
chr3	177339904	3.491624647	86.3970137
chr3	177339915	3.477653171	86.39705211
chr3	177340049	3.409241661	86.39751811
chr3	177340242	3.371612639	86.3981761
chr3	177340274	3.355504076	86.39828399
chr3	177340591	3.359805649	86.39934768
chr3	177340624	3.345870009	86.39945856
chr3	177340679	3.796103543	86.39964258
chr3	177341285	3.780146386	86.40194302
chr3	177341287	1.695037247	86.40195058
chr3	177342393	1.662054139	86.40382529
chr3	177342395	2.350724274	86.40382861
chr3	177342704	2.362670203	86.40455499
chr3	177342728	2.346800025	86.40461169
chr3	177342817	2.32968661	86.40482056
chr3	177345263	2.218030368	86.41051897
chr3	177347613	1.713744758	86.41573134
chr3	177347622	0.4226863268	86.41574677
chr3	177347624	0.4976288298	86.41574761
chr3	177347657	0.5324721795	86.41576403
chr3	177475377	0.3396322445	86.48377138
chr3	177475617	0.3122932406	86.48385289
chr3	177475864	0.3150889768	86.48393003
chr3	177476098	0.3586733736	86.48400376
chr3	177478491	0.3612268636	86.48486206
chr3	177478668	0.3411727245	86.484926
chr3	177480597	0.3123657235	86.48558412
chr3	177522258	0.2920589505	86.49859759
chr3	177522326	0.3567477089	86.49861745
chr3	177522439	0.3783213469	86.49865776
chr3	177522491	0.4438583545	86.49867744
chr3	177522493	0.4654423407	86.49867832
chr3	177522494	0.5571318477	86.49867879
chr3	177560740	0.6149904991	86.51998685
chr3	177560770	3.152819687	86.5200053
chr3	177561410	3.162906941	86.52202311
chr3	177562238	0.5940030394	86.524642
chr3	177563598	0.7093849886	86.52544984
chr3	177565480	0.7688622036	86.5267849
chr3	177598882	0.7613120241	86.55246644
chr3	177598912	0.7911143534	86.55248928
chr3	177691452	0.7051839131	86.625699
chr3	177691481	0.6833534153	86.62571945
chr3	177691484	0.6545068595	86.6257215
chr3	177691567	1.620665894	86.62577582
chr3	177693408	2.036955202	86.62875947
chr3	177693410	2.105481826	86.62876354
chr3	177693438	2.055790273	86.6288225
chr3	177693452	2.034911435	86.62885128
chr3	177694929	2.278567869	86.63185684
chr3	177694935	2.535502716	86.63187051
chr3	177694941	2.532694771	86.63188573
chr3	177701145	2.488621437	86.64759857
chr3	177702078	2.063123108	86.64992045
chr3	177709010	2.07582383	86.66422202
chr3	177709289	1.857664294	86.66480117
chr3	177709293	0.9320629601	86.6648086
chr3	177709294	6.373169906	86.66480954
chr3	177709310	6.387548635	86.66491151
chr3	177709352	6.396216671	86.66517978
chr3	177709367	6.270272506	86.66527573
chr3	177709405	6.290109098	86.665514
chr3	177709437	6.050172984	86.66571528
chr3	177709949	6.06388272	86.66881297
chr3	177709972	0.4037737966	86.66895244
chr3	177709973	0.4719961382	86.66895284
chr3	177709985	0.4919021979	86.66895851
chr3	177818948	0.5226503455	86.72255765
chr3	177824707	0.5239245531	86.72556759
chr3	177825015	0.5200859178	86.72572896
chr3	177891769	0.5014881566	86.76044677
chr3	177892459	0.4812725209	86.7607928
chr3	177895309	0.4524709624	86.76216443
chr3	177895314	0.4343648279	86.76216669
chr3	177895378	0.4145282361	86.76219449
chr3	177895388	0.4279822746	86.76219863
chr3	177895573	0.4448024384	86.76227781
chr3	177895578	0.4267197359	86.76228003
chr3	177895608	0.4084748941	86.76229284
chr3	177966654	0.3123812071	86.79131334
chr3	177966658	0.298009288	86.79131459
chr3	177966701	0.2920499855	86.79132741
chr3	177967226	0.578147006	86.79148073
chr3	177967247	0.6110734424	86.79149287
chr3	177967387	0.9191771861	86.79157842
chr3	177968915	0.9178940712	86.79298293
chr3	177969099	1.332044531	86.79315182
chr3	177978112	1.337232089	86.80515754
chr3	177978978	0.591982829	86.80631558
chr3	177978994	0.5783014642	86.80632505
chr3	177979033	0.5616748194	86.80634761
chr3	177979098	0.5810235647	86.80638411
chr3	177979115	0.626342171	86.80639399
chr3	177979136	0.3123520011	86.80640715
chr3	177979169	0.3799622292	86.80641745
chr3	177979200	0.4446659465	86.80642923
chr3	177979289	0.4900732445	86.80646881
chr3	177979332	0.703350049	86.80648988
chr3	177979344	0.8401443946	86.80649832
chr3	177979388	0.936464991	86.80653529
chr3	177979435	0.9357119805	86.8065793
chr3	177979549	1.122534057	86.80668597
chr3	177979565	1.261515152	86.80670393
chr3	177979571	1.30917202	86.8067115
chr3	178056962	1.340569433	86.90802963
chr3	178056980	1.325585808	86.90805376
chr3	178057418	1.136412259	86.90863437
chr3	178057436	4.562768187	86.90865483
chr3	178057726	4.515710115	86.90997803
chr3	178058902	4.479590254	86.9152885
chr3	178059684	1.095889951	86.91879154
chr3	178060511	1.194399792	86.91969784
chr3	178060518	1.103641448	86.9197062
chr3	178060533	1.077810583	86.91972276
chr3	178060538	1.111019721	86.91972815
chr3	178060542	1.144757312	86.91973259
chr3	178061789	1.208622667	86.9211601
chr3	178062897	1.241120337	86.92249926
chr3	178066029	1.276743912	86.92638645
chr3	178066338	1.312474101	86.92678096
chr3	178066908	1.454620534	86.92752907
chr3	178067433	1.654361544	86.92829275
chr3	178067537	1.90473377	86.9284648
chr3	178067550	2.182352859	86.92848956
chr3	178071485	2.199356318	86.93707712
chr3	178071505	1.974640648	86.93712111
chr3	178166934	1.900645027	87.12555909
chr3	178167096	1.863586074	87.125867
chr3	178167259	4.723930498	87.12617076
chr3	178167374	4.687018015	87.12671401
chr3	178167395	4.652496197	87.12681244
chr3	178169586	4.567688395	87.13700606
chr3	178169760	3.080171399	87.13780084
chr3	178169787	3.046412197	87.137884
chr3	178169803	3.136589677	87.13793274
chr3	178169881	3.064498094	87.1381774
chr3	178169888	4.869758868	87.13819885
chr3	178169889	4.833715898	87.13820372
chr3	178169922	5.05107077	87.13836323
chr3	178171559	5.017843686	87.14663183
chr3	178171562	5.109957607	87.14664689
chr3	178171624	6.428551511	87.14696371
chr3	178171649	6.475472112	87.14712442
chr3	178171655	6.473860944	87.14716327
chr3	178172609	6.44094515	87.15333933
chr3	178172831	4.394229955	87.15476922
chr3	178174343	4.409966085	87.1614133
chr3	178174353	3.190462283	87.1614574
chr3	178174383	3.221625764	87.16155311
chr3	178174444	4.031313258	87.16174963
chr3	178174458	4.185551538	87.16180607
chr3	178174465	3.835926505	87.16183537
chr3	178175080	3.868468035	87.16419447
chr3	178210526	6.816512106	87.30131618
chr3	178210539	6.623518164	87.3014048
chr3	178210558	7.130258618	87.30153064
chr3	178210691	7.087292283	87.30247897
chr3	178210712	6.869570415	87.3026278
chr3	178211494	7.368430524	87.30799981
chr3	178211603	7.416397843	87.30880297
chr3	178211611	7.224989905	87.3088623
chr3	178211625	3.84431221	87.30896345
chr3	178212752	4.411962076	87.31329599
chr3	178212755	4.290766134	87.31330922
chr3	178217625	4.223712953	87.33420525
chr3	178217684	4.146529286	87.33445445
chr3	178217834	4.054324283	87.33507643
chr3	178217838	2.719448277	87.33509265
chr3	178218269	2.692394613	87.33626473
chr3	178218341	2.151953195	87.33645858
chr3	178218889	1.799139668	87.33763785
chr3	178228679	1.875435784	87.35525143
chr3	178228707	1.937189952	87.35530394
chr3	178228718	2.369427988	87.35532525
chr3	178228745	2.554808415	87.35538923
chr3	178288445	1.092817149	87.50791129
chr3	178288511	0.7570070674	87.50798342
chr3	178288526	0.7506379921	87.50799477
chr3	178288562	0.5460835051	87.50802179
chr3	178288607	0.5782645189	87.50804637
chr3	178288654	0.6042424898	87.50807355
chr3	178288702	0.552340039	87.50810255
chr3	178288772	0.6042207239	87.50814121
chr3	178289933	0.521994399	87.50884271
chr3	178292711	0.5138409406	87.51029281
chr3	178292761	0.48267746	87.51031851
chr3	178292791	0.5084827491	87.51033299
chr3	178292842	0.4345301385	87.51035892
chr3	178292963	0.4700523959	87.5104115
chr3	178369307	0.6927041587	87.54629718
chr3	178403229	0.6509739935	87.56979509
chr3	178403241	0.5620373145	87.5698029
chr3	178403242	0.2916549972	87.56980346
chr3	178405614	0.2342700087	87.57049527
chr3	178405643	0.2363802954	87.57050206
chr3	178412550	0.2055318712	87.57213474
chr3	178451119	0.2302586221	87.5800619
chr3	178455127	0.2361331533	87.58098477
chr3	178457883	0.2545990795	87.58163556
chr3	178520293	0.2383835275	87.59752509
chr3	178521386	0.2291953835	87.59778564
chr3	178521506	0.2444919396	87.59781314
chr3	178521518	0.3402199547	87.59781608
chr3	178523087	0.3469003426	87.59834988
chr3	178560055	0.2583471626	87.61117409
chr3	178560418	0.2768114356	87.61126787
chr3	178561470	0.2732357744	87.61155908
chr3	178561519	0.2597160099	87.61157247
chr3	178762676	0.2562625666	87.66381616
chr3	178763793	0.2680589101	87.66410241
chr3	178823385	0.2329369471	87.68007657
chr3	178831753	0.2584638572	87.68202579
chr3	179047811	0.2527405435	87.73786897
chr3	179047848	0.3573772154	87.73787832
chr3	179047867	0.4839797245	87.73788512
chr3	179047893	0.3556538988	87.7378977
chr3	179073981	0.3484706116	87.747176
chr3	179074171	0.3366274982	87.74724221
chr3	179074194	0.3311293421	87.74724995
chr3	179074223	0.3239545072	87.74725955
chr3	179074369	0.3314472577	87.74730685
chr3	179074383	0.3247762074	87.74731149
chr3	179074410	0.3195442478	87.74732026
chr3	179075311	0.3128638599	87.74760817
chr3	179075571	0.3288730722	87.74768951
chr3	179076523	0.3170767287	87.7480026
chr3	179076713	0.3099168634	87.74806284
chr3	179076770	0.303956049	87.74808051
chr3	179076997	0.3067891833	87.74814951
chr3	179077006	0.1948170866	87.74815227
chr3	179082266	0.1901432534	87.74917701
chr3	179083104	0.07963205017	87.74933635
chr3	179083273	0.1005773262	87.7493498
chr3	179083331	0.1420216345	87.74935564
chr3	179173188	0.1514254278	87.76211728
chr3	179173897	0.1203999276	87.76222464
chr3	179259402	0.09945465169	87.77251943
chr3	179261092	0.09136019797	87.77268751
chr3	179262629	0.1581071894	87.77282793
chr3	179262651	0.1983584377	87.77283141
chr3	179400863	0.2092320166	87.80024693
chr3	179400875	0.2314982559	87.80024944
chr3	179419931	0.2743660122	87.80466087
chr3	179427024	0.3015300108	87.80660695
chr3	179491976	0.387279066	87.82619192
chr3	179501394	0.378803562	87.82983932
chr3	179505988	0.3359358057	87.83157954
chr3	179522626	0.5395885851	87.83716884
chr3	179522719	0.625852364	87.83721902
chr3	179553900	0.9001676525	87.85673373
chr3	179553987	1.183876836	87.85681204
chr3	179554002	1.066300648	87.8568298
chr3	179554004	1.006826366	87.85683193
chr3	179554005	0.9941645533	87.85683294
chr3	179554213	1.297816748	87.85703972
chr3	179565246	1.333462901	87.87135854
chr3	179565484	1.151718738	87.8716759
chr3	179566362	0.8480665439	87.87268711
chr3	179566436	0.8405291991	87.87274987
chr3	179566555	0.7884626821	87.87284989
chr3	179566594	0.7076079724	87.87288064
chr3	179566703	0.6693624768	87.87295777
chr3	179566721	0.4663364797	87.87296982
chr3	179566901	0.475774546	87.87305376
chr3	179566990	0.2576930687	87.8730961
chr3	179567022	0.2813872955	87.87310435
chr3	179567035	0.2936200968	87.87310801
chr3	179729886	0.3023229105	87.92092433
chr3	179859025	0.29763092	87.95996601
chr3	179859123	0.3055752879	87.95999518
chr3	179868607	0.2932099337	87.96289325
chr3	179898212	0.2820721756	87.97157373
chr3	179898365	0.2705486021	87.97161689
chr3	179898400	0.2594267936	87.97162636
chr3	179900512	0.2729814593	87.97217427
chr3	179900556	0.2646292474	87.97218628
chr3	179900747	0.2894751715	87.97223683
chr3	179901125	0.2784345128	87.97234625
chr3	179901306	0.2869868366	87.97239664
chr3	179989668	0.3245366087	87.99775537
chr3	179989863	0.3466479034	87.99781866
chr3	180129607	0.5259920025	88.04626062
chr3	180132114	0.521291101	88.04757929
chr3	180150883	0.5546053582	88.0573634
chr3	180153308	0.5762755621	88.05870832
chr3	180153379	0.627353965	88.05874923
chr3	180153780	0.7423658959	88.0590008
chr3	180296280	1.737460256	88.16478794
chr3	180300826	1.88260211	88.17268644
chr3	180300953	2.098912624	88.17292553
chr3	180301078	2.434030461	88.17318789
chr3	180301158	2.960081739	88.17338261
chr3	180308808	2.371149665	88.19602724
chr3	180309257	2.430218268	88.19709188
chr3	180309837	2.004077295	88.19850141
chr3	180309839	2.767280447	88.19850542
chr3	180309846	3.153045428	88.19852479
chr3	180316116	3.326853226	88.21829438
chr3	180316740	3.33297433	88.22037034
chr3	180316743	3.878581083	88.22038034
chr3	180319409	3.462191905	88.23072064
chr3	180323300	3.295582271	88.24419203
chr3	180323444	2.685887225	88.24466659
chr3	180323486	2.57201914	88.2447794
chr3	180323545	4.205206663	88.24493115
chr3	180323554	4.229859304	88.24496899
chr3	180325437	4.079186599	88.25293382
chr3	180326243	2.369497629	88.25622164
chr3	180331568	1.807556414	88.26883922
chr3	180331686	1.686714221	88.26905251
chr3	180331688	5.565863018	88.26905588
chr3	180332611	5.069676688	88.27419317
chr3	180332639	1.247329019	88.27433512
chr3	180332642	1.271970677	88.27433887
chr3	180332659	1.267046612	88.27436049
chr3	180332668	1.26223026	88.27437189
chr3	180334321	1.297081789	88.27645836
chr3	180334543	1.343430971	88.27674631
chr3	180335196	1.023187402	88.27762357
chr3	180335209	1.126094828	88.27763687
chr3	180335287	1.380630403	88.27772471
chr3	180335290	1.440014208	88.27772885
chr3	180335321	1.419738128	88.27777349
chr3	180336019	1.709377054	88.27876447
chr3	180336060	1.769131183	88.27883455
chr3	180337341	1.635970912	88.28110081
chr3	180339854	1.666795108	88.28521201
chr3	180340084	1.667136141	88.28559537
chr3	180344985	1.678134535	88.293766
chr3	180367925	1.714082139	88.33226241
chr3	180371711	1.745901019	88.33875192
chr3	180412606	1.632535875	88.41015055
chr3	180414080	1.585277058	88.4125569
chr3	180414118	1.538041235	88.41261714
chr3	180414124	1.656701753	88.41262637
chr3	180414136	1.688725042	88.41264625
chr3	180414138	1.631149908	88.41264963
chr3	180419410	1.587794474	88.42124905
chr3	180419471	1.575067572	88.42134591
chr3	180459049	1.547863041	88.48368393
chr3	180459535	43.32661161	88.48443619
chr3	180459562	43.66477922	88.48560601
chr3	180459571	43.6060287	88.485999
chr3	180459589	45.85893081	88.4867839
chr3	180459614	46.16104266	88.48793038
chr3	180459626	10.24773296	88.48848431
chr3	180459633	11.54628918	88.48855604
chr3	180461207	5.684091953	88.5067299
chr3	180461234	15.11916167	88.50688337
chr3	180462448	8.875329386	88.52523804
chr3	180462551	7.245601551	88.52615219
chr3	180462587	8.637837496	88.52641304
chr3	180462671	9.904485593	88.52713861
chr3	180462776	10.86169395	88.52817859
chr3	180462788	11.32736809	88.52830893
chr3	180462793	12.2736599	88.52836556
chr3	180463656	12.79537826	88.53895773
chr3	180463757	13.34410212	88.54025006
chr3	180463870	13.8874915	88.54175795
chr3	180464027	15.02785333	88.54393828
chr3	180465730	15.80173009	88.56953072
chr3	180465760	16.02725096	88.57000477
chr3	180465846	16.25396375	88.57138311
chr3	180466222	17.95947727	88.5774946
chr3	180467757	19.20873921	88.6050624
chr3	180469321	19.23270604	88.63510487
chr3	180470471	16.14830444	88.65722248
chr3	180470480	14.73319484	88.65736782
chr3	180470497	10.00622116	88.65761828
chr3	180470503	9.627808028	88.65767832
chr3	180470522	8.734459361	88.65786125
chr3	180470659	7.694844931	88.65905787
chr3	180470670	7.278291914	88.65914251
chr3	180470710	4.289223047	88.65943364
chr3	180470727	3.435544776	88.65950656
chr3	180470950	3.112169758	88.66027269
chr3	180470995	2.272746016	88.66041273
chr3	180470999	2.29306565	88.66042182
chr3	180471756	4.974665044	88.66215768
chr3	180473196	2.652688281	88.66932119
chr3	180476001	3.399614887	88.67676198
chr3	180478433	3.234373171	88.68502985
chr3	180478449	3.279141815	88.6850816
chr3	180478459	3.323934919	88.68511439
chr3	180478549	4.474838865	88.68541354
chr3	180480940	3.746313081	88.69611288
chr3	180480945	3.54575472	88.69613161
chr3	180481877	2.08226735	88.69943626
chr3	180482115	2.239755455	88.69993184
chr3	180482118	1.849944488	88.69993856
chr3	180544676	1.89754683	88.81566738
chr3	180560455	1.850456321	88.84560877
chr3	180560497	1.812831557	88.84568649
chr3	180560805	1.750824158	88.84624485
chr3	180560813	1.709400458	88.84625885
chr3	180560817	1.658025585	88.84626569
chr3	180560846	1.620991187	88.84631377
chr3	180560852	1.535161081	88.8463235
chr3	180560863	1.518643276	88.84634039
chr3	180563254	1.231746623	88.84997146
chr3	180563257	1.190784712	88.84997516
chr3	180563272	1.136750957	88.84999302
chr3	180563293	0.9733101846	88.85001689
chr3	180563329	1.057574516	88.85005193
chr3	180563398	1.081147303	88.8501249
chr3	180652371	1.124658005	88.94631782
chr3	180652524	1.073275924	88.94648989
chr3	180652542	0.9286872885	88.94650921
chr3	180652551	1.017852707	88.94651757
chr3	180652569	1.128060764	88.94653589
chr3	180652630	1.10642589	88.9466047
chr3	180652645	1.177969698	88.9466213
chr3	180652648	1.212519872	88.94662483
chr3	180652655	1.335361953	88.94663332
chr3	180652771	1.390944519	88.94678822
chr3	180652946	1.53566671	88.94703164
chr3	180680404	1.583574395	88.98919798
chr3	180681424	1.861030337	88.99081322
chr3	180681434	2.152510972	88.99083183
chr3	180681942	2.349277322	88.99192531
chr3	180682669	2.318990879	88.99363323
chr3	180682686	2.29662189	88.99367266
chr3	180719142	16.28594542	89.0773983
chr3	180719337	16.23063038	89.08057406
chr3	180719403	16.58018102	89.08164528
chr3	180719442	18.86478561	89.08229191
chr3	180719472	18.98008856	89.08285785
chr3	180719475	27.66530105	89.08291479
chr3	180719613	27.61021398	89.08673261
chr3	180719628	27.51362628	89.08714676
chr3	180719709	27.63760782	89.08937536
chr3	180719895	3.732189168	89.09451596
chr3	180719905	3.78956465	89.09455328
chr3	180719927	3.734833103	89.09463665
chr3	180719934	3.711285144	89.09466279
chr3	180719940	3.95064195	89.09468506
chr3	180719976	8.134611918	89.09482729
chr3	180720025	8.58975676	89.09522588
chr3	180720026	8.827796236	89.09523447
chr3	180720032	8.937865175	89.09528744
chr3	180720898	2.379950183	89.10302763
chr3	180721039	2.496123086	89.1033632
chr3	180723418	2.658501294	89.10930148
chr3	180723561	3.149395573	89.10968164
chr3	180746096	4.608100935	89.18065327
chr3	180746104	4.466643425	89.18069014
chr3	180746106	3.975749142	89.18069907
chr3	180746137	5.977862354	89.18082232
chr3	180746342	6.028020351	89.18204778
chr3	180749426	5.902541762	89.2006382
chr3	180749462	5.718135824	89.20085069
chr3	180749464	5.594154291	89.20086212
chr3	180749499	5.469350661	89.20105792
chr3	180751616	4.801040786	89.21263654
chr3	180751766	4.684816644	89.21335669
chr3	180752078	7.409388658	89.21481835
chr3	180752144	7.294835481	89.21530737
chr3	180752772	6.537175846	89.21988853
chr3	180752794	6.481394593	89.22003235
chr3	180752800	6.256686859	89.22007124
chr3	180752995	6.414914202	89.22129129
chr3	180753432	3.238439755	89.22409461
chr3	180753484	3.128610034	89.22426301
chr3	180753548	2.448203903	89.22446324
chr3	180753556	2.610332343	89.22448282
chr3	180753864	2.891569708	89.22528681
chr3	180753899	3.684726258	89.22538801
chr3	180753975	4.066552342	89.22566805
chr3	180754014	3.612900187	89.22582665
chr3	180754553	3.868234524	89.227774
chr3	180762411	4.013319974	89.25817059
chr3	180762459	4.037382146	89.25836323
chr3	180763183	3.964518128	89.26128629
chr3	180768974	3.719803666	89.28424481
chr3	180769001	3.236847282	89.28434525
chr3	180776206	3.070904657	89.30766673
chr3	180776249	2.906103651	89.30779878
chr3	180776289	2.014338136	89.30791503
chr3	180776310	1.693982353	89.30795733
chr3	180776339	1.529585271	89.30800645
chr3	180776464	8.251296662	89.30819765
chr3	180776967	8.327965418	89.31234805
chr3	180776980	8.264182602	89.31245632
chr3	180776995	1.316780515	89.31258028
chr3	180777069	1.402674727	89.31267772
chr3	180777169	1.112523402	89.31281799
chr3	180787597	7.783536978	89.32441938
chr3	180788150	0.9765231113	89.32872368
chr3	180788153	0.8959838513	89.32872661
chr3	180788172	0.9079704987	89.32874363
chr3	180788250	1.022420612	89.32881445
chr3	180819072	0.9955535296	89.3603275
chr3	180819228	1.008858121	89.36048281
chr3	180819891	0.9587001243	89.36115168
chr3	180820018	0.8310175118	89.36127344
chr3	180820418	0.7790265527	89.36160584
chr3	180820444	0.793043417	89.3616261
chr3	180820483	0.6785933034	89.36165703
chr3	180820615	0.6941697147	89.3617466
chr3	180820657	0.7081972388	89.36177576
chr3	180824356	0.7699079494	89.36439538
chr3	180824401	0.7999675145	89.36443002
chr3	180824422	0.8141455595	89.36444682
chr3	180824931	0.7886204292	89.36486122
chr3	180825030	0.8784961291	89.3649393
chr3	180825084	0.9195078079	89.36498674
chr3	180825094	0.8439198449	89.36499593
chr3	180825745	0.8561669011	89.36554532
chr3	181054953	1.035599015	89.56178563
chr3	181054975	1.165390751	89.56180841
chr3	181054985	1.36847635	89.56182006
chr3	181057390	1.352645739	89.56511125
chr3	181057400	1.488183637	89.56512477
chr3	181057423	1.472305672	89.565159
chr3	181057449	2.151697411	89.56519728
chr3	181057452	2.765566157	89.56520374
chr3	181057457	2.733868143	89.56521757
chr3	181057461	2.718393142	89.5652285
chr3	181057466	2.740497414	89.56524209
chr3	181083398	2.603418693	89.63630867
chr3	181083410	2.589412684	89.63633991
chr3	181083615	2.421657322	89.63687074
chr3	181083632	2.224727853	89.63691191
chr3	181083645	1.310583943	89.63694083
chr3	181084360	1.32003318	89.6378779
chr3	181084618	1.688207447	89.63821847
chr3	181086304	1.812956213	89.64106479
chr3	181086450	1.99629115	89.64132948
chr3	181089632	1.994178121	89.64768168
chr3	181095937	2.155000959	89.66025497
chr3	181095960	2.226263645	89.66030453
chr3	181096061	2.610918155	89.66052939
chr3	181096077	2.859643341	89.66057116
chr3	181096506	4.228668809	89.66179795
chr3	181096509	4.479762635	89.66181063
chr3	181096552	4.839041672	89.66200326
chr3	181096630	4.843299288	89.66238071
chr3	181098455	5.09280545	89.67121973
chr3	181115691	5.19860952	89.75899933
chr3	181115718	6.714172272	89.75913969
chr3	181115719	6.746987639	89.7591464
chr3	181115725	7.877646365	89.75918688
chr3	181115860	8.180227607	89.76025037
chr3	181115876	10.42276647	89.76038125
chr3	181116459	10.51141977	89.76645772
chr3	181118988	10.3917051	89.7930411
chr3	181119000	10.28440854	89.7931658
chr3	181119038	9.127855306	89.79355661
chr3	181121891	8.982530488	89.81959838
chr3	181121972	8.692543181	89.82032597
chr3	181121975	8.407826772	89.82035204
chr3	181125821	8.042680725	89.85268855
chr3	181125828	71.62931515	89.85274485
chr3	181125886	8.103256716	89.85689935
chr3	181125893	6.197745868	89.85695607
chr3	181125926	5.873858662	89.85716059
chr3	181125928	5.338434788	89.85717234
chr3	181126075	5.801267387	89.85795709
chr3	181126078	10.25187317	89.8579745
chr3	181126223	9.651816397	89.85946102
chr3	181126725	9.390828035	89.86430623
chr3	181126863	9.716079157	89.86560216
chr3	181126897	6.413618834	89.86593251
chr3	181126898	6.576750992	89.86593892
chr3	181126912	6.947600613	89.866031
chr3	181126966	6.935353557	89.86640617
chr3	181127055	7.113870288	89.86702342
chr3	181127400	6.994459706	89.8694777
chr3	181127528	7.38470976	89.87037299
chr3	181127538	7.568283787	89.87044684
chr3	181127574	7.447678584	89.8707193
chr3	181128052	6.54673218	89.87427929
chr3	181128053	6.548081416	89.87428583
chr3	181128056	6.753432348	89.87430548
chr3	181143944	7.36187071	89.98160401
chr3	181144058	7.405628293	89.98244326
chr3	181144084	6.967973945	89.98263581
chr3	181144122	6.604969556	89.98290059
chr3	181149512	11.91702017	90.01850138
chr3	181149554	11.9661194	90.01900189
chr3	181149558	11.63217684	90.01904976
chr3	181149562	11.30768195	90.01909629
chr3	181149583	10.8668117	90.01933375
chr3	181149610	10.22358508	90.01962715
chr3	181149611	10.27273205	90.01963738
chr3	181149670	10.37534818	90.02024347
chr3	181149940	15.62596768	90.02304481
chr3	181149942	15.68186777	90.02307606
chr3	181150058	15.77876477	90.02489516
chr3	181150257	15.72094869	90.02803513
chr3	181150276	15.65016342	90.02833383
chr3	181150497	15.78420909	90.03179252
chr3	181150557	8.224293012	90.03273957
chr3	181150558	9.222811724	90.0327478
chr3	181150627	3.950262168	90.03338417
chr3	181150681	3.997889504	90.03359748
chr3	181150775	4.045826903	90.03397329
chr3	181153433	4.094966677	90.04472709
chr3	181153435	4.196123366	90.04473528
chr3	181155314	4.246510867	90.0526198
chr3	181159675	4.12984935	90.07113883
chr3	181159701	3.146525293	90.07124621
chr3	181159911	3.203488798	90.07190698
chr3	181215936	3.008517262	90.25138244
chr3	181223175	2.910732223	90.2731611
chr3	181224360	2.83897827	90.27661031
chr3	181224667	2.499893116	90.27748188
chr3	181224673	2.282999573	90.27749688
chr3	181224689	2.182126824	90.27753341
chr3	181224712	2.066816799	90.2775836
chr3	181227731	1.99895638	90.28382332
chr3	181228138	1.741514871	90.28463689
chr3	181228252	1.543917314	90.28483542
chr3	181228365	1.636673361	90.28500989
chr3	181228475	1.495263286	90.28518992
chr3	181228506	1.446123509	90.28523627
chr3	181228528	1.295751881	90.28526809
chr3	181228600	1.420761699	90.28536138
chr3	181228602	1.346546451	90.28536422
chr3	181248706	1.381473885	90.31243519
chr3	181250098	1.942824216	90.31435821
chr3	181250125	2.009460847	90.31441066
chr3	181251314	1.864144954	90.31679991
chr3	181251438	1.875142624	90.31703106
chr3	181304830	1.829119563	90.41714868
chr3	181304862	1.780894528	90.41720721
chr3	181304968	1.600488151	90.41739599
chr3	181304989	1.484987733	90.4174296
chr3	181305486	1.079684407	90.41816764
chr3	181309532	1.272169042	90.42253604
chr3	181329030	1.421297233	90.44734079
chr3	181329393	1.374773865	90.44785672
chr3	181332396	1.369992384	90.45198517
chr3	181332584	2.580485959	90.45224273
chr3	181332955	2.998255623	90.45320009
chr3	181354310	3.263369619	90.51722783
chr3	181354327	4.860404406	90.51728331
chr3	181354395	5.51822725	90.51761382
chr3	181356079	5.533600683	90.52690651
chr3	181356980	3.980823428	90.53189229
chr3	181357051	5.152191308	90.53217493
chr3	181357080	5.0582617	90.53232434
chr3	181357868	6.597298207	90.53631025
chr3	181359927	6.462379928	90.54989409
chr3	181359944	6.327545479	90.55000395
chr3	181360003	5.400634009	90.55037727
chr3	181360004	5.380828312	90.55038267
chr3	181360060	5.246563117	90.550684
chr3	181360125	4.046475119	90.55102503
chr3	181360232	4.673596893	90.551458
chr3	181360265	3.123612917	90.55161223
chr3	181360312	6.260139314	90.55175904
chr3	181360333	5.992449246	90.5518905
chr3	181360647	5.292055591	90.55377213
chr3	181360798	5.264956176	90.55457123
chr3	181361332	5.323576325	90.55738272
chr3	181361334	6.997081676	90.55739336
chr3	181361376	7.906247592	90.55768724
chr3	181361790	8.312338112	90.56096043
chr3	181361825	5.874089264	90.56125136
chr3	181361846	6.006110479	90.56137472
chr3	181361863	7.284485919	90.56147682
chr3	181361894	7.156524352	90.56170264
chr3	181362015	8.152762675	90.56256858
chr3	181362020	8.168523017	90.56260934
chr3	181362033	9.735727994	90.56271553
chr3	181363316	9.749234295	90.57520647
chr3	181363331	9.839928329	90.57535271
chr3	181363531	11.36496781	90.5773207
chr3	181364725	11.9890706	90.59089047
chr3	181364728	12.04792646	90.59092644
chr3	181364744	12.5124014	90.5911192
chr3	181364754	12.54178795	90.59124433
chr3	181365688	12.99443464	90.60295836
chr3	181365712	18.66120962	90.60327022
chr3	181365718	15.17598627	90.60338219
chr3	181365739	14.50609876	90.60370089
chr3	181365950	12.98105928	90.60676167
chr3	181365978	13.45040667	90.60712514
chr3	181366020	13.9222755	90.60769006
chr3	181366133	13.68588007	90.60926328
chr3	181366289	13.91068259	90.61139827
chr3	181366363	9.290597266	90.61242766
chr3	181366367	10.16815335	90.61246483
chr3	181367300	9.46774125	90.62195171
chr3	181367490	9.527079863	90.62375058
chr3	181368079	10.88120799	90.62936203
chr3	181369034	10.62932173	90.63975359
chr3	181369050	8.953078489	90.63992366
chr3	181371223	8.561997124	90.6593787
chr3	181371256	8.593049123	90.65966124
chr3	181373249	7.879495833	90.67678719
chr3	181373832	7.480534241	90.68138094
chr3	181373838	2.372501942	90.68142582
chr3	181373932	1.67952408	90.68164883
chr3	181373935	1.711292452	90.68165387
chr3	181373945	1.806720907	90.68167099
chr3	181401111	1.848073101	90.73075237
chr3	181404007	1.626211801	90.73610439
chr3	181489723	1.498242883	90.87549676
chr3	181489838	1.468756973	90.87566905
chr3	181489849	1.343418014	90.87568521
chr3	181490059	0.7528945053	90.87596733
chr3	181490065	0.7100272476	90.87597185
chr3	181490116	0.680606007	90.87600806
chr3	181490290	0.7721031978	90.87612648
chr3	181490322	0.7148829638	90.87615119
chr3	181490332	0.755849707	90.87615834
chr3	181490335	0.7873148746	90.87616061
chr3	181490341	0.9105474357	90.87616533
chr3	181491262	0.9179673359	90.87700394
chr3	181492666	0.9821284314	90.87829277
chr3	181596043	0.816956628	90.97982226
chr3	181596093	0.7832973152	90.97986311
chr3	181597146	0.8020720708	90.98068792
chr3	181607503	0.7241261265	90.98899498
chr3	181607578	0.5709732644	90.98904929
chr3	181607585	0.578312377	90.98905329
chr3	181607640	0.58083638	90.98908509
chr3	181607659	0.5493913307	90.98909613
chr3	181607660	0.4118282275	90.98909668
chr3	181611377	1.179411032	90.99062745
chr3	181611382	1.189036233	90.99063334
chr3	181611457	1.731668418	90.99072252
chr3	181613107	1.709228612	90.99357977
chr3	181613149	1.7188988	90.99365156
chr3	181616431	5.3036703	90.99929299
chr3	181617005	5.208881461	91.00233729
chr3	181617007	5.17938079	91.00234771
chr3	181617860	5.187061201	91.00676572
chr3	181618028	5.1947443	91.00763715
chr3	181618141	0.8706661687	91.00822416
chr3	181618186	0.2696211983	91.00826334
chr3	181618310	0.2773088121	91.00829677
chr3	181618358	0.3047187038	91.00831008
chr3	181618675	0.3596803377	91.00840667
chr3	181618813	2.540473351	91.00845631
chr3	181620606	2.547847142	91.01301138
chr3	181620718	0.6795821998	91.01329674
chr3	181621505	0.68946852	91.01383157
chr3	181623044	0.7357861189	91.01489266
chr3	181624503	0.7483988038	91.01596617
chr3	181990128	0.6995932624	91.28959949
chr3	181990320	0.689675393	91.28973381
chr3	181994638	0.7156332513	91.29271183
chr3	181994654	0.4660892474	91.29272328
chr3	181994712	0.4464612597	91.29275031
chr3	182098182	0.2614480952	91.33894566
chr3	182098221	0.253684524	91.33895585
chr3	182102696	0.2461760204	91.34009109
chr3	182110244	0.218604115	91.34194923
chr3	182117825	0.1964258729	91.34360647
chr3	182117826	0.1890351773	91.34360666
chr3	182120901	0.1816613868	91.34418795
chr3	182123787	0.1718291621	91.34471222
chr3	182123847	0.1669417654	91.34472253
chr3	182234362	0.1609486268	91.3631721
chr3	182234804	0.155031221	91.36324324
chr3	182311428	0.1443786348	91.37512235
chr3	182427789	0.1398184618	91.39192239
chr3	182429728	0.1845964192	91.3921935
chr3	182429773	0.1800474026	91.39220181
chr3	182432693	0.1863442168	91.39272755
chr3	182432714	0.1746004717	91.39273146
chr3	182433047	7.437260237	91.3927896
chr3	182433554	0.160987046	91.39656029
chr3	182435043	0.1718690257	91.3968
chr3	182435379	0.167354706	91.39685775
chr3	182435693	0.1736842666	91.3969103
chr3	182485598	0.1699741823	91.40557801
chr3	182485670	0.1577112495	91.40559025
chr3	182486209	0.09239600177	91.40567526
chr3	182487208	0.09508136604	91.40576756
chr3	182487403	0.1089281763	91.4057861
chr3	182487442	0.1158518472	91.40579035
chr3	182487444	0.1361810137	91.40579058
chr3	182489169	0.1234652841	91.40602549
chr3	182489840	0.1463606104	91.40610834
chr3	182490070	0.2402229239	91.406142
chr3	182529373	0.1463606104	91.41558348
chr3	182538583	0.1540571736	91.41693146
chr3	182673220	0.1519236141	91.43767326
chr3	182675519	0.266133225	91.43802253
chr3	182675542	0.2876643543	91.43802865
chr3	182675581	0.373598411	91.43803987
chr3	182706867	0.370951714	91.44972827
chr3	182786841	0.3822398686	91.47939476
chr3	182969520	0.4899961366	91.54922196
chr3	183013327	0.9500373522	91.57068722
chr3	183017827	2.653209332	91.57496239
chr3	183017897	2.580862964	91.57514812
chr3	183018525	2.648718379	91.5767689
chr3	183018534	5.330144095	91.57679274
chr3	183018556	15.83961891	91.57691
chr3	183019784	16.3163203	91.59636105
chr3	183019993	20.84601918	91.59977116
chr3	183020046	18.47319687	91.600876
chr3	183020262	5.219526617	91.60486621
chr3	183020314	5.215691746	91.60513763
chr3	183021346	4.75565053	91.61052022
chr3	183021964	4.74874941	91.61345921
chr3	183021969	2.694190326	91.61348296
chr3	183022009	2.803234413	91.61359072
chr3	183022035	3.489504949	91.61366361
chr3	183022056	3.566657945	91.61373689
chr3	183022616	3.819820595	91.61573422
chr3	183022700	4.139568326	91.61605508
chr3	183022715	4.292427679	91.61611717
chr3	183023082	4.333300636	91.6176925
chr3	183023541	4.409326325	91.61968148
chr3	183023605	3.834818903	91.61996368
chr3	183023952	4.153172364	91.62129436
chr3	183050701	4.345682435	91.73238757
chr3	183050727	4.364962318	91.73250055
chr3	183050740	4.397641928	91.7325573
chr3	183055840	10.34067131	91.75498527
chr3	183055869	11.60762004	91.75528515
chr3	183055876	11.49860818	91.75536641
chr3	183056098	11.38842747	91.7579191
chr3	183056115	19.44133301	91.7581127
chr3	183056573	19.72432114	91.76701683
chr3	183056581	7.434698879	91.76717463
chr3	183056683	8.195428177	91.76793296
chr3	183057788	8.133887502	91.77698891
chr3	183064127	7.884305572	91.82854963
chr3	183065187	6.181889635	91.83690699
chr3	183065298	5.753669774	91.83759318
chr3	183065375	5.83033136	91.83803621
chr3	183068253	5.093568919	91.85481591
chr3	183068291	4.715673491	91.85500946
chr3	183069235	4.296719047	91.85946106
chr3	183069259	4.13011492	91.85956418
chr3	183069864	3.319660089	91.8620629
chr3	183069871	2.768279545	91.86208614
chr3	183069878	2.68795314	91.86210551
chr3	183072065	2.470236312	91.86798407
chr3	183112065	2.093682291	91.96679352
chr3	183112079	1.80250638	91.96682283
chr3	183112579	1.651210536	91.96772408
chr3	183112608	1.56474943	91.96777197
chr3	183112703	1.637075637	91.96792062
chr3	183112997	1.572220841	91.96840192
chr3	183113030	1.626824392	91.9684538
chr3	183113060	1.699779945	91.96850261
chr3	183113075	1.755199687	91.96852811
chr3	183113339	1.704425145	91.96899148
chr3	183113650	1.69313699	91.96952155
chr3	183113735	1.747944159	91.96966547
chr3	183161618	1.505703786	92.05336228
chr3	183162581	1.55388896	92.05481227
chr3	183163626	1.576640893	92.05643609
chr3	183163641	1.55046632	92.05645974
chr3	183163709	1.299320517	92.05656517
chr3	183163915	1.575754297	92.05683283
chr3	183163918	1.541387812	92.05683756
chr3	183163990	1.742750097	92.05694854
chr3	183164041	1.703575514	92.05703742
chr3	183164053	1.690899988	92.05705786
chr3	183164060	1.710808199	92.0570697
chr3	183164062	1.955730918	92.05707312
chr3	183164298	1.983721468	92.05753467
chr3	183164584	2.962568018	92.05810201
chr3	183179641	1.883095496	92.1027094
chr3	183179812	2.257169648	92.10303141
chr3	183180591	2.202566097	92.10478975
chr3	183181045	2.147758929	92.10578971
chr3	183181796	2.140471372	92.10740268
chr3	183182148	2.25495956	92.10815612
chr3	183182175	2.387736354	92.10821701
chr3	183182178	2.584770113	92.10822417
chr3	183182481	2.729519015	92.10900736
chr3	183207159	2.242596273	92.17636643
chr3	183207164	2.012381708	92.17637764
chr3	183207259	2.039714837	92.17656882
chr3	183207967	1.910944584	92.17801293
chr3	183208476	1.782244106	92.1789856
chr3	183209416	2.063275339	92.18066091
chr3	183209881	1.82727328	92.18162034
chr3	183209952	1.853696069	92.18175007
chr3	183209959	1.720919272	92.18176305
chr3	183242070	1.464546272	92.23702349
chr3	183242125	1.231213373	92.23710404
chr3	183242391	1.207013197	92.23743154
chr3	183243049	1.160564806	92.23822576
chr3	183243117	0.94361799	92.23830467
chr3	183243151	1.013296717	92.23833676
chr3	183243184	1.122482642	92.2383702
chr3	183243194	1.136830324	92.23838142
chr3	183294884	1.108724833	92.29714418
chr3	183295091	1.076061716	92.29737369
chr3	183295101	0.9618948808	92.29738445
chr3	183295120	0.8228158798	92.29740272
chr3	183296095	1.074230253	92.29820497
chr3	183336664	0.9952985486	92.34178541
chr3	183340854	1.219403755	92.34595572
chr3	183342226	6.064899859	92.34762874
chr3	183342381	6.102837257	92.3485688
chr3	183346085	6.137503597	92.37117371
chr3	183347007	7.861845462	92.37683248
chr3	183347069	8.432014496	92.37731992
chr3	183347117	8.944642258	92.37772466
chr3	183347131	18.13690688	92.37784988
chr3	183348511	14.80632248	92.40287881
chr3	183348617	10.72944174	92.40444828
chr3	183348785	10.71373592	92.40625083
chr3	183348791	10.75507421	92.40631511
chr3	183349043	9.069011642	92.40902539
chr3	183349104	8.532653615	92.4095786
chr3	183349119	6.785934625	92.40970659
chr3	183349242	6.827684611	92.41054126
chr3	183349364	6.807776403	92.41137424
chr3	183349432	6.84901442	92.41183717
chr3	183349515	7.739127923	92.41240563
chr3	183349569	2.256801912	92.41282355
chr3	183351571	2.29783444	92.41734166
chr3	183353861	0.9536797283	92.42260371
chr3	183437567	0.9120066172	92.50243242
chr3	183437603	0.8702566314	92.50246525
chr3	183437618	0.6774444775	92.50247831
chr3	183438032	9.245867863	92.50275877
chr3	183438040	9.268996545	92.50283274
chr3	183438842	10.60748412	92.51026647
chr3	183438890	3.152371294	92.51077563
chr3	183438902	3.111100519	92.51081346
chr3	183438904	3.122728688	92.51081968
chr3	183438931	3.152933053	92.51090399
chr3	183438941	3.258677538	92.51093552
chr3	183438949	3.288830678	92.51096159
chr3	183439031	3.300397846	92.51123128
chr3	183439622	3.063719789	92.51318181
chr3	183440648	3.094146618	92.51632519
chr3	183441477	3.076390304	92.51889024
chr3	183441539	3.097478245	92.51908097
chr3	183441572	1.821567051	92.51918319
chr3	183441586	1.886586242	92.51920869
chr3	183441603	1.923342199	92.51924076
chr3	183442710	0.9576169369	92.5213699
chr3	183442714	0.9863169446	92.52137373
chr3	183442722	1.011931577	92.52138162
chr3	183443152	1.091860083	92.52181675
chr3	183443170	1.199653007	92.52183641
chr3	183558918	1.454784213	92.66069384
chr3	183559064	1.441506313	92.66090624
chr3	183559278	1.38021919	92.66121473
chr3	183559288	1.41736808	92.66122853
chr3	183561068	1.409759893	92.66375144
chr3	183561460	1.477303433	92.66430407
chr3	183561892	1.446876603	92.66494226
chr3	183562156	1.4657232	92.66532424
chr3	183571253	1.380128649	92.67865792
chr3	183585064	2.13296693	92.69771888
chr3	183586744	2.133180419	92.70130226
chr3	183586941	2.275885452	92.7017225
chr3	183586974	2.272097031	92.7017976
chr3	183586985	2.35927583	92.7018226
chr3	183586995	2.333629323	92.70184619
chr3	183587006	2.308722692	92.70187186
chr3	183594236	2.331264582	92.71856393
chr3	183594545	1.345967668	92.71928429
chr3	183603524	1.253892594	92.73136973
chr3	183634175	1.275089641	92.76980279
chr3	183637430	1.139878843	92.77395321
chr3	183637483	1.150985199	92.77401362
chr3	183637487	1.108640137	92.77401823
chr3	183637620	1.136412117	92.77416568
chr3	183637790	1.117864754	92.77435887
chr3	183676926	1.12368056	92.81810762
chr3	183755195	1.162160165	92.90605697
chr3	183755346	2.572355314	92.90623246
chr3	183756148	2.517897853	92.90829549
chr3	183756157	2.415542439	92.90831815
chr3	183757890	2.223791318	92.91250429
chr3	183757898	2.087649277	92.91252208
chr3	183757945	2.12352329	92.9126202
chr3	183757957	2.111956124	92.91264568
chr3	183757962	0.7017609743	92.91265624
chr3	183758397	0.7436594879	92.9129615
chr3	183758424	0.8579954368	92.91298158
chr3	183758459	1.01871378	92.91301161
chr3	183758499	1.098009406	92.91305236
chr3	183758500	1.305629466	92.91305346
chr3	183805022	1.309307017	92.97379395
chr3	183807092	1.27926964	92.97650422
chr3	183807102	1.366315026	92.97651701
chr3	183807112	1.290426963	92.97653067
chr3	183807143	1.37755664	92.97657068
chr3	183807308	1.360831016	92.97679797
chr3	183807749	1.278115354	92.9773981
chr3	183807954	1.268118225	92.97766011
chr3	183807974	1.236490443	92.97768548
chr3	183808043	1.300701581	92.97777079
chr3	183808212	1.372602328	92.97799061
chr3	183835570	1.915364414	93.01554227
chr3	183835722	1.919663897	93.0158334
chr3	183835764	1.824537133	93.01591403
chr3	183835830	2.278018449	93.01603445
chr3	183843572	2.805110758	93.03367087
chr3	183843719	4.012864136	93.03408322
chr3	183843965	3.55938282	93.03507038
chr3	183849483	2.379665708	93.05471106
chr3	183849585	9.783418735	93.05495378
chr3	183849627	9.739295775	93.05536469
chr3	183849633	9.753948895	93.05542312
chr3	183849635	9.765484486	93.05544263
chr3	183849664	9.725051885	93.05572583
chr3	183849958	9.231324181	93.05858499
chr3	183850010	0.4327092665	93.05906502
chr3	183850124	0.4347237959	93.05911435
chr3	183901622	0.4636481542	93.08150176
chr3	183904842	0.3734883305	93.08299471
chr3	183906086	0.3803737053	93.08345933
chr3	183908324	0.3544453648	93.0843106
chr3	183908703	0.4763333245	93.08444494
chr3	183908764	0.5076247432	93.08447399
chr3	184026610	0.5342026779	93.14429554
chr3	184026658	0.5029112594	93.14432118
chr3	184028544	0.571908259	93.14526967
chr3	184028702	0.5321530736	93.14536003
chr3	184029164	0.5386401358	93.14560589
chr3	184029188	0.6305310607	93.14561881
chr3	184095883	0.6419116364	93.18767208
chr3	184097924	0.5687454053	93.18898222
chr3	184098401	0.5909242303	93.18925352
chr3	184101389	0.6016185488	93.1910192
chr3	184101393	0.6205300637	93.1910216
chr3	184101465	0.6302683602	93.19106628
chr3	184101468	0.6974191717	93.19106817
chr3	184103501	0.7750875195	93.19248603
chr3	184112321	0.85633921	93.1993223
chr3	184157393	1.486195879	93.23791922
chr3	184157724	1.404944188	93.23841115
chr3	184157850	1.442409744	93.23858817
chr3	184157984	1.413909508	93.23878146
chr3	184163250	1.885596736	93.2462271
chr3	184163472	2.004127197	93.24664571
chr3	184163474	2.077004202	93.24664971
chr3	184163482	2.149886968	93.24666633
chr3	184163563	2.135053925	93.24684047
chr3	184163640	2.329193346	93.24700487
chr3	184164341	2.388201963	93.24863763
chr3	184164342	2.376465735	93.24864002
chr3	184164600	2.508128722	93.24925315
chr3	184165412	2.57181654	93.25128975
chr3	184165436	2.649397729	93.25135148
chr3	184165438	2.737219719	93.25135677
chr3	184165886	2.757959294	93.25258305
chr3	184166599	1.695602777	93.25454947
chr3	184264715	1.285543464	93.42091524
chr3	184264732	1.339749062	93.42093709
chr3	184264734	1.233406837	93.42093977
chr3	184264780	1.245607718	93.42099651
chr3	184266221	1.262850072	93.42279143
chr3	184270764	1.216237157	93.42852855
chr3	184270811	1.161804797	93.42858572
chr3	184270822	1.126799478	93.4285985
chr3	184270882	1.171643467	93.42866611
chr3	184270893	1.317722517	93.42867899
chr3	184270896	1.315906106	93.42868295
chr3	184270999	1.333532956	93.42881849
chr3	184271055	1.342160646	93.42889316
chr3	184271061	1.419514245	93.42890122
chr3	184271073	1.431422866	93.42891825
chr3	184271116	1.375053077	93.4289798
chr3	184271121	1.367857166	93.42898668
chr3	184271202	1.411836259	93.42909747
chr3	184271542	1.376683171	93.4295775
chr3	184272180	1.621207901	93.43045582
chr3	184273313	1.683092598	93.43229265
chr3	184273324	1.682381793	93.43231116
chr3	184273331	2.033961197	93.43232294
chr3	184273348	2.117992434	93.43235752
chr3	184273377	2.135821868	93.43241894
chr3	184318744	2.50183432	93.52931477
chr3	184318748	2.604986843	93.52932478
chr3	184318752	2.913638575	93.5293352
chr3	184318754	2.85783053	93.52934102
chr3	184318905	3.143384404	93.52977256
chr3	184331773	3.178706851	93.57022163
chr3	184331810	3.302574655	93.57033924
chr3	184331824	3.017020781	93.57038548
chr3	184331830	2.984992317	93.57040358
chr3	184331834	4.463794694	93.57041552
chr3	184332789	4.409589096	93.57467844
chr3	184332792	4.473826411	93.57469167
chr3	184332925	4.49034595	93.57528669
chr3	184333497	4.539003698	93.57785517
chr3	184333782	4.377986855	93.57914878
chr3	184333849	4.402416977	93.57944211
chr3	184334466	4.599258648	93.5821584
chr3	184334490	3.260894115	93.58226878
chr3	184396021	3.105481341	93.78291486
chr3	184396022	3.120873432	93.78291796
chr3	184396178	3.272089784	93.78340482
chr3	184396220	3.154264977	93.78354225
chr3	184396727	3.124368785	93.78514146
chr3	184396787	3.168549799	93.78532892
chr3	184398717	3.393993002	93.79144422
chr3	184398981	3.255828918	93.79234024
chr3	184419714	3.230627424	93.85984334
chr3	184419718	3.23763285	93.85985626
chr3	184419918	3.126123907	93.86050379
chr3	184419927	2.970788082	93.86053192
chr3	184420038	2.943826896	93.86086168
chr3	184420086	2.92791945	93.86100298
chr3	184451839	2.90020021	93.95397321
chr3	184453262	2.716052018	93.95810019
chr3	184453280	2.703318659	93.95814908
chr3	184463948	2.512669652	93.98698809
chr3	184463985	2.529093349	93.98708106
chr3	184480126	2.416568075	94.02790315
chr3	184480175	38.29321297	94.02802156
chr3	184480251	38.27037085	94.03093185
chr3	184480286	38.79831539	94.03227131
chr3	184480312	26.08463775	94.03328007
chr3	184480336	26.05934347	94.0339061
chr3	184480362	26.06588618	94.03458364
chr3	184480569	2.408008347	94.03997928
chr3	184480639	3.495151219	94.04014784
chr3	184481802	3.282097175	94.0442127
chr3	184483342	3.37504657	94.04926713
chr3	184484541	2.508049977	94.05331381
chr3	184484545	2.49078325	94.05332384
chr3	184484689	2.530279946	94.05368252
chr3	184484693	2.505993928	94.05369264
chr3	184484758	2.497593823	94.05385553
chr3	184484805	2.53996807	94.05397291
chr3	184484854	1.709164891	94.05409737
chr3	184484858	1.717785101	94.05410421
chr3	184484936	1.852126463	94.0542382
chr3	184484990	1.879811974	94.05433821
chr3	184485006	1.923383501	94.05436829
chr3	184485173	2.020664376	94.05468949
chr3	184485188	2.012764194	94.0547198
chr3	184485203	2.147986428	94.05474999
chr3	184485355	2.450111666	94.05507649
chr3	184485356	2.494846652	94.05507894
chr3	184485484	2.538653078	94.05539828
chr3	184485497	2.583899426	94.05543128
chr3	184486425	2.760599662	94.05782914
chr3	184507742	2.733468164	94.11667684
chr3	184518443	2.603501568	94.14592769
chr3	184518523	2.958739108	94.14613597
chr3	184518553	3.288800124	94.14622473
chr3	184551094	3.236439462	94.25324557
chr3	184551236	3.291393856	94.25370515
chr3	184567001	3.192007594	94.30559397
chr3	184567030	2.994385426	94.30568654
chr3	184567141	2.691745114	94.30601892
chr3	184567197	2.600399831	94.30616965
chr3	184567199	2.548599524	94.30617486
chr3	184567219	2.418627034	94.30622583
chr3	184567344	10.06525866	94.30652816
chr3	184567809	10.78283705	94.3112085
chr3	184567821	5.066905233	94.3113379
chr3	184568040	7.484201465	94.31244755
chr3	184569673	5.166851278	94.32466925
chr3	184569697	6.046466757	94.32479325
chr3	184577460	7.551217264	94.37173197
chr3	184577534	7.546149156	94.37229076
chr3	184577628	7.559647846	94.3730001
chr3	184577687	5.88839085	94.37344612
chr3	184578084	5.517953395	94.37578381
chr3	184578091	4.316900953	94.37582244
chr3	184578136	3.539734598	94.3760167
chr3	184578224	3.145629063	94.3763282
chr3	184578577	3.06153126	94.3774386
chr3	184578580	3.000074405	94.37744779
chr3	184579085	0.5354528039	94.37896282
chr3	184579138	0.5981931569	94.3789912
chr3	184579298	0.7728548474	94.37908691
chr3	184580340	0.8417746309	94.37989223
chr3	184580445	0.9665347623	94.37998062
chr3	184580466	0.9970484187	94.38000091
chr3	184584329	0.8383709781	94.38385251
chr3	184589171	0.8728395749	94.3879119
chr3	184589314	0.9381485503	94.38803672
chr3	184589317	0.973102461	94.38803953
chr3	184589332	0.9910230104	94.38805413
chr3	184589355	0.9824736993	94.38807692
chr3	184676301	0.9064698568	94.47349908
chr3	184694858	0.8715159478	94.49032044
chr3	184696138	0.8399997071	94.49143598
chr3	184696198	0.6261612065	94.49148638
chr3	184697136	0.6500527958	94.49207372
chr3	184697279	0.5701550443	94.49216668
chr3	184698612	1.92143043	94.4929267
chr3	184698640	1.912802741	94.4929805
chr3	184701279	1.879854315	94.49802838
chr3	184701311	3.736457489	94.49808854
chr3	184701331	3.675763118	94.49816327
chr3	184701365	3.645249462	94.49828824
chr3	184701387	5.101097741	94.49836844
chr3	184702526	5.071160791	94.50417859
chr3	184702656	5.081921651	94.50483784
chr3	184702666	2.197581927	94.50488866
chr3	184703298	0.3874997901	94.50627753
chr3	184703313	0.3551392389	94.50628334
chr3	184703397	0.3509931108	94.50631318
chr3	184703591	0.3210893255	94.50638127
chr3	184703813	0.3278434403	94.50645255
chr3	184704380	0.2713357428	94.50663844
chr3	184704754	0.3581714702	94.50673992
chr3	184704763	0.3945480896	94.50674314
chr3	184706476	0.3780151072	94.507419
chr3	184783629	0.3312440071	94.536584
chr3	184783673	0.5617050564	94.53659858
chr3	184787054	0.5663424858	94.5384977
chr3	184787608	0.6262864348	94.53881145
chr3	184792442	0.5875787932	94.54183892
chr3	184792483	0.6594173609	94.54186301
chr3	184795189	0.6414968117	94.5436474
chr3	184845766	0.5820847925	94.57609238
chr3	184847610	0.5565040854	94.57716575
chr3	184849150	0.4221110715	94.57802276
chr3	184850919	0.3833732988	94.57876948
chr3	184856913	0.2517316133	94.58106742
chr3	184856941	0.2169234042	94.58107446
chr3	184867096	0.1946610618	94.58327732
chr3	184867212	0.1932337028	94.5832999
chr3	184867213	0.191801605	94.5833001
chr3	184867226	0.2329538997	94.58330259
chr3	184867234	0.2436761015	94.58330445
chr3	184867242	0.8768842224	94.5833064
chr3	184872585	0.8877758178	94.58799159
chr3	184873068	0.2545676977	94.58842039
chr3	185042267	0.2334937976	94.63149299
chr3	185045479	0.2081514	94.63224297
chr3	185045500	0.1766313998	94.63224734
chr3	185045833	0.1658155169	94.63230616
chr3	185047412	0.2305062871	94.63256798
chr3	185047541	0.2424976221	94.63259772
chr3	185047578	0.3010022631	94.63260669
chr3	185047594	0.3114523849	94.63261151
chr3	185049215	0.3299714433	94.63311637
chr3	185052805	0.4261596277	94.63430097
chr3	185094151	0.3593408108	94.65192097
chr3	185094300	0.258543294	94.65197451
chr3	185096681	0.3631690398	94.6525901
chr3	185096748	0.3953894032	94.65261443
chr3	185097198	0.419601781	94.65279236
chr3	185170793	0.4188978696	94.68367295
chr3	185211232	0.396361075	94.70061276
chr3	185211243	0.3319391915	94.70061712
chr3	185211282	0.3004038224	94.70063007
chr3	185211293	0.2787900241	94.70063337
chr3	185247761	0.2543720303	94.71080029
chr3	185248419	0.1883293264	94.71096766
chr3	185248488	0.1966885757	94.71098066
chr3	185248589	0.1832171813	94.71100052
chr3	185249069	0.2208243302	94.71108847
chr3	185249246	0.2525243106	94.71112755
chr3	185249269	0.26376476	94.71113336
chr3	185249561	0.2784769625	94.71121038
chr3	185249576	0.3105857384	94.71121456
chr3	185250009	0.3569039276	94.71134904
chr3	185250361	0.3678970127	94.71147467
chr3	185252198	0.365868359	94.7121505
chr3	185285391	0.3784989612	94.72429477
chr3	185285977	0.4187651838	94.72451657
chr3	185377594	0.3924093786	94.76288258
chr3	185400611	0.4212896243	94.77191466
chr3	185400621	1.770136556	94.77191888
chr3	185400679	1.89535038	94.77202154
chr3	185400964	1.927134198	94.77256172
chr3	185401906	1.988266106	94.77437708
chr3	185403349	0.6359675327	94.77724615
chr3	185403367	0.6558872423	94.77725759
chr3	185403537	0.6320048168	94.7773691
chr3	185426455	0.6833113986	94.79185338
chr3	185426457	0.662514779	94.79185475
chr3	185426465	0.6416983291	94.79186005
chr3	185426490	0.6869014347	94.79187609
chr3	185426739	0.7340085565	94.79204713
chr3	185577426	0.6565765402	94.90265268
chr3	185577465	2.630157894	94.90267828
chr3	185582363	2.900083299	94.9155608
chr3	185582553	2.877572592	94.91611181
chr3	185585917	2.441099508	94.92579197
chr3	185585942	2.430106422	94.92585299
chr3	185587044	2.458121381	94.92853097
chr3	185587179	6.440673989	94.92886282
chr3	185588098	6.09372858	94.9347818
chr3	185588100	2.698177591	94.93479398
chr3	185588205	3.010799225	94.93507729
chr3	185588241	3.078414153	94.93518568
chr3	185588564	3.589128723	94.93618001
chr3	185588615	4.224693407	94.93636306
chr3	185589681	4.20208756	94.94086658
chr3	185589683	4.191156496	94.94087498
chr3	185589743	4.80527153	94.94112645
chr3	185589745	5.438697095	94.94113606
chr3	185590922	5.446903649	94.94753741
chr3	185593627	5.462030415	94.96227128
chr3	185594978	5.328550389	94.96965049
chr3	185594984	4.604482526	94.96968246
chr3	185594997	3.584784201	94.96974232
chr3	185595032	3.121669331	94.96986778
chr3	185595132	3.315521788	94.97017995
chr3	185595568	3.510991036	94.97162552
chr3	185595569	2.336395784	94.97162903
chr3	185595590	2.358442066	94.97167809
chr3	185595974	2.380491775	94.97258374
chr3	185595994	2.459221031	94.97263135
chr3	185596030	1.732488683	94.97271988
chr3	185642784	1.733778637	95.05372065
chr3	185642787	1.56191348	95.05372585
chr3	185642796	1.473372893	95.05373991
chr3	185642801	1.312961506	95.05374728
chr3	185642815	1.429676397	95.05376566
chr3	185642827	1.478875648	95.05378282
chr3	185642841	1.401790363	95.05380352
chr3	185689584	1.236369693	95.11932741
chr3	185689597	1.07910467	95.11934348
chr3	185689642	1.109910441	95.11939204
chr3	185689680	1.159797126	95.11943422
chr3	185689804	1.221576831	95.11957803
chr3	185689822	1.499252047	95.11960002
chr3	185689839	1.573233119	95.11962551
chr3	185690578	1.598143619	95.12078813
chr3	185690580	1.648166269	95.12079132
chr3	185690687	1.673095113	95.12096768
chr3	185690688	1.69459019	95.12096935
chr3	185762923	1.641829297	95.24337807
chr3	185763281	1.619779589	95.24396585
chr3	185763629	6.716126801	95.24452953
chr3	185763637	6.6855985	95.24458326
chr3	185764235	6.660528315	95.24858125
chr3	185764284	6.687586599	95.24890761
chr3	185764328	1.424905292	95.24920187
chr3	185764373	1.513111628	95.24926599
chr3	185764489	1.647729197	95.24944151
chr3	185764930	1.682565132	95.25016816
chr3	185835797	1.769754242	95.3694065
chr3	185835880	1.72543172	95.36955339
chr3	185835946	1.709454021	95.36966727
chr3	185837057	3.970098412	95.37156647
chr3	185837114	3.91944524	95.37179277
chr3	185837180	3.904147415	95.37205145
chr3	185837459	3.853671667	95.37314071
chr3	185837504	3.78978528	95.37331412
chr3	185838671	0.9642723126	95.3777368
chr3	185838935	1.214239762	95.37799137
chr3	185839414	1.270499553	95.37857299
chr3	185839416	4.340984079	95.37857553
chr3	185840531	4.466813578	95.38341573
chr3	185840684	2.030066945	95.38409915
chr3	185861086	2.692496557	95.42551658
chr3	185861098	2.511783785	95.42554889
chr3	185862052	2.474050882	95.42794513
chr3	185862147	2.256468028	95.42818016
chr3	185862312	2.141144274	95.42855248
chr3	185862354	2.473029348	95.42864241
chr3	185862374	2.122363032	95.42869187
chr3	185864910	2.525993028	95.43407418
chr3	185865581	2.229646441	95.43576912
chr3	185865582	2.193212614	95.43577135
chr3	185866655	1.555486752	95.43812467
chr3	185868573	1.56820922	95.44110809
chr3	185870596	1.013856569	95.44428058
chr3	185870619	0.5675080501	95.4443039
chr3	185917132	0.7323381544	95.4707004
chr3	185917153	0.6683862166	95.47071578
chr3	185993858	0.7528559944	95.52198435
chr3	186001690	0.7584378159	95.52788071
chr3	186001791	0.743704409	95.52795732
chr3	186025134	0.7095469813	95.54531761
chr3	186061508	0.6839951548	95.57112667
chr3	186071195	0.6207972726	95.57775253
chr3	186072279	0.6641889133	95.57842548
chr3	186112617	0.6708244335	95.60521753
chr3	186112655	0.5704092265	95.60524302
chr3	186112782	0.6147743209	95.60531546
chr3	186112861	0.6012279966	95.60536403
chr3	186113023	0.5574645011	95.60546143
chr3	186113162	0.8649957752	95.60553891
chr3	186113181	0.8562868596	95.60555535
chr3	186113210	0.8374725585	95.60558018
chr3	186113815	0.9202409619	95.60608685
chr3	186115066	1.087111978	95.60723807
chr3	186115108	1.172331561	95.60728373
chr3	186157232	1.170373352	95.65666703
chr3	186157297	1.814226496	95.6567431
chr3	186157729	1.732150484	95.65752685
chr3	186158386	1.867507198	95.65866487
chr3	186158397	1.799842246	95.65868541
chr3	186158406	1.784552283	95.65870161
chr3	186158476	2.289057345	95.65882653
chr3	186158480	2.258817817	95.65883569
chr3	186158493	2.243532035	95.65886505
chr3	186158528	2.162214076	95.65894358
chr3	186158538	2.083988795	95.6589652
chr3	186158651	2.29759619	95.65920069
chr3	186158663	4.399403907	95.65922826
chr3	186158784	4.441735544	95.65976059
chr3	186158932	4.531480849	95.66041796
chr3	186159227	5.300330147	95.66175475
chr3	186160213	5.218617729	95.66698088
chr3	186160465	3.569323849	95.66829597
chr3	186161444	3.576598143	95.67179034
chr3	186161448	3.583872492	95.67180464
chr3	186161460	5.568310636	95.67184765
chr3	186161514	5.57412686	95.67214834
chr3	186161515	5.676318295	95.67215391
chr3	186161533	5.762991194	95.67225609
chr3	186163292	5.696788673	95.68239319
chr3	186163296	6.269625707	95.68241597
chr3	186163319	4.275957734	95.68256018
chr3	186163679	4.363408624	95.68409952
chr3	186163841	5.056989027	95.68480639
chr3	186163872	5.074922557	95.68496316
chr3	186163981	4.732749862	95.68551633
chr3	186164280	4.750958322	95.68693142
chr3	186164318	4.678844191	95.68711195
chr3	186166463	4.719120078	95.69714808
chr3	186169736	3.175507342	95.71259376
chr3	186169741	3.169257573	95.71260963
chr3	186169751	2.836194777	95.71264133
chr3	186169764	2.850963986	95.7126782
chr3	186188366	2.580941582	95.76571183
chr3	186188386	2.588514436	95.76576345
chr3	186188456	2.596294019	95.76594464
chr3	186188474	2.610784607	95.76599138
chr3	186189053	2.59934201	95.76750302
chr3	186190089	2.518615955	95.77019594
chr3	186190095	1.973590392	95.77021105
chr3	186200038	1.232822963	95.78983446
chr3	186200221	1.240801454	95.79006007
chr3	186200341	0.8974509668	95.79020896
chr3	186207526	0.8801855342	95.79665715
chr3	186207548	0.8906979226	95.79667651
chr3	186215115	0.8700317202	95.80341642
chr3	186215222	0.8781690227	95.80350952
chr3	186215413	0.9510132572	95.80367725
chr3	186366882	0.9150875351	95.94772627
chr3	186368507	0.9132024256	95.94921329
chr3	186368545	0.7839349302	95.94924799
chr3	186369503	0.8207438442	95.949999
chr3	186369557	0.7922758068	95.95004332
chr3	186369580	0.7915099608	95.95006154
chr3	186430463	0.853792669	95.99825105
chr3	186434693	0.8387108612	96.00186259
chr3	186613801	0.8305151487	96.15208241
chr3	186662386	1.099221574	96.19243299
chr3	186662568	1.112207792	96.19263305
chr3	186662598	0.9750447253	96.19266642
chr3	186662604	2.348477625	96.19267227
chr3	186662655	2.524277224	96.19279204
chr3	186664111	4.673146885	96.19646739
chr3	186668575	6.248920909	96.21732831
chr3	186668582	7.262874688	96.21737206
chr3	186669068	7.417132198	96.22090181
chr3	186674190	7.402748366	96.25889237
chr3	186674641	7.395598865	96.262231
chr3	186674651	6.787744111	96.26230496
chr3	186674833	6.780597104	96.26354033
chr3	186675289	6.779127269	96.26663228
chr3	186675487	6.462096157	96.26797455
chr3	186675530	6.454523303	96.26825242
chr3	186675554	6.527655666	96.26840733
chr3	186675563	4.565931016	96.26846608
chr3	186675602	4.55875505	96.26864415
chr3	186675611	5.237119053	96.26868518
chr3	186675648	5.229362549	96.26887895
chr3	186675982	4.933273532	96.27062556
chr3	186676002	4.657928666	96.27072422
chr3	186676042	4.649919899	96.27091054
chr3	186676115	4.163973446	96.27124998
chr3	186676238	2.924388857	96.27176215
chr3	186676241	2.924957056	96.27177093
chr3	186676267	2.433332945	96.27184698
chr3	186676318	2.507817041	96.27197108
chr3	186676360	1.697880813	96.2720764
chr3	186680774	0.9833600873	96.27957085
chr3	186719903	0.9558724402	96.31804875
chr3	186720158	1.248913912	96.31829249
chr3	186721013	1.360615835	96.31936032
chr3	186721157	1.340342565	96.31955624
chr3	186721181	1.258112877	96.31958841
chr3	186721277	1.597666389	96.31970919
chr3	186721293	1.878781453	96.31973475
chr3	186721430	1.996122091	96.31999215
chr3	186756219	1.956693779	96.38943524
chr3	186756220	1.937333522	96.38943719
chr3	186758366	2.013120189	96.39359471
chr3	186758532	2.041441013	96.39392889
chr3	186783140	4.787417452	96.44416467
chr3	186783161	4.696801792	96.44426521
chr3	186783172	4.602777069	96.44431687
chr3	186784247	4.485830785	96.44926486
chr3	186784264	4.196488339	96.44934112
chr3	186784321	4.195019169	96.44958032
chr3	186784352	1.32645553	96.44971036
chr3	186784358	1.269220708	96.44971832
chr3	186787730	1.160031384	96.45399813
chr3	186792671	0.7165801869	96.45972985
chr3	186792692	3.902379284	96.4597449
chr3	186792736	5.134945441	96.4599166
chr3	186793194	5.189364537	96.46226841
chr3	186795719	5.506349459	96.47537155
chr3	186795724	11.85586841	96.47539908
chr3	186795729	9.408593485	96.47545836
chr3	186795786	8.161109844	96.47599465
chr3	186796305	5.611345934	96.48023027
chr3	186796315	5.909573137	96.48028638
chr3	186796380	5.966788431	96.4806705
chr3	186796403	6.326865441	96.48080774
chr3	186796418	6.229917304	96.48090264
chr3	186796765	6.199308708	96.48306442
chr3	186797047	6.614888267	96.48481263
chr3	186797062	9.171067164	96.48491185
chr3	186797586	9.828851608	96.48971749
chr3	186797602	6.984541271	96.48987475
chr3	186798982	3.685088929	96.49951342
chr3	186799018	3.74472762	96.49964608
chr3	186799053	3.864116963	96.49977715
chr3	186807357	3.547132043	96.53186478
chr3	186808613	3.212583162	96.53631997
chr3	186808634	2.61414525	96.53638744
chr3	186808662	2.684711655	96.53646063
chr3	186808685	1.522080202	96.53652238
chr3	186808925	1.146623592	96.53688768
chr3	186808939	1.341464358	96.53690373
chr3	186858183	1.281751336	96.60296281
chr3	186859170	1.302119337	96.60422789
chr3	186859403	1.082850844	96.60453129
chr3	186859496	1.064117751	96.60463199
chr3	186859581	1.005124715	96.60472244
chr3	186860829	0.8035852014	96.60597684
chr3	186860857	0.7463699071	96.60599934
chr3	186860875	0.6270587605	96.60601277
chr3	186860881	0.5560550177	96.60601654
chr3	186860940	0.4145463137	96.60604934
chr3	186860984	0.3580390834	96.60606758
chr3	186860987	0.3630966663	96.60606866
chr3	186861403	0.375369309	96.60621971
chr3	186861502	1.001493554	96.60625687
chr3	186861511	1.024228825	96.60626588
chr3	186877233	0.9782224083	96.62236881
chr3	186878035	0.9954033156	96.62315334
chr3	186881565	1.129688557	96.62666711
chr3	186884721	1.373669747	96.63023241
chr3	186886948	1.308645421	96.63329157
chr3	186887044	1.244029335	96.6334172
chr3	186888792	1.180106295	96.63559177
chr3	186889018	1.261099325	96.63585847
chr3	186889088	1.345056323	96.63594675
chr3	186908737	0.9511327876	96.66237576
chr3	186908836	0.9820790291	96.66246992
chr3	186908908	1.285039223	96.66254063
chr3	186909400	1.194033827	96.66317287
chr3	186933028	1.099399885	96.6913855
chr3	186933089	1.019447771	96.69145257
chr3	186933259	0.9476290217	96.69162587
chr3	186933264	2.663169829	96.69163061
chr3	186934007	2.592824104	96.69360934
chr3	186934017	2.598444397	96.69363527
chr3	186934566	2.452199025	96.69506182
chr3	186935392	1.055847444	96.69708734
chr3	186949365	1.038418944	96.71184069
chr3	187021011	0.9963768176	96.78623926
chr3	187023226	0.9035049561	96.78844623
chr3	187023773	0.747406808	96.78894045
chr3	187023820	0.7056884551	96.78897558
chr3	187023858	2.383232505	96.78900239
chr3	187028045	1.578880691	96.79898099
chr3	187028137	0.7217788475	96.79912624
chr3	187028220	0.7440002897	96.79918615
chr3	187066368	0.8727777421	96.82756827
chr3	187066570	0.9027008158	96.82774457
chr3	187159899	0.8890933822	96.91199274
chr3	187160003	0.9830202207	96.91208521
chr3	187160180	0.9915242621	96.9122592
chr3	187160187	0.9405736365	96.91226614
chr3	187161437	0.9490943744	96.91344186
chr3	187161764	2.592283482	96.91375221
chr3	187161996	2.66993553	96.91435362
chr3	187163614	2.657350163	96.91867358
chr3	187163845	3.270217405	96.91928742
chr3	187165260	3.300968931	96.92391478
chr3	187165271	3.27217811	96.92395109
chr3	187165401	3.278823647	96.92437648
chr3	187165432	3.2859138	96.92447812
chr3	187166745	3.205418148	96.92879252
chr3	187166748	3.357907547	96.92880214
chr3	187166765	3.339940138	96.92885923
chr3	187167400	3.435894737	96.93098009
chr3	187169410	1.447177482	96.93788624
chr3	187169423	1.741177744	96.93790505
chr3	187169466	1.790643679	96.93797992
chr3	187169506	1.959686671	96.93805155
chr3	187194234	1.788778336	96.98651068
chr3	187194356	1.814434758	96.98672891
chr3	187194790	1.833084748	96.98751637
chr3	187194810	1.43717317	96.98755303
chr3	187194838	1.291544301	96.98759328
chr3	187194947	1.300781248	96.98773405
chr3	187199279	1.156448364	96.99336904
chr3	187205842	1.153509506	97.00095881
chr3	187244022	1.107497925	97.0449998
chr3	187244044	0.6418942218	97.04502417
chr3	187244086	0.5085824881	97.04505113
chr3	187244087	0.4846814235	97.04505163
chr3	187244148	0.4764891856	97.0450812
chr3	187244209	0.4809698811	97.04511027
chr3	187244292	0.5000350213	97.04515019
chr3	187309122	0.4431312653	97.07756746
chr3	187309139	0.4177811844	97.07757499
chr3	187399161	0.422119855	97.11518449
chr3	187399329	0.4650885025	97.1152554
chr3	187524953	0.5185672434	97.17368168
chr3	187529912	0.5238264576	97.17625326
chr3	187530776	0.4957972018	97.17670584
chr3	187590401	0.4657217291	97.20626775
chr3	187593935	0.4775602984	97.20791361
chr3	187593982	0.449977714	97.20793606
chr3	187594329	0.4302060132	97.2080922
chr3	187594389	0.4111504915	97.20811801
chr3	187594422	0.3730848705	97.20813158
chr3	187595049	2.95732656	97.2083655
chr3	187595195	2.948815239	97.20879727
chr3	187595718	2.938322107	97.2103395
chr3	187596477	0.3578769312	97.21256969
chr3	187598058	0.3538440243	97.21313549
chr3	187598295	0.3434272468	97.21321936
chr3	187598817	0.3578076746	97.21339862
chr3	187599295	0.3820451348	97.21356966
chr3	187614822	0.4260111879	97.21950167
chr3	187685656	0.3550895977	97.24967775
chr3	187685741	0.4239133631	97.24970793
chr3	187685742	0.4661145582	97.24970835
chr3	187685818	0.549330473	97.24974378
chr3	187692543	0.4745075274	97.25343803
chr3	187720521	0.4678619904	97.2667138
chr3	187782346	0.8018220735	97.29563937
chr3	187782392	0.716766603	97.29567625
chr3	187782939	1.329504174	97.29606832
chr3	187783560	1.356285289	97.29689394
chr3	187789956	0.4935850508	97.30556874
chr3	187824313	0.5047066109	97.32252684
chr3	187824709	0.5137745652	97.32272671
chr3	187915213	0.525436992	97.36922536
chr3	187915383	0.6363840058	97.36931469
chr3	187915476	0.658325001	97.36937387
chr3	187940070	0.6838024232	97.38556472
chr3	187940440	0.6887958272	97.38581772
chr3	187947146	0.7017677899	97.39043679
chr3	187947198	0.7147500237	97.39047328
chr3	187951027	0.6112523668	97.39321006
chr3	187951034	0.5779976992	97.39321434
chr3	187951116	0.5911614327	97.39326173
chr3	188035017	0.6148702643	97.44286077
chr3	188035053	0.6385992262	97.4428829
chr3	188190520	0.6289174686	97.54216401
chr3	188190616	0.7875836515	97.54222438
chr3	188190677	0.7641639854	97.54227243
chr3	188228177	0.75135947	97.57092858
chr3	188228418	2.937046237	97.57110965
chr3	188229939	2.928781802	97.5755769
chr3	188231169	2.890730824	97.5791793
chr3	188231361	2.859325643	97.57973432
chr3	188231534	0.5490104868	97.58022899
chr3	188231540	0.5678030551	97.58023228
chr3	188232854	0.6025931408	97.58097837
chr3	188244162	0.6272838966	97.5877925
chr3	188252521	0.4935882066	97.59303596
chr3	188311131	0.4714397983	97.62196517
chr3	188366135	0.450421729	97.64789624
chr3	188366451	0.4440995445	97.64803858
chr3	188367849	0.38504907	97.64865943
chr3	188367853	0.3764255336	97.64866097
chr3	188368274	0.3701163457	97.64881944
chr3	188369695	0.3434139425	97.64934538
chr3	188371131	0.3355554341	97.64983852
chr3	188371163	0.3088827625	97.64984926
chr3	188380409	0.2846111247	97.65270519
chr3	188384070	0.2571641316	97.65374715
chr3	188393573	0.2324733758	97.65619098
chr3	188423944	0.6831844947	97.66325143
chr3	188424562	0.6784683481	97.66367364
chr3	188424691	0.643908424	97.66376116
chr3	188425054	1.808341685	97.6639949
chr3	188428383	1.8357908	97.67001487
chr3	188428395	1.907785113	97.6700369
chr3	188428451	0.8821669625	97.67014373
chr3	188432129	0.4314558437	97.67338834
chr3	188487009	0.5064467013	97.69706664
chr3	188490965	0.5012317672	97.69907014
chr3	188492704	0.4467000524	97.69994178
chr3	188493671	0.33463715	97.70037374
chr3	188497573	0.3425115876	97.7016795
chr3	188497594	0.3871591483	97.70168669
chr3	188497691	0.3773290545	97.70172424
chr3	188498121	0.3917882861	97.7018865
chr3	188499543	0.4074169607	97.70244362
chr3	188503591	0.5627023262	97.70409284
chr3	188557080	0.6624390433	97.73419123
chr3	188666717	0.5133716036	97.80681906
chr3	188666762	0.5809814869	97.80684216
chr3	188666794	0.7740153691	97.80686075
chr3	188666802	0.740393392	97.80686694
chr3	188667827	0.7199912722	97.80762585
chr3	188670059	0.9527989528	97.80923287
chr3	188670464	1.117502062	97.80961875
chr3	188670658	1.085021559	97.80983555
chr3	188685905	0.6591799975	97.82637887
chr3	188685941	0.4208217556	97.8264026
chr3	188686314	0.4466810254	97.82655957
chr3	188686695	0.4585819823	97.82672975
chr3	188686700	0.2569533244	97.82673204
chr3	188686804	0.2374460959	97.82675877
chr3	188687033	0.2173358131	97.82681314
chr3	188689747	0.1627470753	97.82740299
chr3	188689855	0.1590734304	97.82742057
chr3	188690339	0.1541677402	97.82749756
chr3	188690402	0.166607282	97.82750727
chr3	188691371	0.2783939877	97.82766872
chr3	188691473	0.3381611854	97.82769711
chr3	188753197	0.4106542188	97.84856977
chr3	188753200	0.4021309772	97.848571
chr3	188753257	0.489784701	97.84859393
chr3	188759880	0.5612038871	97.85183777
chr3	188761135	0.5807981492	97.85254208
chr3	188761472	0.600427547	97.85273781
chr3	188761602	0.6560722192	97.85281587
chr3	188761653	0.6724446575	97.85284933
chr3	188761679	0.7099049931	97.85286681
chr3	188949408	0.7234925681	97.98613656
chr3	188949513	0.6696484709	97.98621253
chr3	188968822	0.5496573644	97.99914277
chr3	188971172	0.5412565397	98.00043447
chr3	188971217	0.528990426	98.00045882
chr3	188971633	0.4788549373	98.00067888
chr3	188971722	0.4757517044	98.0007215
chr3	188973617	1.031122899	98.00162305
chr3	188973710	1.309501295	98.00171895
chr3	188974866	1.457105004	98.00323273
chr3	188986777	1.474333345	98.02058831
chr3	188986781	1.486422793	98.0205942
chr3	188986961	1.514989108	98.02086176
chr3	188986962	1.767231063	98.02086328
chr3	188986969	1.499869332	98.02087565
chr3	188986975	1.467252281	98.02088464
chr3	188987226	1.486837144	98.02125293
chr3	188987342	1.432433703	98.0214254
chr3	188987357	1.264801938	98.02144688
chr3	188987358	2.01815267	98.02144815
chr3	188987750	2.067532599	98.02223927
chr3	188993204	1.517383414	98.03351559
chr3	188993212	1.872561911	98.03352773
chr3	188996676	1.926153571	98.04001428
chr3	188996712	1.956553901	98.04008362
chr3	188997577	1.5835051	98.04177604
chr3	188997607	1.457789825	98.04182355
chr3	188997843	1.475957752	98.04216759
chr3	188997851	1.408045001	98.04217939
chr3	189004039	0.8955689032	98.05089238
chr3	189074079	0.9984570873	98.11361802
chr3	189076806	0.9785815308	98.11634081
chr3	189076836	0.9195304584	98.11637017
chr3	189076984	0.8848244596	98.11650626
chr3	189077223	0.91465152	98.11671774
chr3	189077251	0.9032673974	98.11674335
chr3	189077343	0.9917946884	98.11682645
chr3	189077518	1.022767692	98.11700001
chr3	189077732	1.082663951	98.11721888
chr3	189077772	1.11214232	98.11726219
chr3	189077834	1.145353981	98.11733114
chr3	189077874	1.166972751	98.11737696
chr3	189077876	1.430962162	98.11737929
chr3	189078953	1.461210115	98.11892044
chr3	189196364	1.571661587	98.29048258
chr3	189196601	1.57126027	98.29085506
chr3	189196602	1.59576993	98.29085663
chr3	189196608	1.635779753	98.29086621
chr3	189196624	1.604806749	98.29089238
chr3	189200897	1.58663882	98.29774972
chr3	189200905	1.338404061	98.29776241
chr3	189200914	1.24825985	98.29777446
chr3	189200967	1.218505203	98.29784062
chr3	189202752	1.188963333	98.30001565
chr3	189202757	1.171059135	98.30002159
chr3	189202917	1.141580765	98.30020896
chr3	189202929	1.16677367	98.30022266
chr3	189204827	1.206355052	98.3024372
chr3	189205181	1.177578478	98.30286425
chr3	189205279	1.590595776	98.30297965
chr3	189205336	1.714762368	98.30307031
chr3	189205368	2.131705569	98.30312519
chr3	189205534	2.217533834	98.30347905
chr3	189205813	2.509876654	98.30409774
chr3	189206605	3.545796582	98.30608556
chr3	189206744	4.144678839	98.30657843
chr3	189212257	4.117226517	98.32942804
chr3	189212325	4.193972647	98.32970801
chr3	189213653	4.243356472	98.33527761
chr3	189214211	1.949249408	98.3376454
chr3	189248510	3.052211293	98.40450271
chr3	189248516	2.65214727	98.40452102
chr3	189251020	2.562958533	98.411162
chr3	189251644	1.375415975	98.41276128
chr3	189251706	1.295031809	98.41284656
chr3	189287921	1.283247712	98.45974614
chr3	189288344	1.474798153	98.46028895
chr3	189288355	1.425414328	98.46030517
chr3	189288402	1.627441378	98.46037217
chr3	189288403	1.584281236	98.4603738
chr3	189289973	1.402232269	98.46286112
chr3	189291929	1.23818262	98.46560388
chr3	189291933	1.194948623	98.46560884
chr3	189323756	1.274128519	98.50363569
chr3	189323832	1.257556924	98.50373252
chr3	189323862	1.237959919	98.50377025
chr3	189324568	1.180409913	98.50464425
chr3	189324659	1.147008941	98.50475166
chr3	189326767	1.353265483	98.50716956
chr3	189328716	1.447629593	98.50980707
chr3	189328776	1.232946204	98.50989393
chr3	189328865	1.435064904	98.51000366
chr3	189329378	1.459140126	98.51073985
chr3	189329386	1.619960084	98.51075152
chr3	189345587	1.555448927	98.5369965
chr3	189345692	1.709822719	98.53715982
chr3	189346375	2.011729679	98.53832763
chr3	189346872	1.985577002	98.53932746
chr3	189347117	1.830972673	98.53981392
chr3	189347127	1.804955009	98.53983223
chr3	189347135	1.89223891	98.53984667
chr3	189347321	2.058795888	98.54019863
chr3	189348053	2.20389808	98.54170567
chr3	189348664	2.373629138	98.54305225
chr3	189348790	2.730405783	98.54335133
chr3	189367714	2.850570946	98.59502153
chr3	189367804	3.360338013	98.59527808
chr3	189367810	3.2657717	98.59529824
chr3	189369469	3.256452388	98.60071616
chr3	189369470	2.804975591	98.60071941
chr3	189369512	2.648235472	98.60083722
chr3	189369523	2.625591746	98.60086635
chr3	189369589	3.239302499	98.60103964
chr3	189370347	3.246157038	98.60349503
chr3	189370497	3.252277407	98.60398196
chr3	189371097	3.375719619	98.60593332
chr3	189371631	3.51390258	98.60773596
chr3	189373956	3.616353542	98.61590578
chr3	189398068	3.542594259	98.7031033
chr3	189398076	3.233885426	98.70313164
chr3	189398104	3.112133925	98.70322219
chr3	189398108	2.825311751	98.70323463
chr3	189398200	31.5335952	98.70349456
chr3	189398328	3.182303508	98.70753086
chr3	189398337	3.110279484	98.7075595
chr3	189398395	5.649309093	98.7077399
chr3	189398414	5.52914393	98.70784724
chr3	189399134	5.504652013	98.71182822
chr3	189399751	2.566461979	98.71522459
chr3	189399762	2.492838228	98.71525282
chr3	189399998	3.668134526	98.71584113
chr3	189400478	3.713740541	98.71760184
chr3	189400691	3.871927628	98.71839286
chr3	189400853	3.913149056	98.71902012
chr3	189400982	5.280133842	98.71952491
chr3	189403905	4.490236013	98.73495874
chr3	189403930	4.672920012	98.735071
chr3	189403960	3.74180681	98.73521119
chr3	189403974	4.934165491	98.73526357
chr3	189404223	5.116996393	98.73649218
chr3	189404398	4.509241778	98.73738765
chr3	189413017	4.11470753	98.77625281
chr3	189413226	4.028673096	98.77711278
chr3	189413299	3.695948342	98.77740688
chr3	189413310	3.352635829	98.77744753
chr3	189414094	3.402083199	98.780076
chr3	189414205	3.011984296	98.78045363
chr3	189442751	2.831694839	98.86643373
chr3	189442858	2.612017469	98.86673672
chr3	189443216	2.488707294	98.86767183
chr3	189444578	2.092233866	98.87106145
chr3	189444658	1.922308032	98.87122882
chr3	189444686	1.746074724	98.87128265
chr3	189444800	1.466671539	98.8714817
chr3	189480565	2.985979727	98.92393721
chr3	189481368	2.892734692	98.92633495
chr3	189482032	2.795056696	98.92825573
chr3	189482609	2.770981473	98.92986847
chr3	189483174	3.639051593	98.93143408
chr3	189483242	4.5806575	98.93168153
chr3	189488700	8.676649909	98.95668276
chr3	189490000	4.19709851	98.96796241
chr3	189490105	4.208144027	98.9684031
chr3	189490111	4.219882305	98.96842835
chr3	189490347	5.081959238	98.96942424
chr3	189490467	5.096003638	98.97003408
chr3	189490565	6.05023812	98.97053349
chr3	189491727	4.839462648	98.97756386
chr3	189491732	3.998544767	98.97758806
chr3	189491749	3.976752116	98.97765604
chr3	189491994	3.963392167	98.97863034
chr3	189492010	4.013521538	98.97869376
chr3	189494431	1.860928393	98.98841049
chr3	189494434	1.533302239	98.98841607
chr3	189494466	1.597134308	98.98846514
chr3	189495489	0.9729342139	98.99009901
chr3	189495494	1.025515036	98.99010387
chr3	189495553	1.036705703	98.99016438
chr3	189495629	0.7790835369	98.99024317
chr3	189565561	0.6530195165	99.04472604
chr3	189565601	0.6028901458	99.04475216
chr3	189565654	0.5503093233	99.04478411
chr3	189565986	0.4177616105	99.04496681
chr3	189566046	0.4319667338	99.04499188
chr3	189566247	0.4730086206	99.04507871
chr3	189585506	0.5235733868	99.05418838
chr3	189585513	0.5728571202	99.05419204
chr3	189593204	0.5400903457	99.05859789
chr3	189593413	0.5576616154	99.05871077
chr3	189739424	0.5324320264	99.1401355
chr3	189746018	0.4913901397	99.14364635
chr3	189750798	0.5022768656	99.1459952
chr3	189753110	0.4060820672	99.14715646
chr3	189753139	0.3920376678	99.14716824
chr3	189803362	0.3505411973	99.16685755
chr3	189803368	0.3336075916	99.16685965
chr3	189804358	0.4703464092	99.16718992
chr3	189804386	0.4534915661	99.16720309
chr3	189804388	0.3666911832	99.167204
chr3	189804449	0.5594225196	99.16722637
chr3	189804612	0.754983933	99.16731755
chr3	189804637	0.7375359922	99.16733643
chr3	189811437	0.7274772044	99.17235167
chr3	189823476	0.5319157908	99.18110977
chr3	189823515	1.614389531	99.18113051
chr3	189823590	1.39504593	99.18125159
chr3	189823837	1.402631204	99.18159617
chr3	189823842	1.3945114	99.18160318
chr3	189824093	1.383465882	99.1819532
chr3	189825209	11.86335967	99.18349715
chr3	189825572	13.92223067	99.18780355
chr3	189825665	17.26660302	99.18909832
chr3	189825746	13.46951604	99.19049691
chr3	189826753	13.51945555	99.20406072
chr3	189826787	10.2816988	99.20452038
chr3	189826923	4.000109433	99.20591869
chr3	189827392	1.993993473	99.20779474
chr3	189827405	2.040244706	99.20782066
chr3	189827419	2.065716963	99.20784923
chr3	189827846	0.6667520379	99.20873129
chr3	189827966	0.7173311744	99.2088113
chr3	189827996	0.7427923552	99.20883282
chr3	189829098	0.7638411248	99.20965138
chr3	189972246	0.662451218	99.3189937
chr3	189972777	0.5614512399	99.31934547
chr3	189972798	0.5363643965	99.31935726
chr3	189972810	0.5113708635	99.31936369
chr3	189972831	0.4862896484	99.31937443
chr3	189972882	0.4610149453	99.31939923
chr3	189972886	0.4355537634	99.31940108
chr3	189974850	0.5338813435	99.3202565
chr3	189975358	0.6525086027	99.32052772
chr3	189975468	0.5320621739	99.32059949
chr3	189975469	7.159395185	99.32060002
chr3	189976025	0.5243762865	99.32458065
chr3	189976074	0.5410334883	99.32460634
chr3	189976152	0.5165933321	99.32464854
chr3	189976253	1.667084992	99.32470072
chr3	189976421	1.931155895	99.32498079
chr3	189984428	1.479893442	99.34044355
chr3	189984429	1.474581274	99.34044503
chr3	189984517	1.028178744	99.3405748
chr3	189984550	1.196169204	99.34060873
chr3	189984569	1.443771563	99.34063145
chr3	189999965	1.310480433	99.36285976
chr3	190000049	1.072168385	99.36296984
chr3	190004361	2.549487476	99.36759303
chr3	190004387	2.57836898	99.36765932
chr3	190004444	5.67842823	99.36780629
chr3	190004498	5.687479454	99.36811292
chr3	190005621	5.675677223	99.37449996
chr3	190005634	2.575617973	99.37457374
chr3	190006360	0.7301599965	99.37644364
chr3	190006361	0.8953354502	99.37644437
chr3	190006365	0.9463125195	99.37644795
chr3	190006370	0.9658674171	99.37645269
chr3	190006419	0.9746384716	99.37650001
chr3	190006456	0.8658478681	99.37653607
chr3	190006510	0.5825538213	99.37658283
chr3	190007000	0.4476673223	99.37686828
chr3	190062230	0.3156058747	99.40159295
chr3	190062657	0.3545174695	99.40172771
chr3	190086890	0.3215911002	99.41031873
chr3	190086897	0.3073745898	99.41032098
chr3	190089534	0.2630182731	99.41113153
chr3	190105908	0.2750761081	99.41543819
chr3	190195022	0.2555212107	99.43995132
chr3	190197544	0.2004691724	99.44059575
chr3	190197555	0.1544517322	99.44059795
chr3	190331041	0.1471534201	99.4612151
chr3	190381489	0.1142389958	99.46863869
chr3	190381657	0.08355443939	99.46865789
chr3	190411856	0.07149660445	99.47118115
chr3	190411938	0.07998538323	99.47118701
chr3	190412075	0.07093415979	99.47119797
chr3	190424009	0.07984749863	99.4720445
chr3	190424875	0.1418578539	99.47211364
chr3	190425094	0.1684749083	99.47214471
chr3	190427002	0.1719758088	99.47246616
chr3	190427015	0.1632047538	99.4724684
chr3	190427022	0.1719998565	99.47246954
chr3	190427092	0.20511294	99.47248158
chr3	190427093	0.2141090745	99.47248178
chr3	190427763	0.2231199281	99.47262524
chr3	190427833	0.2321323227	99.47264086
chr3	190427893	0.2411460385	99.47265478
chr3	190428517	0.2842805522	99.47280526
chr3	190428537	0.2932943123	99.47281094
chr3	190428565	0.3023228516	99.47281916
chr3	190428575	0.3085597738	99.47282218
chr3	190428713	0.4170155688	99.47286476
chr3	190428990	0.4109194732	99.47298027
chr3	190460906	0.4304892567	99.48609518
chr3	190461703	0.4666605155	99.48643828
chr3	190465050	0.4765184098	99.48800019
chr3	190466923	0.5156238044	99.48889271
chr3	190563563	0.527370487	99.5387226
chr3	190563692	0.4219886524	99.53879063
chr3	190563795	0.4590970947	99.53883409
chr3	190836979	0.4500611464	99.66425207
chr3	190837166	0.4049995111	99.66433623
chr3	190837808	0.4126319793	99.66459624
chr3	190837839	0.4169652286	99.66460904
chr3	190837891	0.305958805	99.66463072
chr3	190837955	0.2961747438	99.6646503
chr3	190838094	0.3004978927	99.66469147
chr3	190839275	0.2906399983	99.66504636
chr3	190840070	0.2638662358	99.66527741
chr3	190840155	0.2505286465	99.66529984
chr3	190840210	0.2735009592	99.66531362
chr3	190840308	0.3020766547	99.66534042
chr3	190840314	0.293196721	99.66534224
chr3	190842577	0.304512598	99.66600574
chr3	190842633	0.2989061544	99.66602279
chr3	190843038	0.2792894387	99.66614385
chr3	190843306	0.325495114	99.6662187
chr3	190845509	0.3665833311	99.66693577
chr3	190846468	0.3398915173	99.66728732
chr3	190846520	0.3738980431	99.66730499
chr3	190846624	0.4124514198	99.66734388
chr3	190846785	0.4379947671	99.66741028
chr3	190846792	0.4585634221	99.66741335
chr3	190849580	0.4796215636	99.66869183
chr3	190926495	0.5249524426	99.70558192
chr3	190931350	0.5625964064	99.70813056
chr3	190931355	0.6044154908	99.70813337
chr3	191019293	0.6169070104	99.76128446
chr3	191019534	0.7807930125	99.76143314
chr3	191019570	6.765212628	99.76146125
chr3	191019961	7.673441516	99.76410645
chr3	191020064	8.551395737	99.76489681
chr3	191020067	8.509634077	99.76492246
chr3	191020135	8.488385507	99.76550112
chr3	191020150	8.480263401	99.76562844
chr3	191020174	3.27937979	99.76583197
chr3	191021125	4.250772282	99.76895066
chr3	191024299	1.781485667	99.78244261
chr3	191024351	1.909396298	99.78253525
chr3	191024742	2.050734787	99.78328182
chr3	191024765	2.173397696	99.78332899
chr3	191024767	1.160473338	99.78333334
chr3	191024874	1.270634306	99.78345751
chr3	191024937	1.36036865	99.78353756
chr3	191025406	1.456777131	99.78417557
chr3	191025532	1.444414687	99.78435912
chr3	191025574	1.556507012	99.78441979
chr3	191025720	1.536610401	99.78464704
chr3	191026146	1.516041747	99.78530164
chr3	191026153	1.658211403	99.78531225
chr3	191026196	1.671656419	99.78538355
chr3	191053192	1.543745788	99.83051159
chr3	191053430	2.273532239	99.830879
chr3	191053451	2.309006117	99.83092674
chr3	191053707	4.498477196	99.83151785
chr3	191053708	4.373037009	99.83152235
chr3	191055753	4.278266683	99.84046521
chr3	191056342	4.254871125	99.84298511
chr3	191057647	4.2918365	99.84853771
chr3	191058362	4.181675532	99.85160638
chr3	191058485	1.686384204	99.85212072
chr3	191058493	1.476880962	99.85213422
chr3	191059424	0.8149539038	99.85350919
chr3	191059472	0.7016987572	99.85354831
chr3	191059475	0.7693934698	99.85355041
chr3	191059503	0.8294696878	99.85357196
chr3	191059809	0.882983338	99.85382577
chr3	191059849	0.9000348174	99.85386109
chr3	191061407	0.9685730769	99.85526335
chr3	191062033	1.023870703	99.85586968
chr3	191063669	1.02497706	99.85754473
chr3	191063671	0.9443792438	99.85754678
chr3	191063734	0.9748684597	99.85760627
chr3	191063746	0.9895530221	99.85761797
chr3	191128746	0.8306964456	99.92193892
chr3	191128749	0.872019898	99.92194141
chr3	191129052	0.9373862177	99.92220563
chr3	191130871	0.907118978	99.92391074
chr3	191131935	1.001393037	99.92487591
chr3	191157427	1.06287518	99.95040342
chr3	191157445	1.313427766	99.95042256
chr3	191231421	1.29557849	100.0475847
chr3	191261691	1.150474334	100.0868018
chr3	191261699	1.008932696	100.0868111
chr3	191261819	1.008326455	100.0869321
chr3	191261890	1.113557094	100.0870037
chr3	191276198	1.244486773	100.1029365
chr3	191284780	1.249124687	100.1136167
chr3	191292279	1.607408597	100.1229839
chr3	191292386	1.584568176	100.1231559
chr3	191296947	1.40899138	100.1303831
chr3	191296999	1.275151485	100.1304563
chr3	191299738	1.257656712	100.133949
chr3	191299747	1.263832015	100.1339603
chr3	191300123	1.268414028	100.1344355
chr3	191300482	1.745796867	100.1348909
chr3	191300578	1.752827008	100.1350585
chr3	191301132	2.551131985	100.1360295
chr3	191301212	2.458953331	100.1362336
chr3	191301230	2.445828703	100.1362779
chr3	191301260	2.415436841	100.1363512
chr3	191301358	2.947393555	100.136588
chr3	191301670	3.200963904	100.1375075
chr3	191301724	3.4301603	100.1376804
chr3	191301845	3.021405609	100.1380954
chr3	191301879	2.877755809	100.1381982
chr3	191301932	3.454717004	100.1383507
chr3	191302750	3.460595008	100.1411767
chr3	191313698	3.181458317	100.1790633
chr3	191313823	2.644050736	100.1794609
chr3	191314619	2.619030322	100.1815656
chr3	191314967	1.986229018	100.182477
chr3	191315102	1.710472514	100.1827452
chr3	191315131	1.115976734	100.1827948
chr3	191315326	1.054727523	100.1830124
chr3	191315864	1.067535983	100.1835798
chr3	191316098	1.311388083	100.1838296
chr3	191316597	1.08246655	100.184484
chr3	191318524	1.030246605	100.1865699
chr3	191319183	0.8054478799	100.1872489
chr3	191319209	0.9952002398	100.1872698
chr3	191322441	1.098677576	100.1904863
chr3	191358030	0.9611623651	100.2295871
chr3	191358078	0.9963080854	100.2296333
chr3	191358092	1.772944937	100.2296472
chr3	191358122	1.838269238	100.2297004
chr3	191358179	1.935701101	100.2298052
chr3	191361197	0.8924828413	100.2356471
chr3	191463043	0.6555703411	100.3265429
chr3	191463059	1.115874267	100.3265534
chr3	191463207	1.080768681	100.3267186
chr3	191464936	1.033515306	100.3285872
chr3	191469935	1.041532271	100.3337538
chr3	191470978	1.008852659	100.3348401
chr3	191470981	0.9434699724	100.3348431
chr3	191471110	0.4852572646	100.3349648
chr3	191471126	0.4676320991	100.3349726
chr3	191471146	0.4814969805	100.3349819
chr3	191471217	0.4578325579	100.3350161
chr3	191471903	0.4656210594	100.3353302
chr3	191472135	0.4795024822	100.3354382
chr3	191472137	0.4887672869	100.3354392
chr3	191472166	0.3681964269	100.3354533
chr3	191480201	0.3850136676	100.3384118
chr3	191480308	0.3932132966	100.338453
chr3	191480545	0.3708849294	100.3385462
chr3	191480751	0.3235418206	100.3386226
chr3	191480812	0.3378917694	100.3386423
chr3	191487140	0.4196586167	100.3407805
chr3	191522391	0.3782614802	100.3555739
chr3	191573247	0.3479407067	100.3748108
chr3	191574221	0.3422452882	100.3751497
chr3	191574236	0.3938745062	100.3751548
chr3	191576110	0.4147177134	100.3758929
chr3	191576176	0.4444751383	100.3759203
chr3	191653634	0.4526020436	100.4103484
chr3	191737219	0.4100304532	100.4481792
chr3	191737293	0.3868520953	100.4482095
chr3	191737891	0.368355729	100.4484409
chr3	191738191	0.3968073875	100.4485514
chr3	191738252	0.452701125	100.4485756
chr3	191738585	0.6072263444	100.4487263
chr3	191740632	0.5608592906	100.4499693
chr3	191813935	0.6820989397	100.491082
chr3	191814427	0.6843702484	100.4914176
chr3	191849943	0.5819188346	100.5157237
chr3	191854527	0.5502899164	100.5183912
chr3	191865650	2.225617122	100.5245121
chr3	191865658	2.216046482	100.5245299
chr3	191867381	2.349086638	100.5283481
chr3	191867852	0.6274003285	100.5294545
chr3	191870255	0.5715065912	100.5309622
chr3	191870318	0.5622417831	100.5309982
chr3	191870471	0.6591511542	100.5310842
chr3	191895110	0.5261109975	100.547325
chr3	191895147	0.5214160554	100.5473445
chr3	191895241	0.4978671932	100.5473935
chr3	191895267	0.4525090256	100.5474064
chr3	191895361	0.468370672	100.547449
chr3	191895362	0.4182423689	100.5474495
chr3	191897104	0.4944282068	100.548178
chr3	191897105	0.3470579675	100.5481785
chr3	191897138	0.3244015727	100.54819
chr3	191930037	0.3328037932	100.5588625
chr3	191930093	0.3039436211	100.5588811
chr3	191930215	0.5740386333	100.5589182
chr3	191930356	0.5681606295	100.5589991
chr3	191941499	0.5162223726	100.5653301
chr3	191945526	0.6431202459	100.567409
chr3	191945542	0.5335106129	100.5674193
chr3	191945548	0.5561586469	100.5674225
chr3	191945559	0.5714724632	100.5674286
chr3	191947189	0.5943495686	100.5683601
chr3	191989378	0.6271296513	100.5934351
chr3	192012637	0.6742377377	100.6080215
chr3	192012662	0.7062475817	100.6080384
chr3	192028239	0.5724450176	100.6190396
chr3	192028242	0.6743710498	100.6190413
chr3	192028259	0.7697185339	100.6190528
chr3	192028319	0.7321148632	100.6190989
chr3	192028344	1.059111951	100.6191172
chr3	192101918	1.026331868	100.6970403
chr3	192102892	1.002889253	100.69804
chr3	192102946	1.738181988	100.6980941
chr3	192103302	7.777472057	100.6987129
chr3	192104925	8.001820591	100.7113358
chr3	192105129	3.940315188	100.7129681
chr3	192105243	6.279643054	100.7134173
chr3	192105312	4.444284593	100.7138506
chr3	192106016	4.466629595	100.7169794
chr3	192107518	4.449241114	100.7236883
chr3	192107567	2.113100202	100.7239063
chr3	192107865	2.113403765	100.724536
chr3	192108435	2.772829532	100.7257406
chr3	192108445	2.774414125	100.7257684
chr3	192108463	2.791558717	100.7258183
chr3	192111548	2.800521278	100.7344303
chr3	192123830	2.602045434	100.7688263
chr3	192123986	1.878745516	100.7692322
chr3	192123991	1.227945981	100.7692416
chr3	192125052	1.38282285	100.7705444
chr3	192127910	1.591199483	100.7744965
chr3	192127939	1.575337835	100.7745427
chr3	192127979	1.590639657	100.7746057
chr3	192131057	1.610407053	100.7795017
chr3	192131419	1.690849504	100.7800847
chr3	192131507	1.71786438	100.7802335
chr3	192131666	1.727414185	100.7805066
chr3	192132004	1.143682921	100.7810905
chr3	192152019	0.9906665985	100.8039813
chr3	192264957	0.8839357861	100.9158652
chr3	192264962	0.8603660104	100.9158696
chr3	192265545	0.8370142114	100.9163712
chr3	192265652	0.837303093	100.9164608
chr3	192265875	3.427047974	100.9166475
chr3	192267291	0.6996234506	100.9215002
chr3	192268064	0.5771619565	100.922041
chr3	192269008	0.622916856	100.9225858
chr3	192269127	0.6075957141	100.9226599
chr3	192271112	0.393444509	100.923866
chr3	192317681	0.3736771106	100.9421883
chr3	192317683	0.3919389343	100.9421891
chr3	192318489	0.4511394248	100.942505
chr3	192322780	0.3825336354	100.9444408
chr3	192323350	0.3948329746	100.9446589
chr3	192323637	0.4140977555	100.9447722
chr3	192368727	0.4390623666	100.9634439
chr3	192369066	0.458020114	100.9635927
chr3	192369096	0.4249307615	100.9636064
chr3	192369252	0.4986930481	100.9636727
chr3	192369298	0.523207425	100.9636957
chr3	192370894	0.4862361225	100.9645307
chr3	192371071	0.5601861386	100.9646168
chr3	192420957	0.4624824087	100.9925622
chr3	192424203	0.4361370401	100.9940634
chr3	192424832	0.3997850712	100.9943378
chr3	192424949	0.7299334214	100.9943845
chr3	192424959	0.6935240475	100.9943918
chr3	192424984	0.7269201809	100.9944092
chr3	192424992	0.7658377115	100.994415
chr3	192425030	0.9586682719	100.9944441
chr3	192425086	1.030078851	100.9944978
chr3	192425505	1.108600622	100.9949294
chr3	192425536	1.148925384	100.9949638
chr3	192453345	1.208074488	101.0269142
chr3	192476746	1.10240434	101.0551844
chr3	192476751	1.224490497	101.0551899
chr3	192476755	1.301253376	101.0551948
chr3	192477836	1.2781022	101.0566014
chr3	192477864	1.39673603	101.0566372
chr3	192515085	1.807701106	101.1086251
chr3	192515666	2.403673724	101.1096754
chr3	192515682	2.359890888	101.1097139
chr3	192515713	2.224562436	101.109787
chr3	192515714	2.070731954	101.1097893
chr3	192515734	6.9103883	101.1098307
chr3	192516006	7.456998243	101.1117103
chr3	192516380	9.797785625	101.1144992
chr3	192516499	9.732489637	101.1156651
chr3	192516501	10.92638446	101.1156846
chr3	192517020	11.01908067	101.1213554
chr3	192517871	14.42532433	101.1307326
chr3	192517964	14.41577453	101.1320742
chr3	192519392	14.33758478	101.1526599
chr3	192519395	13.06285413	101.1527029
chr3	192519432	13.08337267	101.1531863
chr3	192519693	11.16253607	101.156601
chr3	192519694	8.709856132	101.1566122
chr3	192519784	4.847741495	101.1573961
chr3	192521856	4.24240447	101.1674406
chr3	192521879	4.350262568	101.1675382
chr3	192522008	3.762269181	101.1680993
chr3	192522019	3.743700252	101.1681407
chr3	192522635	3.667923582	101.1704469
chr3	192522669	3.514296091	101.1705716
chr3	192522755	2.967686148	101.1708738
chr3	192523021	3.067213221	101.1716632
chr3	192523157	3.014747143	101.1720803
chr3	192524295	2.614196599	101.1755111
chr3	192524813	3.063198604	101.1768653
chr3	192526063	3.026685084	101.1806943
chr3	192526795	3.025471461	101.1829098
chr3	192526873	3.455683765	101.1831458
chr3	192526924	4.015898906	101.183322
chr3	192527035	3.711323196	101.1837678
chr3	192527070	3.912733143	101.1838977
chr3	192528752	3.840239225	101.1904789
chr3	192529851	3.107990216	101.1946993
chr3	192535448	2.61553739	101.2120948
chr3	192535450	1.658732915	101.2121
chr3	192535515	1.673342806	101.2122078
chr3	192536308	1.661652866	101.2135348
chr3	192536332	1.823333653	101.2135746
chr3	192537755	2.026902271	101.2161692
chr3	192544753	1.91634238	101.2303535
chr3	192545671	1.541522418	101.2321127
chr3	192545713	1.545262166	101.2321775
chr3	192555851	1.421274527	101.2478433
chr3	192555877	2.152784025	101.2478803
chr3	192556082	2.044925927	101.2483216
chr3	192557818	2.141207493	101.2518716
chr3	192558166	2.041175465	101.2526167
chr3	192558206	2.048408965	101.2526984
chr3	192559127	2.02091511	101.254585
chr3	192559149	1.729229522	101.2546294
chr3	192559157	5.930904361	101.2546433
chr3	192559196	5.816073056	101.2548746
chr3	192560035	2.087507721	101.2597542
chr3	192560087	4.516918791	101.2598628
chr3	192560621	4.406964677	101.2622748
chr3	192561149	1.014480109	101.2646017
chr3	192565370	1.031123183	101.2688838
chr3	192568818	0.6110992175	101.2724391
chr3	192568822	0.6337614421	101.2724416
chr3	192568878	0.7517637041	101.2724771
chr3	192568887	0.7792715002	101.2724838
chr3	192571215	0.8088143161	101.274298
chr3	192571405	0.8368484711	101.2744517
chr3	192571447	0.8598638778	101.2744868
chr3	192617853	0.7948054955	101.3143897
chr3	192618234	0.8894124897	101.3146925
chr3	192618308	1.136966401	101.3147583
chr3	192618456	1.015291197	101.3149266
chr3	192618517	1.058744682	101.3149885
chr3	192618596	1.159584835	101.3150721
chr3	192618601	1.190213457	101.3150779
chr3	192618750	1.255480191	101.3152553
chr3	192618789	1.398361912	101.3153042
chr3	192626199	1.451136804	101.3256661
chr3	192658724	1.32247856	101.3728643
chr3	192694356	1.440425652	101.4199869
chr3	192696087	1.837987585	101.4224803
chr3	192696101	1.655127508	101.422506
chr3	192696356	1.607905593	101.422928
chr3	192699224	1.583966775	101.4275395
chr3	192699269	1.492506563	101.4276108
chr3	192702945	1.489489521	101.4330973
chr3	192702997	1.623078501	101.4331747
chr3	192703414	1.076135115	101.4338515
chr3	192703516	1.048735195	101.4339613
chr3	192703519	1.180548912	101.4339644
chr3	192731506	0.8050585946	101.4670045
chr3	192731575	0.6434011319	101.46706
chr3	192731607	0.588039598	101.4670806
chr3	192731704	0.6049213615	101.4671376
chr3	192731734	0.5574524735	101.4671558
chr3	192731742	0.5248479589	101.4671602
chr3	192731858	0.5590852767	101.4672211
chr3	192736856	0.5278397086	101.4700154
chr3	192736923	0.6014665025	101.4700508
chr3	192736952	0.7175763585	101.4700682
chr3	192786673	0.740153704	101.5057469
chr3	192786772	0.7182179331	101.5058201
chr3	192786775	0.7046071842	101.5058223
chr3	192787028	0.6467407445	101.5060006
chr3	192787034	3.369949361	101.5060044
chr3	192787040	3.303096575	101.5060247
chr3	192788020	3.288486684	101.5092617
chr3	192788188	3.196445235	101.5098142
chr3	192788353	0.5278067619	101.5103416
chr3	192788420	0.5391458434	101.5103769
chr3	192788491	0.5619806088	101.5104152
chr3	192788546	1.248378287	101.5104461
chr3	192788573	1.271221254	101.5104798
chr3	192789056	1.405427056	101.5110938
chr3	192789152	1.357514146	101.5112287
chr3	192789460	1.341356052	101.5116469
chr3	192791111	1.471864083	101.5138614
chr3	192792447	1.496222037	101.5158279
chr3	192795140	1.663937553	101.5198572
chr3	192795151	1.105410603	101.5198755
chr3	192795364	1.129702379	101.5201109
chr3	192795374	1.297219884	101.5201222
chr3	192795396	1.3217883	101.5201508
chr3	192817086	1.328627169	101.5488204
chr3	192817122	1.337672134	101.5488682
chr3	192817136	1.169956619	101.5488869
chr3	192817138	1.198299636	101.5488893
chr3	192817186	2.758944985	101.5489468
chr3	192817315	2.786733546	101.5493027
chr3	192817356	4.342382514	101.5494169
chr3	192817396	4.132625022	101.5495906
chr3	192817708	4.15380406	101.55088
chr3	192819378	2.340325907	101.5578169
chr3	192821876	2.364943836	101.563663
chr3	192822326	0.9652150528	101.5647272
chr3	192863443	1.009726039	101.604414
chr3	192945551	0.9851576226	101.6873206
chr3	192946323	0.7655607323	101.6880811
chr3	192946409	0.735830064	101.6881469
chr3	192947227	0.7813673975	101.6887488
chr3	192947229	0.7125092338	101.6887504
chr3	192947276	0.6948984037	101.6887839
chr3	192947277	0.6074466632	101.6887846
chr3	192947296	0.5791036457	101.6887961
chr3	192950046	0.5653448664	101.6903887
chr3	192950057	0.5375449987	101.6903949
chr3	192950059	0.8440159459	101.690396
chr3	192950070	0.7816280954	101.6904052
chr3	192950138	0.8032596177	101.6904584
chr3	192950228	0.7563504389	101.6905307
chr3	192971674	0.7324809936	101.7067514
chr3	192971729	0.7078630646	101.7067917
chr3	192971839	0.5472437495	101.7068695
chr3	192976528	0.4875755097	101.7094356
chr3	192977757	0.4964607469	101.7100348
chr3	192978635	0.5054305204	101.7104707
chr3	192978709	0.3766671519	101.7105081
chr3	192978872	0.2698253895	101.7105695
chr3	193028239	0.2242880554	101.7238899
chr3	193068161	0.209579136	101.732844
chr3	193068204	0.2209759635	101.732853
chr3	193068270	0.2934213913	101.7328676
chr3	193068304	0.3305005711	101.7328775
chr3	193068326	0.3470686748	101.7328848
chr3	193069887	0.3599394411	101.7334266
chr3	193071072	0.3716057773	101.7338531
chr3	193146262	0.3891518081	101.7617942
chr3	193290987	0.4762184675	101.8181142
chr3	193291455	0.5027168211	101.818337
chr3	193292213	0.4976935427	101.8187181
chr3	193301453	0.6286555412	101.8233168
chr3	193356511	0.5504077336	101.8579293
chr3	193356513	0.5191760683	101.8579304
chr3	193357460	0.4509207278	101.8584221
chr3	193357536	0.4284236849	101.8584563
chr3	193372054	0.4579736133	101.8646762
chr3	193373178	0.4458746507	101.8651909
chr3	193373264	0.3886880164	101.8652293
chr3	193376080	0.807472272	101.8663238
chr3	193381332	1.353048379	101.8705647
chr3	193381455	1.312270751	101.8707311
chr3	193384889	0.9141899181	101.8752374
chr3	193387251	1.532323379	101.8773968
chr3	193387287	1.520657043	101.8774519
chr3	193387359	2.132646178	101.8775614
chr3	193389253	2.182267141	101.8816006
chr3	193389913	2.260711957	101.8830409
chr3	193392735	1.588014927	101.8894207
chr3	193392948	1.57912969	101.8897589
chr3	193392990	1.562041424	101.8898252
chr3	193392996	1.521742654	101.8898346
chr3	193392998	1.541873676	101.8898376
chr3	193393054	1.596044252	101.889924
chr3	193393360	1.289337359	101.8904124
chr3	193393387	0.6954549789	101.8904472
chr3	193393399	2.579556989	101.8904555
chr3	193393494	2.598215799	101.8907006
chr3	193393566	2.616338477	101.8908877
chr3	193395277	2.605057157	101.8953642
chr3	193395376	0.7390629701	101.8956221
chr3	193395627	0.7469970863	101.8958076
chr3	193395725	0.7653140371	101.8958808
chr3	193396255	0.9187541993	101.8962865
chr3	193396288	1.124677839	101.8963168
chr3	193396364	0.9933024665	101.8964022
chr3	193432115	0.8171635187	101.9319138
chr3	193432120	0.4980365224	101.9319179
chr3	193576251	0.4779054985	102.0037004
chr3	193576847	0.5437312129	102.0039852
chr3	193576903	0.4418147418	102.0040157
chr3	193576957	0.5987096725	102.0040395
chr3	193577755	0.5132859436	102.0045173
chr3	193591206	0.4614632987	102.0114215
chr3	193592220	0.4636197986	102.0118894
chr3	193592670	0.4844050509	102.0120981
chr3	193597127	0.5083692381	102.0142571
chr3	193597163	0.7219695458	102.0142754
chr3	193597237	0.7752821245	102.0143288
chr3	193599462	0.8012981366	102.0160538
chr3	193600266	18.8849771	102.016698
chr3	193600470	0.6444032056	102.0205506
chr3	193600498	0.6717027588	102.0205686
chr3	193600548	0.7676283467	102.0206022
chr3	193600576	0.7495730783	102.0206237
chr3	193600854	0.8661203411	102.0208321
chr3	193601100	2.945530899	102.0210451
chr3	193603043	1.046884215	102.0267683
chr3	193616326	1.154977541	102.0406741
chr3	193616360	0.9628084252	102.0407133
chr3	193632443	0.8700535406	102.0561982
chr3	193632500	0.8807772401	102.0562478
chr3	193632507	0.7576925841	102.0562539
chr3	193632890	0.7278195689	102.0565441
chr3	193632909	0.7346468607	102.056558
chr3	193632913	0.5047024274	102.0565609
chr3	193632924	0.5566801443	102.0565665
chr3	193633214	0.5927467279	102.0567279
chr3	193735452	0.5308111213	102.1173291
chr3	193735453	1.260886425	102.1173297
chr3	193735499	1.664955881	102.1173877
chr3	193735595	3.925628359	102.1175475
chr3	193735631	3.845016228	102.1176888
chr3	193735637	3.910491519	102.1177119
chr3	193735881	4.501087764	102.118666
chr3	193736046	4.465313919	102.1194087
chr3	193737140	4.482815997	102.1242938
chr3	193737188	4.513021103	102.124509
chr3	193740506	3.838304742	102.1394832
chr3	193740508	3.854078897	102.1394908
chr3	193741262	3.802449228	102.1423968
chr3	193742377	3.316599923	102.1466365
chr3	193742401	0.6483130716	102.1467161
chr3	193744880	0.6233391653	102.1483233
chr3	193800454	0.6656261076	102.1829648
chr3	193800461	0.6582332987	102.1829694
chr3	193839351	0.5870101227	102.2085681
chr3	193858994	0.5419023487	102.2200988
chr3	193859322	0.511697242	102.2202765
chr3	193860590	0.3070839829	102.2209253
chr3	193860833	0.3494184811	102.221
chr3	193879548	0.322524528	102.2275393
chr3	193879554	0.3045640709	102.2275413
chr3	193887693	0.2622771292	102.2300201
chr3	193888481	0.2124164026	102.2302268
chr3	193908157	0.2695201053	102.2344063
chr3	193947640	0.2265060626	102.2450477
chr3	193947919	0.2090039846	102.2451109
chr3	193947974	0.4421495832	102.2451224
chr3	193972760	1.375932399	102.2560816
chr3	193972792	1.366007325	102.2561256
chr3	193973905	1.371954657	102.2576459
chr3	193974376	1.216453566	102.2582921
chr3	193976483	0.225567048	102.2608552
chr3	193976511	0.2148433481	102.2608615
chr3	193976521	0.08561539101	102.2608637
chr3	193976868	0.1022124693	102.2608934
chr3	193976907	0.1234424366	102.2608974
chr3	193977205	0.1403696388	102.2609342
chr3	193977220	0.1754717182	102.2609363
chr3	193977251	0.207384133	102.2609417
chr3	193977255	0.2476563338	102.2609425
chr3	194129964	0.2703757826	102.2987619
chr3	194292339	0.2158761452	102.3426641
chr3	194292842	0.2236149186	102.3427727
chr3	194292846	0.2422957342	102.3427736
chr3	194292941	0.2829374758	102.3427966
chr3	194403595	0.2773676634	102.3741048
chr3	194403930	0.2943524125	102.3741977
chr3	194411449	0.2858561245	102.376411
chr3	194411453	0.2547538636	102.3764121
chr3	194411464	0.2842138646	102.3764149
chr3	194411512	0.2447641207	102.3764285
chr3	194414313	0.2478043371	102.3771141
chr3	194414316	0.2089934865	102.3771149
chr3	194414450	0.1921308217	102.3771429
chr3	194414478	0.2675203778	102.3771483
chr3	194414517	1.274859779	102.3771587
chr3	194414629	1.42180604	102.3773015
chr3	194414659	1.775876276	102.3773441
chr3	194414662	2.034255723	102.3773495
chr3	194414695	2.068465098	102.3774166
chr3	194414898	2.176819899	102.3778365
chr3	194418316	1.249803047	102.3852769
chr3	194418334	1.287258201	102.3852994
chr3	194418388	1.324696631	102.3853689
chr3	194418423	1.401018326	102.3854152
chr3	194512468	1.325584153	102.517174
chr3	194512777	2.834116512	102.5175836
chr3	194513331	2.323241795	102.5191537
chr3	194513530	3.388831196	102.519616
chr3	194513698	4.567824647	102.5201854
chr3	194514390	5.033693662	102.5233463
chr3	194514399	6.494133292	102.5233916
chr3	194514701	6.736819333	102.5253528
chr3	194515163	5.190687519	102.5284652
chr3	194515509	5.201986288	102.5302612
chr3	194516065	5.165607074	102.5331535
chr3	194516212	5.089775527	102.5339129
chr3	194516827	4.529270244	102.5370431
chr3	194516925	4.120686877	102.5374869
chr3	194516992	4.380902662	102.537763
chr3	194520845	3.423448598	102.5546426
chr3	194521015	3.417822106	102.5552246
chr3	194521153	4.921178812	102.5556963
chr3	194521977	11.22728224	102.5597513
chr3	194521983	11.69313279	102.5598187
chr3	194522253	11.22396447	102.5629758
chr3	194522533	10.49585535	102.5661186
chr3	194522562	4.18975192	102.5664229
chr3	194522696	1.814967015	102.5669844
chr3	194523144	1.841349554	102.5677975
chr3	194523316	1.34380429	102.5681142
chr3	194523352	1.341939804	102.5681626
chr3	194526139	0.9422985086	102.5719025
chr3	194526484	0.9969505954	102.5722276
chr3	194528339	1.024351127	102.574077
chr3	194529902	0.4161384537	102.575678
chr3	194530124	0.4752146237	102.5757704
chr3	194592087	0.4982218488	102.6052162
chr3	194592570	0.4735618011	102.6054568
chr3	194593985	0.4290275677	102.6061269
chr3	194594195	0.3985888066	102.606217
chr3	194595801	0.38998049	102.6068571
chr3	194595807	0.4135341627	102.6068595
chr3	194662139	0.3605066575	102.63429
chr3	194662790	0.4019261723	102.6345247
chr3	194662974	0.4606301876	102.6345986
chr3	194663004	0.5403698539	102.6346125
chr3	194749783	0.5242195415	102.6815052
chr3	194751348	0.4407318528	102.6823256
chr3	194751377	0.4170195158	102.6823384
chr3	194751721	0.2870430132	102.6824819
chr3	194751856	3.880246617	102.6825206
chr3	194752431	3.81762778	102.6847517
chr3	194752855	0.1248645091	102.6863704
chr3	194752954	18.50670509	102.6863828
chr3	194753155	0.1814104564	102.6901026
chr3	194753158	1.515868254	102.6901032
chr3	194753285	1.559247139	102.6902957
chr3	194753639	2.9485983	102.6908477
chr3	194758632	2.374925999	102.70557
chr3	194758697	1.857272325	102.7057244
chr3	194758743	1.211999805	102.7058098
chr3	194759486	1.256428773	102.7067103
chr3	194759525	1.266032676	102.7067593
chr3	194759632	0.6799815261	102.7068948
chr3	194759754	0.6985343925	102.7069778
chr3	194836662	0.6541000772	102.7607006
chr3	194836663	0.6062757775	102.7607013
chr3	194836710	0.6365425905	102.7607298
chr3	194837179	0.4965919058	102.7610283
chr3	194837372	0.4725311631	102.7611242
chr3	194837404	0.5731592656	102.7611393
chr3	194838328	0.5127956323	102.7616689
chr3	194838334	0.5303790452	102.761672
chr3	194839105	0.6134512509	102.7620809
chr3	194842011	0.607508688	102.7638636
chr3	194842229	0.6590968645	102.763996
chr3	194842519	0.614667897	102.7641872
chr3	194842527	0.7298951441	102.7641921
chr3	194883513	0.5890262868	102.7941076
chr3	194883557	0.7158486055	102.7941335
chr3	194884634	0.7680653366	102.7949044
chr3	194884716	0.8667267011	102.7949674
chr3	194884774	0.9170310648	102.7950177
chr3	194913739	0.8014846088	102.8215795
chr3	194913836	0.6747994951	102.8216572
chr3	194913886	0.6231021549	102.821691
chr3	194913984	0.5398463537	102.821752
chr3	194914034	0.5832819318	102.821779
chr3	194958109	0.5329775682	102.8474872
chr3	194958572	0.4331339575	102.847734
chr3	194958595	0.3741964248	102.8477439
chr3	194958652	0.3424283258	102.8477653
chr3	194958675	0.3106665171	102.8477731
chr3	194958693	0.2286032867	102.8477787
chr3	194958698	0.5004229697	102.8477799
chr3	194998815	0.4084651835	102.8678553
chr3	194998966	2.776930717	102.867917
chr3	194999596	2.852928215	102.8696665
chr3	195000242	2.830273364	102.8715095
chr3	195000360	2.907486109	102.8718434
chr3	195000501	0.4236549766	102.8722534
chr3	195000516	0.3918202604	102.8722597
chr3	195000522	0.4207287535	102.8722621
chr3	195047036	0.4520039899	102.8918319
chr3	195048001	0.4835372022	102.8922681
chr3	195048138	0.3711264572	102.8923343
chr3	195048430	0.3029136148	102.8924427
chr3	195048439	0.3686710457	102.8924454
chr3	195048952	0.3839845557	102.8926345
chr3	195072313	0.4314425668	102.9016048
chr3	195072446	0.4992738195	102.9016622
chr3	195126280	0.5476553222	102.9285401
chr3	195126704	0.5708261289	102.9287723
chr3	195126722	0.6171729828	102.9287826
chr3	195126807	0.7459092842	102.928835
chr3	195126832	0.701276523	102.9288537
chr3	195127372	0.6342743887	102.9292324
chr3	195127432	0.7813828221	102.9292704
chr3	195127444	0.8046612394	102.9292798
chr3	195127485	1.130856902	102.9293128
chr3	195128134	1.172108621	102.9300467
chr3	195160085	1.158767945	102.9674968
chr3	195160103	1.125730703	102.9675176
chr3	195160110	2.889148728	102.9675255
chr3	195161032	2.458190826	102.9701893
chr3	195161185	2.700023183	102.9705654
chr3	195162202	0.8864097684	102.9733113
chr3	195163931	0.9129714373	102.9748439
chr3	195164991	0.8748062428	102.9758117
chr3	195165102	0.9368785288	102.9759088
chr3	195185308	0.8153235929	102.9948393
chr3	195285854	0.6639499122	103.0768169
chr3	195285916	0.5648560375	103.076858
chr3	195285918	0.4981701096	103.0768592
chr3	195285920	0.4515114762	103.0768602
chr3	195302818	0.4670672921	103.0844898
chr3	195302837	0.4408357673	103.0844987
chr3	195302849	0.4140542731	103.084504
chr3	195302895	0.3858652349	103.084523
chr3	195302897	0.396734567	103.0845238
chr3	195302917	0.434231426	103.0845317
chr3	195314029	0.4762104626	103.0893569
chr3	195314690	0.5069522837	103.0896717
chr3	195390229	0.4506726542	103.1279663
chr3	195390322	0.4023186698	103.1280082
chr3	195390331	0.3601163855	103.1280119
chr3	195390408	0.3179989006	103.1280396
chr3	195390795	0.3478047544	103.1281627
chr3	195390809	0.3739676326	103.1281675
chr3	195396497	0.4052129363	103.1302947
chr3	195396508	0.3718741459	103.1302991
chr3	195396817	0.299225434	103.130414
chr3	195397987	0.3272227816	103.1307641
chr3	195399964	0.4234564862	103.131411
chr3	195400728	0.4397072539	103.1317346
chr3	195400805	0.4677362966	103.1317684
chr3	195400825	0.4839940112	103.1317778
chr3	195400858	0.5164510806	103.1317937
chr3	195401177	0.6773206597	103.1319585
chr3	195514188	0.6838596982	103.2085032
chr3	195514487	1.038771138	103.2087076
chr3	195514518	1.039223696	103.2087399
chr3	195514565	2.407666622	103.2087887
chr3	195515622	2.440692329	103.2113336
chr3	195515781	2.398319954	103.2117217
chr3	195520259	2.801673388	103.2224613
chr3	195520797	2.785967128	103.2239686
chr3	195521953	2.790888772	103.2271892
chr3	195528715	2.82287325	103.2460612
chr3	195529405	2.419519816	103.248009
chr3	195529422	3.848838106	103.2480501
chr3	195529471	3.639593308	103.2482387
chr3	195529752	3.61159596	103.2492614
chr3	195529959	4.900307921	103.250009
chr3	195530047	6.578037033	103.2504403
chr3	195530466	6.346034611	103.2531965
chr3	195530758	6.317721054	103.2550495
chr3	195531813	6.077674218	103.2617147
chr3	195531872	5.678328705	103.2620733
chr3	195531897	43.10905795	103.2622153
chr3	195531995	11.10744573	103.2664399
chr3	195532003	9.717407968	103.2665288
chr3	195532421	9.84567121	103.2705907
chr3	195532424	9.884376008	103.2706202
chr3	195532435	8.630398413	103.2707289
chr3	195532476	1.1542583	103.2710828
chr3	195575713	1.225735292	103.3209895
chr3	195625919	3.078794701	103.3825287
chr3	195625932	2.803995956	103.3825687
chr3	195625969	2.730105765	103.3826725
chr3	195626615	5.985137767	103.3844361
chr3	195627325	5.880635068	103.3886856
chr3	195627355	5.84199918	103.388862
chr3	195627500	16.92028899	103.3897091
chr3	195627710	16.88157445	103.3932624
chr3	195627737	50.51648215	103.3937182
chr3	195627813	50.55617195	103.3975574
chr3	195627831	11.30291434	103.3984674
chr3	195627833	0.2246245219	103.39849
chr3	195628193	0.1936469203	103.3985709
chr3	195628220	0.2032550758	103.3985761
chr3	195628322	0.4561186579	103.3985969
chr3	195628348	1.588430047	103.3986087
chr3	195630623	1.545896707	103.4022224
chr3	195630684	1.533231371	103.4023167
chr3	195631606	0.4009199812	103.4037303
chr3	195648911	0.33952937	103.4106683
chr3	195816534	2.997792725	103.4675812
chr3	195818039	0.546583085	103.4720929
chr3	195839378	0.5117089756	103.4837564
chr3	195839379	0.5240026397	103.4837569
chr3	195839961	0.8907310488	103.4840619
chr3	195839997	0.8921602277	103.4840939
chr3	195840282	0.7666637538	103.4843482
chr3	195842402	0.7475979032	103.4859735
chr3	195842506	0.7285422948	103.4860513
chr3	195844511	0.7488241712	103.487512
chr3	195846643	0.7319267106	103.4891085
chr3	195846803	0.8043986302	103.4892256
chr3	195846810	0.8299761442	103.4892312
chr3	195847914	0.8506447108	103.4901475
chr3	195847938	0.8731069936	103.490168
chr3	195849149	0.4715973607	103.4912253
chr3	195854574	0.2941255447	103.4937837
chr3	195868572	0.3092336028	103.4979009
chr3	195991041	0.2620907738	103.5357724
chr3	195994890	0.3062929629	103.5367812
chr3	196012068	0.3352759499	103.5420427
chr3	196012145	0.4059895299	103.5420685
chr3	196012172	0.4393378763	103.5420795
chr3	196026401	0.9098430948	103.5483308
chr3	196070483	0.7424699943	103.5884385
chr3	196078118	0.6711381207	103.5941073
chr3	196078349	0.603911269	103.5942623
chr3	196110604	0.5899269759	103.6137415
chr3	196112751	0.2724080154	103.615008
chr3	196112871	0.2599591127	103.6150407
chr3	196113195	0.7303255733	103.6151249
chr3	196113561	0.7228523808	103.6153922
chr3	196115907	1.644428826	103.6170881
chr3	196115918	1.636864992	103.6171061
chr3	196119910	0.08700795488	103.6236405
chr3	196119993	0.2424126956	103.6236477
chr3	196139352	0.2134297086	103.6283406
chr3	196139449	0.02381876622	103.6283613
chr3	196139458	0.01152510118	103.6283615
chr3	196139516	0.07123522394	103.6283622
chr3	196139656	0.1052183341	103.6283722
chr3	196201299	0.04550821143	103.6348581
chr3	196218931	0.0622443825	103.6356605
chr3	196248137	0.08155019505	103.6374784
chr3	196248212	0.1047929321	103.6374846
chr3	196249615	0.1307058771	103.6376316
chr3	196250940	1.006553576	103.6378048
chr3	196254624	1.033441257	103.6415129
chr3	196254668	1.06030779	103.6415584
chr3	196254888	1.087217438	103.6417917
chr3	196255152	0.2113697388	103.6420787
chr3	196328292	0.216663761	103.6575383
chr3	196328336	0.2749410746	103.6575478
chr3	196339546	0.5471272165	103.6606299
chr3	196339984	0.6526823413	103.6608695
chr3	196391638	0.5263661197	103.6945832
chr3	196391827	0.4994784386	103.6946827
chr3	196391979	0.3232548909	103.6947586
chr3	196392505	0.3844758806	103.6949286
chr3	196392548	0.4632887011	103.6949451
chr3	196392582	0.4713097798	103.6949609
chr3	196393866	0.466494094	103.6955661
chr3	196439223	0.4471882818	103.7167248
chr3	196439228	0.4560718497	103.7167271
chr3	196439356	0.4221287389	103.7167854
chr3	196439406	0.2763449525	103.7168066
chr3	196448053	0.2422087015	103.7191961
chr3	196448868	0.2535946337	103.7193935
chr3	196534231	0.2147111501	103.7410411
chr3	196571843	0.1988303143	103.7491168
chr3	196593087	0.1939988904	103.7533408
chr3	196600281	0.2234048091	103.7547364
chr3	196697550	0.2113320977	103.7764668
chr3	196785572	0.269975941	103.7950686
chr3	196788218	0.2819280251	103.795783
chr3	196846211	0.2737970537	103.8121328
chr3	196849885	0.1926700274	103.8131388
chr3	196849997	0.2137345416	103.8131604
chr3	196852504	1.091559404	103.8136962
chr3	196854497	1.472694211	103.8158717
chr3	196854568	1.479692457	103.8159762
chr3	196854707	1.577981855	103.8161819
chr3	196858556	3.00564072	103.8222556
chr3	196861095	2.997776843	103.8298869
chr3	196861140	1.570117978	103.8300218
chr3	196861205	1.623891379	103.8301238
chr3	196861208	3.077998794	103.8301287
chr3	196861247	2.658411505	103.8302488
chr3	196861375	4.219459281	103.830589
chr3	196861498	3.809289111	103.831108
chr3	196861516	4.19902616	103.8311766
chr3	196861544	4.253066592	103.8312942
chr3	196861545	4.304385657	103.8312984
chr3	196863092	4.356820743	103.8379573
chr3	196863441	4.409530033	103.8394778
chr3	196863471	4.462306436	103.8396101
chr3	196863666	4.517188618	103.8404803
chr3	196863745	2.899225904	103.8408371
chr3	196863972	2.915344955	103.8414952
chr3	196864011	3.021249954	103.8416089
chr3	196864712	1.915744857	103.8437268
chr3	196864739	1.970792465	103.8437786
chr3	196929733	1.700511698	103.9718683
chr3	196929736	1.595440471	103.9718734
chr3	196929809	1.119093456	103.9719898
chr3	196930884	2.528709293	103.9731928
chr3	196930933	2.473584364	103.9733168
chr3	196930958	2.457314185	103.9733786
chr3	196931755	2.348023517	103.9753371
chr3	196933371	2.295247115	103.9791315
chr3	196933403	0.6753549984	103.9792049
chr3	196933430	1.650711063	103.9792232
chr3	196933447	4.511232486	103.9792512
chr3	196934765	4.549427552	103.985197
chr3	196934774	1.928391411	103.985238
chr3	196934783	1.87804036	103.9852553
chr3	196935489	1.954925715	103.9865812
chr3	196936659	0.8446218962	103.9888685
chr3	196936666	0.8682378412	103.9888744
chr3	197009018	0.8185493747	104.0516931
chr3	197009195	0.794691507	104.051838
chr3	197020346	0.7506097441	104.0606996
chr3	197020363	0.8014836511	104.0607124
chr3	197025129	0.7751251147	104.0645323
chr3	197031320	0.7769016027	104.0693311
chr3	197031350	0.5834105084	104.0693544
chr3	197031383	0.5665672667	104.0693736
chr3	197031505	0.5284298495	104.0694427
chr3	197031554	0.4737484956	104.0694686
chr3	197092836	0.3813280934	104.0985009
chr3	197092877	0.2835049037	104.0985165
chr3	197096873	0.2601668874	104.0996494
chr3	197097517	0.2622987559	104.099817
chr3	197101454	0.2953920101	104.1008496
chr3	197104774	0.56048762	104.1018303
chr3	197104834	0.5453348817	104.101864
chr3	197106512	1.182598984	104.102779
chr3	197106872	1.146293637	104.1032048
chr3	197106881	1.127604554	104.1032151
chr3	197106911	1.1372336	104.1032489
chr3	197107012	1.145474633	104.1033638
chr3	197107155	1.132462313	104.1035276
chr3	197117928	1.095497697	104.1157276
chr3	197118003	0.7744577085	104.1158098
chr3	197118135	0.7319333803	104.115912
chr3	197118178	0.4205502212	104.1159435
chr3	197118192	7.828322325	104.1159493
chr3	197118214	7.833037916	104.1161216
chr3	197118657	7.813121432	104.1195916
chr3	197118661	7.827099668	104.1196229
chr3	197118667	7.831997486	104.1196698
chr3	197118690	0.2168747181	104.11985
chr3	197118699	0.2358187535	104.1198519
chr3	197171446	0.1756828093	104.1322906
chr3	197205896	0.1886663681	104.1383429
chr3	197212929	0.1692281956	104.1396698
chr3	197317077	0.1758776016	104.1572946
chr3	197413388	0.1823112115	104.1742335
chr3	197455002	0.2039563026	104.1818202
chr3	197483090	0.1869212551	104.187549
chr3	197490030	0.1974963352	104.1888462
chr3	197864292	0.2056205687	104.2627616
chr3	197871874	0.237907426	104.2643206
chr3	197917705	0.2286733803	104.2752241
chr3	197981951	1.763105312	104.2899155
chr3	197986724	1.714096308	104.2983308
chr3	197986736	0.1182556937	104.2983513
chr3	197986794	0.1118220838	104.2983582
chr3	197986853	0.1072978757	104.2983648
chr3	197986866	0.1137261828	104.2983662
chr3	197986878	0.1911081731	104.2983675
chr3	198023778	0.1949900002	104.3054194
chr3	198181098	0.2023470266	104.3360953
chr3	198199072	0.2030501308	104.3397322
chr3	198450298	0.1978117802	104.3907437
chr3	198450478	0.214172864	104.3907793
chr3	198487360	0.2062151122	104.3986785
chr3	198572097	0.1628666977	104.4161525
chr3	198665846	0.1519999985	104.4314211
chr3	198682455	0.1561849384	104.4339457
chr3	198682533	0.1223368019	104.4339578
chr3	198682841	0.1176212109	104.4339955
chr3	198682971	0.1130729625	104.4340108
chr3	198682998	0.3179130589	104.4340139
chr3	198717059	0.3236925472	104.4448423
chr3	198717245	0.108253501	104.4449025
chr3	198732950	0.1246627891	104.4466026
chr3	198740758	0.1204537605	104.447576
chr3	198806534	0.1389466713	104.455499
chr3	198819675	0.1289545248	104.4573249
chr3	198827953	0.1668986407	104.4583923
chr3	198827957	0.1686616528	104.458393
chr3	198828084	0.1767033684	104.4584144
chr3	198828165	0.2037910437	104.4584287
chr3	198828283	0.2325781721	104.4584528
chr3	198834365	0.2617368665	104.4598673
chr3	198834380	0.3426957794	104.4598713
chr3	198896033	0.3406337186	104.4809995
chr3	198896062	0.3323314147	104.4810094
chr3	198897589	0.3281838938	104.4815168
chr3	198898587	0.3315796573	104.4818444
chr3	198898613	0.3295076522	104.481853
chr3	198956409	0.2992765555	104.5008972
chr3	198956433	0.2402642748	104.5009044
chr3	198957766	0.2238549867	104.5012247
chr3	198960882	0.1946962924	104.5019222
chr3	198960904	0.2222075758	104.5019265
chr3	198964355	0.1911349475	104.5026933
chr3	198971156	0.1653738211	104.5039932
chr3	198971165	0.1429657033	104.5039947
chr3	198971167	0.1650652117	104.503995
chr3	199012784	0.209945507	104.5108645
chr3	199012830	0.2081702562	104.5108742
chr3	199094982	0.2454263438	104.5279758
chr3	199094997	0.2965931402	104.5279795
chr3	199105229	0.4332102015	104.5310142
chr3	199107929	0.4314337138	104.5321839
chr3	199109239	0.4180120302	104.532749
chr3	199109420	0.4328318594	104.5328247
chr3	199109438	0.5938703837	104.5328325
chr3	199109535	0.6019486521	104.5328901
chr3	199110993	0.6006600203	104.5337677
chr3	199111108	0.7883989775	104.5338368
chr3	199130758	0.5830541589	104.5493289
chr3	199132232	0.4464370975	104.5501883
chr3	199132346	0.2853985735	104.5502392
chr3	199133630	1.020069373	104.5506056
chr3	199134579	1.024904335	104.5515737
chr3	199134593	2.191224445	104.551588
chr3	199134622	3.13884081	104.5516516
chr3	199134624	3.132412502	104.5516578
chr3	199134656	3.512885945	104.5517581
chr3	199137756	7.207001287	104.562648
chr3	199137831	7.120876468	104.5631886
chr3	199138074	6.290752591	104.5649189
chr3	199138097	6.256753357	104.5650636
chr3	199138515	0.4487015407	104.5676789
chr3	199138653	0.496205265	104.5677409
chr3	199140601	0.5088015812	104.5687075
chr3	199144352	0.1283281377	104.570616
chr3	199145343	0.1573921854	104.5707432
chr3	199153105	0.1883493338	104.5719648
chr3	199153893	0.2063927688	104.5721132
chr3	199272272	0.2520635262	104.5965458
chr3	199333958	0.2331747599	104.6120946
chr3	199355363	0.2224345343	104.6170857
chr3	199357232	0.2917863341	104.6175014
chr3	199357252	0.3287765428	104.6175073
chr3	199357899	0.3286078425	104.61772
chr3	199358348	0.3200127105	104.6178675
chr3	199358384	0.3411070959	104.6178791
chr3	199433470	0.2794030536	104.6434914
chr3	199433472	0.1819090389	104.643492
chr3	199433496	0.2173379411	104.6434964
chr3	199440173	0.2462579912	104.6449475
chr3	199442257	0.2430836811	104.6454607
chr3	199456899	0.240197795	104.64902
chr3	199456926	0.2746622056	104.6490264
chr3	199456953	0.3197466938	104.6490339
chr3	199456983	0.485656571	104.6490434
chr3	199456993	0.5189664632	104.6490483
chr3	199457077	0.6871450697	104.6490919
chr3	199457093	0.7516265798	104.6491029
chr3	199529326	0.8122781871	104.7033951
chr3	199530049	0.7617235839	104.7039824
chr3	199530157	0.7112436919	104.7040647
chr3	199530253	1.033738307	104.704133
chr3	199530400	1.121649501	104.7042849
chr3	199533202	0.945855952	104.7074278
chr3	199533268	0.9247615665	104.7074902
chr3	199548071	0.8860673421	104.7211795
chr3	199563919	0.8866107595	104.7352218
chr3	199563966	1.75892049	104.7352635
chr3	199563967	1.757728209	104.7352653
chr3	199566201	1.715843716	104.739192
chr3	199567734	1.654426678	104.7418224
chr3	199567743	0.647297334	104.7418373
chr3	199567747	0.4598064579	104.7418399
chr3	199568737	0.4741153857	104.7422951
chr3	199568751	0.4751014541	104.7423018
chr3	199572639	0.489626669	104.7441489
chr3	199735187	0.4680810028	104.8237368
chr3	199758771	0.4101477997	104.834776
chr3	199775011	0.3923500209	104.8414368
chr3	199775015	0.3343926769	104.8414384
chr3	199775116	0.330497797	104.8414722
chr3	199775253	0.4209716292	104.8415174
chr3	199826533	0.3929099093	104.8631049
chr3	199826542	0.3786558267	104.8631084
chr3	199826553	0.3643468988	104.8631126
chr3	199826616	0.349821684	104.8631355
chr3	199844176	0.336658514	104.8692784
chr3	199844216	0.4058134585	104.8692918
chr3	199880401	0.3952732872	104.8839762
chr3	199880517	0.791237026	104.8840221
chr3	199880638	0.7720301906	104.8841178
chr3	199880689	0.9204897064	104.8841572
chr3	199897124	1.005904137	104.8992854
chr3	199897561	0.984700924	104.899725
chr3	199897578	1.721068978	104.8997417
chr3	199897625	1.766382201	104.8998226
chr3	199897633	1.758008228	104.8998368
chr3	199897654	2.798232171	104.8998737
chr3	199901032	2.842255704	104.9093261
chr3	199901042	2.690442426	104.9093545
chr3	199901074	0.8024153455	104.9094406
chr3	199901239	0.9300182277	104.909573
chr3	199905538	0.9194103609	104.9135712
chr3	199962904	1.10428354	104.9663141
chr3	199962923	1.127749577	104.966335
chr3	199962925	1.0681051	104.9663373
chr3	199974494	1.020153369	104.9786942
chr3	199974721	0.9700621167	104.9789258
chr3	199974761	1.014093633	104.9789646
chr3	199976373	1.147168268	104.9805993
chr3	199979039	3.184345217	104.9836577
chr3	199980711	3.2179454	104.9889819
chr3	199980746	3.29722058	104.9890945
chr3	199980866	1.292889854	104.9894902
chr3	199981124	1.16940399	104.9898237
chr3	199981129	1.268989405	104.9898296
chr3	200022148	1.119190949	105.0418823
chr3	200022203	1.124308311	105.0419438
chr3	200023024	0.7788265754	105.0428669
chr3	200027281	0.6924550935	105.0461823
chr3	200068744	0.6666404192	105.0748936
chr3	200068874	0.5482147791	105.0749803
chr3	200093239	0.5433297931	105.0883375
chr3	200142261	0.5204350823	105.1149726
chr3	200142308	0.5265754695	105.1149971
chr3	200142312	0.8791649882	105.1149992
chr3	200142326	0.8351334728	105.1150115
chr3	200142336	0.8085445058	105.1150199
chr3	200142492	0.7859748955	105.115146
chr3	200150082	0.7967871329	105.1211115
chr3	200150244	0.7788979256	105.1212406
chr3	200151058	0.8474438017	105.1218746
chr3	200151226	0.7617021057	105.122017
chr3	200152114	0.7725791219	105.1226934
chr3	200152138	0.3984353295	105.122712
chr3	200194024	0.3763110394	105.1394008
chr3	200194077	0.3541401541	105.1394208
chr3	200194561	0.3441162687	105.1395922
chr3	200194919	0.3807976879	105.1397154
chr3	200204877	0.3471704347	105.1435073
chr3	200210244	0.3603688309	105.1453706
chr3	200212965	0.3859596527	105.1463512
chr3	200213088	0.3992937228	105.1463986
chr3	200213159	0.4318698743	105.146427
chr3	200213257	0.4201837294	105.1464693
chr3	200213329	0.4458393328	105.1464996
chr3	200214106	0.4225631183	105.146846
chr3	200325497	0.3637270293	105.1939157
chr3	200326135	0.3356125424	105.1941478
chr3	200350992	0.2914655156	105.2024901
chr3	200356656	0.2804082115	105.204141
chr3	200356961	0.2561514151	105.2042265
chr3	200356966	0.2839332808	105.2042278
chr3	200357121	0.2326868557	105.2042718
chr3	200402700	1.90044025	105.2148774
chr3	200404839	1.911346367	105.2189424
chr3	200404912	0.2629695324	105.219082
chr3	200467957	0.3754360905	105.2356609
chr3	200469049	0.3961283133	105.2360709
chr3	200489753	0.1358184264	105.2442723
chr3	200491276	0.1012482953	105.2444792
chr3	200491407	0.1063166885	105.2444924
chr3	200512879	0.1251899936	105.2467752
chr3	200512890	0.1441542068	105.2467766
chr3	200512896	0.163119005	105.2467775
chr3	200611504	0.2013109082	105.2628623
chr3	200615473	0.2409898527	105.2636613
chr3	200617312	0.2689153546	105.2641045
chr3	200707403	0.2638359424	105.2883314
chr3	200707418	0.2331143001	105.2883353
chr3	200707751	0.241664721	105.2884129
chr3	200707810	0.2532253276	105.2884272
chr3	200708097	0.2150334244	105.2884999
chr3	200708323	0.2278069488	105.2885485
chr3	200708344	0.2089336442	105.2885533
chr3	200708446	0.1480707517	105.2885746
chr3	200708566	0.3035063629	105.2885923
chr3	200711418	0.3048195179	105.2894579
chr3	200711978	0.3566742595	105.2896286
chr3	200743096	0.4119866119	105.3007276
chr3	200743098	0.3985786816	105.3007285
chr3	200746038	0.4063742438	105.3019003
chr3	200746102	0.4195101348	105.3019263
chr3	200746203	0.4140646828	105.3019687
chr3	200749416	0.3861391809	105.303299
chr3	200752079	0.5368887107	105.3043273
chr3	200752426	0.5746165976	105.3045136
chr3	200796269	0.6454934734	105.3297066
chr3	200797368	0.6737680123	105.3304159
chr3	200797483	0.6837177937	105.3304934
chr3	200798633	0.6842936844	105.3312797
chr3	200798736	0.8746185074	105.3313502
chr3	200798739	0.9309631963	105.3313528
chr3	200798740	0.9510559543	105.3313537
chr3	200798780	1.001660147	105.3313918
chr3	200798897	1.175056186	105.331509
chr3	200798914	1.236770293	105.331529
chr3	200798929	1.348402703	105.3315475
chr3	200798942	1.364582909	105.331565
chr3	200798947	1.380744966	105.3315719
chr3	200798991	1.38716286	105.3316326
chr3	200799664	1.405845009	105.3325662
chr3	200799738	1.471886552	105.3326702
chr3	200846318	2.473712552	105.4012307
chr3	200847491	2.523512029	105.4041323
chr3	200847640	2.608650356	105.4045084
chr3	200848103	2.629278357	105.4057162
chr3	200848318	2.64622834	105.4062815
chr3	200849613	1.547435483	105.4097083
chr3	200850207	1.600094693	105.4106275
chr3	200850271	1.634044968	105.4107299
chr3	200850274	1.651329572	105.4107348
chr3	200884768	1.586247885	105.4676958
chr3	200886221	1.638125483	105.4700006
chr3	200886264	1.542613095	105.470071
chr3	200982341	1.620680393	105.6182807
chr3	200982342	1.560367734	105.6182823
chr3	200982371	1.575097318	105.6183275
chr3	200995648	1.525297842	105.6392401
chr3	200995717	1.653423042	105.6393453
chr3	200997129	1.865866211	105.64168
chr3	200997150	1.989697923	105.6417192
chr3	201022064	1.863571709	105.6912905
chr3	201022076	2.60526741	105.6913129
chr3	201025436	3.325134955	105.7000666
chr3	201026573	13.94851359	105.7038472
chr3	201026685	13.8075021	105.7054095
chr3	201026917	21.04682152	105.7086128
chr3	201026941	11.37813591	105.7091179
chr3	201026942	11.27745321	105.7091293
chr3	201027148	11.30942578	105.7114525
chr3	201027195	11.34413207	105.711984
chr3	201027202	11.39600947	105.7120634
chr3	201027215	11.49704668	105.7122116
chr3	201027545	5.62273058	105.7160056
chr3	201027577	5.932506223	105.7161855
chr3	201029520	4.604459837	105.7277124
chr3	201029596	3.176121156	105.7280623
chr3	201029619	3.42890071	105.7281354
chr3	201031526	2.684085344	105.7346743
chr3	201034702	2.7122761	105.7431989
chr3	201035730	1.99553421	105.7459872
chr3	201036729	2.035643266	105.7479807
chr3	201041860	1.777359256	105.7584256
chr3	201044776	1.758399039	105.7636084
chr3	201063705	1.676392902	105.7968931
chr3	201063727	1.575355695	105.79693
chr3	201063965	1.367599292	105.7973049
chr3	201064038	12.12290689	105.7974047
chr3	201064219	12.09195945	105.799599
chr3	201064222	12.97077995	105.7996353
chr3	201064294	12.91777539	105.8005692
chr3	201064381	2.162467784	105.801693
chr3	201064486	2.136764178	105.8019201
chr3	201064563	2.239082321	105.8020846
chr3	201064615	2.18553838	105.802201
chr3	201064630	2.08016948	105.8022338
chr3	201064635	3.195100897	105.8022442
chr3	201064648	3.096725678	105.8022858
chr3	201064649	2.998353093	105.8022888
chr3	201065553	4.327410255	105.8049994
chr3	201065822	4.351452216	105.8061634
chr3	201065907	5.641528536	105.8065333
chr3	201068339	4.745470605	105.8202535
chr3	201068341	3.787288904	105.820263
chr3	201068347	2.584621269	105.8202857
chr3	201069046	1.453939915	105.8220924
chr3	201095506	1.538765574	105.8605636
chr3	201124175	1.812401263	105.9046785
chr3	201124198	1.898562289	105.9047202
chr3	201124847	1.926950633	105.9059523
chr3	201125013	1.889334693	105.9062722
chr3	201128705	1.989956591	105.9132476
chr3	201133489	2.021291446	105.9227676
chr3	201133515	2.172634781	105.9228201
chr3	201134829	2.285688947	105.925675
chr3	201135698	2.637649489	105.9276613
chr3	201139200	3.376266451	105.9368983
chr3	201139830	3.697477841	105.9390253
chr3	201140778	3.701595221	105.9425306
chr3	201140871	3.62027547	105.9428748
chr3	201140941	3.900586975	105.9431282
chr3	201140959	4.041790011	105.9431984
chr3	201140985	4.183149957	105.9433035
chr3	201141046	4.134283564	105.9435587
chr3	201141062	4.4208614	105.9436248
chr3	201144055	3.751806986	105.9568565
chr3	201151842	3.707250842	105.9860718
chr3	201152607	4.520347612	105.9889078
chr3	201153308	4.246637084	105.9920766
chr3	201153331	4.060470828	105.9921743
chr3	201153399	5.032040225	105.9924504
chr3	201165563	4.707096344	106.0536601
chr3	201166354	4.776818529	106.0573834
chr3	201166504	3.575181558	106.0581
chr3	201166541	3.403971424	106.0582323
chr3	201167014	57.37312394	106.0598423
chr3	201167020	57.28505402	106.0601866
chr3	201167054	59.67655843	106.0621343
chr3	201167080	59.46431101	106.0636859
chr3	201167082	5.071914193	106.0638048
chr3	201167085	4.813176173	106.06382
chr3	201167147	4.560855306	106.0641184
chr3	201167198	4.580250466	106.064351
chr3	201167229	4.636672938	106.064493
chr3	201167341	4.723392978	106.0650123
chr3	201167376	4.761303012	106.0651776
chr3	201167422	4.507011487	106.0653966
chr3	201167447	4.341071502	106.0655093
chr3	201167454	4.439638593	106.0655397
chr3	201167459	4.501646032	106.0655619
chr3	201167460	4.388591864	106.0655664
chr3	201167508	4.388979139	106.0657771
chr3	201167573	4.700204471	106.0660623
chr3	201167578	4.850466	106.0660858
chr3	201167617	4.734907132	106.066275
chr3	201168252	4.806375267	106.0692817
chr3	201168440	2.144708234	106.0701853
chr3	201209875	1.85241182	106.1590513
chr3	201209881	1.737691533	106.1590624
chr3	201219264	1.876361495	106.1753671
chr3	201219265	2.683495636	106.175369
chr3	201219278	2.463892122	106.1754039
chr3	201221335	2.395217367	106.1804721
chr3	201226083	2.267064934	106.1918446
chr3	201226913	4.89746163	106.1937263
chr3	201226953	4.911000361	106.1939222
chr3	201227063	4.922617866	106.1944624
chr3	201227339	4.546200248	106.195821
chr3	201227367	5.683220494	106.1959483
chr3	201227394	6.390209859	106.1961018
chr3	201227446	6.604541085	106.1964341
chr3	201230481	5.570608768	106.2164789
chr3	201230647	4.285235134	106.2174036
chr3	201230678	5.395494604	106.2175364
chr3	201230680	5.471063984	106.2175472
chr3	201230754	7.498025802	106.2179521
chr3	201231626	7.450442178	106.2244903
chr3	201232198	7.165197416	106.228752
chr3	201232555	6.319113108	106.23131
chr3	201232574	2.29005447	106.23143
chr3	201232602	2.370914355	106.2314942
chr3	201232612	1.670821739	106.2315179
chr3	201232618	1.747953765	106.2315279
chr3	201275468	1.782266604	106.3064277
chr3	201275785	0.9766388773	106.3069927
chr3	201278225	1.503812688	106.3093757
chr3	201278272	2.176632405	106.3094464
chr3	201278403	3.72440799	106.3097315
chr3	201279495	3.740042828	106.3137986
chr3	201279497	3.664473443	106.313806
chr3	201279743	3.667487734	106.3147075
chr3	201280446	3.52760609	106.3172857
chr3	201283122	2.727618644	106.3267256
chr3	201283152	1.986394416	106.3268074
chr3	201283188	1.1714508	106.326879
chr3	201283755	0.4986310831	106.3275432
chr3	201283917	0.4352856763	106.3276239
chr3	201285437	0.450544524	106.3282856
chr3	201285454	0.4665844489	106.3282932
chr3	201285472	0.4781392621	106.3283016
chr3	201285484	0.4934010764	106.3283074
chr3	201285526	0.5247075232	106.3283281
chr3	201285558	0.5576029718	106.3283449
chr3	201285566	0.5212860439	106.3283493
chr3	201286683	0.6084993318	106.3289316
chr3	201286704	0.7717009351	106.3289444
chr3	201286723	0.8567015163	106.3289591
chr3	201510099	0.8074179496	106.5203256
chr3	201515064	0.7914631135	106.5243345
chr3	201515447	0.6601272609	106.5246376
chr3	201526540	0.6447456229	106.5319604
chr3	201527203	0.3615526688	106.5323878
chr3	201527250	0.3629618967	106.5324048
chr3	201595400	0.3399003054	106.5571407
chr3	201598843	0.7068887666	106.558311
chr3	201599028	0.7266638364	106.5584417
chr3	201599721	0.7169673919	106.5589453
chr3	201603349	0.6928119842	106.5615465
chr3	201604727	1.30438866	106.5625012
chr3	201604739	1.409125153	106.5625168
chr3	201605042	1.506613869	106.5629438
chr3	201610648	0.5710646333	106.5713899
chr3	201642768	0.5607045495	106.5897325
chr3	201642769	0.533095743	106.589733
chr3	201642818	0.4953963174	106.5897591
chr3	201642836	0.4894067789	106.5897681
chr3	201642883	0.2662553389	106.5897911
chr3	201642918	0.3851194954	106.5898004
chr3	201642922	0.4737609721	106.5898019
chr3	201651081	0.4911673833	106.5936673
chr3	201651322	0.5424436431	106.5937857
chr3	201651401	0.5324247939	106.5938286
chr3	201693478	0.4594605829	106.6162314
chr3	201722684	0.413269832	106.6296504
chr3	201722733	0.4179941402	106.6296707
chr3	201723267	0.3582897463	106.6298939
chr3	201723269	0.8765062252	106.6298946
chr3	201723290	1.364428003	106.629913
chr3	201723674	1.371861553	106.6304369
chr3	201723683	1.363441421	106.6304493
chr3	201723923	1.551749937	106.6307765
chr3	201729262	1.46183641	106.6390613
chr3	201729298	1.467175709	106.6391139
chr3	201729308	0.8859285882	106.6391286
chr3	201729453	0.8959295656	106.6392571
chr3	201730093	0.3453386612	106.6398304
chr3	201730198	2.555686479	106.6398667
chr3	201731241	2.695784858	106.6425323
chr3	201731242	2.68755198	106.642535
chr3	201731246	2.820095022	106.6425457
chr3	201731867	0.7530677366	106.644297
chr3	201732561	0.7457720082	106.6448196
chr3	201757573	0.4365369957	106.6634729
chr3	201757607	0.3019526021	106.6634877
chr3	201759018	0.3107369398	106.6639138
chr3	201759045	0.346703285	106.6639222
chr3	201759079	0.2141602423	106.663934
chr3	201853824	0.2071611311	106.6842246
chr3	201876669	0.2057346144	106.6889572
chr3	202028474	0.1761489868	106.7201887
chr3	202033866	0.1634341522	106.7211385
chr3	202034638	0.1730010205	106.7212647
chr3	202035272	0.1825836441	106.7213744
chr3	202036831	0.1910775242	106.721659
chr3	202098324	0.1810765469	106.7334089
chr3	202104594	0.1953421949	106.7345443
chr3	202105471	0.2070577325	106.7347156
chr3	202105550	0.2392306073	106.734732
chr3	202105735	0.250804416	106.7347762
chr3	202178953	0.2514095144	106.7531396
chr3	202178978	0.289443625	106.7531459
chr3	202179204	0.3020100343	106.7532113
chr3	202179884	0.389816437	106.7534167
chr3	202180836	0.4821975476	106.7537878
chr3	202181138	0.4948472929	106.7539334
chr3	202219947	0.4874137421	106.7731379
chr3	202220214	0.5053807152	106.7732681
chr3	202222172	0.5188752575	106.7742576
chr3	202420226	0.5135359597	106.8770229
chr3	202420247	0.4451262715	106.8770337
chr3	202420295	0.5150546293	106.8770551
chr3	202420322	2.987621994	106.877069
chr3	202420358	3.190960754	106.8771766
chr3	202420975	3.175659185	106.8791454
chr3	202420987	3.223383254	106.8791835
chr3	202421006	3.192784051	106.8792447
chr3	202421044	3.289362191	106.8793661
chr3	202421814	0.7984958655	106.8818989
chr3	202421934	0.9302732034	106.8819947
chr3	202424392	0.9567951551	106.8842813
chr3	202424394	0.911532335	106.8842832
chr3	202424420	1.197303643	106.8843069
chr3	202424478	1.185729834	106.8843764
chr3	202424526	1.180198605	106.8844333
chr3	202424551	1.259361509	106.8844628
chr3	202467642	1.180193508	106.9387299
chr3	202467682	1.024286547	106.9387771
chr3	202469343	0.9489763398	106.9404785
chr3	202469350	0.9488265698	106.9404851
chr3	202471135	0.8171886876	106.9421788
chr3	202471152	2.494352123	106.9421927
chr3	202471632	2.648609723	106.9433899
chr3	202471692	2.682136365	106.9435489
chr3	202472770	2.65692021	106.9464402
chr3	202472932	2.580875716	106.9468706
chr3	202473050	0.5672853419	106.9471752
chr3	202473184	0.4953034783	106.9472512
chr3	202495547	0.3098268137	106.9583277
chr3	202495576	0.2579819867	106.9583366
chr3	202497859	0.3098989149	106.9589256
chr3	202497887	0.2618910223	106.9589343
chr3	202498020	0.3446817157	106.9589691
chr3	202498060	0.4514586696	106.9589829
chr3	202498287	0.6084984535	106.9590854
chr3	202499237	0.6687380111	106.9596635
chr3	202503603	0.6609994117	106.9625832
chr3	202505002	0.7910228226	106.9635079
chr3	202505038	1.143271201	106.9635364
chr3	202542579	0.8639449618	107.0064559
chr3	202542581	0.8594423147	107.0064577
chr3	202542671	1.352653213	107.006535
chr3	202542701	3.688175503	107.0065756
chr3	202552421	3.532462673	107.0424247
chr3	202552520	4.203568823	107.0427744
chr3	202553200	5.578260722	107.0456328
chr3	202553711	7.413622044	107.0484833
chr3	202558017	5.492171683	107.0804063
chr3	202558042	8.825914765	107.0805437
chr3	202560107	8.758968562	107.0987692
chr3	202560209	5.354196519	107.0996626
chr3	202560254	3.663420407	107.0999035
chr3	202560307	2.89459652	107.1000977
chr3	202560329	3.001223219	107.1001614
chr3	202560353	3.51090414	107.1002334
chr3	202560477	9.406419344	107.1006687
chr3	202560486	9.305821175	107.1007534
chr3	202561563	5.244627371	107.1107758
chr3	202561581	5.370460189	107.1108702
chr3	202561628	2.165359835	107.1111226
chr3	202563340	2.333779781	107.1148297
chr3	202563487	1.98415756	107.1151727
chr3	202567591	1.208693461	107.1233157
chr3	202567649	1.221722186	107.1233858
chr3	202568491	1.512131578	107.1244145
chr3	202572237	1.54436968	107.130079
chr3	202576826	1.302384078	107.1371661
chr3	202581194	1.011974686	107.1428549
chr3	202581726	0.9784480437	107.1433933
chr3	202583621	1.274714234	107.1452474
chr3	202583633	1.593341724	107.1452627
chr3	202583676	1.605052687	107.1453312
chr3	202583783	1.936089165	107.145503
chr3	202585244	1.767669219	107.1483316
chr3	202594927	1.252880553	107.1654479
chr3	202596102	1.293613607	107.1669201
chr3	202596142	0.7572162243	107.1669718
chr3	202596160	0.6924464837	107.1669855
chr3	202598547	0.4452891402	107.1686383
chr3	202598727	0.5540999126	107.1687185
chr3	202598729	0.5601301918	107.1687196
chr3	202598805	0.5974618072	107.1687622
chr3	202683745	0.6016965643	107.2195106
chr3	202686044	0.6194571572	107.2208939
chr3	202686166	0.6271654763	107.2209694
chr3	202686669	0.413351593	107.2212849
chr3	202686675	0.383865449	107.2212874
chr3	202686766	0.3642926027	107.2213223
chr3	202686884	0.3236300382	107.2213653
chr3	202697014	0.3279586833	107.2246437
chr3	202698391	0.3983318002	107.2250953
chr3	202699351	0.4097628518	107.2254777
chr3	202794413	0.4185395406	107.2644305
chr3	202850798	0.4055108154	107.2880299
chr3	202893190	0.4284202415	107.3052203
chr3	202893755	0.2746294688	107.3054624
chr3	202895773	0.2504980427	107.3060166
chr3	202895792	0.2208080314	107.3060213
chr3	202895980	0.2457319774	107.3060628
chr3	202896003	0.2202748269	107.3060685
chr3	202896021	0.2004125049	107.3060725
chr3	202896404	0.2060631698	107.3061492
chr3	202898588	0.2195403588	107.3065993
chr3	202898686	0.2078293956	107.3066208
chr3	203085253	0.1883362886	107.3453949
chr3	203164749	0.1806279692	107.3603669
chr3	203164766	0.1669018594	107.3603699
chr3	203172246	0.1832816397	107.3616184
chr3	203172300	0.1699309215	107.3616283
chr3	203172311	0.266564161	107.3616301
chr3	203172315	0.2530869707	107.3616312
chr3	203210416	0.2413530994	107.3712741
chr3	203210487	0.1506067336	107.3712912
chr3	203210521	0.1586463372	107.3712963
chr3	203214739	0.1389637163	107.3719655
chr3	203215247	0.1342659867	107.3720361
chr3	203215736	0.1545656082	107.3721017
chr3	203215863	0.227443176	107.3721214
chr3	203215866	0.2678901837	107.372122
chr3	203321732	0.2754250522	107.4004825
chr3	203325275	0.3018502739	107.4014583
chr3	203325372	0.3355249461	107.4014876
chr3	203325392	0.3849099475	107.4014943
chr3	203397467	0.6491645921	107.4292367
chr3	203397575	0.6288628481	107.4293068
chr3	203397920	0.6352055118	107.4295238
chr3	203398281	0.6272960625	107.4297531
chr3	203398384	0.6327767795	107.4298177
chr3	203398409	0.6588874379	107.4298335
chr3	203398477	0.6850184415	107.4298783
chr3	203398492	0.7111522208	107.4298886
chr3	203398522	0.7878656999	107.4299099
chr3	203398696	0.8624277538	107.430047
chr3	203398825	0.8869504414	107.4301583
chr3	203399578	0.9132868363	107.4308261
chr3	203399787	0.937925482	107.431017
chr3	203417813	0.7956725518	107.4479241
chr3	203417825	0.8234816427	107.4479336
chr3	203539653	1.313097067	107.5482567
chr3	203539695	3.104195692	107.5483119
chr3	203547884	4.524161245	107.5737321
chr3	203549260	4.493784345	107.5799574
chr3	203549450	2.549057899	107.5808112
chr3	203549514	3.248305994	107.5809744
chr3	203550482	1.472645875	107.5841187
chr3	203550494	1.499674805	107.5841364
chr3	203550552	3.283962401	107.5842234
chr3	203550618	3.259679739	107.5844401
chr3	203551720	3.211656236	107.5880323
chr3	203552588	3.228833158	107.59082
chr3	203552629	2.004539148	107.5909524
chr3	203552633	0.2317998354	107.5909604
chr3	203552744	0.2592818113	107.5909861
chr3	203554252	0.2483799483	107.5913771
chr3	203554405	0.2491886331	107.5914151
chr3	203554886	1.360487746	107.591535
chr3	203555001	1.357303063	107.5916914
chr3	203555910	1.370583133	107.5929252
chr3	203555998	1.415547962	107.5930458
chr3	203558051	1.432727125	107.595952
chr3	203558193	0.3343837847	107.5961554
chr3	203558195	0.3802196625	107.5961561
chr3	203558292	0.4074127638	107.596193
chr3	203686980	0.2984152414	107.6486221
chr3	203687026	0.2705986023	107.6486358
chr3	203687994	0.2426502516	107.6488978
chr3	203688021	0.3174640927	107.6489043
chr3	203693954	0.3967751309	107.6507878
chr3	203700294	0.4559555485	107.6533034
chr3	203737331	0.7774833978	107.6701906
chr3	203745786	0.5121850941	107.6767642
chr3	203755736	0.4524740052	107.6818605
chr3	203755761	0.4918156975	107.6818718
chr3	203762630	0.4853603902	107.6852501
chr3	203767357	0.2971635561	107.6875444
chr3	203772792	0.1343146484	107.6891594
chr3	203772807	0.1379395868	107.6891615
chr3	203832598	0.09555151104	107.697409
chr3	203832665	0.1114381599	107.6974154
chr3	203833700	0.09815809049	107.6975307
chr3	203833768	0.108478352	107.6975374
chr3	203833783	0.1187967669	107.697539
chr3	203844647	0.1355477568	107.6988297
chr3	203849531	0.09620606426	107.6994917
chr3	204064877	0.06356842548	107.7202093
chr3	204071484	0.05808770863	107.7206293
chr3	204189447	0.04653942464	107.7274815
chr3	204189477	0.03620238997	107.7274829
chr3	204189541	2.240509162	107.7274852
chr3	204191227	0.04212810093	107.7312627
chr3	204191306	0.03180968636	107.731266
chr3	204191828	0.0495447523	107.7312826
chr3	204191829	0.0668356737	107.7312826
chr3	204191895	0.08457500093	107.7312871
chr3	204194648	0.1011947564	107.7315199
chr3	204194838	0.1352013754	107.7315391
chr3	204194839	0.2015777025	107.7315393
chr3	204194848	0.2375702151	107.7315411
chr3	204267426	0.261927268	107.7487834
chr3	204267846	0.4631530971	107.7488935
chr3	204399838	0.3994724906	107.810026
chr3	204399840	0.3814763245	107.8100268
chr3	204399849	0.4684827033	107.8100302
chr3	204399855	0.4507433767	107.810033
chr3	204405150	0.4332024353	107.8124197
chr3	204405182	0.4159115103	107.8124335
chr3	204405185	1.221805843	107.8124348
chr3	204409101	1.333096733	107.8172194
chr3	204409102	2.016156833	107.8172207
chr3	204411634	2.51793465	107.8223256
chr3	204412846	2.492492784	107.8253774
chr3	204413027	2.467082637	107.8258285
chr3	204414778	3.365541115	107.8301484
chr3	204416617	3.456594449	107.8363376
chr3	204416864	3.431838578	107.8371914
chr3	204418702	3.580250313	107.8434991
chr3	204418884	5.592232327	107.8441507
chr3	204418911	5.811921881	107.8443017
chr3	204418916	5.78750227	107.8443308
chr3	204418986	8.719844243	107.8447359
chr3	204420518	9.213040123	107.8580947
chr3	204420531	9.371716647	107.8582144
chr3	204420641	9.51500378	107.8592453
chr3	204420692	7.474588676	107.8597306
chr3	204421019	7.537836752	107.8621748
chr3	204421044	7.849624319	107.8623632
chr3	204421060	8.332288234	107.8624888
chr3	204421081	8.645053855	107.8626638
chr3	204421125	8.807890779	107.8630442
chr3	204421149	7.122332579	107.8632556
chr3	204422102	5.975946467	107.8700432
chr3	204422319	6.615579148	107.8713399
chr3	204422348	6.853184518	107.8715318
chr3	204422596	5.83128133	107.8732314
chr3	204422631	6.022593393	107.8734355
chr3	204422635	6.441643788	107.8734596
chr3	204422681	5.598866108	107.8737559
chr3	204422695	5.754575652	107.8738343
chr3	204422742	6.132155033	107.8741047
chr3	204424287	6.362430384	107.8835789
chr3	204424347	6.626595834	107.8839607
chr3	204424418	7.328537581	107.8844312
chr3	204424863	6.479499489	107.8876923
chr3	204425666	6.65753484	107.8928954
chr3	204429213	7.24879462	107.9165097
chr3	204429306	7.503670294	107.9171838
chr3	204432876	7.152159107	107.9439719
chr3	204432904	7.519011247	107.9441722
chr3	204436607	7.260817625	107.9720151
chr3	204436609	7.234656632	107.9720296
chr3	204438312	6.952341318	107.9843502
chr3	204438424	7.393459398	107.9851289
chr3	204441914	7.025247436	108.010932
chr3	204442249	6.292759235	108.0132855
chr3	204443559	5.900525119	108.021529
chr3	204443780	7.910517859	108.022833
chr3	204443846	7.898313922	108.0233551
chr3	204446387	15.16666058	108.0434247
chr3	204446427	15.0116055	108.0440314
chr3	204446717	15.15267894	108.0483848
chr3	204446787	4.852183987	108.0494455
chr3	204448402	4.794092536	108.0572817
chr3	204471128	4.681675712	108.1662323
chr3	204472393	4.398976905	108.1721546
chr3	204472395	50.85688507	108.1721634
chr3	204472468	50.76364196	108.175876
chr3	204472474	3.796566872	108.1761805
chr3	204472690	3.5763525	108.1770006
chr3	204472867	3.211456663	108.1776336
chr3	204473017	2.312573742	108.1781153
chr3	204473125	2.770383536	108.1783651
chr3	204473143	3.528984066	108.178415
chr3	204473206	3.415814871	108.1786373
chr3	204473249	3.881467983	108.1787842
chr3	204478239	3.025552986	108.1981527
chr3	204478892	2.99263796	108.2001284
chr3	204479346	2.136555025	108.201487
chr3	204479398	2.537149065	108.2015981
chr3	204479692	1.973846193	108.202344
chr3	204479723	2.264438976	108.2024052
chr3	204479749	2.153861957	108.2024641
chr3	204479804	2.188499816	108.2025826
chr3	204479964	2.333112537	108.2029327
chr3	204480012	2.223400403	108.2030447
chr3	204482521	1.969440945	108.2086232
chr3	204482525	2.009139531	108.2086311
chr3	204505206	2.047204801	108.2542004
chr3	204505217	1.9844975	108.2542229
chr3	204505228	1.869583926	108.2542448
chr3	204505230	3.864742714	108.2542485
chr3	204505284	3.880989903	108.2544572
chr3	204505474	3.752637978	108.2551946
chr3	204507025	1.230508619	108.2610149
chr3	204507737	1.288154154	108.261891
chr3	204575402	1.2520784	108.349054
chr3	204575452	0.6167820207	108.3491166
chr3	204577822	0.5064791282	108.3505784
chr3	204581309	2.239250621	108.3523445
chr3	204582092	2.189226901	108.3540978
chr3	204582293	2.206061671	108.3545378
chr3	204583438	0.4732901785	108.3570638
chr3	204585592	0.4085894851	108.3580832
chr3	204585612	0.3737504505	108.3580914
chr3	204586305	0.353692433	108.3583504
chr3	204586308	0.3697397551	108.3583515
chr3	204586395	0.4457392257	108.3583837
chr3	204589464	0.4711095295	108.3597516
chr3	204592201	0.4725598647	108.3610411
chr3	204592214	0.5253879393	108.3610472
chr3	204731320	0.4988680875	108.4341318
chr3	204731361	1.443572442	108.4341523
chr3	204731370	1.392695724	108.4341653
chr3	204731412	1.338705429	108.4342237
chr3	204732343	39.64195886	108.4354701
chr3	204732439	1.182722928	108.4392757
chr3	204734794	1.166654708	108.442061
chr3	204734873	1.141284405	108.4421532
chr3	204735216	1.143467057	108.4425446
chr3	204735266	0.4642086775	108.4426018
chr3	204737490	1.205581368	108.4436342
chr3	204737524	1.326465212	108.4436752
chr3	204741483	1.401082334	108.4489267
chr3	204742439	1.526233147	108.4502661
chr3	204742466	1.187071097	108.4503073
chr3	204742469	1.475655862	108.4503109
chr3	204742502	3.184217546	108.4503596
chr3	204742884	3.850770018	108.451576
chr3	204744787	4.003280651	108.458904
chr3	204744972	3.111197776	108.4596446
chr3	204790429	3.099480013	108.6010703
chr3	204790499	3.435803741	108.6012873
chr3	204790569	3.119932573	108.6015278
chr3	204790923	3.61474563	108.6026322
chr3	204790927	3.934469226	108.6026467
chr3	204790959	3.628183023	108.6027726
chr3	204800444	3.561679733	108.6371859
chr3	204800933	3.551357016	108.6389276
chr3	204801019	3.487900054	108.639233
chr3	204801210	3.359053424	108.6398992
chr3	204801228	3.296273557	108.6399596
chr3	204801335	3.223337549	108.6403123
chr3	204801393	1.652080161	108.6404993
chr3	204801404	1.589487766	108.6405175
chr3	204801425	1.763525077	108.6405508
chr3	204801426	1.425914533	108.6405526
chr3	204801427	1.796926668	108.640554
chr3	204801440	2.475870147	108.6405774
chr3	204801461	2.125664099	108.6406294
chr3	204801547	2.268978722	108.6408122
chr3	204801580	2.279726321	108.6408871
chr3	204801593	3.218617106	108.6409167
chr3	204801634	3.224610887	108.6410487
chr3	204801754	3.383023702	108.6414356
chr3	204801774	3.487740569	108.6415033
chr3	204805380	3.903707378	108.6540801
chr3	204806196	3.443456743	108.6572655
chr3	204806928	3.567555055	108.6597861
chr3	204823640	3.752833068	108.7194071
chr3	204823653	4.036564071	108.7194559
chr3	204828434	4.157481256	108.7387547
chr3	204828640	4.076506004	108.7396111
chr3	204829962	3.69005732	108.7450003
chr3	204830121	3.675535971	108.745587
chr3	204836655	2.60394159	108.7696029
chr3	204837003	1.964053733	108.7705091
chr3	204838955	2.348513133	108.7743429
chr3	204838961	2.123329521	108.774357
chr3	204843503	1.965808725	108.7840012
chr3	204843536	1.98391797	108.7840661
chr3	204843551	0.9085667851	108.7840958
chr3	204843557	0.8458177522	108.7841013
chr3	204843596	0.5926942504	108.7841343
chr3	204843608	0.6556481819	108.7841414
chr3	204843771	0.6588132147	108.7842483
chr3	204923340	0.6644078298	108.8366694
chr3	204923378	0.6754947179	108.8366946
chr3	204923379	0.6864424364	108.8366953
chr3	204923384	0.733753789	108.8366987
chr3	204923387	0.7365611773	108.8367009
chr3	204924108	0.7393627186	108.837232
chr3	204924110	9.071232969	108.8372335
chr3	204924142	9.087925034	108.8375237
chr3	204924148	9.151365035	108.8375783
chr3	204924149	9.245473976	108.8375874
chr3	204924150	9.217871707	108.8375967
chr3	204924163	9.220568094	108.8377165
chr3	204924983	0.7392286483	108.8452774
chr3	204963348	0.7421109558	108.8736379
chr3	204963349	0.6480020138	108.8736386
chr3	205007115	0.6597761271	108.9019991
chr3	205007127	0.6458372752	108.902007
chr3	205007142	0.6232804992	108.9020167
chr3	205007167	0.6262649848	108.9020322
chr3	205007169	0.5774937553	108.9020335
chr3	205007172	0.5804782536	108.9020352
chr3	205007183	0.7206618117	108.9020416
chr3	205007216	0.7296189679	108.9020654
chr3	205007218	0.7070726673	108.9020669
chr3	205008580	0.647484044	108.9030299
chr3	205009481	0.6534307886	108.9036133
chr3	205009482	0.806726888	108.9036139
chr3	205009483	0.8731272371	108.9036147
chr3	205011616	0.851183244	108.9054771
chr3	205014317	1.015251312	108.9077762
chr3	205015044	1.214628197	108.9085143
chr3	205015267	1.198215405	108.9087851
chr3	205015311	1.369792099	108.9088378
chr3	205015556	1.574842986	108.9091734
chr3	205033071	2.463347444	108.9367568
chr3	205033499	2.323163886	108.9378111
chr3	205033547	2.889471247	108.9379226
chr3	205033548	2.855762025	108.9379255
chr3	205036802	2.691693958	108.9472182
chr3	205036812	2.507584153	108.9472451
chr3	205036829	1.38355292	108.9472877
chr3	205037116	1.371331384	108.9476848
chr3	205037222	1.381042381	108.9478302
chr3	205037223	0.4925379205	108.9478315
chr3	205047221	0.6975546209	108.9527559
chr3	205047248	0.6726075722	108.9527748
chr3	205047270	0.9109349924	108.9527896
chr3	205065040	0.7033339529	108.9689769
chr3	205065041	0.6369336034	108.9689776
chr3	205065215	0.4782556062	108.9690884
chr3	205134173	0.4688376005	109.002068
chr3	205137050	0.6046849457	109.0034168
chr3	205144826	0.5475986432	109.0081188
chr3	205144868	0.5581935444	109.0081418
chr3	205164206	0.4223461992	109.0189362
chr3	205167331	0.4228443089	109.020256
chr3	205167332	0.404020044	109.0202564
chr3	205199527	0.605696761	109.0332639
chr3	205217489	0.6242388103	109.0441434
chr3	205217778	0.6401821713	109.0443238
chr3	205217819	0.4385054524	109.04435
chr3	205217820	0.4307066949	109.0443505
chr3	205218146	0.442659631	109.0444909
chr3	205220478	0.4801826935	109.0455232
chr3	205271701	0.532932241	109.0701196
chr3	205299727	0.5645386676	109.0850555
chr3	205303253	0.570821487	109.0870461
chr3	205304053	0.5771525034	109.0875027
chr3	205304089	0.6097939454	109.0875235
chr3	205353926	0.6316800054	109.1179138
chr3	205415326	0.6369015754	109.156699
chr3	205415399	0.8554063369	109.1567455
chr3	205416446	0.805257861	109.1576411
chr3	205417107	1.450563147	109.1581734
chr3	205417108	1.534326231	109.1581748
chr3	205417109	1.543023874	109.1581763
chr3	205417117	1.547638406	109.1581887
chr3	205417338	1.522307821	109.1585307
chr3	205422402	0.8255995092	109.1662397
chr3	205422443	0.8562095256	109.1662735
chr3	205449164	4.771611898	109.1891523
chr3	205449167	4.713710722	109.1891666
chr3	205449574	4.742550512	109.1910851
chr3	205449977	4.656973933	109.1929964
chr3	205450077	0.6163709672	109.193462
chr3	205477283	0.6044688585	109.210231
chr3	205522484	0.5825827984	109.2375536
chr3	205526779	0.5706298624	109.2400558
chr3	205528719	0.5768551646	109.2411628
chr3	205538857	0.5357238177	109.247011
chr3	205540053	0.6000255931	109.2476517
chr3	205540685	0.6106351507	109.2480309
chr3	205540790	0.5954941008	109.2480951
chr3	205540896	0.646133334	109.2481582
chr3	205577490	0.6290891719	109.2718028
chr3	205577491	0.6355804026	109.2718034
chr3	205577557	0.6423580072	109.2718454
chr3	205577596	0.7167704348	109.2718704
chr3	205577610	0.7117444668	109.2718805
chr3	205606410	0.7271904425	109.2923787
chr3	205612742	0.7222891553	109.2969833
chr3	205627160	0.7575358012	109.3073972
chr3	205627161	0.7244236584	109.307398
chr3	205627172	0.6500112307	109.307406
chr3	205653279	0.617429752	109.3243758
chr3	205654854	0.6235299705	109.3253483
chr3	205656353	0.6478085012	109.3262829
chr3	205657642	0.6539369732	109.3271179
chr3	205657820	0.6740481331	109.3272343
chr3	205660202	0.6900747491	109.3288399
chr3	205660229	0.7061134885	109.3288586
chr3	205662608	0.7167589584	109.3305384
chr3	205662948	0.7014201068	109.3307821
chr3	205664014	0.6861489422	109.3315298
chr3	205664145	0.6689238177	109.3316197
chr3	205664147	0.6796177674	109.331621
chr3	205677102	0.685950979	109.3404255
chr3	205677127	0.6922844626	109.3404426
chr3	205677195	0.6986186857	109.3404897
chr3	205677836	0.7159719945	109.3409375
chr3	205677935	0.7204411087	109.3410084
chr3	205840885	0.8064189447	109.4584043
chr3	205841023	0.8881343184	109.4585156
chr3	205841043	0.8844911844	109.4585333
chr3	205841254	0.8415072159	109.45872
chr3	205841255	0.8328095682	109.4587208
chr3	205845223	0.9204192981	109.4620254
chr3	205845247	0.9049733223	109.4620475
chr3	205886175	0.8965316679	109.4990862
chr3	205886751	0.9202632409	109.4996026
chr3	205887135	1.662979268	109.499956
chr3	205887331	1.575369538	109.500282
chr3	205888397	1.564759984	109.5019613
chr3	205888398	1.554182955	109.5019629
chr3	205888436	1.555904936	109.5020219
chr3	205888624	1.548981631	109.5023144
chr3	205890239	1.521147269	109.504816
chr3	205890240	1.446401636	109.5048176
chr3	205890386	1.461395163	109.5050287
chr3	205890421	1.441099371	109.5050799
chr3	205890422	1.409771689	109.5050813
chr3	205891418	1.362690194	109.5064855
chr3	205891782	1.369529266	109.5069815
chr3	205892102	0.6373156367	109.5074197
chr3	205892103	0.5650942043	109.5074204
chr3	205892105	0.5811892036	109.5074215
chr3	205896281	0.5975417565	109.5098485
chr3	205896282	0.5933925982	109.5098491
chr3	206008659	0.6614503513	109.5765328
chr3	206009115	0.677764163	109.5768344
chr3	206009116	0.6745989869	109.5768351
chr3	206009146	0.6832069914	109.5768554
chr3	206009147	0.6725615123	109.576856
chr3	206009148	0.6693964329	109.5768567
chr3	206009311	0.6321467931	109.5769658
chr3	206009341	0.664928038	109.5769848
chr3	206009342	0.6522819572	109.5769855
chr3	206009359	0.661810758	109.5769965
chr3	206009464	0.8232428286	109.577066
chr3	206009465	0.8366338799	109.5770669
chr3	206009950	0.8785650382	109.5774726
chr3	206121311	0.7806622477	109.6753105
chr3	206121312	0.7715496778	109.6753113
chr3	206121826	0.7687473811	109.6757079
chr3	206121831	0.7773168562	109.6757117
chr3	206121832	0.7720952812	109.6757125
chr3	206121860	0.9356173005	109.6757341
chr3	206121877	0.7880321533	109.67575
chr3	206121878	0.8568447019	109.6757508
chr3	206145708	0.795645775	109.6961694
chr3	206145709	0.7402689358	109.6961702
chr3	206145807	0.6391559701	109.6962427
chr3	206145827	0.630657413	109.6962555
chr3	206237444	3.196746602	109.7540345
chr3	206240534	3.38950815	109.7639124
chr3	206240663	3.386706002	109.7643497
chr3	206240907	3.341510375	109.765176
chr3	206241213	3.335911681	109.7661985
chr3	206241216	3.405464081	109.7662085
chr3	206241986	3.402666381	109.7688307
chr3	206242003	3.475988792	109.7688886
chr3	206243250	3.455577099	109.7732231
chr3	206243362	2.867621496	109.7736102
chr3	206243731	2.57910066	109.7746683
chr3	206252482	2.638225117	109.797238
chr3	206258385	2.62938902	109.8128115
chr3	206258866	2.391445876	109.8140762
chr3	206259598	1.621560682	109.8158267
chr3	206259637	1.522704078	109.81589
chr3	206259672	1.750960583	109.8159433
chr3	206268778	1.83136402	109.8318875
chr3	206268853	1.98919197	109.8320249
chr3	206268871	1.986448602	109.8320607
chr3	206292204	1.824514324	109.8784105
chr3	206292227	1.661293308	109.8784525
chr3	206292237	1.740929576	109.8784691
chr3	206292316	1.664910777	109.8786066
chr3	206294059	1.625954916	109.8815085
chr3	206302887	1.62060653	109.8958625
chr3	206303120	1.535843181	109.8962401
chr3	206307537	1.458827095	109.9030239
chr3	206314660	1.083224494	109.9134151
chr3	206314690	1.233235672	109.9134476
chr3	206314877	1.174111215	109.9136782
chr3	206315290	1.152344604	109.9141631
chr3	206315310	1.149692813	109.9141862
chr3	206316140	1.299997185	109.9151404
chr3	206316231	1.199504503	109.9152587
chr3	206316254	1.101827234	109.9152863
chr3	206338561	1.064675625	109.9398648
chr3	206338794	1.018050534	109.9401128
chr3	206338828	0.7694208108	109.9401475
chr3	206338853	0.7228304639	109.9401667
chr3	206338855	0.559770414	109.9401681
chr3	206338888	0.4748707632	109.9401866
chr3	206338978	3.93339542	109.9402294
chr3	206339442	18.29115463	109.9420544
chr3	206340092	9.347355294	109.9539437
chr3	206340125	3.946080758	109.9542522
chr3	206340610	0.7876299807	109.956166
chr3	206340684	0.6373256087	109.9562243
chr3	206341424	0.6793634239	109.9566959
chr3	206425394	0.5485288125	110.0137421
chr3	206425514	0.4206373972	110.0138079
chr3	206427359	0.3547069732	110.014584
chr3	206427792	0.4011112306	110.0147376
chr3	206429070	0.4036728905	110.0152502
chr3	206429156	3.08273644	110.0152849
chr3	206429180	3.040698625	110.0153589
chr3	206430533	1.100252464	110.0194729
chr3	206430560	3.681827347	110.0195026
chr3	206430615	7.393717449	110.0197051
chr3	206430842	7.396279958	110.0213835
chr3	206430871	9.669634832	110.021598
chr3	206431193	9.658034687	110.0247116
chr3	206431290	9.688565262	110.0256485
chr3	206431989	6.852817314	110.0324208
chr3	206432192	6.970106376	110.0338119
chr3	206432343	7.000905352	110.0348644
chr3	206433651	6.961746986	110.0440216
chr3	206434071	5.980613763	110.0469455
chr3	206434356	6.067772259	110.04865
chr3	206434462	5.040462176	110.0492932
chr3	206434972	5.127100751	110.0518638
chr3	206435003	3.903122481	110.0520227
chr3	206435046	3.055513071	110.0521906
chr3	206435091	3.142343333	110.0523281
chr3	206435384	2.355177425	110.0532488
chr3	206435534	2.442922602	110.053602
chr3	206437709	2.434314601	110.0589154
chr3	206437716	2.53204868	110.0589324
chr3	206439468	2.630826909	110.0633686
chr3	206439478	2.202214093	110.0633949
chr3	206439972	1.79258265	110.0644828
chr3	206440039	1.404504541	110.0646029
chr3	206440176	2.323101073	110.0647953
chr3	206440204	2.463255004	110.0648604
chr3	206475462	5.060099529	110.1517098
chr3	206475469	50.60417987	110.1517452
chr3	206475476	50.75147357	110.1520995
chr3	206475494	50.77912456	110.153013
chr3	206475539	50.69737484	110.155298
chr3	206475550	5.145379476	110.1558557
chr3	206475644	5.294559003	110.1563394
chr3	206475682	11.86077409	110.1565406
chr3	206476682	11.67256178	110.1684013
chr3	206476783	11.72899461	110.1695803
chr3	206476815	15.49488966	110.1699556
chr3	206477552	15.08394282	110.1813753
chr3	206477577	15.7663693	110.1817524
chr3	206477592	16.12867987	110.1819889
chr3	206477975	8.104374736	110.1881662
chr3	206478381	6.55705137	110.1914566
chr3	206496504	6.917566556	110.31029
chr3	206496621	7.06649719	110.3110994
chr3	206496623	7.029222939	110.3111135
chr3	206496661	6.598067651	110.3113806
chr3	206496666	6.92378463	110.3114136
chr3	206498123	8.397977841	110.3215016
chr3	206498309	9.340551282	110.3230636
chr3	206499455	9.165498112	110.3337679
chr3	206503192	9.63956995	110.3680193
chr3	206503351	9.500548601	110.369552
chr3	206503394	9.613280824	110.3699606
chr3	206503396	14.71595011	110.3699798
chr3	206503402	16.04420289	110.3700681
chr3	206503405	16.4250967	110.3701162
chr3	206505878	16.07307364	110.4107355
chr3	206505928	23.39907896	110.4115391
chr3	206505929	22.04012279	110.4115625
chr3	206506279	21.66316486	110.4192766
chr3	206506287	11.13651416	110.4194499
chr3	206506418	8.246657326	110.4209088
chr3	206506455	7.987985631	110.4212139
chr3	206506535	12.17134871	110.4218529
chr3	206506653	12.25194361	110.4232891
chr3	206506691	12.45521757	110.4237547
chr3	206507992	5.731373477	110.439959
chr3	206508022	5.924695589	110.4401309
chr3	206510968	5.454977986	110.457585
chr3	206511004	4.959976255	110.4577814
chr3	206511013	5.072571497	110.4578261
chr3	206512777	4.805059964	110.4667741
chr3	206512867	4.785500134	110.4672065
chr3	206512881	4.904902987	110.4672735
chr3	206512887	5.030321851	110.467303
chr3	206542136	4.800589304	110.6144348
chr3	206542154	4.336438067	110.6145213
chr3	206542301	4.103494339	110.6151587
chr3	206543777	5.855587792	110.6212155
chr3	206543786	5.770965316	110.6212682
chr3	206543805	9.025121264	110.6213778
chr3	206543881	9.12703563	110.6220637
chr3	206543889	9.018923081	110.6221367
chr3	206543947	9.014766821	110.6226598
chr3	206543976	9.608957484	110.6229213
chr3	206543977	9.553399192	110.6229309
chr3	206544002	9.998023273	110.6231697
chr3	206548810	9.170501252	110.6712402
chr3	206548842	8.438106867	110.6715337
chr3	206548844	12.89350603	110.6715505
chr3	206549557	11.59425325	110.6807436
chr3	206549566	10.85648095	110.680848
chr3	206549570	10.9384313	110.6808914
chr3	206549577	11.25521487	110.680968
chr3	206549672	5.372312809	110.6820372
chr3	206549712	5.75093381	110.6822521
chr3	206549732	5.70422413	110.6823671
chr3	206551309	5.212610256	110.6913627
chr3	206551314	5.881404765	110.6913887
chr3	206552122	5.77858937	110.6961409
chr3	206552304	5.433684661	110.6971926
chr3	206552319	5.001810337	110.6972741
chr3	206552321	4.993240865	110.6972841
chr3	206552403	4.55411808	110.6976936
chr3	206552410	5.239946396	110.6977255
chr3	206552426	5.159351495	110.6978093
chr3	206552428	5.997395679	110.6978196
chr3	206556830	4.555094426	110.7242201
chr3	206556860	4.852600114	110.7243568
chr3	206556861	5.458599692	110.7243617
chr3	206556871	5.473279112	110.7244162
chr3	206556877	5.191670677	110.7244491
chr3	206557150	5.20733399	110.7258664
chr3	206557272	5.27262769	110.7265017
chr3	206557414	5.181842002	110.7272504
chr3	206557439	4.78231756	110.72738
chr3	206557764	4.643147432	110.7289342
chr3	206557769	4.684843235	110.7289574
chr3	206557789	4.320923341	110.7290511
chr3	206557820	5.376603468	110.7291851
chr3	206557822	5.566282656	110.7291958
chr3	206557864	5.756784619	110.7294296
chr3	206557942	6.329443838	110.7298786
chr3	206565131	6.286918529	110.775381
chr3	206567677	5.959829955	110.7913875
chr3	206567770	6.488530715	110.7919418
chr3	206569249	5.760474785	110.8015383
chr3	206569260	5.275544899	110.8016017
chr3	206569283	5.737892375	110.801723
chr3	206570765	6.871944176	110.8102266
chr3	206570786	6.322794704	110.8103709
chr3	206572659	6.12653944	110.8222135
chr3	206572681	5.767662986	110.8223483
chr3	206577229	5.4047771	110.8485796
chr3	206577262	3.947481297	110.8487579
chr3	206577271	1.303343757	110.8487935
chr3	206578095	1.176432249	110.8498674
chr3	206578135	1.202528686	110.8499145
chr3	206578137	1.236926577	110.8499169
chr3	206578455	1.058149233	110.8503102
chr3	206578472	0.7873938401	110.8503282
chr3	206657042	0.7411532973	110.9121938
chr3	206718524	0.7616789219	110.9577613
chr3	206719487	0.6869801529	110.9584948
chr3	206719498	0.6608837161	110.9585024
chr3	206785675	0.6431829465	111.0022377
chr3	206785684	1.117644724	111.0022435
chr3	206785695	1.019682964	111.0022558
chr3	206785814	2.089758503	111.0023771
chr3	206792589	2.07255619	111.0165352
chr3	206792673	0.4404515948	111.0167093
chr3	206792823	0.7720458596	111.0167754
chr3	206792889	0.9972701769	111.0168264
chr3	206793042	1.273762058	111.0169789
chr3	206808097	1.245836394	111.0361554
chr3	206808111	1.001024495	111.0361729
chr3	206808128	0.9862893728	111.0361899
chr3	206808180	0.7303523167	111.0362412
chr3	206808195	0.7142935391	111.0362521
chr3	206808245	0.8876860385	111.0362878
chr3	206808249	0.9563948282	111.0362914
chr3	206808250	0.7990698094	111.0362923
chr3	206808255	0.9582392652	111.0362963
chr3	206808262	0.9422686409	111.036303
chr3	206831432	0.8392539212	111.0581354
chr3	206861281	0.8422593327	111.0831863
chr3	206893306	0.8056006769	111.1101597
chr3	206898254	0.7850750523	111.1141458
chr3	206898293	0.8678700181	111.1141764
chr3	206898393	0.8269453704	111.1142632
chr3	206898489	1.144418417	111.1143426
chr3	206898516	1.005842975	111.1143735
chr3	206898733	1.006211401	111.1145917
chr3	206909467	0.6642340404	111.1253924
chr3	206909490	0.550815567	111.1254077
chr3	206909533	0.4777731538	111.1254314
chr3	206909545	0.4675204104	111.1254371
chr3	206937585	0.4816316939	111.1385464
chr3	206940757	0.5532835157	111.1400741
chr3	206940791	0.5672854826	111.1400929
chr3	206940796	0.6001491795	111.1400958
chr3	206946692	0.6334918871	111.1436342
chr3	206947346	0.5582860789	111.1440485
chr3	206951089	0.5877374984	111.1461382
chr3	206951095	0.6984808048	111.1461417
chr3	207054567	0.6513207949	111.2184149
chr3	207057323	0.6436167894	111.22021
chr3	207057333	0.5408249114	111.2202164
chr3	207063746	0.5680976223	111.2236847
chr3	207063829	0.5060127677	111.2237319
chr3	207066372	0.6600926478	111.2250187
chr3	207066405	0.6944429966	111.2250404
chr3	207112115	0.7852307673	111.2567834
chr3	207165357	0.8267766934	111.2985907
chr3	207198087	1.411704629	111.3256511
chr3	207198152	1.397372298	111.3257429
chr3	207199012	1.84978736	111.3269446
chr3	207199162	2.573560267	111.3272221
chr3	207204259	1.151466678	111.3403395
chr3	207204307	1.463472908	111.3403948
chr3	207204392	1.092466085	111.3405192
chr3	207204473	1.096616293	111.3406077
chr3	207204485	1.096040403	111.3406208
chr3	207204538	1.132461638	111.3406789
chr3	207204874	1.235276409	111.3410594
chr3	207204961	1.292908199	111.3411669
chr3	207213648	1.25657449	111.3523984
chr3	207213727	1.239966746	111.3524976
chr3	207214584	1.234465449	111.3535603
chr3	207214611	7.570438379	111.3535936
chr3	207214727	7.545571873	111.3544718
chr3	207214920	7.648985616	111.3559281
chr3	207214944	7.743747252	111.3561117
chr3	207215107	7.73413216	111.3573739
chr3	207215197	0.9237792669	111.35807
chr3	207215230	1.218515389	111.3581005
chr3	207215685	1.20891476	111.3586549
chr3	207253873	1.122912622	111.4048209
chr3	207253874	1.028150983	111.404822
chr3	207253876	1.017437621	111.4048241
chr3	207254064	1.164247159	111.4050154
chr3	207254084	1.538753528	111.4050387
chr3	207254112	1.64327817	111.4050817
chr3	207254118	1.656792091	111.4050916
chr3	207254142	1.777863891	111.4051314
chr3	207254152	1.765510809	111.4051491
chr3	207258596	1.76995461	111.4129951
chr3	207262619	1.758112599	111.4201156
chr3	207262714	1.789233753	111.4202826
chr3	207263357	1.926846244	111.4214331
chr3	207302943	1.775778557	111.4977092
chr3	207302944	1.765591921	111.497711
chr3	207302968	1.690082864	111.4977534
chr3	207303093	4.490102639	111.4979646
chr3	207303416	4.539501012	111.4994149
chr3	207303428	4.464738721	111.4994694
chr3	207303492	4.423088194	111.4997552
chr3	207303500	4.43312957	111.4997906
chr3	207305406	4.392498803	111.5082401
chr3	207305679	4.351712609	111.5094392
chr3	207305704	2.812731246	111.509548
chr3	207305750	2.895340824	111.5096774
chr3	207305758	3.020351684	111.5097006
chr3	207305763	1.628287401	111.5097157
chr3	207305772	1.753761831	111.5097303
chr3	207305778	1.731539428	111.5097409
chr3	207305827	1.695118193	111.5098257
chr3	207305976	2.287695964	111.5100783
chr3	207306101	2.338629575	111.5103642
chr3	207306894	2.618026761	111.5122188
chr3	207335268	2.631997518	111.5865027
chr3	207335269	2.462238501	111.5865053
chr3	207335294	2.548478081	111.5865669
chr3	207335654	2.523353883	111.5874843
chr3	207336237	2.706877582	111.5889554
chr3	207336614	2.586469249	111.5899759
chr3	207378071	1.68419216	111.6972032
chr3	207378096	1.555860457	111.6972453
chr3	207378116	1.551643037	111.6972764
chr3	207378389	1.500698172	111.6977
chr3	207378530	1.449764561	111.6979116
chr3	207380479	1.344328661	111.7007372
chr3	207380493	1.291808629	111.700756
chr3	207380504	1.210256978	111.7007702
chr3	207380521	1.006022141	111.7007908
chr3	207380543	0.8086750675	111.7008129
chr3	207380620	0.7593934973	111.7008752
chr3	207380798	0.5943570108	111.7010104
chr3	207380891	0.5015551205	111.7010656
chr3	207381146	0.4542914597	111.7011935
chr3	207381195	28.40981765	111.7012158
chr3	207381253	28.25262327	111.7028636
chr3	207381326	0.1462888524	111.704926
chr3	207381436	0.3326455463	111.7049421
chr3	207381530	0.3877704755	111.7049734
chr3	207381548	0.3980844576	111.7049803
chr3	207421005	0.5172974731	111.7206876
chr3	207421025	0.4241132416	111.7206979
chr3	207421030	0.3309407793	111.7207
chr3	207421055	0.3380927603	111.7207083
chr3	207423833	0.3622953467	111.7216475
chr3	207432057	0.6241776978	111.724627
chr3	207448115	0.7027337445	111.7346501
chr3	207448452	5.674194057	111.7348869
chr3	207449004	5.779828613	111.7380191
chr3	207449037	5.827085614	111.7382098
chr3	207449166	0.6603201968	111.7389615
chr3	207450657	0.7433195108	111.739946
chr3	207495076	0.5185632282	111.7729635
chr3	207495104	0.4303104372	111.7729781
chr3	207495422	0.861765359	111.7731149
chr3	207526803	0.8268963586	111.800158
chr3	207526872	0.8448972027	111.800215
chr3	207526959	0.7393904601	111.8002885
chr3	207527072	0.3897155302	111.8003721
chr3	207527101	1.865997369	111.8003834
chr3	207527177	1.906015354	111.8005252
chr3	207528648	1.926810448	111.8033289
chr3	207528685	1.935851113	111.8034002
chr3	207529448	0.3985942365	111.8048773
chr3	207529590	0.3410810962	111.8049339
chr3	207532112	0.3623891429	111.8057941
chr3	207566685	0.3701116781	111.818323
chr3	207653180	0.362403938	111.8503358
chr3	207653182	0.2734634575	111.8503365
chr3	207705753	0.6050924747	111.8647128
chr3	207705938	0.6350240054	111.8648247
chr3	207706035	0.6682777993	111.8648863
chr3	207706037	0.7155958678	111.8648876
chr3	207706046	0.7520088493	111.8648941
chr3	207706049	0.828912718	111.8648963
chr3	207709316	0.8682031708	111.8676044
chr3	207709327	0.8890026041	111.8676139
chr3	207709338	0.920804136	111.8676237
chr3	207763484	0.9759749565	111.9174816
chr3	207763558	1.056758198	111.9175538
chr3	207763664	1.078473175	111.9176658
chr3	207763901	1.108528171	111.9179214
chr3	207763978	1.127106658	111.9180068
chr3	207764034	1.149437458	111.9180699
chr3	207869387	1.171707088	112.0391666
chr3	207869928	1.149236733	112.0398005
chr3	207870488	1.181527816	112.040444
chr3	207870640	1.237981582	112.0406236
chr3	207886608	1.253889403	112.0603917
chr3	207886644	1.213034778	112.0604369
chr3	207886645	1.171163375	112.0604381
chr3	207886691	1.076941877	112.0604919
chr3	207886774	1.099278008	112.0605813
chr3	207888503	1.043797374	112.062482
chr3	207888641	1.110298248	112.062626
chr3	207936738	0.7974178532	112.116028
chr3	207936761	0.7536837951	112.1160464
chr3	207936773	0.7164175366	112.1160554
chr3	207936787	0.7004498845	112.1160655
chr3	207936866	0.7096702243	112.1161208
chr3	208041412	0.6963967488	112.190314
chr3	208041468	0.661164429	112.190353
chr3	208044063	0.6502600203	112.1920687
chr3	208044360	0.7967885657	112.1922618
chr3	208044387	0.7721764731	112.1922833
chr3	208044974	0.7669586447	112.1927366
chr3	208046254	0.7561244017	112.1937183
chr3	208046288	0.7134464681	112.193744
chr3	208046300	0.7900849613	112.1937526
chr3	208088757	0.7136820255	112.2272972
chr3	208093361	0.7000097431	112.230583
chr3	208093391	0.676456972	112.230604
chr3	208093527	0.6668552934	112.230696
chr3	208093575	3.615630062	112.230728
chr3	208093698	3.704455674	112.2311727
chr3	208093760	7.408341726	112.2314024
chr3	208094436	7.291614747	112.2364105
chr3	208094652	7.218261718	112.2379854
chr3	208094720	7.691547837	112.2384763
chr3	208094756	3.948306727	112.2387532
chr3	208094762	3.942598831	112.2387769
chr3	208094771	3.99647747	112.2388124
chr3	208094774	4.406595514	112.2388243
chr3	208094783	1.487082006	112.238864
chr3	208095151	1.540988989	112.2394112
chr3	208103436	1.313913957	112.2521783
chr3	208103511	0.8942722225	112.2522769
chr3	208103515	0.9607108353	112.2522805
chr3	208124507	0.9746218584	112.2724477
chr3	208124525	1.073524552	112.2724652
chr3	208124537	1.267424132	112.2724781
chr3	208124541	1.374353712	112.2724832
chr3	208126185	1.558535569	112.2747426
chr3	208126460	1.662260208	112.2751712
chr3	208154576	2.163920635	112.3219073
chr3	208157827	2.150318821	112.3289422
chr3	208159041	2.516613461	112.3315527
chr3	208160433	2.522110241	112.3350559
chr3	208161783	3.557202976	112.3384607
chr3	208161794	2.848235451	112.3384998
chr3	208161825	2.741243967	112.3385881
chr3	208161902	3.431214394	112.3387992
chr3	208161992	3.385985068	112.339108
chr3	208162026	9.073579907	112.3392231
chr3	208162663	3.282260428	112.345003
chr3	208162687	7.882098967	112.3450818
chr3	208163108	7.865802327	112.3484002
chr3	208163204	6.874998857	112.3491553
chr3	208163238	8.573984109	112.349389
chr3	208163241	8.489066796	112.3494147
chr3	208163260	8.494721489	112.349576
chr3	208163489	3.841238568	112.3515213
chr3	208163536	3.846895047	112.3517019
chr3	208163585	3.792988063	112.3518904
chr3	208164966	3.835984223	112.3571285
chr3	208165347	2.839208349	112.35859
chr3	208165348	1.356296371	112.3585928
chr3	208165405	3.094892435	112.3586701
chr3	208166244	3.002226175	112.3612667
chr3	208166334	3.139619407	112.3615369
chr3	208167271	3.143294336	112.3644788
chr3	208167345	3.146969537	112.3647114
chr3	208167367	3.197796726	112.3647806
chr3	208167397	3.242950588	112.3648765
chr3	208167417	3.333394209	112.3649414
chr3	208167446	3.339084804	112.3650381
chr3	208167591	1.091744842	112.3655222
chr3	208213716	1.147737045	112.415879
chr3	208235967	1.397015409	112.4414173
chr3	208246705	1.351166234	112.4564184
chr3	208247027	1.305499813	112.4568535
chr3	208247554	1.260592747	112.4575415
chr3	208248935	1.273511075	112.4592824
chr3	208249097	0.7681023198	112.4594887
chr3	208250766	0.3182559516	112.4607706
chr3	208261625	0.2477705529	112.4642266
chr3	208283654	0.2501411766	112.4696847
chr3	208283667	0.1877831359	112.469688
chr3	208368943	0.1939750228	112.4857014
chr3	208413452	0.2155148552	112.494335
chr3	208491527	0.1977681035	112.5111613
chr3	208561562	0.1933522683	112.525012
chr3	208608551	0.2015125205	112.5340974
chr3	208609441	0.225689709	112.5342768
chr3	208611542	0.2155159658	112.534751
chr3	208731702	0.2286132058	112.5606474
chr3	208731728	0.2370091922	112.5606533
chr3	208770214	0.2361637104	112.5697748
chr3	208815651	0.2305090179	112.5805054
chr3	208815721	0.2589893162	112.5805215
chr3	208815736	0.2637611048	112.5805254
chr3	208825792	0.2853346622	112.5831778
chr3	208831566	0.2798378821	112.5848253
chr3	208964734	0.2488892927	112.6220908
chr3	208996790	0.2425652224	112.6300692
chr3	209052973	0.2493957087	112.6436972
chr3	209053947	0.2631577648	112.6439401
chr3	209060629	0.2392362335	112.6456986
chr3	209060725	0.2318457207	112.6457215
chr3	209063298	0.2163131847	112.6463181
chr3	209169951	0.2058984069	112.6693885
chr3	209170132	0.1852189947	112.6694258
chr3	209171113	0.1161269267	112.6696075
chr3	209171119	0.1142642238	112.6696082
chr3	209171251	0.1939875984	112.6696233
chr3	209171283	0.1898315032	112.6696295
chr3	209172030	0.2177468632	112.6697713
chr3	209402784	0.2145141231	112.7200172
chr3	209436281	0.2200800203	112.7272028
chr3	209436298	0.2114010653	112.7272066
chr3	209436387	0.1974461842	112.7272254
chr3	209436462	0.4702768971	112.7272402
chr3	209436471	0.6585470036	112.7272444
chr3	209436487	0.8381083021	112.7272549
chr3	209438398	1.180275023	112.7288566
chr3	209438409	1.204894103	112.7288696
chr3	209438929	1.378595511	112.7294961
chr3	209458897	1.213330454	112.7570239
chr3	209459298	1.241540611	112.7575104
chr3	209459358	1.228736096	112.7575849
chr3	209459894	1.071298809	112.7582435
chr3	209459961	0.772925091	112.7583153
chr3	209459965	0.8012798732	112.7583184
chr3	209460167	0.5544895253	112.7584803
chr3	209460176	0.5882928971	112.7584852
chr3	209460192	0.6142643458	112.7584947
chr3	209460303	0.7003563331	112.7585628
chr3	209461034	0.7746489836	112.7590748
chr3	209461073	0.9187654883	112.759105
chr3	209588255	0.6154856206	112.8759554
chr3	209588266	0.648562407	112.8759622
chr3	209588426	0.6395791545	112.876066
chr3	209588477	0.6672174674	112.8760986
chr3	209588573	0.714500513	112.8761627
chr3	209589873	0.6860587254	112.8770915
chr3	209590037	0.733502306	112.877204
chr3	209590069	3.13096905	112.8772275
chr3	209591667	8.259577602	112.8822308
chr3	209592396	1.832781294	112.888252
chr3	209592403	1.853916097	112.8882648
chr3	209592414	1.949206803	112.8882852
chr3	209592451	1.997948587	112.8883574
chr3	209592452	2.046969521	112.8883594
chr3	209593062	2.057730663	112.889608
chr3	209600456	1.702568393	112.9048229
chr3	209609503	2.565259353	112.920226
chr3	209611111	2.386213376	112.9243509
chr3	209611137	2.211110352	112.924413
chr3	209611152	2.229874222	112.9244462
chr3	209613008	1.177357672	112.9285848
chr3	209666594	1.130074626	112.9916747
chr3	209667707	9.562567475	112.9929325
chr3	209667794	9.456784054	112.9937644
chr3	209667950	9.43495993	112.9952397
chr3	209668137	0.9973263995	112.997004
chr3	209668287	1.048929959	112.9971536
chr3	209668368	1.076015645	112.9972386
chr3	209668377	3.072911453	112.9972482
chr3	209668842	3.188244046	112.9986771
chr3	209668864	3.358164636	112.9987473
chr3	209669942	3.39345864	113.0023674
chr3	209670371	3.504598944	113.0038232
chr3	209670388	2.167388301	113.0038828
chr3	209670419	2.324681558	113.00395
chr3	209674384	2.608194301	113.0131673
chr3	209675293	2.645392636	113.0155382
chr3	209684656	2.800851175	113.040307
chr3	209774466	3.073992721	113.2918514
chr3	209799119	4.84980689	113.3676346
chr3	209799887	5.612117175	113.3713592
chr3	209800250	6.207444897	113.3733964
chr3	209802027	6.179980108	113.384427
chr3	209802429	6.590894965	113.3869114
chr3	209802441	6.563277407	113.3869905
chr3	209802453	7.277936552	113.3870692
chr3	209802598	7.25003344	113.3881245
chr3	209802805	10.79350084	113.3896253
chr3	209803580	10.81352456	113.3979903
chr3	209804403	11.74560196	113.4068898
chr3	209804552	11.54305434	113.4086399
chr3	209804568	11.18152514	113.4088246
chr3	209804571	12.22933692	113.4088581
chr3	209805149	27.94266761	113.4159267
chr3	209805152	35.30243607	113.4160105
chr3	209805155	35.34534028	113.4161164
chr3	209805540	35.31846239	113.4297244
chr3	209805581	37.74891637	113.4311724
chr3	209805695	39.08568096	113.4354758
chr3	209805751	32.95765686	113.4376646
chr3	209806428	31.9265037	113.4599769
chr3	209806434	23.30716962	113.4601685
chr3	209806445	23.28035581	113.4604249
chr3	209807455	23.25890777	113.483938
chr3	209807496	22.44489118	113.4848916
chr3	209807502	17.26371243	113.4850263
chr3	209807615	8.008114559	113.4869771
chr3	209807622	7.981621181	113.4870332
chr3	209807629	7.94501595	113.487089
chr3	209807747	6.783469821	113.4880266
chr3	209807757	7.192970464	113.4880944
chr3	209808039	6.178374615	113.4901228
chr3	209808250	6.185043325	113.4914264
chr3	209810500	6.178391391	113.5053428
chr3	209810627	5.042907787	113.5061275
chr3	209810628	5.026301654	113.5061325
chr3	209811313	4.356815967	113.5095755
chr3	209811327	5.177556854	113.5096365
chr3	209811854	5.078886947	113.5123651
chr3	209816371	3.291495771	113.5353064
chr3	209816380	5.476117821	113.535336
chr3	209816381	4.706093385	113.5353415
chr3	209817461	1.520172274	113.5404241
chr3	209817476	1.580453445	113.5404469
chr3	209817487	1.595602104	113.5404643
chr3	209817651	1.631858681	113.540726
chr3	209919145	2.439710311	113.7063498
chr3	209919275	2.403467625	113.706667
chr3	209919293	2.370434525	113.7067102
chr3	209919320	2.334597083	113.7067742
chr3	209919334	2.226720194	113.7068069
chr3	209919367	3.206886292	113.7068804
chr3	209919384	4.717306166	113.7069349
chr3	209919400	4.681049589	113.7070104
chr3	209919560	5.930734719	113.7077594
chr3	209919568	5.894986874	113.7078068
chr3	209919623	5.904819361	113.708131
chr3	209919649	5.868718542	113.7082846
chr3	209920189	5.83594836	113.7114537
chr3	209920458	5.697507741	113.7130236
chr3	209922512	4.447822608	113.7247262
chr3	209922516	3.269958463	113.724744
chr3	209922869	3.25892629	113.7258983
chr3	209922894	3.305180748	113.7259798
chr3	209922898	3.136170283	113.725993
chr3	209922912	3.104218383	113.7260369
chr3	209922936	3.109097503	113.7261114
chr3	209922972	3.155396658	113.7262233
chr3	209922977	3.178068272	113.7262391
chr3	209922982	4.017638255	113.726255
chr3	209923313	4.056851205	113.7275849
chr3	209923337	3.73337198	113.7276822
chr3	209924274	3.352646004	113.7311804
chr3	209924276	3.478353804	113.7311871
chr3	209924281	3.536139996	113.7312045
chr3	209924285	3.641004696	113.7312186
chr3	209924288	3.675005973	113.7312296
chr3	209924780	3.67648755	113.7330377
chr3	209924794	3.724289507	113.7330891
chr3	209926075	4.272303822	113.7378599
chr3	209926172	4.299044162	113.7382744
chr3	209927376	3.87293769	113.7434504
chr3	209927421	3.966631	113.7436247
chr3	209927435	4.027420482	113.7436802
chr3	209927478	4.16044819	113.7438534
chr3	209927502	4.256344093	113.7439532
chr3	209927514	3.56146565	113.7440043
chr3	209927775	3.710950115	113.7449339
chr3	209930643	3.771171692	113.7555769
chr3	209932911	2.846196554	113.7641299
chr3	209932917	2.95521621	113.764147
chr3	209932923	3.021869696	113.7641647
chr3	209983540	3.032189351	113.9171227
chr3	209983619	2.904434591	113.9173622
chr3	209987810	4.659900168	113.9295347
chr3	209987815	4.774883379	113.929558
chr3	209988121	7.664449258	113.9310191
chr3	209988270	7.623722218	113.9321611
chr3	209990269	7.592121759	113.9474009
chr3	209990290	4.869097892	113.9475604
chr3	209990389	5.169976329	113.9480424
chr3	209990801	6.770209154	113.9501724
chr3	209994301	6.866721045	113.9738682
chr3	209994325	6.717864338	113.974033
chr3	209994326	6.662648647	113.9740397
chr3	210002650	5.286641994	114.0294996
chr3	210002651	4.894297244	114.0295049
chr3	210005054	4.466430101	114.0412659
chr3	210005191	3.357839103	114.0418778
chr3	210007510	2.796004176	114.0496646
chr3	210008544	1.906385552	114.0525557
chr3	210008733	1.928153181	114.052916
chr3	210009134	1.765552117	114.0536892
chr3	210032525	1.669040226	114.0949872
chr3	210032678	1.60127711	114.0952426
chr3	210032722	1.574008253	114.095313
chr3	210032779	1.569208298	114.0954027
chr3	210032786	1.463228694	114.0954137
chr3	210033115	1.657469734	114.0958951
chr3	210033122	1.502133057	114.0959067
chr3	210033154	1.514108148	114.0959548
chr3	210033246	2.295440183	114.0960941
chr3	210033834	2.306700842	114.0974438
chr3	210036975	2.342193358	114.1046892
chr3	210037044	2.353616433	114.1048508
chr3	210037526	1.635300753	114.1059852
chr3	210037550	1.646371561	114.1060245
chr3	210037565	0.8868703935	114.1060491
chr3	210064131	0.8964833338	114.1296097
chr3	210064147	0.8608034093	114.1296241
chr3	210214966	0.8765814499	114.2594496
chr3	210341020	2.965160806	114.3699462
chr3	210341093	2.953006835	114.3701627
chr3	210341216	2.928906256	114.3705259
chr3	210341496	3.087054261	114.371346
chr3	210345220	3.257072153	114.3828422
chr3	210345284	3.222585394	114.3830506
chr3	210345699	3.069510143	114.384388
chr3	210345705	2.891301234	114.3844064
chr3	210345726	3.173015676	114.3844671
chr3	210345777	2.501331656	114.3846289
chr3	210346442	2.65799339	114.3862923
chr3	210346820	2.689914377	114.387297
chr3	210346915	2.699086674	114.3875526
chr3	210346921	2.868175628	114.3875688
chr3	210348556	2.867096228	114.3922583
chr3	210348557	2.872147795	114.3922611
chr3	210348774	2.886599267	114.3928844
chr3	210348839	3.178172085	114.393072
chr3	210354619	3.167506517	114.4114418
chr3	210357587	2.871307828	114.420843
chr3	210357590	2.88627624	114.4208516
chr3	210359993	2.737665767	114.4277873
chr3	210360029	1.913534802	114.4278859
chr3	210361441	1.640991189	114.4305878
chr3	210361530	1.675000786	114.4307339
chr3	210363859	1.664600982	114.4346349
chr3	210364236	1.470602743	114.4352625
chr3	210367237	1.468560265	114.4396758
chr3	210367302	1.469139453	114.4397712
chr3	210367329	1.477066307	114.4398109
chr3	210367408	1.482945894	114.4399276
chr3	210367612	1.495357038	114.4402301
chr3	210367655	1.368050908	114.4402944
chr3	210369990	1.051474548	114.4434888
chr3	210370019	1.059437917	114.4435193
chr3	210370081	1.069146687	114.443585
chr3	210370113	1.015052812	114.4436192
chr3	210371465	1.031038622	114.4449915
chr3	210371466	1.040812257	114.4449926
chr3	210371598	1.015161787	114.44513
chr3	210371641	1.032943208	114.4451736
chr3	210371673	1.413071509	114.4452067
chr3	210372241	1.448620902	114.4460093
chr3	210499469	1.613076613	114.6303144
chr3	210596251	1.596655419	114.7864312
chr3	210596265	1.564616106	114.7864536
chr3	210596351	1.57591256	114.7865881
chr3	210603083	1.581104375	114.7971972
chr3	210603087	1.631645303	114.7972035
chr3	210603103	1.617313139	114.7972296
chr3	210603223	1.642437741	114.7974237
chr3	210603590	1.386515279	114.7980264
chr3	210603999	1.46645669	114.7985935
chr3	210604035	1.600514607	114.7986463
chr3	210604047	2.065968867	114.7986655
chr3	210604077	3.5383668	114.7987275
chr3	210604083	3.606144262	114.7987487
chr3	210604136	5.45907537	114.7989399
chr3	210606307	5.501248803	114.8107915
chr3	210606402	4.028799907	114.8113141
chr3	210606548	4.01465703	114.8119023
chr3	210606604	2.805822436	114.8121272
chr3	210606619	2.822170497	114.8121692
chr3	210606623	2.843456215	114.8121805
chr3	210606682	2.917849728	114.8123483
chr3	210606714	3.229045003	114.8124417
chr3	210606742	3.287352915	114.8125321
chr3	210607701	3.374445843	114.8156847
chr3	210746221	3.175532833	115.2831129
chr3	210746242	3.281907415	115.2831796
chr3	210746816	3.116335762	115.2850634
chr3	210748005	3.090709742	115.2887687
chr3	210748917	3.118556645	115.2915874
chr3	210749029	2.362678795	115.2919367
chr3	210749035	2.311314048	115.2919509
chr3	210749112	2.124993681	115.2921289
chr3	210749123	2.100534911	115.2921522
chr3	210749181	2.138257011	115.2922741
chr3	210749731	2.112936683	115.2934501
chr3	210750054	2.036776698	115.2941326
chr3	210779935	2.068340027	115.3549935
chr3	210779944	2.04544174	115.3550121
chr3	210780922	1.939067158	115.3570126
chr3	210832277	1.386650909	115.4565934
chr3	210832297	9.143333903	115.4566211
chr3	210832496	9.398086372	115.4584406
chr3	210832615	9.293505782	115.459559
chr3	210832718	9.953311762	115.4605162
chr3	210833274	9.945348393	115.4660503
chr3	210833299	3.772513744	115.4662989
chr3	210833313	3.945221448	115.4663517
chr3	210846787	3.641152573	115.5195096
chr3	210846806	3.40055844	115.5195788
chr3	210846847	3.123703894	115.5197182
chr3	210846869	2.836376533	115.519787
chr3	210846977	2.576082757	115.5200933
chr3	210847028	2.56090096	115.5202247
chr3	210847070	11.90402013	115.5203322
chr3	210847096	15.75522541	115.5206417
chr3	210848018	15.70104051	115.535168
chr3	210848070	12.01197	115.5359845
chr3	210848073	14.47496135	115.5360205
chr3	210848074	14.45983836	115.536035
chr3	210848168	11.13198419	115.5373942
chr3	210848515	11.24972279	115.541257
chr3	210848645	4.477956634	115.5427195
chr3	210848698	4.492963043	115.5429568
chr3	210848772	5.356370179	115.5432893
chr3	210848901	5.434548328	115.5439803
chr3	210848915	9.831533439	115.5440564
chr3	210848927	9.908704188	115.5441743
chr3	210848990	9.906505354	115.5447986
chr3	210849007	10.07172273	115.544967
chr3	210849754	3.668273468	115.5524906
chr3	210857058	3.761260399	115.5792837
chr3	210857071	3.444376179	115.5793325
chr3	210857094	3.62655658	115.5794118
chr3	210857099	3.814817884	115.5794299
chr3	210857113	3.818797404	115.5794833
chr3	210857142	3.393163543	115.5795941
chr3	210857188	3.226138518	115.5797501
chr3	210857967	3.75722429	115.5822633
chr3	210858007	3.857174722	115.5824136
chr3	210858353	3.955254385	115.5837482
chr3	210858355	4.056156183	115.5837561
chr3	210858373	3.868954083	115.5838291
chr3	210858398	3.550711286	115.5839258
chr3	210859345	3.654421345	115.5872883
chr3	210859381	5.525084532	115.5874199
chr3	210859387	5.623263389	115.587453
chr3	210859432	5.723900935	115.5877061
chr3	210859522	5.82005311	115.5882212
chr3	210861924	3.907217654	115.602201
chr3	210861931	4.555354298	115.6022284
chr3	210861939	4.663633444	115.6022648
chr3	210891472	5.744521151	115.7399959
chr3	210894855	5.632496903	115.7594296
chr3	210894916	4.947059937	115.7597732
chr3	210895954	4.621796067	115.7649082
chr3	210895966	4.428813372	115.7649637
chr3	210896009	8.978410909	115.7651541
chr3	210896089	9.143106726	115.7658724
chr3	210896095	19.17366578	115.7659273
chr3	210896135	19.07917357	115.7666942
chr3	210896155	23.65051249	115.7670758
chr3	210896388	23.56214895	115.7725864
chr3	210896436	23.56516534	115.7737174
chr3	210896493	23.47151985	115.7750606
chr3	210896495	22.88139994	115.7751075
chr3	210896654	22.80274172	115.7787457
chr3	210896731	11.14162496	115.7805015
chr3	210896746	11.66527642	115.7806686
chr3	210896767	6.759105213	115.7809136
chr3	210896962	2.781712519	115.7822316
chr3	210897839	3.059793864	115.7846711
chr3	210897889	2.963641689	115.7848241
chr3	210897962	3.838009429	115.7850405
chr3	210897997	4.152385855	115.7851748
chr3	210898214	4.155415198	115.7860759
chr3	210898296	4.177242336	115.7864166
chr3	210898299	4.440183928	115.7864292
chr3	210899271	4.367501477	115.790745
chr3	210899828	4.297700139	115.7931777
chr3	210912329	2.839105158	115.8469033
chr3	210912464	2.601131316	115.8472865
chr3	210913208	1.344834727	115.8492218
chr3	210913214	1.124183342	115.8492299
chr3	210965800	1.03927156	115.9083462
chr3	210993549	1.000677708	115.9371849
chr3	210993569	0.9244729853	115.9372049
chr3	210994326	0.7880394992	115.9379047
chr3	210994704	0.7046395254	115.9382026
chr3	210994706	0.6498095832	115.938204
chr3	210994749	0.6466677186	115.938232
chr3	210994792	0.6477044366	115.9382598
chr3	210994797	0.6469675104	115.938263
chr3	210994845	0.5648929138	115.9382941
chr3	210994861	0.5194489758	115.9383031
chr3	210995352	0.5569707979	115.9385582
chr3	211002288	0.59734057	115.9424213
chr3	211055377	0.6277566122	115.9741335
chr3	211067309	0.5819901687	115.9816239
chr3	211093316	0.5445631342	115.9967597
chr3	211093350	0.5256790091	115.9967783
chr3	211093670	4.606526117	115.9969465
chr3	211094531	0.2672517047	116.0009127
chr3	211094556	0.2486001591	116.0009194
chr3	211134839	0.2818737897	116.0109337
chr3	211134849	0.2497368237	116.0109365
chr3	211135131	0.2331136233	116.011007
chr3	211174007	0.268445825	116.0200695
chr3	211174041	0.3037895368	116.0200786
chr3	211174046	0.3390423931	116.0200801
chr3	211175386	0.3164703662	116.0205345
chr3	211175917	0.3286336341	116.0207025
chr3	211176664	0.2757334734	116.020948
chr3	211278371	0.2300581939	116.048992
chr3	211278418	0.1593822813	116.0490028
chr3	211278554	0.166888552	116.0490245
chr3	211278692	0.1316356946	116.0490475
chr3	211281619	0.1220505314	116.0494328
chr3	211281703	0.6606796026	116.0494431
chr3	211281719	0.7241244879	116.0494537
chr3	211281769	0.7463814355	116.0494899
chr3	211284903	0.7549429687	116.051829
chr3	211288552	0.2163138976	116.0545838
chr3	211288583	0.2148135815	116.0545905
chr3	211308949	0.7908948198	116.0589654
chr3	211322296	0.2381008574	116.0695215
chr3	211322475	0.2596819855	116.0695641
chr3	211325674	0.2651794536	116.0703948
chr3	211326084	0.1820267317	116.0705036
chr3	211326642	0.193031632	116.0706051
chr3	211345165	0.2004718242	116.0741806
chr3	211351118	0.2403019838	116.0753741
chr3	211479213	0.2281387159	116.1061555
chr3	211479482	0.2496135605	116.1062169
chr3	211551691	0.233519263	116.1242413
chr3	211559621	0.2403245863	116.1260931
chr3	211559642	0.2487418369	116.1260981
chr3	211707686	0.2744359478	116.1629228
chr3	211713255	0.2854616916	116.1644512
chr3	211713267	0.2667256319	116.1644546
chr3	211713417	0.2581791531	116.1644946
chr3	211715792	0.2405500667	116.1651078
chr3	211718543	0.250152845	116.1657695
chr3	211725325	0.2711888906	116.1674661
chr3	211725334	0.2623291327	116.1674685
chr3	211784127	0.258349613	116.1828916
chr3	211784191	0.2523410848	116.1829082
chr3	211840995	0.2629794316	116.1972422
chr3	211939102	0.2623298861	116.2230423
chr3	211994825	0.2488166382	116.2376601
chr3	211994839	0.1879598204	116.2376636
chr3	211996235	0.1824503983	116.237926
chr3	211996564	0.1772893794	116.237986
chr3	211996723	0.2016204188	116.2380142
chr3	211997213	0.2484014456	116.238113
chr3	211997896	0.3266160604	116.2382826
chr3	211997917	0.3181988098	116.2382895
chr3	211997934	0.2856384105	116.2382949
chr3	212039817	0.2850001872	116.2502583
chr3	212045053	0.4367448996	116.2517506
chr3	212045062	0.3585302859	116.2517545
chr3	212045270	0.4009592427	116.2518291
chr3	212045784	0.5740006851	116.2520351
chr3	212045836	0.6399888883	116.252065
chr3	212047842	0.681171159	116.2533488
chr3	212066641	0.8610230553	116.2661542
chr3	212066754	0.9323701039	116.2662514
chr3	212066776	0.7625468519	116.266272
chr3	212067103	0.5367214561	116.2665213
chr3	212067166	2.097334145	116.2665551
chr3	212067181	2.851682397	116.2665866
chr3	212067332	3.102935898	116.2670172
chr3	212067624	3.385886375	116.2679232
chr3	212068950	3.463137925	116.2724129
chr3	212068993	3.619019244	116.2725618
chr3	212101667	3.510654219	116.3908097
chr3	212101672	3.770137269	116.3908272
chr3	212101685	3.663266545	116.3908762
chr3	212101707	3.809735598	116.3909568
chr3	212101741	5.774658755	116.3910864
chr3	212102218	6.041449551	116.3938409
chr3	212102672	5.416648384	116.3965837
chr3	212102710	5.963585494	116.3967895
chr3	212102713	5.955453322	116.3968074
chr3	212103818	6.241738477	116.4033882
chr3	212104064	4.253713829	116.4049237
chr3	212104075	4.153311834	116.4049705
chr3	212115749	4.162654778	116.4534562
chr3	212115865	3.882223724	116.4539391
chr3	212115889	3.901031925	116.4540323
chr3	212115969	23.5170786	116.4543443
chr3	212115993	23.49823418	116.4549088
chr3	212116518	24.63539765	116.4672453
chr3	212116686	29.07298062	116.4713841
chr3	212116704	14.3516603	116.4719074
chr3	212116722	16.36740186	116.4721657
chr3	212118460	16.1521725	116.5006123
chr3	212118503	16.09996448	116.5013068
chr3	212119286	18.19130521	116.5139131
chr3	212119313	16.78701495	116.5144042
chr3	212119322	15.38751931	116.5145553
chr3	212119444	15.40749351	116.5164326
chr3	212119694	14.17369067	116.5202845
chr3	212119722	14.22324764	116.5206813
chr3	212120256	13.87368869	116.5282766
chr3	212120268	13.92373645	116.528443
chr3	212120331	12.90155011	116.5293202
chr3	212120334	9.381444666	116.5293589
chr3	212120399	7.521682887	116.5299687
chr3	212120435	6.528127674	116.5302395
chr3	212120683	6.540214942	116.5318585
chr3	212120800	5.721171501	116.5326237
chr3	212120836	5.613348	116.5328297
chr3	212120862	7.493608199	116.5329756
chr3	212120879	7.544074279	116.533103
chr3	212121004	7.606487413	116.534046
chr3	212121058	7.619317624	116.5344568
chr3	212121109	7.550929316	116.5348453
chr3	212121144	8.376963912	116.5351096
chr3	212122824	6.496703715	116.5491829
chr3	212122837	5.96574941	116.5492674
chr3	212122883	6.005455687	116.5495418
chr3	212123878	6.045531204	116.5555172
chr3	212124110	4.565525022	116.5569198
chr3	212125610	1.164077911	116.5637681
chr3	212125621	1.24548681	116.5637809
chr3	212132164	1.333221015	116.5719301
chr3	212132217	1.441242013	116.5720008
chr3	212132928	1.485754073	116.5730255
chr3	212193570	10.20696095	116.6631246
chr3	212193713	10.24962593	116.6645842
chr3	212193979	10.1518022	116.6673106
chr3	212193993	1.376648135	116.6674527
chr3	212194163	1.327091164	116.6676867
chr3	212195176	1.277354463	116.6690311
chr3	212195185	1.723138084	116.6690426
chr3	212208879	2.256780572	116.6926392
chr3	212208886	2.789883245	116.692655
chr3	212209014	2.523119885	116.6930121
chr3	212209883	5.018687073	116.6952047
chr3	212209914	5.869497778	116.6953603
chr3	212215773	7.507616421	116.7297497
chr3	212215792	4.452411801	116.7298923
chr3	212215800	3.204321693	116.729928
chr3	212215806	2.594439584	116.7299472
chr3	212216714	2.613307963	116.7323029
chr3	212216716	2.707268902	116.7323082
chr3	212216720	2.680737808	116.732319
chr3	212216723	2.640248847	116.732327
chr3	212216729	2.65888221	116.7323429
chr3	212216731	5.398803445	116.7323482
chr3	212216733	5.358318931	116.732359
chr3	212218106	1.073715849	116.739716
chr3	212230298	0.9648669537	116.7528067
chr3	212230340	0.9606711186	116.7528472
chr3	212231481	0.7896194884	116.7539434
chr3	212231841	0.761263835	116.7542276
chr3	212279841	0.7323777567	116.7907683
chr3	212279842	0.7870711628	116.790769
chr3	212279904	0.7696244489	116.7908178
chr3	212279995	0.8443533233	116.7908878
chr3	212280031	0.8696460492	116.7909182
chr3	212280067	0.9233802589	116.7909496
chr3	212280179	0.8677451113	116.791053
chr3	212280183	0.8919671872	116.7910564
chr3	212280650	5.197560952	116.791473
chr3	212280974	5.280756107	116.793157
chr3	212281496	1.071893767	116.7959136
chr3	212281555	1.225909655	116.7959768
chr3	212297475	1.257396576	116.8154933
chr3	212297476	1.403999279	116.8154945
chr3	212297507	1.435474915	116.8155381
chr3	212297592	1.560888996	116.8156601
chr3	212297622	1.611777983	116.8157069
chr3	212297636	1.675434973	116.8157295
chr3	212364571	1.757288737	116.9278747
chr3	212408588	1.971184389	117.0052253
chr3	212412022	1.785826841	117.0119943
chr3	212412070	1.830349646	117.0120801
chr3	212412218	1.774533708	117.0123509
chr3	212412220	1.742342302	117.0123545
chr3	212412230	1.582577382	117.0123719
chr3	212412430	1.550440942	117.0126884
chr3	212412448	1.57335727	117.0127163
chr3	212414637	1.559936433	117.0161604
chr3	212414663	1.458575665	117.016201
chr3	212414673	1.547565648	117.0162156
chr3	212414711	1.432561925	117.0162744
chr3	212414742	1.376386938	117.0163188
chr3	212414835	1.422446775	117.0164468
chr3	212415099	1.394942056	117.0168223
chr3	212422934	1.382748192	117.0277517
chr3	212422951	1.745731442	117.0277752
chr3	212425886	1.682791655	117.0328989
chr3	212432485	1.098541354	117.0440037
chr3	212469794	0.9802257947	117.0849891
chr3	212469853	0.9657045821	117.085047
chr3	212476293	0.9688180995	117.0912661
chr3	212476299	0.914335511	117.0912719
chr3	212476302	0.75709829	117.0912747
chr3	212477685	1.18546226	117.0923217
chr3	212494906	1.034294845	117.1127366
chr3	212494909	0.6059308741	117.1127397
chr3	212494924	1.475309967	117.1127488
chr3	212494927	1.440735971	117.1127532
chr3	212494928	3.005470152	117.1127546
chr3	212494962	3.41418614	117.1128568
chr3	212494989	3.418574865	117.112949
chr3	212495198	4.041833948	117.1136635
chr3	212495230	3.95172434	117.1137928
chr3	212495644	4.926385203	117.1154288
chr3	212495664	5.416171516	117.1155274
chr3	212496026	5.925085692	117.117488
chr3	212496124	7.219617214	117.1180687
chr3	212501117	6.596358132	117.1541162
chr3	212501810	5.907986278	117.1586875
chr3	212501832	8.54303664	117.1588175
chr3	212501837	7.948699572	117.1588602
chr3	212503191	7.954769657	117.1696227
chr3	212503196	16.40791293	117.1696625
chr3	212503232	10.64734139	117.1702532
chr3	212503822	10.69599903	117.1765351
chr3	212503865	10.71505454	117.176995
chr3	212503977	6.37173172	117.1781951
chr3	212503988	6.887594807	117.1782652
chr3	212503991	6.905992785	117.1782859
chr3	212503996	2.332791476	117.1783204
chr3	212504177	2.351876857	117.1787426
chr3	212506680	2.350915942	117.1846294
chr3	212507978	1.484929457	117.1876809
chr3	212510358	1.515547965	117.191215
chr3	212510511	0.9755443506	117.1914469
chr3	212510600	0.9662014075	117.1915337
chr3	212510624	0.9850448271	117.1915569
chr3	212513680	0.6420618945	117.1945672
chr3	212573353	0.6511700361	117.232881
chr3	212573369	0.6790904656	117.2328914
chr3	212573393	0.6781160315	117.2329077
chr3	212573428	0.6551997031	117.2329314
chr3	212573452	0.6324249916	117.2329471
chr3	212573615	0.5983366738	117.2330502
chr3	212573618	0.6908750664	117.233052
chr3	212574254	0.7189837694	117.2334914
chr3	212574302	0.7754357608	117.2335259
chr3	212574417	0.7647154272	117.2336151
chr3	212623709	0.7339441967	117.2713095
chr3	212629937	0.6684410714	117.2758805
chr3	212629957	0.7170089521	117.2758938
chr3	212697461	0.5952485983	117.3242948
chr3	212697470	0.5756993286	117.3243002
chr3	212697520	0.6199278934	117.3243289
chr3	212697930	0.7391725037	117.3245831
chr3	212698150	0.709549743	117.3247457
chr3	212704506	0.863777244	117.3292556
chr3	212705497	1.075976347	117.3301116
chr3	212705914	1.054914918	117.3305603
chr3	212706399	1.041797722	117.331072
chr3	212710072	1.193061464	117.3348985
chr3	212728867	1.073816855	117.3573221
chr3	212728876	0.5655299945	117.3573317
chr3	212736989	0.5802644695	117.3619199
chr3	212737531	0.5967127537	117.3622344
chr3	212778612	0.5899847283	117.3867479
chr3	212778911	0.7633542845	117.3869243
chr3	212778922	0.645614089	117.3869327
chr3	212778925	0.6522435157	117.3869347
chr3	212779219	0.6724470838	117.3871264
chr3	212785676	0.8344538994	117.3914684
chr3	212797283	0.7942618167	117.4011539
chr3	212797351	1.161453935	117.4012079
chr3	212797372	1.18086601	117.4012323
chr3	212797379	1.207905794	117.4012406
chr3	212805946	1.241276965	117.4115887
chr3	212806534	1.345997036	117.4123186
chr3	212806583	1.352972445	117.4123845
chr3	212810322	1.203290123	117.4174433
chr3	212810643	0.9556198569	117.4178296
chr3	212810756	1.0399116	117.4179376
chr3	212810976	1.059030427	117.4181663
chr3	212811330	0.9663149028	117.4185412
chr3	212961814	0.8597169687	117.5639562
chr3	212962120	0.8453181237	117.5642192
chr3	212973819	0.8232655154	117.5741086
chr3	212973828	0.7261674806	117.574116
chr3	212974990	0.7182250967	117.5749598
chr3	212978383	0.7091169553	117.5773968
chr3	212980176	0.6766752842	117.5786682
chr3	212986881	0.6352056431	117.5832053
chr3	212986896	0.6141932008	117.5832149
chr3	212987306	0.5858521233	117.5834667
chr3	212987359	0.549193345	117.5834977
chr3	212987363	0.5406850612	117.5834999
chr3	212987412	0.5149872498	117.5835264
chr3	213067477	0.4956650368	117.6247589
chr3	213067500	0.5093564141	117.6247703
chr3	213069191	0.4593521605	117.6256316
chr3	213069194	0.4628489053	117.625633
chr3	213105376	0.4729778152	117.6423798
chr3	213105481	0.4616810188	117.6424294
chr3	213107568	0.4688888672	117.643393
chr3	213108709	0.4851603498	117.643928
chr3	213108748	0.494300729	117.6439469
chr3	213110937	0.4651414545	117.6450289
chr3	213116502	0.4289126675	117.6476174
chr3	213281753	0.379609101	117.7184957
chr3	213281760	0.3655917773	117.7184983
chr3	213281768	0.3577595548	117.7185012
chr3	213284558	0.3090473035	117.7194994
chr3	213284661	0.3116972238	117.7195312
chr3	213285297	0.2912478016	117.7197295
chr3	213285342	0.2473993108	117.7197426
chr3	213285358	0.2430738477	117.7197465
chr3	213285607	0.3129752603	117.7198071
chr3	213292986	0.3242041111	117.7221165
chr3	213308272	0.45310654	117.7270723
chr3	213308461	0.6741810595	117.7271579
chr3	213308554	0.6963176963	117.7272206
chr3	213308604	0.8332542407	117.7272554
chr3	213310921	1.768155613	117.7291861
chr3	213310922	2.338456675	117.7291879
chr3	213312605	2.925165112	117.7331235
chr3	213325035	2.910840571	117.7694833
chr3	213325048	2.649685927	117.7695211
chr3	213325148	2.41087148	117.7697861
chr3	213325178	2.798985223	117.7698584
chr3	213333404	7.50559991	117.7928829
chr3	213333429	7.488688239	117.7930705
chr3	213333484	8.037620316	117.7934824
chr3	213334180	10.62880243	117.7990766
chr3	213334651	10.65495029	117.8040827
chr3	213334654	10.64797277	117.8041147
chr3	213334666	10.49261077	117.8042425
chr3	213334669	11.05727412	117.804274
chr3	213334758	10.74939205	117.805258
chr3	213335394	11.33538329	117.8120947
chr3	213335429	11.15798186	117.8124914
chr3	213335437	11.18443667	117.8125807
chr3	213335451	11.98845889	117.8127372
chr3	213335544	6.690701665	117.8138522
chr3	213335561	7.348524509	117.8139659
chr3	213335568	8.840545767	117.8140174
chr3	213340365	8.097329095	117.8564255
chr3	213341160	6.804958975	117.8628628
chr3	213341169	52.83444794	117.8629241
chr3	213341279	18.03146168	117.8687359
chr3	213341433	17.75125911	117.8715127
chr3	213341445	8.769966048	117.8717257
chr3	213341493	8.191158302	117.8721467
chr3	213341828	8.306605481	117.8748907
chr3	213341844	8.323196758	117.8750236
chr3	213342194	3.560723734	117.8779367
chr3	213342196	1.545939188	117.8779439
chr3	213469588	1.416000236	118.0748842
chr3	213469705	1.329602387	118.0750498
chr3	213474826	1.301788055	118.0818587
chr3	213474885	1.222565865	118.0819355
chr3	213475204	1.090398283	118.0823255
chr3	213475318	1.008914674	118.0824498
chr3	213475377	0.9274365809	118.0825094
chr3	213475379	1.015052322	118.0825112
chr3	213475596	1.009548577	118.0827315
chr3	213475714	1.036007382	118.0828506
chr3	213475736	1.009859524	118.0828734
chr3	213478752	1.078629439	118.0859191
chr3	213478871	1.104487894	118.0860475
chr3	213487071	1.152415951	118.0951043
chr3	213499053	1.324424463	118.1089125
chr3	213564032	1.453492189	118.1949723
chr3	213564042	1.391902295	118.1949868
chr3	213564086	1.461426069	118.1950481
chr3	213564194	1.55420603	118.1952059
chr3	213564196	1.616640585	118.195209
chr3	213568272	1.563344951	118.2017985
chr3	213568290	1.591152067	118.2018266
chr3	213608289	3.825389713	118.2654711
chr3	213609914	3.959376367	118.2716873
chr3	213609930	1.7113139	118.2717507
chr3	213610108	1.697544293	118.2720553
chr3	213610210	2.707241081	118.2722285
chr3	213610226	2.951228345	118.2722718
chr3	213610249	2.87139043	118.2723397
chr3	213610824	2.989438281	118.2739907
chr3	213611161	2.999152446	118.2749981
chr3	213611266	3.35909688	118.2753131
chr3	213611272	3.909840857	118.2753332
chr3	213616873	3.878529782	118.2972322
chr3	213616875	3.852417833	118.29724
chr3	213617023	3.310942637	118.2978101
chr3	213617136	2.681837844	118.2981843
chr3	213617148	5.212721121	118.2982165
chr3	213617152	5.199340717	118.2982373
chr3	213617452	5.196172594	118.2997971
chr3	213617458	5.472772072	118.2998283
chr3	213618101	5.391209207	118.3033473
chr3	213619175	3.558695503	118.3091374
chr3	213619381	3.458988417	118.3098705
chr3	213621267	3.446077064	118.3163942
chr3	213621515	2.995845279	118.3172488
chr3	213621521	2.971812356	118.3172668
chr3	213621535	0.7008053794	118.3173084
chr3	213623283	0.5615103807	118.3185334
chr3	213623286	0.5860522801	118.3185351
chr3	213623327	0.955188284	118.3185591
chr3	213623330	0.9682823041	118.318562
chr3	213623334	0.9433119481	118.3185659
chr3	213623347	0.9802977985	118.3185781
chr3	213623348	1.023389009	118.3185791
chr3	213623419	1.036487169	118.3186518
chr3	213633339	0.6623021875	118.3289337
chr3	213638818	0.5858861977	118.3325625
chr3	213639070	0.5949558463	118.3327101
chr3	213640527	0.6227020006	118.333577
chr3	213689191	0.6779348181	118.3638801
chr3	213689219	0.6866424591	118.3638991
chr3	213689292	0.7454299646	118.3639492
chr3	213839980	0.7320607639	118.4762766
chr3	213840534	0.7150798458	118.4766821
chr3	213841509	0.7079350675	118.4773794
chr3	213841617	0.7181704732	118.4774558
chr3	213864401	0.6658497642	118.4938186
chr3	213905067	0.4344295066	118.5208961
chr3	213907268	0.420962256	118.5218522
chr3	213907833	0.5143242483	118.5220901
chr3	213977528	0.4613926103	118.5579359
chr3	213977560	0.7103011021	118.5579507
chr3	213977615	0.7233879888	118.5579897
chr3	213977802	0.7576967099	118.558125
chr3	213977820	0.748688651	118.5581386
chr3	213987677	0.7363251927	118.5655185
chr3	213990923	0.9278496549	118.5679086
chr3	213990924	0.6833853088	118.5679095
chr3	214039841	0.7267521469	118.6013387
chr3	214044855	0.7823816501	118.6049826
chr3	214045819	0.7733120015	118.6057368
chr3	214046279	0.8250129644	118.6060925
chr3	214046394	0.8369568061	118.6061874
chr3	214046519	0.8489054835	118.606292
chr3	214111170	4.979283783	118.6611746
chr3	214111195	4.941050073	118.6612991
chr3	214111627	4.922948115	118.6634336
chr3	214112872	5.778508286	118.6695627
chr3	214112878	4.38856617	118.6695974
chr3	214112888	5.066823549	118.6696413
chr3	214117393	4.288643608	118.6924673
chr3	214117414	4.283884868	118.6925574
chr3	214117459	4.295703862	118.6927501
chr3	214117466	3.702057819	118.6927802
chr3	214117471	3.697299427	118.6927987
chr3	214117555	3.075769621	118.6931093
chr3	214117577	2.400462085	118.693177
chr3	214117589	2.460794434	118.6932058
chr3	214117590	2.468838594	118.6932082
chr3	214117604	1.803912565	118.6932428
chr3	214117633	1.997832294	118.6932951
chr3	214118030	1.583287927	118.6940883
chr3	214118381	1.688698503	118.694644
chr3	214118417	1.79486571	118.6947048
chr3	214119278	1.84753286	118.6962502
chr3	214187221	1.562200245	118.8217771
chr3	214187559	1.597204218	118.8223051
chr3	214187640	2.868895156	118.8224345
chr3	214187703	3.093667632	118.8226152
chr3	214188618	3.065499846	118.8254459
chr3	214189311	3.195505675	118.8275703
chr3	214189323	3.079682306	118.8276087
chr3	214189326	3.027939284	118.8276179
chr3	214189569	3.025066824	118.8283537
chr3	214189671	2.97357298	118.8286622
chr3	214190926	4.436567142	118.8323941
chr3	214190944	4.3334343	118.8324739
chr3	214192420	4.366267277	118.8388701
chr3	214192590	4.467433112	118.8396124
chr3	214192595	4.527700154	118.8396347
chr3	214192663	4.714766441	118.8399426
chr3	214192750	4.665655453	118.8403528
chr3	214192751	4.715295774	118.8403574
chr3	214192956	4.99617521	118.8413241
chr3	214206090	3.393526317	118.9069438
chr3	214206102	2.503441889	118.9069846
chr3	214206177	2.612913314	118.9071723
chr3	214267067	2.50681277	119.0662726
chr3	214278691	2.516080115	119.0954118
chr3	214339881	2.488506732	119.2493707
chr3	214339915	2.463746043	119.2494553
chr3	214339919	1.755218635	119.2494652
chr3	214339942	1.678661613	119.2495056
chr3	214339949	1.662038113	119.2495173
chr3	214340097	1.637304648	119.2497633
chr3	214340129	1.612579472	119.2498157
chr3	214340144	1.539473815	119.2498399
chr3	214340300	1.273017899	119.25008
chr3	214340307	1.228167093	119.250089
chr3	214340308	1.211330612	119.2500902
chr3	214340320	1.194706829	119.2501047
chr3	214340480	1.226355556	119.2502959
chr3	214340491	1.146503927	119.2503094
chr3	214340537	1.136065585	119.2503621
chr3	214340717	1.103781013	119.2505666
chr3	214340740	1.072030408	119.250592
chr3	214354610	1.047191527	119.265461
chr3	214355262	1.000644714	119.2661438
chr3	214355446	1.029902383	119.2663279
chr3	214355449	1.048392577	119.266331
chr3	214355468	1.022003931	119.2663509
chr3	214355482	0.9751079837	119.2663652
chr3	214357930	1.882237482	119.2687523
chr3	214357963	1.896283967	119.2688144
chr3	214357997	1.95138954	119.2688789
chr3	214358025	2.467776549	119.2689335
chr3	214366041	2.020179149	119.2887152
chr3	214366685	2.05994106	119.2900162
chr3	214366687	2.110699473	119.2900203
chr3	214439366	1.697380405	119.4434239
chr3	214445823	1.633599705	119.4543839
chr3	214445866	1.705773092	119.4544541
chr3	214447736	1.6713598	119.4576439
chr3	214450209	1.602788359	119.4617772
chr3	214456605	1.627521165	119.4720286
chr3	214456607	1.484700137	119.4720319
chr3	214457035	1.3786817	119.4726673
chr3	214457043	1.347032974	119.4726783
chr3	214457100	1.520945416	119.4727551
chr3	214457107	1.570650521	119.4727658
chr3	214457331	1.623211116	119.4731176
chr3	214457335	1.713740151	119.4731241
chr3	214459450	1.811033325	119.4767486
chr3	214459454	1.908871084	119.4767559
chr3	214459456	1.877911078	119.4767597
chr3	214459464	2.342854697	119.4767747
chr3	214459493	2.38202013	119.4768427
chr3	214459499	2.696439936	119.476857
chr3	214459535	2.773983773	119.476954
chr3	214459547	2.875513239	119.4769873
chr3	214459619	3.376308771	119.4771944
chr3	214459663	4.427990334	119.4773429
chr3	214481493	4.392089167	119.574006
chr3	214481495	4.421507355	119.5740147
chr3	214481523	4.328944608	119.5741385
chr3	214481535	3.92757474	119.5741905
chr3	214481551	3.805945219	119.5742533
chr3	214481871	3.475191535	119.5754712
chr3	214482080	3.525977896	119.5761975
chr3	214483535	3.609973126	119.5813278
chr3	214496980	3.49594127	119.6298639
chr3	214497110	3.682947645	119.6303184
chr3	214497160	3.650935601	119.6305026
chr3	214497172	3.716730791	119.6305464
chr3	214497214	3.781249846	119.6307025
chr3	214521804	3.721925724	119.7236834
chr3	214521877	3.662831574	119.7239551
chr3	214521886	3.447923888	119.7239881
chr3	214527425	3.368841361	119.7430861
chr3	214527455	3.428122133	119.7431872
chr3	214527478	3.408413243	119.743266
chr3	214527497	3.471581734	119.7433308
chr3	214527518	3.333284695	119.7434037
chr3	214527519	3.405998089	119.743407
chr3	214527538	3.150324209	119.7434717
chr3	214553202	3.117804269	119.8243217
chr3	214553203	5.222908544	119.8243248
chr3	214553209	5.104822595	119.8243561
chr3	214553217	4.921958091	119.824397
chr3	214553241	4.856162901	119.8245151
chr3	214553644	4.71495446	119.8264721
chr3	214553685	4.675789027	119.8266654
chr3	214554392	4.611269972	119.8299712
chr3	214554683	4.419524748	119.8313131
chr3	214554719	1.599666588	119.8314722
chr3	214554766	1.394943314	119.8315474
chr3	214554851	1.39359291	119.8316659
chr3	214554867	1.328212164	119.8316882
chr3	214554955	1.289498835	119.8318051
chr3	214554964	1.271008644	119.8318167
chr3	214555049	1.304146753	119.8319248
chr3	214555951	1.376420532	119.8331011
chr3	214556027	1.51429915	119.8332057
chr3	214556096	2.111759705	119.8333102
chr3	214606896	1.719581001	119.9405876
chr3	214606925	1.647101326	119.9406375
chr3	214606938	1.512212472	119.9406589
chr3	214606952	1.659209462	119.94068
chr3	214606957	1.87235352	119.9406883
chr3	214606974	2.187901421	119.9407202
chr3	214606994	2.115627642	119.9407639
chr3	214607109	2.784977263	119.9410072
chr3	214607661	2.776610628	119.9425445
chr3	214607678	3.089527766	119.9425917
chr3	214607688	3.034170046	119.9426226
chr3	214607714	2.962701362	119.9427015
chr3	214618665	4.589135308	119.9751461
chr3	214618667	8.821902521	119.9751552
chr3	214619258	8.647797838	119.980369
chr3	214619311	8.64044502	119.9808273
chr3	214619338	8.994334178	119.9810606
chr3	214619425	4.127486543	119.9818431
chr3	214619535	4.467852709	119.9822971
chr3	214619932	4.180161022	119.9840709
chr3	214619937	4.245390807	119.9840918
chr3	214620568	4.252452878	119.9867706
chr3	214620596	4.060559405	119.9868897
chr3	214620597	4.141531098	119.9868938
chr3	214620606	2.409031021	119.986931
chr3	214620612	2.489956537	119.9869455
chr3	214620751	2.601815124	119.9872916
chr3	214623602	2.698989857	119.9947094
chr3	214624189	2.89242702	119.9962937
chr3	214624266	3.022959051	119.9965164
chr3	214666055	2.720367128	120.1228428
chr3	214666063	3.048287807	120.1228646
chr3	214666154	3.179874795	120.123142
chr3	214666155	3.37035781	120.1231452
chr3	214666157	3.258434635	120.1231519
chr3	214666198	3.466861356	120.1232855
chr3	214672561	3.409995317	120.1453451
chr3	214676492	2.924851229	120.1587498
chr3	214676622	2.572403488	120.1591301
chr3	214676718	2.150522354	120.159377
chr3	214676763	1.755400386	120.1594738
chr3	214676805	1.824112696	120.1595475
chr3	214676844	2.541649011	120.1596186
chr3	214676875	3.954606576	120.1596974
chr3	214677125	3.924387119	120.1606861
chr3	214677154	4.000687983	120.1607999
chr3	214686150	3.874719559	120.1967901
chr3	214686357	4.174192507	120.1975921
chr3	214686363	4.183381666	120.1976172
chr3	214687373	4.618858181	120.2018424
chr3	214687381	4.776080756	120.2018794
chr3	214693064	5.497325603	120.2290218
chr3	214695639	5.676432779	120.2431774
chr3	214695673	5.480184747	120.2433704
chr3	214710594	5.404393424	120.3251403
chr3	214710803	6.774418966	120.3262698
chr3	214710831	6.701632504	120.3264595
chr3	214710845	5.409890281	120.3265533
chr3	214710868	5.301365867	120.3266777
chr3	214710870	5.389354834	120.3266883
chr3	214711069	6.095667395	120.3277608
chr3	214711145	8.563469329	120.3282241
chr3	214711236	10.22733504	120.3290034
chr3	214711742	11.16772242	120.3341784
chr3	214711821	11.11792178	120.3350606
chr3	214711877	14.44549999	120.3356832
chr3	214716236	14.26639282	120.3986512
chr3	214716292	9.07869932	120.3994501
chr3	214716400	5.527487762	120.4004306
chr3	214716412	6.329501599	120.4004969
chr3	214724871	6.048515194	120.4540382
chr3	214725010	5.782444476	120.4548789
chr3	214725395	4.383502979	120.4571052
chr3	214725503	2.029255126	120.4575786
chr3	214725928	1.382747742	120.458441
chr3	214726074	1.159235442	120.4586429
chr3	214727308	1.118611266	120.4600734
chr3	214727359	0.8910874896	120.4601304
chr3	214728253	0.6814156883	120.4609271
chr3	214728500	0.5746873841	120.4610954
chr3	214728603	0.5377554214	120.4611546
chr3	214736204	0.5469260088	120.4652421
chr3	214736406	2.425140953	120.4653525
chr3	214738178	0.4632659571	120.4696499
chr3	214858410	0.407852968	120.5253493
chr3	214858533	0.4337946128	120.5253994
chr3	214858763	0.4619716264	120.5254992
chr3	215087822	0.4713533657	120.631318
chr3	215087854	0.4503066233	120.6313331
chr3	215087972	0.4755321403	120.6313862
chr3	215088021	0.4491767797	120.6314095
chr3	215088208	0.4655349885	120.6314935
chr3	215088388	0.3770000443	120.6315773
chr3	215138476	0.3454654921	120.6504605
chr3	215142926	0.251348095	120.6519978
chr3	215142946	0.1976272614	120.6520028
chr3	215143001	0.1497595954	120.6520137
chr3	215147890	0.2426541816	120.6527459
chr3	215147925	0.2795076648	120.6527544
chr3	215148038	0.3024750697	120.6527859
chr3	215188785	0.3178154521	120.6651109
chr3	215188814	0.3493891493	120.6651201
chr3	215188817	0.4281699908	120.6651212
chr3	215226877	0.4706468242	120.6814173
chr3	215242750	0.489709326	120.6888879
chr3	215242757	0.4508225627	120.6888913
chr3	215242819	1.500947103	120.6889193
chr3	215243079	1.528776551	120.6893095
chr3	215246544	1.587329667	120.6946067
chr3	215246569	1.641536537	120.6946464
chr3	215248026	1.636813625	120.6970381
chr3	215248124	1.704505476	120.6971985
chr3	215248238	1.023739558	120.6973928
chr3	215248339	1.031352372	120.6974962
chr3	215302622	0.6420672481	120.7534811
chr3	215302877	0.5510085844	120.7536449
chr3	215304494	0.583734289	120.7545358
chr3	215304617	0.5240386596	120.7546076
chr3	215305654	0.4924649648	120.7551511
chr3	215308542	0.4329379048	120.7565733
chr3	215308551	0.4618210471	120.7565772
chr3	215308660	0.4388536422	120.7566275
chr3	215311774	0.3883598433	120.7579941
chr3	215311908	0.4197941768	120.7580462
chr3	215312174	0.4549124619	120.7581578
chr3	215312261	0.4849205191	120.7581974
chr3	215313726	0.426085477	120.7589078
chr3	215315583	0.8384564257	120.7596991
chr3	215316932	1.502197071	120.7608301
chr3	215318641	1.802185212	120.7633974
chr3	215322490	1.195354467	120.770334
chr3	215322817	1.216067946	120.7707249
chr3	215324529	0.8397167447	120.7728068
chr3	215326756	0.9485940945	120.7746769
chr3	215326780	0.9854637837	120.7746996
chr3	215326789	1.05139172	120.7747085
chr3	215326794	1.231582108	120.7747137
chr3	215387132	1.224356365	120.8490249
chr3	215387313	1.483999432	120.8492466
chr3	215387806	1.566959549	120.8499782
chr3	215417213	2.181940079	120.8960577
chr3	215417221	2.419969101	120.8960752
chr3	215417251	2.561085713	120.8961478
chr3	215417254	2.972055708	120.8961555
chr3	215426837	2.901089837	120.9246367
chr3	215426947	2.828235741	120.9249558
chr3	215426976	2.725336995	120.9250378
chr3	215427513	3.556957939	120.9265013
chr3	215427863	5.766734535	120.9277463
chr3	215429266	4.469894131	120.935837
chr3	215432274	4.386934013	120.9492824
chr3	215434846	3.725810266	120.9605656
chr3	215435195	2.643931488	120.9618659
chr3	215435197	2.596788112	120.9618712
chr3	215435219	2.391440464	120.9619284
chr3	215435267	2.451313393	120.9620432
chr3	215436247	2.483059991	120.9644454
chr3	215436268	4.05464838	120.9644976
chr3	215436275	4.006702735	120.964526
chr3	215436284	3.975344554	120.964562
chr3	215436355	3.960441507	120.9648443
chr3	215436385	2.903290494	120.9649631
chr3	215440545	2.040753551	120.9770408
chr3	215441268	2.008528684	120.9785162
chr3	215441293	0.7128235234	120.9785665
chr3	215441962	0.6453187107	120.9790433
chr3	215442180	0.7739744795	120.979184
chr3	215442649	0.9077086458	120.979547
chr3	215443343	0.7665272256	120.980177
chr3	215443393	0.6254106123	120.9802153
chr3	215443456	0.6684614665	120.9802547
chr3	215492021	0.6930741385	121.0127185
chr3	215492025	0.6190632959	121.0127213
chr3	215492612	0.4085791474	121.0130847
chr3	215492640	0.3594991951	121.0130961
chr3	215492676	0.3694534598	121.0131091
chr3	215492706	0.3795967961	121.0131201
chr3	215492866	0.3296865869	121.0131809
chr3	215496882	0.3010711398	121.0145049
chr3	215497161	0.3199253458	121.0145889
chr3	215500900	0.344093785	121.0157851
chr3	215500917	0.371361665	121.0157909
chr3	215500919	1.203345271	121.0157917
chr3	215500927	1.219243354	121.0158013
chr3	215500941	1.182127419	121.0158184
chr3	215501010	2.755210421	121.0159
chr3	215501048	2.815801215	121.0160047
chr3	215501166	2.910353035	121.0163369
chr3	215501336	2.976783787	121.0168317
chr3	215503763	3.030192072	121.0240563
chr3	215503782	3.056900468	121.0241139
chr3	215503792	3.106170849	121.0241445
chr3	215505815	2.352684226	121.0304283
chr3	215505827	1.6389487	121.0304565
chr3	215505897	0.8840744398	121.0305712
chr3	215560567	0.9517158398	121.0789036
chr3	215560810	0.9910122725	121.0791348
chr3	215561933	0.922558431	121.0802477
chr3	215641362	0.9395953421	121.1535256
chr3	215641906	0.8326787177	121.1540368
chr3	215641909	2.218104198	121.1540393
chr3	215653378	0.6861985611	121.1794787
chr3	215653394	0.6583707097	121.1794897
chr3	215653540	0.5680361318	121.1795858
chr3	215654688	0.6248281282	121.1802379
chr3	215692741	0.6196847165	121.2040145
chr3	215692824	0.5282870251	121.2040659
chr3	215729939	0.5658749869	121.2236733
chr3	215730701	0.5181651139	121.2241045
chr3	215731900	0.4301899802	121.2247258
chr3	215732043	0.5571943664	121.2247873
chr3	215732926	0.6971556846	121.2252793
chr3	215732972	0.9529768044	121.2253114
chr3	215733313	1.068727815	121.2256363
chr3	215797021	1.010821892	121.2937228
chr3	215797028	1.0781579	121.2937299
chr3	215797062	0.982087566	121.2937666
chr3	215797088	1.200157668	121.2937921
chr3	215821728	1.218599608	121.323364
chr3	215821779	1.301931206	121.3234262
chr3	215821866	1.330995483	121.3235394
chr3	215825517	1.469726688	121.3283989
chr3	215825520	1.089050259	121.3284033
chr3	215825826	2.738368038	121.3287365
chr3	215828064	1.089989795	121.334865
chr3	215828083	1.379935412	121.3348857
chr3	215828084	1.342347455	121.3348871
chr3	215851522	1.34989095	121.366349
chr3	215851588	1.372372396	121.3664381
chr3	215851808	1.3940686	121.3667401
chr3	215851814	1.295931559	121.3667484
chr3	215854512	1.311290144	121.3702448
chr3	215854550	1.334184859	121.3702947
chr3	215854551	3.329355491	121.370296
chr3	215854744	3.368580058	121.3709386
chr3	215856400	1.079513289	121.3765169
chr3	215856412	0.8638506291	121.3765299
chr3	215856596	0.7451393888	121.3766888
chr3	215856631	0.7594926359	121.3767149
chr3	215856632	0.7413920677	121.3767157
chr3	215856640	0.8278538766	121.3767216
chr3	215857896	0.7872988794	121.3777614
chr3	215863278	0.7773446145	121.3819986
chr3	215863335	0.7893751991	121.3820429
chr3	215866354	0.7969787081	121.3844261
chr3	215948447	0.8062405155	121.4498524
chr3	215948794	0.736559691	121.4501322
chr3	215948809	0.6965346225	121.4501433
chr3	215949122	0.6395812892	121.4503613
chr3	216015682	0.4630675036	121.4929318
chr3	216021712	0.4216994353	121.4957241
chr3	216021765	0.381697961	121.4957465
chr3	216021841	0.3212894646	121.4957755
chr3	216024589	0.3331130478	121.4966584
chr3	216024614	0.3561705438	121.4966667
chr3	216025072	0.5415336801	121.4968298
chr3	216025104	0.5827712357	121.4968471
chr3	216025131	0.6240212416	121.4968629
chr3	216028507	0.6686916363	121.4989696
chr3	216028620	1.005528862	121.4990451
chr3	216094708	1.425897179	121.5654985
chr3	216095634	1.47062436	121.5668189
chr3	216109232	3.462044645	121.5868165
chr3	216109317	4.967173371	121.5871107
chr3	216109376	6.200204115	121.5874038
chr3	216109380	6.108845262	121.5874286
chr3	216111768	4.603716536	121.6020165
chr3	216111779	4.360152719	121.6020672
chr3	216111787	2.958729228	121.602102
chr3	216111808	4.945304622	121.6021642
chr3	216111861	4.851407143	121.6024263
chr3	216111891	6.903167947	121.6025718
chr3	216113628	7.032048275	121.6145626
chr3	216113651	5.426719261	121.6147244
chr3	216113665	3.506229002	121.6148003
chr3	216114491	3.572716711	121.6176965
chr3	216114508	2.179036882	121.6177572
chr3	216114563	2.173307043	121.6178771
chr3	216117483	1.726201176	121.6242231
chr3	216117981	1.776278149	121.6250828
chr3	216117996	1.918892676	121.6251094
chr3	216124661	2.194749827	121.6378988
chr3	216124720	2.35744825	121.6380283
chr3	216145957	2.403476243	121.6880935
chr3	216169488	8.091463642	121.7446497
chr3	216169653	7.812270525	121.7459847
chr3	216169795	7.850266144	121.7470941
chr3	216169800	10.69342161	121.7471333
chr3	216169976	10.57820399	121.7490154
chr3	216170410	11.43538539	121.7536063
chr3	216170455	18.51613492	121.7541209
chr3	216170876	18.38725459	121.7619162
chr3	216170976	11.24111108	121.7637549
chr3	216170982	11.16136808	121.7638224
chr3	216171005	8.099898782	121.7640791
chr3	216171042	8.12698785	121.7643788
chr3	216171132	8.047603492	121.7651102
chr3	216171152	9.193858105	121.7652712
chr3	216171153	4.139064752	121.7652804
chr3	216171156	1.927391784	121.7652928
chr3	216171224	2.009246692	121.7654238
chr3	216171257	2.031299827	121.7654901
chr3	216171362	3.378659399	121.7657034
chr3	216171386	4.707575288	121.7657845
chr3	216171535	4.73476859	121.7664859
chr3	216171543	4.773525437	121.7665238
chr3	216171598	4.801579028	121.7667864
chr3	216174100	3.936954865	121.7787999
chr3	216174121	4.038652261	121.7788826
chr3	216174162	1.629053607	121.7790482
chr3	216191649	1.494271454	121.8075354
chr3	216264878	3.416921167	121.9169594
chr3	216264984	3.339263065	121.9173216
chr3	216265647	6.66173126	121.9195356
chr3	216266677	6.40468918	121.9263972
chr3	216266692	6.324986671	121.9264932
chr3	216266728	2.820188722	121.9267209
chr3	216266757	0.9403090491	121.9268027
chr3	216266867	0.9015863746	121.9269061
chr3	216266887	1.284896308	121.9269242
chr3	216306345	1.109210041	121.9776236
chr3	216306598	1.081959088	121.9779042
chr3	216307169	1.076920711	121.978522
chr3	216307177	1.187381845	121.9785307
chr3	216307187	1.203097185	121.9785425
chr3	216307196	1.175903882	121.9785534
chr3	216307225	1.290482177	121.9785875
chr3	216307265	1.621321952	121.9786391
chr3	216338516	1.503275473	122.029307
chr3	216338538	2.610358987	122.0293401
chr3	216340266	2.598521612	122.0338508
chr3	216340338	2.576321833	122.0340379
chr3	216340552	3.096683942	122.0345892
chr3	216340562	6.285323861	122.0346202
chr3	216340574	6.523016418	122.0346956
chr3	216340639	6.500706994	122.0351196
chr3	216340763	6.516768008	122.0359257
chr3	216341270	6.48673112	122.0392297
chr3	216341723	3.335149001	122.0421682
chr3	216341735	6.318072014	122.0422082
chr3	216341800	6.409038885	122.0426189
chr3	216341845	7.834130102	122.0429073
chr3	216341850	6.720280311	122.0429464
chr3	216342748	6.82857887	122.0489813
chr3	216346497	6.04951377	122.0745816
chr3	216346757	6.002659248	122.0761545
chr3	216347173	5.351800523	122.0786516
chr3	216347181	2.596292633	122.0786944
chr3	216347359	2.574992781	122.0791565
chr3	216348398	2.045841565	122.081832
chr3	216348414	1.040878641	122.0818647
chr3	216351534	1.039892109	122.0851122
chr3	216351594	1.059703134	122.0851746
chr3	216354624	1.258396466	122.0883855
chr3	216354716	1.271177464	122.0885013
chr3	216354814	1.405242606	122.0886259
chr3	216354879	1.673184142	122.0887172
chr3	216354885	1.690243821	122.0887273
chr3	216354992	1.82518184	122.0889081
chr3	216355051	1.942558666	122.0890158
chr3	216355075	1.959686939	122.0890624
chr3	216355083	1.999876781	122.0890781
chr3	216380817	4.498681776	122.1405429
chr3	216381668	4.509007787	122.1443713
chr3	216382331	1.621373828	122.1473608
chr3	216382354	1.609613452	122.1473981
chr3	216382359	1.475367801	122.1474061
chr3	216382386	1.353699267	122.1474459
chr3	216382452	1.387444336	122.1475353
chr3	216382472	1.273309986	122.147563
chr3	216409028	1.325450227	122.1813771
chr3	216409147	1.298305067	122.1815348
chr3	216409168	1.321082449	122.1815621
chr3	216409201	1.343864474	122.1816056
chr3	216409304	1.417652583	122.1817441
chr3	216409335	1.446128619	122.181788
chr3	216412697	7.1368232	122.1866499
chr3	216413328	1.386071433	122.1911532
chr3	216413376	1.40958757	122.1912198
chr3	216413429	1.688317595	122.1912945
chr3	216419204	1.726970708	122.2010445
chr3	216429790	1.832032562	122.2193262
chr3	216429810	1.989504435	122.2193629
chr3	216429839	2.09122436	122.2194206
chr3	216441560	2.119696001	122.2439318
chr3	216524926	2.195092402	122.4206424
chr3	216534821	2.266283238	122.4423628
chr3	216537807	2.246472212	122.4491299
chr3	216537836	2.212313203	122.4491951
chr3	216537864	2.48851171	122.449257
chr3	216537950	2.590972528	122.449471
chr3	216538446	2.755853547	122.4507562
chr3	216538885	2.621443495	122.451966
chr3	216538980	2.569476152	122.452215
chr3	216538981	2.535675506	122.4522176
chr3	216568951	3.30519376	122.5282118
chr3	216569945	3.278863192	122.5314971
chr3	216570146	3.255323496	122.5321562
chr3	216570250	4.1473496	122.5324947
chr3	216570454	5.745457901	122.5333408
chr3	216570596	5.728854079	122.5341567
chr3	216570732	5.679862252	122.5349358
chr3	216571060	5.515773952	122.5367988
chr3	216571092	5.492375498	122.5369753
chr3	216571130	8.633248244	122.537184
chr3	216571978	8.649420788	122.544505
chr3	216572109	9.974378327	122.5456381
chr3	216572671	9.996616246	122.5512437
chr3	216573679	7.405456544	122.5613203
chr3	216573745	40.19529752	122.561809
chr3	216573855	5.331782992	122.5662305
chr3	216573981	5.95199615	122.5669023
chr3	216574167	4.154041703	122.5680094
chr3	216574246	4.793895152	122.5683375
chr3	216574429	5.510702111	122.5692148
chr3	216574589	3.944979019	122.5700965
chr3	216574679	3.928214708	122.5704516
chr3	216576814	3.912197347	122.5788383
chr3	216579750	1.936494613	122.5903245
chr3	216579861	1.913102419	122.5905395
chr3	216579894	1.930488215	122.5906026
chr3	216579921	1.264776374	122.5906547
chr3	216582907	0.6320299203	122.5944314
chr3	216611515	0.8449732164	122.6125125
chr3	216611544	0.7697682372	122.612537
chr3	216612432	0.807462297	122.6132205
chr3	216614181	1.034134283	122.6146328
chr3	216614319	1.070852047	122.6147755
chr3	216614327	1.104756452	122.6147841
chr3	216617300	1.352971975	122.6180685
chr3	216617329	1.373157745	122.6181077
chr3	216710923	1.22013002	122.7466271
chr3	216710927	1.180728239	122.7466319
chr3	216714790	2.13913091	122.7511931
chr3	216715243	2.162627015	122.7521621
chr3	216723135	2.803949686	122.7692296
chr3	216727565	2.746470004	122.7816511
chr3	216727577	3.411646799	122.781684
chr3	216729056	4.108031982	122.7867299
chr3	216729111	5.313457974	122.7869558
chr3	216729192	5.0037413	122.7873862
chr3	216729294	8.670030756	122.7878966
chr3	216733123	8.004853961	122.8210941
chr3	216733136	7.973841641	122.8211982
chr3	216733419	7.311725893	122.8234548
chr3	216733448	7.921531577	122.8236668
chr3	216734336	7.185453221	122.8307011
chr3	216734348	4.856926466	122.8307874
chr3	216737905	4.437427887	122.8480635
chr3	216738508	4.402767464	122.8507392
chr3	216738562	4.380529546	122.850977
chr3	216738770	2.17632385	122.8518881
chr3	216738928	2.193788079	122.852232
chr3	216739078	1.285846962	122.8525611
chr3	216739126	0.716974936	122.8526228
chr3	216739480	1.122620315	122.8528766
chr3	216740200	1.335844034	122.8536849
chr3	216740218	1.341956867	122.8537089
chr3	216800085	0.7250386872	122.9340478
chr3	216800247	0.6977558147	122.9341653
chr3	216800351	0.6418633471	122.9342379
chr3	216800354	0.4988215429	122.9342398
chr3	216905862	0.4779404057	122.9868695
chr3	216906070	0.4881276904	122.9869689
chr3	216906150	0.4532580309	122.9870079
chr3	216906575	0.4310848047	122.9872006
chr3	216909050	0.4115593469	122.9882675
chr3	216911787	0.3781169518	122.9893939
chr3	216912902	0.3994465487	122.9898155
chr3	216912904	0.3499061599	122.9898163
chr3	216912964	0.3675461583	122.9898373
chr3	216913419	0.464627377	122.9900046
chr3	216914244	0.4818292091	122.9903879
chr3	216965393	0.5204619817	123.015033
chr3	217122077	0.5427911118	123.096581
chr3	217122095	0.4783282274	123.0965908
chr3	217122098	0.5257399567	123.0965922
chr3	217122125	0.5419387049	123.0966064
chr3	217124942	0.5624975017	123.0981331
chr3	217174025	0.5770297517	123.1257421
chr3	217174070	0.567165531	123.1257681
chr3	217174186	0.5958073829	123.1258339
chr3	217174209	0.5873293141	123.1258476
chr3	217220905	0.8250934153	123.1532735
chr3	217220918	0.8551957452	123.1532842
chr3	217220931	0.8464298986	123.1532954
chr3	217220933	0.8750428725	123.1532971
chr3	217220987	0.974119038	123.1533443
chr3	217221000	1.151727787	123.153357
chr3	217301844	1.142406632	123.2464672
chr3	217301853	1.116316681	123.2464775
chr3	217302893	1.112687819	123.2476385
chr3	217302986	2.220465183	123.247742
chr3	217302996	2.175481455	123.2477642
chr3	217304382	1.949808823	123.2507794
chr3	217305500	1.898852092	123.2529593
chr3	217305830	2.094246953	123.2535859
chr3	217305839	2.192305764	123.2536048
chr3	217306162	2.265372263	123.2543129
chr3	217306175	1.065249532	123.2543423
chr3	217307080	1.165977757	123.2553064
chr3	217307206	1.113875297	123.2554533
chr3	217307218	1.230438637	123.2554667
chr3	217307474	1.280870042	123.2557816
chr3	217307506	1.383426839	123.2558226
chr3	217343160	1.316364313	123.3051473
chr3	217343312	1.375509376	123.3053474
chr3	217343460	1.272410474	123.305551
chr3	217343469	1.242308144	123.3055624
chr3	217343477	16.6884189	123.3055724
chr3	217343481	16.48423366	123.3056391
chr3	217343493	16.4744768	123.3058369
chr3	217343704	17.49955541	123.3093131
chr3	217343714	2.031623069	123.3094881
chr3	217343724	2.635893422	123.3095084
chr3	217344023	2.681890643	123.3102965
chr3	217346459	2.707828366	123.3168296
chr3	217346715	2.919008677	123.3175228
chr3	217349829	2.918072305	123.3266126
chr3	217349837	3.007756654	123.3266359
chr3	217349863	2.362127377	123.3267141
chr3	217352516	2.201102618	123.3329809
chr3	217358478	2.104740419	123.3461038
chr3	217358524	2.242685695	123.3462007
chr3	217358643	2.389561138	123.3464675
chr3	217362086	2.51849978	123.3546948
chr3	217362494	2.82427876	123.3557223
chr3	217381525	3.526819758	123.4094712
chr3	217381637	3.873372054	123.4098662
chr3	217382975	3.549037442	123.4150488
chr3	217383733	5.953907394	123.4177389
chr3	217383760	5.834072942	123.4178997
chr3	217384647	5.714228448	123.4230745
chr3	217384678	6.244552278	123.4232517
chr3	217384795	6.171522461	123.4239823
chr3	217385267	3.788290989	123.4268952
chr3	217385476	3.817029701	123.427687
chr3	217386623	4.986149939	123.4320651
chr3	217386637	4.979860521	123.4321349
chr3	217386764	4.99669898	123.4327674
chr3	217391368	4.938242852	123.4557722
chr3	217391961	3.439528593	123.4587005
chr3	217391964	3.313488545	123.4587109
chr3	217392006	2.875701807	123.45885
chr3	217392094	1.073549729	123.4591031
chr3	217434459	1.095087597	123.504584
chr3	217434475	1.147995113	123.5046015
chr3	217445644	1.17117786	123.5174235
chr3	217477088	1.203011751	123.55425
chr3	217488338	1.234433768	123.5677839
chr3	217488687	1.297385103	123.5682147
chr3	217579485	1.262107221	123.6860147
chr3	217592973	1.230273329	123.703038
chr3	217594844	1.380034734	123.7053398
chr3	217595199	1.418597723	123.7058297
chr3	217604100	1.428148229	123.7184567
chr3	217604774	1.166043547	123.7194193
chr3	217604818	1.096696855	123.7194706
chr3	217605742	1.169398964	123.7204839
chr3	217605850	1.319847734	123.7206102
chr3	217609275	1.340660426	123.7251307
chr3	217614150	1.448701735	123.7316664
chr3	217614923	1.559747596	123.7327862
chr3	217635994	1.414242162	123.7656517
chr3	217636214	1.32506956	123.7659628
chr3	217636415	1.877270096	123.7662292
chr3	217636431	1.86466767	123.7662592
chr3	217636481	1.892038673	123.7663524
chr3	217636575	2.285058491	123.7665303
chr3	217636658	2.028161079	123.7667199
chr3	217636826	2.208224452	123.7670607
chr3	217637065	2.536725833	123.7675884
chr3	217644003	3.35726044	123.7851882
chr3	217648202	2.998935756	123.7992854
chr3	217648295	2.589499649	123.7995643
chr3	217649345	4.61312582	123.8022833
chr3	217649348	5.828635047	123.8022971
chr3	217649736	5.814321345	123.8045586
chr3	217649773	7.227758321	123.8047737
chr3	217650676	7.213858753	123.8113004
chr3	217650722	7.475327119	123.8116322
chr3	217650742	7.217836332	123.8117817
chr3	217650960	6.687568902	123.8133552
chr3	217651168	7.299428071	123.8147462
chr3	217651188	7.875125716	123.8148922
chr3	217651196	7.956752365	123.8149552
chr3	217651209	8.534614288	123.8150587
chr3	217651220	8.282714628	123.8151526
chr3	217652332	9.135320338	123.8243629
chr3	217652339	7.072540986	123.8244269
chr3	217652383	4.443594782	123.8247381
chr3	217652450	5.127642716	123.8250358
chr3	217652471	5.166395899	123.8251435
chr3	217654333	5.204940469	123.8347633
chr3	217654757	5.199993391	123.8369702
chr3	217655731	2.771347591	123.842035
chr3	217655752	2.795592271	123.8420932
chr3	217657524	2.824827455	123.847047
chr3	217657526	2.892768407	123.8470526
chr3	217657536	2.917302837	123.8470816
chr3	217657593	2.472062045	123.8472478
chr3	217657596	1.896364399	123.8472553
chr3	217657740	2.069980272	123.8475283
chr3	217657786	1.575696874	123.8476236
chr3	217657794	1.605021761	123.8476362
chr3	217657797	1.663304136	123.847641
chr3	217657818	1.708370293	123.8476759
chr3	217657843	1.024322359	123.8477186
chr3	217657947	1.477290358	123.8478251
chr3	217739292	1.345022039	123.9679953
chr3	217739326	1.849080927	123.9680411
chr3	217739677	1.758877482	123.9686901
chr3	217745728	1.641803777	123.9793331
chr3	217747661	1.199203837	123.9825067
chr3	217747665	1.160450653	123.9825115
chr3	217747675	1.078509432	123.9825231
chr3	217783594	1.019906442	124.021262
chr3	217783710	0.9906712614	124.0213804
chr3	217784390	0.8200973411	124.022054
chr3	217784399	0.8556580724	124.0220614
chr3	217784400	0.7974065271	124.0220622
chr3	217784510	0.8120962354	124.02215
chr3	217786526	0.7527205541	124.0237871
chr3	217789569	0.6513178758	124.0260777
chr3	217789669	0.6246767941	124.0261428
chr3	217789764	0.662229553	124.0262022
chr3	217789765	0.6342776035	124.0262028
chr3	217794062	0.9402620015	124.0289283
chr3	217807376	0.9958105396	124.041447
chr3	217807404	0.7193099769	124.0414748
chr3	217807412	0.8024254801	124.0414806
chr3	217807415	0.8031429323	124.041483
chr3	217807899	1.022342966	124.0418717
chr3	217807912	1.010638191	124.041885
chr3	217807918	1.0480789	124.0418911
chr3	217807922	0.9943258694	124.0418953
chr3	217822499	0.9866158264	124.0563896
chr3	217823408	1.021385904	124.0572864
chr3	217883745	0.9564574169	124.1189137
chr3	217883995	0.9154814459	124.1191529
chr3	217884088	1.997826199	124.119238
chr3	217887836	2.010900684	124.1267259
chr3	217888001	1.906905615	124.1270577
chr3	217888054	1.178726481	124.1271587
chr3	217888139	1.314068516	124.1272589
chr3	217906211	1.334430599	124.1510068
chr3	217906449	1.29698989	124.1513244
chr3	217906472	1.397741728	124.1513542
chr3	217907260	1.4850095	124.1524556
chr3	217907656	1.624744605	124.1530437
chr3	217907760	1.78763606	124.1532126
chr3	217908333	1.563463147	124.154237
chr3	218034079	0.9117752787	124.3508362
chr3	218034082	0.9021403748	124.3508389
chr3	218034106	0.8704636824	124.3508606
chr3	218034117	0.6466542531	124.3508702
chr3	218034246	0.5418222612	124.3509536
chr3	218034281	0.5506174919	124.3509725
chr3	218035569	0.535930468	124.3516817
chr3	218035570	0.5715430436	124.3516823
chr3	218035606	0.5207702421	124.3517028
chr3	218035640	0.5483865616	124.3517205
chr3	218035643	0.6965704731	124.3517222
chr3	218035669	0.7320382123	124.3517403
chr3	218035760	0.8033845712	124.3518069
chr3	218038848	0.8167978401	124.3542878
chr3	218039131	0.8536734271	124.3545189
chr3	218039137	0.8905508554	124.354524
chr3	218042731	0.9193899685	124.3577247
chr3	218043597	0.9484256505	124.3585209
chr3	218043878	1.064357113	124.3587874
chr3	218045482	1.106813757	124.3604946
chr3	218045640	1.310691127	124.3606695
chr3	218045659	1.370031948	124.3606944
chr3	218065703	1.466090397	124.3881553
chr3	218067627	1.428902964	124.3909761
chr3	218067801	1.414708882	124.3912247
chr3	218067885	1.394200829	124.3913435
chr3	218067992	1.497874456	124.3914927
chr3	218068005	1.512703698	124.3915122
chr3	218068046	1.376908296	124.3915742
chr3	218068070	1.547162612	124.3916073
chr3	218071013	1.741385551	124.3961606
chr3	218071019	1.795525124	124.396171
chr3	218071135	1.84975702	124.3963793
chr3	218071176	1.904011249	124.3964551
chr3	218071178	1.919330164	124.3964589
chr3	218073847	2.314210166	124.4015816
chr3	218073861	2.31399196	124.401614
chr3	218073865	2.370048342	124.4016233
chr3	218074207	3.006697365	124.4024338
chr3	218074247	3.063081031	124.4025541
chr3	218089738	2.735414312	124.4500043
chr3	218089752	2.81006012	124.4500426
chr3	218089984	2.742172696	124.4506945
chr3	218090007	2.547949757	124.4507576
chr3	218090048	2.564192082	124.4508621
chr3	218090365	2.639775403	124.4516749
chr3	218090366	2.715360263	124.4516775
chr3	218090512	2.649754627	124.452074
chr3	218136910	2.705136837	124.5750173
chr3	218138040	2.667945627	124.5780741
chr3	218139159	2.399129075	124.5810595
chr3	218139172	9.406194309	124.5810907
chr3	218139173	8.956344108	124.5811001
chr3	218139675	8.748324021	124.5855962
chr3	218139681	1.415893036	124.5856487
chr3	218139775	1.800367282	124.5857818
chr3	218139801	1.936903965	124.5858286
chr3	218168765	2.012515118	124.6419291
chr3	218169209	1.898298872	124.6428227
chr3	218169223	1.632194182	124.6428492
chr3	218169246	1.682605038	124.6428868
chr3	218169257	1.70760416	124.6429053
chr3	218169994	1.635188854	124.6441638
chr3	218170650	1.460115136	124.6452365
chr3	218173319	1.393486041	124.6491335
chr3	218173346	1.281305705	124.6491711
chr3	218173695	1.236973571	124.6496183
chr3	218174454	1.336469869	124.6505572
chr3	218174461	1.281850711	124.6505665
chr3	218311961	1.947328187	124.826821
chr3	218311964	2.690942479	124.8268269
chr3	218311992	5.327040085	124.8269022
chr3	218311996	5.2634792	124.8269235
chr3	218314514	5.540030419	124.8401769
chr3	218314543	5.488448703	124.8403376
chr3	218316635	4.119607023	124.8518194
chr3	218316652	4.026206533	124.8518895
chr3	218316656	3.902193645	124.8519056
chr3	218316685	3.869921734	124.8520187
chr3	218316728	3.86267906	124.8521852
chr3	218316740	3.83695709	124.8522315
chr3	218316775	2.932424891	124.8523658
chr3	218316776	2.855859644	124.8523687
chr3	218316798	2.84206551	124.8524316
chr3	218316825	2.817066387	124.8525083
chr3	218316925	2.021863675	124.85279
chr3	218317022	2.300592949	124.8529861
chr3	218317029	1.568198567	124.8530022
chr3	218317175	1.531231476	124.8532312
chr3	218317256	1.510456758	124.8533552
chr3	218317262	1.484624378	124.8533643
chr3	218317316	1.412270785	124.8534444
chr3	218317325	1.490189689	124.8534572
chr3	218321051	1.574015054	124.8590096
chr3	218321352	2.327501677	124.8594834
chr3	218321423	2.324289333	124.8596486
chr3	218323473	2.422292937	124.8644134
chr3	218325509	2.783435424	124.8693452
chr3	218325604	2.85660258	124.8696096
chr3	218326146	2.468728486	124.8711579
chr3	218326247	2.185754767	124.8714073
chr3	218326248	1.412481984	124.8714094
chr3	218331693	1.35191509	124.8791004
chr3	218331715	0.8999262058	124.8791302
chr3	218331736	0.9289053223	124.8791491
chr3	218335717	0.9418766354	124.882847
chr3	218335724	0.9605124802	124.8828536
chr3	218335753	1.151061232	124.8828815
chr3	218335758	1.310203454	124.8828872
chr3	218337130	1.324214961	124.8846848
chr3	218337160	1.355059774	124.8847246
chr3	218337176	1.362849871	124.8847462
chr3	218363731	6.75946043	124.9209367
chr3	218363768	6.79913084	124.9211868
chr3	218364043	6.978209949	124.9230566
chr3	218364047	6.9667809	124.9230845
chr3	218364298	11.58389042	124.9248331
chr3	218364436	6.123646923	124.9264317
chr3	218364623	6.129623962	124.9275768
chr3	218364648	6.2096789	124.9277301
chr3	218364670	13.55384382	124.9278667
chr3	218364994	13.79884269	124.9322581
chr3	218365060	13.71501733	124.9331689
chr3	218365097	9.097907804	124.9336763
chr3	218365126	9.138166116	124.9339402
chr3	218365129	9.165772825	124.9339676
chr3	218365168	1.758000721	124.934325
chr3	218395109	1.153621957	124.9869613
chr3	218395318	1.096591595	124.9872024
chr3	218395328	1.156708444	124.9872134
chr3	218395333	1.080096564	124.9872192
chr3	218395339	1.087089587	124.9872257
chr3	218395376	1.147088131	124.9872659
chr3	218454858	1.061834561	125.055497
chr3	218456693	1.023176651	125.0574455
chr3	218456761	0.8795510759	125.057515
chr3	218456862	0.740772543	125.0576039
chr3	218459037	0.7051763427	125.0592151
chr3	218459796	0.7107551339	125.0597503
chr3	218459975	0.7379948629	125.0598775
chr3	218460650	0.7350938127	125.0603757
chr3	218461253	0.6901845899	125.0608189
chr3	218461278	0.733603673	125.0608362
chr3	218637614	0.7256517018	125.1901969
chr3	218745371	0.6356221053	125.268391
chr3	218810735	0.5949115003	125.3099378
chr3	218845717	0.5699878766	125.330749
chr3	218848622	0.5618496945	125.3324048
chr3	218883017	0.7835040217	125.3517296
chr3	218915568	0.7768019703	125.3772334
chr3	218915665	0.7701180723	125.3773088
chr3	218915738	0.7469554352	125.377365
chr3	218915974	0.8033957577	125.3775413
chr3	218916122	0.7882019571	125.3776602
chr3	218922476	0.8554178467	125.3826684
chr3	218922875	0.9784370769	125.3830097
chr3	218922889	1.021243973	125.3830234
chr3	218923396	1.000676841	125.3835412
chr3	218972863	1.170828764	125.4330417
chr3	218973738	1.798733904	125.4340662
chr3	218974411	5.686069635	125.4352767
chr3	218975295	6.189574046	125.4403032
chr3	218975413	6.38010954	125.4410336
chr3	218976916	7.193695857	125.4506229
chr3	218978375	7.199645118	125.4611185
chr3	218978470	7.222857184	125.4618024
chr3	218978654	7.31682379	125.4631314
chr3	218978714	7.386393723	125.4635704
chr3	218979134	6.89206122	125.4666727
chr3	218981780	6.915939781	125.4849091
chr3	218981830	6.730189394	125.4852549
chr3	218981859	6.770970828	125.4854501
chr3	218981862	6.79494498	125.4854704
chr3	218981869	4.963268027	125.485518
chr3	218992528	4.759643227	125.5384215
chr3	218992789	4.527231552	125.5396637
chr3	218992808	4.295097742	125.5397497
chr3	218992886	4.297918702	125.5400848
chr3	218994471	4.297579976	125.546897
chr3	218995557	3.732244739	125.5515641
chr3	218995573	3.140782837	125.5516238
chr3	218995575	3.265019476	125.5516301
chr3	218995597	3.439904998	125.551702
chr3	218995623	3.073022221	125.5517914
chr3	218999431	2.446823929	125.5634935
chr3	219000155	2.553197009	125.565265
chr3	219000238	2.580099592	125.5654769
chr3	219002725	2.456562303	125.5718936
chr3	219002870	2.345635759	125.5722498
chr3	219002886	2.398603604	125.5722873
chr3	219048262	2.379115612	125.6811264
chr3	219048785	2.460083399	125.6823706
chr3	219048788	2.417334044	125.682378
chr3	219048834	2.364406203	125.6824892
chr3	219113839	2.230949947	125.8361874
chr3	219121063	1.797468671	125.8523038
chr3	219121640	1.694414399	125.853341
chr3	219121749	1.668943198	125.8535256
chr3	219134685	1.64242449	125.8751151
chr3	219135739	1.462881618	125.8768462
chr3	219136182	1.436640764	125.8774943
chr3	219136204	1.394691859	125.8775259
chr3	219136273	1.4395936	125.8776221
chr3	219136474	1.469066022	125.8779115
chr3	219136584	6.192587799	125.8780731
chr3	219137237	6.257624619	125.8821168
chr3	219137365	1.48084844	125.8829178
chr3	219137392	2.022326533	125.8829578
chr3	219137399	2.74150134	125.8829719
chr3	219137408	3.113570982	125.8829966
chr3	219146686	3.108188684	125.9118843
chr3	219147323	2.456387577	125.9138642
chr3	219147528	2.196002711	125.9143678
chr3	219148195	2.162404026	125.9158325
chr3	219148234	1.620579314	125.9159169
chr3	219148615	1.479790718	125.9165343
chr3	219148679	1.586940812	125.916629
chr3	219148683	1.602185533	125.9166354
chr3	219149728	1.712702924	125.9183096
chr3	219149748	1.822486887	125.9183439
chr3	219182591	1.713908169	125.9781998
chr3	219182623	1.606754965	125.9782547
chr3	219183060	6.683561929	125.9789568
chr3	219183108	6.683350609	125.9792776
chr3	219183351	6.573566646	125.9809017
chr3	219183391	6.835474634	125.9811646
chr3	219183526	9.230751192	125.9820874
chr3	219183546	9.931234797	125.982272
chr3	219186478	8.51698243	126.0113904
chr3	219187953	9.078313913	126.023953
chr3	219187983	8.81451692	126.0242253
chr3	219188083	8.835536905	126.0251068
chr3	219188176	9.310259658	126.0259285
chr3	219188198	10.2557373	126.0261333
chr3	219188273	9.212640034	126.0269025
chr3	219188311	7.200053832	126.0272526
chr3	219194174	6.857934707	126.0694665
chr3	219194177	10.55030677	126.0694871
chr3	219194525	14.82209059	126.0731586
chr3	219195947	6.350910517	126.0942356
chr3	219196051	3.975009804	126.0948961
chr3	219196057	2.855795957	126.0949199
chr3	219196520	2.581719396	126.0962422
chr3	219196600	2.80761522	126.0964487
chr3	219196676	4.738707572	126.0966621
chr3	219196928	4.570526518	126.0978562
chr3	219197265	3.229005368	126.0993965
chr3	219197296	3.249312365	126.0994966
chr3	219197305	3.467252055	126.0995258
chr3	219198923	2.514802485	126.1051358
chr3	219210656	3.114044508	126.134642
chr3	219211378	2.746921719	126.1368904
chr3	219214618	2.865751499	126.1457904
chr3	219214658	2.661461406	126.145905
chr3	219214746	1.526342091	126.1461392
chr3	219214836	1.099950548	126.1462766
chr3	219244567	1.072707746	126.1789792
chr3	219244746	1.100830591	126.1791712
chr3	219244811	1.024190505	126.1792428
chr3	219244814	1.055032225	126.1792459
chr3	219245540	1.081747584	126.1800118
chr3	219245582	0.9617622032	126.1800573
chr3	219245614	0.9920735315	126.180088
chr3	219245651	1.247452152	126.1801247
chr3	219245663	1.115271757	126.1801397
chr3	219245714	1.140720812	126.1801966
chr3	219245715	1.258596784	126.1801977
chr3	219245758	1.183435411	126.1802519
chr3	219246018	1.211226485	126.1805595
chr3	219247494	1.368429838	126.1823473
chr3	219247557	1.422568616	126.1824335
chr3	219363586	3.023059622	126.3474927
chr3	219363620	2.960482622	126.3475955
chr3	219363624	2.904418018	126.3476074
chr3	219364065	3.920018369	126.3488882
chr3	219364427	7.654223702	126.3503073
chr3	219364458	7.844991646	126.3505445
chr3	219365352	7.837910075	126.357558
chr3	219367320	6.657926992	126.372983
chr3	219367345	7.832766204	126.3731494
chr3	219375923	9.142614756	126.4403389
chr3	219378644	8.163128826	126.4652159
chr3	219378679	7.586590803	126.4655017
chr3	219378736	7.004917752	126.4659341
chr3	219378761	6.434682144	126.4661092
chr3	219378955	7.391680773	126.4673575
chr3	219378961	7.490267161	126.4674019
chr3	219378974	7.97875637	126.4674993
chr3	219379036	7.726235971	126.4679939
chr3	219379266	8.801453257	126.469771
chr3	219379285	9.76252412	126.4699382
chr3	219379315	10.33153904	126.4702311
chr3	219382697	14.65659987	126.5051723
chr3	219382713	19.02821154	126.5054069
chr3	219382730	17.43516239	126.5057303
chr3	219382767	17.24283297	126.5063754
chr3	219383628	17.19645065	126.5212215
chr3	219383766	12.47471315	126.5235946
chr3	219383796	8.927193149	126.5239689
chr3	219383839	8.846358344	126.5243527
chr3	219386526	8.197055251	126.5481229
chr3	219386927	10.2972492	126.5514099
chr3	219386962	7.938650777	126.5517703
chr3	219388657	8.818174071	126.5652263
chr3	219388666	8.065302539	126.5653057
chr3	219389646	8.099067268	126.5732097
chr3	219389662	8.113019933	126.5733393
chr3	219389757	5.370264538	126.57411
chr3	219390670	7.426364509	126.5790131
chr3	219390673	5.591541185	126.5790353
chr3	219390703	5.455498463	126.5792031
chr3	219390781	5.482712025	126.5796286
chr3	219392513	2.774515627	126.5891247
chr3	219392567	2.837239252	126.5892745
chr3	219392762	1.938561905	126.5898278
chr3	219392788	1.319473384	126.5898782
chr3	219392790	1.457543535	126.5898808
chr3	219392871	1.462423419	126.5899989
chr3	219392917	0.6898273582	126.5900661
chr3	219392936	0.6990859113	126.5900792
chr3	219392956	0.717462352	126.5900932
chr3	219439920	0.6391879938	126.6237881
chr3	219439956	0.6818929831	126.6238111
chr3	219446357	0.6133789331	126.6281759
chr3	219493461	0.6199313747	126.6570685
chr3	219493701	0.6071298196	126.6572173
chr3	219493752	0.5706711497	126.6572483
chr3	219526308	0.5044873431	126.6758271
chr3	219526341	0.4431326105	126.6758437
chr3	219529078	0.4164784397	126.6770566
chr3	219529248	0.4251010068	126.6771274
chr3	219533023	0.3988360519	126.6787321
chr3	219593706	0.3860368378	126.7029347
chr3	219651944	0.415245523	126.7254167
chr3	219654061	0.3626555523	126.7262958
chr3	219662033	0.375157062	126.7291869
chr3	219712372	0.3902449147	126.7480719
chr3	219712560	0.3671716418	126.7481453
chr3	219712563	0.382246915	126.7481464
chr3	219713594	0.3709526434	126.7485405
chr3	219717300	0.4629365868	126.7499152
chr3	219717384	0.4893749548	126.7499541
chr3	219717385	0.5047557513	126.7499546
chr3	219717388	0.5840923086	126.7499561
chr3	219763887	10.29016572	126.7771158
chr3	219764265	0.9815920829	126.7810055
chr3	219764736	1.062497442	126.7814678
chr3	219790036	0.9193493101	126.808349
chr3	219791386	1.097636136	126.8095901
chr3	219791419	1.045770464	126.8096263
chr3	219796822	1.068145961	126.8152766
chr3	219796848	1.11011208	126.8153044
chr3	219796864	1.133131508	126.8153222
chr3	219796910	1.213721573	126.8153743
chr3	219797510	1.339219981	126.8161025
chr3	219797561	1.287105726	126.8161708
chr3	219797625	1.310270568	126.8162532
chr3	219956878	0.9375673664	127.0249177
chr3	219957087	0.8621545474	127.0251137
chr3	219957115	0.8535907288	127.0251378
chr3	219957123	0.8890752774	127.0251447
chr3	219957127	0.9708905841	127.0251482
chr3	219957194	1.183510999	127.0252133
chr3	219957234	1.274618389	127.0252606
chr3	219957273	1.214206392	127.0253103
chr3	219957341	1.427660322	127.0253929
chr3	219961645	1.945533261	127.0315375
chr3	219961693	2.165250409	127.0316309
chr3	219961926	2.16105329	127.0321354
chr3	219962083	2.385626022	127.0324747
chr3	219991877	2.068615904	127.103552
chr3	219991895	1.54154133	127.1035893
chr3	219991918	1.568329577	127.1036247
chr3	219991923	1.33599182	127.1036326
chr3	219992016	1.557138582	127.1037568
chr3	219992018	1.622616126	127.1037599
chr3	219992172	1.795082087	127.1040098
chr3	219992237	1.674492701	127.1041265
chr3	220001098	1.739462858	127.1189642
chr3	220001155	1.901687179	127.1190633
chr3	220001162	2.046905006	127.1190766
chr3	220001166	2.033905344	127.1190848
chr3	220001385	2.080484811	127.1195303
chr3	220001463	2.15914974	127.1196925
chr3	220001557	2.171545977	127.1198955
chr3	220048359	1.905712542	127.2215282
chr3	220048384	2.35109109	127.2215758
chr3	220048536	3.654527875	127.2219332
chr3	220048546	4.488010788	127.2219697
chr3	220048555	5.391853766	127.2220101
chr3	220048588	5.349422857	127.2221881
chr3	220051981	5.054550423	127.2403387
chr3	220052008	5.07919697	127.2404751
chr3	220052036	4.944071058	127.2406173
chr3	220052122	5.726215608	127.2410425
chr3	220055895	5.739401922	127.2626475
chr3	220055919	10.63397408	127.2627853
chr3	220055926	10.56661103	127.2628597
chr3	220056468	10.13816082	127.2685868
chr3	220056533	10.04194457	127.2692458
chr3	220056582	10.05994662	127.2697379
chr3	220056604	9.988780059	127.2699592
chr3	220056609	10.03032739	127.2700091
chr3	220056637	10.11344826	127.27029
chr3	220056660	10.09263106	127.2705226
chr3	220056667	4.476448453	127.2705932
chr3	220056699	2.916816487	127.2707365
chr3	220057879	2.637207407	127.2741783
chr3	220057894	2.74465507	127.2742179
chr3	220057909	2.387301902	127.2742591
chr3	220145401	1.847134365	127.4831289
chr3	220147333	1.806789317	127.4866975
chr3	220147377	1.831096298	127.486777
chr3	220148819	1.885897094	127.4894175
chr3	220148846	1.849130722	127.4894684
chr3	220148850	1.918887183	127.4894758
chr3	220148894	2.023509538	127.4895602
chr3	220148895	4.323065108	127.4895622
chr3	220149777	5.258861165	127.4933752
chr3	220149873	5.400369668	127.49388
chr3	220150207	6.579041169	127.4956838
chr3	220150348	6.995473672	127.4966114
chr3	220150385	5.063466579	127.4968702
chr3	220150416	6.483887335	127.4970272
chr3	220150446	6.627221786	127.4972217
chr3	220150448	7.929578366	127.497235
chr3	220150726	8.135284305	127.4994394
chr3	220150775	8.209274367	127.499838
chr3	220153860	7.445958234	127.5251636
chr3	220159722	7.064097725	127.5688118
chr3	220159728	7.027866073	127.5688542
chr3	220159772	6.849660219	127.5691635
chr3	220159775	6.545774471	127.569184
chr3	220159780	7.325660995	127.5692167
chr3	220159784	8.244953809	127.569246
chr3	220159800	8.28195267	127.569378
chr3	220160106	8.444699307	127.5719122
chr3	220160168	8.481026576	127.5724358
chr3	220165083	8.533232617	127.6141201
chr3	220173538	8.811876516	127.6862685
chr3	220174716	8.954212749	127.6966489
chr3	220174784	9.141654053	127.6972578
chr3	220174924	9.881425132	127.6985376
chr3	220177003	9.798919294	127.7190811
chr3	220199951	9.724397134	127.9439467
chr3	220200634	15.15498748	127.9505885
chr3	220200640	13.92395048	127.9506794
chr3	220201687	13.77236975	127.9652578
chr3	220201703	6.72265025	127.9654782
chr3	220201706	6.362669589	127.9654983
chr3	220201735	6.020025619	127.9656828
chr3	220201751	6.033823333	127.9657792
chr3	220201841	6.134276597	127.9663222
chr3	220201921	6.212200252	127.9668129
chr3	220208559	5.663067994	128.0080495
chr3	220208604	5.738892106	128.0083044
chr3	220257257	4.377690376	128.2875187
chr3	220261506	4.168505797	128.3061195
chr3	220261507	4.077974905	128.3061237
chr3	220261580	3.673522205	128.3064214
chr3	220261719	3.624901066	128.306932
chr3	220264052	3.314600434	128.3153889
chr3	220264073	3.192279642	128.3154585
chr3	220295970	4.843532196	128.4172826
chr3	220295980	4.818463935	128.4173311
chr3	220295988	4.779246457	128.4173696
chr3	220299147	3.413853179	128.4324672
chr3	220299153	3.361934348	128.4324877
chr3	220299193	3.236130997	128.4326222
chr3	220299201	3.291178615	128.4326481
chr3	220299202	3.401702617	128.4326514
chr3	220299462	3.288493485	128.4335358
chr3	220300597	3.876471856	128.4372683
chr3	220300622	5.118430868	128.4373652
chr3	220300644	5.093298221	128.4374778
chr3	220300905	5.078193813	128.4388071
chr3	220301036	5.036360378	128.4394724
chr3	220305790	4.869585906	128.4634152
chr3	220305811	4.78119953	128.4635175
chr3	220305837	4.07380346	128.4636418
chr3	220305922	3.53858473	128.4639881
chr3	220306081	3.376527328	128.4645507
chr3	220306114	2.402879759	128.4646621
chr3	220306239	2.46438682	128.4649625
chr3	220306281	2.491013009	128.465066
chr3	220306318	2.545822794	128.4651582
chr3	220306349	2.846983525	128.4652371
chr3	220306355	2.812143061	128.4652542
chr3	220306446	3.648722355	128.4655101
chr3	220306449	3.853297684	128.465521
chr3	220306476	3.881417314	128.4656251
chr3	220306505	4.578816354	128.4657376
chr3	220306508	4.725516578	128.4657514
chr3	220331573	4.403462697	128.5841964
chr3	220331578	4.284291272	128.5842185
chr3	220331582	4.49892186	128.5842356
chr3	220331614	4.506397374	128.5843796
chr3	220331617	4.313940426	128.5843931
chr3	220331627	4.676882294	128.5844362
chr3	220331655	4.518850005	128.5845672
chr3	220331656	4.576659748	128.5845717
chr3	220332038	4.814565909	128.58632
chr3	220332043	4.872145553	128.586344
chr3	220332047	5.288110702	128.5863635
chr3	220332471	5.60310607	128.5886057
chr3	220332626	5.713782613	128.5894742
chr3	220353053	5.99402194	128.7061896
chr3	220358632	5.801602211	128.7396303
chr3	220358641	5.298937484	128.7396825
chr3	220365958	4.563048776	128.7784548
chr3	220365990	4.404817259	128.7786008
chr3	220366029	4.841460916	128.7787726
chr3	220366206	4.891843599	128.7796295
chr3	220366216	4.94271822	128.7796785
chr3	220366217	4.89320106	128.7796834
chr3	220366222	4.950375314	128.7797079
chr3	220366289	5.209719656	128.7800395
chr3	220366345	5.314219982	128.7803313
chr3	220366385	5.776280159	128.7805439
chr3	220366516	6.020942471	128.7813005
chr3	220370568	5.926207592	128.8056974
chr3	220370569	6.451444904	128.8057033
chr3	220370571	6.651533417	128.8057162
chr3	220370755	7.098783932	128.8069401
chr3	220370767	7.152976792	128.8070253
chr3	220371735	8.669961931	128.8139494
chr3	220371742	8.793321586	128.8140101
chr3	220390763	8.450722834	128.9812678
chr3	220390859	8.00626682	128.9820791
chr3	220394635	7.845172038	129.0123108
chr3	220395325	6.913206728	129.0177239
chr3	220395351	7.346126396	129.0179037
chr3	220395364	7.431930707	129.0179992
chr3	220395468	6.964077926	129.0187721
chr3	220395470	7.262721919	129.018786
chr3	220395701	7.333939217	129.0204637
chr3	220395708	7.186098457	129.0205151
chr3	220395761	7.277823027	129.0208959
chr3	220396112	7.218350035	129.0234504
chr3	220396174	7.152691767	129.023898
chr3	220397089	7.23982556	129.0304427
chr3	220397180	7.400585069	129.0311015
chr3	220397188	7.487923087	129.0311607
chr3	220397605	6.719605632	129.0342832
chr3	220401647	6.278653068	129.0614438
chr3	220401692	6.106308989	129.0617264
chr3	220435632	6.045406215	129.2689745
chr3	220435844	5.990906926	129.2702561
chr3	220435980	8.770406986	129.2710709
chr3	220436146	8.833472333	129.2725268
chr3	220437668	8.534954739	129.2859713
chr3	220438277	6.703852325	129.2911691
chr3	220438358	6.292365684	129.2917121
chr3	220438385	6.237967452	129.291882
chr3	220438405	6.214552334	129.2920068
chr3	220438484	6.186682949	129.2924977
chr3	220438696	6.173456493	129.2938093
chr3	220438709	5.875456424	129.2938896
chr3	220438710	3.802585546	129.2938954
chr3	220438729	5.178341332	129.2939677
chr3	220438835	5.238062943	129.2945166
chr3	220438840	5.286804758	129.2945428
chr3	220439427	4.708790532	129.2976461
chr3	220439502	4.674459225	129.2979993
chr3	220439532	4.807044258	129.2981395
chr3	220439878	1.980306911	129.2998028
chr3	220533710	1.793813084	129.4856189
chr3	220533728	1.754504927	129.4856512
chr3	220533745	1.732518299	129.485681
chr3	220533932	1.802622638	129.486005
chr3	220534013	1.758359934	129.486151
chr3	220534030	1.737026015	129.4861809
chr3	220553138	1.673960668	129.519372
chr3	220553961	1.497686787	129.5207497
chr3	220553984	1.425284765	129.5207841
chr3	220554035	1.675932184	129.5208568
chr3	220571835	1.578602935	129.5506884
chr3	220572014	1.623626201	129.550971
chr3	220572022	1.404504402	129.550984
chr3	220572070	1.376841908	129.5510514
chr3	220572074	1.383125513	129.5510569
chr3	220572166	1.372648792	129.5511841
chr3	220572674	1.021971003	129.5518814
chr3	220572754	0.9667546102	129.5519632
chr3	220614424	0.9370440495	129.5922479
chr3	220614428	0.8486915412	129.5922516
chr3	220614574	0.7897307358	129.5923755
chr3	220622640	0.6563713839	129.5987455
chr3	220622641	0.5934708481	129.5987462
chr3	220622648	0.8026124174	129.5987503
chr3	220622664	5.768495834	129.5987631
chr3	220623288	5.748509322	129.6023627
chr3	220623400	0.7361852624	129.6030065
chr3	220623809	0.7674804841	129.6033076
chr3	220623822	0.7808811054	129.6033176
chr3	220623868	0.7778992881	129.6033535
chr3	220623871	0.7916407324	129.6033559
chr3	220623882	0.8471264402	129.6033646
chr3	220623907	0.7877462062	129.6033857
chr3	220624002	0.7775693477	129.6034606
chr3	220701173	0.7495780846	129.6634664
chr3	220701269	0.7372656694	129.6635383
chr3	220709436	0.7236381292	129.6695596
chr3	220709600	0.7129019152	129.6696783
chr3	220712227	0.6717196012	129.6715511
chr3	220740722	0.7079684778	129.6906917
chr3	220744586	0.6172075048	129.6934273
chr3	220744679	0.7865635284	129.6934847
chr3	220744727	0.7795008384	129.6935225
chr3	220744751	0.86425905	129.6935412
chr3	220747271	0.8451753476	129.6957191
chr3	220748232	0.9293619652	129.6965313
chr3	220748887	0.9749247957	129.69714
chr3	220869134	0.9663540131	129.8143718
chr3	220870530	0.9221591268	129.8157209
chr3	220870714	1.657204212	129.8158905
chr3	220870725	2.153978223	129.8159088
chr3	220892328	1.572765029	129.8624411
chr3	220892332	1.37596065	129.8624474
chr3	220892334	1.317924387	129.8624502
chr3	220892338	1.21796921	129.8624555
chr3	220892368	1.910226144	129.862492
chr3	220892422	4.446368502	129.8625952
chr3	220899113	2.123887455	129.8923458
chr3	220899115	2.20544361	129.8923501
chr3	220899153	1.727519682	129.8924339
chr3	220899174	1.927439263	129.8924701
chr3	220899192	1.992240726	129.8925048
chr3	220899193	2.419448739	129.8925068
chr3	220899202	2.460688137	129.8925286
chr3	220899259	3.225104853	129.8926689
chr3	220899289	3.306090441	129.8927656
chr3	220899376	3.712208805	129.8930532
chr3	220899673	4.107534403	129.8941558
chr3	220951190	4.047723109	130.1057636
chr3	220951398	6.002090441	130.1066055
chr3	220951734	6.009366429	130.1086222
chr3	220951743	5.86892924	130.1086763
chr3	220955412	4.098721037	130.1302094
chr3	220955667	3.918938347	130.1312546
chr3	220955674	4.154063165	130.131282
chr3	220988344	4.112683605	130.2669953
chr3	220988446	5.965503823	130.2674148
chr3	220988584	5.733253352	130.268238
chr3	220988627	5.691959942	130.2684845
chr3	220988633	5.592884597	130.2685187
chr3	220988651	5.903585963	130.2686194
chr3	220988657	5.862346565	130.2686548
chr3	220988754	6.697234326	130.2692234
chr3	220988762	6.624109546	130.269277
chr3	220989284	6.58307793	130.2727348
chr3	220989582	7.666375716	130.2746966
chr3	220991055	7.9718114	130.2859891
chr3	220991645	7.9317006	130.2906925
chr3	220991787	7.64584397	130.2918188
chr3	220991974	7.645965657	130.2932486
chr3	220992058	7.566437467	130.2938908
chr3	220992089	8.163507346	130.2941254
chr3	220992091	8.152087865	130.2941417
chr3	220992130	8.07542295	130.2944597
chr3	220992231	9.942777506	130.2952753
chr3	220992250	14.4879292	130.2954642
chr3	220992276	14.28706799	130.2958409
chr3	220992285	14.256723	130.2959695
chr3	220992950	14.21737628	130.3054502
chr3	220993120	6.405076479	130.3078671
chr3	220993132	6.398903976	130.307944
chr3	220995955	3.931192646	130.3260081
chr3	220996000	3.825460719	130.326185
chr3	220996012	3.826058936	130.3262309
chr3	220996016	3.849527853	130.3262462
chr3	220996093	13.35982909	130.3265426
chr3	220996097	13.26856742	130.3265961
chr3	220996103	12.12312845	130.3266757
chr3	220996134	12.11553949	130.3270515
chr3	220996237	12.25925527	130.3282994
chr3	220996239	12.27276364	130.3283239
chr3	220996263	12.33386221	130.3286185
chr3	220996481	2.845921952	130.3313072
chr3	220996517	3.902356805	130.3314097
chr3	220996560	4.977574091	130.3315775
chr3	220996831	4.336210872	130.3329264
chr3	220997906	4.298839194	130.3375878
chr3	220998257	4.299434378	130.3390967
chr3	220999991	3.213107778	130.346552
chr3	221000009	2.445361781	130.3466098
chr3	221000049	1.993859479	130.3467076
chr3	221051818	1.927646241	130.4499277
chr3	221052018	1.91335186	130.4503132
chr3	221054892	1.849052317	130.4558122
chr3	221056642	0.8040726512	130.4590481
chr3	221172342	0.7361076428	130.5520793
chr3	221172352	0.8994820222	130.5520866
chr3	221174271	0.8782459455	130.5538127
chr3	221174386	0.9146704172	130.5539137
chr3	221181180	0.9388377009	130.560128
chr3	221181183	0.911502889	130.5601308
chr3	221181261	0.8911496211	130.5602019
chr3	221268892	1.308230639	130.6382942
chr3	221268909	1.357182574	130.6383165
chr3	221268952	1.343850287	130.6383748
chr3	221269276	1.401749904	130.6388103
chr3	221269286	1.357385205	130.6388243
chr3	221269333	1.383712402	130.6388881
chr3	221269334	1.370204013	130.6388895
chr3	221269462	3.35791475	130.6390648
chr3	221269463	3.35412522	130.6390682
chr3	221274192	3.379815663	130.6549299
chr3	221274229	2.624723506	130.6550549
chr3	221274252	2.690696566	130.6551153
chr3	221274652	2.623865706	130.6561916
chr3	221275266	2.66455518	130.6578026
chr3	221275549	2.675177711	130.6585567
chr3	221275550	2.743556737	130.6585594
chr3	221275564	1.607817573	130.6585978
chr3	221275568	1.648693698	130.6586042
chr3	221275592	1.087774744	130.6586438
chr3	221275650	1.128688044	130.6587069
chr3	221275666	1.092263573	130.6587249
chr3	221275847	1.392129472	130.6589226
chr3	221275877	1.41811964	130.6589644
chr3	221275899	1.518861645	130.6589956
chr3	221306037	1.484093263	130.704771
chr3	221306162	1.532856723	130.7049565
chr3	221306310	1.377013913	130.7051834
chr3	221306319	1.438899647	130.7051958
chr3	221365090	1.521995505	130.7897614
chr3	221365741	1.519743994	130.7907522
chr3	221365818	1.360384756	130.7908692
chr3	221365860	1.36661701	130.7909263
chr3	221365930	1.479715376	130.791022
chr3	221366188	1.476952221	130.7914038
chr3	221366200	1.517708675	130.7914215
chr3	221366259	1.523871196	130.791511
chr3	221366301	1.44336687	130.791575
chr3	221366475	1.550917141	130.7918262
chr3	221417763	1.408572669	130.8713696
chr3	221417789	14.00334835	130.8714062
chr3	221417818	14.04664586	130.8718123
chr3	221418088	1.888989596	130.8756049
chr3	221418249	1.994867112	130.8759091
chr3	221418368	2.276303323	130.8761465
chr3	221456657	1.960070573	130.9633038
chr3	221456715	4.235654171	130.9634175
chr3	221456764	6.761083005	130.9636251
chr3	221456828	23.16431471	130.9640578
chr3	221456877	23.63653392	130.9651928
chr3	221456921	23.76972298	130.9662328
chr3	221456953	24.76649967	130.9669935
chr3	221456960	27.82049878	130.9671668
chr3	221456965	27.79093337	130.9673059
chr3	221457043	27.75924752	130.9694736
chr3	221457053	11.3633786	130.9697512
chr3	221457055	11.37475637	130.9697739
chr3	221458153	11.84595372	130.9822634
chr3	221458176	6.22335403	130.9825359
chr3	221458188	4.175533688	130.9826106
chr3	221458223	4.910113589	130.9827567
chr3	221458754	6.944670358	130.985364
chr3	221460555	4.909757832	130.9978713
chr3	221460579	4.92375996	130.9979892
chr3	221460654	3.926983276	130.9983584
chr3	221460958	3.954050735	130.9995522
chr3	221470617	4.488447573	131.0377444
chr3	221470619	3.925695192	131.0377534
chr3	221470760	3.939726451	131.0383069
chr3	221470859	3.678355512	131.038697
chr3	221470860	3.692426591	131.0387006
chr3	221471358	3.425667742	131.0405395
chr3	221471372	3.439746445	131.0405874
chr3	221471483	2.912711602	131.0409692
chr3	221471576	2.953766783	131.0412401
chr3	221471658	3.038525047	131.0414823
chr3	221472756	2.888405474	131.0448186
chr3	221472796	2.902563223	131.0449342
chr3	221472846	2.623764981	131.0450793
chr3	221472860	2.75150851	131.045116
chr3	221484168	2.766244809	131.0762301
chr3	221484379	2.781635752	131.0768138
chr3	221484478	2.826575949	131.0770891
chr3	221484619	1.769575164	131.0774877
chr3	221486678	1.6125227	131.0811312
chr3	221608383	1.53400791	131.2773833
chr3	221611171	1.261009652	131.2816601
chr3	221710192	1.205976053	131.4065266
chr3	221710223	1.175799973	131.406564
chr3	221710334	1.196104846	131.4066945
chr3	221713458	1.305708448	131.4104311
chr3	221713465	1.259948844	131.4104402
chr3	221713585	1.229300069	131.4105914
chr3	221724044	1.183187836	131.4234487
chr3	221724070	1.153117765	131.4234794
chr3	221724135	1.022241605	131.4235544
chr3	221724137	1.348320569	131.4235564
chr3	221724314	1.318259744	131.4237951
chr3	221732993	1.275902427	131.4352363
chr3	221733009	3.137914133	131.4352567
chr3	221733034	3.162353913	131.4353351
chr3	221733365	3.148196164	131.4363819
chr3	221733404	3.105207838	131.4365047
chr3	221733407	3.078265011	131.436514
chr3	221733476	2.879827795	131.4367264
chr3	221733676	2.838017693	131.4373023
chr3	221733678	2.871458282	131.437308
chr3	221733686	2.918206129	131.437331
chr3	221733700	2.979655816	131.4373718
chr3	221734507	2.923373112	131.4397764
chr3	221734954	3.002988763	131.4410832
chr3	221734955	2.960768384	131.4410862
chr3	221734963	0.7320498383	131.4411099
chr3	221734973	0.664354498	131.4411172
chr3	221735085	0.6502869092	131.4411916
chr3	221735111	0.8100595546	131.4412085
chr3	221735180	1.231611955	131.4412644
chr3	221735197	1.606947417	131.4412853
chr3	221735723	1.814997747	131.4421306
chr3	221746368	1.747022044	131.4614512
chr3	221747977	1.45836238	131.4642622
chr3	221780810	5.576875839	131.5121446
chr3	221781290	5.711796698	131.5148215
chr3	221781713	1.617563067	131.5172376
chr3	221792376	1.651418933	131.5344857
chr3	221793613	1.189472596	131.5365285
chr3	221793734	1.001427428	131.5366724
chr3	221793787	1.060501126	131.5367255
chr3	221793820	0.9839843019	131.5367605
chr3	221794836	0.9969841487	131.5377602
chr3	221797031	0.9998225445	131.5399486
chr3	221797038	0.7655660979	131.5399556
chr3	221826377	0.8094681555	131.5624165
chr3	221826386	0.9147046308	131.5624238
chr3	221826484	0.9709027678	131.5625134
chr3	221826529	1.018961945	131.5625571
chr3	221826538	0.9374319214	131.5625663
chr3	221828827	0.9275418063	131.5647121
chr3	221891847	0.8899878991	131.6231658
chr3	221891900	0.8147621548	131.6232129
chr3	221891994	0.7438615638	131.6232895
chr3	221892018	0.7000326062	131.6233074
chr3	221892047	0.6106926592	131.6233277
chr3	221892128	0.624822944	131.6233772
chr3	221892587	0.8489085655	131.6236639
chr3	221901340	0.8067274265	131.6310944
chr3	221901359	0.872246838	131.6311098
chr3	221901399	0.9378151589	131.6311447
chr3	221901405	0.9816242965	131.6311503
chr3	221901409	1.040736437	131.6311542
chr3	221901486	1.123016083	131.6312343
chr3	221902894	1.291734485	131.6328156
chr3	221902915	1.752179505	131.6328427
chr3	221902950	1.8124673	131.632904
chr3	221902976	1.933094145	131.6329511
chr3	221902979	1.992639462	131.6329569
chr3	221903076	2.131295459	131.6331502
chr3	221903263	2.199004704	131.6335488
chr3	221903290	2.487683862	131.6336081
chr3	221955031	2.345921506	131.7623234
chr3	221957298	2.150394311	131.7676416
chr3	221957607	1.949091778	131.7683061
chr3	221957637	2.018163854	131.7683645
chr3	221957662	1.615210905	131.768415
chr3	221957664	1.484023969	131.7684182
chr3	221957722	1.455403228	131.7685043
chr3	221957740	2.981704638	131.7685305
chr3	221957747	4.090586383	131.7685514
chr3	221957761	4.146360776	131.7686086
chr3	221957792	4.592248671	131.7687372
chr3	221957826	5.176424524	131.7688933
chr3	221957870	6.858627216	131.7691211
chr3	221957871	7.588229213	131.7691279
chr3	221958406	8.400937036	131.7731876
chr3	221958632	8.39889858	131.7750862
chr3	221958646	8.46930069	131.7752038
chr3	221960063	9.571203739	131.7872048
chr3	221960157	8.044902329	131.7881045
chr3	221960252	8.043468748	131.7888688
chr3	221960403	8.465414362	131.7900834
chr3	221962881	8.515432334	131.8110606
chr3	221963336	6.818949514	131.8149352
chr3	221963387	5.709120841	131.8152829
chr3	221963817	8.141457843	131.8177379
chr3	221964085	8.12127638	131.8199198
chr3	221964141	7.608765759	131.8203746
chr3	221964889	6.528917517	131.8260659
chr3	221964933	6.469372201	131.8263532
chr3	221968165	4.557527332	131.8472622
chr3	221968401	4.207188252	131.8483378
chr3	221968460	9.371901284	131.848586
chr3	221968523	9.449662514	131.8491764
chr3	221969069	9.565506616	131.8543359
chr3	221969070	3.517850033	131.8543455
chr3	221969146	2.460952523	131.8546129
chr3	221969189	2.539934079	131.8547187
chr3	222011002	4.037132157	131.960921
chr3	222011046	4.377526577	131.9610986
chr3	222013437	5.672219908	131.9715653
chr3	222013550	5.728061612	131.9722062
chr3	222015674	5.630927534	131.9843726
chr3	222015681	5.382190166	131.984412
chr3	222015703	4.383391525	131.9845304
chr3	222015897	4.176196214	131.9853808
chr3	222015964	1.0461996	131.9856606
chr3	222015966	1.013874347	131.9856627
chr3	222016315	0.7471231258	131.9860166
chr3	222078614	0.6889837975	132.0325616
chr3	222079571	0.6351829467	132.0332209
chr3	222079606	0.6441158169	132.0332432
chr3	222079613	0.5882741145	132.0332477
chr3	222081813	0.4465202043	132.0345419
chr3	222081895	0.473823244	132.0345785
chr3	222134027	0.5287171313	132.0592799
chr3	222134361	0.3764309137	132.0594564
chr3	222134376	0.3878427867	132.0594621
chr3	222134754	0.3656587637	132.0596087
chr3	222134756	0.315140447	132.0596094
chr3	222135110	0.3478742824	132.059721
chr3	222135214	0.4420830693	132.0597572
chr3	222135698	0.447626784	132.0599711
chr3	222136604	0.4556364382	132.0603767
chr3	222138697	0.4267467364	132.0613303
chr3	222138750	0.4261005466	132.0613529
chr3	222247809	0.3933667116	132.107823
chr3	222247817	0.3119319782	132.1078262
chr3	222247845	0.34747425	132.1078349
chr3	222247944	0.3402671069	132.1078693
chr3	222247946	0.3272341473	132.10787
chr3	222247947	0.3528240855	132.1078703
chr3	222248010	0.464354598	132.1078926
chr3	222248034	0.4795216029	132.1079037
chr3	222248126	0.4947644992	132.1079478
chr3	222334607	0.5782907915	132.1507356
chr3	222335638	0.5312375202	132.1513318
chr3	222335888	0.6063412754	132.1514646
chr3	222337651	0.6247214753	132.1525336
chr3	222392098	0.6259387959	132.1865478
chr3	222392108	0.5747477392	132.186554
chr3	222392140	0.5491815694	132.1865724
chr3	222392203	0.4761476561	132.186607
chr3	222392452	0.5881148643	132.1867256
chr3	222392645	0.5737845369	132.1868391
chr3	222393007	0.6095745204	132.1870468
chr3	222393166	0.7118237736	132.1871437
chr3	222393203	0.6403919004	132.1871701
chr3	222393919	1.32206499	132.1876286
chr3	222393973	1.384453086	132.1877
chr3	222394088	1.505101992	132.1878592
chr3	222394144	1.643694391	132.1879435
chr3	222398867	1.683620693	132.1957066
chr3	222400348	1.148933657	132.1982001
chr3	222400761	1.158147396	132.1986746
chr3	222453000	1.27101216	132.259175
chr3	222453076	1.243602384	132.2592716
chr3	222453104	1.181214288	132.2593065
chr3	222457579	1.227960768	132.2645924
chr3	222457620	1.341383381	132.2646427
chr3	222457621	1.450776689	132.2646441
chr3	222457642	1.439364816	132.2646746
chr3	222457661	1.381335928	132.2647019
chr3	222490131	2.129850356	132.3095539
chr3	222490145	2.001184846	132.3095837
chr3	222491155	1.963157504	132.3116049
chr3	222491264	9.592523216	132.3118189
chr3	222491311	9.514942563	132.3122697
chr3	222491344	12.41212669	132.3125837
chr3	222491345	12.42152356	132.3125961
chr3	222492532	9.418843368	132.3273405
chr3	222492571	6.412265937	132.3277078
chr3	222492583	6.403333066	132.3277848
chr3	222492777	6.683465992	132.329027
chr3	222492799	7.018459604	132.329174
chr3	222492815	11.2722501	132.3292863
chr3	222492828	6.554417222	132.3294329
chr3	222492871	7.396724315	132.3297147
chr3	222494482	6.896521777	132.3416308
chr3	222494625	6.857391668	132.342617
chr3	222494626	4.820356587	132.3426239
chr3	222505010	4.516454247	132.3926785
chr3	222505081	3.948703416	132.3929992
chr3	222505093	2.704523256	132.3930465
chr3	222505109	14.48152907	132.3930898
chr3	222505112	14.18153147	132.3931333
chr3	222505200	14.2622048	132.3943812
chr3	222505330	14.36467252	132.3962353
chr3	222505400	1.834128714	132.3972408
chr3	222505913	1.843917605	132.3981818
chr3	222505921	1.88434089	132.3981965
chr3	222505922	1.923173522	132.3981984
chr3	222505936	1.935649325	132.3982253
chr3	222505946	1.695404282	132.3982447
chr3	222505957	1.69435938	132.3982633
chr3	222505972	1.734258476	132.3982887
chr3	222506063	1.468276307	132.3984466
chr3	222506076	1.476139037	132.3984656
chr3	222506105	1.517156511	132.3985084
chr3	222506242	1.241737683	132.3987163
chr3	222592387	3.209241954	132.5056858
chr3	222596044	3.168224481	132.517422
chr3	222596053	3.192999971	132.5174505
chr3	222596137	6.973282634	132.5177187
chr3	222596639	6.873044804	132.5212193
chr3	222596657	6.831676727	132.521343
chr3	222596731	11.22294617	132.5218486
chr3	222596756	5.222869647	132.5221291
chr3	222596804	5.291368964	132.5223798
chr3	222596899	5.344888825	132.5228825
chr3	222597182	8.314931254	132.5243951
chr3	222598295	8.333073093	132.5336496
chr3	222598432	6.153322559	132.5347913
chr3	222598434	1.206573355	132.5348036
chr3	222598546	1.503116238	132.5349387
chr3	222598548	1.750152256	132.5349417
chr3	222598576	1.975509593	132.5349907
chr3	222665828	1.959347408	132.6678477
chr3	222666113	2.154980024	132.6684061
chr3	222666114	2.300142905	132.6684083
chr3	222666290	2.443467484	132.6688131
chr3	222666392	2.791820558	132.6690623
chr3	222666461	2.764836372	132.669255
chr3	222666464	2.956044319	132.6692632
chr3	222666515	3.052843639	132.669414
chr3	222666528	3.098659946	132.6694537
chr3	222666530	3.109407956	132.6694599
chr3	222666532	3.233472741	132.6694661
chr3	222666607	3.27111747	132.6697086
chr3	222666663	3.346220019	132.6698918
chr3	222668082	3.234791758	132.6746401
chr3	222742736	2.87983479	132.9161302
chr3	222742912	2.659315278	132.9166371
chr3	222742928	2.610943541	132.9166796
chr3	222742946	2.386971146	132.9167266
chr3	222744913	2.042911081	132.9214218
chr3	222744953	2.243482352	132.9215035
chr3	222753003	2.383408352	132.9395636
chr3	222753026	2.393291267	132.9396184
chr3	222753092	2.378401693	132.9397763
chr3	222755624	2.458569251	132.9457984
chr3	222755753	2.376098892	132.9461156
chr3	222764578	2.316774487	132.9670847
chr3	222764597	2.29455398	132.9671287
chr3	222764603	2.256938416	132.9671425
chr3	222764604	2.219293696	132.9671447
chr3	222767839	2.128217465	132.9743241
chr3	222767862	2.080213822	132.9743731
chr3	222767905	2.045673838	132.9744625
chr3	222767913	2.308794805	132.9744789
chr3	222767948	2.272568846	132.9745597
chr3	222767972	2.090773022	132.9746142
chr3	222768160	2.238290553	132.9750073
chr3	222768200	2.345897074	132.9750968
chr3	222769303	2.363288236	132.9776844
chr3	222769443	2.341701722	132.9780152
chr3	222770127	2.558271153	132.9796169
chr3	222801149	5.472159258	133.0589796
chr3	222801216	5.291883543	133.0593463
chr3	222801389	20.30811494	133.0602618
chr3	222801391	20.27174128	133.0603024
chr3	222801420	20.13939445	133.0608903
chr3	222801421	20.14873766	133.0609104
chr3	222801430	19.88627987	133.0610917
chr3	222801634	4.622603151	133.0651485
chr3	222801641	4.387653896	133.0651809
chr3	222801655	13.04119901	133.0652423
chr3	222801755	13.05419508	133.0665464
chr3	222801756	13.09972791	133.0665595
chr3	222801764	13.07244915	133.0666643
chr3	222801850	13.11803488	133.0677885
chr3	222801915	23.37200829	133.0686412
chr3	222801916	23.41763122	133.0686646
chr3	222802083	15.21877335	133.0725753
chr3	222802145	15.28372754	133.0735189
chr3	222802154	15.32948515	133.0736564
chr3	222802184	15.48672936	133.0741163
chr3	222802278	2.266885247	133.0755721
chr3	222802282	2.493677336	133.0755811
chr3	222802342	2.519367778	133.0757308
chr3	222802371	2.545049284	133.0758038
chr3	222802372	2.590575935	133.0758064
chr3	222802408	2.681853149	133.0758996
chr3	222802462	3.001863291	133.0760444
chr3	222802501	3.315844289	133.0761615
chr3	222802887	3.36200383	133.0774414
chr3	222802990	3.526490294	133.0777877
chr3	222827577	3.610439856	133.1644935
chr3	222843905	3.522231006	133.2234448
chr3	222882776	2.536365505	133.3603574
chr3	222882806	2.307172593	133.3604335
chr3	222882807	2.250362683	133.3604358
chr3	222882940	2.212730154	133.3607351
chr3	222883052	5.617989559	133.360983
chr3	222883403	11.38601448	133.3629549
chr3	222883404	11.2954877	133.3629663
chr3	222883405	11.33313167	133.3629776
chr3	222883674	11.4278642	133.3660262
chr3	222883788	11.48721504	133.3673289
chr3	222883816	11.45540009	133.3676506
chr3	222883930	11.51048423	133.3689565
chr3	222883979	11.43851365	133.3695205
chr3	222884050	11.55422169	133.3703327
chr3	222884052	2.552632992	133.3703558
chr3	222885628	2.6277067	133.3743787
chr3	222885647	2.666232034	133.3744286
chr3	222945939	2.626892538	133.5351811
chr3	222945945	2.390519558	133.5351969
chr3	222945963	2.331050075	133.5352399
chr3	222945996	2.420112882	133.5353168
chr3	222946003	2.271067389	133.5353338
chr3	222946018	2.134754821	133.5353678
chr3	222949270	2.233593919	133.54231
chr3	222949297	2.27783246	133.5423704
chr3	222949303	2.196076963	133.542384
chr3	222949324	2.140642231	133.5424301
chr3	222949345	2.085224988	133.5424751
chr3	222949464	2.199568828	133.5427232
chr3	222981364	2.161035042	133.6128895
chr3	222981404	4.016244521	133.6129759
chr3	222981422	5.272999474	133.6130482
chr3	222981424	5.265254705	133.6130588
chr3	222981559	5.960356261	133.6137696
chr3	222981574	6.594544073	133.613859
chr3	222985514	8.523610488	133.6398415
chr3	222986588	11.83533568	133.6489958
chr3	222986594	12.79861263	133.6490668
chr3	222986627	12.79902918	133.6494892
chr3	222986902	12.81736538	133.6530089
chr3	222986931	15.98596197	133.6533806
chr3	222987069	15.89821323	133.6555867
chr3	222987391	14.92007037	133.6607059
chr3	222987417	16.08287641	133.6610938
chr3	222987418	11.78133657	133.6611099
chr3	222987425	11.78294945	133.6611924
chr3	222987442	11.83393556	133.6613927
chr3	222987489	11.86698493	133.6619489
chr3	222987500	11.88013002	133.6620794
chr3	222987502	17.17871898	133.6621032
chr3	222987557	17.32575863	133.663048
chr3	222988088	12.10684125	133.672248
chr3	222988197	6.819417054	133.6735677
chr3	222988212	2.347940599	133.6736699
chr3	222988365	2.385070047	133.6740292
chr3	222990676	2.754064494	133.6795411
chr3	222994523	2.875412613	133.690136
chr3	223081579	2.836176365	133.9404579
chr3	223081871	2.824373907	133.941286
chr3	223084182	2.706015604	133.9478132
chr3	223084207	3.174448086	133.9478808
chr3	223084733	3.144955794	133.9495506
chr3	223084749	3.077005776	133.9496009
chr3	223084756	5.231077779	133.9496224
chr3	223084768	5.152250281	133.9496852
chr3	223086251	5.139259178	133.957326
chr3	223086439	2.98318085	133.9582922
chr3	223087618	2.946373698	133.9618094
chr3	223087646	3.330914185	133.9618919
chr3	223087691	15.27291432	133.9620417
chr3	223087716	15.0871035	133.9624236
chr3	223087722	14.99228484	133.9625141
chr3	223087746	15.32716778	133.9628739
chr3	223087796	15.3005317	133.9636403
chr3	223087947	15.29908537	133.9659506
chr3	223087998	5.421942284	133.9667309
chr3	223088002	5.952061943	133.9667526
chr3	223088011	6.743483218	133.9668062
chr3	223088021	7.086940114	133.9668736
chr3	223089609	7.053889091	133.9781276
chr3	223089990	6.985103787	133.9808152
chr3	223090196	7.474460688	133.9822541
chr3	223090199	12.02038886	133.9822765
chr3	223093253	12.08907404	134.0189868
chr3	223096721	12.05532317	134.0609117
chr3	223096734	12.05248478	134.0610684
chr3	223096931	12.01880694	134.0634428
chr3	223096957	11.60643599	134.0637553
chr3	223098553	11.59786614	134.0822791
chr3	223098582	11.26053343	134.0826155
chr3	223098749	18.20793552	134.084496
chr3	223098762	25.0795224	134.0847327
chr3	223098763	24.57439327	134.0847578
chr3	223098765	23.97823337	134.0848069
chr3	223098986	23.64249707	134.0901061
chr3	223099033	38.10944023	134.0912173
chr3	223099112	37.74434131	134.0942279
chr3	223099181	37.41407537	134.0968323
chr3	223099272	37.38105321	134.100237
chr3	223099280	23.25238788	134.100536
chr3	223099288	48.03087565	134.100722
chr3	223099382	8.995674168	134.105237
chr3	223099402	3.113305738	134.1054169
chr3	223099404	3.281777174	134.1054231
chr3	223099424	3.592043829	134.1054887
chr3	223099432	3.654105509	134.1055175
chr3	223099447	3.816357356	134.1055723
chr3	223103341	2.840452484	134.1204332
chr3	223111167	2.917721832	134.1426626
chr3	223111549	2.761080054	134.1437771
chr3	223156766	2.980032473	134.2686249
chr3	223158874	5.32853808	134.2749068
chr3	223158882	5.443029559	134.2749494
chr3	223158906	5.314640561	134.27508
chr3	223158910	5.918994871	134.2751013
chr3	223163127	6.109182555	134.3000617
chr3	223163157	6.218901215	134.300245
chr3	223163175	6.326469972	134.3003569
chr3	223163254	7.333961341	134.3008567
chr3	223163271	10.39297485	134.3009814
chr3	223167357	10.49790961	134.3434471
chr3	223167358	8.69263899	134.3434576
chr3	223167404	9.257996226	134.3438574
chr3	223167406	9.549032064	134.343876
chr3	223167428	9.718100373	134.344086
chr3	223177785	10.03992455	134.4447364
chr3	223177849	10.94311554	134.445379
chr3	223177852	10.89610305	134.4454118
chr3	223182479	10.85169654	134.4958281
chr3	223182524	10.66150886	134.4963164
chr3	223182578	11.02850752	134.4968921
chr3	223182614	11.12275109	134.4972891
chr3	223184505	11.58550454	134.5183223
chr3	223184531	11.44172037	134.5186235
chr3	223184539	12.67776305	134.518715
chr3	223189248	15.55849079	134.5784146
chr3	223189268	18.65543183	134.5787258
chr3	223189304	19.24283512	134.5793974
chr3	223192465	20.08024516	134.640224
chr3	223192477	19.76811361	134.6404649
chr3	223192630	20.57193575	134.6434895
chr3	223193406	22.74505218	134.6594533
chr3	223193407	17.66551474	134.659476
chr3	223193447	16.70201448	134.6601826
chr3	223193462	13.88178134	134.6604332
chr3	223195650	13.7869076	134.6908065
chr3	223195849	13.75199074	134.6935501
chr3	223195878	13.89799424	134.6939489
chr3	223196259	10.86311507	134.699244
chr3	223196261	9.837778889	134.6992658
chr3	223196284	16.47279779	134.699492
chr3	223196376	17.32507852	134.7010075
chr3	223196771	17.49919769	134.7078509
chr3	223196780	17.65908115	134.7080084
chr3	223196840	9.985865247	134.709068
chr3	223197157	9.876998149	134.7122335
chr3	223197470	2.881640882	134.715325
chr3	223197572	3.227515128	134.7156189
chr3	223197606	3.22762434	134.7157287
chr3	223197630	3.492790959	134.7158061
chr3	223220731	3.524822204	134.7964931
chr3	223221145	16.4971628	134.7979524
chr3	223221148	16.47966888	134.7980019
chr3	223221420	2.169993695	134.8024843
chr3	223221459	2.015555277	134.802569
chr3	223221610	2.044834775	134.8028733
chr3	223221642	1.891353726	134.8029387
chr3	223221650	1.909639082	134.8029539
chr3	223221676	1.825465615	134.8030035
chr3	223221717	1.948731084	134.8030784
chr3	223221758	1.75741817	134.8031583
chr3	223221778	1.789743276	134.8031934
chr3	223222255	1.732549271	134.8040471
chr3	223231137	1.657583651	134.8194356
chr3	223231568	1.551539311	134.82015
chr3	223231730	1.711490012	134.8204014
chr3	223231764	1.622738016	134.8204596
chr3	223231822	1.526708484	134.8205537
chr3	223231833	1.649604048	134.8205705
chr3	223317577	1.617158932	134.9620141
chr3	223317606	1.584591121	134.962061
chr3	223323955	1.548507958	134.9721216
chr3	223323967	1.519313265	134.9721402
chr3	223335290	1.492526131	134.9893434
chr3	223335512	1.500349472	134.9896747
chr3	223335864	1.65223472	134.9902028
chr3	223335902	1.587878368	134.9902656
chr3	223340203	1.648762817	134.9970951
chr3	223340219	1.560713288	134.9971215
chr3	223347512	1.669863135	135.0085038
chr3	223347572	1.918478163	135.0086039
chr3	223347605	2.068746785	135.0086673
chr3	223347622	2.18331251	135.0087024
chr3	223347652	2.231061285	135.0087679
chr3	223347664	2.376223185	135.0087947
chr3	223347827	2.400472221	135.009182
chr3	223347832	2.480860027	135.009194
chr3	223347965	2.449093842	135.009524
chr3	223359621	2.587238874	135.0380706
chr3	223360057	3.025749799	135.0391987
chr3	223361970	3.106441661	135.0449869
chr3	223364371	3.173138981	135.0524455
chr3	223364383	3.203397804	135.0524836
chr3	223367334	3.868091019	135.0619368
chr3	223367433	4.300031662	135.0623197
chr3	223367448	4.274768898	135.0623842
chr3	223367452	4.54848806	135.0624013
chr3	223367477	5.271688557	135.062515
chr3	223367567	5.337737013	135.0629895
chr3	223368675	5.557016092	135.0689037
chr3	223405074	5.492927448	135.2711735
chr3	223405852	5.415472253	135.275447
chr3	223406067	5.319937603	135.2766114
chr3	223406084	14.76987402	135.2767018
chr3	223406143	17.03531651	135.2775732
chr3	223406540	17.47238428	135.2843362
chr3	223406590	10.94160258	135.2852099
chr3	223406592	11.06682879	135.2852317
chr3	223406622	10.97258762	135.2855637
chr3	223407034	11.19801203	135.2900844
chr3	223407154	11.24298786	135.2914282
chr3	223407160	11.47013339	135.2914957
chr3	223407550	11.70288231	135.295969
chr3	223407593	12.6914349	135.2964722
chr3	223407675	12.59360617	135.2975129
chr3	223407683	13.28760663	135.2976137
chr3	223407688	13.44170795	135.2976801
chr3	223407716	8.871399968	135.2980565
chr3	223423399	7.974146286	135.4371867
chr3	223423400	5.446661561	135.4371946
chr3	223423401	5.354209819	135.4372001
chr3	223423421	4.648392036	135.4373072
chr3	223423422	3.860895514	135.4373118
chr3	223424912	3.350009164	135.4430645
chr3	223425015	3.23642591	135.4434096
chr3	223427014	3.284952841	135.4498792
chr3	223427068	3.244659791	135.4500566
chr3	223427194	3.202252294	135.4504654
chr3	223427298	3.543934391	135.4507985
chr3	223427345	3.635223166	135.450965
chr3	223427347	3.635034621	135.4509723
chr3	223427365	3.666088972	135.4510377
chr3	223429309	4.018878323	135.4581646
chr3	223429329	4.129044328	135.458245
chr3	223429330	3.612370498	135.4582491
chr3	223429380	3.767665215	135.4584297
chr3	223429392	3.897191948	135.4584749
chr3	223429397	4.022696014	135.4584944
chr3	223464321	4.512055253	135.5989831
chr3	223464624	5.814381907	135.6003502
chr3	223464686	5.464526898	135.6007107
chr3	223464836	6.715059271	135.6015304
chr3	223464838	7.013248079	135.6015438
chr3	223466347	6.905615645	135.6121268
chr3	223466454	6.939469037	135.6128657
chr3	223467682	6.843153688	135.6213874
chr3	223467726	6.925049509	135.6216885
chr3	223467732	5.600892199	135.62173
chr3	223467756	6.213199178	135.6218644
chr3	223467786	3.619089326	135.6220508
chr3	223472972	2.318228827	135.6408194
chr3	223473073	2.233934197	135.6410536
chr3	223473075	2.463998646	135.6410581
chr3	223532879	2.339969047	135.788415
chr3	223533767	2.279185575	135.7904929
chr3	223533915	2.223399603	135.7908302
chr3	223534749	1.256807739	135.7926846
chr3	223534756	1.201771628	135.7926934
chr3	223541529	1.168872273	135.800833
chr3	223542084	1.137789141	135.8014817
chr3	223542111	1.105737301	135.8015124
chr3	223542147	1.056127015	135.8015522
chr3	223542299	1.063914365	135.8017127
chr3	223542318	0.9497733874	135.8017329
chr3	223542379	0.9932184303	135.8017909
chr3	223542412	1.014762543	135.8018237
chr3	223542423	0.9821488047	135.8018348
chr3	223542553	1.22987125	135.8019625
chr3	223542562	1.180536297	135.8019736
chr3	223543963	1.215448196	135.8036275
chr3	223546159	1.064455134	135.8062966
chr3	223546691	1.074550568	135.8068629
chr3	223547377	1.036746373	135.8076001
chr3	223547384	1.033438477	135.8076073
chr3	223558312	1.057158624	135.8189007
chr3	223559964	1.098298686	135.8206472
chr3	223560010	1.046357206	135.8206977
chr3	223560021	1.081899469	135.8207092
chr3	223560059	1.164711724	135.8207503
chr3	223560101	0.8997195798	135.8207992
chr3	223560203	1.008044828	135.820891
chr3	223560225	1.003440785	135.8209132
chr3	223647439	0.9499052797	135.9084273
chr3	223647975	0.9578808241	135.9089364
chr3	223647978	0.9426263337	135.9089393
chr3	223648005	0.8220030693	135.9089647
chr3	223648377	0.7992720534	135.9092705
chr3	223649631	0.7643601521	135.9102728
chr3	223649635	0.7232200926	135.9102759
chr3	223650028	0.7700582951	135.9105601
chr3	223650303	0.9553385064	135.9107718
chr3	223650326	0.9793302037	135.9107938
chr3	223650333	1.246440693	135.9108007
chr3	223709944	1.594474251	135.9851023
chr3	223712082	1.792192957	135.9885112
chr3	223712146	1.678283711	135.9886259
chr3	223712171	2.008029811	135.9886679
chr3	223712207	2.038457758	135.9887402
chr3	223712241	2.016739713	135.9888095
chr3	223713884	2.525263113	135.992123
chr3	223715389	3.549595598	135.9959235
chr3	223718680	6.024304016	136.0076052
chr3	223718809	12.57319698	136.0083824
chr3	223719590	17.51271365	136.018202
chr3	223719617	20.92664492	136.0186749
chr3	223720681	29.75092356	136.0409408
chr3	223721144	34.40750566	136.0547155
chr3	223721306	50.52920309	136.0602895
chr3	223721485	49.21402644	136.0693343
chr3	223721501	49.19966521	136.0701217
chr3	223721515	23.52731124	136.0708105
chr3	223721635	100.4094385	136.0736337
chr3	223721683	25.97913727	136.0784534
chr3	223721688	26.54928336	136.0785833
chr3	223721725	22.31766359	136.0795656
chr3	223721727	24.14846782	136.0796103
chr3	223721748	22.12438379	136.0801174
chr3	223721848	22.19125112	136.0823298
chr3	223722242	21.4000664	136.0910732
chr3	223722982	20.32282609	136.1069092
chr3	223722997	20.39915222	136.1072141
chr3	223723002	20.40284133	136.1073161
chr3	223723053	20.44065172	136.1083566
chr3	223723100	18.33861725	136.1093173
chr3	223723304	16.64706717	136.1130584
chr3	223723694	16.23563192	136.1195507
chr3	223723713	6.23929927	136.1198592
chr3	223723742	4.408495048	136.1200402
chr3	223723818	4.435523582	136.1203752
chr3	223723989	1.202943552	136.1211337
chr3	223724154	1.208814372	136.1213322
chr3	223724368	1.27143194	136.1215908
chr3	223724381	1.338348351	136.1216074
chr3	223724420	1.344954888	136.1216596
chr3	223724840	1.372070637	136.1222245
chr3	223724887	1.399178415	136.1222889
chr3	223728790	1.33048294	136.1277499
chr3	223777018	1.270909162	136.1919165
chr3	223829995	1.257745565	136.2592454
chr3	223830264	1.223594462	136.2595838
chr3	223836080	1.190955619	136.2667002
chr3	223836107	1.158132955	136.2667323
chr3	223836222	0.9984217494	136.2668655
chr3	223836225	0.9439521712	136.2668685
chr3	223836291	0.9071259937	136.2669308
chr3	223860297	0.9239465852	136.2887073
chr3	223860306	0.9056493536	136.2887156
chr3	223860889	0.6835231965	136.2892436
chr3	223860910	22.72304869	136.2892579
chr3	223860976	22.65131596	136.2907577
chr3	223861060	22.62440239	136.2926604
chr3	223861078	0.6823172869	136.2930676
chr3	223861760	0.5448436538	136.293533
chr3	223884133	0.6245988402	136.3057227
chr3	223884134	0.6363719103	136.3057234
chr3	223884211	0.5518526794	136.3057724
chr3	223889978	0.5612434501	136.3089549
chr3	223890012	0.5981255045	136.308974
chr3	223892128	0.6068220198	136.3102396
chr3	223892242	0.6152457669	136.3103088
chr3	224010489	0.9270333352	136.3830598
chr3	224016021	0.944074614	136.3881881
chr3	224016025	0.9115107586	136.3881919
chr3	224016038	0.8709068206	136.3882037
chr3	224016084	0.8813440365	136.3882438
chr3	224022321	0.5695564682	136.3937407
chr3	224036053	0.5711649612	136.4015619
chr3	224079778	0.5696108037	136.4265361
chr3	224079791	0.5887372498	136.4265435
chr3	224086288	0.566488144	136.4303685
chr3	224086330	0.581616648	136.4303923
chr3	224272669	0.6338925639	136.5387702
chr3	224272699	0.7030773376	136.5387892
chr3	224277527	0.6823581174	136.5421836
chr3	224277648	0.675706961	136.5422662
chr3	224282817	1.00253132	136.5457589
chr3	224282818	1.011023029	136.5457599
chr3	224282850	1.098867778	136.5457923
chr3	224316183	1.089482634	136.5824209
chr3	224316227	1.063869602	136.5824688
chr3	224316293	1.087644111	136.582539
chr3	224316329	1.195543618	136.5825782
chr3	224316551	1.476209359	136.5828436
chr3	224326021	6.053892162	136.5968233
chr3	224326045	6.122014014	136.5969686
chr3	224326046	6.243480672	136.5969747
chr3	224326792	1.606526441	136.6016323
chr3	224326875	1.675493921	136.6017657
chr3	224330179	1.65194167	136.6073015
chr3	224330600	1.725656737	136.607997
chr3	224330696	1.648606872	136.6081626
chr3	224332550	2.076526665	136.6112191
chr3	224340402	2.112075748	136.627524
chr3	224340404	2.146515705	136.6275283
chr3	224342839	1.507304866	136.632755
chr3	224345523	1.317898361	136.6368006
chr3	224345854	1.35730435	136.6372369
chr3	224345916	1.174154028	136.637321
chr3	224346046	1.167005373	136.6374736
chr3	224352516	0.9773939548	136.6450242
chr3	224352528	1.102727406	136.6450359
chr3	224352544	1.379305305	136.6450535
chr3	224352559	1.551227881	136.6450742
chr3	224352589	1.683647222	136.6451208
chr3	224352592	1.630775518	136.6451258
chr3	224352600	1.80273582	136.6451389
chr3	224379803	1.66740178	136.6941787
chr3	224379806	1.521663304	136.6941837
chr3	224379822	1.583756323	136.694208
chr3	224379849	1.448576019	136.6942508
chr3	224379887	1.438437477	136.6943058
chr3	224379901	1.439933981	136.694326
chr3	224379924	1.412652989	136.6943591
chr3	224380199	1.344531142	136.6947476
chr3	224380340	1.467833074	136.6949372
chr3	224380365	1.409585086	136.6949739
chr3	224380448	1.33216739	136.6950909
chr3	224380557	1.34294803	136.6952361
chr3	224380614	1.375007258	136.6953126
chr3	224380619	1.436947022	136.6953195
chr3	224380639	1.584306479	136.6953482
chr3	224380645	1.131299712	136.6953577
chr3	224380656	1.197256219	136.6953702
chr3	224436393	1.204875515	136.7621016
chr3	224439195	1.217874537	136.7654777
chr3	224439234	1.441610898	136.7655252
chr3	224439238	1.378656405	136.765531
chr3	224439471	1.339250416	136.7658522
chr3	224440178	1.111885462	136.766799
chr3	224440262	1.079374045	136.7668924
chr3	224442957	1.052198551	136.7698014
chr3	224444176	1.029880716	136.771084
chr3	224444849	1.118229637	136.7717771
chr3	224446959	1.131525693	136.7741366
chr3	224446975	1.144801701	136.7741547
chr3	224447003	1.184752183	136.7741867
chr3	224447060	0.7133657149	136.7742542
chr3	224447064	0.7399201181	136.7742571
chr3	224447068	0.7665805588	136.7742601
chr3	224447520	0.7939838724	136.7746066
chr3	224447521	0.8072860304	136.7746074
chr3	224447548	0.7676435837	136.7746291
chr3	224453597	0.7896636784	136.7792726
chr3	224473946	0.796093655	136.7953415
chr3	224609100	0.771755356	136.9029367
chr3	224609361	0.897961396	136.9031382
chr3	224645232	0.8883004004	136.9353489
chr3	224722751	0.8300111341	137.0042091
chr3	224722935	3.170791913	137.0043618
chr3	224722990	5.158429076	137.0045362
chr3	224722991	5.083267067	137.0045414
chr3	224723163	6.803915624	137.0054157
chr3	224724292	13.58529524	137.0130973
chr3	224724298	13.57196661	137.0131788
chr3	224724415	13.50840474	137.0147667
chr3	224724511	30.41317968	137.0160635
chr3	224724808	30.38041953	137.0250963
chr3	224724836	21.60062687	137.0259469
chr3	224724842	21.59608804	137.0260765
chr3	224724850	21.5429057	137.0262493
chr3	224724883	11.47576901	137.0269602
chr3	224724914	20.98169654	137.027316
chr3	224724922	20.95512399	137.0274838
chr3	224725153	22.93990183	137.0323244
chr3	224725301	25.39357318	137.0357195
chr3	224725307	66.88935215	137.0358719
chr3	224725472	44.53134907	137.0469086
chr3	224725484	23.68914281	137.047443
chr3	224725495	5.018321247	137.0477036
chr3	224725510	10.14423287	137.0477789
chr3	224725511	20.28863083	137.047789
chr3	224725561	22.97354387	137.0488035
chr3	224725577	23.03989812	137.049171
chr3	224725595	28.17257547	137.0495858
chr3	224726005	20.70482141	137.0611365
chr3	224726361	25.02138184	137.0685074
chr3	224726365	21.86696622	137.0686075
chr3	224726367	21.89800751	137.0686512
chr3	224726893	16.57821464	137.0801696
chr3	224726895	17.90066192	137.0802028
chr3	224726935	15.9382917	137.0809188
chr3	224726939	14.70764588	137.0809825
chr3	224727528	12.16783918	137.0896453
chr3	224727543	12.63965717	137.0898279
chr3	224727544	13.33096492	137.0898405
chr3	224727550	13.7188798	137.0899205
chr3	224729200	12.45117189	137.1125566
chr3	224732747	11.19059761	137.1567209
chr3	224732751	10.55586421	137.1567657
chr3	224732771	10.57281377	137.1569768
chr3	224732935	9.634774692	137.1587108
chr3	224732948	7.8244007	137.158836
chr3	224732972	7.860500991	137.1590238
chr3	224732975	7.862627553	137.1590474
chr3	224733360	7.844386436	137.1620745
chr3	224737060	7.456471555	137.1910987
chr3	224737063	7.142828425	137.1911211
chr3	224737108	6.776556094	137.1914425
chr3	224737185	5.715773734	137.1919643
chr3	224737234	5.401516086	137.1922444
chr3	224737245	3.069298915	137.1923038
chr3	224737306	2.337092994	137.192491
chr3	224737312	2.06236085	137.192505
chr3	224737360	2.079647723	137.192604
chr3	224738974	2.116435602	137.1959606
chr3	224739425	2.097700869	137.1969151
chr3	224739438	1.815597137	137.1969424
chr3	224739517	1.832896007	137.1970858
chr3	224739714	1.546937802	137.1974469
chr3	224739727	1.601356747	137.197467
chr3	224739953	1.764331876	137.1978289
chr3	224739992	1.836393462	137.1978977
chr3	224740107	2.154776455	137.1981089
chr3	224740357	2.134139496	137.1986476
chr3	224795313	2.161645036	137.3159314
chr3	224795327	2.182758117	137.3159616
chr3	224845175	2.147563107	137.4247678
chr3	224845211	1.638881432	137.4248451
chr3	224845397	1.377057938	137.4251499
chr3	224845406	1.271788465	137.4251623
chr3	224845472	1.245826545	137.4252462
chr3	224845479	1.385956955	137.4252549
chr3	224845508	1.319238502	137.4252951
chr3	224845511	1.354028125	137.4252991
chr3	224845530	1.423882993	137.4253248
chr3	224845624	1.457882884	137.4254587
chr3	224845644	1.458048793	137.4254878
chr3	224878763	1.433976868	137.4737769
chr3	224878797	1.380778073	137.4738257
chr3	224923655	1.333501086	137.5357646
chr3	224923670	1.275908933	137.5357846
chr3	224925495	1.25674722	137.5381132
chr3	224926091	1.164014035	137.5388622
chr3	224926928	1.124553459	137.5398365
chr3	224929342	1.288373812	137.5425512
chr3	224929434	1.08568025	137.5426697
chr3	224929699	1.057443094	137.5429574
chr3	224946708	1.021029768	137.5609434
chr3	224950421	1.004080213	137.5647345
chr3	224950457	0.9343232506	137.5647707
chr3	224950467	0.9167958935	137.56478
chr3	224950763	6.453730101	137.5650514
chr3	224950835	18.09293365	137.5655161
chr3	224951099	18.07546199	137.5702926
chr3	224951105	20.75469936	137.570401
chr3	224951151	33.20331578	137.5713558
chr3	224951861	13.01355917	137.5949301
chr3	224952372	13.07308526	137.60158
chr3	224952642	9.43710683	137.6051098
chr3	224952657	7.454999292	137.6052513
chr3	224952741	7.68949116	137.6058775
chr3	224952760	8.062593653	137.6060236
chr3	224952771	8.969120216	137.6061123
chr3	224952772	10.61038113	137.6061213
chr3	224952789	8.358201339	137.6063017
chr3	224952798	8.403434371	137.6063769
chr3	224956673	8.448086241	137.6389402
chr3	224957952	8.511654754	137.6497453
chr3	224963271	7.774028293	137.6950188
chr3	224963310	3.833161792	137.695322
chr3	224963336	3.87964198	137.6954217
chr3	224963377	3.922255217	137.6955807
chr3	224966829	3.966219304	137.7091203
chr3	224966851	4.101089179	137.7092076
chr3	224966882	4.169219619	137.7093347
chr3	224977622	4.195228844	137.7541122
chr3	224978398	4.272200447	137.7573677
chr3	224978449	4.122997584	137.7575855
chr3	224978474	3.80079797	137.7576886
chr3	224978479	3.94781096	137.7577076
chr3	224978492	4.065857963	137.7577589
chr3	224978765	4.194222683	137.7588689
chr3	224978829	4.393631044	137.7591373
chr3	224978850	4.444866	137.7592296
chr3	225028600	3.788292318	137.9803617
chr3	225028645	4.511769439	137.9805322
chr3	225028666	4.589589338	137.9806269
chr3	225028668	4.540982424	137.9806361
chr3	225028700	4.636969386	137.9807814
chr3	225033761	5.12607809	138.0042491
chr3	225034355	5.330453525	138.007294
chr3	225047652	5.379792439	138.078173
chr3	225047665	5.352105947	138.078243
chr3	225047676	5.945908711	138.0783019
chr3	225047678	5.633280925	138.0783137
chr3	225047971	5.59947859	138.0799643
chr3	225048000	5.723915937	138.0801267
chr3	225048129	5.82338609	138.0808651
chr3	225049948	5.760146915	138.0914578
chr3	225050740	4.150855985	138.0960198
chr3	225050779	4.202473034	138.0961817
chr3	225050853	4.573645742	138.0964927
chr3	225050882	4.624747271	138.0966253
chr3	225050911	4.580338206	138.0967595
chr3	225063069	4.642387361	138.1524472
chr3	225119337	5.561400223	138.4136651
chr3	225119459	6.667709594	138.4143436
chr3	225120270	17.66849168	138.4197511
chr3	225121910	17.35905262	138.4487274
chr3	225121959	14.8426588	138.449578
chr3	225122032	14.81941646	138.4506615
chr3	225122081	14.79373228	138.4513877
chr3	225122150	10.86918919	138.4524084
chr3	225122227	7.398539373	138.4532453
chr3	225122237	4.967151227	138.4533193
chr3	225122240	4.925456921	138.4533342
chr3	225122249	4.851386201	138.4533786
chr3	225122380	3.391845504	138.4540141
chr3	225122397	5.906919637	138.4540718
chr3	225122422	5.885322894	138.4542194
chr3	225122454	5.814371534	138.4544078
chr3	225122523	12.52737617	138.454809
chr3	225122555	12.43481236	138.4552098
chr3	225122679	12.60995319	138.4567517
chr3	225123073	13.01935851	138.4617201
chr3	225123078	13.16780827	138.4617852
chr3	225123085	6.659950855	138.4618773
chr3	225123192	2.019610596	138.46259
chr3	225123195	2.209736565	138.462596
chr3	225123725	2.028086227	138.4637672
chr3	225123780	1.986832992	138.4638787
chr3	225247729	1.602714883	138.7101447
chr3	225248358	1.543924025	138.7111528
chr3	225248931	1.42696034	138.7120375
chr3	225249071	1.280535173	138.7122372
chr3	225249072	1.232736779	138.7122385
chr3	225252531	1.204361059	138.7165025
chr3	225252576	1.147361456	138.7165567
chr3	225253129	1.062212451	138.7171912
chr3	225253139	1.034090248	138.7172019
chr3	225253199	0.9490115015	138.7172639
chr3	225253250	0.9367341613	138.7173123
chr3	225253282	0.8800692404	138.7173423
chr3	225253366	0.8519017314	138.7174162
chr3	225254614	0.8263229154	138.7184794
chr3	225254639	0.8099951878	138.7185
chr3	225254665	0.7820447192	138.7185211
chr3	225255399	0.6986595875	138.7190951
chr3	225255426	0.6150406939	138.719114
chr3	225255434	0.5415514674	138.7191189
chr3	225255437	0.5235143001	138.7191205
chr3	225255507	1.14425661	138.7191572
chr3	225255519	1.720830634	138.7191709
chr3	225255548	1.709802696	138.7192208
chr3	225259250	1.584160962	138.7255505
chr3	225259346	1.683547312	138.7257026
chr3	225259498	1.629438699	138.7259585
chr3	225261122	1.656534731	138.7286047
chr3	225261196	0.3316478489	138.7287273
chr3	225261406	0.3186102828	138.7287969
chr3	225261433	0.4015536136	138.7288055
chr3	225261858	0.5228807064	138.7289762
chr3	225261864	0.5962162375	138.7289793
chr3	225261882	0.6670691684	138.72899
chr3	225261959	0.6942538534	138.7290414
chr3	225262010	0.7215277742	138.7290768
chr3	225262825	0.7441576097	138.7296649
chr3	225263174	1.053018099	138.7299246
chr3	225263179	1.077597807	138.7299298
chr3	225263219	1.145582063	138.7299729
chr3	225263254	1.211951359	138.730013
chr3	225263285	1.364656067	138.7300506
chr3	225263297	1.495419923	138.730067
chr3	225263302	1.523044928	138.7300745
chr3	225274712	1.701520398	138.7474524
chr3	225283660	1.791335901	138.7626776
chr3	225293131	2.081616612	138.7796433
chr3	225293145	2.15015902	138.7796725
chr3	225293150	2.486169192	138.7796832
chr3	225305910	5.33269021	138.8114068
chr3	225305942	6.591727043	138.8115774
chr3	225305944	6.711258692	138.8115906
chr3	225305946	6.751834491	138.811604
chr3	225305948	6.909934573	138.8116175
chr3	225306151	7.113133756	138.8130202
chr3	225306161	7.220542786	138.8130914
chr3	225308459	7.44510177	138.8296842
chr3	225312098	7.488626517	138.8567769
chr3	225312168	6.756314214	138.8573011
chr3	225312183	5.509314008	138.8574024
chr3	225312197	4.92253645	138.8574796
chr3	225317136	5.047670282	138.881792
chr3	225317929	5.141166253	138.8857948
chr3	225317944	5.073810574	138.8858719
chr3	225317973	5.21438408	138.886019
chr3	225340311	5.107146775	139.002498
chr3	225340485	5.172654554	139.0033866
chr3	225340507	5.088248597	139.0035004
chr3	225341248	5.15462505	139.0072708
chr3	225343572	5.003651438	139.0192501
chr3	225344061	4.916557759	139.0216969
chr3	225344216	4.659994598	139.022459
chr3	225346617	4.534860764	139.0336476
chr3	225346621	4.711168791	139.0336658
chr3	225346642	4.784654789	139.0337647
chr3	225346652	4.534859912	139.0338126
chr3	225346654	4.608388382	139.0338216
chr3	225396800	3.632437602	139.2649139
chr3	225396826	2.959924145	139.2650083
chr3	225396843	1.877503848	139.2650586
chr3	225396844	1.78440038	139.2650605
chr3	225396856	1.659720464	139.2650819
chr3	225396864	1.583581531	139.2650952
chr3	225397270	1.367637012	139.2657381
chr3	225397278	1.332208784	139.2657491
chr3	225397336	1.251401452	139.2658263
chr3	225397517	1.211130837	139.2660528
chr3	225397518	1.170860656	139.2660541
chr3	225397557	1.189766458	139.2660997
chr3	225397592	1.154451169	139.2661414
chr3	225397602	1.982920816	139.2661529
chr3	225397632	2.774345171	139.2662124
chr3	225397663	2.752435515	139.2662984
chr3	225397808	2.71227581	139.2666975
chr3	225397870	2.771474271	139.2668657
chr3	225397925	2.667116279	139.2670181
chr3	225397987	4.131614297	139.2671835
chr3	225400506	2.598614951	139.277591
chr3	225401120	2.604002799	139.2791865
chr3	225401705	1.603182767	139.2807099
chr3	225402106	1.538402362	139.2813528
chr3	225402123	0.7169660432	139.2813789
chr3	225402148	1.024845595	139.2813968
chr3	225403812	1.009283606	139.2831022
chr3	225404904	1.352733572	139.2842043
chr3	225405046	1.274490632	139.2843964
chr3	225413187	1.261797362	139.294772
chr3	225413265	1.212852394	139.2948705
chr3	225414895	0.8192981962	139.2968474
chr3	225414929	0.5306611172	139.2968753
chr3	225425597	0.5524641344	139.3025364
chr3	225425843	0.4844552081	139.3026723
chr3	225430346	0.4623817519	139.3048538
chr3	225439006	0.4413915469	139.308858
chr3	225439925	0.6240368835	139.3092636
chr3	225458015	0.6201495471	139.3205525
chr3	225458250	0.4855700088	139.3206982
chr3	225460123	0.302924672	139.3216077
chr3	225460187	0.3431332774	139.321627
chr3	225460209	0.3707122258	139.3216346
chr3	225460733	0.4149275924	139.3218289
chr3	225460758	0.4966771551	139.3218392
chr3	225460764	0.5242112309	139.3218422
chr3	225460765	0.5519215187	139.3218427
chr3	225461983	0.5801463529	139.322515
chr3	225535559	0.5874846766	139.3651998
chr3	225535594	0.5381892768	139.3652204
chr3	225592686	0.5058624633	139.3959467
chr3	225593317	0.4866096504	139.3962659
chr3	225593319	3.471619803	139.3962669
chr3	225593501	3.460172654	139.3968987
chr3	225593737	3.432549513	139.3977153
chr3	225593863	3.413307041	139.3981478
chr3	225593895	3.310229376	139.398257
chr3	225593973	3.29015084	139.3985152
chr3	225594014	3.277061882	139.3986501
chr3	225594546	0.28302808	139.4003935
chr3	225594564	0.2718922379	139.4003986
chr3	225594603	0.2443351264	139.4004092
chr3	225594644	0.2516628381	139.4004192
chr3	225594723	0.3067517077	139.4004391
chr3	225594732	0.3177569527	139.4004419
chr3	225594746	0.2977584054	139.4004463
chr3	225594797	0.2759553882	139.4004615
chr3	225682189	0.2867511979	139.4245778
chr3	225682329	0.2971110493	139.4246179
chr3	225682381	0.2908738547	139.4246334
chr3	225682567	0.333084052	139.4246875
chr3	225682576	0.3422670792	139.4246905
chr3	225701860	0.3615592119	139.4312908
chr3	225701930	0.3712070438	139.4313161
chr3	225703290	0.3808893132	139.4318209
chr3	225734404	0.4141101829	139.4436719
chr3	225867785	0.4216409731	139.4989063
chr3	226038272	0.3789854215	139.5707906
chr3	226038422	0.3481801499	139.5708475
chr3	226084303	0.8074144865	139.5868223
chr3	226084357	1.115504079	139.5868659
chr3	226084369	1.67179279	139.5868793
chr3	226085798	1.662652582	139.5892683
chr3	226085822	1.654308601	139.5893082
chr3	226096890	1.683773079	139.6076181
chr3	226096913	1.709928723	139.6076568
chr3	226097009	1.704653691	139.607821
chr3	226097013	1.733895363	139.6078278
chr3	226098047	1.207050612	139.6096207
chr3	226098079	0.9974657426	139.6096593
chr3	226098085	0.8909288432	139.6096653
chr3	226098125	0.6240303834	139.6097009
chr3	226101204	0.6813707772	139.6116223
chr3	226101874	0.7682995582	139.6120788
chr3	226222094	0.777884534	139.7044438
chr3	226223135	0.7188919682	139.7052536
chr3	226223171	0.660158026	139.7052794
chr3	226223195	0.6994275252	139.7052953
chr3	226223222	1.088857538	139.7053142
chr3	226227063	1.0595464	139.7094965
chr3	226227450	2.285548173	139.7099065
chr3	226232602	2.972398016	139.7216817
chr3	226232695	3.284578979	139.7219581
chr3	226232811	3.256404586	139.7223391
chr3	226232819	3.22837533	139.7223652
chr3	226232888	2.802106797	139.7225879
chr3	226232966	2.77475624	139.7228065
chr3	226235428	2.80764577	139.7296379
chr3	226237953	2.106034799	139.7367272
chr3	226237956	2.370584921	139.7367336
chr3	226237968	2.539035634	139.736762
chr3	226237970	2.681103268	139.7367671
chr3	226237973	1.994253429	139.7367751
chr3	226238168	1.989208839	139.737164
chr3	226241056	2.155735743	139.7429088
chr3	226241539	2.189546306	139.7439501
chr3	226259528	1.93606455	139.7833378
chr3	226259530	12.1852872	139.7833417
chr3	226259531	12.07029482	139.7833539
chr3	226259552	20.21393832	139.7836073
chr3	226259868	19.99510423	139.7899949
chr3	226259885	20.26102372	139.7903349
chr3	226259888	9.956357491	139.7903956
chr3	226259990	10.24073371	139.7914112
chr3	226260005	2.239360568	139.7915648
chr3	226261743	2.233841511	139.7954568
chr3	226263091	3.417056194	139.798468
chr3	226263115	5.100429533	139.79855
chr3	226263166	5.769331465	139.7988102
chr3	226263209	5.494105251	139.7990582
chr3	226263278	6.007281147	139.7994373
chr3	226263937	6.035522838	139.8033961
chr3	226263979	6.378692188	139.8036496
chr3	226266986	6.648373414	139.8228304
chr3	226267330	6.667544488	139.8251174
chr3	226268157	6.749988266	139.8306315
chr3	226284463	6.57718189	139.9406968
chr3	226284487	6.404763189	139.9408546
chr3	226284502	5.459087017	139.9409507
chr3	226284525	5.111831357	139.9410762
chr3	226285479	3.098468731	139.9459529
chr3	226285512	12.17833924	139.9460552
chr3	226285598	11.89426288	139.9471025
chr3	226285599	12.21011757	139.9471144
chr3	226285600	12.42932041	139.9471266
chr3	226285911	3.366982238	139.9509921
chr3	226285935	3.202256782	139.951073
chr3	226285950	3.2537061	139.951121
chr3	226341024	3.187146416	140.1303156
chr3	226341496	3.122419068	140.1318199
chr3	226341523	3.326327849	140.1319042
chr3	226341612	3.260465704	140.1322003
chr3	226356690	3.358835764	140.1813616
chr3	226357650	3.075996223	140.1845861
chr3	226357653	2.638875155	140.1845953
chr3	226357659	2.587680727	140.1846111
chr3	226357686	2.485090574	140.184681
chr3	226357719	2.513614387	140.184763
chr3	226357728	2.645665024	140.1847856
chr3	226357766	2.411924882	140.1848862
chr3	226357778	2.535872829	140.1849151
chr3	226357806	2.484782622	140.1849861
chr3	226357809	2.423299648	140.1849936
chr3	226361505	2.462166336	140.1939501
chr3	226363449	3.064761576	140.1987365
chr3	226377439	3.147587421	140.2416125
chr3	226377440	3.041529823	140.2416157
chr3	226377442	2.687073142	140.2416218
chr3	226377472	2.160927452	140.2417024
chr3	226377517	2.246596266	140.2417996
chr3	226377653	2.332946871	140.2421052
chr3	226377839	18.84076645	140.2425391
chr3	226377904	19.02480884	140.2437637
chr3	226377975	19.60904581	140.2451145
chr3	226377977	19.61794139	140.2451537
chr3	226377991	19.39588858	140.2454284
chr3	226377999	19.52508746	140.2455835
chr3	226378007	19.66326581	140.2457397
chr3	226378038	19.98761789	140.2463493
chr3	226378061	3.720898135	140.246809
chr3	226378203	4.034340371	140.2473374
chr3	226378227	4.081744326	140.2474342
chr3	226378276	4.211636763	140.2476342
chr3	226379148	4.215864324	140.2513068
chr3	226420114	4.300619884	140.4240139
chr3	226420142	4.125448241	140.4241343
chr3	226420249	4.097982223	140.4245757
chr3	226420252	4.095153767	140.424588
chr3	226420279	3.920071705	140.4246986
chr3	226420375	3.406813734	140.4250749
chr3	226420397	3.56173894	140.4251498
chr3	226420440	3.50286641	140.425303
chr3	226420579	3.897377386	140.4257899
chr3	226455338	3.590302008	140.5612588
chr3	226455941	3.438662591	140.5634238
chr3	226456049	4.340707648	140.5637952
chr3	226456050	4.246248673	140.5637995
chr3	226456109	5.24477037	140.56405
chr3	226456367	6.028792864	140.5654032
chr3	226456397	6.793340728	140.565584
chr3	226456409	7.510444666	140.5656656
chr3	226456421	7.471577979	140.5657557
chr3	226456817	7.715896257	140.5687144
chr3	226459759	7.635960369	140.5914146
chr3	226460327	8.265709516	140.5957518
chr3	226460352	9.757290122	140.5959585
chr3	226460403	12.60617908	140.5964561
chr3	226460430	11.69145791	140.5967965
chr3	226460568	10.78962593	140.5984099
chr3	226461404	10.69966396	140.60743
chr3	226461570	11.41959568	140.6092061
chr3	226462598	12.47721658	140.6209455
chr3	226462692	13.54930914	140.6221184
chr3	226462761	12.34942226	140.6230533
chr3	226462792	13.45360379	140.6234361
chr3	226463620	12.96244809	140.6345757
chr3	226463640	11.69437351	140.6348349
chr3	226463797	11.6595772	140.6366709
chr3	226463799	11.61662859	140.6366943
chr3	226463878	11.48909118	140.637612
chr3	226464083	11.31900381	140.6399672
chr3	226464117	14.0573507	140.6403521
chr3	226464169	13.07777807	140.6410831
chr3	226464204	13.01434091	140.6415408
chr3	226464213	12.97796277	140.6416579
chr3	226464375	13.15787821	140.6437603
chr3	226465929	12.81755246	140.6642077
chr3	226465948	8.784878456	140.6644512
chr3	226465978	8.619889857	140.6647148
chr3	226466112	10.99472565	140.6658698
chr3	226466133	6.685424765	140.6661007
chr3	226466135	5.871292509	140.6661141
chr3	226466185	4.751612891	140.6664077
chr3	226467067	4.782977686	140.6705986
chr3	226467085	4.794486646	140.6706847
chr3	226467211	4.858802107	140.6712888
chr3	226467613	4.93510629	140.673242
chr3	226467614	9.72856798	140.6732469
chr3	226467643	7.53563971	140.6735291
chr3	226467676	7.777674178	140.6737778
chr3	226467684	8.39688714	140.67384
chr3	226467725	8.499930925	140.6741842
chr3	226467735	9.481136713	140.6742692
chr3	226467751	9.704414072	140.6744209
chr3	226468290	9.3552507	140.6796516
chr3	226468394	3.97560807	140.6806246
chr3	226494416	3.948822492	140.7840778
chr3	226497198	3.823612211	140.7950635
chr3	226498976	3.469898592	140.8018618
chr3	226499073	3.352119698	140.8021984
chr3	226499084	3.234442244	140.8022353
chr3	226503378	2.957530159	140.816124
chr3	226503526	2.760259651	140.8165617
chr3	226506591	2.379554148	140.8250219
chr3	226506619	2.28480468	140.8250885
chr3	226506797	1.743608749	140.8254952
chr3	226507411	1.464907777	140.8265658
chr3	226507427	1.393654193	140.8265892
chr3	226512458	1.624161696	140.8336007
chr3	226512511	1.617299687	140.8336868
chr3	226512775	1.65605938	140.8341138
chr3	226512800	1.667253681	140.8341552
chr3	226524570	1.208355483	140.8537787
chr3	226592222	1.243312336	140.9355264
chr3	226592235	1.213523571	140.9355426
chr3	226608378	1.226277941	140.9551325
chr3	226762989	0.9415750905	141.1447285
chr3	226762992	0.926847143	141.1447314
chr3	226763060	0.9707030725	141.1447944
chr3	226763071	1.015661581	141.1448051
chr3	226787422	1.024680631	141.1695374
chr3	226787434	1.165705579	141.1695497
chr3	226787624	1.167167963	141.1697712
chr3	226787959	1.122206714	141.1701622
chr3	226821678	1.038956678	141.2080019
chr3	226822536	1.051133286	141.2088933
chr3	226822623	1.028720135	141.2089848
chr3	226822635	0.7479018534	141.2089971
chr3	226825973	0.7378283157	141.2114936
chr3	226834046	0.7279564139	141.2174501
chr3	226834161	0.7164890961	141.2175338
chr3	226841762	0.7052864532	141.2229799
chr3	226841763	0.5948255364	141.2229806
chr3	226841775	0.5849641114	141.2229877
chr3	226841796	0.5751425931	141.223
chr3	226841811	0.5424536293	141.2230086
chr3	226841820	0.6121575211	141.2230135
chr3	226841880	0.5673630566	141.2230502
chr3	226842349	0.5561687562	141.2233163
chr3	226843604	0.5465579224	141.2240143
chr3	226844112	0.5702596709	141.224292
chr3	226844975	0.5591652891	141.2247841
chr3	226845029	0.6092029139	141.2248143
chr3	226845126	0.6051916814	141.2248734
chr3	226885449	0.5963483615	141.2492765
chr3	226887969	0.6101163308	141.2507793
chr3	226887971	0.6636511775	141.2507806
chr3	226888002	0.675611166	141.2508011
chr3	226888186	0.6098318624	141.2509254
chr3	226888236	0.6654525241	141.2509559
chr3	226889168	0.622819698	141.2515761
chr3	226889169	0.6351768064	141.2515768
chr3	226889220	0.7453025602	141.2516091
chr3	226913001	1.307746608	141.2693332
chr3	226916614	1.25621248	141.2740581
chr3	226918855	1.299568686	141.2768732
chr3	226919511	1.399455933	141.2777258
chr3	226919560	1.035408942	141.2777943
chr3	226958461	0.7974466074	141.3180728
chr3	226958614	1.296183438	141.3181948
chr3	226958625	1.243030631	141.3182091
chr3	226958653	1.356097847	141.3182439
chr3	226958685	11.62236397	141.3182873
chr3	226958700	11.63949582	141.3184616
chr3	226958756	11.64896798	141.3191134
chr3	226958870	11.81310366	141.3204414
chr3	226958892	11.913017	141.3207013
chr3	226958901	11.93721096	141.3208085
chr3	226958920	11.98018345	141.3210353
chr3	226958965	12.08155731	141.3215744
chr3	226959045	1.925864881	141.3225409
chr3	226959066	1.9682524	141.3225814
chr3	226959077	2.142761343	141.322603
chr3	226959085	2.384320357	141.3226202
chr3	226959118	2.558008191	141.3226988
chr3	226959119	2.813560882	141.3227014
chr3	226959204	2.991689638	141.3229406
chr3	226959214	3.055576064	141.3229705
chr3	226959247	3.074494083	141.3230713
chr3	226961841	3.345447485	141.3310465
chr3	226961849	3.362548606	141.3310733
chr3	227046098	3.265483659	141.6143647
chr3	227047798	3.216991922	141.619916
chr3	227047808	3.194583038	141.6199482
chr3	227048109	3.309184397	141.6209097
chr3	227052202	3.320777171	141.6344542
chr3	227052261	3.540555772	141.6346501
chr3	227052264	3.537407526	141.6346608
chr3	227052272	3.544920606	141.6346891
chr3	227052283	3.517135602	141.6347281
chr3	227052306	3.605412381	141.634809
chr3	227052522	3.772779654	141.6355877
chr3	227052542	4.495709379	141.6356632
chr3	227111341	5.278996222	141.9000064
chr3	227111380	5.611812598	141.9002123
chr3	227111401	5.783285616	141.9003301
chr3	227111428	6.481669632	141.9004863
chr3	227111482	7.448128783	141.9008363
chr3	227136741	7.803680369	142.0889686
chr3	227154246	7.626293531	142.225572
chr3	227154250	13.86142174	142.2256025
chr3	227154412	14.70622974	142.227848
chr3	227154428	14.87764698	142.2280833
chr3	227154429	14.70617396	142.2280982
chr3	227154431	14.97681759	142.2281276
chr3	227154442	15.3523265	142.2282924
chr3	227155149	15.8361289	142.2391465
chr3	227155151	15.21389854	142.2391781
chr3	227155154	15.31939704	142.2392238
chr3	227155271	16.07613846	142.2410162
chr3	227155403	16.14077239	142.2431382
chr3	227155870	16.09097386	142.2506759
chr3	227155915	15.04258751	142.2514
chr3	227155918	16.29368996	142.2514452
chr3	227155936	16.82930638	142.2517385
chr3	227155962	17.59762862	142.252176
chr3	227155976	17.67557368	142.2524224
chr3	227155979	15.20173018	142.2524754
chr3	227156778	15.02022667	142.2646216
chr3	227156838	16.0770461	142.2655228
chr3	227156840	18.6474625	142.265555
chr3	227156842	18.88366883	142.2655923
chr3	227156847	18.80253151	142.2656867
chr3	227157300	19.21963398	142.2742042
chr3	227162358	18.40153551	142.3714171
chr3	227162378	18.83479234	142.3717852
chr3	227162773	21.64667415	142.3792249
chr3	227162783	21.06252424	142.3794414
chr3	227172460	20.36498569	142.5832634
chr3	227172462	21.39877817	142.5833041
chr3	227172466	21.19410271	142.5833897
chr3	227173725	24.64332492	142.6100731
chr3	227173806	24.75091543	142.6120692
chr3	227173880	24.85531876	142.6139008
chr3	227173904	24.79943759	142.6144973
chr3	227174034	28.32672838	142.6177213
chr3	227174085	26.22855154	142.6191659
chr3	227174155	26.73690464	142.6210019
chr3	227174161	26.70664081	142.6211623
chr3	227174780	25.20586191	142.6376937
chr3	227175167	24.87124519	142.6474484
chr3	227175748	24.91710064	142.6618986
chr3	227175802	26.46258795	142.6632441
chr3	227175922	25.97554902	142.6664196
chr3	227175949	26.24910321	142.667121
chr3	227175992	23.72087957	142.6682497
chr3	227175993	24.17770137	142.6682734
chr3	227175996	24.8425305	142.6683459
chr3	227176206	24.78565745	142.6735629
chr3	227177053	24.77284306	142.6945563
chr3	227177060	25.6693365	142.6947297
chr3	227177090	23.82782998	142.6954998
chr3	227177091	24.31388075	142.6955236
chr3	227177112	25.22184789	142.6960342
chr3	227177493	25.71567183	142.7056438
chr3	227177570	20.11239984	142.7076239
chr3	227180993	20.16169985	142.7764686
chr3	227181122	19.33566459	142.7790695
chr3	227181175	14.53607049	142.7800943
chr3	227181601	14.33716159	142.7862866
chr3	227183454	14.33202021	142.8128534
chr3	227183655	14.15527287	142.8157341
chr3	227184180	13.70450668	142.8231656
chr3	227184202	12.06285593	142.8234671
chr3	227184245	11.5471905	142.8239858
chr3	227184247	11.41668708	142.8240089
chr3	227184337	8.760599262	142.8250364
chr3	227186153	8.638586015	142.8409457
chr3	227187597	8.015484866	142.8534198
chr3	227187610	7.904901218	142.853524
chr3	227187707	7.199647633	142.8542908
chr3	227195100	7.080398204	142.9075178
chr3	227196453	2.602791139	142.9170976
chr3	227196491	2.312381653	142.9171965
chr3	227196521	2.266488233	142.9172658
chr3	227196524	2.379483536	142.9172726
chr3	227196552	2.390474525	142.9173393
chr3	227198291	2.421200046	142.9214963
chr3	227198330	2.334093	142.9215907
chr3	227198378	2.475436698	142.9217028
chr3	227198891	2.373297307	142.9229727
chr3	227224286	1.996390987	142.9832425
chr3	227224323	2.768380751	142.9833164
chr3	227224406	2.4470561	142.9835462
chr3	227224442	2.45851366	142.9836343
chr3	227224478	10.28741079	142.9837228
chr3	227224920	8.435169925	142.9882698
chr3	227225500	2.194241307	142.9931622
chr3	227225693	2.242858473	142.9935857
chr3	227225711	2.32186372	142.9936261
chr3	227225730	2.370504603	142.9936702
chr3	227225979	2.621423589	142.9942605
chr3	227229172	2.192028268	143.0026307
chr3	227238645	2.058248347	143.0233957
chr3	227250944	2.059333335	143.0487101
chr3	227251024	2.057995828	143.0488749
chr3	227251156	2.131019255	143.0491465
chr3	227255817	2.691137064	143.0590792
chr3	227255822	2.722470712	143.0590927
chr3	227255851	3.002416956	143.0591716
chr3	227256003	3.08316887	143.059628
chr3	227256007	3.282917971	143.0596403
chr3	227256167	3.364164286	143.0601656
chr3	227256169	3.445414194	143.0601723
chr3	227256175	3.540077694	143.060193
chr3	227256198	3.990704938	143.0602744
chr3	227297230	4.504432949	143.224021
chr3	227301563	4.453472602	143.2435387
chr3	227301573	10.24095419	143.2435833
chr3	227301675	10.16793076	143.2446278
chr3	227301680	10.18398835	143.2446787
chr3	227301687	12.13947235	143.24475
chr3	227302252	12.14896568	143.2516088
chr3	227303121	12.31704799	143.2621662
chr3	227306432	12.19830609	143.302948
chr3	227306506	11.450471	143.3038506
chr3	227306559	12.66136171	143.3044575
chr3	227306589	10.40781862	143.3048374
chr3	227306610	10.35882655	143.3050559
chr3	227306619	10.88226863	143.3051492
chr3	227306637	17.58394866	143.305345
chr3	227306660	15.48670511	143.3057495
chr3	227306663	15.50305636	143.3057959
chr3	227307677	15.14993388	143.321516
chr3	227307705	15.18337182	143.3219402
chr3	227308633	7.953088312	143.3360304
chr3	227313881	5.359202532	143.3777682
chr3	227313886	5.719523966	143.377795
chr3	227313933	5.244170052	143.3780638
chr3	227313952	5.180713089	143.3781635
chr3	227313957	4.548175936	143.3781894
chr3	227313966	4.894145221	143.3782303
chr3	227313972	5.251212275	143.3782597
chr3	227314004	5.896325695	143.3784277
chr3	227314018	5.929203797	143.3785102
chr3	227314035	5.946170969	143.378611
chr3	227314085	5.993796418	143.3789083
chr3	227314090	5.947766012	143.3789383
chr3	227324515	5.751012186	143.4409438
chr3	227324629	3.107779594	143.4415994
chr3	227324818	2.152724493	143.4421868
chr3	227325069	1.683130906	143.4427271
chr3	227326188	1.495191097	143.4446105
chr3	227482268	1.520464655	143.6779799
chr3	227504943	1.487911092	143.7124565
chr3	227531420	1.226812071	143.7518519
chr3	227531459	1.203529693	143.7518997
chr3	227531579	1.139849	143.7520442
chr3	227531720	1.158226667	143.7522049
chr3	227531802	1.09815245	143.7522999
chr3	227531807	1.011737507	143.7523054
chr3	227531885	1.016244486	143.7523843
chr3	227532197	0.875519326	143.7527013
chr3	227532277	0.8400246923	143.7527714
chr3	227543907	0.8244064058	143.7625409
chr3	227544615	0.7921368649	143.7631245
chr3	227544630	0.7753684396	143.7631364
chr3	227545316	0.7466819247	143.7636683
chr3	227545462	1.873924916	143.7637774
chr3	227545474	1.993525814	143.7637998
chr3	227545475	1.978084948	143.7638018
chr3	227545486	2.431176389	143.7638236
chr3	227545498	2.440959565	143.7638528
chr3	227545503	2.520769309	143.763865
chr3	227545509	2.505195461	143.7638801
chr3	227546419	3.283257508	143.7661598
chr3	227546430	3.291032058	143.7661959
chr3	227553628	2.837940618	143.7898848
chr3	227553631	2.326422244	143.7898933
chr3	227553710	1.399050577	143.7900771
chr3	227553847	1.405869423	143.7902688
chr3	227583736	1.334947581	143.8322888
chr3	227583809	1.262891334	143.8323862
chr3	227583814	1.204832053	143.8323926
chr3	227583979	1.158115509	143.8325914
chr3	227583984	1.087880942	143.8325971
chr3	227584026	0.9994118639	143.8326428
chr3	227584035	0.8080327547	143.8326518
chr3	227584123	0.8622754531	143.8327229
chr3	227584198	0.7101597532	143.8327876
chr3	227584205	0.5516456855	143.8327926
chr3	227584254	0.5645629961	143.8328196
chr3	227681941	0.5754453705	143.8879701
chr3	227682387	0.5655994998	143.8882267
chr3	227682513	0.5869952883	143.888298
chr3	227682524	0.5495051146	143.8883044
chr3	227684377	0.5710165848	143.8893227
chr3	227684474	0.5613820565	143.8893781
chr3	227684567	0.5247070009	143.8894303
chr3	227690735	0.4900798712	143.8926667
chr3	227690848	0.480586543	143.892722
chr3	227690852	0.5009267566	143.892724
chr3	227699610	0.5663180848	143.8971111
chr3	227699763	0.5191301221	143.8971977
chr3	227699991	0.5150230414	143.8973161
chr3	227712411	0.5572200365	143.9037127
chr3	227712761	0.5765664167	143.9039077
chr3	227762116	0.6036733987	143.9323641
chr3	227762193	0.6179310618	143.9324106
chr3	228015437	0.5522190652	144.088898
chr3	228015620	0.5274949826	144.088999
chr3	228020933	0.4784194421	144.0918016
chr3	228020936	0.3974515265	144.091803
chr3	228034023	0.3781980335	144.0970045
chr3	228034041	0.3594482753	144.0970113
chr3	228034167	0.3741509221	144.0970566
chr3	228034302	0.3245559945	144.0971071
chr3	228034326	0.4202493814	144.0971149
chr3	228034877	0.6540363476	144.0973464
chr3	228034905	0.6663095127	144.0973647
chr3	228035095	0.8733837948	144.0974913
chr3	228043602	0.9474644911	144.1049212
chr3	228043668	0.9844178302	144.1049838
chr3	228054246	1.247307846	144.1153969
chr3	228054298	1.267915221	144.1154618
chr3	228059639	1.388372906	144.1222337
chr3	228090614	3.646692105	144.1652386
chr3	228093400	10.59166915	144.1753983
chr3	228093408	10.48053814	144.175483
chr3	228093415	10.50827043	144.1755564
chr3	228094085	10.71641118	144.1825969
chr3	228094093	10.73115743	144.1826826
chr3	228094662	10.78522005	144.1887887
chr3	228094675	7.785335765	144.1889289
chr3	228094790	6.895222049	144.1898242
chr3	228094858	2.198770942	144.1902931
chr3	228094882	2.236216591	144.1903458
chr3	228161857	2.336706588	144.3401164
chr3	228162662	2.43719028	144.3419975
chr3	228162857	2.324491541	144.3424727
chr3	228162899	2.2707745	144.3425704
chr3	228163155	2.248355427	144.3431517
chr3	228163269	2.543513738	144.343408
chr3	228163985	2.457632743	144.3452291
chr3	228178542	2.620566338	144.3810049
chr3	228178550	3.109053715	144.3810259
chr3	228179070	3.079499539	144.3826426
chr3	228179109	3.071803489	144.3827627
chr3	228179244	3.106830744	144.3831774
chr3	228179441	3.648891172	144.3837894
chr3	228189068	4.338050617	144.4189173
chr3	228193400	3.997425776	144.4377097
chr3	228194393	7.636211212	144.4416792
chr3	228194421	7.01767659	144.441893
chr3	228194439	6.954316435	144.4420193
chr3	228196375	4.768305862	144.4554829
chr3	228196400	4.731975373	144.4556021
chr3	228196518	2.875251793	144.4561604
chr3	228196530	2.670075456	144.4561949
chr3	228201821	2.948880545	144.4703223
chr3	228205449	2.893964758	144.4810208
chr3	228232569	2.691359327	144.5595052
chr3	228232571	2.594731153	144.5595106
chr3	228232606	2.385054041	144.5596014
chr3	228232619	2.360687667	144.5596324
chr3	228232793	2.334222418	144.5600431
chr3	228232936	2.153663687	144.5603769
chr3	228233005	2.023502139	144.5605255
chr3	228233053	1.785191676	144.5606227
chr3	228233315	1.868224919	144.5610904
chr3	228233325	1.992125519	144.5611091
chr3	228233331	1.831918858	144.561121
chr3	228233335	1.808426696	144.5611283
chr3	228233369	1.886153328	144.5611898
chr3	228233375	1.928942404	144.5612011
chr3	228280921	1.9364628	144.6529146
chr3	228284239	1.836559577	144.6593398
chr3	228284258	1.794514096	144.6593747
chr3	228284288	1.657647294	144.6594286
chr3	228284545	1.614383109	144.6598546
chr3	228284559	1.546821846	144.6598772
chr3	228284564	1.500584782	144.6598849
chr3	228284677	1.586401806	144.6600545
chr3	228284784	1.514703936	144.6602242
chr3	228284976	1.527069591	144.660515
chr3	228285069	1.617504117	144.6606571
chr3	228285079	1.547156727	144.6606732
chr3	228338368	1.498908436	144.7431197
chr3	228338572	1.194694325	144.7434254
chr3	228338637	1.713165832	144.7435031
chr3	228338736	2.309175934	144.7436727
chr3	228342124	4.083591168	144.7514962
chr3	228342160	4.135929545	144.7516432
chr3	228344127	4.102638291	144.7597786
chr3	228344244	2.362510692	144.7602586
chr3	228344263	1.601616468	144.7603035
chr3	228344275	1.006768318	144.7603227
chr3	228344294	1.016939368	144.7603418
chr3	228344314	1.08638529	144.7603622
chr3	228345266	1.025611831	144.7613964
chr3	228345277	1.116054579	144.7614077
chr3	228345464	1.083250886	144.7616164
chr3	228345495	1.13815267	144.76165
chr3	228345741	1.504723017	144.7619299
chr3	228349348	1.5152423	144.7673575
chr3	228349819	1.574058513	144.7680712
chr3	228350409	1.558687893	144.7689999
chr3	228402053	1.579040824	144.8494967
chr3	228412433	1.540532888	144.8658872
chr3	228412541	1.111095744	144.8660536
chr3	228412636	1.05710039	144.8661591
chr3	228412645	0.9939990229	144.8661686
chr3	228412689	0.9080406898	144.8662124
chr3	228412729	0.8556556053	144.8662487
chr3	228412931	0.9703690154	144.8664215
chr3	228413276	0.9919822146	144.8667563
chr3	228443311	0.9511219048	144.8965505
chr3	228443312	0.913312814	144.8965514
chr3	228443329	0.9659421654	144.896567
chr3	228444212	1.050135622	144.8974199
chr3	228582934	1.02354236	145.0430968
chr3	228582950	1.053609115	145.0431132
chr3	228583026	1.016470057	145.0431933
chr3	228583058	0.974451865	145.0432258
chr3	228583059	4.993231187	145.0432268
chr3	228583080	4.935839699	145.0433316
chr3	228583112	4.87524668	145.0434896
chr3	228583122	4.827220859	145.0435383
chr3	228583308	4.828296812	145.0444362
chr3	228583869	4.867023973	145.0471449
chr3	228583962	0.7516525263	145.0475975
chr3	228583974	0.7254262222	145.0476065
chr3	228601294	0.7972900842	145.0601709
chr3	228601432	0.7688368896	145.0602809
chr3	228601447	1.014925803	145.0602924
chr3	228609031	1.016059652	145.0679896
chr3	228637269	1.481222828	145.0966811
chr3	228638692	1.466588687	145.0987889
chr3	228699719	2.177195489	145.1882904
chr3	228700044	2.166676206	145.188998
chr3	228701097	2.085416611	145.1912795
chr3	228702858	2.082774429	145.1949519
chr3	228703162	2.079620685	145.1955851
chr3	228703163	2.087789597	145.1955872
chr3	228703204	3.54251537	145.1956728
chr3	228703372	5.961155211	145.1962679
chr3	228705048	7.660370263	145.2062588
chr3	228705646	5.888625786	145.2108397
chr3	228705654	14.97345913	145.2108868
chr3	228705693	14.96322354	145.2114708
chr3	228705814	17.63031211	145.2132813
chr3	228706142	32.08202137	145.2190641
chr3	228706919	27.33418288	145.2439918
chr3	228706925	27.27436134	145.2441558
chr3	228706928	24.3787016	145.2442377
chr3	228706997	29.54745028	145.2459198
chr3	228707174	29.53871869	145.2511497
chr3	228707397	24.1913922	145.2577368
chr3	228707414	13.24096574	145.2581481
chr3	228707451	10.38033067	145.258638
chr3	228707466	10.4034058	145.2587937
chr3	228707483	10.47303563	145.2589705
chr3	228707485	8.458251082	145.2589915
chr3	228707584	6.520421471	145.2598289
chr3	228707800	4.676469537	145.2612373
chr3	228707826	4.724391012	145.2613589
chr3	228707834	4.793446188	145.2613967
chr3	228714991	0.9044663953	145.2957033
chr3	228811586	0.8951901101	145.3830703
chr3	228814129	0.8952849604	145.3853467
chr3	228814326	0.8318258191	145.3855231
chr3	228814356	0.6126001181	145.3855481
chr3	228814483	0.5093147791	145.3856259
chr3	228814556	0.519165539	145.3856631
chr3	228814564	0.4860505953	145.3856672
chr3	228814566	0.4851851003	145.3856682
chr3	228814874	0.4507206897	145.3858176
chr3	228817694	0.4181781075	145.3870886
chr3	228817768	0.3851296195	145.3871196
chr3	228820368	0.4213555782	145.3881209
chr3	228920551	1.228198613	145.4303336
chr3	228920552	1.20191109	145.4303348
chr3	228920553	1.189770682	145.430336
chr3	228920653	1.205379056	145.430455
chr3	228922126	2.55383886	145.4322305
chr3	228922155	6.028379137	145.4323046
chr3	228922203	5.992153178	145.432594
chr3	228922305	5.989938993	145.4332052
chr3	228922340	7.504957681	145.4334148
chr3	228922356	8.963664881	145.4335349
chr3	228922508	9.027211311	145.4348974
chr3	228924281	13.52132139	145.4509026
chr3	228924302	13.5784282	145.4511865
chr3	228924769	12.1671541	145.4575277
chr3	228924775	10.65104468	145.4576007
chr3	228924834	10.66714501	145.4582291
chr3	228924885	3.230911031	145.4587731
chr3	228924894	1.962297709	145.4588022
chr3	228924920	2.027640515	145.4588532
chr3	228935837	1.79258563	145.480989
chr3	228935853	1.456237116	145.4810176
chr3	228935956	1.504734646	145.4811676
chr3	228935962	1.548931639	145.4811767
chr3	228968433	1.464150757	145.531472
chr3	228976507	1.484608542	145.5432936
chr3	229031482	1.572860807	145.6249099
chr3	229153302	1.579052679	145.8165158
chr3	229153314	1.512004063	145.8165348
chr3	229153361	1.429669114	145.8166058
chr3	229153964	4.879439892	145.8174679
chr3	229153979	4.830787034	145.8175411
chr3	229154463	6.288457839	145.8198792
chr3	229154639	7.953877834	145.820986
chr3	229154761	8.058664205	145.8219564
chr3	229154845	8.042662546	145.8226333
chr3	229155051	8.238480774	145.8242901
chr3	229155060	8.316643696	145.8243642
chr3	229155098	10.39303543	145.8246803
chr3	229155118	10.56359649	145.8248881
chr3	229155191	10.54676902	145.8256593
chr3	229155226	12.5670705	145.8260284
chr3	229155264	12.57454988	145.826506
chr3	229155284	12.55773912	145.8267574
chr3	229155395	12.55438126	145.8281514
chr3	229156827	12.57655519	145.8461292
chr3	229156833	10.84209421	145.8462047
chr3	229156881	8.773069808	145.8467251
chr3	229157005	4.63541161	145.847813
chr3	229157052	2.684694635	145.8480308
chr3	229157053	2.675013679	145.8480335
chr3	229157916	1.741544423	145.8503421
chr3	229157920	1.861748738	145.850349
chr3	229188588	1.723125302	145.9074451
chr3	229188610	1.420168266	145.907483
chr3	229188617	1.393832319	145.907493
chr3	229188859	1.380000242	145.9078303
chr3	229188878	1.07107415	145.9078565
chr3	229188890	1.151368563	145.9078694
chr3	229188961	1.249396105	145.9079511
chr3	229188987	1.150775344	145.9079836
chr3	229189052	1.126990417	145.9080584
chr3	229189087	1.189329149	145.9080978
chr3	229189291	1.598785626	145.9083405
chr3	229189712	1.656803124	145.9090136
chr3	229189858	1.749752371	145.9092554
chr3	229189862	1.812601081	145.9092624
chr3	229191742	1.864437931	145.9126701
chr3	229192786	1.978104322	145.9146166
chr3	229207090	2.288116715	145.9429114
chr3	229262915	2.238009813	146.0706455
chr3	229262925	2.332756846	146.0706679
chr3	229262941	2.427545267	146.0707052
chr3	229301383	2.388617986	146.1640249
chr3	229301384	2.479773028	146.1640273
chr3	229301462	3.14170804	146.1642207
chr3	229301744	2.973062061	146.1651067
chr3	229301860	6.362926115	146.1654516
chr3	229301861	6.42894493	146.1654579
chr3	229301897	6.363627648	146.1656894
chr3	229301903	6.395529532	146.1657276
chr3	229302388	6.330214172	146.1688294
chr3	229302626	6.509335869	146.170336
chr3	229302707	6.884012947	146.1708632
chr3	229302747	6.786361707	146.1711386
chr3	229302858	7.583710423	146.1718919
chr3	229302949	8.221308889	146.172582
chr3	229302955	8.284921229	146.1726313
chr3	229302980	8.529024711	146.1728385
chr3	229302981	8.49657621	146.172847
chr3	229304620	7.159057003	146.1867729
chr3	229304645	7.126959428	146.1869518
chr3	229304674	7.191046959	146.1871585
chr3	229310945	7.160722674	146.2322536
chr3	229311008	6.831327478	146.2327047
chr3	229312333	6.8252285	146.2417562
chr3	229312543	5.75938208	146.2431895
chr3	229312553	4.981027181	146.2432471
chr3	229312564	4.255264002	146.2433019
chr3	229312567	2.866869609	146.2433147
chr3	229312610	2.648906116	146.2434379
chr3	229312629	2.674729507	146.2434883
chr3	229312653	2.551513705	146.2435525
chr3	229312660	2.72626002	146.2435703
chr3	229312690	2.385625624	146.2436521
chr3	229312744	2.362318528	146.2437809
chr3	229312772	2.46176426	146.2438471
chr3	229312779	2.677089936	146.2438643
chr3	229312805	3.589703329	146.2439339
chr3	229312810	3.406041763	146.2439519
chr3	229312826	4.162835381	146.2440064
chr3	229312832	4.540394376	146.2440313
chr3	229312853	4.604199254	146.2441267
chr3	229315672	5.353191889	146.2571059
chr3	229360005	5.284621408	146.494429
chr3	229360948	5.314406303	146.4994124
chr3	229360988	5.900176076	146.499625
chr3	229360999	5.837796421	146.4996899
chr3	229362237	7.474997724	146.5069171
chr3	229363418	5.908559106	146.515745
chr3	229363431	5.762567296	146.5158218
chr3	229363449	5.702627243	146.5159256
chr3	229363550	6.445524612	146.5165015
chr3	229364239	6.581755693	146.5209425
chr3	229364378	4.79895604	146.5218574
chr3	229364429	4.785624199	146.5221021
chr3	229367470	4.584781917	146.5366552
chr3	229367530	4.9033545	146.5369303
chr3	229367704	3.415484053	146.5377835
chr3	229367955	3.420455189	146.5386407
chr3	229368294	3.477485677	146.5398003
chr3	229368295	3.456811308	146.5398038
chr3	229370671	3.39300643	146.5480171
chr3	229370686	3.354059831	146.548068
chr3	229372133	3.342517729	146.5529214
chr3	229374889	2.893814357	146.5621333
chr3	229374902	2.908828522	146.562171
chr3	229374929	2.924718798	146.5622495
chr3	229375004	3.635449721	146.5624689
chr3	229375947	3.415068457	146.5658971
chr3	229376011	3.580726232	146.5661156
chr3	229376122	3.950100457	146.5665131
chr3	229376446	3.997797376	146.5677929
chr3	229379110	3.802266933	146.5784431
chr3	229379134	3.892368426	146.5785343
chr3	229379137	3.310165392	146.578546
chr3	229379704	3.071622196	146.5804229
chr3	229379715	3.212694092	146.5804567
chr3	229379718	3.262497264	146.5804663
chr3	229379773	3.853369869	146.5806457
chr3	229379898	3.975572098	146.5811274
chr3	229379936	4.066667777	146.5812785
chr3	229386017	3.396719442	146.6060079
chr3	229386691	1.94479287	146.6082973
chr3	229388596	1.976577665	146.6120021
chr3	229450848	1.900618765	146.735048
chr3	229450885	1.725404375	146.7351183
chr3	229453772	1.67812229	146.7400996
chr3	229453790	1.382524772	146.7401298
chr3	229453791	1.361391043	146.7401312
chr3	229453793	1.458332015	146.7401339
chr3	229460971	1.745636598	146.7506018
chr3	229460976	1.952989671	146.7506105
chr3	229460983	2.232794568	146.7506242
chr3	229461010	2.282917982	146.7506845
chr3	229461021	2.199605703	146.7507096
chr3	229461023	2.158104179	146.750714
chr3	229465461	2.201821942	146.7602917
chr3	229466903	2.329524746	146.7634667
chr3	229468006	2.589717326	146.7660362
chr3	229468835	2.601836139	146.768183
chr3	229582321	2.571435886	147.063455
chr3	229582325	2.538889958	147.0634653
chr3	229582421	2.50695493	147.063709
chr3	229582451	2.528169027	147.0637842
chr3	229582466	2.873793022	147.0638222
chr3	229582467	3.392930173	147.063825
chr3	229582495	3.367975538	147.06392
chr3	229582507	3.564074579	147.0639604
chr3	229582520	3.55544455	147.0640068
chr3	229582628	3.270697387	147.0643908
chr3	229582649	3.295175378	147.0644595
chr3	229582785	3.26488794	147.0649076
chr3	229582794	3.462599278	147.064937
chr3	229582802	3.434003816	147.0649647
chr3	229582803	3.585717533	147.0649681
chr3	229582812	3.568567682	147.0650004
chr3	229605642	3.552769274	147.1464708
chr3	229605653	3.527269374	147.1465099
chr3	229605662	3.556561078	147.1465416
chr3	229605870	3.552731014	147.1472814
chr3	229606147	3.601474972	147.1482655
chr3	229606155	3.445739136	147.1482943
chr3	229606207	3.544030013	147.1484735
chr3	229606213	7.534486193	147.1484947
chr3	229606220	7.509085844	147.1485475
chr3	229606266	7.512077278	147.1488929
chr3	229606664	8.531535566	147.1518827
chr3	229607088	9.135750659	147.1555001
chr3	229607119	5.284892092	147.1557833
chr3	229607236	5.31286716	147.1564016
chr3	229607237	5.691525743	147.1564069
chr3	229607245	5.570650079	147.1564525
chr3	229609186	7.611794416	147.1672651
chr3	229609195	8.217603757	147.1673336
chr3	229609341	9.143298039	147.1685334
chr3	229609344	9.761129312	147.1685608
chr3	229611061	9.768926555	147.1853207
chr3	229612698	9.798167383	147.2013124
chr3	229613822	14.31720844	147.2123255
chr3	229613839	19.71586116	147.2125689
chr3	229613871	20.34104016	147.2131998
chr3	229613969	20.61100185	147.2151933
chr3	229615116	20.63947064	147.2388341
chr3	229615123	19.14027973	147.2389785
chr3	229615149	18.09530353	147.2394762
chr3	229615151	18.15484404	147.2395124
chr3	229615177	18.83410578	147.2399844
chr3	229615238	15.58760968	147.2411333
chr3	229615310	14.9931391	147.2422556
chr3	229615315	14.60498474	147.2423306
chr3	229615898	14.82543665	147.2508453
chr3	229615907	11.2867599	147.2509787
chr3	229615917	12.6052917	147.2510916
chr3	229620566	11.79291393	147.3096936
chr3	229620607	9.49749338	147.3101771
chr3	229620608	9.149076978	147.3101866
chr3	229620724	9.15769229	147.3112479
chr3	229622039	8.019662708	147.3232902
chr3	229622442	7.088695792	147.3265222
chr3	229622455	7.116885687	147.3266143
chr3	229622687	7.147130664	147.3282654
chr3	229622698	4.830219369	147.328344
chr3	229622852	4.352683482	147.3290879
chr3	229631377	3.910486984	147.3661945
chr3	229635130	3.082790014	147.3808706
chr3	229635194	3.116491543	147.3810679
chr3	229635220	2.838024408	147.3811489
chr3	229636114	2.905998769	147.3836861
chr3	229636142	2.922660859	147.3837675
chr3	229636154	3.024644954	147.3838025
chr3	229636202	3.143286978	147.3839477
chr3	229637147	2.874390944	147.3869181
chr3	229739069	2.78370905	147.6798818
chr3	229739106	2.545798061	147.6799848
chr3	229742114	2.646395632	147.6876426
chr3	229742223	2.619285263	147.687931
chr3	229744657	2.537565299	147.6943064
chr3	229744660	2.119001321	147.694314
chr3	229744699	2.022245639	147.6943966
chr3	229744740	1.993613123	147.6944795
chr3	229744752	1.965405555	147.6945035
chr3	229744777	2.142182138	147.6945526
chr3	229744821	3.458359122	147.6946468
chr3	229747535	3.650740942	147.7040328
chr3	229747605	2.553712616	147.7042884
chr3	229748507	2.774601936	147.7065918
chr3	229748585	2.761449866	147.7068083
chr3	229749891	2.872528631	147.7104147
chr3	229749991	2.874135925	147.710702
chr3	229751670	2.976363057	147.7155276
chr3	229751736	3.093019992	147.7157241
chr3	229753320	3.831976396	147.7206234
chr3	229753334	3.867385581	147.7206771
chr3	229753424	4.02087933	147.7210251
chr3	229753482	4.046624091	147.7212583
chr3	229763944	4.061718117	147.7635941
chr3	229771959	4.670162591	147.7961488
chr3	229774992	5.374305143	147.8103134
chr3	229775030	5.340082942	147.8105176
chr3	229775073	5.151821165	147.8107472
chr3	229775184	5.981376798	147.8113191
chr3	229775721	7.077326329	147.8145311
chr3	229775754	7.081347682	147.8147646
chr3	229781911	6.952318599	147.8583645
chr3	229783649	6.516515822	147.8704476
chr3	229783731	6.414806573	147.870982
chr3	229783746	6.305839787	147.8710782
chr3	229784447	7.569580232	147.8754986
chr3	229784553	7.187111111	147.876301
chr3	229784664	11.85806092	147.8770987
chr3	229784666	11.84223364	147.8771225
chr3	229784672	12.86206771	147.8771935
chr3	229785068	12.88473788	147.8822869
chr3	229785069	12.60334424	147.8822998
chr3	229785262	19.07455346	147.8847322
chr3	229785264	19.18896769	147.8847704
chr3	229785281	19.24001618	147.8850966
chr3	229785687	18.83244268	147.892908
chr3	229785803	11.89988911	147.8950926
chr3	229785821	8.830496101	147.8953068
chr3	229785873	8.768662016	147.895766
chr3	229786016	10.98667866	147.8970199
chr3	229786089	8.414455176	147.8978219
chr3	229786680	8.378393692	147.9027949
chr3	229786691	8.523020585	147.902887
chr3	229787066	13.86629297	147.9060832
chr3	229787167	13.83339613	147.9074837
chr3	229787231	12.4224596	147.908369
chr3	229787342	12.43636724	147.9097479
chr3	229787757	3.351328027	147.914909
chr3	229787804	3.264885801	147.9150665
chr3	229857477	3.11355532	148.1425409
chr3	229857518	3.001043133	148.1426685
chr3	229857547	2.450751474	148.1427556
chr3	229857551	2.365768047	148.1427654
chr3	229857575	2.382334358	148.1428222
chr3	229857577	2.372544417	148.1428269
chr3	229857596	2.352966302	148.142872
chr3	229857620	2.369248845	148.1429285
chr3	229857633	2.385533975	148.1429593
chr3	229857637	2.408497123	148.1429688
chr3	229894934	2.363807694	148.2327985
chr3	229894945	2.349497766	148.2328245
chr3	229894975	2.356335007	148.232895
chr3	229895080	2.508201518	148.2331424
chr3	229947796	2.406805072	148.3653648
chr3	230008350	2.198360147	148.5111065
chr3	230080260	2.277765063	148.6691905
chr3	230080262	2.348295681	148.6691951
chr3	230080267	2.32336822	148.6692068
chr3	230080377	2.295543189	148.6694624
chr3	230080808	2.23689991	148.6704518
chr3	230080967	2.163803834	148.6708074
chr3	230084163	2.147518705	148.677723
chr3	230084186	2.827664166	148.6777724
chr3	230084215	2.808159207	148.6778544
chr3	230084249	2.952749256	148.6779498
chr3	230089108	3.082801801	148.6922972
chr3	230089232	3.249290273	148.6926795
chr3	230089301	3.76288103	148.6929037
chr3	230090452	4.320924003	148.6972348
chr3	230090508	4.305088431	148.6974768
chr3	230090620	4.496380654	148.6979589
chr3	230093399	4.474096942	148.7104544
chr3	230107921	3.608358499	148.7754272
chr3	230108036	3.62596331	148.7758422
chr3	230108054	4.343947561	148.7759074
chr3	230108193	4.306998846	148.7765112
chr3	230108300	4.328738908	148.7769721
chr3	230109032	4.4193314	148.7801407
chr3	230109418	4.184149674	148.7818466
chr3	230109426	4.16174782	148.7818801
chr3	230109763	3.897922859	148.7832826
chr3	230109854	3.922215274	148.7836373
chr3	230109878	3.668205323	148.7837314
chr3	230109905	3.564390726	148.7838305
chr3	230109919	3.306588409	148.7838804
chr3	230109934	5.947092567	148.78393
chr3	230110053	5.923406738	148.7846377
chr3	230110306	5.960973295	148.7861363
chr3	230110612	6.498581938	148.7879603
chr3	230111490	6.932681714	148.7936661
chr3	230111542	6.987320323	148.7940266
chr3	230112044	6.97594273	148.7975342
chr3	230112060	6.964628091	148.7976458
chr3	230117026	7.015052094	148.8322322
chr3	230117062	7.000836845	148.8324847
chr3	230117114	6.601977127	148.8328488
chr3	230117134	6.378044232	148.8329808
chr3	230117390	5.772215074	148.8346136
chr3	230117474	2.875849693	148.8350985
chr3	230118054	2.896166783	148.8367665
chr3	230122440	2.46790185	148.849469
chr3	230122551	2.251080928	148.849743
chr3	230122619	2.27315203	148.8498961
chr3	230122625	2.313336452	148.8499097
chr3	230125386	1.826716784	148.8562968
chr3	230162434	1.852371317	148.923973
chr3	230162591	1.833670804	148.9242638
chr3	230162642	1.898204531	148.9243574
chr3	230164430	1.924220176	148.9277513
chr3	230165017	1.945589887	148.9288809
chr3	230190163	1.890532002	148.9778047
chr3	230190187	1.970208555	148.97785
chr3	230197748	2.004214219	148.9927468
chr3	230203904	2.042997959	149.0050847
chr3	230207170	1.999366653	149.0117572
chr3	230219807	2.3242529	149.0370232
chr3	230261711	2.336213583	149.1344186
chr3	230261715	2.297360871	149.134428
chr3	230261925	2.270661913	149.1349104
chr3	230294556	5.333162725	149.2090044
chr3	230298808	5.830074162	149.231681
chr3	230298915	6.327436807	149.2323048
chr3	230298960	6.341551168	149.2325896
chr3	230299014	6.395317563	149.232932
chr3	230299023	6.349463324	149.2329896
chr3	230299029	6.310028282	149.2330277
chr3	230299098	5.411962341	149.2334631
chr3	230299138	5.388543025	149.2336795
chr3	230299179	3.650106024	149.2339005
chr3	230299181	3.664232106	149.2339078
chr3	230302487	4.648403801	149.2460217
chr3	230304272	5.439531987	149.2543191
chr3	230304312	5.420399987	149.2545367
chr3	230306232	8.138525044	149.2649439
chr3	230306250	7.647004542	149.2650904
chr3	230306293	7.439184452	149.2654192
chr3	230306335	7.396564163	149.2657316
chr3	230306376	7.425616424	149.2660349
chr3	230306427	7.456078091	149.2664136
chr3	230307186	2.581254421	149.2720728
chr3	230307949	2.514343013	149.2740423
chr3	230308243	2.522878833	149.2747815
chr3	230317585	2.505274022	149.2983502
chr3	230317626	2.519440579	149.2984529
chr3	230318177	2.484962792	149.2998411
chr3	230554848	2.470124364	149.8879598
chr3	230560330	2.421210141	149.901501
chr3	230560334	2.398657339	149.9015107
chr3	230560337	2.504965882	149.9015179
chr3	230560346	2.554633704	149.9015404
chr3	230560361	6.08349412	149.9015787
chr3	230560375	6.147183626	149.9016639
chr3	230560376	6.432231714	149.90167
chr3	230560381	6.338052036	149.9017022
chr3	230560611	6.315170285	149.90316
chr3	230560620	6.271501276	149.9032168
chr3	230560693	6.263177919	149.9036746
chr3	230560701	6.790167504	149.9037247
chr3	230560702	6.807745958	149.9037315
chr3	230560709	6.778752606	149.9037792
chr3	230560721	6.749757148	149.9038605
chr3	230562979	7.196876005	149.9191015
chr3	230562995	5.781946702	149.9192166
chr3	230563778	6.020236083	149.9237439
chr3	230563892	6.030996837	149.9244302
chr3	230563921	5.995629162	149.9246051
chr3	230570144	6.929529027	149.9619159
chr3	230572267	6.965145374	149.9766273
chr3	230572269	7.667385797	149.9766412
chr3	230572365	7.724595033	149.9773773
chr3	230572396	7.734155408	149.9776167
chr3	230572402	7.076707798	149.9776631
chr3	230572434	8.140083898	149.9778896
chr3	230572441	8.126222924	149.9779466
chr3	230572499	7.738715518	149.9784179
chr3	230572688	7.426181419	149.9798805
chr3	230572718	7.450443798	149.9801033
chr3	230578033	5.869780744	150.0197024
chr3	230578046	4.519504653	150.0197787
chr3	230578091	4.5034867	150.0199821
chr3	230578111	4.639801104	150.0200722
chr3	230578124	4.345766484	150.0201325
chr3	230578125	3.634078297	150.0201368
chr3	230578126	2.542756571	150.0201405
chr3	230675714	2.387497609	150.268283
chr3	230675837	2.305163591	150.2685766
chr3	230675845	2.353814466	150.2685951
chr3	230676159	2.112415762	150.2693342
chr3	230676282	2.080587914	150.269594
chr3	230676288	1.669713005	150.2696065
chr3	230676297	1.663200034	150.2696215
chr3	230676474	1.656505876	150.2699159
chr3	230677051	2.050187454	150.2708717
chr3	230677060	2.095282071	150.2708902
chr3	230677061	2.057995013	150.2708923
chr3	230677074	2.251857602	150.270919
chr3	230724767	1.882052312	150.3783169
chr3	230724807	1.856902188	150.3783921
chr3	230724849	1.75599517	150.3784701
chr3	230724942	1.569388524	150.3786334
chr3	230727121	1.545565321	150.3820531
chr3	230727180	1.807652718	150.3821443
chr3	230735058	1.737131279	150.396385
chr3	230735105	1.630273289	150.3964667
chr3	230735131	1.684538889	150.396509
chr3	230739805	2.048108698	150.4043826
chr3	230739807	1.989302793	150.4043867
chr3	230739984	2.057633765	150.4047388
chr3	230739985	1.999015672	150.4047408
chr3	230740062	1.800066885	150.4048948
chr3	230740134	1.934488754	150.4050244
chr3	230740257	1.847053504	150.4052623
chr3	230740305	2.512909357	150.405351
chr3	230740318	2.858877262	150.4053836
chr3	230740382	3.145163788	150.4055666
chr3	230740399	3.29751658	150.4056201
chr3	230740430	3.315742238	150.4057223
chr3	230760392	4.00606783	150.4719111
chr3	230760441	4.072799687	150.4721074
chr3	230760721	3.896424159	150.4732478
chr3	230760728	4.170728692	150.4732751
chr3	230764579	4.185898594	150.4893366
chr3	230764613	2.555007711	150.4894789
chr3	230764617	2.363542193	150.4894891
chr3	230766364	2.413761643	150.4936182
chr3	230766398	2.275038275	150.4937003
chr3	230766409	2.58956363	150.4937253
chr3	230766444	2.739461866	150.493816
chr3	230766452	2.621679211	150.4938379
chr3	230778457	2.315481461	150.5253111
chr3	230778467	2.219424423	150.5253343
chr3	230778488	2.182245948	150.5253809
chr3	230787047	1.982768883	150.5440587
chr3	230787078	1.842766206	150.5441202
chr3	230815665	1.28117639	150.5967994
chr3	230815723	1.181798914	150.5968737
chr3	230815734	1.28730342	150.5968867
chr3	230815759	2.154728589	150.5969189
chr3	230816115	2.057387784	150.5976859
chr3	230816124	2.099878446	150.5977045
chr3	230816131	2.023216133	150.5977191
chr3	230837908	2.347861092	150.6417787
chr3	230838101	2.319753256	150.6422319
chr3	230839471	2.282523387	150.6454099
chr3	230839477	2.279531952	150.6454236
chr3	230839728	2.23041965	150.6459958
chr3	230839737	2.528782443	150.6460159
chr3	230839823	2.171958065	150.6462333
chr3	230844353	2.116142861	150.6560723
chr3	230849037	2.129857387	150.6659843
chr3	230850456	1.792886072	150.6690066
chr3	230850653	1.757052344	150.6693598
chr3	230850669	1.879606401	150.6693879
chr3	230850670	1.91387967	150.6693898
chr3	230850700	21.15416913	150.6694472
chr3	230850703	20.96554203	150.6695107
chr3	230850736	20.52467016	150.6702025
chr3	230850750	20.33662453	150.6704899
chr3	230850770	20.36287659	150.6708966
chr3	230850790	20.52121566	150.6713039
chr3	230850804	20.55555112	150.6715911
chr3	230850852	24.0689309	150.6725778
chr3	230850889	4.669443228	150.6734684
chr3	230851908	4.67974401	150.6782265
chr3	230851976	1.39765281	150.6785448
chr3	230851991	1.451224139	150.6785657
chr3	230873569	1.494759159	150.7098802
chr3	230874629	1.525202561	150.7114647
chr3	230956139	1.653295768	150.8357839
chr3	230958196	1.842325863	150.8391848
chr3	230958211	1.916512331	150.8392124
chr3	230958246	2.24462262	150.8392795
chr3	230958255	2.210294509	150.8392997
chr3	230958267	2.065466548	150.8393262
chr3	230958276	2.006113982	150.8393448
chr3	230958295	2.702181945	150.8393829
chr3	230958307	2.935396165	150.8394153
chr3	230961559	3.017826577	150.8489612
chr3	230961574	3.043057202	150.8490065
chr3	230984117	3.321070743	150.9176061
chr3	230984121	3.293150735	150.9176194
chr3	230987338	3.456731369	150.9282135
chr3	230987345	3.40636079	150.9282377
chr3	230987357	3.436805698	150.9282786
chr3	230989958	3.320475271	150.9372177
chr3	230991074	3.798116295	150.9409234
chr3	230991110	4.583526239	150.9410601
chr3	230991149	6.143597763	150.9412388
chr3	230991295	6.117345705	150.9421358
chr3	230991328	6.152673596	150.9423377
chr3	230994040	6.13520088	150.9590237
chr3	230995807	4.56322104	150.9698646
chr3	230995811	4.59623788	150.9698829
chr3	230995825	4.129433027	150.9699472
chr3	230995841	4.038656854	150.9700133
chr3	230995865	4.037537555	150.9701102
chr3	230996370	5.21638472	150.9721492
chr3	230996415	10.35548549	150.9723839
chr3	230996417	10.38684579	150.9724046
chr3	230996418	10.37364801	150.972415
chr3	230996421	10.45317417	150.9724461
chr3	230996443	11.38350827	150.9726761
chr3	231000581	11.9517175	151.0197811
chr3	231000603	9.268021689	151.020044
chr3	231002412	9.31883347	151.0368099
chr3	231002416	9.419799407	151.0368471
chr3	231002485	10.09632068	151.0374971
chr3	231007938	3.713021974	151.0925523
chr3	231008037	3.89052104	151.0929199
chr3	231009883	3.956561065	151.1001018
chr3	231009890	3.57782372	151.1001295
chr3	231107544	3.375870101	151.4495183
chr3	231107737	3.340843178	151.4501699
chr3	231107788	2.824182965	151.4503402
chr3	231107795	2.70784947	151.45036
chr3	231107913	3.387447963	151.4506795
chr3	231108529	3.357003054	151.4527662
chr3	231113962	3.795226805	151.4710048
chr3	231114052	3.724061224	151.4713464
chr3	231114568	3.697704072	151.473268
chr3	231114932	4.633719142	151.474614
chr3	231114981	5.831277256	151.474841
chr3	231115667	5.842446104	151.4788413
chr3	231115920	5.750092933	151.4803194
chr3	231118027	5.862521943	151.4924349
chr3	231118247	5.892584532	151.4937246
chr3	231118255	6.075388252	151.4937717
chr3	231118274	6.081833507	151.4938872
chr3	231118286	6.047800232	151.4939602
chr3	231118289	6.055558195	151.4939783
chr3	231119958	6.096501011	151.504085
chr3	231119975	5.479753541	151.5041887
chr3	231121499	5.575297856	151.5125398
chr3	231121533	4.295446629	151.5127294
chr3	231121548	3.802536111	151.5127938
chr3	231207855	3.188283352	151.8409793
chr3	231207909	2.991456509	151.8411515
chr3	231207945	2.936132898	151.8412592
chr3	231209402	2.163498343	151.8455371
chr3	231209604	2.124531484	151.8459741
chr3	231209728	1.852503503	151.8462376
chr3	231209739	1.813986214	151.8462579
chr3	231209839	1.830089785	151.8464393
chr3	231209862	1.79120876	151.8464814
chr3	231209939	1.695287205	151.8466194
chr3	231210043	1.60997601	151.8467957
chr3	231210049	1.42702816	151.8468053
chr3	231210061	1.382203069	151.8468225
chr3	231210180	1.810919502	151.8469869
chr3	231211859	1.858632572	151.8500275
chr3	231211861	1.956786123	151.8500312
chr3	231240858	1.837046096	151.9067721
chr3	231240960	1.402588989	151.9069595
chr3	231242702	1.298488926	151.9094028
chr3	231243114	1.454923642	151.9099378
chr3	231250810	1.483621865	151.9211349
chr3	231252553	1.503409831	151.9237208
chr3	231265426	1.607073044	151.9430742
chr3	231354981	1.546142037	152.0869956
chr3	231379357	1.436457304	152.1246844
chr3	231379387	1.414672826	152.1247275
chr3	231379610	1.377424139	152.125043
chr3	231438813	1.089229214	152.2065906
chr3	231438923	1.066688382	152.2067104
chr3	231438944	0.9673408181	152.2067328
chr3	231438983	1.540929222	152.2067706
chr3	231439223	1.569253499	152.2071404
chr3	231439241	1.553157934	152.2071686
chr3	231439244	1.640473059	152.2071733
chr3	231439246	2.308827391	152.2071766
chr3	231439250	2.456487838	152.2071858
chr3	231439268	2.506289611	152.20723
chr3	231439292	2.89977802	152.2072902
chr3	231445215	2.945129497	152.2244656
chr3	231445839	2.929505191	152.2263033
chr3	231445910	3.010423073	152.2265113
chr3	231445967	2.999254225	152.2266829
chr3	231446337	2.586665789	152.2277926
chr3	231449019	2.598644574	152.2347301
chr3	231458518	2.275165852	152.2594146
chr3	231459723	2.197134973	152.2621562
chr3	231524386	2.184118982	152.4042295
chr3	231524585	2.127243299	152.4046641
chr3	231524818	2.910161299	152.4051598
chr3	231525146	2.86335103	152.4061143
chr3	231525159	2.777733909	152.4061515
chr3	231525176	2.632297225	152.4061988
chr3	231525178	2.58550596	152.406204
chr3	231526529	2.590136095	152.4096971
chr3	231526544	3.279503451	152.4097359
chr3	231526557	3.181431467	152.4097785
chr3	231526559	3.596041063	152.4097849
chr3	231526570	3.528835755	152.4098245
chr3	231526901	3.444619053	152.4109925
chr3	231526920	3.493515633	152.4110579
chr3	231526957	4.213025729	152.4111872
chr3	231532642	4.201191668	152.4351383
chr3	231532724	4.122408086	152.4354828
chr3	231532725	2.367820588	152.4354869
chr3	231533780	1.956185851	152.4379849
chr3	231534754	1.584902587	152.4398903
chr3	231554636	1.254845808	152.4714013
chr3	231554642	1.121594209	152.4714088
chr3	231554700	1.087550573	152.4714739
chr3	231555226	1.017117973	152.4720459
chr3	231555260	0.8626927182	152.4720805
chr3	231578760	0.8864890191	152.4923538
chr3	231578764	0.9054034081	152.4923573
chr3	231578769	0.5309569402	152.4923619
chr3	231578822	0.534246165	152.49239
chr3	231578843	0.5441571861	152.4924012
chr3	231578899	0.4878803878	152.4924317
chr3	231593927	0.5157305549	152.4997636
chr3	231605898	0.5317006782	152.5059374
chr3	231605900	0.5223813391	152.5059384
chr3	231756986	0.5203350355	152.5848629
chr3	231757010	0.5367823706	152.5848754
chr3	231785599	0.5189469018	152.6002215
chr3	231785714	0.5328070771	152.6002812
chr3	231812697	0.5199151261	152.6146579
chr3	231812781	0.523506688	152.6147016
chr3	231812841	0.4308607203	152.614733
chr3	231812881	0.4430513042	152.6147502
chr3	231863518	0.4621080905	152.637185
chr3	231863519	0.4693131247	152.6371855
chr3	231863557	0.4531087825	152.6372033
chr3	231868064	0.4612046017	152.6392455
chr3	231870437	0.4925038039	152.6403399
chr3	231870579	0.4600207275	152.6404098
chr3	231871726	0.4841667035	152.6409375
chr3	232024508	0.4307720971	152.7149094
chr3	232036406	0.4142754151	152.7200348
chr3	232040236	0.3772972974	152.7216214
chr3	232040244	0.3920274337	152.7216245
chr3	232040275	0.4053825743	152.7216366
chr3	232040353	0.4485535761	152.7216682
chr3	232040366	0.4281139267	152.7216741
chr3	232041028	0.4532106948	152.7219575
chr3	232045185	0.4452990897	152.7238415
chr3	232045214	0.436158768	152.7238544
chr3	232118301	0.4349666591	152.7557319
chr3	232197645	0.4825230207	152.7902439
chr3	232197647	0.4745874473	152.7902449
chr3	232197677	0.5002776025	152.7902591
chr3	232254405	0.484535587	152.8186389
chr3	232255795	0.4749624874	152.8193124
chr3	232323045	0.4455365532	152.8512536
chr3	232323135	0.5401606432	152.8512937
chr3	232323277	0.5442535311	152.8513704
chr3	232323281	0.4652800985	152.8513726
chr3	232323600	0.4822450861	152.851521
chr3	232323664	0.4951163468	152.8515519
chr3	232323699	0.5198571878	152.8515692
chr3	232323710	0.5368307612	152.8515749
chr3	232323730	0.5533523421	152.8515857
chr3	232323740	0.6643152566	152.8515912
chr3	232541052	0.5508122667	152.9959549
chr3	232541087	0.708404331	152.9959741
chr3	232541101	0.7046624058	152.9959841
chr3	232541211	0.8310626151	152.9960616
chr3	232542038	20.76172042	152.9967489
chr3	232542049	20.74482203	152.9969772
chr3	232542053	21.27720681	152.9970602
chr3	232542066	21.62918065	152.9973368
chr3	232542122	21.70204398	152.9985481
chr3	232542150	21.6986991	152.9991557
chr3	232542157	21.77085131	152.9993076
chr3	232542233	3.84280612	153.0009622
chr3	232542238	3.915072819	153.0009814
chr3	232542272	5.037521871	153.0011145
chr3	232545990	5.440471155	153.019844
chr3	232547018	6.823089585	153.0254368
chr3	232547022	6.984072512	153.0254641
chr3	232547150	7.38794448	153.0263581
chr3	232547157	7.777144564	153.0264098
chr3	232547201	7.973861718	153.026752
chr3	232547226	9.183272137	153.0269513
chr3	232547814	11.64198256	153.0323511
chr3	232551131	10.33867838	153.0709676
chr3	232551148	10.01178393	153.0711433
chr3	232551149	6.504134907	153.0711533
chr3	232592584	6.198138287	153.3406522
chr3	232592588	5.81949432	153.340677
chr3	232592690	5.778436979	153.3412705
chr3	232592699	5.61549038	153.3413225
chr3	232592701	5.608830605	153.3413338
chr3	232592712	21.23173856	153.3413955
chr3	232592725	20.98894593	153.3416715
chr3	232592752	57.69549335	153.3422382
chr3	232592762	57.4687417	153.3428151
chr3	232592764	57.38809217	153.3429301
chr3	232592771	57.22609544	153.3433318
chr3	232592792	57.21960385	153.3445335
chr3	232592944	55.30189493	153.3532309
chr3	232592969	78.43116352	153.3546135
chr3	232592973	84.51965848	153.3549272
chr3	232593037	84.43949441	153.3603365
chr3	232593122	84.49694046	153.3675138
chr3	232593124	63.69895132	153.3676828
chr3	232593128	185.7003525	153.3679376
chr3	232593145	185.5396752	153.3710945
chr3	232593162	185.4674764	153.3742487
chr3	232593169	185.6915181	153.375547
chr3	232593171	186.0218321	153.3759183
chr3	232593232	188.6019643	153.3872657
chr3	232593286	14.39561798	153.3974502
chr3	232593571	8.083104075	153.4015529
chr3	232593712	8.384819173	153.4026926
chr3	232593798	8.563700579	153.4034137
chr3	232594286	8.468624792	153.4075928
chr3	232594298	12.07038921	153.4076944
chr3	232594859	12.33423347	153.4144659
chr3	232595077	9.714233209	153.4171548
chr3	232595099	11.16301993	153.4173685
chr3	232595527	14.38750134	153.4221463
chr3	232595560	15.16130045	153.4226211
chr3	232595590	14.94958719	153.4230759
chr3	232595659	15.22861832	153.4241074
chr3	232595662	15.92480984	153.4241531
chr3	232605936	17.70107571	153.5877646
chr3	232605939	19.71967086	153.5878177
chr3	232605940	21.81862434	153.5878374
chr3	232608841	21.52360554	153.6511333
chr3	232608872	20.16063459	153.6518005
chr3	232608875	17.60736906	153.651861
chr3	232608880	18.40188896	153.651949
chr3	232608893	17.22890522	153.6521882
chr3	232608906	16.95186478	153.6524122
chr3	232608965	14.60079632	153.6534124
chr3	232609039	14.32777452	153.6544928
chr3	232609406	16.63762906	153.6597511
chr3	232609498	14.66705652	153.6612818
chr3	232609635	14.03735543	153.6632912
chr3	232609672	14.05408826	153.6638106
chr3	232610243	12.20152842	153.6718354
chr3	232610277	4.281924553	153.6722503
chr3	232610584	3.857318041	153.6735648
chr3	232610691	3.659750525	153.6739776
chr3	232656784	3.587199579	153.8426665
chr3	232656812	3.306871963	153.8427669
chr3	232656835	3.352747937	153.842843
chr3	232656902	3.273625781	153.8430676
chr3	232657340	2.995062565	153.8445014
chr3	232657413	2.92284895	153.8447201
chr3	232657414	2.501921756	153.844723
chr3	232657415	2.547342987	153.8447255
chr3	232657421	2.579999745	153.8447408
chr3	232657443	2.508377043	153.8447976
chr3	232657496	2.430306434	153.8449305
chr3	232657526	2.7852997	153.8450034
chr3	232657561	2.864279509	153.8451009
chr3	232657568	2.792830205	153.8451209
chr3	232657595	2.752277169	153.8451963
chr3	232657597	2.905316511	153.8452019
chr3	232657616	2.951657543	153.8452571
chr3	232658007	3.21258908	153.8464112
chr3	232658056	3.214724041	153.8465686
chr3	232658097	3.694370605	153.8467004
chr3	232658103	3.755006192	153.8467225
chr3	232658120	3.871426993	153.8467864
chr3	232658126	4.057925011	153.8468096
chr3	232658128	4.113868084	153.8468177
chr3	232658146	4.157565542	153.8468918
chr3	232658184	4.232783618	153.8470498
chr3	232658269	4.270425274	153.8474095
chr3	232658315	4.314128427	153.847606
chr3	232658320	4.351789681	153.8476276
chr3	232658466	4.680850916	153.8482629
chr3	232658472	4.720329862	153.848291
chr3	232658502	4.997381822	153.8484326
chr3	232737223	4.979486306	154.2418315
chr3	232737249	4.257084927	154.241961
chr3	232737610	4.170352472	154.2434978
chr3	232737695	4.288359997	154.2438523
chr3	232742556	4.499055669	154.264698
chr3	232742569	4.732362124	154.2647565
chr3	232742727	4.645324418	154.2655042
chr3	232751879	4.60630274	154.3080182
chr3	232751886	4.136959006	154.3080504
chr3	232751888	4.09745554	154.3080587
chr3	232751916	5.013970111	154.3081734
chr3	232752059	4.686014374	154.3088904
chr3	232752632	4.608170547	154.3115755
chr3	232752672	5.168507892	154.3117598
chr3	232752687	5.090946122	154.3118374
chr3	232752698	6.582899823	154.3118934
chr3	232755885	6.52182669	154.3328731
chr3	232756078	7.463156241	154.3341318
chr3	232756206	8.664036366	154.3350871
chr3	232756274	10.47280542	154.3356762
chr3	232756525	14.63018261	154.3383049
chr3	232758941	14.55049242	154.3736514
chr3	232759997	11.0960269	154.3890167
chr3	232760060	10.53835023	154.3897158
chr3	232760065	9.893446144	154.3897685
chr3	232760145	8.874365894	154.39056
chr3	232760185	8.908931378	154.3909149
chr3	232760187	7.959945156	154.3909327
chr3	232760193	8.830182168	154.3909805
chr3	232760235	5.258070427	154.3913514
chr3	232760345	5.313846277	154.3919298
chr3	232760364	5.297442827	154.3920307
chr3	232760392	4.491721445	154.3921791
chr3	232770368	4.396614511	154.4369885
chr3	232770384	3.613080665	154.4370588
chr3	232770386	3.557507576	154.437066
chr3	232770390	3.644713145	154.4370803
chr3	232770406	3.478934417	154.4371386
chr3	232770407	3.446286031	154.4371421
chr3	232826445	2.788961709	154.630265
chr3	232826486	1.861141131	154.6303794
chr3	232826527	1.926813136	154.6304557
chr3	232826598	1.825266274	154.6305925
chr3	232828264	1.803650669	154.6336334
chr3	232828309	1.570698707	154.6337146
chr3	232828741	1.549152286	154.6343931
chr3	232828752	1.52753516	154.6344101
chr3	232828816	1.484411754	154.6345079
chr3	232828845	1.423172965	154.6345509
chr3	232830016	1.401785809	154.6362175
chr3	232830074	1.503671318	154.6362988
chr3	232830135	1.873140713	154.6363905
chr3	232830141	1.909084971	154.6364017
chr3	232831103	1.95811959	154.6382383
chr3	232831155	2.040479017	154.6383401
chr3	232831179	2.262692736	154.6383891
chr3	232844210	2.449680663	154.6678742
chr3	232844224	2.611050267	154.6679085
chr3	232844284	2.633874577	154.6680652
chr3	232844321	3.341253075	154.6681626
chr3	232863434	3.325181637	154.732024
chr3	232863484	2.985988273	154.7321903
chr3	232863527	4.667521144	154.7323187
chr3	232863530	6.792853696	154.7323327
chr3	232863533	6.818522154	154.7323531
chr3	232863560	6.690032084	154.7325372
chr3	232863788	6.610679083	154.7340625
chr3	232863806	6.558604267	154.7341815
chr3	232863931	6.524257299	154.7350013
chr3	232864263	7.909732781	154.7371674
chr3	232865180	5.673932473	154.7444206
chr3	232866282	9.092869402	154.7506732
chr3	232866912	9.208747946	154.7564018
chr3	232867085	9.083225884	154.7579949
chr3	232867092	7.166725758	154.7580585
chr3	232867144	7.066338853	154.7584311
chr3	232867146	6.079808431	154.7584453
chr3	232867213	2.078676885	154.7588526
chr3	232901565	2.132541365	154.8302593
chr3	232906337	2.040796111	154.8404358
chr3	232908954	2.181582322	154.8457766
chr3	232909376	2.153736926	154.8466972
chr3	232909395	2.139062118	154.8467381
chr3	232909418	2.29244157	154.8467873
chr3	232909500	2.356405231	154.8469753
chr3	232909527	2.309938704	154.8470389
chr3	232909552	2.998281127	154.8470967
chr3	232969995	2.98994343	155.0283218
chr3	232970053	5.11596562	155.0284952
chr3	232971871	5.127794914	155.037796
chr3	232971894	5.166298134	155.0379139
chr3	232971959	6.371089286	155.0382498
chr3	232973005	12.21387619	155.0449139
chr3	232973044	12.3734578	155.0453903
chr3	232973055	15.52940507	155.0455264
chr3	232973129	15.63749387	155.0466755
chr3	232973409	19.91077226	155.051054
chr3	232973485	21.61113543	155.0525673
chr3	232974395	15.30408377	155.0722334
chr3	232975021	13.93413441	155.0818137
chr3	232979332	13.46177036	155.1418838
chr3	232979341	13.11647949	155.142005
chr3	232979443	13.20789073	155.1433428
chr3	232979449	13.31186093	155.1434221
chr3	232979460	12.97449739	155.1435685
chr3	232979510	12.62984771	155.1442172
chr3	232979530	13.91254259	155.1444698
chr3	232979547	14.04569319	155.1447064
chr3	232988807	13.84898472	155.2747695
chr3	233002008	16.51774555	155.4575899
chr3	233004626	16.40108035	155.5008334
chr3	233005012	16.25642226	155.5071642
chr3	233005027	18.96053165	155.507408
chr3	233005068	18.60119616	155.5081854
chr3	233005154	25.48248551	155.5097851
chr3	233005157	27.50467697	155.5098616
chr3	233005817	26.85512281	155.5280147
chr3	233005909	25.1068582	155.5304853
chr3	233005913	25.08403389	155.5305858
chr3	233006840	18.96758495	155.5538387
chr3	233006865	18.79983085	155.5543128
chr3	233007118	18.9163977	155.5590692
chr3	233007253	5.618383942	155.5616229
chr3	233007259	5.308299231	155.5616566
chr3	233007278	5.657074429	155.5617575
chr3	233007385	6.203867772	155.5623628
chr3	233050410	9.260378263	155.8292842
chr3	233050416	8.934283613	155.8293398
chr3	233050427	8.810888938	155.829438
chr3	233050445	8.502894606	155.8295966
chr3	233050478	8.482803396	155.8298772
chr3	233050519	8.401637514	155.830225
chr3	233050967	8.351944663	155.833989
chr3	233051443	3.849222045	155.8379645
chr3	233051506	3.667611564	155.838207
chr3	233065740	5.303402338	155.8904118
chr3	233065866	4.796233733	155.89108
chr3	233067706	3.17428119	155.8999051
chr3	233067749	3.181153103	155.9000416
chr3	233067777	3.185263865	155.9001306
chr3	233067820	3.236307415	155.9002676
chr3	233067974	3.45239713	155.900766
chr3	233067987	3.59888545	155.9008109
chr3	233139085	3.567135222	156.1566844
chr3	233139130	3.463630627	156.156845
chr3	233139138	3.580079702	156.1568727
chr3	233140093	3.529036152	156.1602916
chr3	233140278	3.478005311	156.1609445
chr3	233140956	3.623547843	156.1633026
chr3	233140971	3.464863271	156.163357
chr3	233141127	3.485303337	156.1638975
chr3	233146263	3.600593996	156.181798
chr3	233146453	3.378583159	156.1824821
chr3	233146493	3.180762119	156.1826172
chr3	233179270	3.147695265	156.2868731
chr3	233179741	3.129675185	156.2883556
chr3	233179750	3.168106607	156.2883838
chr3	233180111	2.773689084	156.2895275
chr3	233180138	2.655472347	156.2896024
chr3	233180166	2.541468896	156.2896767
chr3	233180184	2.520311965	156.2897225
chr3	233180293	2.641063186	156.2899972
chr3	233180299	2.464140196	156.2900131
chr3	233180321	2.369320177	156.2900673
chr3	233180328	2.291213509	156.2900838
chr3	233180349	2.269901228	156.290132
chr3	233180514	3.485377091	156.2905065
chr3	233180571	10.27924543	156.2907052
chr3	233180685	10.25824399	156.291877
chr3	233180692	10.80978448	156.2919488
chr3	233180731	10.82946453	156.2923704
chr3	233180735	10.79682626	156.2924137
chr3	233180794	11.19866339	156.2930507
chr3	233180797	11.81573878	156.2930843
chr3	233180903	12.40507835	156.2943368
chr3	233181094	12.87670386	156.2967062
chr3	233181103	12.97441205	156.296822
chr3	233181114	17.63294498	156.2969648
chr3	233181318	17.59578771	156.3005619
chr3	233181385	17.49018051	156.3017408
chr3	233181445	6.617573291	156.3027902
chr3	233197479	6.542035373	156.4088964
chr3	233198115	6.025244131	156.4130571
chr3	233198190	6.029943111	156.413509
chr3	233198353	5.405756769	156.4144919
chr3	233198382	5.175398002	156.4146487
chr3	233198397	5.265491062	156.4147263
chr3	233198469	4.993983038	156.4151054
chr3	233200758	6.189930464	156.4265366
chr3	233200778	6.149951015	156.4266604
chr3	233206257	6.534932788	156.460356
chr3	233207974	6.558718051	156.4715765
chr3	233210259	6.795673216	156.4865632
chr3	233210577	6.107114414	156.4887242
chr3	233210835	6.07546881	156.4902998
chr3	233210844	4.74833061	156.4903545
chr3	233210845	4.730245167	156.4903592
chr3	233210924	4.524189214	156.4907329
chr3	233210948	4.288004192	156.4908415
chr3	233210977	4.447198587	156.4909659
chr3	233210990	4.518041436	156.4910237
chr3	233211375	5.119103729	156.4927631
chr3	233211395	5.214965788	156.4928655
chr3	233211413	5.129990557	156.4929594
chr3	233213853	5.884459851	156.5054766
chr3	233213876	5.908156956	156.5056119
chr3	233213951	5.931873409	156.506055
chr3	233218713	18.78913992	156.5343026
chr3	233218859	18.60345529	156.5370458
chr3	233218872	18.42427958	156.5372877
chr3	233218897	18.03117486	156.5377483
chr3	233218999	5.262356559	156.5395874
chr3	233219008	5.262334939	156.5396348
chr3	233219136	3.996169966	156.5403084
chr3	233219137	3.696692021	156.5403124
chr3	233219218	3.91263843	156.5406118
chr3	233220732	3.560392607	156.5465355
chr3	233235541	3.249576763	156.5992614
chr3	233235600	3.127305562	156.5994531
chr3	233263064	3.23541409	156.6853414
chr3	233263113	3.762415647	156.6855
chr3	233263317	4.059346628	156.6862675
chr3	233263439	4.104941781	156.6867627
chr3	233263503	4.139745318	156.6870255
chr3	233263521	4.09498971	156.6871
chr3	233272190	4.113246636	156.7225994
chr3	233272223	4.043755603	156.7227352
chr3	233274556	3.919116193	156.7321693
chr3	233275186	3.826063588	156.7346383
chr3	233275657	3.766436532	156.7364404
chr3	233275680	3.4566564	156.736527
chr3	233275741	1.752559294	156.7367379
chr3	233275760	1.698774986	156.7367712
chr3	233275765	1.684071478	156.7367797
chr3	233275831	1.841304084	156.7368908
chr3	233275974	1.880726496	156.7371541
chr3	233276445	1.889220943	156.7380399
chr3	233279520	1.856616763	156.7438493
chr3	233279524	1.855560415	156.7438567
chr3	233279535	1.869581382	156.7438771
chr3	233362909	1.875061855	156.8997516
chr3	233363073	1.901127967	156.9000591
chr3	233363086	1.856982375	156.9000838
chr3	233363578	1.872105049	156.9009975
chr3	233364426	1.878194593	156.902585
chr3	233364499	1.854160108	156.9027221
chr3	233369470	1.831206266	156.9119392
chr3	233369500	1.90588566	156.9119941
chr3	233369552	1.729243171	156.9120932
chr3	233407140	1.692514623	156.977092
chr3	233407579	1.710498784	156.977835
chr3	233484489	1.836157526	157.1093895
chr3	233484494	1.843833286	157.1093986
chr3	233491439	1.796469796	157.1222041
chr3	233491443	1.766217378	157.1222113
chr3	233491893	1.921035208	157.123006
chr3	233538282	1.982093572	157.212121
chr3	233538316	1.96024096	157.2121883
chr3	233538345	1.917171765	157.2122452
chr3	233541878	1.942555413	157.2190186
chr3	233541902	1.927962297	157.2190652
chr3	233542646	2.056342677	157.2204996
chr3	233542656	2.114467511	157.2205201
chr3	233543400	2.158213103	157.2220933
chr3	233543739	4.080759737	157.2228249
chr3	233543742	4.06699337	157.2228372
chr3	233544090	4.05686393	157.2242525
chr3	233545364	4.006110806	157.2294209
chr3	233545373	3.851825968	157.229457
chr3	233545595	1.812920137	157.2303121
chr3	233604582	1.7646289	157.3372508
chr3	233604593	2.93994309	157.3372702
chr3	233604621	2.5760523	157.3373526
chr3	233604873	2.562327535	157.3380017
chr3	233605609	2.503727143	157.3398876
chr3	233605642	2.44516675	157.3399702
chr3	233607521	0.926513848	157.3445647
chr3	233607632	0.9221370403	157.3446675
chr3	233609333	0.9126826609	157.3462361
chr3	233609392	0.9874745091	157.3462899
chr3	233609401	1.002814253	157.3462988
chr3	233689323	0.7825637326	157.4264457
chr3	233702191	0.667317164	157.4365158
chr3	233708041	0.5816293133	157.4404196
chr3	233710674	0.546856941	157.441951
chr3	233710728	0.5394689456	157.4419805
chr3	233710737	0.4666649193	157.4419854
chr3	233710829	0.4342360964	157.4420283
chr3	233710852	1.288472513	157.4420383
chr3	233724267	0.4671566934	157.4593232
chr3	233849411	0.4376780887	157.517785
chr3	233849892	0.4223383442	157.5179955
chr3	233850392	0.395922747	157.5182067
chr3	233850396	0.3183006957	157.5182083
chr3	233854795	0.3465913581	157.5196085
chr3	233855660	0.3733701318	157.5199083
chr3	233866111	0.3525029321	157.5238104
chr3	233879254	0.3414961697	157.5284433
chr3	233881277	0.3172675937	157.5291342
chr3	233883587	0.3394336255	157.5298671
chr3	233963001	0.2328888307	157.5568229
chr3	233970230	0.226799286	157.5585064
chr3	233983269	0.222100306	157.5614637
chr3	234036039	0.1990097842	157.5731839
chr3	234046576	0.160181717	157.5752809
chr3	234048298	0.1678862346	157.5755567
chr3	234048417	0.1917245703	157.5755767
chr3	234049992	0.2007242349	157.5758786
chr3	234050016	0.2966277831	157.5758834
chr3	234050067	0.3280701544	157.5758986
chr3	234163435	0.3482100803	157.6130912
chr3	234166750	0.3041413095	157.6142455
chr3	234166751	0.171597301	157.6142459
chr3	234167314	136.899487	157.6143425
chr3	234167395	10.51968356	157.6254313
chr3	234167453	10.54194926	157.6260415
chr3	234167675	10.59486594	157.6283818
chr3	234167832	2.249403938	157.6300452
chr3	234167847	2.26212531	157.6300789
chr3	234169524	0.5293538172	157.6338725
chr3	234169609	0.5838991369	157.6339175
chr3	234245553	5.377733459	157.6782611
chr3	234245742	5.294720716	157.6792775
chr3	234246122	5.328327288	157.6812895
chr3	234246230	5.281271626	157.681865
chr3	234246231	5.298536645	157.6818703
chr3	234246243	5.254845763	157.6819338
chr3	234246315	0.4031430539	157.6823122
chr3	234246483	0.5802344168	157.6823799
chr3	234246546	0.7068496642	157.6824165
chr3	234247583	0.6976064328	157.6831495
chr3	234247606	0.9532057012	157.6831655
chr3	234248053	0.9906376726	157.6835916
chr3	234248748	1.027831507	157.6842801
chr3	234344304	0.9902113474	157.7824956
chr3	234346607	0.927665874	157.784776
chr3	234347315	0.8335864743	157.7854328
chr3	234347933	0.536558397	157.785948
chr3	234347940	0.4571675788	157.7859517
chr3	234347960	0.4208739044	157.7859609
chr3	234377135	0.4459251435	157.7982399
chr3	234404327	0.4771118558	157.8103654
chr3	234457783	0.4435269163	157.8358699
chr3	234457837	0.502842203	157.8358939
chr3	234459904	0.4499240383	157.8369333
chr3	234463946	0.5096185933	157.8387519
chr3	234507576	0.5706204164	157.8609865
chr3	234541328	0.4843521411	157.8802461
chr3	234666163	0.5042099743	157.9407102
chr3	234671657	0.4350404252	157.9434803
chr3	234675046	0.4180564588	157.9449547
chr3	234675053	0.4512973177	157.9449576
chr3	234675057	0.450531554	157.9449594
chr3	234726639	0.4293446516	157.9681987
chr3	234770830	0.3893845655	157.9871719
chr3	234770846	0.3413603886	157.9871781
chr3	234770903	0.3606500502	157.9871976
chr3	234770928	0.4092216734	157.9872066
chr3	234771192	0.3707104776	157.9873146
chr3	234775267	1.030203023	157.9888253
chr3	234775396	1.290704949	157.9889582
chr3	234775419	1.329441448	157.9889879
chr3	234775541	2.038673498	157.9891501
chr3	234785944	0.2862383438	158.0103584
chr3	234786000	0.2853091857	158.0103744
chr3	234786020	0.4919598076	158.0103801
chr3	234786033	0.4502983365	158.0103865
chr3	234786290	0.9039029876	158.0105022
chr3	234786353	1.695661712	158.0105592
chr3	234786363	1.799869799	158.0105761
chr3	234786378	1.902293803	158.0106031
chr3	234786380	1.946082037	158.0106069
chr3	234786404	2.193593211	158.0106536
chr3	234786412	2.237434517	158.0106712
chr3	234821632	19.08019647	158.0894736
chr3	234821683	18.76769405	158.0904467
chr3	234821744	19.24834783	158.0915916
chr3	234821764	18.72839566	158.0919765
chr3	234821818	18.31249998	158.0929879
chr3	234821852	1.543997669	158.0936105
chr3	234821868	5.379022275	158.0936352
chr3	234821926	5.458766577	158.0939472
chr3	234821992	9.957054112	158.0943074
chr3	234822170	16.27537556	158.0960798
chr3	234822761	9.883135826	158.1056986
chr3	234822823	6.020234771	158.1063113
chr3	234822853	6.165648542	158.1064919
chr3	234822948	6.2431191	158.1070776
chr3	234822960	6.55305015	158.1071526
chr3	234822965	6.708061254	158.1071853
chr3	234822977	6.895111586	158.1072658
chr3	234823097	6.988004417	158.1080932
chr3	234823106	7.014717068	158.1081561
chr3	234823193	7.092652433	158.1087664
chr3	234823537	10.53518629	158.1112063
chr3	234824210	4.28776265	158.1182965
chr3	234870523	4.056078023	158.3168756
chr3	234870528	3.514374868	158.3168959
chr3	234870531	3.531254854	158.3169064
chr3	234870558	3.164599282	158.3170018
chr3	234870567	3.02153236	158.3170303
chr3	234870573	3.204683755	158.3170484
chr3	234870628	2.987040703	158.3172247
chr3	234870654	3.026613454	158.3173023
chr3	234871103	3.552140196	158.3186613
chr3	234871310	3.471972254	158.3193966
chr3	234872334	3.564876189	158.3229519
chr3	234876743	3.782935886	158.3386694
chr3	234876819	3.068872523	158.3389569
chr3	234876843	3.028104808	158.3390306
chr3	234876854	2.677725799	158.3390639
chr3	234876972	2.66923204	158.3393798
chr3	234877035	2.599396349	158.339548
chr3	234877038	3.220956095	158.3395558
chr3	234877060	2.744014513	158.3396267
chr3	234877667	2.821415178	158.3412923
chr3	234916678	2.781807803	158.4513585
chr3	234916876	2.689206003	158.4519093
chr3	234916974	2.597508792	158.4521728
chr3	234917138	1.95773383	158.4525988
chr3	234917151	1.855539046	158.4526243
chr3	234917226	1.939415872	158.4527634
chr3	234917229	1.749883376	158.4527693
chr3	234917234	1.808157929	158.452778
chr3	234917248	2.14740233	158.4528033
chr3	234917253	2.48643486	158.4528141
chr3	234917267	2.501277284	158.4528489
chr3	234917270	2.409532186	158.4528564
chr3	234917763	2.331222934	158.4540443
chr3	234921355	2.303886565	158.462418
chr3	234921376	2.2668596	158.4624664
chr3	234921611	2.310916883	158.4629991
chr3	234925150	2.165721019	158.4711775
chr3	234925329	2.12058595	158.4715651
chr3	234925361	2.144018737	158.471633
chr3	234925362	2.07669379	158.4716351
chr3	234961208	1.966104314	158.5460763
chr3	234961242	1.790669603	158.5461431
chr3	234962149	1.890765913	158.5477673
chr3	234966263	2.246481897	158.5555459
chr3	234975392	2.295265479	158.576054
chr3	234975395	2.315065017	158.5760609
chr3	234975467	2.990088018	158.5762276
chr3	234980539	3.334539524	158.5913933
chr3	234980550	3.527217726	158.59143
chr3	235017840	3.616720558	158.7229599
chr3	235021272	3.599761263	158.7353725
chr3	235022996	3.57449781	158.7415785
chr3	235023210	4.338020978	158.7423435
chr3	235023256	6.2253542	158.742543
chr3	235025532	6.189788243	158.7567119
chr3	235028208	5.875735961	158.7732758
chr3	235029207	4.747224393	158.7791457
chr3	235040458	4.653006091	158.8325567
chr3	235041505	5.031062041	158.8374284
chr3	235081751	4.502484984	159.0399085
chr3	235081752	4.515431328	159.039913
chr3	235082790	5.510412365	159.0446
chr3	235082793	5.747817873	159.0446165
chr3	235082816	5.68787587	159.0447487
chr3	235082820	5.718651238	159.0447715
chr3	235083203	5.646550513	159.0469617
chr3	235087576	5.646290687	159.0716541
chr3	235087615	5.636324851	159.0718743
chr3	235087646	4.909198968	159.072049
chr3	235087706	4.876330981	159.0723436
chr3	235087709	4.853612227	159.0723582
chr3	235088900	4.442879285	159.0781389
chr3	235089078	4.223585472	159.0789297
chr3	235089083	4.209177567	159.0789508
chr3	235089509	3.990403588	159.0807439
chr3	235089532	4.002525495	159.0808357
chr3	235089608	4.102028008	159.0811399
chr3	235089645	4.905933562	159.0812917
chr3	235161275	4.824160659	159.4327037
chr3	235161716	5.288001994	159.4348312
chr3	235161804	5.165784595	159.4352965
chr3	235161807	5.92511206	159.435312
chr3	235161831	5.874405277	159.4354542
chr3	235162166	5.689667541	159.4374221
chr3	235162385	5.785298776	159.4386682
chr3	235164484	5.815852821	159.4508115
chr3	235165637	5.762902944	159.4575172
chr3	235165647	5.739381755	159.4575748
chr3	235165661	5.440946333	159.4576552
chr3	235165789	5.471976507	159.4583516
chr3	235165805	5.450568244	159.4584392
chr3	235165810	5.465682383	159.4584664
chr3	235165816	4.635154241	159.4584992
chr3	235165818	3.989112661	159.4585085
chr3	235165824	3.978794556	159.4585324
chr3	235165832	4.054486645	159.4585642
chr3	235198876	4.094069626	159.5925407
chr3	235198930	5.547738143	159.5927618
chr3	235198945	5.396268186	159.592845
chr3	235198957	5.422882361	159.5929097
chr3	235200921	12.14895799	159.6035603
chr3	235200958	12.13621005	159.6040098
chr3	235200961	11.93105671	159.6040462
chr3	235201120	11.85359837	159.6059432
chr3	235201414	11.66224518	159.6094282
chr3	235201453	3.308782592	159.609883
chr3	235201469	3.309301027	159.609936
chr3	235209341	3.723924841	159.6359868
chr3	235209345	3.642839421	159.6360017
chr3	235210389	3.678700553	159.6398048
chr3	235313260	3.601386758	160.0182364
chr3	235313530	3.262813359	160.0192088
chr3	235313572	3.528490023	160.0193458
chr3	235313704	3.540783085	160.0198116
chr3	235313730	3.505443437	160.0199036
chr3	235313838	3.628733007	160.0202822
chr3	235313895	3.979986269	160.0204891
chr3	235314899	3.989627595	160.024485
chr3	235315865	4.329555769	160.028339
chr3	235316636	4.295173268	160.031677
chr3	235320845	4.465766124	160.0497554
chr3	235322156	5.067806684	160.05561
chr3	235328934	5.02257476	160.0899596
chr3	235328971	5.023704294	160.0901455
chr3	235331352	4.812381014	160.1021069
chr3	235336580	4.529428125	160.127266
chr3	235337545	4.479170293	160.1316369
chr3	235337558	4.634781315	160.1316952
chr3	235337570	3.789327954	160.1317508
chr3	235337587	3.470958745	160.1318152
chr3	235337588	3.461156397	160.1318187
chr3	235337605	3.559942561	160.1318775
chr3	235342444	3.871927611	160.1491041
chr3	235342470	4.667908771	160.1492048
chr3	235343760	4.393818673	160.1552264
chr3	235346662	5.986617333	160.1679772
chr3	235346676	6.061493968	160.168061
chr3	235346686	7.958193005	160.1681216
chr3	235346693	8.405903747	160.1681774
chr3	235346699	8.637980558	160.1682278
chr3	235351756	8.21625061	160.2119101
chr3	235351781	7.821148274	160.2121155
chr3	235351995	7.725909588	160.2137892
chr3	235356718	8.537229251	160.2502787
chr3	235359909	8.096661897	160.277521
chr3	235359948	8.19118705	160.2778367
chr3	235360534	12.97785908	160.2826368
chr3	235360581	12.9316475	160.2832467
chr3	235360645	12.85334822	160.2840743
chr3	235360684	12.27980665	160.2845756
chr3	235361265	5.890922652	160.2917102
chr3	235361291	5.67679747	160.2918634
chr3	235361311	4.80568774	160.2919769
chr3	235362114	5.21185666	160.2958359
chr3	235362125	5.083237044	160.2958932
chr3	235362139	4.872303104	160.2959644
chr3	235362256	5.164419605	160.2965344
chr3	235362257	5.498847161	160.2965396
chr3	235362394	5.423080668	160.2972929
chr3	235362423	5.772193048	160.2974502
chr3	235363421	6.229837324	160.3032108
chr3	235368102	6.25377057	160.3323727
chr3	235368133	7.013307425	160.3325666
chr3	235368157	7.037259318	160.3327349
chr3	235371482	6.233054543	160.3561338
chr3	235371496	6.263492207	160.356221
chr3	235372926	5.672829305	160.3651778
chr3	235372990	3.186123384	160.3655409
chr3	235373257	3.19497084	160.3663916
chr3	235373288	4.111135492	160.3664906
chr3	235374949	3.944321669	160.3733192
chr3	235375147	1.817448032	160.3741002
chr3	235375177	1.840337486	160.3741547
chr3	235456031	1.795912798	160.5229534
chr3	235456302	1.685527919	160.5234401
chr3	235460623	1.709259497	160.5307232
chr3	235460643	1.783843427	160.5307574
chr3	235485889	1.885737379	160.5757923
chr3	235487378	2.012970777	160.5786002
chr3	235487399	2.034556786	160.5786425
chr3	235487464	2.005324617	160.5787747
chr3	235487478	2.111963644	160.5788028
chr3	235522048	2.116198432	160.6518134
chr3	235522072	2.046646283	160.6518642
chr3	235522094	1.944752332	160.6519092
chr3	235522146	1.96578658	160.6520103
chr3	235522177	1.864945203	160.6520713
chr3	235522221	1.688128748	160.6521533
chr3	235522242	1.699689839	160.6521888
chr3	235522276	1.784582426	160.6522466
chr3	235522311	1.831602856	160.652309
chr3	235522528	1.858407702	160.6527065
chr3	235522563	2.141376356	160.6527715
chr3	235522592	2.209914774	160.6528336
chr3	235658300	1.818776613	160.9527367
chr3	235658363	4.22006413	160.9528513
chr3	235658382	4.243733304	160.9529315
chr3	235658425	4.195183213	160.953114
chr3	235658438	4.086811236	160.9531685
chr3	235658444	4.146479472	160.953193
chr3	235658600	4.228235442	160.9538399
chr3	235658612	6.619078285	160.9538906
chr3	235659753	6.648158896	160.961443
chr3	235659891	4.278253996	160.9623604
chr3	235660116	4.205925993	160.963323
chr3	235660126	4.220879117	160.9633651
chr3	235660155	1.836798857	160.9634875
chr3	235660188	1.870139757	160.9635481
chr3	235660244	1.929977612	160.9636529
chr3	235660251	2.003160907	160.9636664
chr3	235660326	2.102760532	160.9638166
chr3	235660359	2.202078605	160.963886
chr3	235664075	2.312397699	160.9720689
chr3	235664496	2.286452131	160.9730424
chr3	235665683	2.387797857	160.9757565
chr3	235697357	2.193568783	161.0513876
chr3	235697365	2.018717284	161.0514051
chr3	235697503	1.910470604	161.0516837
chr3	235697515	1.765894454	161.0517066
chr3	235697530	2.070946285	161.0517331
chr3	235698959	2.087047537	161.0546925
chr3	235700078	2.094283079	161.0570279
chr3	235700163	2.242371992	161.0572059
chr3	235702333	2.464984662	161.0620719
chr3	235702536	2.460844887	161.0625723
chr3	235712320	2.477944897	161.0866492
chr3	235713322	2.49700858	161.0891321
chr3	235762066	2.439845593	161.2108462
chr3	235762100	2.8292345	161.2109292
chr3	235770835	2.795893601	161.2356426
chr3	235771010	2.81403549	161.2361318
chr3	235771026	2.763841323	161.2361769
chr3	235771063	2.819029766	161.2362791
chr3	235771574	2.453303915	161.2377197
chr3	235773040	2.355751504	161.2413162
chr3	235773728	2.454349432	161.242937
chr3	235782465	2.310639769	161.2643806
chr3	235785839	2.297537148	161.2721767
chr3	235785879	2.239038971	161.2722686
chr3	235786974	2.211594288	161.2747204
chr3	235787000	2.237747708	161.2747779
chr3	235790221	2.255660765	161.2819856
chr3	235795650	2.282900852	161.2942316
chr3	235796089	2.356370125	161.2952338
chr3	235796093	2.422994724	161.2952432
chr3	235796149	2.292126025	161.2953789
chr3	235796742	2.219036899	161.2967382
chr3	235905683	2.255578269	161.5384823
chr3	235905722	2.221910572	161.5385702
chr3	235906815	2.733017766	161.5409988
chr3	235906817	2.781428888	161.5410042
chr3	235906835	2.691866302	161.5410543
chr3	235906865	2.757737612	161.5411351
chr3	235925614	2.80080859	161.5928399
chr3	235925776	2.894766406	161.5932936
chr3	235925779	4.106744016	161.5933023
chr3	235925790	5.880846213	161.5933475
chr3	235925807	5.85311447	161.5934474
chr3	235925870	5.900907787	161.5938162
chr3	235926023	5.914745	161.594719
chr3	235926033	5.962639457	161.5947782
chr3	235927474	5.9389764	161.6033703
chr3	235927478	5.952688117	161.6033941
chr3	235927502	5.901817366	161.603537
chr3	235928037	6.078620391	161.6066944
chr3	235928055	12.87608212	161.6068039
chr3	235928076	11.76228618	161.6070743
chr3	235928083	11.93386813	161.6071566
chr3	235928504	3.885160478	161.6121807
chr3	235931078	3.88181318	161.6221811
chr3	235976500	4.078980123	161.7985009
chr3	235976520	3.663432828	161.7985824
chr3	235976543	3.274514402	161.7986667
chr3	235999332	3.222742333	161.8732896
chr3	236001123	3.063940629	161.8790615
chr3	236001137	3.027789202	161.8791044
chr3	236001913	2.881466005	161.881454
chr3	236001926	2.701340719	161.8814915
chr3	236001930	2.556027346	161.8815023
chr3	236001935	2.537027785	161.881515
chr3	236003058	2.186100461	161.8843641
chr3	236003103	2.065365745	161.8844625
chr3	236003124	2.016209598	161.8845059
chr3	236003176	2.009098356	161.8846107
chr3	236003193	2.023233634	161.8846449
chr3	236003194	1.974123307	161.8846469
chr3	236006639	1.717503778	161.8914478
chr3	236006668	1.76430039	161.8914976
chr3	236006843	1.690884678	161.8918063
chr3	236006846	1.645379924	161.8918114
chr3	236006877	1.72541043	161.8918624
chr3	236006889	1.769443787	161.8918831
chr3	236040329	1.847529269	161.9510533
chr3	236084886	1.802446039	162.0333737
chr3	236085053	1.805012306	162.0336747
chr3	236085479	1.832101503	162.0344436
chr3	236085482	1.900962133	162.0344491
chr3	236085500	1.909302503	162.0344833
chr3	236085522	1.877148456	162.0345253
chr3	236085533	1.764112876	162.034546
chr3	236085539	1.676257303	162.0345566
chr3	236087473	1.632555704	162.0377984
chr3	236087573	1.508754567	162.0379617
chr3	236087604	1.519976311	162.0380085
chr3	236087624	1.55510697	162.0380389
chr3	236087631	1.511487014	162.0380497
chr3	236087861	1.488402333	162.0383974
chr3	236087943	1.509976601	162.0385194
chr3	236087955	1.679662859	162.0385376
chr3	236087959	1.700594232	162.0385443
chr3	236087968	1.756406914	162.0385596
chr3	236090529	1.934629545	162.0430577
chr3	236090552	1.971095423	162.0431022
chr3	236090624	2.030067244	162.0432442
chr3	236090668	2.022213306	162.0433335
chr3	236091017	1.982387808	162.0440392
chr3	236091076	1.950184602	162.0441562
chr3	236143339	1.886426038	162.1460787
chr3	236143861	1.860225812	162.1470634
chr3	236143917	1.725205575	162.1471676
chr3	236143953	1.708309507	162.1472297
chr3	236143985	1.714138021	162.1472844
chr3	236169283	1.873765107	162.1906486
chr3	236185518	1.853546591	162.2210692
chr3	236185967	1.778335907	162.2219014
chr3	236187597	1.764254572	162.2248001
chr3	236188451	1.420476067	162.2263068
chr3	236188453	1.383768161	162.2263096
chr3	236188461	1.359692106	162.2263207
chr3	236188464	1.322023546	162.2263248
chr3	236189604	1.195070716	162.2278319
chr3	236190239	1.15984916	162.2285908
chr3	236190322	1.123929417	162.228687
chr3	236191096	1.088162162	162.229557
chr3	236191106	1.053229766	162.2295678
chr3	236191717	0.9751580023	162.2302114
chr3	236191723	1.03004345	162.2302172
chr3	236191733	1.010490936	162.2302275
chr3	236191747	0.9924958846	162.2302417
chr3	236191803	1.145445959	162.2302972
chr3	236192628	1.378344839	162.2312422
chr3	236192634	1.431911958	162.2312505
chr3	236193949	1.282351003	162.2331335
chr3	236194007	1.33916712	162.2332078
chr3	236258937	1.595502031	162.32016
chr3	236258945	2.053787113	162.3201727
chr3	236260720	2.229340875	162.3238182
chr3	236263580	2.747942198	162.3301941
chr3	236263837	4.044627789	162.3309003
chr3	236264132	3.900165922	162.3320935
chr3	236264176	3.609157783	162.3322651
chr3	236264205	2.886882208	162.3323698
chr3	236264210	2.835341601	162.3323842
chr3	236264497	3.625590576	162.3331979
chr3	236264584	4.182268074	162.3335134
chr3	236264681	4.732084487	162.3339191
chr3	236264728	4.789441891	162.3341415
chr3	236266050	5.154019172	162.3404731
chr3	236266063	5.160650257	162.3405401
chr3	236266071	5.328160305	162.3405814
chr3	236266085	5.807353027	162.340656
chr3	236266089	6.155542789	162.3406792
chr3	236266135	6.452732106	162.3409624
chr3	236266682	5.463833206	162.344492
chr3	236266742	5.765424974	162.3448198
chr3	236266809	6.143495464	162.3452061
chr3	236266852	6.16437951	162.3454703
chr3	236274049	6.17211353	162.3898353
chr3	236274053	6.228732529	162.38986
chr3	236275520	6.243668823	162.3989976
chr3	236276684	5.910365149	162.4062652
chr3	236276689	5.593386987	162.4062948
chr3	236276690	5.683317749	162.4063004
chr3	236276971	5.724602445	162.4078974
chr3	236276998	5.544559049	162.4080519
chr3	236277054	5.850858494	162.4083624
chr3	236277541	8.343473702	162.4112118
chr3	236277807	7.955007319	162.4134312
chr3	236278971	7.993734802	162.4226908
chr3	236278974	7.882941527	162.4227148
chr3	236279021	3.370941401	162.4230853
chr3	236288468	3.02490721	162.4549305
chr3	236289038	3.071352667	162.4566547
chr3	236289084	1.675337245	162.456796
chr3	236289098	1.785830967	162.4568195
chr3	236393361	1.940735189	162.6430156
chr3	236393364	1.874865127	162.6430214
chr3	236393372	1.903410128	162.6430364
chr3	236395604	1.868744628	162.6472848
chr3	236395610	1.897365591	162.647296
chr3	236414925	1.732069409	162.6839436
chr3	236417441	1.677076664	162.6883015
chr3	236417601	1.625139957	162.6885699
chr3	236472269	1.587355846	162.777413
chr3	236472879	1.568522624	162.7783813
chr3	236472981	1.56599678	162.7785413
chr3	236497021	1.579517309	162.8161878
chr3	236497283	1.633998117	162.8166017
chr3	236522485	1.4960255	162.8577817
chr3	236522507	1.465941073	162.8578146
chr3	236522543	1.225931559	162.8578674
chr3	236522564	1.197379045	162.8578931
chr3	236522578	1.140279542	162.8579099
chr3	236522609	1.096714566	162.8579452
chr3	236522651	1.13683863	162.8579913
chr3	236522670	1.030523944	162.8580129
chr3	236524452	0.8761247274	162.8598493
chr3	236524489	0.8306594623	162.8598817
chr3	236524504	0.7871524109	162.8598942
chr3	236524539	0.9377241813	162.8599217
chr3	236524578	0.9446412861	162.8599583
chr3	236524580	0.9016449114	162.8599602
chr3	236524636	0.9210707869	162.8600107
chr3	236524643	0.9989847518	162.8600171
chr3	236524739	1.262553346	162.860113
chr3	236524749	1.345969547	162.8601257
chr3	236524787	1.365410879	162.8601768
chr3	236524858	1.384870465	162.8602737
chr3	236639004	1.434026612	163.0183512
chr3	236671539	1.348110882	163.0650072
chr3	236672033	1.323113962	163.0656732
chr3	236672148	1.271656629	163.0658253
chr3	236672609	1.123044078	163.0664116
chr3	236714035	0.9282184007	163.1129348
chr3	236714052	0.7716878846	163.1129506
chr3	236714070	0.7448832227	163.1129645
chr3	236714434	0.619994397	163.1132356
chr3	236714443	0.6406873284	163.1132412
chr3	236714519	0.7484127309	163.1132899
chr3	236714521	0.728974259	163.1132914
chr3	236714528	0.7418275083	163.1132965
chr3	236714541	0.6835443476	163.1133061
chr3	236714544	0.6942345783	163.1133082
chr3	236714691	1.09748937	163.1134102
chr3	236751502	1.061032412	163.1538099
chr3	236751563	1.045418686	163.1538746
chr3	236751584	1.094828848	163.1538966
chr3	236751593	1.080740826	163.1539064
chr3	236754332	1.055909598	163.1568666
chr3	236776920	1.050081084	163.1807175
chr3	236777734	1.034982054	163.1815722
chr3	236777945	1.019889541	163.1817906
chr3	236777984	1.01278215	163.1818304
chr3	236777995	0.8571927771	163.1818415
chr3	236778085	0.898310347	163.1819187
chr3	236778087	0.8857326842	163.1819205
chr3	236778090	0.8275445358	163.1819231
chr3	236790168	0.8156175897	163.1919182
chr3	236821105	0.8089702565	163.217151
chr3	236822393	0.7273098187	163.2181929
chr3	236828845	0.4944793588	163.2228855
chr3	236828901	0.5264566009	163.2229132
chr3	236828931	0.5653206732	163.222929
chr3	236828943	0.6729297321	163.2229358
chr3	236828955	0.6379334512	163.2229439
chr3	236859899	0.5164727561	163.2426841
chr3	236859923	0.5562788605	163.2426965
chr3	236860270	0.6319856516	163.2428895
chr3	236912662	0.657086492	163.2760005
chr3	236952599	0.6190679269	163.3022426
chr3	236952644	0.6035757675	163.3022704
chr3	236953709	0.5237520646	163.3029132
chr3	237057904	0.4981687889	163.3574856
chr3	237059632	0.3711055001	163.3583464
chr3	237059635	0.1710941003	163.3583475
chr3	237059674	0.2217744115	163.3583542
chr3	237059749	0.2171677491	163.3583708
chr3	237069254	0.1855439824	163.360435
chr3	237070359	0.6148382022	163.3606401
chr3	237131646	0.08118361098	163.3983216
chr3	237132438	0.0650617951	163.3983859
chr3	237132465	0.01438148409	163.3983877
chr3	237132625	0.01110518186	163.39839
chr3	237132759	0.006848352468	163.3983915
chr3	237367635	0	163.4
chr3	238017767	0	163.4
