Chromosome	Position(bp)	Rate(cM/Mb)	Map(cM)
chr7	0	0	0
chr7	180658	0.03065362547	0
chr7	180729	0.04252255425	2.176407408e-06
chr7	293130	0.01808832865	0.004781754027
chr7	471208	0.006219399871	0.008002887417
chr7	472097	1.036914337	0.008008416464
chr7	475016	1.050379448	0.01103516941
chr7	475442	0.02922719091	0.01148263106
chr7	476463	0.05233244049	0.01151247202
chr7	567723	0.07342519843	0.01628833054
chr7	731061	0.09261810706	0.0282814556
chr7	731176	0.05798982261	0.02829210668
chr7	836630	0.02533180214	0.03440736544
chr7	836732	0.08765924877	0.03440994928
chr7	837672	0.198136852	0.03449234897
chr7	837870	0.2847074625	0.03453158007
chr7	838286	0.3721919093	0.03465001837
chr7	838349	0.4848058098	0.03467346646
chr7	844265	0.9268871571	0.03754157764
chr7	846083	0.946145757	0.03922665849
chr7	846187	0.9515730171	0.03932505765
chr7	846263	0.970850785	0.0393973772
chr7	847472	0.9840642096	0.04057113579
chr7	868879	0.8735866064	0.06163699833
chr7	868964	0.9304549731	0.06171125319
chr7	869000	1.240525534	0.06174474957
chr7	877666	1.470091559	0.07249514385
chr7	877695	1.427584101	0.0725377765
chr7	878408	1.225629113	0.07355564396
chr7	878557	1.602469231	0.0737382627
chr7	879066	1.628722096	0.07455391954
chr7	879071	1.736891223	0.07456206315
chr7	880119	1.45279958	0.07638232515
chr7	880446	1.476612777	0.07685739062
chr7	909571	1.257288726	0.1198637377
chr7	909869	1.287409417	0.1202384098
chr7	909921	1.317341825	0.1203053551
chr7	910944	0.8029868823	0.1216529958
chr7	911080	0.4352923865	0.121762202
chr7	911138	0.3322906369	0.1217874489
chr7	911189	0.5021543507	0.1218043958
chr7	911202	0.5626924419	0.1218109238
chr7	911462	0.5930885148	0.1219572238
chr7	911787	0.7758549868	0.1221499776
chr7	1024308	0.6844859627	0.2094499565
chr7	1024331	0.5457956028	0.2094656997
chr7	1024794	0.4547809561	0.2097184031
chr7	1024887	0.4049520587	0.2097606977
chr7	1025103	0.1807180933	0.2098481673
chr7	1025105	0.13805659	0.2098485288
chr7	1025156	0.2108449613	0.2098555697
chr7	1025205	0.2549887567	0.2098659011
chr7	1025226	0.2007832388	0.2098712558
chr7	1025721	0.5541959735	0.2099706435
chr7	1025739	0.8048190801	0.2099806191
chr7	1026444	0.9706333109	0.2105480165
chr7	1058625	0.6231905606	0.2417839671
chr7	1058988	1.219762648	0.2420101853
chr7	1103183	1.266890355	0.2959175955
chr7	1103263	2.099341657	0.2960189467
chr7	1103306	1.959458157	0.2961092184
chr7	1106376	1.935982529	0.302124755
chr7	1106498	2.09670821	0.3023609448
chr7	1106623	1.447768755	0.3026230334
chr7	1106624	2.011023767	0.3026244811
chr7	1113396	2.409327309	0.3162431341
chr7	1113472	2.791858386	0.3164262429
chr7	1113957	2.806674418	0.3177802943
chr7	1176339	2.341086366	0.4928662578
chr7	1176473	2.236523102	0.4931799634
chr7	1176509	1.934320874	0.4932604782
chr7	1226336	5.800297328	0.5896418844
chr7	1226343	5.936696198	0.5896824865
chr7	1226442	5.848498071	0.5902702194
chr7	1226474	5.862885403	0.5904573713
chr7	1226725	6.446192848	0.5919289556
chr7	1226755	6.417493556	0.5921223414
chr7	1226984	6.555874408	0.5935919474
chr7	1227251	2.481027127	0.5953423659
chr7	1227264	2.662083453	0.5953746192
chr7	1242051	3.247774801	0.6347388472
chr7	1242082	3.664704824	0.6348395282
chr7	1242241	3.685640805	0.6354222163
chr7	1243683	3.708025831	0.6407369103
chr7	1243750	3.124847934	0.6409853481
chr7	1244115	7.478654057	0.6421259176
chr7	1244160	7.4378014	0.642462457
chr7	1244298	7.046732307	0.6434888736
chr7	1244382	7.028172175	0.6440807991
chr7	1245108	9.932700029	0.6491832521
chr7	1246295	6.215807763	0.660973367
chr7	1246306	6.917982009	0.6610417409
chr7	1246312	5.333036645	0.6610832488
chr7	1246334	9.264250514	0.6612005756
chr7	1246339	9.291925341	0.6612468969
chr7	1246393	9.389079171	0.6617486609
chr7	1246404	7.943238047	0.6618519407
chr7	1247078	7.973127877	0.6672056832
chr7	1247209	7.352183461	0.6682501629
chr7	1247211	2.939233268	0.6682648673
chr7	1248349	3.410284401	0.6716097147
chr7	1248350	3.46566206	0.671613125
chr7	1248355	4.503854878	0.6716304533
chr7	1248362	4.55431582	0.6716619803
chr7	1250711	4.069981005	0.6823600682
chr7	1250754	4.098214944	0.6825350774
chr7	1250806	4.237523957	0.6827481845
chr7	1250896	4.624725738	0.6831295617
chr7	1253662	4.728037373	0.6959215531
chr7	1253937	4.752209359	0.6972217634
chr7	1253961	4.809385966	0.6973358164
chr7	1254125	4.93644541	0.6981245557
chr7	1254333	5.142437669	0.6991513363
chr7	1254365	5.200626269	0.6993158943
chr7	1254472	5.229958195	0.6998723614
chr7	1254479	5.346105171	0.6999089711
chr7	1298587	5.392520995	0.935714978
chr7	1298642	5.847121106	0.9360115666
chr7	1299174	6.267399839	0.939122235
chr7	1303394	6.463714834	0.9655706624
chr7	1306779	6.339480382	0.9874503371
chr7	1306784	6.519689075	0.9874820345
chr7	1306791	6.704839504	0.9875276723
chr7	1306796	6.901189106	0.9875611965
chr7	1328882	6.594640182	1.139980859
chr7	1330128	6.714113244	1.148197781
chr7	1330153	6.767085934	1.148365634
chr7	1330294	7.245956979	1.149319793
chr7	1330298	7.074205641	1.149348777
chr7	1330300	7.047707635	1.149362925
chr7	1330316	7.006626232	1.149475688
chr7	1333046	7.412822086	1.168603778
chr7	1336459	7.509794903	1.19390374
chr7	1338186	7.645775778	1.206873155
chr7	1339759	7.712855074	1.218899961
chr7	1370917	7.348319335	1.459217099
chr7	1371664	7.556907832	1.464706294
chr7	1372012	7.678782115	1.467336098
chr7	1372018	7.598481384	1.46738217
chr7	1372039	7.377857043	1.467541738
chr7	1372055	7.350241182	1.467659784
chr7	1372208	12.46437888	1.468784371
chr7	1372616	12.49273103	1.473869838
chr7	1372865	19.21785113	1.476980528
chr7	1372868	19.41316467	1.477038181
chr7	1374200	20.19195461	1.502896517
chr7	1374215	20.68744682	1.503199396
chr7	1374232	21.16753105	1.503551082
chr7	1374273	22.08227264	1.504418951
chr7	1374288	16.0336563	1.504750185
chr7	1374317	16.16977437	1.505215161
chr7	1390428	15.21146341	1.765726396
chr7	1390520	13.72047962	1.767125851
chr7	1391145	14.31301047	1.775701151
chr7	1391156	14.27982229	1.775858594
chr7	1391197	13.83127918	1.776444066
chr7	1391212	14.85322271	1.776651536
chr7	1394780	15.25664147	1.829647834
chr7	1395237	17.24783953	1.836620119
chr7	1395333	25.55234915	1.838275912
chr7	1396533	25.39736266	1.868938731
chr7	1396568	25.16187565	1.869827639
chr7	1397128	24.95331004	1.883918289
chr7	1397174	23.17340577	1.885066141
chr7	1397305	22.69708833	1.888101857
chr7	1397562	23.2872352	1.893935009
chr7	1397572	23.03677544	1.894167881
chr7	1397589	22.99138449	1.894559507
chr7	1397595	21.4672136	1.894697455
chr7	1397700	16.79992581	1.896951512
chr7	1397726	12.01202288	1.89738831
chr7	1397764	11.84112617	1.897844767
chr7	1397807	10.42466976	1.898353936
chr7	1397853	10.35526204	1.898833471
chr7	1397885	18.59790332	1.899164839
chr7	1397919	24.54785523	1.899797168
chr7	1397921	35.80569902	1.899846263
chr7	1397924	35.66811673	1.89995368
chr7	1398466	35.6355039	1.9192858
chr7	1398604	35.58995788	1.924203499
chr7	1398634	37.22006405	1.925271198
chr7	1398746	29.21152848	1.929439845
chr7	1398787	30.96875303	1.930637518
chr7	1398802	22.76799331	1.931102049
chr7	1398839	22.02811016	1.931944465
chr7	1398928	21.00643489	1.933904967
chr7	1400694	21.9304336	1.971002331
chr7	1400701	22.73914975	1.971155844
chr7	1400749	12.3087381	1.972247323
chr7	1400845	12.7803117	1.973428962
chr7	1402471	12.36686854	1.994209749
chr7	1404243	11.71819976	2.01612384
chr7	1404550	10.09240047	2.019721327
chr7	1406887	11.72452237	2.043307267
chr7	1406918	11.56168019	2.043670727
chr7	1406929	11.88841205	2.043797906
chr7	1406940	12.13189189	2.043928678
chr7	1406944	13.2417435	2.043977206
chr7	1407072	14.15469811	2.045672149
chr7	1407109	14.29741043	2.046195873
chr7	1409280	14.30774121	2.077235551
chr7	1412879	14.39224937	2.128729111
chr7	1414791	14.45492981	2.156247092
chr7	1414882	15.78146869	2.157562491
chr7	1414894	16.26064514	2.157751868
chr7	1415371	15.75286607	2.165508196
chr7	1416181	16.33960443	2.178268018
chr7	1417481	25.77045536	2.199509503
chr7	1419894	30.55225087	2.261693612
chr7	1419934	28.70280063	2.262915702
chr7	1420257	30.4217412	2.272186707
chr7	1420296	32.34459372	2.273373155
chr7	1420520	32.2879437	2.280618344
chr7	1421097	31.72393694	2.299248487
chr7	1421100	29.84648454	2.299343659
chr7	1421854	29.6161328	2.321847908
chr7	1421896	32.41757773	2.323091786
chr7	1422057	26.35362111	2.328311016
chr7	1422070	47.80956969	2.328653613
chr7	1422088	47.25877659	2.329514185
chr7	1422089	37.08561667	2.329561444
chr7	1422197	34.89243946	2.333566691
chr7	1422229	37.69974469	2.334683249
chr7	1422307	36.34371169	2.337623829
chr7	1422322	35.80689012	2.338168985
chr7	1422388	18.19120811	2.340532239
chr7	1422718	18.22862639	2.346535338
chr7	1422778	22.77561552	2.347629056
chr7	1422816	19.02814317	2.348494529
chr7	1422829	12.01496233	2.348741895
chr7	1422900	12.09591069	2.349594957
chr7	1423006	12.11310908	2.350877124
chr7	1423018	6.677177889	2.351022481
chr7	1423096	6.688477336	2.351543301
chr7	1423112	7.100725452	2.351650316
chr7	1423396	7.437270395	2.353666923
chr7	1423409	2.065153876	2.353763607
chr7	1423413	2.301015292	2.353771868
chr7	1423435	2.520610193	2.35382249
chr7	1423438	2.543642351	2.353830052
chr7	1469687	2.207094246	2.471470967
chr7	1469692	2.061200055	2.471482002
chr7	1469712	2.096119466	2.471523226
chr7	1469774	2.097997802	2.471653186
chr7	1469795	2.001863343	2.471697244
chr7	1469821	2.018780293	2.471749292
chr7	1469858	1.998728736	2.471823987
chr7	1469869	2.123972033	2.471845973
chr7	1469919	2.051938383	2.471952172
chr7	1470052	2.126661785	2.472225079
chr7	1470086	2.058878131	2.472297386
chr7	1471497	1.898441713	2.475202463
chr7	1471515	1.944777689	2.475236635
chr7	1545921	1.906183594	2.619939764
chr7	1554302	1.935072381	2.635915488
chr7	1554468	1.874577322	2.63623671
chr7	1623471	1.812921494	2.765588169
chr7	1623729	1.773423751	2.766055903
chr7	1660885	1.743434585	2.831949236
chr7	1660914	1.759966743	2.831999796
chr7	1661105	1.508097896	2.832335949
chr7	1661106	1.472072791	2.832337457
chr7	1661750	1.48180654	2.833285472
chr7	1662691	1.497183254	2.834679852
chr7	1662697	1.394361909	2.834688835
chr7	1662777	1.392234988	2.834800384
chr7	1673553	1.323037923	2.849803108
chr7	1673621	1.292363457	2.849893075
chr7	1673645	1.19893252	2.849924092
chr7	1673699	1.189439309	2.849988834
chr7	1673935	1.175733423	2.850269542
chr7	1692528	1.156760055	2.872129953
chr7	1692536	1.141281654	2.872139207
chr7	1692686	1.153787158	2.8723104
chr7	1692708	1.213007472	2.872335783
chr7	1692739	1.119645879	2.872373386
chr7	1692794	1.155676448	2.872434967
chr7	1692811	1.173604793	2.872454613
chr7	1692930	1.191381076	2.872594272
chr7	1869479	1.177351882	3.08293141
chr7	1881508	1.110707483	3.097093776
chr7	1881509	1.046150727	3.097094886
chr7	1881595	1.040208155	3.097184855
chr7	1881596	1.602395988	3.097185895
chr7	1881656	1.584149303	3.097282039
chr7	1881661	1.599235071	3.09728996
chr7	1881924	2.219275114	3.097710559
chr7	1881964	2.338432282	3.09779933
chr7	1881992	2.334454237	3.097864806
chr7	1881997	2.360122047	3.097876478
chr7	1885114	2.342193701	3.105232979
chr7	1886878	2.289608554	3.109364608
chr7	1886905	2.327837309	3.109426428
chr7	1886962	1.45171263	3.109559114
chr7	1887369	1.977156668	3.110149961
chr7	1887445	2.090999843	3.110300225
chr7	2015449	2.065242672	3.377956569
chr7	2015537	2.011528518	3.378138311
chr7	2015941	1.988240817	3.378950968
chr7	2015948	1.733224659	3.378964886
chr7	2016162	1.706455544	3.379335796
chr7	2016187	1.653023763	3.379378457
chr7	2016281	1.751517494	3.379533841
chr7	2016296	1.459222587	3.379560114
chr7	2016316	1.613059526	3.379589299
chr7	2016380	1.688900227	3.379692534
chr7	2016431	1.651638444	3.379778668
chr7	2016494	1.853119824	3.379882722
chr7	2016522	2.001579306	3.379934609
chr7	2017431	2.117705635	3.381754045
chr7	2017440	2.110258803	3.381773104
chr7	2017639	3.101394822	3.382193045
chr7	2023881	3.141196195	3.401551952
chr7	2024441	3.125977582	3.403311022
chr7	2029884	2.798555922	3.420325718
chr7	2031780	2.852596272	3.42563178
chr7	2033409	2.446268337	3.430278659
chr7	2033441	2.44014844	3.43035694
chr7	2038617	2.417414771	3.442987148
chr7	2038705	2.395418774	3.443199881
chr7	2038710	2.231796992	3.443211858
chr7	2038734	2.209019768	3.443265421
chr7	2038912	2.721404592	3.443658626
chr7	2038931	2.659775594	3.443710333
chr7	2038948	2.739078057	3.443755549
chr7	2039083	3.160039542	3.444125325
chr7	2039692	3.265138471	3.446049789
chr7	2039696	3.219932028	3.446062849
chr7	2039728	3.197303404	3.446165887
chr7	2039745	3.041739372	3.446220241
chr7	2039779	5.107132902	3.44632366
chr7	2047120	4.521360127	3.483815123
chr7	2047123	4.478177289	3.483828687
chr7	2047143	4.481668073	3.483918251
chr7	2047157	4.512501261	3.483980994
chr7	2047263	5.863431174	3.484459319
chr7	2047273	6.63648523	3.484517953
chr7	2047286	6.652867934	3.484604228
chr7	2047288	8.365804541	3.484617534
chr7	2047317	9.479449608	3.484860142
chr7	2048372	9.499323451	3.494860961
chr7	2048378	11.16693469	3.494917957
chr7	2048605	11.05559727	3.497452851
chr7	2050468	8.879209762	3.518049429
chr7	2050477	6.8659274	3.518129342
chr7	2050539	7.083124867	3.518555029
chr7	2051228	8.754931951	3.523435302
chr7	2051262	7.91088353	3.52373297
chr7	2051285	12.14371443	3.52391492
chr7	2051865	12.17652817	3.530958275
chr7	2051903	12.16746623	3.531420983
chr7	2051911	12.20029435	3.531518323
chr7	2051934	12.33801876	3.531798929
chr7	2051938	12.39000545	3.531848281
chr7	2051954	12.59803924	3.532046522
chr7	2051966	6.63365987	3.532197698
chr7	2052086	2.616542149	3.532993737
chr7	2052087	3.690018357	3.532996354
chr7	2052132	3.812428248	3.533162405
chr7	2052136	3.833632963	3.533177654
chr7	2070318	4.063641547	3.602880769
chr7	2071029	4.474090788	3.605770018
chr7	2073568	4.697490139	3.617129734
chr7	2074491	4.629367741	3.621465518
chr7	2074515	4.751428041	3.621576623
chr7	2079550	4.773192702	3.645500063
chr7	2079630	4.820874114	3.645881918
chr7	2080161	10.81446645	3.648441802
chr7	2080191	11.56441134	3.648766236
chr7	2080297	13.08913111	3.649992064
chr7	2080346	13.01208518	3.650633431
chr7	2080544	12.86732277	3.653209824
chr7	2080679	12.91264845	3.654946913
chr7	2080708	12.92073632	3.65532138
chr7	2080717	12.81954579	3.655437666
chr7	2080745	6.763080212	3.655796614
chr7	2080802	6.88158615	3.656182109
chr7	2080832	7.058243417	3.656388557
chr7	2080876	9.747491649	3.656699119
chr7	2080886	9.778324342	3.656796594
chr7	2082150	9.715361067	3.669156396
chr7	2082423	12.85229603	3.67180869
chr7	2082459	13.64335233	3.672271373
chr7	2082552	13.73064198	3.673540204
chr7	2083820	11.49937042	3.690950658
chr7	2083843	11.54530695	3.691215144
chr7	2083845	9.31049813	3.691238235
chr7	2156772	9.17136117	4.370224932
chr7	2156783	8.592866738	4.370325817
chr7	2156788	8.547450011	4.370368781
chr7	2156933	7.903255334	4.371608161
chr7	2157042	11.33088974	4.372469616
chr7	2157494	11.28608566	4.377591178
chr7	2157546	11.34648323	4.378178055
chr7	2157753	11.36111026	4.380526777
chr7	2158896	8.210768359	4.393512526
chr7	2158974	6.402831336	4.394152966
chr7	2158989	6.710429846	4.394249008
chr7	2159252	6.507895372	4.396013851
chr7	2167218	6.437626663	4.447855746
chr7	2167295	6.294370496	4.448351443
chr7	2167567	6.344831265	4.450063512
chr7	2167628	6.76283941	4.450450546
chr7	2167871	6.768117314	4.452093916
chr7	2214614	60.04366132	4.768456024
chr7	2214629	60.41823791	4.769356679
chr7	2214679	8.990257414	4.772377591
chr7	2214726	9.575912149	4.772800133
chr7	2214749	9.244649231	4.773020379
chr7	2216146	9.204592779	4.785935154
chr7	2216418	9.14214429	4.788438803
chr7	2216457	9.149129709	4.788795347
chr7	2216565	9.089264894	4.789783453
chr7	2216578	9.488655157	4.789901613
chr7	2216585	9.352241654	4.789968034
chr7	2216598	9.766326817	4.790089613
chr7	2221850	9.984481395	4.841382361
chr7	2221851	10.29913637	4.841392346
chr7	2221909	11.72421921	4.841989696
chr7	2221969	14.17225933	4.842693149
chr7	2222021	15.02783206	4.843430106
chr7	2222059	16.19640454	4.844001164
chr7	2222282	16.51364921	4.847612962
chr7	2222349	16.73432863	4.848719377
chr7	2223177	26.52336523	4.862575401
chr7	2223796	26.49924212	4.878993364
chr7	2226448	26.55299036	4.949269354
chr7	2231972	26.53384023	5.095948073
chr7	2232806	25.37283698	5.118077296
chr7	2232808	19.79321941	5.118128041
chr7	2232823	20.72852544	5.11842494
chr7	2232836	20.33126898	5.11869441
chr7	2232968	19.55900086	5.121378138
chr7	2237957	55.95020443	5.218957993
chr7	2237972	55.56298266	5.219797246
chr7	2237980	54.48561044	5.22024175
chr7	2238002	53.61047361	5.221440433
chr7	2238029	7.121902554	5.222887916
chr7	2241692	6.416199441	5.248975445
chr7	2241713	5.960504942	5.249110186
chr7	2241718	6.437169121	5.249139988
chr7	2256087	6.21914625	5.341635671
chr7	2256109	7.45085202	5.341772492
chr7	2256112	6.466135414	5.341794845
chr7	2256152	6.468095572	5.34205349
chr7	2256163	6.419910436	5.342124639
chr7	2256241	6.460519088	5.342625392
chr7	2256282	6.264421559	5.342890274
chr7	2256331	5.792439632	5.34319723
chr7	2256342	5.716345925	5.343260947
chr7	2256586	5.720525361	5.344655736
chr7	2256619	6.13706866	5.344844513
chr7	2256631	5.601822673	5.344918158
chr7	2256636	5.664022068	5.344946167
chr7	2257006	5.66025972	5.347041855
chr7	2257019	5.562329871	5.347115438
chr7	2257028	5.612302672	5.347165499
chr7	2257052	5.520881604	5.347300195
chr7	2257095	5.534152916	5.347537593
chr7	2257150	5.395566252	5.347841971
chr7	2257436	5.500039329	5.349385103
chr7	2257439	5.56066075	5.349401603
chr7	2257472	5.688485505	5.349585105
chr7	2257686	6.5518733	5.350802441
chr7	2257732	5.497941648	5.351103827
chr7	2288031	5.918003142	5.517685961
chr7	2288054	5.870195674	5.517822075
chr7	2341141	6.083105794	5.829453153
chr7	2341147	6.148778854	5.829489651
chr7	2341197	6.262346104	5.82979709
chr7	2341263	6.735508688	5.830210405
chr7	2341279	7.071260944	5.830318173
chr7	2370550	6.576485453	6.037301052
chr7	2370556	6.234673736	6.037340511
chr7	2370576	6.097855351	6.037465205
chr7	2371197	6.068468492	6.041251973
chr7	2371234	5.610199185	6.041476506
chr7	2371520	5.23500834	6.043081023
chr7	2371555	5.265264296	6.043264248
chr7	2371575	4.995535065	6.043369554
chr7	2371576	4.258629599	6.043374549
chr7	2371779	4.280373952	6.044239051
chr7	2371824	4.221616509	6.044431668
chr7	2385930	4.144630274	6.10398179
chr7	2409710	4.159569112	6.202541098
chr7	2409724	4.0693253	6.202599332
chr7	2411128	3.892966998	6.208312665
chr7	2411223	3.848043523	6.208682497
chr7	2411247	3.689629834	6.20877485
chr7	2411275	3.658986617	6.20887816
chr7	2411315	3.574399789	6.209024519
chr7	2411317	5.816321672	6.209031668
chr7	2411326	9.566037805	6.209084015
chr7	2411341	9.565600005	6.209227505
chr7	2411356	9.393126584	6.209370989
chr7	2411845	9.370755502	6.213964228
chr7	2412201	4.918634681	6.217300217
chr7	2412268	4.896429153	6.217629766
chr7	2412286	4.876605592	6.217717901
chr7	2412355	4.794135205	6.218054387
chr7	2412417	4.852825025	6.218351624
chr7	2412424	4.830537676	6.218385593
chr7	2412453	4.860754063	6.218525679
chr7	2412467	4.874704126	6.218593729
chr7	2412492	4.92169517	6.218715597
chr7	2412503	4.936812704	6.218769736
chr7	2412514	4.866271743	6.218824041
chr7	2412515	4.94310278	6.218828907
chr7	2412687	4.978889675	6.219679121
chr7	2412698	5.144381022	6.219733888
chr7	2412746	5.152407958	6.219980819
chr7	2412772	2.949721528	6.220114781
chr7	2412774	2.982847401	6.220120681
chr7	2491663	2.990417403	6.455434529
chr7	2516426	2.945446696	6.529486236
chr7	2516852	3.001669853	6.530740996
chr7	2516879	3.021535152	6.530822041
chr7	2516893	3.104302575	6.530864342
chr7	2516898	3.145874863	6.530879864
chr7	2517649	3.132610342	6.533242416
chr7	2518211	3.160784754	6.535002943
chr7	2569446	3.199264982	6.69694575
chr7	2579503	3.178770923	6.729120758
chr7	2579538	3.178904712	6.729232015
chr7	2617429	3.162105471	6.849683893
chr7	2617467	3.639865465	6.849804053
chr7	2624611	3.84587664	6.875807252
chr7	2639921	3.800338857	6.934687623
chr7	2640229	3.794156651	6.935858128
chr7	2640342	3.806157245	6.936286867
chr7	2640457	3.907887897	6.936724576
chr7	2640460	3.49915598	6.936736299
chr7	2640462	3.433054903	6.936743297
chr7	2640496	3.388245144	6.936860021
chr7	2640561	3.315985511	6.937080257
chr7	2640580	2.711539992	6.937143261
chr7	2640601	2.691038144	6.937200203
chr7	2640652	4.582957646	6.937337446
chr7	2642512	4.582945197	6.945861748
chr7	2642541	4.555509102	6.945994653
chr7	2642553	4.706563527	6.946049319
chr7	2642567	4.691597453	6.946115211
chr7	2642576	4.676904314	6.946157435
chr7	2642589	4.727887139	6.946218235
chr7	2642723	4.840792187	6.946851772
chr7	2642792	5.053244403	6.947185787
chr7	2642795	5.704338405	6.947200946
chr7	2642804	5.88438844	6.947252285
chr7	2642859	6.485493576	6.947575927
chr7	2642895	5.15429222	6.947809405
chr7	2643628	7.129186659	6.951587501
chr7	2643762	7.77341421	6.952542812
chr7	2658004	7.522297802	7.063251777
chr7	2658006	7.282649096	7.063266821
chr7	2659013	6.218637461	7.070600449
chr7	2659020	4.76718369	7.07064398
chr7	2659042	2.674318509	7.070748858
chr7	2659045	2.660319108	7.070756881
chr7	2659052	2.508015001	7.070775503
chr7	2659121	2.469861109	7.070948556
chr7	2659192	10.40440057	7.071123916
chr7	2659295	31.3293534	7.072195569
chr7	2659307	45.16496567	7.072571521
chr7	2659333	45.20827068	7.073745811
chr7	2659335	45.34673706	7.073836227
chr7	2659403	45.49054615	7.076919805
chr7	2659425	45.06486863	7.077920597
chr7	2659611	34.51803139	7.086302663
chr7	2659626	26.57408078	7.086820433
chr7	2659641	26.3682003	7.087219045
chr7	2659792	20.24133143	7.091200643
chr7	2659799	21.58970336	7.091342332
chr7	2659817	15.39749191	7.091730947
chr7	2659822	23.93133984	7.091807934
chr7	2659846	24.06839145	7.092382286
chr7	2660226	5.006694697	7.101528275
chr7	2660228	5.075950142	7.101538289
chr7	2660304	5.326826185	7.101924061
chr7	2666162	5.405454048	7.133128609
chr7	2682454	5.25034902	7.221194266
chr7	2682468	5.098308336	7.221267771
chr7	2684063	4.245521529	7.229399573
chr7	2684065	4.00820434	7.229408064
chr7	2684091	3.585695203	7.229512277
chr7	2684111	3.44378055	7.229583991
chr7	2684153	3.563010456	7.22972863
chr7	2684158	3.135813243	7.229746445
chr7	2684234	2.997346856	7.229984766
chr7	2684280	2.715685603	7.230122644
chr7	2684323	2.719437427	7.230239419
chr7	2684383	2.554101462	7.230402585
chr7	2684396	2.471786626	7.230435788
chr7	2684486	2.604003015	7.230658249
chr7	2684522	2.731121845	7.230751993
chr7	2684739	2.865965186	7.231344647
chr7	2684838	3.138297341	7.231628377
chr7	2684850	3.542612684	7.231666037
chr7	2710010	2.12811397	7.320798172
chr7	2710013	2.16079273	7.320804556
chr7	2710298	1.806539235	7.321420382
chr7	2710307	1.380447729	7.321436641
chr7	2710363	1.66340569	7.321513946
chr7	2710375	20.10016806	7.321533907
chr7	2710427	20.04747159	7.322579116
chr7	2710475	20.26795656	7.323541394
chr7	2710505	20.33853507	7.324149433
chr7	2710532	20.432633	7.324698574
chr7	2710562	1.897449537	7.325311553
chr7	2710709	1.975866992	7.325590478
chr7	2710847	2.073158669	7.325863147
chr7	2715483	2.820461749	7.335474311
chr7	2716182	2.996693148	7.337445814
chr7	2719965	3.13358257	7.348782304
chr7	2720236	3.202048683	7.349631505
chr7	2720337	3.236233152	7.349954912
chr7	2800133	3.4349516	7.608193372
chr7	2800149	3.189889555	7.608248331
chr7	2800160	3.148835058	7.60828342
chr7	2800943	3.173828892	7.610748958
chr7	2808136	3.183958595	7.633578309
chr7	2815026	3.24742363	7.655515784
chr7	2815103	3.307923057	7.655765836
chr7	2815404	4.603331812	7.656761521
chr7	2815448	4.402895047	7.656964067
chr7	2815515	5.931095771	7.657259061
chr7	2815530	5.909023167	7.657348028
chr7	2817347	12.48164362	7.668084723
chr7	2817356	12.53906945	7.668197057
chr7	2817835	12.50688609	7.674203272
chr7	2817869	6.402330378	7.674628506
chr7	2817870	6.514336959	7.674634908
chr7	2817871	6.085407966	7.674641422
chr7	2817924	6.075367002	7.674963949
chr7	2818185	6.095617898	7.67654962
chr7	2818200	7.984113054	7.676641054
chr7	2820723	7.952735186	7.696784971
chr7	2821018	11.37520887	7.699131028
chr7	2821099	10.25900566	7.70005242
chr7	2821104	10.19372178	7.700103715
chr7	2821137	10.09539188	7.700440108
chr7	2821150	10.03161281	7.700571348
chr7	2821158	10.09054931	7.700651601
chr7	2821192	10.05636484	7.70099468
chr7	2821594	9.977754631	7.705037338
chr7	2821609	10.12768295	7.705187005
chr7	2821625	9.967266304	7.705349048
chr7	2821711	7.963816374	7.706206233
chr7	2821783	7.35899602	7.706779627
chr7	2821786	4.444057167	7.706801704
chr7	2821977	4.529252951	7.707650519
chr7	2821984	4.55875177	7.707682224
chr7	2822067	4.649446542	7.7080606
chr7	2848443	4.685460357	7.830694402
chr7	2848487	4.419897405	7.830900563
chr7	2848491	4.290795193	7.830918242
chr7	2848651	4.214880846	7.831604769
chr7	2851325	3.851983146	7.842875361
chr7	2856295	3.638710812	7.862019717
chr7	2856374	3.449366029	7.862307175
chr7	2856385	3.389316415	7.862345118
chr7	2856429	3.270865913	7.862494248
chr7	2856476	3.180327889	7.862647979
chr7	2856534	3.273099749	7.862832438
chr7	2856554	3.352515467	7.8628979
chr7	2856574	3.404952426	7.86296495
chr7	2856583	3.63710343	7.862995595
chr7	2856586	3.760078745	7.863006506
chr7	2869350	3.642334004	7.911000151
chr7	2871434	3.391361391	7.918590775
chr7	2877393	3.386895918	7.938799898
chr7	2877429	3.42909263	7.938921826
chr7	2938859	3.39959381	8.149570986
chr7	2938883	3.438795986	8.149652577
chr7	2938884	3.218785439	8.149656015
chr7	2939993	4.236699394	8.153225648
chr7	2940225	5.329464707	8.154208563
chr7	2940263	6.420533138	8.154411082
chr7	2943279	6.39215558	8.17377541
chr7	2943319	6.436932319	8.174031096
chr7	2943380	8.652024273	8.174423749
chr7	2943389	8.6145756	8.174501618
chr7	2943423	8.691173569	8.174794513
chr7	2943431	8.749676525	8.174864042
chr7	2943443	8.834325276	8.174969039
chr7	2943448	14.94629728	8.17501321
chr7	2943452	19.78174548	8.175072995
chr7	2943454	19.74214844	8.175112559
chr7	2943461	20.01187003	8.175250754
chr7	2944051	20.0895536	8.187057757
chr7	2944165	13.6791699	8.189347966
chr7	2944175	13.83736939	8.189484758
chr7	2944219	10.50776822	8.190093602
chr7	2944252	10.91240435	8.190440359
chr7	2944255	11.16742873	8.190473096
chr7	2944320	11.20698307	8.191198979
chr7	2944323	11.29106719	8.1912326
chr7	2944340	11.50588896	8.191424548
chr7	2957759	11.92531698	8.345822072
chr7	2957762	11.46310087	8.345857848
chr7	2957774	8.709917519	8.345995405
chr7	2957793	8.469862195	8.346160893
chr7	2957923	8.219268027	8.347261975
chr7	2960318	8.359034962	8.366947122
chr7	2960322	8.451304379	8.366980559
chr7	2960335	8.485115352	8.367090425
chr7	2960346	8.238703526	8.367183762
chr7	2960359	8.287053262	8.367290865
chr7	2960389	8.035916314	8.367539476
chr7	2971609	8.042222615	8.457702458
chr7	2971617	8.292971253	8.457766795
chr7	2971641	8.211145871	8.457965827
chr7	2971673	8.605687255	8.458228583
chr7	2988416	8.696341578	8.602313605
chr7	2988432	9.601989847	8.602452746
chr7	2988433	10.05008021	8.602462348
chr7	2988438	9.433922305	8.602512599
chr7	2988439	9.110180671	8.602522033
chr7	2988446	8.355723149	8.602585804
chr7	2988449	8.535852437	8.602610871
chr7	2988940	9.589687563	8.606801975
chr7	2989059	10.08120583	8.607943148
chr7	2989412	11.07773002	8.611501813
chr7	3019836	10.62980793	8.948530671
chr7	3019866	10.43131053	8.948849565
chr7	3019890	10.76900237	8.949099917
chr7	3020282	12.58111322	8.953321366
chr7	3020292	12.52596631	8.953447177
chr7	3020316	14.81377695	8.9537478
chr7	3020327	17.48653046	8.953910752
chr7	3020381	18.06064346	8.954855024
chr7	3020388	18.08766286	8.954981449
chr7	3020561	19.00382962	8.958110615
chr7	3020562	18.98345775	8.958129618
chr7	3020563	18.7654092	8.958148602
chr7	3021018	18.65793135	8.966686863
chr7	3021045	18.91331161	8.967190627
chr7	3021695	18.85328332	8.97948428
chr7	3026223	25.80427568	9.064851947
chr7	3026253	25.19857038	9.065626075
chr7	3026434	25.70740813	9.070187016
chr7	3026447	36.47062574	9.070521212
chr7	3026729	36.27115379	9.080805929
chr7	3026754	37.68016888	9.081712708
chr7	3026756	38.31717604	9.081788068
chr7	3026767	23.67851074	9.082209557
chr7	3026829	22.83389458	9.083677625
chr7	3026867	21.77699547	9.084545313
chr7	3029994	21.59224339	9.152641977
chr7	3030012	28.92849477	9.153030638
chr7	3030019	28.80452946	9.153233137
chr7	3030048	32.74108866	9.154068469
chr7	3030074	31.65320016	9.154919737
chr7	3030112	33.41166645	9.156122559
chr7	3030119	33.37153054	9.15635644
chr7	3031388	33.49853585	9.198704913
chr7	3031393	33.15074309	9.198872405
chr7	3031483	26.72331427	9.201855972
chr7	3031655	16.70141593	9.206452382
chr7	3031664	17.60399984	9.206602695
chr7	3031666	22.13250721	9.206637903
chr7	3033003	21.86452253	9.236229065
chr7	3033098	22.19933287	9.238306195
chr7	3034460	18.77186585	9.268541686
chr7	3035772	17.86086521	9.293170374
chr7	3036048	19.48273265	9.298099973
chr7	3036061	18.96746647	9.298353248
chr7	3036091	19.02897168	9.298922272
chr7	3036203	21.01772616	9.301053517
chr7	3036219	21.06669116	9.301389801
chr7	3037144	18.97907838	9.32087649
chr7	3037150	18.85900377	9.320990365
chr7	3037157	15.64646472	9.321122378
chr7	3037205	14.39759466	9.321873408
chr7	3037240	14.95703893	9.322377324
chr7	3037284	13.20371984	9.323035433
chr7	3037297	10.14975337	9.323207082
chr7	3045523	10.41520003	9.406698953
chr7	3045630	10.48865434	9.407813379
chr7	3045699	9.885486544	9.408537097
chr7	3045736	9.805462199	9.40890286
chr7	3045752	9.560894237	9.409059747
chr7	3081043	9.215395972	9.746473265
chr7	3081047	9.464550304	9.746510127
chr7	3081060	9.273059338	9.746633166
chr7	3081556	9.318627076	9.751232604
chr7	3083593	9.002184883	9.770214647
chr7	3087465	9.079202454	9.805071107
chr7	3087721	8.834347992	9.807395383
chr7	3087792	8.825591504	9.808022621
chr7	3092134	8.207679999	9.84634334
chr7	3092137	8.50138468	9.846367963
chr7	3092146	8.316152821	9.846444475
chr7	3092147	8.44544101	9.846452791
chr7	3092149	8.316643372	9.846469682
chr7	3092540	8.151990491	9.84972149
chr7	3092561	8.404371393	9.849892682
chr7	3092854	8.421341135	9.852355162
chr7	3092930	8.365894715	9.852995184
chr7	3092949	9.178374763	9.853154136
chr7	3092953	9.324842744	9.85319085
chr7	3092959	9.326866614	9.853246799
chr7	3092986	9.428328921	9.853498624
chr7	3092990	9.366423932	9.853536338
chr7	3093177	9.574271962	9.855287859
chr7	3105973	9.309554935	9.977800243
chr7	3105975	8.971477937	9.977818862
chr7	3106048	8.872080229	9.97847378
chr7	3106611	8.910357829	9.983468761
chr7	3106630	8.635001203	9.983638058
chr7	3106699	8.821242856	9.984233873
chr7	3106890	8.859339701	9.98591873
chr7	3145807	8.686198242	10.33069765
chr7	3145818	8.654868848	10.3307932
chr7	3145851	8.569913275	10.33107881
chr7	3146255	8.452831638	10.33454106
chr7	3146268	8.388170362	10.33465094
chr7	3147020	8.236599092	10.34095885
chr7	3147037	7.175011306	10.34109887
chr7	3147064	6.983911116	10.3412926
chr7	3147418	6.90424607	10.3437649
chr7	3147633	6.907065846	10.34524931
chr7	3147988	3.76069642	10.34770132
chr7	3147993	3.698855242	10.34772013
chr7	3148018	3.351356665	10.3478126
chr7	3148023	3.148693072	10.34782935
chr7	3148024	3.086088895	10.3478325
chr7	3148043	3.025639797	10.34789114
chr7	3148054	3.107700768	10.34792442
chr7	3148489	2.852623364	10.34927627
chr7	3148517	3.428495317	10.34935614
chr7	3148521	3.460717778	10.34936986
chr7	3148522	3.485601393	10.34937332
chr7	3148534	3.79911407	10.34941514
chr7	3148551	3.98894171	10.34947973
chr7	3148571	4.0811913	10.34955951
chr7	3148579	4.176296472	10.34959216
chr7	3148591	4.180275613	10.34964227
chr7	3148634	4.205810727	10.34982203
chr7	3148897	4.870176276	10.35092815
chr7	3148903	4.903520033	10.35095737
chr7	3148936	5.435675951	10.35111919
chr7	3148951	5.468022969	10.35120073
chr7	3149111	5.281768429	10.35207561
chr7	3157072	5.253005929	10.39412377
chr7	3255035	5.252409257	10.90872399
chr7	3255436	5.219348186	10.9108302
chr7	3255517	7.747382296	10.91125297
chr7	3255535	9.426823571	10.91139242
chr7	3256456	10.24206939	10.92007453
chr7	3260218	10.42167692	10.95860519
chr7	3260232	11.57803907	10.9587511
chr7	3260685	11.7219895	10.96399595
chr7	3260920	11.37062553	10.96675062
chr7	3260929	11.42390862	10.96685295
chr7	3260934	10.17461647	10.96691007
chr7	3260974	10.32355053	10.96731706
chr7	3261034	10.467173	10.96793647
chr7	3261335	17.5831511	10.97108709
chr7	3261358	17.55340013	10.9714915
chr7	3262325	19.00066078	10.98846564
chr7	3262390	19.78935008	10.98970068
chr7	3262734	19.89292739	10.99650822
chr7	3263136	28.07362898	11.00450518
chr7	3263138	25.29528469	11.00456132
chr7	3263154	25.93062928	11.00496605
chr7	3264116	27.01798593	11.02991131
chr7	3264132	28.9907572	11.0303436
chr7	3264506	26.58817355	11.04118614
chr7	3264528	27.20439809	11.04177108
chr7	3264541	27.52631624	11.04212474
chr7	3264624	28.81124683	11.04440942
chr7	3265523	29.13444704	11.07031074
chr7	3265543	29.30568349	11.07089342
chr7	3266569	28.46629229	11.10096106
chr7	3266595	26.73912514	11.10170118
chr7	3277133	26.87778572	11.38347808
chr7	3277136	26.8918007	11.38355871
chr7	3277931	25.1175063	11.40493769
chr7	3277936	24.5904187	11.40506328
chr7	3279042	24.56093538	11.43226029
chr7	3283651	25.23362194	11.54546164
chr7	3283805	25.06084508	11.54934761
chr7	3284123	26.11050182	11.55731696
chr7	3284220	29.5055377	11.55984968
chr7	3284952	28.12212524	11.58144774
chr7	3285677	16.43933405	11.60183628
chr7	3285707	16.30721051	11.60232946
chr7	3287074	9.050290536	11.62462141
chr7	3287077	8.203645444	11.62464856
chr7	3287079	8.195062621	11.62466497
chr7	3287084	7.256616339	11.62470595
chr7	3287236	6.516482591	11.62580895
chr7	3287297	6.910592624	11.62620646
chr7	3287318	7.305651013	11.62635158
chr7	3287328	7.167920132	11.62642464
chr7	3287335	7.175701534	11.62647481
chr7	3295783	5.586970171	11.68709514
chr7	3296020	4.260751321	11.68841925
chr7	3296045	1.940352801	11.68852577
chr7	3296046	1.735310392	11.68852771
chr7	3296060	1.605294255	11.688552
chr7	3296288	1.766824224	11.68891801
chr7	3351052	1.780309613	11.78567637
chr7	3351541	1.72804794	11.78654694
chr7	3351619	1.665737941	11.78668173
chr7	3351632	1.637690905	11.78670339
chr7	3351655	1.683037193	11.78674105
chr7	3351673	1.671279271	11.78677135
chr7	3487596	1.568826393	12.01393664
chr7	3487615	1.55856654	12.01396645
chr7	3487709	1.543147119	12.01411295
chr7	3561534	1.544078259	12.12803579
chr7	3561539	1.5506715	12.12804351
chr7	3561572	1.537687229	12.12809468
chr7	3561636	1.525193798	12.12819309
chr7	3606564	1.450328892	12.196717
chr7	3606567	1.404594003	12.19672135
chr7	3606588	1.402327727	12.19675085
chr7	3606609	1.389479339	12.1967803
chr7	3606645	1.39337889	12.19683032
chr7	3606666	1.388783353	12.19685958
chr7	3606683	1.356807261	12.19688319
chr7	3606712	1.492022159	12.19692254
chr7	3606715	1.500315061	12.19692701
chr7	3606894	1.54583745	12.19719557
chr7	3606912	1.564796446	12.19722339
chr7	3684798	1.69938584	12.31909913
chr7	3684966	1.737671238	12.31938463
chr7	3684985	1.742307923	12.31941764
chr7	3685056	2.058241528	12.31954135
chr7	3692042	2.068913857	12.33392022
chr7	3692052	2.017917295	12.33394091
chr7	3692193	2.0100217	12.33422544
chr7	3692208	1.992616367	12.33425559
chr7	3706489	2.012179312	12.36271214
chr7	3706669	2.00402616	12.36307433
chr7	3716639	1.661601302	12.38305447
chr7	3730401	1.641329406	12.40592143
chr7	3730417	1.653349329	12.40594769
chr7	3779857	1.651403246	12.48768928
chr7	3779898	1.986384379	12.48775699
chr7	3780024	1.97456792	12.48800728
chr7	3780104	1.983314787	12.48816524
chr7	3781608	2.556521438	12.49114815
chr7	3782162	2.51648269	12.49256446
chr7	3782178	2.516621797	12.49260472
chr7	3782383	2.509536563	12.49312063
chr7	3782994	2.593409317	12.49465396
chr7	3783675	2.600532371	12.49642007
chr7	3783834	2.638235219	12.49683355
chr7	3783962	3.408096109	12.49717125
chr7	3784134	3.381974462	12.49775744
chr7	3786036	3.390960855	12.50418996
chr7	3787912	2.837052532	12.5105514
chr7	3787971	2.860357363	12.51071878
chr7	3787974	2.985298533	12.51072737
chr7	3788142	3.104172971	12.5112289
chr7	3788424	3.139442913	12.51210427
chr7	3788426	3.127981648	12.51211055
chr7	3788437	3.160361476	12.51214496
chr7	3788546	1.989885766	12.51248944
chr7	3788761	1.951991839	12.51291726
chr7	3789648	1.966740681	12.51464868
chr7	3789664	1.98203893	12.51468015
chr7	3941266	1.974855222	12.81516121
chr7	3941742	1.994222976	12.81610125
chr7	3941747	1.980805237	12.81611122
chr7	3996368	2.028309139	12.92430478
chr7	3996446	2.012157149	12.92446299
chr7	3996448	2.195954706	12.92446701
chr7	3996864	2.383920825	12.92538053
chr7	4001206	2.551693312	12.93573151
chr7	4001389	2.519313484	12.93619847
chr7	4015027	2.504507002	12.97055687
chr7	4015028	2.054372922	12.97055938
chr7	4015046	2.226464095	12.97059635
chr7	4015090	4.076915108	12.97069432
chr7	4015148	4.047333908	12.97093078
chr7	4015186	4.040798912	12.97108458
chr7	4015195	7.164308663	12.97112095
chr7	4015206	6.792544987	12.97119975
chr7	4015401	6.948026708	12.9725243
chr7	4017247	5.807308895	12.98535036
chr7	4017325	4.506533562	12.98580333
chr7	4021501	4.537381648	13.00462261
chr7	4021774	4.532687984	13.00586132
chr7	4021826	10.09718644	13.00609702
chr7	4022444	6.37209726	13.01233708
chr7	4022453	7.349792246	13.01239443
chr7	4022459	7.755593815	13.01243852
chr7	4022549	11.55057073	13.01313653
chr7	4023383	11.58531134	13.0227697
chr7	4023407	11.5705625	13.02304775
chr7	4023417	15.726691	13.02316346
chr7	4023439	15.74837395	13.02350944
chr7	4024594	14.13806355	13.04169882
chr7	4024596	15.24979106	13.04172709
chr7	4024611	12.79610016	13.04195584
chr7	4024632	11.56110346	13.04222456
chr7	4033450	10.65740155	13.14417037
chr7	4033477	15.32652124	13.14445812
chr7	4033537	16.67069704	13.14537771
chr7	4033556	16.70518495	13.14569445
chr7	4033561	16.48361742	13.14577798
chr7	4034878	5.374598093	13.1674869
chr7	4034926	4.73472596	13.16774488
chr7	4035025	4.74523981	13.16821362
chr7	4035040	3.807227039	13.1682848
chr7	4035055	3.869737253	13.16834191
chr7	4035080	3.661922339	13.16843865
chr7	4035086	3.697439013	13.16846062
chr7	4035090	3.732750884	13.16847541
chr7	4132047	3.804114777	13.53039174
chr7	4132053	3.840364532	13.53041456
chr7	4132073	3.80482809	13.53049137
chr7	4132158	3.247495845	13.53081478
chr7	4132725	3.955516946	13.53265611
chr7	4132920	4.057285766	13.53342744
chr7	4132949	4.147911494	13.5335451
chr7	4133015	4.141361114	13.53381886
chr7	4133127	4.942359034	13.53428269
chr7	4133190	4.912603071	13.53459406
chr7	4133263	4.969001656	13.53495268
chr7	4133264	5.032945426	13.53495765
chr7	4133281	5.124502537	13.53504321
chr7	4133520	5.465569722	13.53626797
chr7	4137719	5.515542911	13.55921789
chr7	4137764	13.29475867	13.55946609
chr7	4138177	4.471444207	13.56495683
chr7	4169631	4.282342446	13.70560164
chr7	4169635	4.178906647	13.70561877
chr7	4169646	3.750251371	13.70566473
chr7	4169659	3.748519215	13.70571349
chr7	4169691	3.942156414	13.70583344
chr7	4169842	5.261644783	13.7064287
chr7	4170794	5.131871007	13.71143779
chr7	4170797	4.877468095	13.71145319
chr7	4170893	4.787139166	13.71192142
chr7	4170913	5.373539596	13.71201717
chr7	4170937	5.373699367	13.71214613
chr7	4170976	5.215214398	13.71235571
chr7	4170991	5.988246501	13.71243393
chr7	4170992	6.296895206	13.71243992
chr7	4171049	7.330142002	13.71279884
chr7	4171102	7.308043224	13.71318734
chr7	4171198	7.919754351	13.71388891
chr7	4171374	7.956206888	13.71528279
chr7	4182818	12.34047434	13.80633362
chr7	4183913	14.55679949	13.81984644
chr7	4183945	15.60917005	13.82031226
chr7	4183949	15.18744051	13.8203747
chr7	4185051	13.81026628	13.83711126
chr7	4185168	13.60999339	13.83872706
chr7	4185423	11.53915551	13.84219761
chr7	4185516	9.500732855	13.84327075
chr7	4185675	9.489561932	13.84478136
chr7	4185696	9.600877783	13.84498064
chr7	4185714	8.340373156	13.84515346
chr7	4185821	8.333220814	13.84604588
chr7	4185900	8.338141389	13.8467042
chr7	4186194	10.3536703	13.84915562
chr7	4187088	10.46578251	13.8584118
chr7	4189848	10.83646034	13.88729736
chr7	4189909	10.56878984	13.88795838
chr7	4189940	9.64842824	13.88828602
chr7	4189975	9.56764486	13.88862371
chr7	4190015	9.694523547	13.88900642
chr7	4215443	9.323754162	14.13551876
chr7	4215487	9.209651615	14.13592901
chr7	4215529	8.86231551	14.13631581
chr7	4215547	8.779272575	14.13647533
chr7	4216054	9.048040361	14.14092642
chr7	4216105	14.93296837	14.14138787
chr7	4216119	14.91392455	14.14159694
chr7	4216155	19.38522755	14.14213384
chr7	4216668	16.8478654	14.15207846
chr7	4216790	16.8548508	14.1541339
chr7	4217188	15.58441006	14.16084213
chr7	4217751	15.61456642	14.16961615
chr7	4217840	14.98651628	14.17100585
chr7	4217853	7.378574243	14.17120067
chr7	4217858	8.880751106	14.17123757
chr7	4217924	8.774672076	14.1718237
chr7	4221122	5.852544863	14.1998851
chr7	4221266	5.848942841	14.20072786
chr7	4221338	5.744325508	14.20114899
chr7	4221392	5.765569566	14.20145918
chr7	4222619	5.762701852	14.20853353
chr7	4224508	2.719880924	14.21941928
chr7	4224510	2.094435433	14.21942472
chr7	4244055	2.123716129	14.26036046
chr7	4244130	2.131221957	14.26051974
chr7	4341390	2.140458713	14.46780238
chr7	4341447	1.96148541	14.46792439
chr7	4341639	1.880537111	14.468301
chr7	4342071	1.822074328	14.46911339
chr7	4342081	1.875886606	14.46913161
chr7	4355843	1.895395393	14.49494756
chr7	4355900	1.892880094	14.4950556
chr7	4356149	1.967839038	14.49552693
chr7	4356160	1.977572814	14.49554857
chr7	4364626	1.927032295	14.5122907
chr7	4365180	1.911541839	14.51335828
chr7	4365384	1.921536228	14.51374823
chr7	4365406	2.019086854	14.51379051
chr7	4365462	1.987717532	14.51390358
chr7	4365511	2.088808549	14.51400097
chr7	4367046	2.119043743	14.5172073
chr7	4408728	2.194939119	14.60553328
chr7	4409344	2.297869943	14.60688536
chr7	4409679	2.236607749	14.60765515
chr7	4410347	2.250048475	14.6091492
chr7	4413558	2.262507074	14.61637411
chr7	4458380	2.233479179	14.7177842
chr7	4460267	2.218855455	14.72199877
chr7	4460575	2.257617551	14.72268218
chr7	4631853	2.308355835	15.1093624
chr7	4631898	2.353488373	15.10946627
chr7	4632840	2.24439614	15.11168326
chr7	4632940	2.231509275	15.1119077
chr7	4632944	2.253121851	15.11191663
chr7	4632945	2.238379697	15.11191888
chr7	4703463	2.944903867	15.26976494
chr7	4703467	2.935674545	15.26977672
chr7	4705436	2.903658365	15.27555706
chr7	4708164	2.90406373	15.28347824
chr7	4708169	2.886987585	15.28349276
chr7	4708244	2.060949487	15.28370929
chr7	4708288	3.660252423	15.28379997
chr7	4708316	3.653662176	15.28390246
chr7	4708827	3.932955719	15.28576948
chr7	4710345	4.184875302	15.2917397
chr7	4710357	4.579034136	15.29178992
chr7	4710391	4.75751435	15.29194561
chr7	4711914	4.762244401	15.2991913
chr7	4711926	4.856396855	15.29924845
chr7	4712036	4.839670664	15.29978265
chr7	4713162	4.864521814	15.30523212
chr7	4713264	4.870235367	15.3057283
chr7	4713276	5.141710362	15.30578675
chr7	4713682	5.222102809	15.30787428
chr7	4713706	5.247051789	15.30799961
chr7	4714459	5.24006025	15.31195064
chr7	4714483	5.322367742	15.3120764
chr7	4714646	5.540854283	15.31294395
chr7	4714858	5.554140244	15.31411861
chr7	4714862	5.544274411	15.31414083
chr7	4720490	5.135439233	15.345344
chr7	4747484	7.917275283	15.48397005
chr7	4747661	7.939322987	15.48537141
chr7	4747706	8.038524298	15.48572868
chr7	4748544	4.465136514	15.49246496
chr7	4748573	4.345130418	15.49259445
chr7	4748688	4.255213756	15.49309414
chr7	4748705	4.385739877	15.49316648
chr7	4750274	4.379182445	15.5000477
chr7	4750439	4.204898309	15.50077027
chr7	4750450	4.247930729	15.50081652
chr7	4851586	4.278093173	15.93043525
chr7	4851895	34.45113634	15.93175718
chr7	4852006	2.835627408	15.93558125
chr7	4852318	2.871277768	15.93646597
chr7	4852324	2.801969454	15.9364832
chr7	4853505	2.769122258	15.93979232
chr7	4853620	2.736260659	15.94011077
chr7	4884206	2.502713599	16.02380204
chr7	4884239	2.59538764	16.02388463
chr7	4884552	2.472746233	16.02469698
chr7	4886437	2.131412076	16.02935811
chr7	4886565	2.196938622	16.02963093
chr7	4887828	2.27209801	16.03240567
chr7	4887904	2.262544092	16.03257835
chr7	4899800	2.293163745	16.05949357
chr7	4900423	2.406950262	16.06092221
chr7	4900425	2.508245589	16.06092702
chr7	4901735	2.501312104	16.06421283
chr7	4902524	2.694174691	16.06618636
chr7	4960823	2.638240631	16.22325405
chr7	4961022	2.707597134	16.22377906
chr7	4961056	2.894342773	16.22387112
chr7	4966320	25.82651913	16.23910694
chr7	4966392	25.68109821	16.24096645
chr7	4966441	25.63800444	16.24222482
chr7	4966470	2.627380868	16.24296833
chr7	4966506	2.662522149	16.24306291
chr7	4966887	2.657878059	16.24407733
chr7	4967327	2.598828098	16.2452468
chr7	4967398	2.585415788	16.24543132
chr7	4967401	2.710209452	16.24543907
chr7	4967439	2.665358017	16.24554206
chr7	4967565	2.622794133	16.24587789
chr7	4967616	2.592972538	16.24601166
chr7	4967633	2.723591634	16.24605574
chr7	4967706	2.707858383	16.24625456
chr7	4967731	2.193970387	16.24632226
chr7	4967795	2.680530541	16.24646267
chr7	4967916	2.779782712	16.24678701
chr7	4967924	2.966684657	16.24680925
chr7	4968509	2.983101698	16.24854476
chr7	4968560	3.005839415	16.2486969
chr7	4970798	3.000355835	16.25542397
chr7	4991555	3.024765533	16.31770236
chr7	4991572	2.880746378	16.31775378
chr7	4991597	2.735898274	16.3178258
chr7	4991669	4.436605637	16.31802278
chr7	4991711	4.464058554	16.31820912
chr7	4991720	4.488231727	16.31824929
chr7	4991783	4.515650584	16.31853205
chr7	4991789	4.562565428	16.31855915
chr7	4991791	4.426950973	16.31856827
chr7	4991792	4.437722755	16.3185727
chr7	4991793	4.720501261	16.31857714
chr7	4991805	4.496254973	16.31863378
chr7	4991853	4.446987699	16.3188496
chr7	4991854	4.551753594	16.31885405
chr7	4991855	4.606790903	16.3188586
chr7	4991859	7.277085484	16.31887703
chr7	4991868	9.765665165	16.31894252
chr7	4991872	9.747271169	16.31898159
chr7	4992200	10.27439823	16.32217869
chr7	4992201	11.73789145	16.32218897
chr7	4992217	13.19454028	16.32237677
chr7	4992253	13.49351122	16.32285177
chr7	4992314	18.74115703	16.32367488
chr7	4992423	21.47637749	16.32571767
chr7	4992974	16.32134611	16.33755115
chr7	4993284	13.72363986	16.34261077
chr7	4993300	11.51573926	16.34283034
chr7	4993301	11.52520465	16.34284186
chr7	4993305	15.60628243	16.34288796
chr7	4993676	16.26998987	16.34867789
chr7	4993678	16.59138668	16.34871043
chr7	4993728	16.94857205	16.34954
chr7	4993731	16.97647376	16.34959085
chr7	4993741	12.77207752	16.34976061
chr7	4993767	12.7968995	16.35009269
chr7	4993814	12.82180343	16.35069414
chr7	4993845	13.0131106	16.35109162
chr7	4994602	11.59008284	16.36094254
chr7	4994629	11.01522102	16.36125547
chr7	4994645	11.04268312	16.36143172
chr7	4994775	11.09441974	16.36286727
chr7	4994784	11.13141553	16.36296712
chr7	4994953	11.01656334	16.36484832
chr7	4995028	6.858076729	16.36567457
chr7	4995125	6.940483795	16.3663398
chr7	4995337	6.965383944	16.36781118
chr7	4995381	7.739383937	16.36811766
chr7	4995390	7.968307261	16.36818731
chr7	5003350	8.143503667	16.43161504
chr7	5003359	7.761860784	16.43168833
chr7	5003462	7.852060214	16.4324878
chr7	5003569	7.912329303	16.43332797
chr7	5004833	7.969927918	16.44332916
chr7	5004834	8.000209724	16.44333713
chr7	5004893	8.030143171	16.44380914
chr7	5005128	8.091059222	16.44569622
chr7	5005133	7.825010906	16.44573668
chr7	5005281	7.599199648	16.44689478
chr7	5005294	7.493050848	16.44699357
chr7	5005297	6.902915153	16.44701605
chr7	5005305	6.932953965	16.44707127
chr7	5005316	7.29797722	16.44714754
chr7	5005319	7.307872814	16.44716943
chr7	5005596	7.528735466	16.44919371
chr7	5006057	7.586986597	16.45266446
chr7	5105231	7.811902988	17.20509627
chr7	5117139	7.935194702	17.29812041
chr7	5117140	7.790691796	17.29812834
chr7	5117296	9.209237387	17.29934369
chr7	5117486	9.170900523	17.30109344
chr7	5117497	9.140667046	17.30119432
chr7	5117521	9.051382754	17.3014137
chr7	5117524	10.59139314	17.30144085
chr7	5118668	10.62003378	17.31355741
chr7	5118669	11.23823954	17.31356803
chr7	5118687	10.9699558	17.31377032
chr7	5118760	10.92489401	17.31457112
chr7	5119078	10.81601005	17.31804524
chr7	5119117	11.22582751	17.31846706
chr7	5119132	11.44485735	17.31863545
chr7	5119648	11.869267	17.324541
chr7	5119657	12.36802643	17.32464782
chr7	5119790	11.23790409	17.32629277
chr7	5119862	11.20831336	17.3271019
chr7	5120027	11.51500565	17.32895127
chr7	5120062	11.75177759	17.32935429
chr7	5120071	13.65422804	17.32946006
chr7	5120079	14.79840807	17.32956929
chr7	5120188	15.33407874	17.33118232
chr7	5126416	15.83812473	17.42668296
chr7	5131862	15.5427954	17.51293739
chr7	5132102	15.84164356	17.51666766
chr7	5132235	15.82084047	17.5187746
chr7	5132253	13.55482017	17.51905938
chr7	5132258	15.81953508	17.51912715
chr7	5132271	20.95445605	17.5193328
chr7	5132289	20.65147469	17.51970998
chr7	5132663	22.46308448	17.52743364
chr7	5132702	21.88556842	17.5283097
chr7	5132797	25.65408506	17.53038882
chr7	5132963	28.39667491	17.5346474
chr7	5133008	27.04783077	17.53592525
chr7	5133249	27.03491359	17.54244378
chr7	5133256	55.92460208	17.54263302
chr7	5133329	49.32343999	17.54671552
chr7	5133334	49.35070598	17.54696214
chr7	5133364	25.30504432	17.54844266
chr7	5133444	33.55656557	17.55046706
chr7	5133482	32.92508399	17.55174221
chr7	5133797	25.12168101	17.56211361
chr7	5133800	26.25620223	17.56218898
chr7	5133851	26.28754957	17.56352804
chr7	5133868	34.73839176	17.56397493
chr7	5134344	28.78035646	17.58051041
chr7	5134380	34.68242013	17.5815465
chr7	5135639	34.86094007	17.62521167
chr7	5135643	34.95653974	17.62535111
chr7	5135683	34.98431064	17.62674937
chr7	5135684	35.23722078	17.62678436
chr7	5137083	27.07855143	17.67608123
chr7	5137121	24.5143372	17.67711021
chr7	5137138	21.18101566	17.67752696
chr7	5137162	16.22436273	17.6780353
chr7	5139883	16.59048931	17.72218179
chr7	5139916	14.95546739	17.72272928
chr7	5139923	14.52647007	17.72283397
chr7	5139926	14.55965014	17.72287755
chr7	5139930	10.98459386	17.72293579
chr7	5140028	10.49267333	17.72401228
chr7	5140594	9.504601704	17.72995113
chr7	5140654	8.904476655	17.7305214
chr7	5207559	8.853507972	18.32627542
chr7	5207595	8.674735953	18.32659414
chr7	5207599	8.625789027	18.32662884
chr7	5207754	8.080238434	18.32796584
chr7	5207755	7.886626695	18.32797392
chr7	5207790	7.789579421	18.32824995
chr7	5207791	7.487227597	18.32825774
chr7	5207797	7.44090843	18.32830266
chr7	5207802	7.392118741	18.32833987
chr7	5207854	7.887482773	18.32872426
chr7	5208322	7.999482077	18.3324156
chr7	5208349	8.266399832	18.33263159
chr7	5208399	8.478250732	18.33304491
chr7	5208685	8.225879497	18.33546969
chr7	5209106	8.130120507	18.33893278
chr7	5209364	7.690019307	18.34103035
chr7	5209379	7.643236288	18.3411457
chr7	5209440	7.476633464	18.34161194
chr7	5209766	7.581963861	18.34404932
chr7	5209803	7.647980914	18.34432985
chr7	5239045	7.439092505	18.56797211
chr7	5239090	7.247316845	18.56830687
chr7	5239105	6.604806226	18.56841558
chr7	5239838	6.424905492	18.5732569
chr7	5239870	6.484817619	18.5734625
chr7	5239878	6.659365744	18.57351438
chr7	5242498	6.452072357	18.59096192
chr7	5243834	4.729694634	18.59958189
chr7	5243846	5.013964083	18.59963864
chr7	5259337	4.986747175	18.67730996
chr7	5259626	4.914036106	18.67875113
chr7	5259630	4.411744504	18.67877079
chr7	5259748	4.345307641	18.67929137
chr7	5259780	5.100817888	18.67943042
chr7	5259808	5.563846711	18.67957325
chr7	5259810	5.72580786	18.67958437
chr7	5259830	5.698036955	18.67969889
chr7	5259851	6.04530474	18.67981855
chr7	5259904	6.221106135	18.68013895
chr7	5261760	6.208201133	18.69168532
chr7	5261768	6.507159972	18.69173499
chr7	5261770	6.494291913	18.691748
chr7	5261788	6.542869953	18.6918649
chr7	5261800	6.475391244	18.69194341
chr7	5262027	6.302091152	18.69341333
chr7	5262969	6.289352889	18.6993499
chr7	5262978	6.997257347	18.6994065
chr7	5262991	7.218518535	18.69949747
chr7	5263067	7.777905886	18.70004607
chr7	5266482	7.73697488	18.72660762
chr7	5266525	9.771674787	18.72694031
chr7	5267155	9.690954718	18.73309647
chr7	5267930	10.31121556	18.74060696
chr7	5267941	9.595806308	18.74072038
chr7	5269256	9.582744906	18.75333887
chr7	5269761	9.18696754	18.75817815
chr7	5269779	9.490418231	18.75834352
chr7	5269784	8.541721685	18.75839097
chr7	5270119	8.51579893	18.76125245
chr7	5272919	6.128600832	18.78509668
chr7	5273039	5.117302522	18.78583212
chr7	5273221	4.86022441	18.78676346
chr7	5273228	4.670785335	18.78679749
chr7	5274915	20.57182399	18.7946771
chr7	5275113	20.63319686	18.79875032
chr7	5275122	2.513934221	18.79893602
chr7	5275143	2.311514938	18.79898881
chr7	5275206	2.494893818	18.79913444
chr7	5275433	3.244388288	18.79970078
chr7	5275460	3.470303038	18.79978838
chr7	5275525	3.769723062	18.80001395
chr7	5276373	3.780497314	18.80321067
chr7	5276484	3.784970561	18.80363031
chr7	5276486	3.944343747	18.80363788
chr7	5280033	3.640455403	18.81762847
chr7	5280086	4.489282436	18.81782141
chr7	5295052	4.318806891	18.88500801
chr7	5295056	3.817812963	18.88502529
chr7	5295146	3.572105139	18.88536889
chr7	5295178	3.173538651	18.8854832
chr7	5295187	4.54913937	18.88551176
chr7	5295204	4.502921004	18.88558909
chr7	5295212	4.506363379	18.88562512
chr7	5295767	4.522588035	18.88812615
chr7	5295955	4.535273336	18.8889764
chr7	5296007	6.421788832	18.88921223
chr7	5300745	23.34113444	18.91963866
chr7	5300786	22.72536831	18.92059565
chr7	5300891	22.11897438	18.92298181
chr7	5300892	21.98340995	18.92300393
chr7	5300910	21.28023341	18.92339964
chr7	5300942	3.096893568	18.9240806
chr7	5300953	3.138169721	18.92411467
chr7	5301295	3.502657214	18.92518792
chr7	5301301	2.980545813	18.92520894
chr7	5301382	2.779977928	18.92545036
chr7	5303509	3.137979876	18.93136338
chr7	5305415	3.617689708	18.93734437
chr7	5305495	3.669387555	18.93763378
chr7	5312427	3.886326702	18.96306998
chr7	5312431	3.911454521	18.96308552
chr7	5312442	3.612980401	18.96312855
chr7	5312569	3.722361123	18.96358739
chr7	5312602	2.92087411	18.96371023
chr7	5312631	3.782085448	18.96379494
chr7	5312658	4.228029678	18.96389705
chr7	5312662	4.287364571	18.96391397
chr7	5312671	4.39405161	18.96395255
chr7	5312682	4.523329265	18.96400089
chr7	5312725	5.268384485	18.96419539
chr7	5312728	5.835169117	18.9642112
chr7	5312743	5.928500541	18.96429872
chr7	5314906	5.802176864	18.97712207
chr7	5501794	6.113480207	20.0614793
chr7	5501796	6.077015496	20.06149153
chr7	5501804	6.224030903	20.06154014
chr7	5501846	6.240176693	20.06180155
chr7	5508263	6.860593615	20.10184477
chr7	5508303	6.935449552	20.10211919
chr7	5508304	7.255421016	20.10212613
chr7	5514210	7.388002444	20.14497664
chr7	5514240	7.323315131	20.14519828
chr7	5514246	8.695139923	20.14524222
chr7	5514265	8.578863027	20.14540743
chr7	5514309	8.724534469	20.1457849
chr7	5514360	8.825548386	20.14622985
chr7	5514374	8.94487109	20.14635341
chr7	5514453	8.944650459	20.14706005
chr7	5515818	6.904723608	20.1592695
chr7	5515822	6.947381755	20.15929712
chr7	5515832	7.005180155	20.15936659
chr7	5515860	7.046053742	20.15956274
chr7	5560925	7.051276125	20.47709315
chr7	5560935	7.741255619	20.47716366
chr7	5562541	10.1345249	20.48959612
chr7	5562565	10.78669209	20.48983935
chr7	5562570	11.10449251	20.48989328
chr7	5562641	11.06311683	20.4906817
chr7	5567058	21.76504419	20.53954749
chr7	5567379	10.77482649	20.54653407
chr7	5567381	11.89436959	20.54655562
chr7	5567410	12.20291672	20.54690055
chr7	5567714	12.18940237	20.55061024
chr7	5567740	11.72924819	20.55092716
chr7	5567742	14.61580591	20.55095062
chr7	5568151	17.3340427	20.55692849
chr7	5569296	17.29942605	20.57677597
chr7	5573636	14.5644168	20.65185548
chr7	5573685	13.94540045	20.65256913
chr7	5573687	13.89267	20.65259702
chr7	5573688	13.93452227	20.65261092
chr7	5573747	13.68627247	20.65343305
chr7	5573748	13.69849246	20.65344674
chr7	5575449	13.24287819	20.67674787
chr7	5575461	10.41572221	20.67690679
chr7	5575482	4.625735214	20.67712552
chr7	5575566	4.718115941	20.67751408
chr7	5575584	4.747317544	20.67759901
chr7	5575589	7.595017567	20.67762274
chr7	5575965	8.028105237	20.68047847
chr7	5576004	8.257780247	20.68079157
chr7	5576890	6.049417314	20.68810796
chr7	5576908	6.091720049	20.68821685
chr7	5576917	6.17588998	20.68827167
chr7	5596199	6.200113596	20.80735519
chr7	5596214	6.016445223	20.80744819
chr7	5596225	6.086617497	20.80751437
chr7	5596350	6.11086684	20.80827519
chr7	5596365	6.012224227	20.80836686
chr7	5738392	6.321914384	21.66226503
chr7	5738417	5.949251874	21.66242308
chr7	5738426	5.831003432	21.66247662
chr7	5738468	7.191661555	21.66272152
chr7	5738471	7.16785271	21.6627431
chr7	5738526	6.737563484	21.66313733
chr7	5738529	6.48245938	21.66315754
chr7	5738530	6.936041088	21.66316402
chr7	5738604	9.107824228	21.66367729
chr7	5741186	9.670653202	21.68719369
chr7	5741202	8.689941623	21.68734842
chr7	5741302	8.743105163	21.68821742
chr7	5741314	8.676192988	21.68832233
chr7	5741317	9.354060016	21.68834836
chr7	5742260	9.552412379	21.69716924
chr7	5743935	9.504275874	21.71316953
chr7	5743968	8.857171846	21.71348317
chr7	5745072	8.767479918	21.72326149
chr7	5745106	8.135673922	21.72355959
chr7	5745187	7.993174785	21.72421858
chr7	5745192	21.46737696	21.72425854
chr7	5745563	11.1569407	21.73222294
chr7	5745961	6.673618769	21.7366634
chr7	5746082	5.87472589	21.73747091
chr7	5746086	5.08775619	21.73749441
chr7	5746088	4.607130474	21.73750458
chr7	5746131	4.113022812	21.73770269
chr7	5746152	4.212617154	21.73778906
chr7	5746191	32.47224472	21.73795335
chr7	5746193	32.44502867	21.7380183
chr7	5746253	37.24427549	21.739965
chr7	5746272	37.29004262	21.74067264
chr7	5746313	9.030415055	21.74220153
chr7	5746796	12.42326663	21.74656322
chr7	5746938	11.90054881	21.74832733
chr7	5746939	11.88204738	21.74833923
chr7	5746962	7.278133799	21.74861252
chr7	5747080	9.505418354	21.74947134
chr7	5747136	9.486199904	21.75000364
chr7	5747270	11.47049202	21.75127479
chr7	5747312	13.43051167	21.75175655
chr7	5747355	13.45698383	21.75233406
chr7	5747455	15.69845568	21.75367976
chr7	5747471	16.6961596	21.75393094
chr7	5747508	16.82413564	21.75454869
chr7	5747584	16.44020751	21.75582733
chr7	5747661	12.45445657	21.75709322
chr7	5747774	12.72793046	21.75850058
chr7	5748700	12.67039847	21.77028664
chr7	5748984	12.74693174	21.77388503
chr7	5749023	13.11748216	21.77438217
chr7	5749049	13.9267924	21.77472322
chr7	5749071	8.009467459	21.77502961
chr7	5749144	8.256609788	21.7756143
chr7	5749148	8.270555112	21.77564733
chr7	5751367	8.283996967	21.79399969
chr7	5751496	6.685605972	21.79506832
chr7	5773604	5.616620876	21.9428737
chr7	5773633	5.571687884	21.94303658
chr7	5773639	5.431481517	21.94307001
chr7	5773740	5.424264777	21.94361859
chr7	5774276	5.28878169	21.946526
chr7	5774277	5.193308459	21.94653129
chr7	5774288	4.943869079	21.94658841
chr7	5774292	4.746591778	21.94660819
chr7	5774420	4.618734387	21.94721575
chr7	5774422	3.72672344	21.94722499
chr7	5774448	3.665851501	21.94732189
chr7	5774737	3.663817061	21.94838132
chr7	5774760	3.678609948	21.94846558
chr7	5774812	3.544922153	21.94865687
chr7	5774830	3.411966224	21.94872068
chr7	5775263	3.352228281	21.95019806
chr7	5777500	3.455606524	21.957697
chr7	5778361	3.411945661	21.96067227
chr7	5778624	3.184082487	21.96156962
chr7	5778626	3.227695384	21.96157598
chr7	5778627	2.917298223	21.96157921
chr7	5778645	2.815440216	21.96163172
chr7	5778651	2.885426919	21.96164862
chr7	5778659	2.778974498	21.9616717
chr7	5824977	15.76044917	22.09038824
chr7	5825002	15.74537987	22.09078225
chr7	5825011	15.78064151	22.09092396
chr7	5825605	9.997746524	22.10029766
chr7	5825826	1.937040103	22.10250716
chr7	5825827	1.929872538	22.1025091
chr7	5826512	1.946038878	22.10383106
chr7	5826534	1.984016894	22.10387387
chr7	5826644	2.003046001	22.10409212
chr7	5826665	2.041108627	22.10413418
chr7	5905093	2.024193429	22.26421425
chr7	5996351	1.983809765	22.44893809
chr7	5996376	1.661825534	22.44898769
chr7	5996619	1.68601623	22.44939151
chr7	6006944	1.70646588	22.46679963
chr7	6007823	1.441974474	22.46829961
chr7	6007838	1.321700261	22.46832124
chr7	6007855	1.3515264	22.46834371
chr7	6007911	8.879021219	22.4684194
chr7	6007957	16.62415124	22.46882783
chr7	6008017	16.71037142	22.46982528
chr7	6008035	16.74590663	22.47012607
chr7	6008362	16.72955807	22.47560198
chr7	6008369	9.330252707	22.47571908
chr7	6008401	1.765591265	22.47601765
chr7	6021746	1.776552235	22.49957947
chr7	6022680	1.78754585	22.50123877
chr7	6022702	1.805903079	22.50127809
chr7	6022769	1.779360936	22.50139909
chr7	6022772	1.794850324	22.50140443
chr7	6022808	1.770583948	22.50146904
chr7	6022855	2.126900269	22.50155226
chr7	6133966	2.143781354	22.73787428
chr7	6133977	2.116333464	22.73789786
chr7	6164439	2.130310212	22.80236561
chr7	6164462	2.150361593	22.8024146
chr7	6164465	2.170118815	22.80242106
chr7	6164466	2.313481236	22.80242323
chr7	6164515	2.401799501	22.80253659
chr7	6164519	2.301670975	22.80254619
chr7	6164522	2.181236989	22.8025531
chr7	6165326	2.159320414	22.80430681
chr7	6165362	2.339939404	22.80438455
chr7	6165375	2.395710854	22.80441497
chr7	6165384	2.394189439	22.80443653
chr7	6165386	2.433570056	22.80444132
chr7	6165396	2.472394603	22.80446565
chr7	6230013	2.486983638	22.96422438
chr7	6238703	2.912370751	22.98583626
chr7	6238710	2.901299353	22.98585665
chr7	6239446	2.830645503	22.98799201
chr7	6239505	2.784930534	22.98815901
chr7	6239581	2.820538546	22.98837067
chr7	6239583	3.371397291	22.98837631
chr7	6239890	3.407178624	22.98941133
chr7	6245355	2.805442442	23.00803156
chr7	6245386	2.929017982	23.00811853
chr7	6247579	2.954394303	23.01454187
chr7	6336243	2.731671014	23.27649028
chr7	6336244	2.59677844	23.27649301
chr7	6336266	2.296676688	23.27655014
chr7	6336287	3.973518118	23.27659837
chr7	6336365	3.935635747	23.27690831
chr7	6336404	4.661031207	23.2770618
chr7	6336438	4.623166311	23.27722027
chr7	6338199	4.6183942	23.28536167
chr7	6338363	4.58132562	23.28611908
chr7	6338967	4.604369499	23.28888621
chr7	6338986	3.185258111	23.28897369
chr7	6339506	3.179522636	23.29063002
chr7	6340403	1.426814899	23.29348205
chr7	6340462	1.440071519	23.29356624
chr7	6340480	7.41374549	23.29359216
chr7	6340481	7.374364873	23.29359957
chr7	6340496	7.495372	23.29371019
chr7	6340545	7.737227183	23.29407746
chr7	6340546	7.829766427	23.2940852
chr7	6340644	8.023346065	23.29485251
chr7	6341056	9.011086508	23.29815813
chr7	6341060	4.214534557	23.29819418
chr7	6341149	4.39818852	23.29856927
chr7	6341173	4.473199095	23.29867483
chr7	6397461	64.24442015	23.55046226
chr7	6397464	64.25543759	23.55065499
chr7	6397477	67.28499469	23.55149031
chr7	6397479	74.64674018	23.55162488
chr7	6397865	66.30079771	23.58043852
chr7	6397872	32.74405994	23.58090263
chr7	6397950	39.72552179	23.58345667
chr7	6397954	39.66480298	23.58361557
chr7	6397957	33.58293187	23.58373456
chr7	6398025	34.58958559	23.5860182
chr7	6398662	34.48503388	23.60805177
chr7	6398887	34.42541338	23.6158109
chr7	6398888	28.96331631	23.61584533
chr7	6398923	21.06812452	23.61685904
chr7	6398933	21.00299342	23.61706972
chr7	6398939	16.9177745	23.61719574
chr7	6398962	21.36464747	23.61758485
chr7	6398963	16.77386909	23.61760621
chr7	6399676	13.66380084	23.62956598
chr7	6399744	9.019629238	23.63049512
chr7	6410102	8.280747043	23.72392044
chr7	6410150	7.740484142	23.72431792
chr7	6410441	6.211270559	23.7265704
chr7	6410486	6.233213478	23.72684991
chr7	6410504	5.935100675	23.7269621
chr7	6416046	5.901390993	23.75985443
chr7	6416660	5.205286282	23.76347789
chr7	6416664	4.963225654	23.76349871
chr7	6416728	5.056151947	23.76381635
chr7	6416737	4.555479348	23.76386186
chr7	6416755	4.784118143	23.76394386
chr7	6416959	4.816638246	23.76491982
chr7	6416960	5.074832937	23.76492463
chr7	6416989	4.919775646	23.7650718
chr7	6488137	4.871337603	24.115104
chr7	6489335	4.758427763	24.12093986
chr7	6489367	4.720323069	24.12109213
chr7	6489396	4.645109866	24.12122902
chr7	6489495	4.088093732	24.12168889
chr7	6489529	3.542612637	24.12182788
chr7	6489552	8.126633977	24.12190936
chr7	6489754	8.032815062	24.12355094
chr7	6490144	7.984069416	24.12668374
chr7	6490145	7.847614405	24.12669173
chr7	6490147	7.757726135	24.12670742
chr7	6490209	7.420823149	24.1271884
chr7	6490286	2.962494214	24.1277598
chr7	6490287	2.879145839	24.12776277
chr7	6490300	2.948839839	24.12780019
chr7	6490495	3.028577488	24.12837522
chr7	6490999	2.811216712	24.12990162
chr7	6491002	2.792191012	24.12991006
chr7	6491092	2.894245501	24.13016135
chr7	6491101	2.81034155	24.1301874
chr7	6491545	2.932157953	24.13143519
chr7	6491550	2.860566757	24.13144985
chr7	6491659	2.823808813	24.13176165
chr7	6491666	2.858230905	24.13178142
chr7	6491672	2.93872204	24.13179857
chr7	6576606	2.443977226	24.38139599
chr7	6576629	2.404047242	24.3814522
chr7	6577269	2.352371415	24.38299079
chr7	6577338	1.982929533	24.3831531
chr7	6577371	1.961197135	24.38321854
chr7	6577398	2.246504096	24.38327149
chr7	6577407	2.206290944	24.38329171
chr7	6577414	2.232175553	24.38330716
chr7	6578102	2.203137369	24.38484289
chr7	6578157	5.179103564	24.38496406
chr7	6578228	6.469267262	24.38533178
chr7	6579481	6.409778656	24.39343777
chr7	6581391	6.486112839	24.40568045
chr7	6582408	5.669404402	24.41227683
chr7	6582513	5.632021915	24.41287211
chr7	6582534	5.594965686	24.41299039
chr7	6582890	5.619129458	24.41498219
chr7	6582900	4.971649538	24.41503839
chr7	6582901	6.88848219	24.41504336
chr7	6582902	6.949519757	24.41505025
chr7	6582925	7.010032696	24.41521009
chr7	6582936	7.071991085	24.4152872
chr7	6582967	9.028306432	24.41550643
chr7	6584275	9.09731477	24.42731545
chr7	6584277	7.970623736	24.42733365
chr7	6584754	13.56659559	24.43113563
chr7	6585013	11.43363755	24.43464938
chr7	6585030	11.50226025	24.43484375
chr7	6585032	11.51443243	24.43486676
chr7	6585101	11.58185712	24.43566125
chr7	6585237	4.597251199	24.43723639
chr7	6585275	4.7715695	24.43741108
chr7	6585356	4.428271326	24.43779758
chr7	6588793	4.422335002	24.45301755
chr7	6591792	12.29373811	24.46628013
chr7	6592174	11.31528864	24.47097634
chr7	6592212	11.38964165	24.47140632
chr7	6592230	3.518238538	24.47161133
chr7	6638581	2.804385607	24.63468521
chr7	6638640	2.794763343	24.63485067
chr7	6638817	2.66277822	24.63534534
chr7	6638838	2.663496473	24.63540126
chr7	6645641	2.602615222	24.65352102
chr7	6645642	2.522531798	24.65352363
chr7	6710393	2.032883658	24.81686008
chr7	6710405	2.382824837	24.81688448
chr7	6710608	2.299190362	24.81736819
chr7	6710619	2.30384548	24.81739348
chr7	6710627	2.085630561	24.81741191
chr7	6710645	1.982424363	24.81744946
chr7	6710870	1.876687416	24.8178955
chr7	6711006	1.719453215	24.81815073
chr7	6711203	2.03522186	24.81848946
chr7	6720418	2.041432365	24.83724403
chr7	6720444	1.648510437	24.83729711
chr7	6733717	1.654603274	24.85917779
chr7	6733718	1.669376505	24.85917944
chr7	6733824	1.685396088	24.8593564
chr7	6770513	1.248316391	24.92119189
chr7	6770515	1.338907313	24.92119439
chr7	6770522	1.417621073	24.92120376
chr7	6770558	7.745769765	24.9212548
chr7	6770617	8.980004693	24.9217118
chr7	6770624	9.556431879	24.92177466
chr7	6777355	2.712609057	24.986099
chr7	6777371	2.344907987	24.9861424
chr7	6777440	2.085948551	24.9863042
chr7	6777444	2.123905994	24.98631254
chr7	6777462	2.161827115	24.98635078
chr7	6777473	2.393749572	24.98637456
chr7	6835613	2.27535822	25.12554716
chr7	6835707	1.854584655	25.12576104
chr7	6836097	1.736997839	25.12648433
chr7	6868274	1.337322671	25.18237571
chr7	6868292	0.9739273246	25.18239978
chr7	6868298	0.984595119	25.18240562
chr7	6868332	0.9895653849	25.1824391
chr7	6868335	1.01283093	25.18244207
chr7	6868379	0.9635300356	25.18248663
chr7	6868382	0.9625631713	25.18248952
chr7	6868412	0.9766926378	25.1825184
chr7	6868433	1.017455792	25.18253891
chr7	6868456	0.9682092247	25.18256231
chr7	6868483	1.432358598	25.18258845
chr7	6868484	1.679908941	25.18258988
chr7	6868895	1.693067853	25.18328033
chr7	6868983	1.706231137	25.18342932
chr7	6869144	1.709483457	25.18370402
chr7	6870382	1.685656469	25.18582036
chr7	6870419	1.709809659	25.18588273
chr7	6876555	1.282694376	25.19637412
chr7	6876684	1.487348702	25.19653959
chr7	6877022	1.512067113	25.19704231
chr7	6877028	1.571831025	25.19705139
chr7	7012684	1.589589711	25.4102797
chr7	7012686	1.564175254	25.41028288
chr7	7012762	1.492487264	25.41040175
chr7	7012845	1.468622308	25.41052563
chr7	7012846	1.507901716	25.4105271
chr7	7012970	1.478683024	25.41071408
chr7	7012983	1.467279646	25.4107333
chr7	7013012	1.443441752	25.41077585
chr7	7013161	1.442686107	25.41099092
chr7	7013180	1.455826964	25.41101834
chr7	7013227	1.429462628	25.41108676
chr7	7016181	1.392085348	25.41530939
chr7	7016500	1.338932025	25.41575347
chr7	7016523	1.073135305	25.41578426
chr7	7016628	1.049870859	25.41589694
chr7	7016653	1.079908362	25.41592319
chr7	7130396	1.070005014	25.5387552
chr7	7130462	1.062373275	25.53882583
chr7	7130516	1.049218379	25.53888319
chr7	7130744	0.9914977878	25.53912242
chr7	7130801	1.035483924	25.53917893
chr7	7130888	0.9988512026	25.53926902
chr7	7130896	0.9696152876	25.53927701
chr7	7130898	1.037225491	25.53927895
chr7	7130899	1.07302952	25.53927998
chr7	7130915	1.081310272	25.53929715
chr7	7131424	1.144459369	25.53984754
chr7	7131432	1.305618092	25.5398567
chr7	7131441	1.372499103	25.53986845
chr7	7131444	1.627213432	25.53987256
chr7	7131459	1.848384485	25.53989697
chr7	7131460	1.916601997	25.53989882
chr7	7131484	1.911868205	25.53994482
chr7	7131507	1.907171279	25.53998879
chr7	7201720	1.92704793	25.67389701
chr7	7201748	1.972249088	25.67395097
chr7	7202111	2.030902884	25.67466689
chr7	7203571	2.011050976	25.67763201
chr7	7203600	2.033610748	25.67769033
chr7	7203724	2.24408265	25.6779425
chr7	7203729	2.25380893	25.67795372
chr7	7203734	2.252970343	25.67796499
chr7	7274221	2.245454861	25.83677011
chr7	7274287	2.197182639	25.83691831
chr7	7275543	2.52458619	25.83967797
chr7	7275554	2.518375686	25.83970574
chr7	7275613	2.562307414	25.83985433
chr7	7275683	2.908657552	25.84003369
chr7	7275775	2.92754791	25.84030128
chr7	7275795	2.946460692	25.84035983
chr7	7276335	2.898979256	25.84195092
chr7	7276389	2.949425451	25.84210747
chr7	7276582	2.902104984	25.84267671
chr7	7299424	2.768682992	25.90896659
chr7	7299485	2.642739868	25.90913548
chr7	7299506	2.542002118	25.90919098
chr7	7299521	2.033001211	25.90922911
chr7	7299570	2.086871313	25.90932872
chr7	7299573	2.08319819	25.90933498
chr7	7299574	2.050572878	25.90933707
chr7	7299579	2.205428564	25.90934732
chr7	7299909	2.184963701	25.91007511
chr7	7299919	2.149123225	25.91009696
chr7	7299948	2.160438154	25.91015929
chr7	7300353	2.221925813	25.91103426
chr7	7302271	2.227305127	25.91529592
chr7	7356325	2.176729274	26.03569067
chr7	7356358	1.694603139	26.0357625
chr7	7356374	1.682926759	26.03578961
chr7	7356400	1.594533147	26.03583337
chr7	7356424	1.550750024	26.03587164
chr7	7356478	1.401146517	26.03595538
chr7	7356484	1.37867366	26.03596379
chr7	7356531	1.412865248	26.03602858
chr7	7356536	1.429962229	26.03603565
chr7	7356537	1.441359753	26.03603708
chr7	7356559	1.444589761	26.03606879
chr7	7356568	1.461246964	26.03608179
chr7	7356630	1.411583818	26.03617239
chr7	7435651	1.382058473	26.14771715
chr7	7438240	1.35245775	26.1512953
chr7	7442146	1.308272336	26.156578
chr7	7442219	1.285480643	26.1566735
chr7	7446944	1.272937761	26.1627474
chr7	7447915	1.142779825	26.16398342
chr7	7543135	1.072448431	26.27279892
chr7	7543312	1.011249116	26.27298874
chr7	7545221	0.9972170663	26.27491922
chr7	7545240	0.993780829	26.27493816
chr7	7545345	0.9797613896	26.27504251
chr7	7547263	0.9275885604	26.27692169
chr7	7547289	0.8610000007	26.27694581
chr7	7548627	2.180848043	26.27809783
chr7	7548917	2.422112883	26.27873027
chr7	7558190	1.678967795	26.30119053
chr7	7558199	1.168031505	26.30120564
chr7	7561992	1.129372102	26.30563598
chr7	7563207	0.8583652416	26.30700817
chr7	7563370	0.8454409699	26.30714808
chr7	7563390	0.7894914883	26.30716499
chr7	7563425	0.5565090202	26.30719262
chr7	7563546	0.5398518172	26.30725996
chr7	7563561	0.5101469628	26.30726806
chr7	7567579	0.6296440703	26.30931783
chr7	7567606	0.4916322819	26.30933483
chr7	7726263	0.4699056141	26.38733573
chr7	7726320	0.4481830533	26.38736252
chr7	7726322	20.00619866	26.38736341
chr7	7726496	19.98450016	26.39084449
chr7	7726498	0.550602553	26.39088446
chr7	7733810	0.5303720955	26.39491047
chr7	7733882	0.8976148057	26.39494865
chr7	7742275	0.8778795252	26.40248233
chr7	7742719	0.9247471276	26.40287211
chr7	7742794	1.863400698	26.40294147
chr7	7743049	2.277983979	26.40341664
chr7	7743270	1.665932917	26.40392007
chr7	7744154	1.70573357	26.40539276
chr7	7744159	2.106087009	26.40540128
chr7	7744190	2.481680918	26.40546657
chr7	7744242	2.485358419	26.40559562
chr7	7744244	3.367262963	26.40560059
chr7	7746467	3.536683901	26.41308602
chr7	7746492	3.529383697	26.41317443
chr7	7749631	3.580265123	26.42425317
chr7	7751365	3.165681843	26.43046135
chr7	7751962	2.718976146	26.43235126
chr7	7752756	1.60394093	26.43451013
chr7	7752949	1.658969014	26.43481969
chr7	7752996	1.712609282	26.43489766
chr7	7753031	1.750972358	26.4349576
chr7	7753076	1.804766625	26.43503639
chr7	7753079	1.858699743	26.43504181
chr7	7753282	1.851100775	26.43541913
chr7	7753314	4.083821795	26.43547836
chr7	7754480	4.065910681	26.4402401
chr7	7754588	4.177434514	26.44067921
chr7	7754653	4.357299019	26.44095075
chr7	7754654	4.442987906	26.44095511
chr7	7754679	8.440089172	26.44106618
chr7	7754681	8.487391116	26.44108306
chr7	7754690	8.180318371	26.44115945
chr7	7754717	8.464628069	26.44138032
chr7	7755297	3.391372897	26.4462898
chr7	7755306	4.066005473	26.44632032
chr7	7787529	4.181462911	26.57733922
chr7	7787991	3.974469962	26.57927105
chr7	7787993	4.13418131	26.579279
chr7	7788100	4.029078894	26.57972136
chr7	7788112	4.327360354	26.57976971
chr7	7794221	4.993124902	26.60620555
chr7	7794517	4.950835615	26.60768352
chr7	7797283	4.869908087	26.62137753
chr7	7797353	4.917289684	26.62171842
chr7	7799491	4.271220282	26.63223159
chr7	7815602	4.240555552	26.70104522
chr7	7816186	4.136010289	26.7035217
chr7	7816198	4.07999153	26.70357133
chr7	7816281	3.977179706	26.70390997
chr7	7816282	3.863234234	26.70391395
chr7	7816393	3.815504985	26.70434277
chr7	7816605	3.759796696	26.70515166
chr7	7817004	2.569390397	26.70665182
chr7	7817057	2.523830837	26.70678799
chr7	7817119	2.610068574	26.70694447
chr7	7817127	2.62751632	26.70696535
chr7	7817138	2.454023456	26.70699425
chr7	7817146	2.35272677	26.70701389
chr7	7817152	2.242353502	26.707028
chr7	7817166	2.141315284	26.70705939
chr7	7817253	2.170171062	26.70724569
chr7	7817263	2.148280887	26.70726739
chr7	7817270	2.169489644	26.70728243
chr7	7817272	1.995626548	26.70728677
chr7	7817288	2.042688523	26.7073187
chr7	7817390	1.51860862	26.70752705
chr7	7817413	1.537923419	26.70756198
chr7	7868936	1.544075313	26.78680041
chr7	7870077	1.539193033	26.7885622
chr7	7870113	1.4874782	26.78861761
chr7	7870117	1.176084727	26.78862356
chr7	7870536	6.10838024	26.78911634
chr7	7870540	5.88468471	26.78914077
chr7	7870545	5.878007733	26.7891702
chr7	7870563	5.900729399	26.789276
chr7	7870570	5.910498896	26.78931731
chr7	7870571	5.92378929	26.78932322
chr7	7871235	0.9424736893	26.79325661
chr7	7871250	0.9522740382	26.79327075
chr7	7871283	1.044055212	26.79330217
chr7	7871333	1.346368604	26.79335438
chr7	7871347	1.308567076	26.79337323
chr7	7916726	1.311389458	26.85275469
chr7	7916757	1.217302784	26.85279534
chr7	7916846	1.252525907	26.85290368
chr7	7917015	10.23140158	26.85311536
chr7	7917509	10.2762314	26.85816967
chr7	7917521	10.29878217	26.85829299
chr7	7917753	10.31006815	26.86068231
chr7	7917789	1.363527697	26.86105347
chr7	8014727	1.248119549	26.99323112
chr7	8014728	1.325016763	26.99323236
chr7	8014746	1.341534468	26.99325621
chr7	8014788	1.523946199	26.99331256
chr7	8014789	1.55387575	26.99331408
chr7	8087238	1.699718407	27.10589083
chr7	8087283	1.696484293	27.10596731
chr7	8087289	1.721864888	27.10597749
chr7	8087611	1.700636529	27.10653193
chr7	8087735	1.751489361	27.10674281
chr7	8092544	1.739932509	27.11516572
chr7	8093304	1.855005348	27.11648807
chr7	8093340	1.835452394	27.11655485
chr7	8093788	1.849830508	27.11737714
chr7	8093805	1.945130686	27.11740858
chr7	8129982	2.393338236	27.18777758
chr7	8130353	2.43490747	27.1886655
chr7	8184631	2.362431821	27.32082741
chr7	8184798	2.338616117	27.32122194
chr7	8184815	2.414826949	27.3212617
chr7	8184821	2.50153641	27.32127618
chr7	8222484	5.023072845	27.41549155
chr7	8222655	4.974561447	27.4163505
chr7	8222668	4.890875101	27.41641516
chr7	8222800	4.688663274	27.41706076
chr7	8222815	4.672090067	27.41713109
chr7	8223011	4.635029853	27.41804682
chr7	8223041	4.625229505	27.41818587
chr7	8223107	4.588207496	27.41849114
chr7	8223127	4.580069202	27.4185829
chr7	8223128	6.141527312	27.41858748
chr7	8223202	6.114985914	27.41904195
chr7	8223235	6.077074595	27.41924375
chr7	8223236	8.007198431	27.41924982
chr7	8223347	7.883316791	27.42013862
chr7	8223472	8.639677606	27.42112404
chr7	8223497	8.988793285	27.42134003
chr7	8223516	8.836370872	27.42151082
chr7	8223531	8.771969994	27.42164336
chr7	8223552	11.36031426	27.42182757
chr7	8223570	11.34380099	27.42203206
chr7	8223590	11.62989132	27.42225894
chr7	8223748	16.1450537	27.42409646
chr7	8223804	15.26742177	27.42500058
chr7	8224602	15.23098471	27.43718398
chr7	8224644	15.22254202	27.43782369
chr7	8224884	24.92740204	27.4414771
chr7	8225017	24.91100243	27.44479244
chr7	8225248	31.98607027	27.45054688
chr7	8225277	19.21126914	27.45147448
chr7	8225325	13.11103762	27.45239662
chr7	8225792	12.53009766	27.45851947
chr7	8225795	13.12844451	27.45855706
chr7	8225823	7.737874975	27.45892466
chr7	8226061	8.838263443	27.46076627
chr7	8226502	7.723423329	27.46466395
chr7	8226505	8.107052411	27.46468712
chr7	8226510	8.103906861	27.46472765
chr7	8226579	8.803090508	27.46528682
chr7	8231510	4.657373498	27.50869486
chr7	8231515	4.681176009	27.50871815
chr7	8231518	3.089253687	27.50873219
chr7	8231557	2.490906835	27.50885267
chr7	8231771	1.962365586	27.50938573
chr7	8232085	2.426588393	27.51000191
chr7	8232259	2.453594875	27.51042414
chr7	8232324	2.057940519	27.51058362
chr7	8232342	2.13986481	27.51062066
chr7	8232353	2.166923859	27.5106442
chr7	8232379	2.241847427	27.51070054
chr7	8232908	2.166314053	27.51188648
chr7	8233433	1.698642517	27.51302379
chr7	8235492	1.471787194	27.5165213
chr7	8235512	1.499798622	27.51655074
chr7	8235641	1.268872808	27.51674421
chr7	8237072	1.296935308	27.51855997
chr7	8239968	0.9464860121	27.52231589
chr7	8240026	0.9458143566	27.52237079
chr7	8240049	1.259216433	27.52239254
chr7	8240428	1.296737401	27.52286978
chr7	8355045	1.307288331	27.67149793
chr7	8358593	1.092564678	27.67613619
chr7	8358713	1.131383284	27.6762673
chr7	8359560	1.134779218	27.67722558
chr7	8359660	1.147140019	27.67733906
chr7	8359678	0.9488066439	27.67735971
chr7	8359694	0.9643588987	27.67737489
chr7	8359766	1.041341799	27.67744432
chr7	8359863	1.062868492	27.67754533
chr7	8359920	0.9257035131	27.67760592
chr7	8359929	0.8981395701	27.67761425
chr7	8360008	1.296462425	27.6776852
chr7	8360150	1.239049504	27.6778693
chr7	8360408	1.662339544	27.67818897
chr7	8360447	1.930682157	27.67825381
chr7	8360451	1.941469591	27.67826153
chr7	8375532	1.989334681	27.70754083
chr7	8376258	1.771279241	27.70898509
chr7	8376293	1.661794456	27.70904708
chr7	8376297	1.499534455	27.70905373
chr7	8376323	1.396768218	27.70909272
chr7	8376360	1.170803841	27.7091444
chr7	8376445	1.30805799	27.70924392
chr7	8399894	1.322349402	27.73991657
chr7	8399913	1.50597031	27.73994169
chr7	8399914	1.592783004	27.7399432
chr7	8399925	1.490501805	27.73996072
chr7	8400109	1.507791615	27.74023497
chr7	8400113	1.645488765	27.740241
chr7	8400165	1.732654732	27.74032657
chr7	8401021	1.565515012	27.74180972
chr7	8401315	1.812163618	27.74226998
chr7	8437606	50.27257577	27.80803521
chr7	8437677	11.08293496	27.81160457
chr7	8437704	11.09451596	27.81190381
chr7	8438049	1.787801202	27.81573141
chr7	8439297	2.144999213	27.81796259
chr7	8447512	2.162795683	27.83558376
chr7	8447528	2.132369612	27.83561836
chr7	8447534	1.639215803	27.83563116
chr7	8447538	1.656245882	27.83563771
chr7	8447553	1.624480374	27.83566256
chr7	8447561	1.741260609	27.83567555
chr7	8483432	1.657995579	27.89813631
chr7	8484569	1.685228554	27.90002145
chr7	8485119	1.543560171	27.90094833
chr7	8485138	1.595962081	27.90097766
chr7	8485169	1.400251159	27.90102713
chr7	8485333	1.371092926	27.90125677
chr7	8485377	1.393050678	27.9013171
chr7	8485579	1.445854478	27.9015985
chr7	8485607	1.520770555	27.90163898
chr7	8486335	1.491714429	27.9027461
chr7	8486413	1.583679126	27.90286246
chr7	8489016	1.640147159	27.90698477
chr7	8489359	1.725844456	27.90754734
chr7	8489467	1.940195938	27.90773373
chr7	8489478	2.086226195	27.90775508
chr7	8493339	2.104702182	27.91581
chr7	8493349	2.123179159	27.91583104
chr7	8599376	2.092658771	28.14094536
chr7	8599514	1.957297749	28.14123415
chr7	8599528	1.929873535	28.14126155
chr7	8638571	1.905189241	28.2166096
chr7	8638580	1.766941573	28.21662675
chr7	8638642	1.647060447	28.2167363
chr7	8638833	1.62397669	28.21705089
chr7	8639973	1.482783094	28.21890222
chr7	8639998	1.424624621	28.21893929
chr7	8640009	1.611586595	28.21895496
chr7	8640026	1.678813643	28.21898236
chr7	8640030	1.440781451	28.21898907
chr7	8640034	1.432162437	28.21899484
chr7	8640038	1.28344211	28.21900056
chr7	8640871	1.30687525	28.22006967
chr7	8641135	1.35426474	28.22041469
chr7	8641214	1.331544854	28.22052167
chr7	8641240	1.308458347	28.22055629
chr7	8642391	1.277686164	28.22206233
chr7	8644776	1.216839391	28.22510961
chr7	8679942	1.136682381	28.26790098
chr7	8679972	1.118332939	28.26793509
chr7	8680013	1.096215776	28.26798094
chr7	8680018	1.074319312	28.26798642
chr7	8680052	1.063531878	28.26802294
chr7	8680099	1.117188469	28.26807293
chr7	8680102	1.123424461	28.26807628
chr7	8680103	1.15947998	28.26807741
chr7	8680106	3.13407974	28.26808088
chr7	8680115	2.930136076	28.26810909
chr7	8680198	2.823972089	28.26835229
chr7	8680206	2.811610003	28.26837488
chr7	8680235	2.793935602	28.26845642
chr7	8680317	35.31916733	28.26868552
chr7	8680423	5.315794586	28.27242935
chr7	8680429	5.303503586	28.27246125
chr7	8681747	5.304019552	28.27945127
chr7	8681792	5.292734164	28.27968995
chr7	8681810	2.853607342	28.27978522
chr7	8681831	2.753624881	28.27984514
chr7	8681839	0.7641992812	28.27986717
chr7	8682005	0.8009079115	28.27999403
chr7	8682284	0.7200683902	28.28021748
chr7	8682328	0.762195867	28.28024917
chr7	8682341	0.842390754	28.28025907
chr7	8682348	0.9185484744	28.28026497
chr7	8682357	0.8247396673	28.28027324
chr7	8735368	0.8200080242	28.32399351
chr7	8735405	0.8254124668	28.32402385
chr7	8736391	0.9000143448	28.32483771
chr7	8736423	0.9663348234	28.32486651
chr7	8736434	0.9918097494	28.32487714
chr7	8736444	1.01769222	28.32488706
chr7	8736450	1.068893035	28.32489316
chr7	8736510	1.132947028	28.3249573
chr7	8736518	1.158758385	28.32496636
chr7	8736579	1.341114423	28.32503705
chr7	8738450	1.373791944	28.32754627
chr7	8740780	1.460618511	28.33074721
chr7	8790361	1.504101441	28.40316613
chr7	8843936	3.154339064	28.48374837
chr7	8843938	4.462325319	28.48375468
chr7	8843956	5.488006761	28.483835
chr7	8844099	6.43522644	28.48461978
chr7	8844151	6.589884296	28.48495441
chr7	8846242	6.70386389	28.49873386
chr7	8846349	6.836080279	28.49945118
chr7	8846454	4.19578354	28.50016896
chr7	8846508	4.240983927	28.50039554
chr7	8846525	5.104219703	28.50046763
chr7	8848128	5.113775442	28.5086497
chr7	8855348	5.822690982	28.54557116
chr7	8857486	5.737734122	28.55802007
chr7	8869474	5.042798328	28.62680403
chr7	8869580	4.758708385	28.62733856
chr7	8869648	4.474663239	28.62766215
chr7	8869649	3.168781586	28.62766663
chr7	8869672	3.142877335	28.62773951
chr7	8869703	3.159643652	28.62783694
chr7	8869734	2.74211279	28.62793489
chr7	8869741	2.690391723	28.62795408
chr7	8869758	2.68086154	28.62799982
chr7	8869820	2.662471196	28.62816603
chr7	8869845	3.26686123	28.6282326
chr7	8870090	3.187725698	28.62903298
chr7	8870112	3.169550292	28.62910311
chr7	8870181	6.623872828	28.62932181
chr7	8870183	6.640678701	28.62933505
chr7	8870213	6.674298315	28.62953427
chr7	8871770	6.481439525	28.63992616
chr7	8871779	4.92394642	28.63998449
chr7	8872179	5.045387026	28.64195407
chr7	8872202	1.593436094	28.64207011
chr7	8872385	1.575345187	28.64236171
chr7	8872425	1.443980248	28.64242472
chr7	8917741	1.465859132	28.70786013
chr7	9000355	1.41491312	28.82896062
chr7	9015747	1.390967111	28.85073896
chr7	9019110	1.419865612	28.85541678
chr7	9042538	1.399625178	28.8886814
chr7	9047880	1.380047353	28.89615819
chr7	9047886	1.360425627	28.89616647
chr7	9075312	1.010776137	28.93347751
chr7	9075321	0.9170164657	28.9334866
chr7	9075330	0.8666541325	28.93349486
chr7	9075334	0.7021063419	28.93349832
chr7	9075372	0.6891709767	28.933525
chr7	9075496	1.204785294	28.93361046
chr7	9076326	1.188117944	28.93461043
chr7	9102104	1.213886088	28.96523774
chr7	9103146	1.239269298	28.96650261
chr7	9103595	1.30611006	28.96705904
chr7	9103657	1.865696681	28.96714002
chr7	9103661	1.93047567	28.96714748
chr7	9166159	1.947205051	29.08779835
chr7	9238697	1.972230426	29.22904471
chr7	9238703	1.865120071	29.22905654
chr7	9238805	1.892000399	29.22924678
chr7	9238922	1.984922699	29.22946815
chr7	9238947	13.10928809	29.22951777
chr7	9239118	13.08823307	29.23175946
chr7	9239251	2.685928113	29.2335002
chr7	9258612	2.771511333	29.28550245
chr7	9258613	2.542302421	29.28550522
chr7	9258645	2.523477997	29.28558657
chr7	9258651	2.35680525	29.28560172
chr7	9258656	2.329107062	29.2856135
chr7	9258659	2.312525425	29.28562049
chr7	9279196	2.049552353	29.33311282
chr7	9279241	1.964042432	29.33320505
chr7	9279244	1.760374215	29.33321094
chr7	9279263	1.576397124	29.33324439
chr7	9279390	6.763545721	29.33344459
chr7	9279441	6.74393259	29.33378953
chr7	9279446	6.558828544	29.33382325
chr7	9279453	6.595638684	29.33386917
chr7	9279465	6.430306379	29.33394831
chr7	9279541	6.410228451	29.33443702
chr7	9279542	6.390626584	29.33444343
chr7	9279548	6.599926276	29.33448177
chr7	9279569	6.797496628	29.33462037
chr7	9279773	6.78061918	29.33600706
chr7	9280730	6.796129683	29.34249611
chr7	9280734	4.230895632	29.34252329
chr7	9280736	4.306705524	29.34253176
chr7	9280737	4.330495552	29.34253606
chr7	9282415	4.390097186	29.34980263
chr7	9282453	2.420529628	29.34996946
chr7	9282828	2.611483259	29.35087716
chr7	9282936	2.741225524	29.3511592
chr7	9323890	2.882561064	29.46342335
chr7	9323893	2.804814428	29.463432
chr7	9323908	2.943772784	29.46347407
chr7	9364545	2.96836583	29.58310016
chr7	9371697	3.064727275	29.60432991
chr7	9371753	2.989944464	29.60450154
chr7	9371792	4.586712086	29.60461815
chr7	9372205	4.613141174	29.60651246
chr7	9372244	4.225059683	29.60669237
chr7	9372262	8.169013588	29.60676842
chr7	9372538	13.88101204	29.60902307
chr7	9372594	13.84347938	29.60980041
chr7	9372697	13.75989914	29.61122629
chr7	9373114	13.73897745	29.61696416
chr7	9373118	16.29700555	29.61701912
chr7	9373128	10.96798978	29.61718209
chr7	9373143	12.69342769	29.61734661
chr7	9373154	12.58871758	29.61748624
chr7	9373187	14.25698018	29.61790166
chr7	9373256	16.09378069	29.6188854
chr7	9373488	18.0956039	29.62261915
chr7	9373744	18.08404414	29.62725163
chr7	9373796	20.21618673	29.628192
chr7	9373805	20.24191852	29.62837394
chr7	9373836	20.21461253	29.62900144
chr7	9373916	22.96631091	29.63061861
chr7	9373938	22.95851582	29.63112387
chr7	9374796	23.33307598	29.65082228
chr7	9375066	21.54021349	29.65712221
chr7	9375133	19.78817668	29.6585654
chr7	9375152	19.75078973	29.65894138
chr7	9375206	15.83574175	29.66000792
chr7	9375209	14.13066036	29.66005543
chr7	9375404	12.74543313	29.66281091
chr7	9375413	7.73064616	29.66292562
chr7	9375825	7.892967728	29.66611064
chr7	9375834	6.763696579	29.66618168
chr7	9375846	6.850660956	29.66626284
chr7	9375938	6.917691997	29.6668931
chr7	9378201	5.773774249	29.68254784
chr7	9378228	4.833577795	29.68270373
chr7	9378268	5.005217896	29.68289708
chr7	9378279	5.096230273	29.68295213
chr7	9378283	5.446928381	29.68297252
chr7	9379628	5.521624511	29.69029864
chr7	9380651	5.510326401	29.69594726
chr7	9425642	6.173812447	29.94386235
chr7	9425658	6.538349922	29.94396113
chr7	9425663	8.020727729	29.94399383
chr7	9425784	8.172234011	29.94496433
chr7	9425806	9.131750875	29.94514412
chr7	9426035	9.196648119	29.94723529
chr7	9427372	9.214383726	29.95953121
chr7	9427415	9.261352849	29.95992743
chr7	9427420	9.239653486	29.95997374
chr7	9428122	9.244486844	29.96645998
chr7	9428152	9.17032815	29.96673731
chr7	9428254	9.51968207	29.96767268
chr7	9428256	9.610536805	29.96769172
chr7	9428260	10.34629705	29.96773016
chr7	9428475	10.28132259	29.96995462
chr7	9428858	9.232383711	29.97389237
chr7	9430349	9.134308008	29.98765785
chr7	9430459	9.228617254	29.98866262
chr7	9430741	9.303752195	29.99126509
chr7	9432722	9.216760544	30.00969583
chr7	9432977	8.735980379	30.0120461
chr7	9433019	8.317884649	30.01241301
chr7	9433111	8.737230137	30.01317826
chr7	9433140	7.669294521	30.01343164
chr7	9433449	7.858819166	30.01580145
chr7	9433486	7.907234082	30.01609222
chr7	9433599	7.849467639	30.01698574
chr7	9433602	7.942264486	30.01700929
chr7	9434045	8.214921702	30.02052771
chr7	9434133	8.26389157	30.02125063
chr7	9434144	8.463010103	30.02134153
chr7	9442985	8.522624416	30.096163
chr7	9443144	8.928450583	30.0975181
chr7	9443167	9.041637123	30.09772345
chr7	9453629	9.006160979	30.19231706
chr7	9453642	8.821423561	30.19243414
chr7	9453648	8.690213539	30.19248707
chr7	9483511	8.820200427	30.45200292
chr7	9500817	12.23806295	30.60464531
chr7	9500818	12.42951234	30.60465754
chr7	9500820	16.70994006	30.6046824
chr7	9500829	18.45611584	30.60483279
chr7	9502005	18.12952389	30.62653718
chr7	9502466	15.85680849	30.63489489
chr7	9502483	18.89777442	30.63516446
chr7	9502632	18.60984946	30.63798023
chr7	9502655	18.55664003	30.63840826
chr7	9502753	18.42191999	30.64022681
chr7	9502999	16.81314519	30.6447586
chr7	9503010	16.38389429	30.64494354
chr7	9503039	16.00193713	30.64541868
chr7	9503040	15.95196721	30.64543468
chr7	9503145	14.44432854	30.64710963
chr7	9503157	16.68035856	30.64728297
chr7	9503176	16.63115175	30.64759989
chr7	9503483	16.70538136	30.65270566
chr7	9503492	16.6308966	30.65285601
chr7	9504255	16.66778793	30.66554538
chr7	9504343	16.70569321	30.66701214
chr7	9504537	15.30114279	30.67025305
chr7	9504552	15.18619371	30.67048257
chr7	9504697	9.228373916	30.67268456
chr7	9504734	7.354947681	30.67302601
chr7	9505142	7.316219941	30.67602683
chr7	9507664	7.269975328	30.69447834
chr7	9507732	6.745395457	30.6949727
chr7	9507747	6.094046724	30.69507388
chr7	9507760	5.035166061	30.6951531
chr7	9507790	2.603662864	30.69530416
chr7	9507808	2.463161888	30.69535102
chr7	9507832	2.437125786	30.69541014
chr7	9507867	2.77784186	30.69549544
chr7	9507902	2.705139111	30.69559266
chr7	9507905	4.211679838	30.69560078
chr7	9507983	4.078372528	30.69592929
chr7	9508038	3.96558431	30.6961536
chr7	9508042	4.595872164	30.69616946
chr7	9513481	4.565320626	30.72116641
chr7	9513511	4.522175615	30.72130337
chr7	9513512	3.28113939	30.72130789
chr7	9513822	3.822308069	30.72232505
chr7	9513830	4.082155421	30.72235562
chr7	9514123	2.84896531	30.7235517
chr7	9514145	2.869058528	30.72361437
chr7	9514238	3.087993909	30.72388119
chr7	9514241	3.397094538	30.72389046
chr7	9516767	3.417503795	30.73247152
chr7	9517243	3.594561856	30.73409825
chr7	9534097	3.507991789	30.794681
chr7	9534611	2.507314595	30.7964841
chr7	9536635	1.778707126	30.80155891
chr7	9536637	1.805995746	30.80156247
chr7	9536683	1.577313746	30.80164554
chr7	9536692	1.519063809	30.80165974
chr7	9536715	1.291310192	30.80169468
chr7	9538894	1.44488223	30.80450844
chr7	9538904	1.466487992	30.80452289
chr7	9538919	1.477815106	30.80454489
chr7	9539043	1.548299697	30.80472814
chr7	9539098	1.571812287	30.80481329
chr7	9540712	1.595586566	30.8073502
chr7	9540916	1.619394336	30.8076757
chr7	9540971	1.644680553	30.80776476
chr7	9541069	1.73376834	30.80792594
chr7	9541761	1.978478635	30.80912571
chr7	9543415	1.995748093	30.81239811
chr7	9677317	1.897128632	31.07963278
chr7	9677322	1.915800339	31.07964226
chr7	9685694	1.720994116	31.09568134
chr7	9685713	1.822541069	31.09571404
chr7	9685729	2.024376596	31.0957432
chr7	9685756	2.019998962	31.09579786
chr7	9685784	1.994225598	31.09585442
chr7	9685876	1.951390423	31.09603789
chr7	9685942	1.940272766	31.09616668
chr7	9686253	1.826833633	31.09677011
chr7	9686284	1.803442124	31.09682674
chr7	9688771	1.780438764	31.1013119
chr7	9688818	1.775823029	31.10139558
chr7	9696042	1.81071656	31.11422412
chr7	9696053	1.820496989	31.11424404
chr7	9696349	1.802549137	31.11478291
chr7	9698408	2.40683957	31.11849436
chr7	9698476	3.208309698	31.11865802
chr7	9698478	2.93788264	31.11866444
chr7	9698816	2.958040707	31.11965744
chr7	9698938	2.940401483	31.12001832
chr7	9700583	2.94015599	31.12485528
chr7	9700749	2.993949419	31.12534335
chr7	9700768	2.938593414	31.12540024
chr7	9700819	2.938798207	31.1255501
chr7	9702871	2.426607683	31.13158052
chr7	9702881	2.292933917	31.13160478
chr7	9702924	2.302016433	31.13170338
chr7	9702935	2.295628873	31.1317287
chr7	9703852	2.316551895	31.13383379
chr7	9703932	2.39564609	31.13401912
chr7	9704016	2.435352877	31.13422035
chr7	9704046	1.842077709	31.13429341
chr7	9751019	1.77047194	31.22082133
chr7	9751664	1.79964033	31.22196328
chr7	9752573	1.803248424	31.22359916
chr7	9753116	1.891274064	31.22457832
chr7	9753155	1.876868237	31.22465208
chr7	9753225	1.813895862	31.22478346
chr7	9753298	1.940799067	31.22491588
chr7	9754556	1.926459627	31.2273574
chr7	9754978	1.949667863	31.22817037
chr7	9755043	1.98191142	31.2282971
chr7	9755082	2.044426754	31.22837439
chr7	9755083	2.15694409	31.22837643
chr7	9755165	2.301220274	31.2285533
chr7	9755481	2.243216698	31.22928049
chr7	9761693	2.327990515	31.24321535
chr7	9861210	11.38842269	31.47488998
chr7	9861211	11.35652784	31.47490137
chr7	9861591	2.797239734	31.47921685
chr7	9861601	2.743125997	31.47924482
chr7	9861607	2.710735827	31.47926128
chr7	9861685	3.211019001	31.47947272
chr7	9861969	15.57825109	31.48038465
chr7	9862024	15.58993698	31.48124145
chr7	9868631	15.01735808	31.58424417
chr7	9868700	13.99294133	31.58528037
chr7	9868768	13.48540463	31.58623189
chr7	9868771	13.01781592	31.58627234
chr7	9868821	10.50199969	31.58692323
chr7	9869017	5.781317409	31.58898162
chr7	9869848	7.462248328	31.5937859
chr7	9869863	3.318724073	31.59389783
chr7	9869888	3.310080709	31.5939808
chr7	9871796	1.712165236	31.60029643
chr7	9871884	1.490417144	31.60044711
chr7	9871885	1.638872246	31.6004486
chr7	9871925	1.64598869	31.60051415
chr7	9956207	1.676220558	31.73924137
chr7	9956411	2.225598145	31.73958332
chr7	9956537	3.327900359	31.73986374
chr7	9956558	3.604533136	31.73993363
chr7	9962195	3.636776392	31.76025238
chr7	9962231	3.630249005	31.76038331
chr7	9962232	3.662456115	31.76038694
chr7	9962404	3.694715058	31.76101688
chr7	9964575	3.850676697	31.76903811
chr7	9991727	3.91110707	31.87359168
chr7	9995630	3.851802033	31.88885673
chr7	9995649	3.395396439	31.88892992
chr7	10064173	3.171794555	32.12159606
chr7	10064202	3.156451616	32.12168804
chr7	10069122	2.713852351	32.13721778
chr7	10069181	2.265515982	32.1373779
chr7	10069279	2.048448638	32.13759992
chr7	10078206	2.075810685	32.15588642
chr7	10079025	1.643570968	32.15758651
chr7	10079026	1.669622217	32.15758816
chr7	10079063	1.697537593	32.15764993
chr7	10079085	1.786749874	32.15768728
chr7	10081284	1.732778677	32.16161634
chr7	10169817	1.629510564	32.31502444
chr7	10169829	1.651577094	32.31504399
chr7	10169974	1.626734438	32.31528347
chr7	10169988	1.646709315	32.31530624
chr7	10169990	1.653121375	32.31530954
chr7	10208236	1.603516682	32.37853482
chr7	10208270	1.604076633	32.37858934
chr7	10208272	1.633343819	32.37859254
chr7	10208276	1.684982419	32.37859908
chr7	10208294	1.660209659	32.37862941
chr7	10208319	1.660102427	32.37867091
chr7	10208320	2.579630834	32.37867257
chr7	10211368	2.495124399	32.38653529
chr7	10211790	13.07120537	32.38758823
chr7	10211810	13.05726044	32.38784965
chr7	10212114	1.556839506	32.39181906
chr7	10212126	1.57156076	32.39183774
chr7	10212164	1.557635769	32.39189746
chr7	10212178	1.57968547	32.39191927
chr7	10212213	1.624486721	32.39197456
chr7	10212241	1.716643075	32.39202004
chr7	10236575	1.739977721	32.43379284
chr7	10324825	4.542965171	32.58734587
chr7	10324836	4.51237953	32.58739584
chr7	10325632	4.482247957	32.5909877
chr7	10325651	4.451881868	32.59107286
chr7	10325653	4.421516315	32.59108176
chr7	10325680	4.330414825	32.59120114
chr7	10326055	1.983111577	32.59282505
chr7	10326069	1.938619183	32.59285281
chr7	10326072	2.023886014	32.59285863
chr7	10331806	2.027366434	32.60446359
chr7	10333608	2.014331057	32.60811691
chr7	10334154	2.032187625	32.60921673
chr7	10334419	1.642870908	32.60975526
chr7	10334431	1.660977681	32.60977497
chr7	10334434	1.585052038	32.60977996
chr7	10334447	1.67017151	32.60980056
chr7	10334454	1.672348348	32.60981225
chr7	10334492	1.658895899	32.6098758
chr7	10334496	1.645904141	32.60988244
chr7	10334713	1.649727157	32.6102396
chr7	10451362	1.206711968	32.80267862
chr7	10451421	1.172690917	32.80274982
chr7	10453911	1.166800275	32.80566982
chr7	10524839	0.9150011601	32.88842863
chr7	10524930	0.8393619879	32.8885119
chr7	10524954	0.771759827	32.88853204
chr7	10524957	0.737091278	32.88853436
chr7	10525881	0.7198378948	32.88921543
chr7	10525896	0.737706493	32.88922623
chr7	10525926	0.7094686737	32.88924836
chr7	10526118	0.7286439998	32.88938457
chr7	10526169	0.7905027676	32.88942174
chr7	10527215	0.898593081	32.8902486
chr7	10527230	0.8669511131	32.89026208
chr7	10527252	0.8907626647	32.89028115
chr7	10672042	1.864022799	33.01925468
chr7	10672045	5.502989688	33.01926027
chr7	10672066	5.549625163	33.01937583
chr7	10674917	4.315713441	33.03519782
chr7	10674929	5.021255113	33.0352496
chr7	10675006	5.126785403	33.03563624
chr7	10675214	5.12323947	33.03670261
chr7	10675222	5.499166451	33.0367436
chr7	10675225	5.476223404	33.0367601
chr7	10675345	5.880225515	33.03741724
chr7	10675346	6.394867464	33.03742312
chr7	10675379	6.485782357	33.03763415
chr7	10704683	6.109767026	33.22769352
chr7	10704716	5.9923794	33.22789514
chr7	10707651	5.472195948	33.24548277
chr7	10707676	5.256589432	33.24561958
chr7	10707691	9.526485444	33.24569843
chr7	10708112	9.581582522	33.24970908
chr7	10708598	11.37222	33.25436573
chr7	10708612	11.68604437	33.25452494
chr7	10708630	7.579083181	33.25473529
chr7	10708733	7.195189973	33.25551593
chr7	10709148	7.102268254	33.25850194
chr7	10709529	7.82530979	33.2612079
chr7	10710079	7.726400689	33.26551182
chr7	10710321	7.42045394	33.26738161
chr7	10710349	9.112319714	33.26758938
chr7	10710375	5.972914776	33.2678263
chr7	10710448	6.007308633	33.26826233
chr7	10713117	6.015311071	33.28429583
chr7	10713121	6.087671934	33.28431989
chr7	10713131	4.839289111	33.28438077
chr7	10713301	4.748374219	33.28520345
chr7	10713304	5.289628008	33.2852177
chr7	10713372	4.392496974	33.28557739
chr7	10713392	4.941255997	33.28566524
chr7	10713395	4.151564858	33.28568006
chr7	10713432	5.380299472	33.28583367
chr7	10718514	18.99584177	33.31317635
chr7	10718767	17.71850927	33.3179823
chr7	10718842	16.73552713	33.31931119
chr7	10718846	5.718828307	33.31937813
chr7	10719553	3.229959888	33.32342134
chr7	10719598	2.838225486	33.32356669
chr7	10728044	4.159679899	33.34753834
chr7	10728050	4.721098978	33.3475633
chr7	10729249	4.472393256	33.3532239
chr7	10729269	5.174138537	33.35331335
chr7	10729326	5.530032052	33.35360827
chr7	10730855	5.52343463	33.36206369
chr7	10733262	6.321162955	33.3753586
chr7	10733379	14.84383601	33.37609818
chr7	10733862	14.44514218	33.38326775
chr7	10733957	14.45392499	33.38464004
chr7	10734182	8.895763759	33.38789217
chr7	10734191	7.999263993	33.38797223
chr7	10734923	1.376472983	33.39382769
chr7	10810266	1.400397224	33.4975353
chr7	10810345	1.355130171	33.49764593
chr7	10810388	1.31157355	33.4977042
chr7	10810416	1.391920196	33.49774092
chr7	10810521	1.545756511	33.49788708
chr7	10810689	1.861693097	33.49814676
chr7	10810701	1.833418577	33.4981691
chr7	10851207	1.900233976	33.57243356
chr7	10851214	3.587646006	33.57244686
chr7	10851232	3.55819129	33.57251143
chr7	10853290	3.529245505	33.57983419
chr7	10853326	3.313464406	33.57996125
chr7	10853474	3.269739565	33.58045164
chr7	10854337	2.024878067	33.58327342
chr7	10854390	1.967511957	33.58338074
chr7	10854529	1.798138364	33.58365423
chr7	10854953	1.779625629	33.58441664
chr7	10856157	1.884858156	33.58655931
chr7	10856189	1.128583407	33.58661962
chr7	10856654	0.9581776017	33.58714441
chr7	10856690	0.9311244982	33.58717891
chr7	10856699	0.9031938569	33.58718729
chr7	10856860	0.910317166	33.5873327
chr7	10856887	0.9989583731	33.58735728
chr7	10856907	1.178262602	33.58737726
chr7	10936181	1.135818192	33.68078285
chr7	10936798	1.276310302	33.68148365
chr7	10952144	1.080534015	33.70106991
chr7	10952188	1.1133437	33.70111745
chr7	10952225	1.077443886	33.70115864
chr7	10953399	1.110446725	33.70242356
chr7	10954374	1.070887622	33.70350625
chr7	10954407	1.022310901	33.70354159
chr7	10954433	0.9983240747	33.70356817
chr7	10954463	0.6131408736	33.70359812
chr7	11056789	0.6143343398	33.76633837
chr7	11056841	0.5806768183	33.76637032
chr7	11057269	0.5478671312	33.76661885
chr7	11057270	0.4808328336	33.76661939
chr7	11057295	0.4636892647	33.76663141
chr7	11057865	0.5395574387	33.76689572
chr7	11059444	0.4916555258	33.76774768
chr7	11059480	0.5446164843	33.76776538
chr7	11059538	0.5347662389	33.76779697
chr7	11124006	0.462311716	33.80227228
chr7	11124022	0.4419852441	33.80227967
chr7	11124152	0.4216676362	33.80233713
chr7	11126178	0.4128558011	33.80319143
chr7	11126208	0.4148062104	33.80320381
chr7	11126223	0.4021657442	33.80321004
chr7	11126502	0.4181308952	33.80332224
chr7	11126505	0.4093480858	33.8033235
chr7	11126516	0.4252942603	33.803328
chr7	11126522	0.4143781291	33.80333055
chr7	11126530	0.3553807701	33.80333387
chr7	11126546	0.2791773538	33.80333955
chr7	11143945	0.2700873072	33.80819696
chr7	11143949	0.2461647403	33.80819804
chr7	11144005	0.1653518418	33.80821182
chr7	11144039	0.2002449867	33.80821745
chr7	11145418	0.1608668436	33.80849358
chr7	11197647	0.2322940988	33.8168955
chr7	11340859	0.2164972819	33.8501628
chr7	11342452	0.1061969269	33.85050768
chr7	11342490	0.129872677	33.85051172
chr7	11342723	0.1221748037	33.85054198
chr7	11342784	0.1339913373	33.85054943
chr7	11345254	0.1459426352	33.85088039
chr7	11345418	0.1579007313	33.85090432
chr7	11423719	0.1742515025	33.86326811
chr7	11455975	0.317980027	33.86888876
chr7	11633731	4.479274942	33.92541162
chr7	11634551	0.319226281	33.92908463
chr7	11634552	0.2999199085	33.92908495
chr7	11634576	0.3463274458	33.92909214
chr7	11634632	0.4290392125	33.92911154
chr7	11634656	0.5112578603	33.92912184
chr7	11634763	0.5895660476	33.92917654
chr7	11672918	0.573673972	33.95167143
chr7	11676235	1.312303592	33.95357431
chr7	11676315	1.889433847	33.95367929
chr7	11676589	1.72515311	33.954197
chr7	11678751	1.70967714	33.95792678
chr7	11678790	1.631368953	33.95799346
chr7	11680175	1.621208293	33.9602529
chr7	11680182	1.545652759	33.96026425
chr7	11680202	1.535436791	33.96029516
chr7	11680577	1.46184087	33.96087095
chr7	11680582	1.451636392	33.96087826
chr7	11681281	0.7683873703	33.96189296
chr7	11681500	0.8003073598	33.96206123
chr7	11681540	0.1487827182	33.96209325
chr7	11724771	0.08676579813	33.96852527
chr7	11724884	0.09233036005	33.96853508
chr7	11731269	0.118967574	33.9691246
chr7	11898483	0.1200426759	33.98901765
chr7	11899139	0.1168751675	33.9890964
chr7	11900813	0.1343435924	33.98929205
chr7	11900924	0.1458925409	33.98930696
chr7	12027704	0.1525822106	34.00780321
chr7	12027765	0.2186473727	34.00781252
chr7	12027780	0.2371065856	34.0078158
chr7	12037615	0.2446970361	34.01014774
chr7	12037896	0.2246655574	34.0102165
chr7	12107148	0.2046732285	34.02577504
chr7	12335623	0.2570822434	34.07253776
chr7	12484728	0.179260647	34.11087001
chr7	12484805	0.392187794	34.11088381
chr7	12484925	0.4475688551	34.11093087
chr7	12511844	0.4419254409	34.12297898
chr7	12513865	0.4500713487	34.12387211
chr7	12513880	3.64274913	34.12387886
chr7	12513914	3.524308972	34.12400272
chr7	12515012	0.4786600644	34.12787241
chr7	12538128	0.4692254851	34.13893711
chr7	12538201	0.4653382041	34.13897137
chr7	12538426	0.3174778655	34.13907607
chr7	12538431	0.321055698	34.13907765
chr7	12538553	0.3240773735	34.13911682
chr7	12538565	0.2703965531	34.13912071
chr7	12538623	0.2812385698	34.1391364
chr7	12538657	0.2793528511	34.13914596
chr7	12799570	0.2748280766	34.21203275
chr7	12856615	0.2430871589	34.22771032
chr7	12856620	0.218691537	34.22771153
chr7	12856634	0.219419669	34.22771459
chr7	12856653	0.3121065646	34.22771876
chr7	12856654	0.3011089524	34.22771907
chr7	12893850	0.208422054	34.23891912
chr7	12893875	0.1997835148	34.23892433
chr7	12893887	0.2236144882	34.23892673
chr7	12893894	0.2254480484	34.2389283
chr7	12915018	0.2293938116	34.24369066
chr7	13038546	0.2277335205	34.27202722
chr7	13038559	0.2039025471	34.27203018
chr7	13091491	0.1982204694	34.28282315
chr7	13123863	0.2073367434	34.28923994
chr7	13162217	0.2098013307	34.29719214
chr7	13162220	0.2167830248	34.29719276
chr7	13312368	0.2307922486	34.3297423
chr7	13312425	0.2259075146	34.32975546
chr7	13313532	0.2352709287	34.33000554
chr7	13313554	0.2277251318	34.33001071
chr7	13392363	0.2853662121	34.3479575
chr7	13392382	0.3168030186	34.34796292
chr7	13392396	0.3095809122	34.34796736
chr7	13392427	0.3055431701	34.34797696
chr7	13417366	0.3489636704	34.3555969
chr7	13448506	0.3579330466	34.36646363
chr7	13448547	0.3541443182	34.3664783
chr7	13448561	0.3407744714	34.36648326
chr7	13496768	0.2916354198	34.38291098
chr7	13496867	0.2857100433	34.38293985
chr7	13496876	0.2807483893	34.38294242
chr7	13499856	0.270537172	34.38377905
chr7	13500213	0.3093973452	34.38387563
chr7	13502052	0.2529292908	34.38444461
chr7	13502076	0.2156436858	34.38445068
chr7	13502094	0.2344046008	34.38445456
chr7	13583523	0.2242483973	34.4035419
chr7	13583643	0.2336265073	34.40356881
chr7	13583799	0.1993099319	34.40360525
chr7	13588775	0.2280869736	34.40459702
chr7	13588933	0.2467642426	34.40463306
chr7	13679528	0.2325656941	34.42698866
chr7	13679534	0.2269786155	34.42699006
chr7	13679538	0.1889269116	34.42699097
chr7	13679585	0.1981868564	34.42699985
chr7	13681545	0.17889466	34.42738829
chr7	13681739	0.2935445497	34.427423
chr7	13681756	0.3066163016	34.42742799
chr7	13681773	0.3024380061	34.4274332
chr7	13681795	0.3088761629	34.42743985
chr7	13685863	0.2827723096	34.42869636
chr7	13728261	0.2810458757	34.44068534
chr7	13739646	0.2215077445	34.44388505
chr7	13740588	0.3997319112	34.44409371
chr7	13740593	0.4284685261	34.44409571
chr7	13740617	0.4321218095	34.44410599
chr7	13901392	0.42109338	34.51358038
chr7	13921291	0.4020141476	34.52195971
chr7	13921303	0.5366075319	34.52196454
chr7	13945506	0.4768127859	34.53495205
chr7	13945517	0.4599890346	34.53495729
chr7	13945522	0.3898430307	34.53495959
chr7	13945523	0.3538363796	34.53495998
chr7	13945571	0.9248407717	34.53497697
chr7	13945580	0.9236473056	34.53498529
chr7	13945667	1.528890425	34.53506565
chr7	13945685	1.515934113	34.53509317
chr7	13945703	1.499125617	34.53512046
chr7	13945859	2.316601704	34.53535432
chr7	13949910	1.465534174	34.54473887
chr7	13951118	1.718741766	34.54650924
chr7	13951234	1.702374616	34.54670861
chr7	13951243	1.098145241	34.54672393
chr7	13951273	0.4841240998	34.54675688
chr7	13951280	4.071714696	34.54676027
chr7	13951283	4.085793734	34.54677248
chr7	13952241	2.23291993	34.55068667
chr7	13952254	2.292245989	34.5507157
chr7	13958540	1.227477127	34.56512476
chr7	13961858	1.238699259	34.56919753
chr7	13964189	1.25356159	34.57208494
chr7	13964377	1.283189633	34.5723206
chr7	13964616	6.78574381	34.57262729
chr7	13964654	7.59169348	34.57288515
chr7	13964734	7.256403771	34.57349248
chr7	13965226	7.347706829	34.57706263
chr7	13965230	5.441108144	34.57709202
chr7	13965235	6.528217222	34.57711923
chr7	13965662	6.543648582	34.57990678
chr7	13966171	2.95463566	34.58323749
chr7	13966228	2.881521648	34.58340591
chr7	13968848	2.964558126	34.59095549
chr7	13968962	2.979732683	34.59129345
chr7	13969012	2.218846916	34.59144244
chr7	13969027	2.146604972	34.59147572
chr7	13969031	1.253481895	34.59148431
chr7	14010350	1.219589653	34.64327693
chr7	14010362	1.166585746	34.64329156
chr7	14010368	1.059918602	34.64329856
chr7	14010395	1.187136152	34.64332718
chr7	14189082	6.826093496	34.85545298
chr7	14189117	7.251308673	34.85569189
chr7	14189128	8.93863389	34.85577166
chr7	14189130	9.40955851	34.85578953
chr7	14196158	8.90818893	34.92191991
chr7	14196163	11.77964464	34.92196445
chr7	14196164	11.20047509	34.92197623
chr7	14196168	10.71151259	34.92202103
chr7	14196521	10.65271157	34.9258022
chr7	14196777	8.730883932	34.92852929
chr7	14197020	9.912082399	34.9306509
chr7	14197044	9.498714815	34.93088879
chr7	14197093	9.051046818	34.93135422
chr7	14197116	25.80446687	34.9315624
chr7	14197122	24.45452357	34.93171722
chr7	14197212	24.03045536	34.93391813
chr7	14198644	18.08084632	34.96832974
chr7	14198660	8.968633133	34.96861904
chr7	14198719	9.017077301	34.96914819
chr7	14198731	9.560360403	34.96925639
chr7	14198767	9.578085598	34.96960056
chr7	14198788	5.945037304	34.9698017
chr7	14198791	6.042455925	34.96981954
chr7	14198798	5.318782538	34.96986184
chr7	14200161	2.031491764	34.97711134
chr7	14200927	2.081477622	34.97866746
chr7	14205070	2.121964195	34.98729102
chr7	14205077	1.578681093	34.98730588
chr7	14205197	1.639801982	34.98749532
chr7	14205200	1.25386919	34.98750024
chr7	14205223	1.294430067	34.98752908
chr7	14205369	1.301668869	34.98771806
chr7	14206520	0.9874468753	34.98921628
chr7	14206578	1.10244709	34.98927355
chr7	14206717	1.163009742	34.98942679
chr7	14269079	1.157112105	35.06195441
chr7	14269258	1.324304506	35.06216153
chr7	14269259	7.281274346	35.06216286
chr7	14269355	7.227649246	35.06286186
chr7	14269848	1.367815258	35.06642509
chr7	14269887	1.257309021	35.06647843
chr7	14269900	1.3722487	35.06649478
chr7	14269953	1.268328663	35.06656751
chr7	14289828	1.197298641	35.09177554
chr7	14289879	1.030106237	35.0918366
chr7	14290122	1.039098255	35.09208692
chr7	14290137	0.8739639242	35.0921025
chr7	14290223	0.9529065442	35.09217767
chr7	14290226	0.7022525576	35.09218052
chr7	14290321	1.620863428	35.09224724
chr7	14290355	1.734397372	35.09230235
chr7	14290359	1.788202784	35.09230929
chr7	14290361	1.727962496	35.09231286
chr7	14290371	1.76129075	35.09233014
chr7	14290393	1.832538698	35.09236889
chr7	14290433	2.22191246	35.09244219
chr7	14294139	2.230910908	35.1006766
chr7	14391125	2.218697602	35.31704372
chr7	14391220	2.175155111	35.3172545
chr7	14391370	2.126647519	35.31758077
chr7	14391433	1.817802698	35.31771475
chr7	14392567	1.937456689	35.31977614
chr7	14393274	1.864858767	35.32114592
chr7	14393317	1.992379201	35.32122611
chr7	14393357	2.004570456	35.32130581
chr7	14393670	1.997234798	35.32193324
chr7	14393687	2.009805256	35.32196719
chr7	14393817	1.984296022	35.32222847
chr7	14393951	2.002281043	35.32249436
chr7	14591979	1.973605869	35.71900207
chr7	14591980	1.964661557	35.71900404
chr7	14592045	2.03315991	35.71913175
chr7	14630075	2.260869681	35.79645282
chr7	14630183	2.22602324	35.79669699
chr7	14630215	2.167727305	35.79676823
chr7	14630226	2.248519147	35.79679207
chr7	14642721	2.234815931	35.82488732
chr7	14642722	2.428976992	35.82488955
chr7	14666075	2.767652479	35.88161345
chr7	14667894	3.591660919	35.88664781
chr7	14667955	3.999589859	35.8868669
chr7	14668381	3.800987051	35.88857073
chr7	14668447	3.739634236	35.88882159
chr7	14673437	3.718406946	35.90748237
chr7	14673537	4.564498045	35.90785421
chr7	14673551	4.552277362	35.90791811
chr7	14675647	4.530524831	35.91745969
chr7	14676153	4.508739018	35.91975213
chr7	14676154	4.004932169	35.91975664
chr7	14676156	3.972097162	35.91976465
chr7	14676175	6.231056411	35.91984012
chr7	14677280	1.420792798	35.92672544
chr7	14677286	1.507621558	35.92673396
chr7	14677298	1.376030575	35.92675205
chr7	14677310	1.408901762	35.92676857
chr7	14677330	1.324333043	35.92679674
chr7	14776360	1.1102878	36.05794544
chr7	14776383	1.087100329	36.05797098
chr7	14777072	1.091329194	36.05871999
chr7	14777345	1.44124409	36.05901793
chr7	14778947	2.29231483	36.0613268
chr7	14778955	3.245583613	36.06134514
chr7	14779020	4.548703905	36.0615561
chr7	14781133	4.650738629	36.07116751
chr7	14782512	1.299699957	36.07758088
chr7	14847860	1.350199797	36.16251367
chr7	14899613	1.556894914	36.23239056
chr7	14899619	1.551235437	36.23239991
chr7	14899973	1.522731186	36.23294904
chr7	14900037	1.435570672	36.2330465
chr7	14901689	1.406641646	36.23541806
chr7	14916038	1.150994516	36.25560196
chr7	14916041	1.140353413	36.25560541
chr7	14916119	0.7991146553	36.25569436
chr7	14916121	0.7739810698	36.25569596
chr7	14916131	0.7169104507	36.2557037
chr7	14916169	0.7114012937	36.25573094
chr7	14916186	0.6009660575	36.25574304
chr7	14916226	0.597160106	36.25576707
chr7	14916293	4.747857904	36.25580708
chr7	14916302	5.986104657	36.25584982
chr7	14916502	5.906339552	36.25704704
chr7	14916510	5.899749871	36.25709429
chr7	14916591	7.293643949	36.25757217
chr7	14916627	7.288318269	36.25783474
chr7	14917665	14.3363187	36.26540001
chr7	14919031	13.07297148	36.28498342
chr7	14919055	9.96280154	36.28529717
chr7	14919707	8.947460888	36.29179292
chr7	14919709	2.200543933	36.29181082
chr7	14919819	2.599395687	36.29205288
chr7	14919854	1.673479233	36.29214385
chr7	14919891	2.102027967	36.29220577
chr7	14927936	1.285271311	36.30911659
chr7	14927999	0.573595871	36.30919756
chr7	14928102	0.581019932	36.30925664
chr7	14928211	0.5907858579	36.30931997
chr7	14928391	0.6001354329	36.30942631
chr7	14928405	5.027140619	36.30943472
chr7	14928422	5.032498602	36.30952018
chr7	14928463	4.668602974	36.30972651
chr7	14929013	4.646155595	36.31229424
chr7	14929098	4.635926716	36.31268916
chr7	14929197	0.3087947781	36.31314812
chr7	14929347	0.3040869434	36.31319444
chr7	14929385	12.36245389	36.313206
chr7	14929416	12.38411667	36.31358923
chr7	14929673	0.6229400966	36.31677195
chr7	14971269	0.6313291792	36.34268377
chr7	14971272	0.6419090534	36.34268566
chr7	14971890	0.5626248275	36.34308236
chr7	14972002	0.5671890289	36.34314537
chr7	14972090	0.5861457071	36.34319529
chr7	14972120	0.6950771431	36.34321287
chr7	14972135	0.7221924541	36.3432233
chr7	14972186	0.7518022392	36.34326013
chr7	14972213	0.7624127534	36.34328043
chr7	14972216	0.8028516914	36.34328271
chr7	15088543	0.7959151187	36.43667604
chr7	15088563	0.8124443866	36.43669196
chr7	15088568	0.7611746191	36.43669602
chr7	15088623	0.6815434588	36.43673789
chr7	15088711	0.698349906	36.43679786
chr7	15088750	0.7143598371	36.4368251
chr7	15088758	0.694043905	36.43683081
chr7	15088766	0.6644628277	36.43683637
chr7	15088821	0.6975623042	36.43687291
chr7	15088941	0.7141215808	36.43695662
chr7	15088944	0.5990160287	36.43695876
chr7	15281242	0.5780969835	36.55214835
chr7	15289744	0.5672391236	36.55706333
chr7	15289832	0.5637895137	36.55711324
chr7	15293824	0.5835651909	36.55936389
chr7	15293851	0.556042228	36.55937965
chr7	15297143	0.4276184706	36.56121014
chr7	15299684	0.5411952593	36.56229672
chr7	15299702	0.6525386818	36.56230646
chr7	15301949	0.680112288	36.56377271
chr7	15304096	0.7341527228	36.56523291
chr7	15304139	0.7487639895	36.56526448
chr7	15304143	0.7877586578	36.56526748
chr7	15304726	0.808165929	36.56572674
chr7	15304763	0.9373848455	36.56575664
chr7	15305187	1.026832152	36.56615409
chr7	15384589	2.767859395	36.64768662
chr7	15392494	2.057148902	36.66956655
chr7	15392557	1.186465447	36.66969615
chr7	15392578	0.8142364385	36.66972107
chr7	15392614	0.6411712997	36.66975038
chr7	15392661	0.6603986453	36.66978051
chr7	15393628	0.6352741459	36.67041912
chr7	15393670	0.648407644	36.6704458
chr7	15393753	0.7092712619	36.67049962
chr7	15393837	0.7198949202	36.6705592
chr7	15451811	0.6617102477	36.71229439
chr7	15451818	0.6678846318	36.71229902
chr7	15451835	0.6781574126	36.71231037
chr7	15451864	0.581971515	36.71233004
chr7	15458953	0.6419499361	36.71645563
chr7	15458982	0.6441710893	36.71647425
chr7	15459005	0.6879564566	36.71648907
chr7	15459242	0.7144869908	36.71665211
chr7	15460057	0.7236697728	36.71723442
chr7	15460236	0.8831987715	36.71736396
chr7	15462312	0.8239119201	36.71919748
chr7	15540099	0.7463409162	36.78328711
chr7	15540100	0.7806208973	36.78328786
chr7	15571887	2.525885481	36.80810146
chr7	15571972	2.599390526	36.80831616
chr7	15572430	2.609876159	36.80950668
chr7	15572510	2.777790794	36.80971547
chr7	15573884	2.95653792	36.81353215
chr7	15573953	1.28776998	36.81373615
chr7	15574037	1.257474337	36.81384433
chr7	15590143	1.267672378	36.83409721
chr7	15590195	1.282814359	36.83416313
chr7	15591577	1.363555032	36.83593598
chr7	15592260	1.193618392	36.83686728
chr7	15592301	1.219082066	36.83691622
chr7	15592344	1.184044572	36.83696864
chr7	15593172	0.8548198794	36.83794903
chr7	15640674	0.7876089243	36.87855469
chr7	15655700	0.7699705122	36.8903893
chr7	15655785	0.79164695	36.89045474
chr7	15656063	0.7741558308	36.89067482
chr7	15656072	0.6880053801	36.89068179
chr7	15656078	0.7966277319	36.89068592
chr7	15656085	0.6873598686	36.89069149
chr7	15656107	0.66534588	36.89070662
chr7	15656180	0.6097822734	36.89075519
chr7	15656185	0.620615835	36.89075824
chr7	15656262	0.687290088	36.89080602
chr7	15656270	0.737354433	36.89081152
chr7	15656300	0.9447981313	36.89083364
chr7	15656302	1.001624809	36.89083553
chr7	15661015	1.06271155	36.89555619
chr7	15708312	0.9964254129	36.94581926
chr7	15709856	1.043661883	36.94735774
chr7	15709890	1.466287518	36.94739322
chr7	15710533	1.498488913	36.94833605
chr7	15710674	2.237698897	36.94854733
chr7	15710782	2.805778409	36.948789
chr7	15710880	3.317571866	36.94906397
chr7	15711299	3.309313469	36.95045403
chr7	15716743	3.281413115	36.96846994
chr7	15716851	2.686112827	36.96882433
chr7	15716972	1.554534711	36.96914935
chr7	15717177	1.927049348	36.96946803
chr7	15717191	1.870540283	36.96949501
chr7	15717208	1.862332804	36.96952681
chr7	15717454	1.801246064	36.96998494
chr7	15717494	8.441212378	36.97005699
chr7	15717507	8.357506563	36.97016672
chr7	15718020	1.358265544	36.97445413
chr7	15718348	1.375694548	36.97489964
chr7	15718365	1.36507089	36.97492302
chr7	15719746	1.784540447	36.97680819
chr7	15719792	1.819633283	36.97689028
chr7	15719854	1.85852458	36.97700309
chr7	15720816	1.452147973	36.97879099
chr7	15727242	1.441860921	36.9881225
chr7	15727256	1.099795779	36.98814268
chr7	15727375	1.252082757	36.98827356
chr7	15727382	1.328995745	36.98828232
chr7	15727659	1.372509958	36.98865045
chr7	15727763	0.9424644838	36.9887932
chr7	15804139	1.205706032	37.06077486
chr7	15804317	1.209851596	37.06098948
chr7	15804668	1.201485282	37.06141414
chr7	15805382	1.22840804	37.062272
chr7	15806890	1.184893827	37.06412444
chr7	15807092	1.18678886	37.06436378
chr7	15807104	1.5031183	37.06437803
chr7	15808413	1.464977353	37.06634561
chr7	15808418	1.348885837	37.06635293
chr7	15808448	1.284743188	37.0663934
chr7	15808454	1.246839994	37.06640111
chr7	15808481	1.20432807	37.06643477
chr7	15808503	1.122940045	37.06646127
chr7	15817235	1.370788027	37.07626678
chr7	15817236	1.107546476	37.07626815
chr7	15817276	1.076646025	37.07631245
chr7	15817281	0.9767127327	37.07631784
chr7	15817341	0.9898762676	37.07637644
chr7	15817561	1.016232421	37.07659421
chr7	15817599	2.33965534	37.07663283
chr7	15817628	2.827642	37.07670068
chr7	15817634	2.84082078	37.07671764
chr7	15818003	2.524491341	37.07776591
chr7	15818229	2.781323176	37.07833644
chr7	15827221	2.813781348	37.1033461
chr7	15827592	2.836662017	37.10439001
chr7	15827602	2.868073574	37.10441838
chr7	15827620	5.131780942	37.10447
chr7	15830070	5.102855071	37.11704287
chr7	15830357	4.832003113	37.11850739
chr7	15830374	3.493408088	37.11858953
chr7	15830403	1.399892641	37.11869084
chr7	15830984	0.4541004223	37.11950418
chr7	15830993	0.6126518772	37.11950827
chr7	15933440	0.5532709471	37.18227261
chr7	15939610	0.6058103494	37.18568629
chr7	15939617	0.5846590234	37.18569053
chr7	15939627	0.5538830845	37.18569638
chr7	16079114	0.5399879505	37.26295587
chr7	16079124	0.3749493924	37.26296127
chr7	16079148	0.3823006048	37.26297027
chr7	16079242	0.3512961555	37.26300621
chr7	16079252	0.3414586243	37.26300972
chr7	16079270	0.2994416628	37.26301586
chr7	16079287	0.3166580848	37.26302096
chr7	16279542	0.2349902512	37.32643332
chr7	16279619	0.2478234871	37.32645141
chr7	16279634	0.2180698075	37.32645513
chr7	16279635	0.2364067753	37.32645535
chr7	16280078	0.2287402335	37.32656008
chr7	16280099	0.311298005	37.32656488
chr7	16461069	0.3502261884	37.38290048
chr7	16547837	0.3300135564	37.41328891
chr7	16548012	0.2976494229	37.41334666
chr7	16548142	0.2940256236	37.41338535
chr7	16548197	0.2892185795	37.41340153
chr7	16548234	2.412610043	37.41341223
chr7	16548271	2.374064394	37.41350149
chr7	16548418	2.348410431	37.41385048
chr7	16549634	2.299473233	37.41670615
chr7	16549644	2.311282425	37.41672914
chr7	16549705	9.066635542	37.41687013
chr7	16549706	9.086886083	37.4168792
chr7	16549854	6.996141394	37.41822406
chr7	16549886	6.956590076	37.41844793
chr7	16549970	23.89777781	37.41903229
chr7	16550173	6.989270004	37.42388354
chr7	16550215	0.2322231906	37.42417708
chr7	16641910	0.1999754685	37.44547079
chr7	16641916	0.1209134268	37.44547199
chr7	16642041	0.1305733974	37.4454871
chr7	16642044	0.1710072658	37.4454875
chr7	16719604	0.1748091548	37.45875082
chr7	16719957	0.1583550787	37.45881253
chr7	16727311	0.08578937635	37.45997707
chr7	16728185	0.09041769899	37.46005205
chr7	16796434	0.132703486	37.46622297
chr7	16797655	0.1377604698	37.466385
chr7	16798363	0.1417527884	37.46648253
chr7	17113297	0.152844483	37.51112531
chr7	17113373	0.169529083	37.51113692
chr7	17116791	0.2199313435	37.51171637
chr7	17116800	0.242475438	37.51171835
chr7	17117359	0.2542890579	37.5118539
chr7	17381283	0.2539655993	37.57896688
chr7	17473093	0.3382104602	37.60228346
chr7	17473491	0.3521240432	37.60241807
chr7	17477044	0.3591412532	37.60366917
chr7	17477184	0.3821354078	37.60371945
chr7	17479386	0.4750245463	37.60456091
chr7	17479420	0.5726859294	37.60457706
chr7	17485439	0.5447152053	37.60802406
chr7	17485499	0.5689981948	37.60805674
chr7	17486968	0.5976080587	37.6088926
chr7	17487185	0.6172550552	37.60902228
chr7	17487192	0.6079471034	37.6090266
chr7	17487215	0.6570652699	37.60904058
chr7	17487276	0.7261772552	37.60908066
chr7	17519987	0.7338657837	37.63283465
chr7	17626351	0.7582078009	37.71089155
chr7	17626373	0.7547914424	37.71090823
chr7	17626414	0.7868412401	37.71093917
chr7	17626436	0.783039351	37.71095649
chr7	17627113	0.7597012033	37.7114866
chr7	17627121	0.9499935571	37.71149268
chr7	17627478	0.9024245948	37.71183183
chr7	17627499	1.004234548	37.71185078
chr7	17627503	1.000404616	37.7118548
chr7	17627522	0.9400860622	37.7118738
chr7	17628078	0.9156106882	37.71239649
chr7	17628085	0.9118142253	37.7124029
chr7	17628162	1.292420141	37.71247311
chr7	17628223	1.269256045	37.71255195
chr7	17628237	1.369394723	37.71256972
chr7	17661913	1.381818283	37.75868545
chr7	17661940	1.249694147	37.75872276
chr7	17661942	1.24600534	37.75872526
chr7	17661952	1.257255595	37.75873772
chr7	17662203	1.238393477	37.75905329
chr7	17662303	1.137410068	37.75917713
chr7	17662315	1.131130357	37.75919078
chr7	17662587	0.9434962294	37.75949845
chr7	17662607	0.8050779374	37.75951732
chr7	17662639	0.6914086475	37.75954308
chr7	17662666	0.4617309684	37.75956175
chr7	17662685	0.2410244827	37.75957052
chr7	17662688	0.2510155399	37.75957125
chr7	17662696	0.2322041595	37.75957325
chr7	17662701	0.2140209906	37.75957442
chr7	17662704	0.225520147	37.75957506
chr7	17662720	0.2132698937	37.75957867
chr7	17662742	0.2373068908	37.75958336
chr7	17662873	0.2347454588	37.75961445
chr7	17662899	0.2463480868	37.75962055
chr7	17662905	0.2727606804	37.75962203
chr7	17662985	0.2988055532	37.75964385
chr7	17663035	0.3045579667	37.75965879
chr7	17663042	0.3277771323	37.75966092
chr7	17663051	0.6070046255	37.75966387
chr7	17663063	0.6096787088	37.75967115
chr7	17663086	0.7542474174	37.75968518
chr7	17663103	0.7791823229	37.759698
chr7	17663256	0.8203594099	37.75981721
chr7	17663277	0.9719339378	37.75983444
chr7	17663281	1.031488637	37.75983833
chr7	17665263	1.064134261	37.76188274
chr7	17727981	1.001579567	37.82862311
chr7	17757812	1.036472376	37.85850123
chr7	17801276	1.045301836	37.90355047
chr7	17801370	1.036522261	37.90364873
chr7	17801606	1.057197351	37.90389334
chr7	17806174	0.7559298759	37.90872262
chr7	17806183	0.6159271921	37.90872943
chr7	17939417	0.5900503542	37.99079187
chr7	17939424	0.5776267945	37.990796
chr7	17939443	0.5517550059	37.99080697
chr7	17960010	0.5053273817	38.00215492
chr7	17960026	0.4937180726	38.002163
chr7	17960044	0.5659660758	38.00217189
chr7	17960045	0.8667902411	38.00217246
chr7	17960075	0.8781975811	38.00219846
chr7	17960094	0.8930835921	38.00221515
chr7	17967824	0.8959953588	38.00911868
chr7	17968188	0.8969048431	38.00944483
chr7	17968349	0.9591945774	38.00958923
chr7	17968352	1.02149557	38.0095921
chr7	17968361	1.103048	38.0096013
chr7	17968405	1.062857578	38.00964983
chr7	17968406	1.074040257	38.0096509
chr7	17968523	1.126471453	38.00977656
chr7	17968525	1.11568436	38.00977881
chr7	17968564	2.017822325	38.00982232
chr7	17968589	2.572641418	38.00987277
chr7	17968839	2.702886604	38.01051593
chr7	17968848	2.833163765	38.01054025
chr7	17969034	2.834859613	38.01106722
chr7	17969063	2.63891817	38.01114943
chr7	17969075	2.625004587	38.0111811
chr7	17969952	2.636232271	38.01348323
chr7	17970064	2.651787912	38.01377849
chr7	17974858	2.667181035	38.02649116
chr7	17974959	2.737901114	38.02676054
chr7	17975764	2.136365461	38.02896455
chr7	18007764	1.774759701	38.09732825
chr7	18011307	1.764873046	38.10361622
chr7	18011328	1.784423449	38.10365329
chr7	18011608	1.70432693	38.10415292
chr7	18023679	1.282697017	38.12472585
chr7	18023691	0.9854235665	38.12474125
chr7	18023698	0.8807669651	38.12474814
chr7	18023710	0.8154964721	38.12475871
chr7	18023714	0.6896719454	38.12476198
chr7	18023743	0.6856065669	38.12478198
chr7	18023842	0.7121069068	38.12484985
chr7	18023844	0.7349719453	38.12485128
chr7	18023884	0.7309002806	38.12488067
chr7	18187630	0.6962457764	38.24456267
chr7	18187676	0.6669390715	38.2445947
chr7	18187697	0.6477781917	38.24460871
chr7	18191699	0.6173365395	38.24720111
chr7	18191750	0.6085070795	38.2472326
chr7	18194021	0.6148384434	38.24861452
chr7	18194453	0.5543745221	38.24888013
chr7	18194505	0.5387414296	38.24890895
chr7	18195515	0.5099304556	38.24945308
chr7	18195574	0.5110219499	38.24948317
chr7	18197318	0.4928335996	38.25037439
chr7	18198833	0.4748066035	38.25112103
chr7	18199001	0.4811964043	38.2512008
chr7	18262308	0.4581784377	38.2816639
chr7	18262336	0.4480296793	38.28167673
chr7	18262358	0.4191400445	38.28168659
chr7	18262373	0.4226013447	38.28169288
chr7	18262379	0.4125622158	38.28169541
chr7	18262468	0.406808535	38.28173213
chr7	18262481	0.4156601652	38.28173742
chr7	18433930	0.3871641982	38.35300194
chr7	18478543	0.3736459604	38.37027449
chr7	18478549	0.3576974988	38.37027674
chr7	18478556	0.345372182	38.37027924
chr7	18478565	0.3437167563	38.37028235
chr7	18649650	0.3361240305	38.42908713
chr7	18651917	0.3306356234	38.42984912
chr7	18651942	0.3232102833	38.42985739
chr7	18651977	0.2966632522	38.4298687
chr7	18651980	0.2911741638	38.42986959
chr7	18652025	0.2823275531	38.42988269
chr7	18652124	0.2772838492	38.42991064
chr7	18652128	0.2684395755	38.42991175
chr7	18652205	0.259597049	38.42993242
chr7	18652271	0.2381004478	38.42994956
chr7	18652272	0.2292579637	38.42994979
chr7	18652293	0.2115754275	38.42995461
chr7	18655258	0.2479389599	38.43058193
chr7	18656359	0.228504974	38.43085491
chr7	18732410	0.2239831845	38.44823294
chr7	18735582	0.2207620191	38.44894342
chr7	18738560	0.11988847	38.44960085
chr7	18738814	0.14494168	38.4496313
chr7	18738842	0.1661611721	38.44963536
chr7	18738900	0.1823161896	38.44964499
chr7	18738913	0.1742915817	38.44964736
chr7	18739002	0.1694718365	38.44966288
chr7	18739028	0.1622387758	38.44966728
chr7	18951775	0.1759628839	38.4841831
chr7	18952268	0.1722499979	38.48426984
chr7	18952312	0.1473384925	38.48427742
chr7	18952355	0.11310711	38.48428376
chr7	18952410	0.1706122382	38.48428998
chr7	18952511	0.1599531589	38.48430721
chr7	18952523	0.2021859227	38.48430913
chr7	18952541	0.2293351042	38.48431277
chr7	18952616	0.2652270098	38.48432997
chr7	18952621	0.3393514205	38.4843313
chr7	18952682	0.3567695484	38.484352
chr7	18952745	0.4038720866	38.48437447
chr7	18953816	0.4312966148	38.48480702
chr7	18953876	0.5177141109	38.4848329
chr7	18954501	0.7101320287	38.48515647
chr7	18998204	0.7899033734	38.51619137
chr7	18998287	0.6775117435	38.51625693
chr7	18998359	0.6887359396	38.51630571
chr7	18999133	0.7101535406	38.51683879
chr7	18999224	0.6365073116	38.51690342
chr7	18999241	0.6592640892	38.51691424
chr7	19038072	0.5727868502	38.54251412
chr7	19040110	0.4430490398	38.54368146
chr7	19040395	0.4743281246	38.54380773
chr7	19079531	0.4197544148	38.56237104
chr7	19079548	0.4266154314	38.56237817
chr7	19135921	0.4343296615	38.58642776
chr7	19138079	0.4126780103	38.58736505
chr7	19138082	0.3940887564	38.58736629
chr7	19140450	0.3597288342	38.58829949
chr7	19140463	0.3413842854	38.58830416
chr7	19140638	0.349206789	38.58836391
chr7	19140658	0.3308596038	38.58837089
chr7	19140680	0.3386582023	38.58837817
chr7	19150618	0.2401667381	38.59174376
chr7	19150630	0.2481397149	38.59174664
chr7	19150742	0.2253829373	38.59177443
chr7	19151831	0.2331417758	38.59201987
chr7	19151873	0.2563501743	38.59202966
chr7	19151879	0.2643774121	38.5920312
chr7	19152191	0.319849167	38.59211369
chr7	19301306	0.2967774588	38.639808
chr7	19301423	0.3159030153	38.63984272
chr7	19301586	0.3228567058	38.63989421
chr7	19301632	0.3350876635	38.63990906
chr7	19301698	0.3120763198	38.63993118
chr7	19308815	0.310937991	38.64215222
chr7	19395035	0.3294399555	38.6689613
chr7	19581376	0.2790339983	38.73034947
chr7	19581710	0.2710071716	38.73044267
chr7	19582050	0.1654859954	38.73053481
chr7	19582769	0.157687397	38.73065379
chr7	19582845	0.1419741818	38.73066578
chr7	19583050	0.1260865166	38.73069488
chr7	19583513	0.4939450626	38.73075326
chr7	19583525	0.4859586777	38.73075919
chr7	19601422	0.4783108428	38.73945639
chr7	19602050	0.1110169924	38.73975677
chr7	19612426	0.1217561404	38.74090868
chr7	19612688	0.7356073007	38.74094058
chr7	19613563	1.361881759	38.74158424
chr7	19617908	0.7014077049	38.74750161
chr7	19617955	0.7205828648	38.74753458
chr7	19618638	0.7398408191	38.74802674
chr7	19618650	0.7505860588	38.74803562
chr7	19619081	0.155875932	38.74835912
chr7	19619105	0.2426005492	38.74836286
chr7	19797391	0.1882424309	38.79161514
chr7	19797664	0.19345427	38.79166653
chr7	19797754	0.1993856085	38.79168394
chr7	19798021	0.205282975	38.79173718
chr7	19798210	0.2339657917	38.79177598
chr7	19798255	0.2147211667	38.79178651
chr7	19801837	0.2397742101	38.79255564
chr7	19801865	0.2656555154	38.79256235
chr7	19918410	0.4788638487	38.82352317
chr7	19918431	0.7091232868	38.82353323
chr7	19920080	0.7120057923	38.82470257
chr7	19932663	5.12456966	38.83366174
chr7	19933402	5.704888558	38.8374488
chr7	19933404	0.7964978089	38.83746021
chr7	19933413	1.350054974	38.83746738
chr7	19933455	1.93559753	38.83752408
chr7	19933464	1.924858381	38.8375415
chr7	19934972	2.580933465	38.84044419
chr7	19935012	2.569991379	38.84054742
chr7	19935076	3.326989177	38.8407119
chr7	19935098	4.91579178	38.8407851
chr7	19935280	4.905029342	38.84167977
chr7	19935331	5.565756548	38.84192993
chr7	19939343	3.591909495	38.86425974
chr7	19939368	3.012954908	38.86434954
chr7	19939372	2.206292633	38.86436159
chr7	19939452	2.225113103	38.8645381
chr7	19939506	1.421467843	38.86465825
chr7	19940227	13.59200556	38.86568313
chr7	19940413	13.59250781	38.86821124
chr7	19940499	0.9318066581	38.8693802
chr7	19940549	0.2710794518	38.86942679
chr7	19940565	0.3151770356	38.86943113
chr7	19940638	0.3299419211	38.86945413
chr7	19940691	0.4065569114	38.86947162
chr7	19962061	0.4388475926	38.87815974
chr7	19962685	0.5301746098	38.87843358
chr7	19962748	0.3770875104	38.87846698
chr7	19979534	0.3945172619	38.88479678
chr7	19979572	0.3970166256	38.88481177
chr7	19979590	0.3982495969	38.88481891
chr7	19979606	0.4159720586	38.88482529
chr7	19985691	0.3393570683	38.88735648
chr7	20174143	0.1827994092	38.95130899
chr7	20177079	0.1215340164	38.95184569
chr7	20177106	0.1054550197	38.95184897
chr7	20177328	0.09637416269	38.95187239
chr7	20177338	0.1245550685	38.95187335
chr7	20177340	0.1819512614	38.9518736
chr7	20177378	0.1534853641	38.95188051
chr7	20297393	0.1247679049	38.97030106
chr7	20297476	0.06737171122	38.97031141
chr7	20298144	0.08229276914	38.97035642
chr7	20298909	0.03857691766	38.97041937
chr7	20299003	0.04190595604	38.970423
chr7	20299005	0.06310375985	38.97042308
chr7	20299017	0.1231473788	38.97042384
chr7	20328832	0.1265751449	38.97409548
chr7	20329037	0.1300469079	38.97412143
chr7	20337773	0.13553383	38.97525752
chr7	20337901	0.1414403457	38.97527486
chr7	20413856	0.09197995009	38.98601797
chr7	20415009	0.1525579583	38.98612402
chr7	20415025	0.1631127446	38.98612646
chr7	20415026	0.1668611415	38.98612662
chr7	20416933	0.1805735568	38.98644483
chr7	20461648	0.159375752	38.99451917
chr7	20529191	0.1672665041	39.00528389
chr7	20529194	0.1729592734	39.00528439
chr7	20529205	0.1580382153	39.00528629
chr7	20917980	0.1443183333	39.0667276
chr7	20918098	0.1521367036	39.06674463
chr7	20921564	0.1651638054	39.06727194
chr7	20921586	0.1735105942	39.06727557
chr7	20921608	0.1717496391	39.06727939
chr7	20966112	0.1529817794	39.07492293
chr7	20966117	0.1604190086	39.0749237
chr7	20966258	0.1487697434	39.07494632
chr7	20966709	0.1425205599	39.07501341
chr7	20970350	0.1646323612	39.07553233
chr7	20972307	0.1735495834	39.07585452
chr7	20973605	0.1844342499	39.07607978
chr7	21075759	0.2243870613	39.09492048
chr7	21075766	0.2191692963	39.09492205
chr7	21275569	0.2151629811	39.13871273
chr7	21290351	0.2042783147	39.14189327
chr7	21316357	0.2004532943	39.14720573
chr7	21316381	0.1974264773	39.14721055
chr7	21334640	0.1618678256	39.15081536
chr7	21334799	0.1581194284	39.15084109
chr7	21358938	0.1586545453	39.15465794
chr7	21358991	0.1681104358	39.15466635
chr7	21358993	0.165611073	39.15466668
chr7	21359004	0.1567402658	39.1546685
chr7	21359069	0.1400525721	39.15467869
chr7	21366567	0.1459188275	39.15572881
chr7	21416204	0.1389481392	39.16297178
chr7	21416212	0.1667438348	39.16297289
chr7	21450872	0.1760579707	39.16875223
chr7	21450909	0.1695443339	39.16875875
chr7	21450916	0.1736662637	39.16875993
chr7	21450955	0.2072490002	39.16876671
chr7	21465159	0.2190056961	39.17171047
chr7	21465164	0.2225834099	39.17171157
chr7	21465197	0.2594639099	39.17171891
chr7	21465199	0.2966113802	39.17171943
chr7	21719090	0.2830320309	39.24702639
chr7	21721799	0.2977728013	39.24779312
chr7	21723597	0.6031972017	39.24832852
chr7	21723624	0.5971992726	39.24834481
chr7	21723681	0.9687067499	39.24837885
chr7	21723709	0.9553718388	39.24840597
chr7	21756192	0.9530060152	39.27943931
chr7	21757738	0.9501997056	39.28091266
chr7	21757750	3.90570086	39.28092406
chr7	21757767	3.885770001	39.28099046
chr7	21757770	6.727592165	39.28100212
chr7	21758405	6.517257817	39.28527414
chr7	21758411	6.505501121	39.28531324
chr7	21758579	6.524012324	39.28640617
chr7	21758878	3.467563243	39.28835685
chr7	21758888	0.3613862681	39.28839152
chr7	21758968	0.4842729198	39.28842043
chr7	21758990	0.4689337256	39.28843109
chr7	21759006	0.4829307351	39.28843859
chr7	21759043	0.5203157893	39.28845646
chr7	21760134	0.6036891152	39.28902412
chr7	21760151	0.6423334113	39.28903438
chr7	21760152	0.6782580853	39.28903503
chr7	21932690	0.9558039338	39.40606032
chr7	21932691	1.267382401	39.40606128
chr7	21932719	1.247539784	39.40609676
chr7	21932737	1.354154422	39.40611922
chr7	21933793	1.314712986	39.40754921
chr7	21933797	1.627285475	39.40755446
chr7	21933820	1.634694633	39.40759189
chr7	21933849	2.701062392	39.4076393
chr7	21933851	4.064459245	39.4076447
chr7	21933884	4.044748787	39.40777883
chr7	21944734	4.271330974	39.45166435
chr7	21944794	4.968507554	39.45192063
chr7	21944827	2.98792993	39.45208459
chr7	21944890	2.969267522	39.45227283
chr7	21945003	2.953695791	39.45260836
chr7	21945112	2.29618313	39.45293031
chr7	21950611	1.493111032	39.46555702
chr7	21950806	1.509787725	39.46584818
chr7	21954280	1.51866581	39.47109318
chr7	21955686	1.50392504	39.47322843
chr7	21955746	1.513775764	39.47331866
chr7	21957804	1.242667032	39.47643401
chr7	21957922	1.225338028	39.47658065
chr7	21959950	0.685032791	39.47906563
chr7	21959968	0.7514235972	39.47907796
chr7	21960001	0.6953671187	39.47910276
chr7	21960091	0.7015590185	39.47916534
chr7	21960169	0.5583168906	39.47922006
chr7	22060679	0.5259136296	39.5353365
chr7	22060713	0.5228294406	39.53535438
chr7	22060875	0.4956941483	39.53543907
chr7	22063828	0.4293033421	39.53690286
chr7	22063857	0.4398270901	39.53691531
chr7	22063949	0.4066760546	39.53695577
chr7	22063961	0.4872944326	39.53696065
chr7	22064108	0.5305005402	39.53703229
chr7	22143904	0.493924729	39.57936411
chr7	22148861	0.475653289	39.58181249
chr7	22148892	0.4331649814	39.58182724
chr7	22148913	0.4148985753	39.58183633
chr7	22149069	0.3575078248	39.58190106
chr7	22149072	0.3246085032	39.58190213
chr7	22149990	0.3481863256	39.58220012
chr7	22150007	0.3300461122	39.58220604
chr7	22150100	0.4092823609	39.58223673
chr7	22150234	0.5410813048	39.58229158
chr7	22200286	0.5629376583	39.60937378
chr7	22200398	0.5956327632	39.60943683
chr7	22200548	0.6108228982	39.60952617
chr7	22201459	0.6172675352	39.61008263
chr7	22298823	0.6070935923	39.67018227
chr7	22299135	1.172642902	39.67037168
chr7	22299249	1.228400169	39.67050536
chr7	22299257	1.214718205	39.67051519
chr7	22305738	1.392614621	39.67838778
chr7	22305739	1.444340423	39.67838917
chr7	22306818	0.9801488454	39.67994762
chr7	22306850	1.065147651	39.67997898
chr7	22306961	1.037451336	39.68009721
chr7	22381618	1.07314178	39.75755022
chr7	22381628	1.098669899	39.75756095
chr7	22381646	1.12466066	39.75758072
chr7	22381716	1.20251439	39.75765945
chr7	22387522	2.084271484	39.76464125
chr7	22387525	2.138041843	39.7646475
chr7	22387555	2.244497701	39.76471164
chr7	22391005	2.271930521	39.77245516
chr7	22391414	1.29470929	39.77338438
chr7	22391451	1.314765853	39.77343228
chr7	22391466	1.357033379	39.77345201
chr7	22426000	1.27917965	39.8203158
chr7	22426009	1.250246254	39.82032731
chr7	22427516	1.257783793	39.82221143
chr7	22430493	1.08992994	39.82595585
chr7	22430511	1.091856346	39.82597547
chr7	22430537	1.052528393	39.82600386
chr7	22513884	1.026462173	39.91372894
chr7	22514296	0.8954552297	39.91415185
chr7	22514324	0.9050568008	39.91417692
chr7	22514348	0.908281051	39.91419864
chr7	22514378	0.9032738616	39.91422589
chr7	22514713	2.612208138	39.91452848
chr7	22514830	2.584260969	39.91483411
chr7	22514855	2.529645424	39.91489872
chr7	22514865	2.446846577	39.91492402
chr7	22516682	34.61986444	39.91936994
chr7	22516688	34.57759839	39.91957766
chr7	22516895	8.023360776	39.92673522
chr7	22517145	8.065722575	39.92874106
chr7	22518724	8.101038865	39.94147683
chr7	22518733	6.225263803	39.94154974
chr7	22518795	6.250075633	39.94193571
chr7	22518835	4.456744899	39.94218571
chr7	22519197	6.779934324	39.94379905
chr7	22519206	6.803750811	39.94386007
chr7	22519453	6.827608004	39.9455406
chr7	22520114	6.821738852	39.95005365
chr7	22520138	5.782596945	39.95021737
chr7	22520510	5.816399744	39.9523685
chr7	22520534	5.835698751	39.95250809
chr7	22520679	0.8525242765	39.95335427
chr7	22520695	0.9522092209	39.95336791
chr7	22520773	1.072329643	39.95344218
chr7	22520857	1.317271138	39.95353226
chr7	22662572	1.297598994	40.14020934
chr7	22662575	1.313367289	40.14021323
chr7	22662591	1.329046876	40.14023424
chr7	22662597	1.33619802	40.14024222
chr7	22662600	1.28824712	40.14024622
chr7	22662602	1.136326473	40.1402488
chr7	22662620	1.112034244	40.14026925
chr7	22663892	1.081909944	40.14168376
chr7	22663966	19.55385054	40.14176382
chr7	22663969	19.37472198	40.14182249
chr7	22663976	19.39123138	40.14195811
chr7	22664021	19.39350918	40.14283071
chr7	22664175	22.1907259	40.14581731
chr7	22664224	22.23847564	40.14690466
chr7	22665380	19.21801459	40.17261234
chr7	22665451	0.718597132	40.17397682
chr7	22665453	0.7572333334	40.17397825
chr7	22665478	0.7334206273	40.17399718
chr7	22665479	0.7102170922	40.17399792
chr7	22665491	0.6901487087	40.17400644
chr7	22736399	0.6415543218	40.22294351
chr7	22736427	0.5733509825	40.22296147
chr7	22824590	0.551686162	40.27350981
chr7	22824610	0.6223757904	40.27352085
chr7	22872807	0.5561041049	40.30351749
chr7	22873382	0.3491505325	40.30383725
chr7	22873383	0.2995370925	40.3038376
chr7	22873398	0.2740709596	40.30384209
chr7	22873429	0.2468516858	40.30385059
chr7	22873441	0.6276839599	40.30385355
chr7	22873442	0.6468120269	40.30385418
chr7	22881221	0.6310437322	40.30888573
chr7	22881275	0.6478474704	40.30891981
chr7	22881292	1.854951709	40.30893082
chr7	22882348	1.855014432	40.31088965
chr7	22882380	1.836228673	40.31094901
chr7	22882474	1.822303178	40.31112161
chr7	22882494	1.434205597	40.31115806
chr7	22882496	1.45470576	40.31116093
chr7	22882524	1.467850875	40.31120166
chr7	22882601	1.426255405	40.31131469
chr7	22884040	1.444398582	40.31336707
chr7	22884158	0.2414416508	40.31353751
chr7	22884221	0.2546736415	40.31355272
chr7	22886379	0.3092533896	40.3141023
chr7	23144712	0.2821990994	40.39399266
chr7	23144777	0.2886004845	40.394011
chr7	23144802	0.275455369	40.39401822
chr7	23145284	0.2406027489	40.39415099
chr7	23362001	0.2498499596	40.44629369
chr7	23405338	0.2141130978	40.45712144
chr7	23405382	0.2333360481	40.45713086
chr7	23410573	0.2411734358	40.45834211
chr7	23410866	0.2452442696	40.45841277
chr7	23410930	0.280036744	40.45842847
chr7	23410931	0.2952772072	40.45842875
chr7	23418269	0.2985432722	40.46059549
chr7	23474500	0.3739995888	40.47738288
chr7	23475031	0.378854152	40.47758147
chr7	23520191	0.3033978354	40.49469053
chr7	23520218	0.2979928554	40.49469872
chr7	23520828	0.2945456393	40.49488049
chr7	23521630	0.2977694644	40.49511672
chr7	23583643	0.2858456227	40.5135823
chr7	23583647	0.2638310194	40.51358344
chr7	23584488	0.2241423167	40.51380532
chr7	23584734	0.1548031011	40.51386046
chr7	23584778	0.1564215943	40.51386727
chr7	23586189	0.1741455298	40.51408798
chr7	23586221	0.1973443842	40.51409356
chr7	23734766	0.1702051174	40.54340808
chr7	23734784	0.147393532	40.54341114
chr7	23734835	0.1149474667	40.54341866
chr7	23738640	0.1657328797	40.54385603
chr7	23801657	0.1808553869	40.55430002
chr7	23801929	0.1771105766	40.55434921
chr7	23802274	0.1834721862	40.55441032
chr7	23802289	0.173979735	40.55441307
chr7	23802805	0.1516345172	40.55450284
chr7	23850101	0.1708372317	40.56167455
chr7	23850171	0.2501566154	40.56168651
chr7	23850175	0.2806639834	40.56168751
chr7	23850301	0.2998881126	40.56172287
chr7	24029640	0.2376672299	40.61550451
chr7	24029642	0.2120900177	40.61550498
chr7	24029713	0.2201641834	40.61552004
chr7	24155162	0.1813927174	40.64313942
chr7	24155401	0.1442002462	40.64318277
chr7	24156107	0.1169230453	40.64328458
chr7	24156118	0.08966352905	40.64328586
chr7	24156126	0.06240573691	40.64328658
chr7	24156199	0.1979115563	40.64329113
chr7	24156305	0.3321093128	40.64331211
chr7	24156407	0.3208510853	40.64334599
chr7	24180721	0.3104209702	40.65114716
chr7	24181585	0.3273272166	40.65141537
chr7	24181642	0.2002605347	40.65143402
chr7	24181678	0.2329361977	40.65144123
chr7	24181767	0.2380958038	40.65146196
chr7	24181844	0.2381818538	40.6514803
chr7	24181984	0.266924958	40.65151364
chr7	24181996	0.1379595051	40.65151685
chr7	24182230	0.1650655562	40.65154913
chr7	24287185	0.1748116603	40.66887358
chr7	24287190	0.1421359972	40.66887446
chr7	24473193	0.1302968216	40.69531218
chr7	24473205	0.1264161682	40.69531374
chr7	24473206	0.1447516644	40.69531387
chr7	24473874	0.1395012657	40.69541056
chr7	24475027	0.1373363658	40.69557141
chr7	24475078	0.1255893239	40.69557841
chr7	24475383	0.1856542315	40.69561672
chr7	24589898	0.1155756966	40.71687691
chr7	24590145	0.126828911	40.71690546
chr7	24590176	0.2690023503	40.71690939
chr7	24590466	0.2390441934	40.7169874
chr7	24590587	0.2409086227	40.71701633
chr7	24591066	0.2376847976	40.71713172
chr7	24632069	0.1524079044	40.72687751
chr7	24632108	0.1540379712	40.72688345
chr7	24634820	0.1869467949	40.72730121
chr7	24638127	0.1849843598	40.72791944
chr7	24640643	0.1166689346	40.72838486
chr7	24640934	0.1069228306	40.72841881
chr7	24840917	0.08496211971	40.74980156
chr7	24840923	0.07972800541	40.74980207
chr7	24847897	0.06354758914	40.75035809
chr7	24847978	0.06179349733	40.75036324
chr7	24847996	0.05999176799	40.75036435
chr7	24848171	0.06180320548	40.75037485
chr7	24849643	0.06928143796	40.75046582
chr7	24849842	0.0641222334	40.75047961
chr7	24849972	0.05896262736	40.75048795
chr7	24850082	0.06113139888	40.75049443
chr7	24850095	0.06405248626	40.75049523
chr7	24850121	0.05382641114	40.75049689
chr7	24850166	0.07130644548	40.75049931
chr7	24850556	0.1986972435	40.75052712
chr7	24850559	0.4058539747	40.75052772
chr7	24904097	0.3498594808	40.77225633
chr7	24904269	0.3662361934	40.77231651
chr7	24904276	0.2548755961	40.77231907
chr7	24904306	0.2155209565	40.77232672
chr7	24904417	0.2323578123	40.77235064
chr7	25047372	0.2348338785	40.80556735
chr7	25047401	0.2173538443	40.80557416
chr7	25047416	0.222934276	40.80557742
chr7	25047442	0.2185214602	40.80558322
chr7	25114792	0.2021447482	40.82030064
chr7	25114885	0.2110142532	40.82031944
chr7	25114887	0.1972460422	40.82031986
chr7	25114908	0.2010165682	40.820324
chr7	25114952	0.2136249645	40.82033285
chr7	25270664	0.2054182673	40.85359682
chr7	25270699	0.1895495128	40.85360401
chr7	25270873	0.1813468963	40.85363699
chr7	25310654	0.1682484259	40.86085115
chr7	25310671	0.1607701935	40.86085401
chr7	25313956	0.1462461839	40.86138214
chr7	25313966	0.1359554212	40.8613836
chr7	25314073	0.1321574981	40.86139815
chr7	25314289	0.1565415811	40.86142669
chr7	25314331	0.1596073988	40.86143327
chr7	25314423	0.1564658516	40.86144795
chr7	25315578	0.1590928799	40.86162867
chr7	25315581	0.1789142967	40.86162915
chr7	25315613	0.1705326666	40.86163487
chr7	25315658	0.1913555844	40.86164255
chr7	25661812	0.1839033984	40.92788105
chr7	25661863	0.1911715858	40.92789043
chr7	25665052	0.1869386771	40.92850007
chr7	25665113	0.1653937967	40.92851148
chr7	25665139	0.1566531148	40.92851578
chr7	25665231	0.1819849967	40.92853019
chr7	25747668	0.19957848	40.94353249
chr7	25747673	0.2076806839	40.94353348
chr7	25766134	0.2338347911	40.94736748
chr7	26029283	0.2112719514	41.00890087
chr7	26029421	0.206450919	41.00893002
chr7	26029518	0.188425822	41.00895005
chr7	26030273	0.1611125271	41.00909231
chr7	26030366	0.1632168392	41.0091073
chr7	26030367	0.1529277254	41.00910746
chr7	26030461	0.1434879899	41.00912183
chr7	26030500	0.1193115023	41.00912743
chr7	26030524	0.1277359163	41.00913029
chr7	26030689	0.2171961812	41.00915137
chr7	26031276	0.2341087762	41.00927886
chr7	26266230	0.1999635301	41.06428366
chr7	26405115	0.1977457428	41.09205559
chr7	26428544	0.1890800869	41.09668858
chr7	26431253	0.1515658339	41.09720079
chr7	26438884	0.1245352131	41.09835739
chr7	26438894	0.1200789131	41.09835864
chr7	26439078	0.1045850891	41.09838073
chr7	26439765	0.08557840455	41.09845258
chr7	26439772	0.04629893581	41.09845318
chr7	26439854	0.05575070497	41.09845698
chr7	26439927	0.06822018658	41.09846105
chr7	26439941	0.08660494095	41.098462
chr7	26441796	0.09038459788	41.09862266
chr7	26441950	0.09495535949	41.09863658
chr7	26441955	0.1248200844	41.09863705
chr7	26442031	0.2726493685	41.09864654
chr7	26465353	0.149832439	41.10500527
chr7	26465389	0.1743003437	41.10501066
chr7	26627470	0.1559155895	41.13326143
chr7	26627629	0.1651552481	41.13328622
chr7	26627964	0.1827189881	41.13334155
chr7	26715930	0.2203283989	41.14941461
chr7	26716392	0.2859205465	41.1495164
chr7	26716416	0.288678854	41.14952326
chr7	26744356	0.4030978957	41.15758895
chr7	26744398	0.3999031404	41.15760588
chr7	26747159	0.5827504629	41.15871001
chr7	26747184	0.6522600307	41.15872458
chr7	26747201	0.6277921258	41.15873567
chr7	26747204	0.7722653642	41.15873755
chr7	26751452	0.7759126578	41.16201814
chr7	26751610	0.7481045699	41.16214073
chr7	26751635	0.9290113998	41.16215943
chr7	26784613	0.8244667165	41.19279637
chr7	26796784	0.7909309398	41.20283096
chr7	26798719	0.7603981617	41.20436141
chr7	26804619	0.5502501601	41.20884776
chr7	26804621	0.493041588	41.20884886
chr7	26804789	0.1791242319	41.20893169
chr7	26804791	0.191359168	41.20893205
chr7	26896910	0.2421458838	41.22655986
chr7	26896914	0.2258847482	41.22656083
chr7	26896922	0.2445348386	41.22656264
chr7	26896923	0.207114617	41.22656288
chr7	26896924	0.2290438772	41.22656309
chr7	26896925	0.1916236604	41.22656332
chr7	26917451	0.2200518403	41.23049658
chr7	26917614	0.210493224	41.23053245
chr7	27054098	0.209666761	41.25926141
chr7	27054142	0.1982293466	41.25927064
chr7	27054170	0.2518186719	41.25927619
chr7	27055598	0.2300925517	41.25963578
chr7	27081783	0.2114424601	41.26566076
chr7	27081796	1.066362733	41.26566351
chr7	27085640	0.1694650835	41.2697626
chr7	27129055	0.1320464309	41.27711993
chr7	27129088	0.0860271223	41.27712429
chr7	27129161	0.09484854028	41.27713057
chr7	27129164	0.1355467402	41.27713085
chr7	27129199	0.1512065282	41.2771356
chr7	27129214	0.15982173	41.27713786
chr7	27129317	0.1751949472	41.27715433
chr7	27132651	0.2161310029	41.27773843
chr7	27132740	0.2300637595	41.27775766
chr7	27134433	0.2467638951	41.27814716
chr7	27349360	0.2311041072	41.33118338
chr7	27353582	0.21573089	41.33215911
chr7	27353962	0.2119512331	41.33224108
chr7	27354053	0.3252199946	41.33226037
chr7	27380191	0.3222193779	41.34076097
chr7	27380232	0.3076361858	41.34077418
chr7	27380266	0.3169685263	41.34078464
chr7	27383041	0.3115097952	41.34166423
chr7	27384491	0.1982410336	41.34211592
chr7	27384861	0.184571177	41.34218927
chr7	27384886	0.1708054214	41.34219388
chr7	27384889	0.1438414995	41.34219439
chr7	27385187	0.1427689185	41.34223726
chr7	27385188	0.1870387438	41.3422374
chr7	27385887	0.1811057094	41.34236814
chr7	27385896	0.1878135903	41.34236977
chr7	27473750	0.2621665969	41.35886995
chr7	27473827	0.2539511386	41.35889013
chr7	27473849	0.328669932	41.35889572
chr7	27473963	0.3333524021	41.35893319
chr7	27473999	0.3233575201	41.35894519
chr7	27519943	0.284444409	41.37380153
chr7	27519963	0.2640541969	41.37380722
chr7	27519991	0.2237163039	41.37381461
chr7	27520119	0.1493632972	41.37384325
chr7	27599692	0.1172177469	41.38572853
chr7	27599764	0.1276709474	41.38573697
chr7	27599794	0.08446862962	41.3857408
chr7	27599830	0.1635747608	41.38574384
chr7	27599832	0.169221538	41.38574417
chr7	27599845	0.1730643323	41.38574637
chr7	27749699	0.1637319915	41.41168075
chr7	27749703	0.1864593665	41.41168141
chr7	27749754	0.19871717	41.41169092
chr7	27750765	0.2305759651	41.41189182
chr7	27750813	0.2156412692	41.41190289
chr7	27750968	0.3082467883	41.41193631
chr7	27751005	0.3321839487	41.41194772
chr7	27755336	0.4511208501	41.4133864
chr7	27758321	0.7106697507	41.414733
chr7	27758334	0.7347682406	41.41474224
chr7	27798160	0.7112992325	41.44400512
chr7	27798171	0.4898440948	41.44401294
chr7	27799065	0.4110022607	41.44445086
chr7	27800755	0.4188469061	41.44514546
chr7	27901400	0.3720210414	41.4873003
chr7	27927295	0.3325526094	41.49693379
chr7	27927327	0.2045193484	41.49694443
chr7	27929584	0.2218057062	41.49740603
chr7	27929585	0.2328985064	41.49740625
chr7	27929608	0.2419872154	41.49741161
chr7	27929643	0.215765768	41.49742008
chr7	27929721	0.1895576755	41.49743691
chr7	27930944	0.2390565864	41.49766874
chr7	27930973	0.2501988923	41.49767567
chr7	27930986	0.2694733731	41.49767892
chr7	27931176	0.2757042717	41.49773012
chr7	27931944	0.2848298356	41.49794186
chr7	27932019	0.3780336063	41.49796323
chr7	28007376	0.3615537203	41.5264507
chr7	28009170	0.4024525261	41.52709933
chr7	28122589	0.4116602224	41.5727451
chr7	28124818	0.4817839293	41.57366269
chr7	28125572	0.5005432109	41.57402595
chr7	28126570	0.521804023	41.57452549
chr7	28210257	0.5047304542	41.61819371
chr7	28210388	0.5167855524	41.61825983
chr7	28210394	0.4760212704	41.61826293
chr7	28210412	0.4508878268	41.6182715
chr7	28236323	0.4980690642	41.62995445
chr7	28240249	0.4902244189	41.63190987
chr7	28240332	0.4712447055	41.63195056
chr7	28240340	0.4414003942	41.63195433
chr7	28240388	0.430307597	41.63197551
chr7	28240395	0.4191652913	41.63197853
chr7	28240405	0.4694126838	41.63198272
chr7	28240413	0.4582332357	41.63198647
chr7	28240422	0.4553460793	41.6319906
chr7	28240441	0.5267412866	41.63199925
chr7	28288731	0.4079555325	41.65743559
chr7	28288739	0.5668882023	41.65743885
chr7	28288790	0.5572246522	41.65746776
chr7	28288795	0.5405342726	41.65747055
chr7	28307386	1.508367468	41.66751962
chr7	28307397	1.480991428	41.66753621
chr7	28307445	1.490827678	41.6676073
chr7	28307468	1.509015932	41.66764159
chr7	28308944	1.493750576	41.6698689
chr7	28309019	1.461841488	41.66998093
chr7	28309048	1.452755845	41.67002332
chr7	28309097	1.471103225	41.67009451
chr7	28309105	1.461960286	41.67010627
chr7	28309357	10.71035127	41.67047469
chr7	28309364	10.70891986	41.67054966
chr7	28309396	10.68011368	41.67089235
chr7	28309674	10.69848245	41.67386142
chr7	28309731	1.480101268	41.67447123
chr7	28309748	1.485886243	41.67449639
chr7	28309805	1.498920591	41.67458109
chr7	28310866	1.523836772	41.67617144
chr7	28310867	1.53157428	41.67617297
chr7	28310968	0.6369018924	41.67632766
chr7	28311147	0.6468907801	41.67644166
chr7	28311163	0.4856244971	41.67645201
chr7	28311166	0.5155125191	41.67645347
chr7	28370309	0.5548862689	41.70694243
chr7	28370341	0.5608768072	41.70696018
chr7	28484495	0.5546459087	41.77098651
chr7	28497008	0.5362985286	41.7779268
chr7	28497022	0.4992180749	41.77793431
chr7	28497023	0.4763910084	41.77793481
chr7	28497024	0.4199911508	41.77793528
chr7	28540972	0.4090758362	41.79639305
chr7	28549135	0.3897963435	41.79973234
chr7	28562224	0.3985974258	41.80483438
chr7	28562231	0.3711546706	41.80483717
chr7	28581617	0.3806240147	41.81203238
chr7	28654469	0.3895067777	41.8397616
chr7	28656207	0.3591693644	41.84043856
chr7	28656298	0.3391967667	41.84047125
chr7	28656320	0.350778309	41.84047871
chr7	28656729	0.3497243143	41.84062218
chr7	28657952	0.3130977452	41.84104989
chr7	28778998	0.3196491707	41.87894912
chr7	28919330	0.2662608921	41.92380613
chr7	28945705	0.256791548	41.93082876
chr7	28945755	0.2448122616	41.9308416
chr7	28945861	0.2381450819	41.93086755
chr7	28951706	0.2288375488	41.9322595
chr7	28951713	0.2204437565	41.93226111
chr7	28953708	0.2340340792	41.93270089
chr7	28953726	0.228849567	41.9327051
chr7	28953827	0.2235162506	41.93272822
chr7	28953834	0.2142506233	41.93272978
chr7	28953882	0.2049373713	41.93274007
chr7	28953957	0.243595415	41.93275544
chr7	28954007	0.248058182	41.93276762
chr7	28954033	0.2744891228	41.93277407
chr7	28954501	0.2799563135	41.93290253
chr7	28954537	0.2937626959	41.93291261
chr7	29204253	2.352172302	42.00626985
chr7	29204255	2.343444828	42.00627456
chr7	29204272	2.339585801	42.00631439
chr7	29207394	1.115351325	42.01361858
chr7	29216978	1.125697649	42.02430811
chr7	29217012	1.120597841	42.02434638
chr7	29257748	0.6365067373	42.06999506
chr7	29260053	0.5285941415	42.0714622
chr7	29260538	0.5488652694	42.07171857
chr7	29260582	0.5556240374	42.07174272
chr7	29278509	0.5476482857	42.08170339
chr7	29304606	0.5727148749	42.09599537
chr7	29304761	0.5018967422	42.09608414
chr7	29305246	0.2504900844	42.09632756
chr7	29384970	0.2072449567	42.11629763
chr7	29550205	0.2560182077	42.15054175
chr7	29550245	0.2250913681	42.15055199
chr7	29673228	0.3865664261	42.17823441
chr7	29673309	0.3915145286	42.17826572
chr7	29673356	0.3727990214	42.17828412
chr7	29673398	0.3634342086	42.17829978
chr7	29769944	0.3708560162	42.2133879
chr7	29770085	0.3477592936	42.21344019
chr7	29770686	0.2084154585	42.21364919
chr7	29770698	0.2143544554	42.21365169
chr7	29770904	0.1945130352	42.21369585
chr7	29771010	0.1743043399	42.21371647
chr7	29771014	0.1669022112	42.21371716
chr7	29771029	0.176384838	42.21371967
chr7	29771040	0.1821399883	42.21372161
chr7	30133932	0.1441578658	42.27981875
chr7	30134085	0.1536545192	42.27984081
chr7	30134607	0.1441718921	42.27992102
chr7	30138492	0.1347900052	42.28048112
chr7	30140764	0.136129733	42.28078737
chr7	30140771	0.1369041169	42.28078832
chr7	30163709	0.1412508968	42.28392863
chr7	30219710	0.1258888432	42.29183882
chr7	30219817	0.124082505	42.29185229
chr7	30219846	0.1010546131	42.29185589
chr7	30234477	0.09091096412	42.29333442
chr7	30234546	0.1483206944	42.29334069
chr7	30366516	0.1272618092	42.31291457
chr7	30370002	0.09857340166	42.31335821
chr7	30370065	0.1028226549	42.31336442
chr7	30370070	0.09707051044	42.31336493
chr7	30370076	0.09212240818	42.31336551
chr7	30370099	0.1314075847	42.31336763
chr7	30370645	0.1551738329	42.31343938
chr7	30370685	0.1824430514	42.31344559
chr7	30370696	0.1849429206	42.31344759
chr7	30497116	0.422274251	42.33682808
chr7	30497143	1.337047803	42.33683948
chr7	30515674	1.151269456	42.36161631
chr7	30515684	0.969356212	42.36162782
chr7	30515711	0.5742333757	42.361654
chr7	30515839	0.5826380748	42.3617275
chr7	30515850	0.5630186706	42.36173391
chr7	30520737	0.5670779628	42.36448538
chr7	30529742	0.3678697076	42.36959192
chr7	30529925	0.262786512	42.36965924
chr7	30529985	0.09330363821	42.369675
chr7	30530308	0.126329239	42.36970514
chr7	30530578	0.1366061082	42.36973925
chr7	30634702	0.07924038164	42.38396323
chr7	30637391	0.09335829695	42.3841763
chr7	30777871	0.1018572444	42.39729128
chr7	30777903	0.1083979189	42.39729454
chr7	30777922	0.1130009927	42.39729659
chr7	31036360	0.09760086247	42.42650035
chr7	31133586	0.1121798156	42.43598969
chr7	31181425	0.1079305618	42.44135626
chr7	31183530	0.09943161423	42.44158345
chr7	31183684	0.1179327844	42.44159876
chr7	31305016	0.1070234137	42.45590778
chr7	31369694	0.09000040965	42.46282984
chr7	31370033	0.06746379886	42.46286035
chr7	31370066	0.1252438485	42.46286258
chr7	31370069	0.1239826422	42.46286296
chr7	31370165	0.1624521524	42.46287486
chr7	31370261	0.1537126581	42.46289045
chr7	31403663	0.1816700248	42.46802476
chr7	31403664	0.1787212458	42.46802495
chr7	31405580	0.1888163637	42.46836738
chr7	31526360	0.182375818	42.49117262
chr7	31526916	0.08637567027	42.49127402
chr7	31526925	0.8773081236	42.49127479
chr7	31526982	1.641472388	42.4913248
chr7	31531284	0.8820781147	42.49838642
chr7	31531351	0.1193223097	42.49844551
chr7	31531398	0.1158794997	42.49845112
chr7	31531425	0.3756888296	42.49845425
chr7	31531531	0.3898549762	42.49849407
chr7	31544968	0.2716172602	42.50373256
chr7	31544971	0.2883407176	42.50373337
chr7	31544989	0.3389359805	42.50373856
chr7	31548125	0.3614331661	42.50480146
chr7	31747099	1.156199309	42.57671727
chr7	31747158	2.024412495	42.57678548
chr7	31747228	1.990320984	42.57692719
chr7	31747260	1.973276155	42.57699088
chr7	31747374	1.978507617	42.57721584
chr7	31749324	1.969174983	42.58107393
chr7	31749838	1.950900182	42.58208608
chr7	31749843	1.998451982	42.58209584
chr7	31749857	1.981623221	42.58212381
chr7	31750000	1.965859973	42.58240719
chr7	31750021	5.026112805	42.58244847
chr7	31751129	3.293533706	42.5880174
chr7	31751146	0.2674689452	42.58807339
chr7	31751169	0.3409700916	42.58807954
chr7	31840615	0.2557422395	42.61857795
chr7	31840626	0.2917281858	42.61858077
chr7	31965986	0.2445568725	42.65515181
chr7	31965992	11.23559403	42.65515328
chr7	31966291	11.22472017	42.65851272
chr7	31966304	0.1833932505	42.65865864
chr7	32189769	0.1341995932	42.69964062
chr7	32189804	0.1501170552	42.69964531
chr7	32189817	0.2298189666	42.69964727
chr7	32190844	0.2369194925	42.69988329
chr7	32191163	0.2237549406	42.69995887
chr7	32195245	0.2271396185	42.70087224
chr7	32404917	0.2365146947	42.74849705
chr7	32405046	0.2312420294	42.74852756
chr7	32406401	0.1796802926	42.7488409
chr7	32406638	0.2103690013	42.74888348
chr7	32437383	0.2247936333	42.75535128
chr7	32437435	0.2392131373	42.75536296
chr7	32437548	0.282532888	42.75539
chr7	32437759	0.2950016934	42.75544961
chr7	32676308	0.1672316667	42.82582197
chr7	32676396	0.1751913788	42.82583669
chr7	32676533	0.1607718758	42.82586069
chr7	32676536	0.1665468257	42.82586117
chr7	32678055	0.1374606189	42.82611415
chr7	32713908	0.1308828322	42.83104253
chr7	32713975	0.1370441689	42.8310513
chr7	32714069	0.1258297027	42.83106418
chr7	32714178	0.09632049549	42.8310779
chr7	32714263	0.08385169009	42.83108608
chr7	32714760	0.08778300705	42.83112776
chr7	32714848	0.09248353751	42.83113548
chr7	32718640	0.09941087709	42.83148618
chr7	32805135	0.06150643253	42.84008472
chr7	32857077	0.06619931708	42.84327949
chr7	32882497	0.05059639107	42.84496228
chr7	33197176	0.05107226125	42.8608839
chr7	33216331	0.04414492167	42.86186219
chr7	33273541	0.03220863401	42.86438772
chr7	33448313	0.03315155464	42.87001689
chr7	33448524	0.03221413181	42.87002388
chr7	33448527	0.02751926075	42.87002398
chr7	33448910	0.0338416729	42.87003452
chr7	33588945	0.03006360235	42.87477354
chr7	33588980	0.03368832509	42.87477459
chr7	33589172	0.03372668356	42.87478106
chr7	33591737	0.02510248204	42.87486757
chr7	33591821	0.03920171421	42.87486968
chr7	33593284	0.04660225377	42.87492703
chr7	33697182	0.05820910058	42.87976891
chr7	33993012	0.1081233142	42.89698891
chr7	33994220	0.09019405526	42.89711952
chr7	33994361	0.08168927934	42.89713224
chr7	34059152	0.07244445505	42.90242497
chr7	34059229	0.06680100395	42.90243055
chr7	34062084	0.01688679032	42.90262126
chr7	34063840	0.04462307541	42.90265092
chr7	34063876	0.03731953123	42.90265252
chr7	34066034	0.1087191743	42.90273306
chr7	34114321	0.03731953124	42.90798278
chr7	34115055	0.04173443074	42.90801017
chr7	34115080	0.05710344114	42.90801122
chr7	34139412	0.0577028794	42.90940066
chr7	34195947	0.06262794585	42.91266289
chr7	34203845	0.03800257844	42.91315752
chr7	34348471	0.02627754859	42.91865369
chr7	34422171	0.02212547469	42.92059034
chr7	34500207	0.03083687123	42.92231692
chr7	34673458	0.03444278784	42.92765944
chr7	34895973	0.02435233748	42.93532348
chr7	34896733	0.02904957616	42.93534199
chr7	34896826	0.03374741013	42.93534469
chr7	35165165	0.04117635029	42.94440044
chr7	35165249	0.05956629109	42.94440389
chr7	35172048	0.0762306356	42.94480889
chr7	35172090	0.07311971789	42.94481209
chr7	35172463	0.08822850693	42.94483936
chr7	35172566	0.09944257188	42.94484845
chr7	35363812	0.1124916147	42.96386644
chr7	35364101	0.1514946645	42.96389895
chr7	35444898	0.1701960464	42.97613927
chr7	35479944	0.167148979	42.98210396
chr7	35480008	0.1559349139	42.98211466
chr7	35480016	0.1390786959	42.9821159
chr7	35541065	0.1297358348	42.99060652
chr7	35628021	0.116686792	43.00188783
chr7	35628843	0.0865936313	43.00198374
chr7	35629252	0.06046330903	43.00201916
chr7	35629256	0.04746082172	43.0020194
chr7	35629301	0.01675885082	43.00202154
chr7	35629574	0.01315293421	43.00202611
chr7	35630317	35.06724134	43.00203589
chr7	35630667	35.08031503	43.01430942
chr7	35630706	26.21739841	43.01567755
chr7	35630712	0.04928507104	43.01583486
chr7	35630721	0.06048325552	43.0158353
chr7	35673809	0.07335808958	43.0184414
chr7	35675031	0.08949005176	43.01853105
chr7	35888748	0.07335808957	43.03765659
chr7	35894378	0.1059725951	43.0380696
chr7	35894450	0.1125447126	43.03807723
chr7	35938591	0.1168009325	43.04304506
chr7	35938599	0.1056027486	43.043046
chr7	35940669	0.1098699155	43.0432646
chr7	35941287	0.1105909471	43.0433325
chr7	35941545	0.1129337635	43.04336103
chr7	35941593	0.1000589294	43.04336645
chr7	35941707	0.1199356269	43.04337786
chr7	35942369	0.05243487728	43.04345725
chr7	35978326	0.07511572564	43.04534265
chr7	36097787	0.08051021886	43.05431605
chr7	36116233	0.08922874639	43.05580115
chr7	36177420	0.08292705448	43.06126079
chr7	36177486	0.06830457085	43.06126626
chr7	36735955	0.06375396024	43.09941224
chr7	36736897	0.04493027394	43.0994723
chr7	36748471	0.04045361753	43.09999232
chr7	36748623	0.03020942478	43.09999847
chr7	36761177	0.06193834054	43.10037772
chr7	37254026	0.05374519097	43.13090397
chr7	37254079	0.05071519027	43.13090682
chr7	37254081	0.04808813808	43.13090692
chr7	37254293	0.04950337514	43.13091711
chr7	37256244	0.05167936592	43.1310137
chr7	37256288	0.04488812646	43.13101597
chr7	37396716	0.04606117196	43.13731952
chr7	37413139	0.009331055479	43.13807598
chr7	37444857	0.01281265475	43.13837194
chr7	37617055	0.01447545239	43.14057826
chr7	37618977	0.01613984835	43.14060608
chr7	37619009	0.02244407525	43.1406066
chr7	37623945	0.02869432336	43.14071738
chr7	37623986	0.03392498683	43.14071856
chr7	37624052	0.0350375541	43.1407208
chr7	37627909	0.0708903096	43.14085594
chr7	37735913	0.078908549	43.14851237
chr7	37736155	0.08616131557	43.14853147
chr7	37736278	0.05898384603	43.14854207
chr7	37798245	0.06092975534	43.15219712
chr7	38164704	0.06483071419	43.17452538
chr7	38165892	0.0505082478	43.17460239
chr7	38166814	0.07359299363	43.17464896
chr7	38435052	0.06451287481	43.1943894
chr7	38435113	0.06103127485	43.19439334
chr7	38435116	0.0638481298	43.19439352
chr7	38435149	0.06869944084	43.19439563
chr7	38472661	0.07113035941	43.19697268
chr7	38479833	0.0664936149	43.19748283
chr7	38840660	0.06662328443	43.22147552
chr7	38840734	0.05639158166	43.22148045
chr7	38847399	0.06231988432	43.2218563
chr7	39032880	0.07036845235	43.23341545
chr7	39056314	0.08378811058	43.23506447
chr7	39230314	0.0839275592	43.2496436
chr7	39335295	0.07988901775	43.2584544
chr7	39533576	0.07737039325	43.27429487
chr7	39570000	0.08443084882	43.27711301
chr7	39570093	0.07772042559	43.27712086
chr7	39570148	0.07468308382	43.27712514
chr7	39570184	0.07247652813	43.27712783
chr7	39570199	0.06882526586	43.27712891
chr7	39570237	0.07479388469	43.27713153
chr7	39650500	0.07299542373	43.28313471
chr7	39650649	0.08451859277	43.28314559
chr7	39659061	0.08679569246	43.28385656
chr7	39690404	0.0815363552	43.28657699
chr7	39690473	0.0846996043	43.28658262
chr7	39690630	0.0904523826	43.28659592
chr7	39691374	0.09228207296	43.28666321
chr7	39890921	0.1012157526	43.30507783
chr7	39947092	0.1100854184	43.31076322
chr7	39949844	0.09856224933	43.31106617
chr7	40289930	0.09581957864	43.34458581
chr7	40289936	0.07868367858	43.34458639
chr7	40335421	0.07417939328	43.34816531
chr7	40335718	0.06756538941	43.34818734
chr7	40335796	0.04993531442	43.34819261
chr7	40335878	0.03499664544	43.34819671
chr7	40335929	0.04567270899	43.34819849
chr7	40335969	0.07009983941	43.34820032
chr7	40336017	0.09396846517	43.34820369
chr7	40373438	0.1038341853	43.35172008
chr7	40377926	0.1140172895	43.35218609
chr7	40658800	0.1019538642	43.38421058
chr7	40658864	0.09127780072	43.38421711
chr7	40722604	0.08943924197	43.39003515
chr7	40722873	0.06198541933	43.39005921
chr7	40722886	0.05307368293	43.39006002
chr7	40722898	0.04209539575	43.39006065
chr7	40789033	0.04722244558	43.39284463
chr7	40789046	0.04408412493	43.39284525
chr7	40789100	0.04899172799	43.39284763
chr7	40793373	0.07999922428	43.39305697
chr7	40796353	0.08995965777	43.39329537
chr7	40796530	0.08026356879	43.39331129
chr7	40796632	0.0902406626	43.39331948
chr7	41021942	0.0964695236	43.4136516
chr7	41142191	0.07660855176	43.42525196
chr7	41142340	0.09341014432	43.42526338
chr7	41142462	0.1263162953	43.42527477
chr7	41142490	0.116418818	43.42527831
chr7	41142782	0.124381777	43.42531231
chr7	41276851	0.1974731314	43.44198805
chr7	41276920	0.2138256088	43.44200167
chr7	41277080	0.2260542341	43.44203588
chr7	41455745	0.2067820698	43.48242386
chr7	41455819	0.3037354253	43.48243917
chr7	41455827	0.2844720911	43.4824416
chr7	41457264	0.3613451554	43.48285038
chr7	41457320	0.4871942574	43.48287062
chr7	41457343	0.4869266525	43.48288182
chr7	41461481	0.4709915402	43.48489673
chr7	41461542	0.4523011078	43.48492546
chr7	41487755	0.09165549691	43.49678162
chr7	41487776	0.1550528448	43.49678355
chr7	41491617	0.1911640823	43.49737911
chr7	41491622	0.3142279245	43.49738006
chr7	41542158	0.2508305768	43.51325989
chr7	41575442	0.2664292102	43.52160853
chr7	41575668	0.07139894776	43.52166874
chr7	41575744	13.48276088	43.52167417
chr7	41575746	35.18559493	43.52170114
chr7	41575853	35.20749702	43.52546599
chr7	41576175	66.45612099	43.53680281
chr7	41576280	66.46198997	43.5437807
chr7	41576454	54.10473347	43.55534509
chr7	41576470	49.35587044	43.55621076
chr7	41576540	0.3865858209	43.55966567
chr7	41731616	0.3517844846	43.61961586
chr7	41733093	0.3077396619	43.62013544
chr7	41733151	0.2416968957	43.62015329
chr7	41733175	0.2196860131	43.62015909
chr7	41733266	0.1740980896	43.62017908
chr7	41733393	0.1522705952	43.62020119
chr7	41733730	0.1312437846	43.62025251
chr7	41733839	0.2089073755	43.62026681
chr7	41733842	0.2208780523	43.62026744
chr7	41745347	0.2276860144	43.62280864
chr7	41822473	0.1889167696	43.64036915
chr7	41822503	0.1500320526	43.64037482
chr7	41822660	0.1220158444	43.64039838
chr7	41822691	0.1475112699	43.64040216
chr7	41822745	0.1403322676	43.64041013
chr7	41822918	0.1446990161	43.6404344
chr7	41822985	0.1258408184	43.6404441
chr7	42021852	0.0965544551	43.66546968
chr7	42021854	0.08458851433	43.66546988
chr7	42021874	0.0726234045	43.66547157
chr7	42163720	0.08198769279	43.67577291
chr7	42251765	0.07517973073	43.68299151
chr7	42251811	0.06714544058	43.68299497
chr7	42612184	2.911611116	43.70719238
chr7	42612188	3.318307407	43.70720402
chr7	42612447	4.02319278	43.70806346
chr7	42612472	4.023568368	43.70816404
chr7	42613389	4.019208076	43.71185366
chr7	42613414	4.451409977	43.71195414
chr7	42613574	1.971598838	43.71266636
chr7	42616022	2.022551738	43.71749284
chr7	42617308	1.407339073	43.72009384
chr7	42620286	28.98873558	43.72428489
chr7	42620411	1.407339073	43.72790849
chr7	42620508	0.9929551112	43.728045
chr7	42620632	0.9854095126	43.72816812
chr7	42620928	1.086261428	43.72845981
chr7	42621391	0.6540595274	43.72896274
chr7	42621408	0.6556880528	43.72897386
chr7	42622147	0.3096402195	43.72945842
chr7	42622316	0.4745618476	43.72951075
chr7	42653537	0.5888367752	43.74432704
chr7	42653949	0.7043677237	43.74456964
chr7	42653965	0.5954330163	43.74458091
chr7	42653970	0.5231937685	43.74458389
chr7	42654030	0.4190407093	43.74461528
chr7	42655853	0.4300525831	43.74537919
chr7	42655899	0.4410660752	43.74539897
chr7	42683637	0.4539229048	43.75763327
chr7	42683707	0.2914442587	43.75766504
chr7	42683791	0.1761204256	43.75768952
chr7	42683896	0.1322287415	43.75770801
chr7	42683925	0.1473670093	43.75771185
chr7	42684142	0.09675522771	43.75774383
chr7	42734788	0.09966335948	43.76264409
chr7	42734967	0.1454571646	43.76266193
chr7	42951796	0.1326003351	43.79420126
chr7	42968940	0.0727983394	43.79647456
chr7	42971606	0.03539046247	43.79666864
chr7	42971686	0.0343523771	43.79667148
chr7	42999517	0.02132015422	43.79762754
chr7	43002574	0.02335562876	43.79769271
chr7	43432656	0.03503146398	43.80773755
chr7	43506312	0.03755932926	43.81031782
chr7	43777071	0.03440542798	43.82048735
chr7	43902531	0.02706799875	43.82480386
chr7	43920317	0.02415986696	43.82528529
chr7	43976915	0.03280939203	43.82665269
chr7	43976929	0.05719440131	43.82665315
chr7	44118309	0.06315862748	43.83473929
chr7	44118314	0.0383308372	43.83473961
chr7	44118371	0.04383260061	43.83474179
chr7	44606284	0.0421225352	43.85612829
chr7	44696368	0.04916641029	43.85992285
chr7	44738461	0.04635543964	43.86199242
chr7	44745020	0.04085367619	43.86229646
chr7	44748536	0.0803034618	43.8624401
chr7	44749964	0.1010273925	43.86255478
chr7	44835930	0.06870520159	43.8712397
chr7	44870180	0.04175619235	43.87359285
chr7	44870399	0.04014168316	43.873602
chr7	44870660	0.0631622459	43.87361247
chr7	44870686	0.05930479846	43.87361411
chr7	44916326	0.03858086773	43.87632079
chr7	45170190	0.03934097915	43.88611508
chr7	45170279	0.07140401915	43.88611858
chr7	45170362	0.09439924733	43.88612451
chr7	45178054	0.1292795582	43.88685063
chr7	45276897	0.09439924733	43.899629
chr7	45277807	0.06233620735	43.89971491
chr7	45315168	0.03855553329	43.90204385
chr7	45319625	0.04472125808	43.90221569
chr7	45319638	0.03759366345	43.90221627
chr7	45320183	0.04302764188	43.90223676
chr7	45320292	0.02646401031	43.90224145
chr7	45320505	0.02936920144	43.90224709
chr7	45320598	0.03096672933	43.90224982
chr7	45320622	0.03867454765	43.90225056
chr7	45438492	0.04535405517	43.90680913
chr7	45442983	0.04951468734	43.90701282
chr7	45603267	0.04957685056	43.91494923
chr7	45954649	0.03746336461	43.93236964
chr7	45968945	0.03214823533	43.93290522
chr7	45969088	0.02683973496	43.93290982
chr7	45971271	0.04115232759	43.93296841
chr7	46210755	0.03727911475	43.94282373
chr7	46212155	0.02296652212	43.94287592
chr7	46219717	0.0191319167	43.9430496
chr7	46271625	0.03415368732	43.9440427
chr7	46271812	0.03554858252	43.94404908
chr7	46271876	0.03409518601	43.94405136
chr7	46482988	0.01778355832	43.95124926
chr7	46506025	0.01917592075	43.95165894
chr7	46507234	0.01781247519	43.95168212
chr7	46508044	0.02139957681	43.95169655
chr7	46543347	0.03326380857	43.95245202
chr7	46649298	0.03828269604	43.95597635
chr7	46833941	0.02641846429	43.96304499
chr7	46893060	0.05596683686	43.96460682
chr7	47009739	0.0323216123	43.97113697
chr7	47334375	0.06421469898	43.98162973
chr7	47336238	0.0591958115	43.98174937
chr7	47442476	0.02730272482	43.98803821
chr7	47469175	0.0237156232	43.98876717
chr7	47472581	0.02084484812	43.98884794
chr7	47478729	0.01924732018	43.98897609
chr7	47593779	0.01334417217	43.9911905
chr7	47595886	0.01690071246	43.99121862
chr7	47595903	0.02381154313	43.9912189
chr7	47746231	0.1065451428	43.99479844
chr7	47787903	0.02381154313	43.99923839
chr7	47939194	0.0293586198	44.00284087
chr7	48066085	0.03469100436	44.00656621
chr7	48408313	0.05619544079	44.01843844
chr7	48560724	0.02802746035	44.02700325
chr7	48565276	0.02447092009	44.02713083
chr7	48712639	0.01913853554	44.03073694
chr7	48730697	0.0328491092	44.03108254
chr7	48743449	0.03914979355	44.03150143
chr7	48894283	0.04057542272	44.03740655
chr7	48982158	0.05295341287	44.04097212
chr7	49107615	0.02547248662	44.04761549
chr7	49114554	0.02320226485	44.04779225
chr7	49115263	0.02291800262	44.0478087
chr7	49116219	0.1382325576	44.04783061
chr7	49116682	0.1348826246	44.04789461
chr7	49116725	0.1373699934	44.04790041
chr7	49116821	0.1351031554	44.0479136
chr7	49116867	0.1376749108	44.04791981
chr7	49146089	0.162105442	44.05194295
chr7	49146117	0.04679088705	44.05194749
chr7	49341529	0.04738113743	44.06109099
chr7	49464321	0.04960018232	44.06690901
chr7	49702285	0.04371279007	44.07871207
chr7	49702768	0.02462473721	44.07873318
chr7	49702771	0.03439003837	44.07873326
chr7	49714196	0.0404678276	44.07912616
chr7	49912405	0.05177565136	44.08714725
chr7	50281454	0.04569786213	44.106255
chr7	50457459	0.04312610684	44.11429805
chr7	50502798	0.04556145397	44.11625335
chr7	50502870	0.05602904725	44.11625663
chr7	50502883	0.05036803678	44.11625736
chr7	51017970	0.0640511313	44.14220128
chr7	51017996	0.06316078822	44.14220294
chr7	51034281	0.1934682402	44.14323152
chr7	51060708	0.1909293346	44.1483443
chr7	51060710	0.1847489336	44.14834468
chr7	51060739	0.05143915419	44.14835004
chr7	51060750	0.03825845791	44.14835061
chr7	51060812	0.05208932095	44.14835298
chr7	51060817	0.09656476308	44.14835324
chr7	51269936	0.08288166868	44.16854677
chr7	51270121	0.06640957755	44.1685621
chr7	51307050	0.03252359811	44.17101454
chr7	51307281	0.06940320106	44.17102205
chr7	51309845	0.07322010793	44.1712
chr7	51310086	0.05707718683	44.17121765
chr7	51310098	0.05726268329	44.17121833
chr7	51310116	0.05566950788	44.17121936
chr7	51310523	0.05668573638	44.17124202
chr7	51312636	0.05526010722	44.1713618
chr7	51316570	0.08686529291	44.17157919
chr7	51534635	0.07105498605	44.19052147
chr7	51534848	0.05526010722	44.19053661
chr7	51535919	0.05654682056	44.19059579
chr7	51535923	0.07000541437	44.19059602
chr7	51703384	0.07181106477	44.20231919
chr7	51791873	0.07422955691	44.20867368
chr7	51792092	0.1027699434	44.20868994
chr7	52101710	0.09748926819	44.24050936
chr7	52102495	0.04832795778	44.24058589
chr7	52213109	0.04451105092	44.24593164
chr7	52222775	0.05607769027	44.24636188
chr7	52222814	0.06302968423	44.24636407
chr7	52222854	0.06994915462	44.24636659
chr7	52718740	0.05927657358	44.2810534
chr7	52721111	0.05279074001	44.28119394
chr7	52721687	0.05609268192	44.28122435
chr7	52722989	0.05575156331	44.28129738
chr7	52937581	0.04973199513	44.29326122
chr7	52964487	0.04508372928	44.29459931
chr7	53090008	0.0512305482	44.30025827
chr7	53116044	0.06098436949	44.30159211
chr7	53283998	0.04786075003	44.31183467
chr7	53284002	0.04803042584	44.31183487
chr7	53284191	0.04860753135	44.31184394
chr7	53284232	0.04833714287	44.31184594
chr7	53285387	0.05300776337	44.31190177
chr7	53285916	0.05317745566	44.31192981
chr7	53312109	0.06926105314	44.31332268
chr7	53318342	0.06961245485	44.31375439
chr7	53612765	0.05782407337	44.3342499
chr7	53616585	0.05943650003	44.33447078
chr7	53644914	0.05570445482	44.33615456
chr7	54023549	0.05103383417	44.35724622
chr7	54023563	0.1484973543	44.35724693
chr7	54023566	0.1580799379	44.35724738
chr7	54058937	0.06858508579	44.36283882
chr7	54059380	0.08239384675	44.36286921
chr7	54059484	0.08442752393	44.36287777
chr7	54215296	0.1052347053	44.3760326
chr7	54215333	0.1139335458	44.37603649
chr7	54215362	0.1132885623	44.37603979
chr7	54743137	0.09064221384	44.43583066
chr7	54743995	0.07256743104	44.43590844
chr7	54802812	0.06718678336	44.44017663
chr7	54826981	0.1790447397	44.44180047
chr7	54838324	0.1762315952	44.44383138
chr7	54859404	0.09361570256	44.44754634
chr7	54913826	0.08094750087	44.45264109
chr7	54913852	0.07601207033	44.4526432
chr7	54974129	0.07578370046	44.45722498
chr7	55077902	0.07730424321	44.46508928
chr7	55100123	0.07769281593	44.46680706
chr7	55164167	0.07795537299	44.47178281
chr7	55271229	0.07384500491	44.48012887
chr7	55282296	0.06569239251	44.48094612
chr7	55282345	0.06287328112	44.48094933
chr7	55302387	0.03472576986	44.48220944
chr7	55302406	0.03339013217	44.4822101
chr7	55308804	0.03360441221	44.48242373
chr7	55378958	0.04481584496	44.48478121
chr7	55604125	0.04549469358	44.49487226
chr7	55628369	0.04349667783	44.49597524
chr7	55754775	0.0508131714	44.50147348
chr7	55849168	0.05099360047	44.50626989
chr7	55969617	0.04184860811	44.51241201
chr7	55994643	0.02949423525	44.51345932
chr7	56060601	0.0370764796	44.5154047
chr7	56136138	0.03920751588	44.51820534
chr7	58885685	0.03830208756	44.62600825
chr7	58951345	0.04389386027	44.62852317
chr7	59050547	0.04830359111	44.63287753
chr7	59184357	0.05141561967	44.63934103
chr7	59184494	0.05851217018	44.63934807
chr7	59329954	0.05817683066	44.64785925
chr7	59371226	0.0571111179	44.65026033
chr7	59372408	0.05604579438	44.65032783
chr7	59567087	0.05517046526	44.66123877
chr7	59567907	0.05827106261	44.66128401
chr7	59670278	0.05997644337	44.66724928
chr7	59670318	0.05947516599	44.66725168
chr7	59699851	0.05862837984	44.66900816
chr7	59732451	0.05929529868	44.67091944
chr7	59867002	0.05953742607	44.67889768
chr7	59867185	0.06376433565	44.67890858
chr7	59925160	0.05411382309	44.68260532
chr7	59928742	0.05868577792	44.68279915
chr7	60059934	0.0937166944	44.69049826
chr7	60609704	0.08986358499	44.74202088
chr7	60682834	0.1009000711	44.74859261
chr7	60943796	0.1027921857	44.77492369
chr7	60943844	0.1039361718	44.77492863
chr7	60943897	0.07752358512	44.77493414
chr7	61006484	0.05766126475	44.7797861
chr7	61006517	0.05829588095	44.77978801
chr7	61214184	0.06173239155	44.79189414
chr7	61297841	0.06449636837	44.79705848
chr7	61691923	0.06518916251	44.82247534
chr7	61691924	0.06473748209	44.82247541
chr7	61868525	0.0640392701	44.83390811
chr7	61868559	0.06694016038	44.83391029
chr7	62480439	0.0678382877	44.87486963
chr7	62599856	0.05968277855	44.88297068
chr7	63129518	0.06024724085	44.91458238
chr7	63129546	0.06078056458	44.91458407
chr7	63129547	0.05838239048	44.91458413
chr7	63129548	0.05745373803	44.91458419
chr7	63212987	0.05572886842	44.91937807
chr7	63228435	0.05401722723	44.92023897
chr7	63228444	0.05266286661	44.92023945
chr7	63228477	0.05115382677	44.92024119
chr7	63424765	0.05639027847	44.93028207
chr7	63665526	0.05721318685	44.94385865
chr7	63716519	0.05534752171	44.94677613
chr7	63882940	0.05564663328	44.95598712
chr7	63957523	0.1152022485	44.96013741
chr7	63957582	0.1140582623	44.96014421
chr7	64073303	0.05450264711	44.97334314
chr7	64081048	0.05348809224	44.97376526
chr7	64083164	0.04825164065	44.97387845
chr7	64083185	0.04326713946	44.97387946
chr7	64101014	0.03061983436	44.97465087
chr7	64101291	0.1089493222	44.97465935
chr7	64375744	0.1107119243	45.00456082
chr7	64383129	0.04418891697	45.00537843
chr7	64387172	0.05105288404	45.00555708
chr7	64887264	0.05447218089	45.03108822
chr7	64889458	0.04265302986	45.03120773
chr7	64920914	0.04230832244	45.03254943
chr7	65198921	0.04530227104	45.04431144
chr7	65198972	0.04377544679	45.04431375
chr7	65270913	0.04834665753	45.047463
chr7	66319176	0.04504078827	45.09814301
chr7	66319246	0.04861988531	45.09814616
chr7	66405098	0.0492175196	45.10232028
chr7	66411736	0.04938722606	45.10264698
chr7	66421063	0.05440298845	45.10310762
chr7	66460455	0.06141695154	45.10525066
chr7	66982940	0.05481834187	45.13734009
chr7	66982944	0.05455156753	45.13734031
chr7	66982974	0.05503557939	45.13734195
chr7	67108431	0.05294333417	45.14424655
chr7	67235861	0.05619845223	45.15099312
chr7	67386357	0.05721229456	45.15945076
chr7	67386382	0.06103735324	45.15945219
chr7	67386951	0.06486482814	45.15948692
chr7	67547654	0.07409118988	45.16991089
chr7	67685987	0.08541323042	45.18016015
chr7	67739346	0.09170030507	45.18471771
chr7	68143575	0.0910269875	45.22178564
chr7	68143666	0.1137368467	45.22179392
chr7	68143764	0.1147698566	45.22180507
chr7	68198998	0.1517946044	45.22814426
chr7	68287721	0.09607261984	45.24161194
chr7	68287772	0.08973880687	45.24161684
chr7	68294998	0.08157924232	45.24226529
chr7	68295007	6.978678638	45.24226602
chr7	68295016	6.97542352	45.24232883
chr7	68295311	6.979592436	45.24438658
chr7	68295480	6.999116066	45.24556613
chr7	68295505	0.09491830423	45.24574111
chr7	68295543	0.1489943846	45.24574472
chr7	68295556	0.184036	45.24574666
chr7	68295585	0.1915470118	45.24575199
chr7	68486811	0.05529240856	45.28238076
chr7	68486828	0.05505288898	45.2823817
chr7	68488162	0.07076789746	45.28245514
chr7	68754598	0.07023456069	45.30131026
chr7	68754601	0.04978372139	45.30131047
chr7	69237410	0.04921925912	45.3253465
chr7	69248772	0.04732687984	45.32590573
chr7	69248817	0.04035087419	45.32590786
chr7	69582032	0.03990390829	45.33935337
chr7	69730486	0.02997162827	45.34527727
chr7	69810282	0.02895915007	45.34766888
chr7	69896289	0.02709010503	45.35015957
chr7	69943800	0.03447771735	45.35144665
chr7	70132325	0.0384484941	45.35794656
chr7	70175399	0.04583407412	45.35960269
chr7	70176088	0.05147645846	45.35963427
chr7	70473281	0.0552041981	45.37493272
chr7	70549291	0.05918401148	45.37912879
chr7	70663190	0.05841660409	45.38586979
chr7	70880716	0.05805682954	45.39857692
chr7	70925277	0.05842669943	45.40116399
chr7	71000587	0.05445592268	45.4055641
chr7	71122694	0.05640805612	45.41221355
chr7	71138343	0.0735955065	45.41309628
chr7	71398151	0.0384679551	45.43221698
chr7	71398378	0.03825367507	45.43222571
chr7	71481268	0.0372206652	45.43539656
chr7	71909472	0.03851756453	45.4513346
chr7	72065719	0.03904073609	45.45735285
chr7	72243406	0.03786450636	45.46428988
chr7	72365081	0.04239410203	45.46889705
chr7	72407074	0.04449921858	45.4706773
chr7	72725872	0.04552008815	45.48486357
chr7	72726057	0.0451608248	45.48487199
chr7	72845448	0.04557096007	45.49026378
chr7	73082444	0.04217999932	45.50106392
chr7	73126225	0.03765040366	45.5029106
chr7	73603129	0.0316513263	45.52086623
chr7	73603135	0.03522510125	45.52086642
chr7	74106095	0.03466238995	45.53858324
chr7	74165032	0.07152465794	45.54062613
chr7	74165046	0.1084767117	45.54062713
chr7	74165067	0.1072932537	45.54062941
chr7	74326591	0.106149989	45.55795985
chr7	74339639	0.1154254178	45.55934489
chr7	74458874	0.1165544962	45.57310764
chr7	74465040	0.1213126395	45.57382632
chr7	74497559	0.1092758583	45.57777128
chr7	74558700	0.1126959092	45.58445252
chr7	74567850	0.102673879	45.58548369
chr7	74567870	0.1821856392	45.58548574
chr7	74577224	0.1535766606	45.5871899
chr7	74577255	0.1394791975	45.58719466
chr7	74736162	0.0565800183	45.60935889
chr7	74854182	0.05934062262	45.61603646
chr7	74957367	0.0510080268	45.62215952
chr7	75073470	0.05051051933	45.62808171
chr7	75321279	0.03220612125	45.64059867
chr7	75399334	0.02882748144	45.64311252
chr7	75399349	0.0264559731	45.64311295
chr7	75566777	0.02844500895	45.64754242
chr7	75852974	0.04223063409	45.6556833
chr7	75964876	0.04340316137	45.66040899
chr7	76103046	0.0416241754	45.666406
chr7	76103066	0.02405707654	45.66640684
chr7	76103153	0.02633089614	45.66640893
chr7	76103206	0.02852571673	45.66641032
chr7	76103341	0.03079981838	45.66641417
chr7	76201092	0.03293935317	45.66942489
chr7	76201098	0.03485479728	45.66942509
chr7	76285421	0.04055874774	45.67236415
chr7	76403316	0.04400510924	45.67714582
chr7	76502910	0.04873907268	45.68152846
chr7	76675704	0.05177185904	45.68995028
chr7	77403697	0.04773680402	45.72763984
chr7	77512404	0.04660772577	45.73282916
chr7	77512442	0.04908800465	45.73283093
chr7	77619401	0.04454008329	45.73808134
chr7	77674029	0.04234526277	45.74051447
chr7	77693186	0.0429163301	45.74132568
chr7	77805554	0.04606795086	45.7461481
chr7	77812496	0.04922294276	45.7464679
chr7	77812505	0.04552053867	45.74646835
chr7	77959480	0.04078657535	45.75315873
chr7	77959503	0.04362815035	45.75315967
chr7	78062767	0.04177622363	45.75766488
chr7	78155941	0.03993305993	45.76155734
chr7	78160766	0.04458133205	45.76175002
chr7	78318235	0.06631778989	45.7687702
chr7	78559450	0.07193971643	45.78476704
chr7	78785900	0.06806657778	45.80105779
chr7	78899491	0.06051497318	45.80878954
chr7	78899560	0.06282492681	45.80879372
chr7	78899597	0.06154730006	45.80879604
chr7	78902477	0.03671542794	45.8089733
chr7	78905255	0.03554290057	45.80907529
chr7	78905264	0.03238790843	45.80907561
chr7	78993905	0.05806804019	45.81194651
chr7	79142488	0.07122035992	45.82057443
chr7	79172705	0.06559843341	45.8227265
chr7	79172800	0.06275685825	45.82273273
chr7	79172917	0.06379242889	45.82274007
chr7	79173059	0.06347548155	45.82274913
chr7	79173072	0.05818260906	45.82274996
chr7	79173174	0.05531464353	45.82275589
chr7	79173175	0.05504344443	45.82275595
chr7	79173217	0.06053091661	45.82275826
chr7	79210217	0.05958464753	45.8249979
chr7	79210394	0.0770223981	45.82500845
chr7	79796617	0.06950216056	45.87016075
chr7	79796656	0.07333130188	45.87016346
chr7	79801498	0.0709657109	45.87051853
chr7	79801532	0.06748532056	45.87052094
chr7	79801658	0.06976924147	45.87052945
chr7	79928108	0.07305242688	45.87935177
chr7	79928818	0.04515385594	45.87940364
chr7	79928891	0.03200153628	45.87940693
chr7	79928947	0.0331719874	45.87940872
chr7	79929241	0.04143446212	45.87941848
chr7	80013975	0.04325264991	45.88292938
chr7	80045423	0.04235582808	45.88428959
chr7	80340448	0.0416244935	45.89678562
chr7	80346510	0.03693588659	45.89703795
chr7	80346641	0.05061637485	45.89704279
chr7	80598655	0.03693588661	45.90979882
chr7	80638690	0.03719950665	45.91127755
chr7	80638742	0.0519174965	45.91127949
chr7	80697034	0.04808835522	45.91430586
chr7	80710988	0.05311383418	45.91497689
chr7	80893491	0.05480171868	45.92467032
chr7	80905856	0.05167983741	45.92534794
chr7	81267457	0.04932796098	45.94403542
chr7	81267481	0.03690501872	45.94403661
chr7	81267537	0.06353312892	45.94403867
chr7	81311200	0.05767534016	45.94681272
chr7	81397012	0.03104723021	45.95176196
chr7	81397027	0.02999030642	45.95176242
chr7	81557867	0.05181605652	45.95658606
chr7	81692664	0.02296814733	45.96357071
chr7	81701732	0.02102428856	45.96377899
chr7	82265775	0.03671163522	45.97563759
chr7	82502158	0.03486149609	45.9843156
chr7	82502168	0.03382592575	45.98431595
chr7	82502293	0.031751454	45.98432017
chr7	82503340	0.0252057613	45.98435342
chr7	82504675	0.03246250242	45.98438707
chr7	82936092	0.008747518755	45.99839194
chr7	82936832	0.01224218756	45.99839842
chr7	82936880	0.02239297558	45.998399
chr7	82937045	0.03048781852	45.9984027
chr7	83173583	0.03494862181	46.00561423
chr7	83276526	0.032852841	46.00921194
chr7	83278178	0.108569329	46.00926622
chr7	83323712	0.032852841	46.01420981
chr7	83362955	0.02789655889	46.01549906
chr7	83363528	0.03061625295	46.01551504
chr7	83364638	0.02987149765	46.01554902
chr7	83364761	0.03374143673	46.0155527
chr7	83946465	0.02928063343	46.03518023
chr7	83946579	0.02413525753	46.03518356
chr7	83961747	0.02531266363	46.03554965
chr7	83961838	0.03542801112	46.03555195
chr7	83961891	0.03752306586	46.03555383
chr7	84255337	0.04147053772	46.04656482
chr7	84255647	0.03760059863	46.04657768
chr7	84302674	0.02748525118	46.04834592
chr7	84306436	0.02895587938	46.04844932
chr7	84461444	0.04232668176	46.05293771
chr7	84461672	0.04224582484	46.05294737
chr7	84605447	0.02029563439	46.05902126
chr7	84620489	0.0270792439	46.05932655
chr7	84621495	0.02878166053	46.05935379
chr7	84631198	0.02606196647	46.05963306
chr7	85125483	0.03285819934	46.07251509
chr7	85128725	0.03183265135	46.07262162
chr7	85128938	0.03440938483	46.0726284
chr7	85332722	0.03582068538	46.07964048
chr7	85607516	0.03372563057	46.08948379
chr7	85632687	0.03713047558	46.0903327
chr7	85632775	0.03033424272	46.09033597
chr7	86336646	0.04397535802	46.11168736
chr7	86466940	0.07536985792	46.11741709
chr7	86467343	0.07505835885	46.11744746
chr7	86643155	0.07278180951	46.13064362
chr7	86643184	0.03365792945	46.13064573
chr7	86643228	1.001018918	46.13064721
chr7	86643296	1.008958125	46.13071528
chr7	86645172	1.32883886	46.13260809
chr7	86645234	1.644791441	46.13269048
chr7	86645266	1.641386596	46.13274311
chr7	86646660	1.639684179	46.1350312
chr7	86646792	0.6723231904	46.13524764
chr7	86648769	1.581997078	46.13657682
chr7	86650791	1.581665115	46.13977562
chr7	86655950	0.770876264	46.14793543
chr7	86656146	0.5032719607	46.14808652
chr7	86656795	0.1226125998	46.14841315
chr7	86727253	0.1326609095	46.15705219
chr7	86727258	0.1365454079	46.15705285
chr7	86727294	0.07435555661	46.15705776
chr7	86826827	0.07410844641	46.1644586
chr7	86889942	0.0517338872	46.16913595
chr7	86895996	0.06825390652	46.16944915
chr7	86974003	0.06468515242	46.17477343
chr7	86980789	0.0612540056	46.17521238
chr7	86982951	0.0667727043	46.17534481
chr7	87049643	0.06944958046	46.17979802
chr7	87049691	0.053921918	46.17980135
chr7	87303886	0.05339733113	46.19350804
chr7	87305322	0.04299142455	46.19358471
chr7	87403401	0.03619670522	46.19780127
chr7	87488966	0.02359806024	46.20089844
chr7	87489905	0.03518933321	46.2009206
chr7	87491052	0.06349327268	46.20096096
chr7	87607677	0.06129453861	46.20836586
chr7	87612861	0.03299059913	46.20868362
chr7	87614805	0.05073042687	46.20874775
chr7	87660743	0.05500089194	46.2110782
chr7	87775628	0.0535895914	46.21739698
chr7	87777517	0.04967853929	46.21749821
chr7	87834949	0.05179176105	46.22035135
chr7	87835251	0.05523930461	46.22036699
chr7	88192951	0.04927597603	46.24012609
chr7	88337513	0.04114090757	46.24724952
chr7	88337589	0.07389180467	46.24725265
chr7	88337590	0.06451462327	46.24725272
chr7	88337638	0.06969047917	46.24725582
chr7	88337640	0.08448254113	46.24725596
chr7	88337731	0.0843725444	46.24726365
chr7	88337800	0.1109513365	46.24726947
chr7	88337830	0.1040954908	46.2472728
chr7	88337858	0.1474770252	46.24727571
chr7	88337899	0.1520891384	46.24728176
chr7	88468073	0.3330351648	46.26707981
chr7	88468295	0.280237866	46.26715375
chr7	88472481	0.5107590323	46.26832682
chr7	88487266	0.3368810308	46.27587839
chr7	88487408	0.354451127	46.27592623
chr7	88487430	0.3719645483	46.27593403
chr7	88487437	0.1257125779	46.27593663
chr7	88487467	0.1670709417	46.2759404
chr7	88507424	0.1467385958	46.27927464
chr7	88570716	0.1319465342	46.28856202
chr7	88570828	0.09058817039	46.2885768
chr7	88683632	0.07301807415	46.2987955
chr7	88683821	0.1045636749	46.2988093
chr7	88684286	0.1090973782	46.29885793
chr7	88684289	0.09158395628	46.29885825
chr7	88807419	0.0808093672	46.31013499
chr7	88822479	0.05594477545	46.31135197
chr7	88835289	0.05249723189	46.31206863
chr7	88873218	0.06873770861	46.3140598
chr7	88878522	0.06236413822	46.31442438
chr7	88878539	0.0774993254	46.31442544
chr7	88878748	0.09418078761	46.31444164
chr7	89085425	41.60555035	46.33390664
chr7	89085507	41.57610692	46.3373183
chr7	89085508	0.03785916394	46.33735987
chr7	89085674	0.04177657529	46.33736616
chr7	89086458	0.03602270247	46.33739891
chr7	89103109	0.03683312903	46.33799872
chr7	89106331	0.02169794183	46.3381174
chr7	89199166	4.816794692	46.34013173
chr7	89199862	4.810113683	46.34348422
chr7	89199885	0.01501693285	46.34359485
chr7	89199936	0.1215976971	46.34359562
chr7	89232284	0.01699109485	46.34752906
chr7	89242734	0.02277412449	46.34770661
chr7	89557068	0.03125795144	46.3548653
chr7	89838905	0.02547492179	46.36367494
chr7	89839991	0.03686842661	46.36370261
chr7	89840079	1.752369542	46.36370585
chr7	89842122	0.07254240586	46.36728594
chr7	89842127	0.1009541066	46.36728631
chr7	89898732	0.1038534025	46.37300081
chr7	89900726	0.1597116621	46.3732079
chr7	89963447	0.1317653992	46.38322517
chr7	89963450	0.1232815722	46.38322557
chr7	89963474	0.09486987229	46.38322853
chr7	89963549	0.03999069483	46.38323564
chr7	89963856	0.04338799758	46.38324792
chr7	89965005	0.0444239248	46.38329777
chr7	89965764	0.04050651344	46.38333149
chr7	89975163	0.04360632136	46.38371221
chr7	89980414	0.110458084	46.38394119
chr7	90142591	0.09906457924	46.40185495
chr7	90142636	0.07781176165	46.40185941
chr7	90143180	0.08861054814	46.40190174
chr7	90143475	0.09481074372	46.40192788
chr7	90144023	0.06762346044	46.40197983
chr7	90211330	0.07226674394	46.40653136
chr7	90288266	0.06453902696	46.41209128
chr7	90288639	0.07429530779	46.41211535
chr7	90325305	0.0754086482	46.41483946
chr7	90456557	0.1216247581	46.424737
chr7	90461922	0.1367639755	46.42538952
chr7	90462445	0.1241990129	46.42546104
chr7	90462584	0.1658677893	46.42547831
chr7	90470547	0.1742432433	46.42679911
chr7	90545324	0.1325744669	46.4398285
chr7	90699534	0.1263742713	46.46027281
chr7	90706238	0.1122627331	46.46112002
chr7	90710491	0.1379732283	46.46159747
chr7	90978683	47.29745983	46.49860079
chr7	90978756	0.06904115268	46.50205351
chr7	90978839	0.06823685015	46.50205924
chr7	91012945	0.06347688052	46.50438652
chr7	91017866	0.1127237461	46.50469889
chr7	91087385	0.1096239382	46.51253533
chr7	91087874	0.05747777667	46.51258894
chr7	91146539	0.04869107759	46.51596087
chr7	91178638	0.05022791208	46.51752381
chr7	91523181	0.03103377684	46.53482948
chr7	91523248	0.0386339849	46.53483156
chr7	91523256	0.03682147358	46.53483187
chr7	93173902	0.03473280172	46.59561109
chr7	93232961	0.03069973804	46.59766237
chr7	93293044	0.02921005057	46.59950691
chr7	93293110	0.02427812452	46.59950884
chr7	93293436	0.02152630909	46.59951675
chr7	93357257	0.0221747901	46.60089058
chr7	93357276	0.02029495272	46.600891
chr7	93421750	0.01847895538	46.6021995
chr7	93421939	0.02044086393	46.60220299
chr7	93421999	0.02969811976	46.60220422
chr7	93422059	0.02573842882	46.602206
chr7	93422105	0.02818996528	46.60220718
chr7	93706371	0.03896054251	46.61022063
chr7	93706449	0.03738135343	46.61022367
chr7	93712924	0.03898873047	46.61046572
chr7	93712925	0.0401377773	46.61046575
chr7	93804924	0.04465317066	46.61415839
chr7	93814838	0.04369641559	46.61460108
chr7	93816738	0.04266873641	46.6146841
chr7	94086960	1.559777627	46.62621414
chr7	94089236	0.05765698623	46.62976419
chr7	94252046	0.03677287392	46.63915132
chr7	95720446	0.02515084545	46.69314861
chr7	95720534	0.03110797481	46.69315082
chr7	95722133	0.02809129606	46.69320057
chr7	95857827	0.02648391589	46.69701239
chr7	95858199	0.02453743968	46.69702224
chr7	95877674	0.07914034364	46.69750011
chr7	95877826	0.2703006063	46.69751213
chr7	96020160	0.2460781818	46.7359851
chr7	96020315	0.2218821065	46.73602324
chr7	96020331	0.9239201569	46.73602679
chr7	96036158	0.06434102158	46.75064968
chr7	96036438	0.07520288385	46.75066769
chr7	96244858	0.07648581588	46.76634148
chr7	96353701	0.07168666149	46.77466642
chr7	96353803	0.08014908157	46.77467374
chr7	96353849	0.08113046206	46.77467742
chr7	96467875	0.1221626073	46.7839284
chr7	96467938	0.1175497413	46.7839361
chr7	96468102	0.1316049014	46.78395538
chr7	96579345	0.1412682081	46.7985955
chr7	96688896	0.189199843	46.81407158
chr7	96713356	0.1751552752	46.8186994
chr7	96713398	0.1589035576	46.81870676
chr7	96713491	0.1448667094	46.81872154
chr7	96713497	0.1463860571	46.81872241
chr7	96713499	0.1323496642	46.8187227
chr7	96713548	0.2046810303	46.81872919
chr7	96760825	0.1567493954	46.82840589
chr7	96761213	0.07595560931	46.82846671
chr7	96761335	0.1188314864	46.82847598
chr7	96761379	0.1542702045	46.82848121
chr7	96761414	0.1951877636	46.8284866
chr7	96761464	0.2547492092	46.82849636
chr7	96761486	0.2809156051	46.82850197
chr7	96932708	0.2780713976	46.8766009
chr7	96932748	0.2579581356	46.87661202
chr7	96935117	0.1173099348	46.87722313
chr7	96935129	0.1017540828	46.87722453
chr7	96936067	0.08927390162	46.87731998
chr7	96936125	0.07961059502	46.87732516
chr7	96936183	0.08325851093	46.87732977
chr7	96936552	0.1043973734	46.8773605
chr7	96943679	0.1274850492	46.87810454
chr7	96943706	0.1442532351	46.87810798
chr7	96943707	0.1537667915	46.87810812
chr7	96947333	0.2007340514	46.87866568
chr7	97085797	0.1804947402	46.90646012
chr7	97085817	0.155598907	46.90646373
chr7	97305855	0.1723055086	46.9407014
chr7	97306103	0.1471424719	46.94074414
chr7	97306239	0.1487392912	46.94076415
chr7	97307863	0.132961676	46.9410057
chr7	97386347	0.1219507962	46.95144106
chr7	97415949	0.1116789194	46.95505105
chr7	97718587	0.060796095	46.98884934
chr7	97881291	0.05347109879	46.9987411
chr7	97889868	0.05871889256	46.99919973
chr7	97891300	0.05271730284	46.99928381
chr7	97891368	0.05627070885	46.9992874
chr7	97893543	0.06252053811	46.99940978
chr7	98159276	0.07480946704	47.01602355
chr7	98159393	0.08371671382	47.01603231
chr7	98159637	0.09226707966	47.01605273
chr7	98444466	0.1255808418	47.04233307
chr7	98444512	0.1222289086	47.04233885
chr7	98444562	0.1218877885	47.04234496
chr7	98445180	0.1186316811	47.04242029
chr7	98445186	0.1061565669	47.042421
chr7	98482847	0.1597418103	47.04641896
chr7	98484120	0.1491284865	47.04662231
chr7	98546457	0.1402212397	47.05591854
chr7	98546509	0.1372495215	47.05592583
chr7	98546844	0.1320017277	47.05597181
chr7	98547187	0.07841648426	47.05601708
chr7	98547957	0.0423261862	47.05607746
chr7	98549262	0.03708625659	47.0561327
chr7	98721140	0.01821872218	47.06250701
chr7	98721150	0.01142231655	47.06250719
chr7	98721639	0.00727018765	47.06251278
chr7	98762083	0.01785699126	47.06280681
chr7	98765584	0.03854808739	47.06286933
chr7	98765601	0.04198464799	47.06286999
chr7	98932198	0.04070171578	47.0698645
chr7	98932210	0.03338022907	47.06986499
chr7	98932215	0.1987601188	47.06986516
chr7	98953062	0.033380229	47.07400871
chr7	99056116	0.02165476095	47.07744868
chr7	99056170	0.02642093578	47.07744985
chr7	99190084	0.01305132672	47.08098798
chr7	99190450	0.01774931431	47.08099276
chr7	99334637	0.03214305263	47.08355198
chr7	99335113	0.0361196736	47.08356728
chr7	99335120	0.05054249511	47.08356753
chr7	99574163	0.0394406568	47.09564936
chr7	99590039	0.03703037314	47.09627552
chr7	99768785	0.01931565151	47.10289455
chr7	99768835	0.01587909073	47.10289552
chr7	99779507	0.0648294907	47.10306498
chr7	99779533	0.06109091893	47.10306666
chr7	99924312	0.2316954464	47.11191135
chr7	99924389	0.2633141751	47.11192919
chr7	99939252	0.2984085823	47.11584283
chr7	99943979	0.1364629345	47.1172534
chr7	100017368	0.1476170642	47.12726828
chr7	100033344	0.1699566482	47.12962661
chr7	100033428	0.1383379194	47.12964089
chr7	100033713	0.1588127485	47.12968031
chr7	100037492	0.1237183413	47.13028047
chr7	100039224	0.1357211911	47.13049475
chr7	100202099	0.2219781625	47.15260034
chr7	100202135	0.224072721	47.15260833
chr7	100283339	0.1561447496	47.17080393
chr7	100283364	0.1586018248	47.17080783
chr7	100283451	0.0852870805	47.17082163
chr7	100326462	0.06213010104	47.17448991
chr7	100326645	0.06588125795	47.17450128
chr7	100331800	0.06841678073	47.1748409
chr7	100512706	0.070522371	47.18721791
chr7	100517158	0.05577731366	47.18753187
chr7	100724959	0.05819650012	47.19912245
chr7	101124491	0.05643937963	47.22237382
chr7	101204788	0.05819737834	47.22690573
chr7	101447245	0.06103228966	47.24101609
chr7	101686526	0.05857521441	47.25561996
chr7	101686571	0.06095616242	47.2556226
chr7	101691549	0.2733870112	47.25592604
chr7	101838858	0.2714774859	47.2961984
chr7	101839303	1.104619856	47.29631921
chr7	101843497	0.2825706041	47.30095199
chr7	101848076	0.04028384084	47.30224588
chr7	101848150	0.06900665563	47.30224886
chr7	102142672	0.5333399301	47.32257284
chr7	102142696	0.4982247913	47.32258564
chr7	102144824	0.4964501323	47.32364586
chr7	102144954	0.5018496185	47.3237104
chr7	102150097	12.11900218	47.32629141
chr7	102150382	0.3387738781	47.32974533
chr7	102150433	0.3457452694	47.3297626
chr7	102150479	0.351201409	47.32977851
chr7	102151039	0.3756851935	47.32997518
chr7	102271097	0.09408538789	47.37507919
chr7	102404765	0.07566322411	47.3876554
chr7	102418314	0.08050522565	47.38868056
chr7	102661220	0.08442066587	47.40823576
chr7	102663394	0.08005508298	47.40841929
chr7	102782292	0.08602988553	47.41793768
chr7	102782368	0.08057374599	47.41794422
chr7	102783473	0.07517425974	47.41803325
chr7	102786424	0.08496870627	47.41825509
chr7	102984242	0.07015766154	47.43506343
chr7	103130349	0.05729083245	47.44531396
chr7	103134597	0.04409623064	47.44555733
chr7	103136330	0.05045726556	47.44563375
chr7	103137376	0.06320021318	47.44568653
chr7	103138416	0.05971060414	47.44575226
chr7	103138427	0.05453174268	47.44575291
chr7	103138439	0.05692160629	47.44575357
chr7	103138551	0.06640416053	47.44575994
chr7	103140403	0.09085991589	47.44588292
chr7	103140451	0.1100877621	47.44588728
chr7	103140590	0.1210985447	47.44590259
chr7	103140637	0.1176167626	47.44590828
chr7	103165924	0.1158587639	47.44888245
chr7	103406831	0.1463584438	47.47679364
chr7	103422238	0.1598146739	47.47904858
chr7	103422355	0.1296799759	47.47906728
chr7	103428773	0.143483926	47.47989957
chr7	103428798	0.1410404552	47.47990316
chr7	103678309	0.121953364	47.5150943
chr7	103678329	0.09944706051	47.51509674
chr7	103678452	0.0795825252	47.51510897
chr7	103678487	0.07185748602	47.51511176
chr7	103678526	0.1015934298	47.51511456
chr7	103678533	0.08778948001	47.51511527
chr7	103794017	0.08861655461	47.52525355
chr7	103794048	0.07971282735	47.5252563
chr7	103794371	0.0615489772	47.52528205
chr7	103794410	0.05688483808	47.52528445
chr7	103794469	0.02488570789	47.5252878
chr7	103794509	0.0282993619	47.5252888
chr7	103794956	0.1210801783	47.52530145
chr7	103795028	0.1254661756	47.52531016
chr7	103795538	0.1305189127	47.52537415
chr7	103974027	0.1731402833	47.54867034
chr7	103974415	0.1013202174	47.54873752
chr7	103974720	0.1227195916	47.54876842
chr7	103974985	0.1179486513	47.54880094
chr7	104007154	0.144200247	47.55259523
chr7	104135786	0.1228865978	47.571144
chr7	104135831	0.1256416941	47.57114953
chr7	104136239	0.1322248314	47.57120079
chr7	104136448	0.1343483041	47.57122843
chr7	104138486	0.1080967084	47.57150223
chr7	104138756	0.1410462431	47.57153142
chr7	104138789	0.1416300232	47.57153607
chr7	104243391	0.1086804885	47.58635085
chr7	104255984	0.1228864732	47.58771947
chr7	104256066	0.1299723911	47.58772954
chr7	104256138	0.1385090705	47.5877389
chr7	104435020	0.2205149795	47.61251568
chr7	104477714	0.2283811206	47.62193035
chr7	104477778	0.2453365762	47.62194496
chr7	104477876	0.2402838391	47.62196901
chr7	104517840	0.2544113284	47.63157171
chr7	104517848	0.2619047578	47.63157375
chr7	104517853	0.2588371864	47.63157506
chr7	104517855	0.2831000111	47.63157557
chr7	104518824	0.2419602736	47.6318499
chr7	104519385	0.201094102	47.63198564
chr7	104581063	0.1987042385	47.64438872
chr7	104581092	0.2090847153	47.64439448
chr7	104629422	0.2240470869	47.65449955
chr7	104659952	25.16726236	47.6613397
chr7	104659956	25.14300278	47.66144037
chr7	104660004	25.14802836	47.66264724
chr7	104660228	0.1822005149	47.66828039
chr7	104660294	0.1995188086	47.66829242
chr7	104660295	0.1806292038	47.66829262
chr7	104660360	0.1942104788	47.66830436
chr7	104660398	0.1906141672	47.66831174
chr7	104660405	0.1887696809	47.66831307
chr7	104660444	0.2127067122	47.66832044
chr7	104660504	0.2300020733	47.6683332
chr7	104660641	0.2435983985	47.66836471
chr7	104660749	0.2675862264	47.66839102
chr7	104715110	0.3447456191	47.68293727
chr7	104804409	0.3758761448	47.71372271
chr7	104804420	0.4387027918	47.71372685
chr7	104804475	0.5276753652	47.71375098
chr7	104857802	2.427510721	47.74189032
chr7	104858849	2.471404522	47.74443192
chr7	104858946	2.454040083	47.74467165
chr7	104859272	2.472253506	47.74547167
chr7	104859273	2.533945811	47.74547414
chr7	104859360	2.595701105	47.74569459
chr7	104859371	2.578382808	47.74572314
chr7	104859392	2.64017352	47.74577729
chr7	104859529	2.765194651	47.74613899
chr7	104859557	0.8007077201	47.74621642
chr7	104859578	1.948783132	47.74623323
chr7	104859845	1.916525399	47.74675356
chr7	104860009	2.102380526	47.74706787
chr7	104862943	1.077811563	47.75323625
chr7	104863304	1.145531202	47.75362534
chr7	104914058	1.082601356	47.81176564
chr7	104914129	1.019734331	47.8118425
chr7	104914209	1.014495843	47.81192408
chr7	104914215	0.8247369287	47.81193017
chr7	104915158	0.4841969672	47.81270789
chr7	104915188	0.3606509612	47.81272242
chr7	104915223	0.385208622	47.81273504
chr7	104915299	0.4097038196	47.81276432
chr7	104915660	0.1629962838	47.81291222
chr7	104915720	0.1320045578	47.812922
chr7	104915963	0.1725778642	47.81295408
chr7	104915982	0.2221242798	47.81295736
chr7	104916007	0.2142581387	47.81296291
chr7	104977052	0.2581428993	47.8260423
chr7	104977111	0.2695913765	47.82605753
chr7	104977941	0.2793586723	47.82628129
chr7	104978701	0.3246215653	47.8264936
chr7	104979589	0.3318068702	47.82678186
chr7	105054871	0.2865439772	47.85176095
chr7	105055105	0.261762492	47.851828
chr7	105055198	0.2369975615	47.85185234
chr7	105055247	0.2123869599	47.85186396
chr7	105055614	0.1439445385	47.8519419
chr7	105056048	0.1477828215	47.85200438
chr7	105056065	0.232688862	47.85200689
chr7	105056066	0.2896510097	47.85200712
chr7	105111240	0.3415527147	47.86798833
chr7	105129557	0.3647379964	47.87424455
chr7	105130687	0.3486816889	47.8746567
chr7	105176465	0.3355351701	47.89061865
chr7	105176487	0.3288546893	47.89062603
chr7	105176488	0.3492857191	47.89062636
chr7	105176511	0.3206612469	47.8906344
chr7	105177667	0.2712333464	47.89100508
chr7	105177682	0.2539726209	47.89100915
chr7	105177730	17.421913	47.89102134
chr7	105178051	17.43548065	47.89661377
chr7	105178067	17.45610466	47.89689274
chr7	105178083	7.68932119	47.89717204
chr7	105178113	7.705038976	47.89740272
chr7	105178188	0.1697729173	47.8979806
chr7	105178280	0.1821615227	47.89799621
chr7	105178297	0.2560234567	47.89799931
chr7	105178377	0.2766968095	47.89801979
chr7	105178378	0.3117976492	47.89802007
chr7	105179731	0.314418795	47.89844193
chr7	105179741	0.3143264091	47.89844508
chr7	105180827	0.3601334991	47.89878643
chr7	105219813	0.3876218748	47.9128266
chr7	105219824	0.3762756523	47.91283086
chr7	105219928	0.4037892553	47.91287
chr7	105276600	0.3686884167	47.93575354
chr7	105278258	0.3340546579	47.93636483
chr7	105345146	0.3233836246	47.95870907
chr7	105345176	0.3262830377	47.95871878
chr7	105345235	0.2642577641	47.95873803
chr7	105345236	0.1473123564	47.95873829
chr7	105456574	0.1349237509	47.97513975
chr7	105457657	0.06715482277	47.97528588
chr7	105457726	0.06080045874	47.97529051
chr7	105459217	0.108486467	47.97538116
chr7	105459253	0.09610373489	47.97538507
chr7	105459412	0.09231784308	47.97540035
chr7	105460148	0.08865908759	47.9754683
chr7	105516893	0.09753628989	47.98049926
chr7	105521006	0.09775874411	47.98090042
chr7	105521024	0.04197744793	47.98090218
chr7	105554036	0.04194128677	47.98228794
chr7	105610104	0.04340686686	47.98463951
chr7	105612338	0.05880070865	47.98473648
chr7	105760050	0.05667723583	47.99342205
chr7	105760072	0.0401515233	47.99342329
chr7	105760107	0.04967127838	47.9934247
chr7	105760134	0.05450308075	47.99342604
chr7	105760147	0.06326961065	47.99342675
chr7	105764246	0.06798755361	47.99368609
chr7	105764753	0.07847259933	47.99372056
chr7	105905267	0.06959539704	48.00474706
chr7	105906040	0.07497146002	48.00480086
chr7	105908802	0.08085291661	48.00500793
chr7	106122267	0.07867913855	48.0222672
chr7	106377986	0.07309960068	48.04238695
chr7	106378026	0.06747783914	48.04238987
chr7	106379599	0.08817601565	48.04249601
chr7	106380101	0.1220318666	48.04254028
chr7	106473609	0.1186324535	48.05395123
chr7	106473672	0.108937367	48.05395871
chr7	106494996	0.1030559105	48.05628169
chr7	106495004	0.09833796747	48.05628251
chr7	106495062	0.09571682147	48.05628821
chr7	106495590	0.1639227755	48.05633875
chr7	106495975	0.1659788436	48.05640186
chr7	106497261	0.2364733447	48.05661531
chr7	106497283	0.3372582249	48.05662051
chr7	106497321	0.4070774749	48.05663333
chr7	106529902	0.612308415	48.06989632
chr7	106530051	0.8192516661	48.06998756
chr7	106534270	0.8163522532	48.07344398
chr7	106534794	0.8765074459	48.07387175
chr7	106546138	0.8083014919	48.08381485
chr7	106546168	0.6465825882	48.0838391
chr7	106546701	0.3652445173	48.08418373
chr7	106546711	0.1583012663	48.08418738
chr7	106547341	0.08653595398	48.08428711
chr7	106592107	0.02638076121	48.08816098
chr7	106823773	0.02948306832	48.0942725
chr7	106823959	0.06026689316	48.09427799
chr7	107045569	0.044709497	48.10763373
chr7	107050386	0.02948306833	48.1078491
chr7	107055595	0.03178081187	48.10800267
chr7	107065028	0.0540213598	48.10830246
chr7	107065278	0.0656902171	48.10831597
chr7	107253652	0.0474121901	48.1206903
chr7	107935099	0.1514441559	48.15299919
chr7	107937314	0.2802713946	48.15333464
chr7	107937650	0.2777927455	48.15342881
chr7	107937760	0.2738411745	48.15345937
chr7	107955128	0.2699667299	48.15821544
chr7	107955602	0.281734461	48.15834341
chr7	107962446	4.249866923	48.1602716
chr7	107962534	4.247574268	48.16064559
chr7	107962568	8.86912194	48.16079
chr7	107963314	2.422714995	48.16740637
chr7	107963561	2.428505465	48.16800478
chr7	107964076	2.299678226	48.16925546
chr7	107964787	2.29720405	48.17089053
chr7	107964845	0.04529381957	48.17102377
chr7	107965234	0.06275472657	48.17104139
chr7	107965239	0.06151792414	48.1710417
chr7	108020060	0.06584201928	48.17441418
chr7	108172804	0.06378595121	48.18447115
chr7	108204026	0.07353423115	48.18646267
chr7	108204029	0.0832454992	48.18646289
chr7	108541556	0.1127974695	48.2145605
chr7	108556056	0.09884785612	48.21619606
chr7	108556058	0.0872149259	48.21619626
chr7	108557240	0.1375393295	48.21629935
chr7	108557696	0.121971815	48.21636206
chr7	108557706	0.1565144264	48.21636328
chr7	108557916	0.2005151227	48.21639615
chr7	108558966	0.194724653	48.21660669
chr7	108558983	0.1934928616	48.21661
chr7	108559017	0.1876865745	48.21661658
chr7	108559047	0.3424557505	48.21662221
chr7	108559091	0.5114137965	48.21663728
chr7	108559104	0.5149130037	48.21664393
chr7	108559134	0.6670610428	48.21665938
chr7	108559172	0.8325282419	48.21668473
chr7	108579984	0.907862549	48.2340113
chr7	108580008	0.6542804365	48.23403309
chr7	108581794	0.9791981336	48.23520164
chr7	108581822	0.8275253271	48.23522905
chr7	108624995	0.7862056257	48.27095581
chr7	108625155	0.2687215245	48.2710816
chr7	108625733	0.2867511264	48.27123692
chr7	108625749	0.1828991321	48.27124151
chr7	108626099	0.2732024179	48.27130552
chr7	108626198	0.2841212806	48.27133257
chr7	108626222	0.3059606659	48.27133939
chr7	108636271	0.2657775738	48.27441399
chr7	108668711	0.25798109	48.28303581
chr7	108668795	0.2821804519	48.28305748
chr7	108668811	0.2861213587	48.283062
chr7	108816920	0.2628591103	48.32543914
chr7	108816956	0.2456478868	48.32544861
chr7	108816974	0.1374508297	48.32545303
chr7	108817070	0.1193974364	48.32546622
chr7	108817294	0.1470545027	48.32549297
chr7	108817377	0.1195265568	48.32550517
chr7	108817446	0.1797209868	48.32551342
chr7	108818165	0.1897901248	48.32564264
chr7	108818331	0.1945699646	48.32567415
chr7	108939386	0.1994091389	48.34922781
chr7	108941659	0.1716529897	48.34968107
chr7	108941701	0.1773841556	48.34968828
chr7	108941952	0.1394165023	48.3497328
chr7	108941960	0.1189557349	48.34973392
chr7	108964487	0.1367958644	48.35241363
chr7	109041089	0.1459205347	48.36289247
chr7	109300699	0.1750810303	48.4007749
chr7	109300712	0.1680619035	48.40077718
chr7	109300826	0.1825000667	48.40079634
chr7	109418930	0.1312478095	48.42235032
chr7	109418962	0.1233230857	48.42235452
chr7	109418965	0.1461604478	48.42235489
chr7	109420416	0.2786530318	48.42256697
chr7	109420427	0.3065364619	48.42257004
chr7	109425873	0.3840829415	48.42423944
chr7	109425877	0.4733507875	48.42424097
chr7	109425911	0.5029506583	48.42425707
chr7	109539370	0.4991330541	48.48132135
chr7	109539615	0.4561190549	48.48144363
chr7	109539626	0.4210297213	48.48144865
chr7	109539628	0.3924576756	48.48144949
chr7	109539668	0.3346360111	48.48146519
chr7	109542358	0.2934781799	48.48236536
chr7	109542387	0.263878309	48.48237387
chr7	109542396	0.2342893616	48.48237625
chr7	109543253	0.1724215319	48.48257703
chr7	109543259	0.1855647387	48.48257807
chr7	109543267	0.1504641669	48.48257955
chr7	109543284	4.455614997	48.48258211
chr7	109543335	4.511153845	48.48280935
chr7	109543390	4.492197829	48.48305746
chr7	109543592	4.565113327	48.48396488
chr7	109543654	4.56117242	48.48424792
chr7	109544073	4.53328899	48.48615905
chr7	109544097	0.2926068705	48.48626785
chr7	109544338	0.3695432841	48.48633837
chr7	109544377	0.4092153913	48.48635278
chr7	109544756	0.4723026229	48.48650787
chr7	109544795	0.4905729011	48.48652629
chr7	109544839	0.5227741189	48.48654788
chr7	109547314	0.5192902399	48.48784175
chr7	109588605	0.542698743	48.50928376
chr7	109588791	0.5768376551	48.5093847
chr7	109588906	0.5844546371	48.50945104
chr7	109589145	0.6079492806	48.50959072
chr7	109589150	0.5310128677	48.50959376
chr7	109606291	0.4652804307	48.51869585
chr7	109606407	0.3987461655	48.51874983
chr7	109651837	0.3939069912	48.53686486
chr7	109728727	0.8648364494	48.56715237
chr7	109729238	0.8478660932	48.5675943
chr7	109733472	0.8325092696	48.57118417
chr7	109733499	0.7962016548	48.57120665
chr7	109734411	0.7599168367	48.57193278
chr7	109735888	0.7295654422	48.57305518
chr7	109735901	0.7165759659	48.57306466
chr7	109736048	0.2456465077	48.57317
chr7	109737951	0.2677736329	48.57363747
chr7	109896321	0.2466026428	48.61604478
chr7	109896899	0.235648212	48.61618731
chr7	109896982	0.2244614007	48.61620687
chr7	109911780	0.2511230761	48.61952845
chr7	110025953	0.8096144919	48.64819993
chr7	110030190	1.160059152	48.65163026
chr7	110030281	1.148348022	48.65173583
chr7	110031064	1.274571738	48.65263498
chr7	110038143	0.6818525227	48.66165768
chr7	110038241	0.6731010598	48.6617245
chr7	110040028	0.2887689813	48.66292733
chr7	110040071	0.2646883317	48.66293975
chr7	110040072	0.2463919519	48.66294001
chr7	110040113	0.2387528947	48.66295011
chr7	110040636	0.2276812932	48.66307498
chr7	110041092	0.3890953972	48.6631788
chr7	110041447	2.114605248	48.66331693
chr7	110041536	2.116120404	48.66350513
chr7	110042572	2.431552661	48.66569743
chr7	110042993	2.434224798	48.66672112
chr7	110043152	2.423003762	48.66710816
chr7	110043428	0.6826329575	48.66777691
chr7	110043439	0.6958095226	48.66778442
chr7	110043657	2.09049988	48.6679361
chr7	110044346	2.079409617	48.66937646
chr7	110044520	2.092723467	48.66973828
chr7	110044522	2.118625382	48.66974246
chr7	110044565	4.322437103	48.66983356
chr7	110044759	6.769331754	48.67067212
chr7	110046121	6.795548615	48.67989194
chr7	110046129	3.196462757	48.67994631
chr7	110046166	3.262229768	48.68006458
chr7	110046167	3.265826557	48.68006784
chr7	110046168	0.818614274	48.68007111
chr7	110053502	0.5031820175	48.68607482
chr7	110058378	0.1775093512	48.68852834
chr7	110058547	0.1667553975	48.68855834
chr7	110177627	0.1537790751	48.70841557
chr7	110178886	0.1579539099	48.70860918
chr7	110287645	0.1612384511	48.72578809
chr7	110291839	0.3693627335	48.72646432
chr7	110292237	0.3814407032	48.72661133
chr7	110297891	0.4201879074	48.72876799
chr7	110303474	0.4117891471	48.7311139
chr7	110304628	0.4148385324	48.73158911
chr7	110305064	0.3927103499	48.73176998
chr7	110305091	0.1195926328	48.73178058
chr7	110305796	0.1454235446	48.73186489
chr7	110324127	0.1475870113	48.73453065
chr7	110331185	0.1567921754	48.73557232
chr7	110331260	0.1659991833	48.73558408
chr7	110419068	0.1568670446	48.75016014
chr7	110442607	0.1630005837	48.75385263
chr7	110564827	0.1242533795	48.77377456
chr7	110705480	0.1118117554	48.79125117
chr7	110705722	0.09339958347	48.79127823
chr7	110795975	0.09975088049	48.79970782
chr7	110799631	0.08578802017	48.80007251
chr7	110802785	0.1035684488	48.80034309
chr7	110918593	0.1118023111	48.81233714
chr7	111004709	0.09789714699	48.82196511
chr7	111004921	0.103308023	48.82198587
chr7	111004990	0.1701737347	48.82199299
chr7	111005017	0.2080725203	48.82199759
chr7	111170514	0.2285589074	48.85643297
chr7	111322950	0.2002437306	48.89127357
chr7	111323959	0.4584384856	48.89147562
chr7	111332758	7.890836613	48.89550942
chr7	111332761	7.915853845	48.89553309
chr7	111333224	1.175220445	48.89919813
chr7	111335539	1.189632595	48.90191877
chr7	111335825	1.179210614	48.902259
chr7	111337312	0.9447033147	48.90401249
chr7	111337324	0.9507164945	48.90402382
chr7	111337530	1.015266392	48.90421967
chr7	111338588	1.012615042	48.90529382
chr7	111338805	7.596585453	48.90551356
chr7	111339256	7.586271288	48.90893962
chr7	111339282	7.575957925	48.90913686
chr7	111339286	0.4082353404	48.90916717
chr7	111339395	0.4751155453	48.90921167
chr7	111339901	0.5595304142	48.90945207
chr7	111371005	0.6132024136	48.92685571
chr7	111371018	0.6480562782	48.92686368
chr7	111390912	0.7258309756	48.93975611
chr7	111390941	0.5264855361	48.93977716
chr7	111390945	0.4596053313	48.93977927
chr7	111434043	0.4475273617	48.95958734
chr7	111434295	0.4135725022	48.95970011
chr7	111435241	0.243870561	48.96009135
chr7	111435718	0.3570938851	48.96020768
chr7	111435724	0.3211142708	48.96020982
chr7	111469936	1.832302812	48.97119578
chr7	111469966	1.805795491	48.97125075
chr7	111470008	1.779296729	48.9713266
chr7	111470105	1.787118238	48.97149919
chr7	111470202	1.687139275	48.97167254
chr7	111470573	1.662122045	48.97229847
chr7	111470927	2.684970656	48.97288686
chr7	111471216	2.746586719	48.97366281
chr7	111472166	1.200544314	48.97627207
chr7	111474120	0.2042208549	48.97861794
chr7	111474142	0.224203984	48.97862243
chr7	111545075	0.1756143911	48.99452589
chr7	111574759	0.1612022409	48.99973883
chr7	111577922	0.1768357126	49.00024871
chr7	111655982	0.2376877584	49.01405251
chr7	111781558	0.210232874	49.04390038
chr7	111781659	0.2146163562	49.04392162
chr7	111781706	0.2034067395	49.0439317
chr7	111782000	0.192208628	49.04399151
chr7	111782046	0.2189864749	49.04400035
chr7	111782089	0.2244828881	49.04400976
chr7	111782121	0.1965098349	49.04401695
chr7	111867106	0.1877363224	49.06071734
chr7	111910677	0.178693484	49.06889719
chr7	111910685	0.1544067888	49.06889862
chr7	111910797	16.39024481	49.06891592
chr7	111910899	16.3824233	49.07058772
chr7	111911009	0.1198074322	49.07238979
chr7	111911049	2.798470823	49.07239458
chr7	111911358	2.790585702	49.07325931
chr7	111912171	2.783349575	49.07552806
chr7	111912325	0.09729267332	49.07595669
chr7	111912348	0.132764401	49.07595893
chr7	111912381	0.1737614467	49.07596331
chr7	111912393	0.8572237067	49.07596539
chr7	111912402	1.475639366	49.07597311
chr7	111912643	1.511048428	49.07632874
chr7	111914724	1.523303838	49.07947323
chr7	111915910	1.537893464	49.08127987
chr7	111915968	1.570898786	49.08136907
chr7	111917592	0.9077569194	49.08392021
chr7	111917691	0.9452920254	49.08401007
chr7	111917715	0.935406986	49.08403276
chr7	111918028	0.9942330391	49.08432554
chr7	111918066	1.103018506	49.08436332
chr7	111918071	1.108696747	49.08436884
chr7	111918081	0.5261389665	49.08437993
chr7	111919377	0.5398863879	49.0850618
chr7	112008763	0.5698770325	49.13332009
chr7	112009078	0.5319954942	49.1334996
chr7	112009323	0.5607076919	49.13362994
chr7	112009543	0.7100847483	49.13375329
chr7	112009560	0.672396595	49.13376536
chr7	112058557	0.8580049161	49.16671078
chr7	112076965	0.9435896447	49.18250494
chr7	112077132	0.8178544557	49.18266251
chr7	112115790	0.7797565736	49.21427913
chr7	112129400	0.8591699197	49.22489162
chr7	112132015	0.8550519098	49.22713835
chr7	112134715	0.7951787777	49.22944699
chr7	112141670	0.688612838	49.23497746
chr7	112152220	0.5627732319	49.24224232
chr7	112153144	0.5387645233	49.24276233
chr7	112161374	0.5527250373	49.24719636
chr7	112161479	0.5385611489	49.24725439
chr7	112170046	0.4496858944	49.25186825
chr7	112170055	0.3828006571	49.25187229
chr7	112170162	0.3614394686	49.25191325
chr7	112170164	0.3476920466	49.25191398
chr7	112170526	0.3563971744	49.25203984
chr7	112372629	0.3327270947	49.32406878
chr7	112406881	0.3543523732	49.33546535
chr7	112406882	0.3456754616	49.3354657
chr7	112407518	0.3061284573	49.33568555
chr7	112408287	0.2636319193	49.33592096
chr7	112408333	0.2559958713	49.33593309
chr7	112409119	0.2717657528	49.3361343
chr7	112409225	0.2648264363	49.33616311
chr7	112409233	0.2945449505	49.33616523
chr7	112409276	0.2875262119	49.3361779
chr7	112409348	0.2606048781	49.3361986
chr7	112409384	0.2903855151	49.33620798
chr7	112409425	0.3282134194	49.33621988
chr7	112409439	0.3520263626	49.33622448
chr7	112409573	0.3608089152	49.33627165
chr7	112409772	0.3906723565	49.33634345
chr7	112409781	0.4677226481	49.33634697
chr7	112525148	0.5015283513	49.39030673
chr7	112525150	0.4417605695	49.39030773
chr7	112525153	0.4032682502	49.39030906
chr7	112525159	0.484498949	49.39031148
chr7	112525220	0.6848757318	49.39034103
chr7	112525244	0.6482044857	49.39035747
chr7	112525577	0.6813727435	49.39057332
chr7	112525677	0.6516247405	49.39064146
chr7	112565842	0.6295831813	49.41681396
chr7	112566309	0.675048416	49.41710798
chr7	112566445	0.5914177413	49.41719979
chr7	112566577	3.97609309	49.41727785
chr7	112566580	7.374252824	49.41728978
chr7	112567593	0.7442294255	49.4247599
chr7	112567602	0.6629987267	49.4247666
chr7	112568167	0.7208689183	49.42514119
chr7	112568174	0.8114438218	49.42514624
chr7	112568186	0.8691889782	49.42515597
chr7	112568196	0.9270873534	49.42516467
chr7	112626483	0.8679596962	49.47920181
chr7	112626965	0.8340662566	49.47962016
chr7	112627091	0.7773442903	49.47972526
chr7	112627122	0.7118855168	49.47974935
chr7	112627133	0.6780798141	49.47975718
chr7	112627237	0.6202755997	49.4798277
chr7	112627394	1.308145936	49.47992509
chr7	112627743	1.093295471	49.48038163
chr7	112627821	0.9692205474	49.48046691
chr7	112627891	0.911475391	49.48053475
chr7	112627995	0.9196735798	49.48062955
chr7	112628814	1.98417351	49.48138276
chr7	112629063	1.992767859	49.48187682
chr7	112629129	2.011059365	49.48200834
chr7	112629204	2.077665899	49.48215917
chr7	112629273	3.34363202	49.48230253
chr7	112629522	3.296035911	49.48313509
chr7	112630124	7.714094778	49.48511931
chr7	112630130	7.749707572	49.48516559
chr7	112630599	7.734306661	49.48880021
chr7	112630920	7.741519241	49.49128292
chr7	112631449	7.769892635	49.49537818
chr7	112631494	5.256416522	49.49572783
chr7	112632015	0.4230055424	49.49846642
chr7	112723804	0.4392769848	49.53729368
chr7	112726891	0.4637226943	49.53864972
chr7	112726940	0.4044121088	49.53867245
chr7	112817614	0.312243579	49.57534211
chr7	112842277	0.2959926914	49.58304297
chr7	112842298	0.8321539392	49.58304919
chr7	112842316	0.7724151552	49.58306417
chr7	112849091	0.8122459573	49.58829728
chr7	112849204	0.3130170891	49.58838906
chr7	112849408	0.3060383122	49.58845292
chr7	112849448	0.2901820504	49.58846516
chr7	112849643	0.2934809831	49.58852175
chr7	112870228	0.3366726323	49.59456305
chr7	112935477	0.2852543911	49.61653061
chr7	112935610	0.321695687	49.61656854
chr7	112935649	0.2819108349	49.61658109
chr7	112935689	0.3696599322	49.61659237
chr7	112936282	0.4805701389	49.61681157
chr7	112937049	0.4658318573	49.61718017
chr7	112990889	0.526322682	49.64226056
chr7	112990916	0.5167668312	49.64227477
chr7	113028354	0.4793214129	49.66162149
chr7	113028379	0.4678840256	49.66163347
chr7	113028806	0.4505680338	49.66183326
chr7	113028857	0.4419497738	49.66185624
chr7	113028884	0.4049714443	49.66186817
chr7	113029763	0.3751353326	49.66222414
chr7	113029769	8.020965645	49.66222639
chr7	113029772	8.003794268	49.66225045
chr7	113029984	7.98221339	49.66394726
chr7	113029985	7.936756598	49.66395524
chr7	113030033	8.316765871	49.6643362
chr7	113030093	8.3362749	49.66483521
chr7	113030219	0.7366950654	49.66588558
chr7	113030273	1.340158544	49.66592536
chr7	113030298	1.553681164	49.66595886
chr7	113030311	1.612317303	49.66597906
chr7	113030320	1.631851423	49.66599357
chr7	113031013	1.669061631	49.66712445
chr7	113047295	1.466519358	49.69430011
chr7	113047834	1.272840657	49.69509056
chr7	113047883	1.282601161	49.69515293
chr7	113047884	1.191381032	49.69515421
chr7	113048507	0.8170592954	49.69589644
chr7	113048536	0.6241133723	49.69592014
chr7	113048590	0.6472942227	49.69595384
chr7	113206677	0.5300809486	49.79828264
chr7	113206683	0.4323567467	49.79828582
chr7	113206753	0.3346713085	49.79831609
chr7	113206779	0.3151443795	49.79832479
chr7	113206815	0.2619446747	49.79833613
chr7	113206870	0.3398446004	49.79835054
chr7	113207503	0.3009328929	49.79856566
chr7	113256929	0.4190327681	49.81343957
chr7	113345610	0.5311944678	49.85059982
chr7	113345923	0.6252313595	49.85076608
chr7	113346076	0.6867398617	49.85086174
chr7	113346294	0.7495333152	49.85101145
chr7	113346489	0.737960015	49.85115761
chr7	113346536	0.7132748768	49.85119229
chr7	113346542	0.6891788797	49.85119657
chr7	113347120	0.6985423445	49.85159492
chr7	113382586	0.6964939646	49.87636942
chr7	113382815	0.6038269973	49.87652892
chr7	113382817	0.6043471001	49.87653013
chr7	113400961	0.5149970389	49.8874954
chr7	113401110	0.5052365321	49.88757213
chr7	113401172	0.5050970834	49.88760346
chr7	113401199	0.2443096262	49.8876171
chr7	113401205	0.2265687442	49.88761856
chr7	113401206	0.2026725254	49.88761879
chr7	113401316	0.2136464394	49.88764108
chr7	113401375	0.219955858	49.88765369
chr7	113401536	0.2022451404	49.8876891
chr7	113402128	0.1590364941	49.88780883
chr7	113402177	0.1773411109	49.88781662
chr7	113402353	0.2143088041	49.88784784
chr7	113402613	0.2289993658	49.88790356
chr7	113402845	0.2477874759	49.88795668
chr7	113402928	0.2426274333	49.88797725
chr7	113403027	0.4106846435	49.88800127
chr7	113403113	0.4295002327	49.88803659
chr7	113403117	0.4483162335	49.88803831
chr7	113403242	0.5156193914	49.88809435
chr7	113586348	0.3961791337	49.98250735
chr7	113586937	0.3517563461	49.9827407
chr7	113587255	0.3331103901	49.98285256
chr7	113589750	0.2453589601	49.98368367
chr7	113590527	0.2036258258	49.98387431
chr7	113590609	0.2505557809	49.98389101
chr7	113710782	0.7388577532	50.01400105
chr7	113715325	0.7294942885	50.01735768
chr7	113715357	0.7534707642	50.01738102
chr7	113715378	0.7683548471	50.01739685
chr7	113715486	0.7132297127	50.01747983
chr7	113718061	0.2395829806	50.0193164
chr7	113719935	0.2746541831	50.01976537
chr7	113720502	0.2969557685	50.0199211
chr7	113721847	0.341948275	50.02032051
chr7	113817187	0.3683342799	50.05292186
chr7	113817335	0.3600084337	50.05297637
chr7	113817355	0.3516956164	50.05298357
chr7	113817416	0.3526125677	50.05300503
chr7	113817502	0.3792281384	50.05303535
chr7	113817580	0.3750089997	50.05306493
chr7	113817880	0.4010998766	50.05317743
chr7	113817918	0.3859325292	50.05319267
chr7	113818198	0.3707892981	50.05330074
chr7	113818240	0.3220829834	50.05331631
chr7	113841873	0.3063705259	50.0609281
chr7	113871623	0.3233016649	50.07004262
chr7	113871716	0.3598572518	50.07007269
chr7	113926678	0.3781944868	50.08985116
chr7	113941657	0.9252665598	50.09551614
chr7	113941670	0.9154481254	50.09552816
chr7	113943192	0.9090703812	50.09692148
chr7	113945224	1.103821246	50.09876871
chr7	113946034	1.174898382	50.0996628
chr7	113947006	2.372146896	50.1008048
chr7	113947013	2.378972243	50.10082141
chr7	113947038	2.345304373	50.10088088
chr7	113947808	1.778488604	50.10268677
chr7	113947820	1.768860111	50.10270811
chr7	113947846	1.832814402	50.1027541
chr7	113947850	1.800121494	50.10276143
chr7	113949928	0.6202191796	50.10650208
chr7	113950021	0.604147467	50.10655976
chr7	113962927	0.4093966019	50.11435689
chr7	114029684	0.3265157989	50.14168698
chr7	114029693	0.3153651681	50.14168992
chr7	114101173	0.3332328403	50.16423222
chr7	114101603	0.348718153	50.16437551
chr7	114101604	0.3387643723	50.16437586
chr7	114105767	0.3240339308	50.16578614
chr7	114105806	0.3895129607	50.16579877
chr7	114105815	0.3873999672	50.16580228
chr7	114105823	0.3664675777	50.16580538
chr7	114106919	0.3418837323	50.16620703
chr7	114109746	0.3525994009	50.16717353
chr7	114109760	0.3719010403	50.16717847
chr7	114109769	0.380583271	50.16718181
chr7	114110485	0.3980038632	50.16745431
chr7	114288935	0.3791764573	50.2384781
chr7	114289526	0.2765187153	50.23870219
chr7	114294129	0.2334557705	50.23997501
chr7	114295426	0.1939852095	50.2402778
chr7	114295574	0.175710186	50.24030651
chr7	114297185	0.1480099417	50.24058958
chr7	114298874	0.1613180594	50.24083957
chr7	114308393	0.1395249583	50.24237516
chr7	114308398	0.1528595934	50.24237585
chr7	114308402	0.1425324783	50.24237647
chr7	114605092	0.1361550758	50.28466443
chr7	114614312	0.1252252748	50.28591978
chr7	114615552	0.138401588	50.28607506
chr7	114615623	0.1315860353	50.28608488
chr7	114618382	0.134051037	50.28644793
chr7	114649190	0.137042267	50.29057777
chr7	114854272	0.1400348695	50.31868267
chr7	114876665	0.1466834371	50.32181848
chr7	114877209	0.1335071239	50.32189827
chr7	114959178	0.1301041777	50.33284172
chr7	115262681	0.125636408	50.37232873
chr7	115395224	0.1786629995	50.38898095
chr7	115526320	0.1832035597	50.41240296
chr7	115527263	0.8982493357	50.41257572
chr7	115530966	0.8799436219	50.41590193
chr7	115531484	6.275984352	50.41635775
chr7	115531526	6.278594058	50.41662134
chr7	115531696	6.285703076	50.4176887
chr7	115532094	5.581673349	50.42019041
chr7	115532120	0.1710692978	50.42033553
chr7	115532323	0.183403732	50.42037026
chr7	115537937	0.1592456345	50.42139989
chr7	115739851	0.1656577169	50.45355381
chr7	115739854	0.1808068762	50.45355431
chr7	115748502	0.1808351854	50.45511792
chr7	115867892	0.1705672817	50.47670784
chr7	115952564	0.1576256089	50.49115011
chr7	115956726	0.1650068094	50.49180615
chr7	116015418	0.1629871117	50.50149073
chr7	116016251	0.1609904564	50.5016265
chr7	116016387	0.1538714715	50.50164839
chr7	116016542	0.1412760633	50.50167224
chr7	116016558	0.1341595911	50.5016745
chr7	116016668	0.1270505733	50.50168926
chr7	116017032	0.09352969526	50.50173551
chr7	116028917	0.106262525	50.50284711
chr7	116277535	0.09985044179	50.52926588
chr7	116277764	0.08599584614	50.52928875
chr7	116278000	0.08260018965	50.52930904
chr7	116278196	0.08048376125	50.52932523
chr7	116281149	0.09090140216	50.5295629
chr7	116281185	0.09360301991	50.52956617
chr7	116282131	0.1034815922	50.52965472
chr7	116284835	0.1580529826	50.52993454
chr7	116285626	0.1535124225	50.53005956
chr7	116358155	0.1499320262	50.54119366
chr7	116358280	0.1463520947	50.5412124
chr7	116422653	0.1770955778	50.55063352
chr7	116422669	0.1763532965	50.55063636
chr7	116423100	0.1514180304	50.55071237
chr7	116430617	0.1812905343	50.55185057
chr7	116431186	0.1635282059	50.55195373
chr7	116513162	0.1618652074	50.56535912
chr7	116520936	0.1583786296	50.56661746
chr7	116564524	0.1326318459	50.57352086
chr7	116653554	0.12793275	50.58532908
chr7	116653725	0.1334888465	50.58535095
chr7	116777950	0.1404356576	50.60193361
chr7	116852014	0.1369180858	50.61233483
chr7	116852022	0.1308395356	50.61233593
chr7	116852623	0.1190908704	50.61241456
chr7	116852873	0.1347612059	50.61244434
chr7	116852890	0.1394628318	50.61244663
chr7	116852893	0.14473433	50.61244704
chr7	116857269	0.1665265628	50.6130804
chr7	116932826	0.185738801	50.62566265
chr7	117112278	0.1750213431	50.65899385
chr7	117112391	0.1583599868	50.65901363
chr7	117112406	0.2681182984	50.659016
chr7	117181078	0.3464445513	50.67742822
chr7	117181079	0.3426133495	50.67742857
chr7	117182499	0.3528853832	50.67791508
chr7	117182755	0.254869077	50.67800542
chr7	117266271	0.720070142	50.69929106
chr7	117266302	0.6931900368	50.69931339
chr7	117273617	0.2238632517	50.70438407
chr7	117273732	0.2005175025	50.70440982
chr7	117273735	0.2562955077	50.70441042
chr7	117273858	0.2981273894	50.70444194
chr7	117273923	0.2893404711	50.70446132
chr7	117274246	0.2920673552	50.70455478
chr7	117518136	0.2560467378	50.77578708
chr7	117518181	0.2419427044	50.77579861
chr7	117518516	0.3233406117	50.77587966
chr7	117520290	0.2486671932	50.77645326
chr7	117522402	0.2348027362	50.77697845
chr7	117522428	0.2070626664	50.77698455
chr7	117577348	0.2061457156	50.78835643
chr7	117577352	0.1461407112	50.78835726
chr7	117577516	0.2279198341	50.78838123
chr7	117586175	0.2168851567	50.79035478
chr7	117586184	0.1858101065	50.79035674
chr7	117611970	0.1489184318	50.79514804
chr7	117621210	0.1515150182	50.79652404
chr7	117621239	0.1415937666	50.79652844
chr7	117621386	0.06886082637	50.79654925
chr7	117621422	0.07318317046	50.79655173
chr7	117621542	0.07469099396	50.79656051
chr7	117624402	0.09250033422	50.79677413
chr7	117727000	0.07727054249	50.80626448
chr7	117805426	0.07989106825	50.8123245
chr7	117817049	0.08335260106	50.81325307
chr7	117817990	0.1279805133	50.8133315
chr7	117817993	0.121479424	50.81333189
chr7	117818050	0.1304125888	50.81333881
chr7	117818231	0.1369081247	50.81336242
chr7	118050056	0.1220516848	50.84510114
chr7	118050072	0.1547902087	50.8451031
chr7	118050077	0.1566445012	50.84510387
chr7	118203991	0.1477113364	50.86921365
chr7	118204537	0.1841060697	50.8692943
chr7	118349007	0.1615577165	50.89589211
chr7	118349158	0.1673055294	50.8959165
chr7	118349159	0.1608147968	50.89591667
chr7	118419062	0.1423656512	50.90715811
chr7	118948902	0.1286784975	50.98258912
chr7	118948982	0.153148489	50.98259942
chr7	118989601	0.2068586927	50.98882016
chr7	119090632	0.1566844005	51.0097193
chr7	119090715	0.1554856017	51.0097323
chr7	119298247	0.157176784	51.04200054
chr7	119453943	0.190828465	51.06647233
chr7	119590726	0.1888836323	51.09257442
chr7	119590739	0.1869388144	51.09257688
chr7	119590772	0.1920861863	51.09258305
chr7	119601016	0.2117480022	51.09455078
chr7	119601026	0.2338081114	51.0945529
chr7	119601065	0.2318745561	51.09456202
chr7	119601076	0.244701776	51.09456457
chr7	119601131	0.2721237573	51.09457803
chr7	119746785	0.3369142721	51.13421394
chr7	119809042	0.3334527393	51.15518921
chr7	119835877	0.3799223781	51.16413742
chr7	119858392	0.5767889541	51.17269137
chr7	119859319	0.6421997943	51.17322605
chr7	119861036	0.6416011807	51.17432871
chr7	119869854	0.8002790169	51.17998635
chr7	119869871	0.7973067698	51.17999995
chr7	119907896	0.6644184895	51.21031754
chr7	119908012	1.177691955	51.21039461
chr7	119908018	3.498403843	51.21040168
chr7	119908066	3.489706504	51.2105696
chr7	119908537	3.489140473	51.21221326
chr7	119908866	3.453059092	51.21336118
chr7	119908915	3.437980782	51.21353038
chr7	119909292	3.470396313	51.2148265
chr7	119909371	3.381884349	51.21510066
chr7	119909504	1.093998687	51.21555045
chr7	119909531	1.161863545	51.21557999
chr7	119909645	1.484137487	51.21571244
chr7	119909712	1.45906394	51.21581188
chr7	119909717	1.368987273	51.21581918
chr7	119909831	1.705137026	51.21597524
chr7	119909858	1.806251974	51.21602128
chr7	119910231	1.840240978	51.21669501
chr7	119910804	1.847427829	51.21774947
chr7	119911856	3.082188127	51.21969296
chr7	119911912	3.174901005	51.21986557
chr7	119912027	2.98092954	51.22023068
chr7	119913205	2.990143413	51.22374221
chr7	119920220	0.5685322956	51.24471807
chr7	120010068	0.5636888384	51.29579956
chr7	120010128	0.5552616242	51.29583338
chr7	120010136	0.4155800864	51.29583782
chr7	120010194	0.3129213845	51.29586193
chr7	120010295	0.299837727	51.29589353
chr7	120010318	0.2409709792	51.29590043
chr7	120011580	0.1891219313	51.29620453
chr7	120011635	0.1886018274	51.29621494
chr7	120011664	0.1508992504	51.29622041
chr7	120011666	0.1169102456	51.29622071
chr7	120011669	0.1248217661	51.29622106
chr7	120011682	0.1230641924	51.29622268
chr7	120011868	0.5257828658	51.29624557
chr7	120012023	0.5292041723	51.29632707
chr7	120012094	0.495588984	51.29636464
chr7	120012123	0.621309431	51.29637901
chr7	120015855	0.5973107272	51.29869774
chr7	120020429	0.1945920538	51.30142984
chr7	120020721	0.2321922952	51.30148666
chr7	120021144	0.6725419075	51.30158488
chr7	120043419	0.6810751216	51.31656575
chr7	120043421	0.6194108258	51.31656711
chr7	120044083	0.6430779607	51.31697716
chr7	120044090	0.6516253706	51.31698166
chr7	120044468	0.7462495892	51.31722798
chr7	120044546	0.7550741001	51.31728618
chr7	120044568	0.7780597233	51.3173028
chr7	120045086	0.3460563949	51.31770583
chr7	120283438	0.3830111517	51.40018906
chr7	120283442	0.3698882024	51.4001906
chr7	120283454	0.392602999	51.40019503
chr7	120283477	0.3781781257	51.40020406
chr7	120283493	0.3637774132	51.40021012
chr7	120283524	0.3272884215	51.40022139
chr7	120287388	0.3496321133	51.40148603
chr7	120424147	0.47349999	51.44930137
chr7	120424207	0.622254124	51.44932978
chr7	120431179	0.6156479534	51.45366814
chr7	120434223	0.5838217461	51.45554217
chr7	120434981	0.5755958795	51.45598471
chr7	120435235	1.173456623	51.45613091
chr7	120435239	1.155809362	51.4561356
chr7	120447384	0.5797433555	51.47017291
chr7	120447448	0.4791511756	51.47021001
chr7	120447449	0.4853504052	51.47021049
chr7	120447455	0.4768172752	51.4702134
chr7	120462710	0.4685816035	51.47748725
chr7	120463119	0.4823365387	51.4776789
chr7	120463135	0.4884799512	51.47768662
chr7	120463656	0.5022404312	51.47794112
chr7	120463668	0.28968343	51.47794714
chr7	120463773	0.1973229266	51.47797756
chr7	120464711	0.1989957722	51.47816265
chr7	120713000	0.2098462511	51.52757111
chr7	120713189	0.1917669517	51.52761077
chr7	120713258	0.1900460138	51.527624
chr7	120713769	0.1762910784	51.52772112
chr7	120714205	0.1196501718	51.52779798
chr7	120714229	0.1346078091	51.52780085
chr7	120767889	0.1262223548	51.53502391
chr7	120816722	0.128418018	51.54118772
chr7	120816738	0.1622614525	51.54118978
chr7	120816752	0.1788625106	51.54119205
chr7	120957909	0.2311388152	51.56643974
chr7	121019335	0.2575827449	51.58063768
chr7	121019353	0.2438723349	51.58064231
chr7	121019372	0.2436131898	51.58064695
chr7	121019719	0.2323274702	51.58073148
chr7	121019730	0.2176566056	51.58073404
chr7	121019733	0.2063714027	51.58073469
chr7	121019850	0.1881250467	51.58075883
chr7	121019947	0.1711588957	51.58077708
chr7	121021017	1.319824061	51.58096022
chr7	121023860	1.309123573	51.58471248
chr7	121023975	0.64920136	51.58486303
chr7	121024030	0.6461043477	51.58489874
chr7	121024427	0.700118053	51.58515524
chr7	121024430	0.6835169945	51.58515734
chr7	121030714	0.2889384371	51.58945256
chr7	121030744	0.2780879582	51.58946123
chr7	121099627	0.1851965522	51.60861676
chr7	121104810	0.2085179162	51.60957664
chr7	121105856	0.2031484007	51.60979475
chr7	121105967	0.2218751314	51.6098173
chr7	121106000	0.9587151749	51.60982462
chr7	121106785	0.9171393586	51.61057721
chr7	121109457	0.9955810565	51.61302781
chr7	121110679	0.236028303	51.61424441
chr7	121110712	0.2557783934	51.61425219
chr7	121110730	0.2516109719	51.6142568
chr7	121111005	0.2713992641	51.61432599
chr7	121113391	0.3022552309	51.61497355
chr7	121116792	0.310192767	51.61600152
chr7	121156488	0.2368863401	51.62831493
chr7	121238532	0.2390248055	51.64775004
chr7	121269960	0.1680513747	51.65526211
chr7	121285233	0.113662027	51.65782876
chr7	121285277	0.09391193646	51.65783376
chr7	121291157	0.09637003469	51.65838596
chr7	121291231	0.1119793859	51.65839309
chr7	121294589	0.1194237338	51.65876912
chr7	121294739	0.1222279067	51.65878703
chr7	121346547	0.1269730216	51.66511941
chr7	121746921	0.13527883	51.71595611
chr7	121746938	0.1292895705	51.71595841
chr7	121746983	0.1346314896	51.71596423
chr7	122381435	0.1604943506	51.80138145
chr7	122381460	0.1641156959	51.80138546
chr7	122386918	3.209764603	51.8022812
chr7	122386942	3.204422422	51.80235824
chr7	122388050	0.1587735144	51.80590874
chr7	122388145	0.1649408762	51.80592382
chr7	122389052	0.1595569327	51.80607342
chr7	122392383	0.1918808697	51.80660491
chr7	122392392	0.1834084529	51.80660663
chr7	122393656	0.2119202462	51.80683846
chr7	122393898	0.2660453596	51.80688975
chr7	122411079	0.3368586083	51.81146067
chr7	122411133	0.3688751461	51.81147886
chr7	122411227	0.4351857541	51.81151354
chr7	122411232	0.4428152098	51.81151571
chr7	122411239	0.4982328994	51.81151881
chr7	122411510	0.5441920424	51.81165383
chr7	122411736	0.607575319	51.81177682
chr7	122452200	0.6422775045	51.83636175
chr7	122453082	0.6872234003	51.83692824
chr7	122514242	0.7051617266	51.87895882
chr7	122514577	0.734152742	51.87919505
chr7	122514629	0.7699852365	51.87923322
chr7	122514703	0.7650735869	51.8792902
chr7	122514741	1.193522129	51.87931928
chr7	122515223	1.212835534	51.87989455
chr7	122523538	0.818136538	51.88997928
chr7	122523587	0.8371903589	51.89001937
chr7	122524219	0.8343861859	51.89054847
chr7	122525675	0.7899085676	51.89176334
chr7	122525843	0.8088179132	51.89189604
chr7	122525857	0.8302437519	51.89190737
chr7	122525868	0.8531805406	51.8919165
chr7	122649462	0.8396900859	51.9973645
chr7	122650184	0.8906076239	51.99797075
chr7	122676180	0.9059031311	52.02112299
chr7	122676219	1.013576378	52.02115832
chr7	122677976	1.000658756	52.02293917
chr7	122679278	0.8577235846	52.02424203
chr7	122679283	0.8492509986	52.02424632
chr7	122679662	0.9762558819	52.02456819
chr7	122682459	1.226368777	52.02729877
chr7	122686769	1.160850264	52.03258442
chr7	122687971	1.137399306	52.03397976
chr7	122688895	1.35409457	52.03503072
chr7	122693233	1.364765743	52.04090478
chr7	122693435	1.359594762	52.04118047
chr7	122693735	1.306375681	52.04158834
chr7	122693741	1.543996813	52.04159618
chr7	122704531	1.456293404	52.05825591
chr7	122704532	3.044998184	52.05825736
chr7	122705203	2.844502727	52.06030056
chr7	122706059	2.833458187	52.06273545
chr7	122706438	2.883752196	52.06380933
chr7	122706655	0.9670404928	52.06443511
chr7	122706808	0.5625641568	52.06458306
chr7	122707563	0.5984800108	52.0650078
chr7	122707737	0.580631209	52.06511194
chr7	122708400	0.8829065508	52.06549689
chr7	122849901	0.8792553771	52.19042905
chr7	122850493	0.8596530858	52.19094957
chr7	122850751	0.8575146204	52.19117136
chr7	122850898	0.8362330727	52.19129742
chr7	122851035	0.8283849453	52.19141198
chr7	122851064	3.212668876	52.19143601
chr7	122851648	3.164533131	52.1933122
chr7	122851681	3.144159453	52.19341663
chr7	122851793	3.095253001	52.19376878
chr7	122852065	3.071578308	52.19461069
chr7	122852140	3.067045696	52.19484106
chr7	122852510	0.6494403599	52.19597586
chr7	122852574	0.6903037573	52.19601743
chr7	122852576	0.6160855768	52.19601881
chr7	122852637	0.6375823536	52.19605639
chr7	122853653	1.955877496	52.19670417
chr7	122853656	1.985890587	52.19671004
chr7	122853768	2.063546904	52.19693246
chr7	122856344	2.069182662	52.20224816
chr7	122856354	0.7927389137	52.20226885
chr7	122856422	0.8363016693	52.20232276
chr7	122856873	0.8476554957	52.20269993
chr7	122857581	0.8533043838	52.20330007
chr7	122860135	0.8305827009	52.20547941
chr7	122863122	1.012200237	52.20796036
chr7	122885623	1.010269844	52.23073588
chr7	122946229	0.9946983877	52.29196429
chr7	122946328	0.9988094868	52.29206277
chr7	123013018	5.01983166	52.35867337
chr7	123013022	5.04612771	52.35869345
chr7	123013029	5.000130198	52.35872877
chr7	123013104	4.956503761	52.35910378
chr7	123013126	4.991624981	52.35921282
chr7	123015524	4.970467113	52.37118274
chr7	123016316	4.938543633	52.37511935
chr7	123016323	4.943660835	52.37515392
chr7	123016344	8.187674783	52.37525774
chr7	123016482	8.223498282	52.37638764
chr7	123016488	8.231424572	52.37643698
chr7	123016523	8.255274614	52.37672508
chr7	123016528	8.26042581	52.37676635
chr7	123016550	8.26803573	52.37694808
chr7	123016800	0.7073458981	52.37901509
chr7	123016822	0.7243104972	52.37903065
chr7	123111291	0.8097208473	52.44745554
chr7	123111421	0.8193928017	52.44756081
chr7	123139122	0.8850199715	52.47025881
chr7	123139170	0.8489713943	52.47030129
chr7	123139188	0.8650894445	52.47031657
chr7	123140177	0.8358061788	52.47117214
chr7	123142521	0.7254099391	52.47313127
chr7	123142549	0.7740705758	52.47315158
chr7	123295195	0.7918930024	52.59131036
chr7	123295381	0.8139830018	52.59145765
chr7	123386108	0.8046469464	52.66530789
chr7	123451455	0.9036526539	52.71788915
chr7	123464188	0.8970068423	52.72939536
chr7	123465728	0.9074975921	52.73077675
chr7	123466574	0.9682664857	52.7315445
chr7	123467853	0.7580167865	52.73278291
chr7	123467859	0.7322207712	52.73278746
chr7	123467882	2.753572404	52.7328043
chr7	123467909	2.747923515	52.73287864
chr7	123468094	3.482916654	52.73338701
chr7	123468744	3.4752958	52.73565091
chr7	123468766	3.460044447	52.73572736
chr7	123468787	3.443416375	52.73580002
chr7	123468800	3.415247313	52.73584479
chr7	123468802	3.259548207	52.73585162
chr7	123468818	3.241359305	52.73590377
chr7	123469521	3.26417922	52.73818245
chr7	123469523	3.298471503	52.73818897
chr7	123469554	3.44118311	52.73829123
chr7	123469574	1.562628723	52.73836005
chr7	123469600	2.671256099	52.73840068
chr7	123470086	2.735584063	52.73969891
chr7	123472780	1.668320483	52.74706857
chr7	123472855	1.201088585	52.7471937
chr7	123473600	1.217001786	52.74808851
chr7	123521830	1.146605164	52.8067845
chr7	123590055	1.051479561	52.88501164
chr7	123590076	0.9942698005	52.88503372
chr7	123675730	1.131948544	52.97019691
chr7	123676648	1.09811348	52.97123604
chr7	123676654	1.08120267	52.97124263
chr7	123676858	1.083014969	52.97146319
chr7	123676870	2.349757733	52.97147619
chr7	123677302	3.345153316	52.97249128
chr7	123677312	3.340967512	52.97252473
chr7	123677476	3.336782527	52.97307265
chr7	123677710	3.320279212	52.97385346
chr7	123677932	3.759082135	52.97459056
chr7	123685631	3.761393748	53.00353174
chr7	123685789	4.395080992	53.00412604
chr7	123685824	4.461587993	53.00427986
chr7	123687448	4.43697441	53.01152548
chr7	123687463	4.154155678	53.01159204
chr7	123690065	2.83906511	53.02240115
chr7	123690255	2.078327787	53.02294057
chr7	123690321	2.109132814	53.02307774
chr7	123694392	2.093795637	53.03166402
chr7	123694564	2.078471958	53.03202415
chr7	123695395	1.903151614	53.03375136
chr7	123696061	1.293483882	53.03501886
chr7	123696091	1.067612813	53.03505767
chr7	123696192	1.192843904	53.0351655
chr7	123748050	1.077716503	53.097024
chr7	123748077	1.01809085	53.09705309
chr7	123748499	0.8234456667	53.09748273
chr7	123750245	0.7148701505	53.09892046
chr7	123750675	0.6780083217	53.09922786
chr7	123751253	0.5194233008	53.09961975
chr7	123751265	0.5220980296	53.09962598
chr7	123751388	0.5553744929	53.0996902
chr7	123751397	0.5631455469	53.0996952
chr7	123751430	0.7499559769	53.09971378
chr7	123751775	0.6880409823	53.09997252
chr7	123784954	0.5939252057	53.12280103
chr7	123784989	0.5907322818	53.12282182
chr7	123787931	0.5942288664	53.12455975
chr7	123787962	0.5902335165	53.12457817
chr7	123788426	0.3018973942	53.12485204
chr7	123788441	0.3103766723	53.12485657
chr7	123788470	0.2929086499	53.12486557
chr7	123788576	0.3069185418	53.12489662
chr7	123790026	0.3189437055	53.12534165
chr7	123790092	0.2553131636	53.1253627
chr7	123854940	0.2582218425	53.14191925
chr7	123854995	0.2189473128	53.14193345
chr7	123855004	0.2064512922	53.14193542
chr7	123855822	0.223291232	53.1421043
chr7	123855888	0.2254830025	53.14211903
chr7	124060554	0.2086430626	53.18826774
chr7	124076427	0.2002266188	53.19157953
chr7	124076724	0.1871185842	53.191639
chr7	124076731	0.1744325799	53.19164031
chr7	124076975	0.1752595925	53.19168287
chr7	124077136	0.1933458192	53.19171108
chr7	124077176	0.2040850712	53.19171882
chr7	124100680	0.206417364	53.19651563
chr7	124195041	0.2178592033	53.21599338
chr7	124195053	0.2141673064	53.215996
chr7	124195146	0.2317910059	53.21601592
chr7	124196487	0.2241697874	53.21632675
chr7	124291923	0.2311126341	53.23772061
chr7	124308716	0.229155968	53.24160169
chr7	124309482	0.2385902016	53.24177722
chr7	124323789	0.2558645704	53.24519073
chr7	124324067	0.2685357025	53.24526186
chr7	124409296	0.2761442794	53.26814889
chr7	124417171	0.2807614946	53.27032353
chr7	124834601	0.2656014946	53.3875218
chr7	124835055	0.2861407252	53.38764238
chr7	124835217	0.2876304963	53.38768874
chr7	124835517	0.2865767153	53.38777503
chr7	124865621	0.2981090049	53.39640213
chr7	124931776	0.303433607	53.41612353
chr7	124999698	0.3137943891	53.43673335
chr7	125011480	0.3087809826	53.44043048
chr7	125040246	0.2930221804	53.44931287
chr7	125040256	0.2902677427	53.4493158
chr7	125040274	0.3004336581	53.44932102
chr7	125040349	0.2836265551	53.44934356
chr7	125040350	0.2450115062	53.44934384
chr7	125040351	0.2409324066	53.44934409
chr7	125040490	0.3656525889	53.44937758
chr7	125111251	0.3169297816	53.47525152
chr7	125122525	0.3244809332	53.47882458
chr7	125123082	0.320167528	53.47900532
chr7	125123606	0.3180831469	53.47917309
chr7	125123622	0.3095403917	53.47917818
chr7	125123722	0.3062466882	53.47920913
chr7	125123729	0.3019352731	53.47921128
chr7	125163871	0.297318058	53.49133156
chr7	125175120	0.2948326904	53.49467609
chr7	125175823	0.2821561354	53.49488336
chr7	125176636	0.2568327725	53.49511275
chr7	125177089	0.3005205177	53.4952291
chr7	125177402	0.3444519711	53.49532316
chr7	125330541	0.3583330071	53.54807219
chr7	125332187	0.3555859677	53.54866201
chr7	125332409	0.3446284046	53.54874095
chr7	125332460	0.3342676226	53.54875852
chr7	125334359	0.3298213265	53.5493933
chr7	125372407	0.3121697298	53.56194234
chr7	125426985	0.3063452665	53.57897994
chr7	125428897	0.3192233097	53.57956567
chr7	125429697	0.2830606614	53.57982105
chr7	125435335	0.3070333111	53.58141695
chr7	125438018	0.3036818959	53.58224072
chr7	125573760	0.3098127518	53.6234631
chr7	125573805	0.3201585274	53.62347705
chr7	125577406	0.3137398546	53.62462994
chr7	125578914	0.2097650457	53.62510306
chr7	125579101	0.2022138942	53.62514228
chr7	125579148	0.2091728764	53.62515179
chr7	125579152	0.1999722744	53.62515262
chr7	125579234	0.2535227008	53.62516902
chr7	125579247	0.2699781245	53.62517232
chr7	125579273	0.3240066846	53.62517934
chr7	125579275	0.3322353663	53.62517998
chr7	125579299	0.3529175071	53.62518796
chr7	125579370	0.4060343484	53.62521301
chr7	125579489	0.4243381878	53.62526133
chr7	125579502	0.4993240544	53.62526685
chr7	125579509	0.5340866648	53.62527034
chr7	125579526	0.54105286	53.62527942
chr7	125579709	0.5404449858	53.62537844
chr7	125579968	0.5951350464	53.62551841
chr7	125735027	0.6005216339	53.71779946
chr7	125767847	0.5822177946	53.73750858
chr7	125767903	0.5237988384	53.73754118
chr7	125767928	0.5350430397	53.73755428
chr7	125767963	0.5167492041	53.737573
chr7	125768035	0.3999700371	53.73761021
chr7	125775901	0.3801327642	53.74075637
chr7	125775955	0.3620266796	53.7407769
chr7	125784965	0.3116889963	53.74403876
chr7	125785004	0.3236006544	53.74405092
chr7	125785052	0.322424968	53.74406645
chr7	125787587	0.3251706752	53.7448838
chr7	125787614	0.3039759072	53.74489258
chr7	125788730	0.3407487419	53.74523181
chr7	125788763	0.3147128786	53.74524306
chr7	125788775	0.3120802765	53.74524683
chr7	125791482	0.4411561027	53.74609164
chr7	125793877	0.4657328449	53.7471482
chr7	125793965	0.4763492082	53.74718919
chr7	125830603	0.4767692702	53.76464167
chr7	125928278	0.4668709792	53.81121011
chr7	125928279	0.5310286372	53.81121058
chr7	125928329	0.5546023192	53.81123713
chr7	125928999	0.6055484065	53.81160871
chr7	126074441	0.3926928216	53.89968088
chr7	126074546	0.3258840186	53.89972212
chr7	126074576	0.3776658364	53.89973189
chr7	126074580	0.4277037675	53.8997334
chr7	126074586	0.5180288509	53.89973597
chr7	126080087	0.8204897313	53.90258565
chr7	126080274	0.8268229331	53.90273908
chr7	126118519	47.055069	53.93436092
chr7	126118583	46.99016604	53.93737244
chr7	126118632	16.66103795	53.93967496
chr7	126118644	16.67464727	53.9398749
chr7	126118688	16.68260166	53.94060858
chr7	126118716	16.7167607	53.94107569
chr7	126118733	16.72964743	53.94135988
chr7	126118734	0.7074715522	53.94137661
chr7	126118737	0.7343525965	53.94137873
chr7	126118739	0.749039739	53.9413802
chr7	126118763	0.7805467724	53.94139818
chr7	126118871	0.8022993434	53.94148247
chr7	126118873	0.8756165858	53.94148408
chr7	126118893	0.9489455517	53.94150159
chr7	126136108	0.9428146958	53.95783769
chr7	126203019	0.922305443	54.02092236
chr7	126250789	0.8667574104	54.06498089
chr7	126251863	0.9601624069	54.06591179
chr7	126323689	0.912869203	54.13487642
chr7	126323752	0.8624220449	54.13493393
chr7	126323758	0.8276236731	54.1349391
chr7	126353480	0.7929346749	54.15953773
chr7	126353487	0.7635612027	54.15954328
chr7	126353583	0.730021555	54.15961659
chr7	126353605	0.8491656656	54.15963265
chr7	126371976	0.8355563523	54.17523267
chr7	126372031	0.7174720244	54.17527862
chr7	126372469	0.6855518378	54.17559288
chr7	126372890	1.385970085	54.17588149
chr7	126373036	1.381510715	54.17608385
chr7	126373689	1.367979597	54.17698597
chr7	126373744	1.329192218	54.17706121
chr7	126374955	1.161452859	54.17867086
chr7	126375075	1.206444904	54.17881024
chr7	126375130	2.484146996	54.17887659
chr7	126375238	2.500906469	54.17914488
chr7	126375239	2.489225454	54.17914738
chr7	126375371	2.455995491	54.17947596
chr7	126375487	2.517394736	54.17976085
chr7	126376820	2.398520234	54.18311654
chr7	126376845	2.385163832	54.1831765
chr7	126376846	2.405844379	54.18317889
chr7	126377193	2.40155296	54.18401372
chr7	126377800	1.802228823	54.18547146
chr7	126377831	1.843751321	54.18552733
chr7	126377849	1.422167023	54.18556052
chr7	126377891	1.442925892	54.18562025
chr7	126378062	1.463678764	54.18586699
chr7	126380317	1.543506372	54.18916758
chr7	126382486	0.8213129755	54.19251545
chr7	126382821	0.8304297558	54.19279059
chr7	126543557	0.7471249006	54.32627055
chr7	126543558	0.7724173017	54.32627129
chr7	126543560	0.7241505813	54.32627284
chr7	126543563	0.7036379893	54.32627501
chr7	126543597	0.6412442929	54.32629893
chr7	126543711	0.6000067432	54.32637204
chr7	126543788	0.5793580287	54.32641824
chr7	126543973	0.5585991592	54.32652542
chr7	126544073	0.4955505114	54.32658128
chr7	126544175	0.5162871153	54.32663182
chr7	126544192	0.43305344	54.3266406
chr7	126544350	0.3916523644	54.32670902
chr7	126544364	0.4851334126	54.32671451
chr7	126544367	0.4644288978	54.32671596
chr7	126544372	0.4640882761	54.32671828
chr7	126547670	0.5903324179	54.32824885
chr7	126547866	0.6888711902	54.32836455
chr7	126551989	0.787991033	54.33120477
chr7	126552118	6.623784215	54.33130642
chr7	126552187	6.742432248	54.33176346
chr7	126552253	16.592931	54.33220846
chr7	126552542	16.71304648	54.33700382
chr7	126552603	7.113574608	54.33802331
chr7	126552621	7.122631349	54.33815136
chr7	126552728	2.263908581	54.33891348
chr7	126552817	2.395500436	54.33911497
chr7	126552834	2.978305012	54.33915569
chr7	126552870	2.988158157	54.33926291
chr7	126553073	2.833649628	54.3398695
chr7	126553881	3.633260514	54.34215909
chr7	126553897	3.809431927	54.34221723
chr7	126573467	6.013804079	54.41676781
chr7	126580316	5.883383252	54.45795635
chr7	126580341	5.381830363	54.45810344
chr7	126580953	5.26421028	54.46139712
chr7	126580981	7.166203378	54.46154452
chr7	126581106	7.160916401	54.46244029
chr7	126581136	7.208858698	54.46265512
chr7	126581137	6.965305737	54.46266233
chr7	126581141	6.844495778	54.46269019
chr7	126581245	13.70828887	54.46340202
chr7	126581837	13.58941584	54.47151732
chr7	126581930	13.35527555	54.47278114
chr7	126581960	13.40265845	54.4731818
chr7	126582017	9.02244251	54.47394575
chr7	126582687	1.175071591	54.47999079
chr7	126582712	1.195480486	54.48002016
chr7	126582854	1.420780498	54.48018992
chr7	126607768	1.444168992	54.51558725
chr7	126607802	1.497737584	54.51563635
chr7	126609921	1.115610873	54.51881005
chr7	126611630	1.012897688	54.52071663
chr7	126613160	1.023158883	54.52226637
chr7	126623724	1.10589783	54.53307502
chr7	126653049	1.057955531	54.56550547
chr7	126653080	1.238632324	54.56553827
chr7	126653096	1.373028769	54.56555808
chr7	126653155	1.32508447	54.56563909
chr7	126653654	1.554299012	54.56630031
chr7	126653817	1.534043538	54.56655366
chr7	126654712	1.478788818	54.56792663
chr7	126654722	1.326031056	54.56794142
chr7	126654839	1.488673644	54.56809656
chr7	126669471	1.403709391	54.58987884
chr7	126669693	1.430582259	54.59019046
chr7	126670019	1.356110403	54.59065683
chr7	126672120	1.186682361	54.59350602
chr7	126672162	1.062706705	54.59355586
chr7	126704765	1.057425864	54.62820329
chr7	126704993	1.002276853	54.62844438
chr7	126705024	2.882143027	54.62847545
chr7	126705045	2.762254848	54.62853597
chr7	126705047	2.77970798	54.6285415
chr7	126705061	2.797145578	54.62858041
chr7	126705498	3.413021705	54.62980277
chr7	126706471	3.784459418	54.63312364
chr7	126706858	1.939807829	54.63458822
chr7	126706920	1.950126377	54.63470849
chr7	126707073	1.993183846	54.63500686
chr7	126711096	1.570641381	54.64302544
chr7	126729776	1.556369809	54.67236502
chr7	126729848	1.2470418	54.67247708
chr7	126751642	1.226632906	54.69965511
chr7	126760989	1.140335531	54.71112045
chr7	126765779	1.165506551	54.71658265
chr7	126765798	1.157739372	54.7166048
chr7	126902586	0.9176280608	54.87496965
chr7	126902749	0.7533701805	54.87511922
chr7	126902752	0.7358051851	54.87512148
chr7	126902755	0.7178165986	54.87512369
chr7	126902766	0.6571223565	54.87513159
chr7	126902776	0.5534958467	54.87513816
chr7	126902790	0.5358802356	54.87514591
chr7	126902845	0.6198256168	54.87517538
chr7	126902860	0.7151274812	54.87518468
chr7	126902878	0.974388326	54.87519755
chr7	126903065	0.9824217457	54.87537976
chr7	126903078	1.296419177	54.87539253
chr7	126903249	1.404703814	54.87561422
chr7	126903286	1.387186478	54.87566619
chr7	126932250	1.244995295	54.91584466
chr7	126932255	1.385401508	54.91585089
chr7	126932296	1.372148052	54.91590769
chr7	126933284	1.372893806	54.91726337
chr7	126933296	1.363837066	54.91727985
chr7	126933398	1.395222646	54.91741896
chr7	126933409	3.335774955	54.91743431
chr7	126935088	1.067043413	54.92303507
chr7	126935123	1.501973069	54.92307242
chr7	126956677	1.543486309	54.95544595
chr7	126956810	1.403080096	54.95565123
chr7	126956891	1.244697398	54.95576488
chr7	126957656	1.08713499	54.95671707
chr7	126957683	0.9613567866	54.95674643
chr7	126958533	0.8140832042	54.95756358
chr7	126958634	0.7338823586	54.9576458
chr7	126960306	0.6616282171	54.95887285
chr7	126960308	0.7062288652	54.95887418
chr7	126960337	0.7058516195	54.95889466
chr7	127037609	0.6175957073	55.01343722
chr7	127037612	0.5476237574	55.01343908
chr7	127037646	0.5045224376	55.01345769
chr7	127039663	0.5060688567	55.01447532
chr7	127039669	0.5201368632	55.01447835
chr7	127039710	0.530396181	55.01449968
chr7	127039727	0.5750727346	55.01450869
chr7	127039734	0.5854054151	55.01451272
chr7	127040666	0.5948892681	55.01505832
chr7	127040760	0.5763087221	55.01511424
chr7	127040880	0.590446242	55.01518339
chr7	127040972	1.395037739	55.01523772
chr7	127040990	1.462445748	55.01526283
chr7	127041044	1.414109263	55.0153418
chr7	127041840	1.389406804	55.01646743
chr7	127041989	1.422025108	55.01667445
chr7	127043247	1.409923455	55.01846336
chr7	127044829	1.389238866	55.02069386
chr7	127045250	1.479830197	55.02127873
chr7	127045257	0.7254686414	55.02128909
chr7	127095687	0.6762734961	55.05787447
chr7	127102051	0.5624087763	55.06217827
chr7	127107571	0.5433347236	55.06528277
chr7	127109182	0.5763472157	55.06615808
chr7	127109191	0.6029961659	55.06616327
chr7	127109207	0.6359503381	55.06617292
chr7	127143375	0.6667281959	55.08790207
chr7	127143406	0.6817184115	55.08792274
chr7	127143409	0.7061125653	55.08792478
chr7	127143608	0.7102076721	55.0880653
chr7	127145418	0.7568281038	55.08935078
chr7	127259876	0.7865607141	55.17597581
chr7	127284041	0.68536777	55.19498305
chr7	127284698	0.6331432673	55.19543333
chr7	127284741	0.4604389924	55.19546056
chr7	127284747	0.4268424344	55.19546332
chr7	127284865	0.4547722129	55.19551369
chr7	127285143	0.4273188531	55.19564011
chr7	127288423	0.4307075607	55.19704172
chr7	127288674	0.430010282	55.19714983
chr7	127366946	0.362028204	55.23080759
chr7	127366967	0.6517020835	55.2308152
chr7	127367801	0.6173952399	55.23135871
chr7	127367819	0.6067730218	55.23136983
chr7	127367878	0.5914161021	55.23140563
chr7	127367906	0.5321068367	55.23142219
chr7	127367933	0.5061101571	55.23143655
chr7	127367971	0.4906779981	55.23145579
chr7	127372613	0.499648118	55.23373351
chr7	127373401	0.4514043771	55.23412724
chr7	127375722	0.4764122627	55.23517495
chr7	127375763	0.5343535504	55.23519448
chr7	127375832	0.5046209401	55.23523135
chr7	127376261	0.5434715659	55.23544783
chr7	127377930	0.5488580523	55.23635489
chr7	127377938	0.5525700951	55.23635928
chr7	127377960	0.2443342392	55.23637143
chr7	127378364	0.3160124283	55.23647014
chr7	127378400	0.3657852904	55.23648152
chr7	127404197	0.3489514786	55.24591768
chr7	127426409	0.2808775031	55.25366859
chr7	127433874	0.2188550267	55.25576534
chr7	127465293	0.1801310336	55.26264155
chr7	127465309	0.1863729196	55.26264443
chr7	127635089	0.1865007525	55.29428683
chr7	127639969	0.1762138445	55.29519695
chr7	127640147	0.1763416719	55.29522832
chr7	127640148	0.1863007238	55.29522849
chr7	127640365	0.1764975882	55.29526892
chr7	127641448	0.1768810873	55.29546007
chr7	127651410	0.1772647309	55.29722216
chr7	127651411	0.1955940473	55.29722233
chr7	127651487	0.2390484902	55.2972372
chr7	127756964	0.2121103973	55.32245132
chr7	127855744	0.2185258191	55.34340358
chr7	127961275	0.3384491056	55.36646483
chr7	127983916	0.3115502934	55.37412766
chr7	127985484	0.2909053501	55.37461617
chr7	127985509	0.2868102432	55.37462344
chr7	127986333	0.2459669664	55.37485977
chr7	127987866	0.2357199064	55.37523684
chr7	127987974	0.327503698	55.3752623
chr7	127988036	0.5046649992	55.3752826
chr7	127990024	0.3888302102	55.37628588
chr7	128017654	0.3772816214	55.38702925
chr7	128017759	0.36110876	55.38706887
chr7	128017780	0.3368921668	55.38707645
chr7	128017990	1.387359067	55.3871472
chr7	128018051	1.72522715	55.38723183
chr7	128018052	1.75050868	55.38723355
chr7	128022494	1.965880655	55.39500931
chr7	128022859	2.410512401	55.39572686
chr7	128025221	2.758045521	55.40142049
chr7	128025357	2.665666578	55.40179558
chr7	128025537	1.674761209	55.4022754
chr7	128025582	1.689300078	55.40235077
chr7	128026067	1.703863143	55.40317008
chr7	128026145	1.718459502	55.40330298
chr7	128028701	1.637934379	55.40769536
chr7	128028779	3.761266732	55.40782312
chr7	128030391	3.776108015	55.41388628
chr7	128030564	3.780408984	55.41453955
chr7	128030613	3.335777238	55.41472479
chr7	128030716	1.555872972	55.41506838
chr7	128035505	1.220626515	55.42251945
chr7	128038502	1.00525454	55.42617767
chr7	128038818	0.6618264537	55.42649533
chr7	128038966	0.6858728393	55.42659328
chr7	128038999	0.1969502326	55.42661591
chr7	128182342	0.1729038472	55.45484735
chr7	128261970	0.1849987229	55.46861534
chr7	128262346	0.1764535168	55.4686849
chr7	128262694	0.1475195578	55.4687463
chr7	128262715	0.1334280348	55.4687494
chr7	128262717	0.1188891651	55.46874967
chr7	128262772	0.1104143295	55.46875621
chr7	128262808	0.09585126464	55.46876018
chr7	128262862	0.1140211787	55.46876536
chr7	128262911	0.1156556922	55.46877094
chr7	128305643	0.1352025187	55.47371314
chr7	128305824	0.1195271478	55.47373762
chr7	128306718	0.1264133758	55.47384447
chr7	128306719	0.1227013335	55.4738446
chr7	128306765	0.1292639951	55.47385024
chr7	128326155	0.1519178147	55.47635667
chr7	128326465	0.1587363059	55.47640377
chr7	128326467	0.1655548239	55.47640408
chr7	128328187	0.192811186	55.47668884
chr7	128328764	0.1996608207	55.47680009
chr7	128831892	0.1870515032	55.57725504
chr7	128832003	0.6043949923	55.5772758
chr7	128832075	1.122130829	55.57731932
chr7	128832101	1.050006578	55.57734849
chr7	128832103	1.043164815	55.57735059
chr7	128832112	1.47323917	55.57735998
chr7	128832157	1.611922781	55.57742628
chr7	128832168	2.076468746	55.57744401
chr7	128832737	2.069662988	55.57862552
chr7	128833286	2.089738175	55.57976177
chr7	128838540	2.085480941	55.59074125
chr7	128838695	3.671408324	55.5910645
chr7	128840206	3.697400261	55.596612
chr7	128840221	3.91285299	55.59666746
chr7	128840264	3.495509501	55.59683571
chr7	128840294	3.603661994	55.59694058
chr7	128840347	1.516691919	55.59713157
chr7	128840359	1.095781827	55.59714977
chr7	128840448	0.7646753499	55.5972473
chr7	128856223	0.5492226213	55.60931005
chr7	128856382	0.5535968825	55.60939738
chr7	128857017	0.4580515211	55.60974891
chr7	128857043	0.4878223862	55.60976082
chr7	128857112	0.66478448	55.60979448
chr7	128857164	0.8448745399	55.60982905
chr7	128857215	1.075684872	55.60987214
chr7	128857225	1.105502597	55.60988289
chr7	128857290	1.394679763	55.60995475
chr7	128952112	1.617066645	55.74220107
chr7	128952379	1.909180737	55.74263283
chr7	128952405	1.914736215	55.74268247
chr7	128972849	4.297615668	55.78182734
chr7	128972850	4.734404381	55.78183164
chr7	128975880	4.746002946	55.79617688
chr7	128975966	5.080546783	55.79658504
chr7	128976002	4.847566697	55.79676794
chr7	128976835	4.940619026	55.80080596
chr7	128979316	6.845718749	55.81306364
chr7	128979330	6.889933877	55.81315948
chr7	128979379	6.861712186	55.81349708
chr7	128979481	7.08222342	55.81419698
chr7	128981073	7.129949572	55.82547188
chr7	128981081	5.176592879	55.82552892
chr7	128981528	5.171483775	55.82784285
chr7	128981694	5.211676768	55.82870132
chr7	128981696	4.426928117	55.82871174
chr7	128981699	4.009687542	55.82872502
chr7	128983679	4.327882067	55.8366642
chr7	128983788	4.408172578	55.83713594
chr7	128983833	3.836005	55.83733431
chr7	128987050	1.91612434	55.84967474
chr7	128987854	2.125116263	55.8512153
chr7	128987923	2.221849018	55.85136194
chr7	129026690	2.234860427	55.93749636
chr7	129026728	2.154569916	55.93758128
chr7	129028750	2.170615338	55.94193782
chr7	129030127	2.102541362	55.94492676
chr7	129030161	2.339380997	55.94499825
chr7	129030183	2.59526009	55.94504971
chr7	129030195	2.535138466	55.94508086
chr7	129057305	2.492407025	56.01380846
chr7	129057341	4.005872593	56.01389819
chr7	129058687	3.898122661	56.01929009
chr7	129059155	5.349794048	56.02111441
chr7	129059256	6.050873536	56.02165474
chr7	129059275	5.76576134	56.02176971
chr7	129059619	4.684172832	56.02375313
chr7	129059697	5.127603644	56.0241185
chr7	129059760	5.547931226	56.02444153
chr7	129059767	5.521829003	56.02448037
chr7	129059769	7.819086346	56.02449141
chr7	129065402	8.711341668	56.06853633
chr7	129065407	8.537271382	56.06857988
chr7	129067255	9.280760712	56.08435676
chr7	129067288	8.856848925	56.08466303
chr7	129067335	8.817605697	56.0850793
chr7	129067472	9.970394899	56.08628731
chr7	129067473	12.22685421	56.08629728
chr7	129067602	14.21593192	56.08787454
chr7	129068318	14.46561867	56.09805315
chr7	129068829	22.55096049	56.10544508
chr7	129068921	22.01050984	56.10751977
chr7	129068965	19.52320632	56.10848823
chr7	129069083	5.083369866	56.11079197
chr7	129069103	5.041352212	56.11089364
chr7	129069159	4.695304639	56.11117596
chr7	129069160	4.715357069	56.11118065
chr7	129069266	4.079365399	56.11168048
chr7	129070447	4.099465645	56.11649821
chr7	129070477	3.777493796	56.11662119
chr7	129071100	1.712896426	56.11897457
chr7	129071137	2.341368479	56.11903795
chr7	129082126	2.009305032	56.14476725
chr7	129082841	2.03109101	56.1462039
chr7	129083106	1.743040667	56.14674214
chr7	129114755	1.630822773	56.20190763
chr7	129114757	1.530497605	56.2019109
chr7	129114806	1.484624692	56.20198589
chr7	129114810	1.471250882	56.20199183
chr7	129114875	1.3985182	56.20208746
chr7	129115029	1.355903457	56.20230283
chr7	129115031	1.383141006	56.20230554
chr7	129115547	1.390677055	56.20301924
chr7	129115591	1.358108708	56.20308043
chr7	129163680	1.422010151	56.26839052
chr7	129163681	1.385493977	56.26839195
chr7	129217509	1.259354587	56.34297032
chr7	129217627	1.23751451	56.34311892
chr7	129217628	1.214276251	56.34312016
chr7	129217633	1.150374808	56.34312623
chr7	129219037	0.9097999572	56.34474135
chr7	129232425	0.82508453	56.35692176
chr7	129232519	0.7960430294	56.35699931
chr7	129232591	0.7800477533	56.35705663
chr7	129232596	0.7669167559	56.35706053
chr7	129232601	1.062939577	56.35706436
chr7	129239004	1.17568264	56.36387037
chr7	129239057	1.139083421	56.36393268
chr7	129239069	1.183959922	56.36394635
chr7	129239099	1.163433407	56.36398186
chr7	129241093	1.038301947	56.36630175
chr7	129241609	1.006197805	56.36683751
chr7	129241619	0.950785372	56.36684758
chr7	129241971	0.6180150487	56.36718225
chr7	129242127	0.6921096065	56.36727866
chr7	129259675	0.5597292786	56.3794238
chr7	129259711	0.5854935952	56.37944395
chr7	129260034	0.6346818409	56.37963307
chr7	129260050	0.6812853595	56.37964322
chr7	129260163	0.736064952	56.37972021
chr7	129537598	0.6886501552	56.58393039
chr7	129537639	0.6646995514	56.58395862
chr7	129537723	0.7020985021	56.58401446
chr7	129540246	0.6905534155	56.58578585
chr7	129543549	0.6824973106	56.58806675
chr7	129543688	0.6703421178	56.58816162
chr7	129550655	0.6584921585	56.59283189
chr7	129572995	0.5040252597	56.60754261
chr7	129573038	0.4877582623	56.60756428
chr7	129573104	0.4675080797	56.60759647
chr7	129573160	0.3970500899	56.60762265
chr7	129573627	0.4414972651	56.60780807
chr7	129574095	0.3987755719	56.60801469
chr7	129574699	1.646503637	56.60825555
chr7	129574740	1.636138215	56.60832306
chr7	129574741	1.627149167	56.6083247
chr7	129574791	1.616195719	56.60840605
chr7	129574886	1.599023458	56.60855959
chr7	129574890	1.567388901	56.60856599
chr7	129574976	1.582466437	56.60870078
chr7	129575139	1.575473367	56.60895873
chr7	129575719	1.565232242	56.6098725
chr7	129575822	1.621955142	56.61003372
chr7	129576256	1.728986443	56.61073765
chr7	129576494	1.764191496	56.61114915
chr7	129577327	1.75672473	56.61261872
chr7	129577335	1.814386829	56.61263277
chr7	129577493	0.6387567103	56.61291945
chr7	129577505	0.8046296423	56.61292711
chr7	129582342	0.7945265371	56.6168191
chr7	129636505	0.739695363	56.65985305
chr7	129636603	1.051761328	56.65992554
chr7	129636684	1.04515222	56.66001073
chr7	129636772	1.036622088	56.6601027
chr7	129636814	1.031359411	56.66014624
chr7	129637126	0.9265280972	56.66046802
chr7	129637133	0.8023661274	56.66047451
chr7	129637239	1.266074878	56.66055956
chr7	129637578	1.256950836	56.66098876
chr7	129637639	1.621872237	56.66106543
chr7	129637647	1.568545587	56.66107841
chr7	129637658	1.940027318	56.66109566
chr7	129637704	1.968331748	56.6611849
chr7	129637765	2.387107925	56.66130497
chr7	129640335	2.378049971	56.66743984
chr7	129640690	4.207055045	56.66828405
chr7	129641583	4.781189027	56.67204095
chr7	129642575	2.952183953	56.67678389
chr7	129642930	3.035667824	56.67783191
chr7	129643051	3.056947279	56.67819923
chr7	129644555	3.056321769	56.68279688
chr7	129644674	2.694601577	56.68316058
chr7	129644675	2.305700591	56.68316327
chr7	129646138	1.437140747	56.68653651
chr7	129647588	0.5579814256	56.68862037
chr7	129647609	0.697587813	56.68863209
chr7	129647616	0.7681587911	56.68863697
chr7	129682923	0.6752060664	56.71575835
chr7	129682956	0.7924138882	56.71578063
chr7	129682975	0.7084266985	56.71579569
chr7	129683211	0.6771334182	56.71596288
chr7	129696470	0.6065624401	56.72494099
chr7	129696524	0.5986614715	56.72497374
chr7	129696566	0.7742483957	56.72499889
chr7	129696734	0.8279588578	56.72512896
chr7	129697897	0.7765746561	56.72609188
chr7	129799426	0.7430565289	56.80493673
chr7	129799642	0.5901934443	56.80509723
chr7	129803639	0.4595764267	56.80745623
chr7	129808993	0.4901846055	56.8099168
chr7	129824925	0.493986409	56.81772642
chr7	129825047	0.4802148807	56.81778669
chr7	129825114	0.388290124	56.81781886
chr7	129825149	0.3742080009	56.81783245
chr7	129825155	0.3547918109	56.8178347
chr7	129938364	0.324339357	56.85800032
chr7	129938389	0.2483854567	56.85800843
chr7	129938594	0.2664389445	56.85805935
chr7	129999554	0.2439355552	56.87430147
chr7	129999626	0.2635480165	56.87431903
chr7	129999647	2.493512447	56.87432457
chr7	129999761	2.473792969	56.87460883
chr7	129999785	2.462422723	56.8746682
chr7	129999869	7.698317014	56.87487504
chr7	130000920	7.724908771	56.88296597
chr7	130001067	7.736064453	56.88410154
chr7	130001160	2.872647635	56.88482099
chr7	130001214	0.5042537775	56.88497611
chr7	130001752	0.542277141	56.8852474
chr7	130001967	0.5144026082	56.88536399
chr7	130002046	0.5238202454	56.88540463
chr7	130129127	0.5976114908	56.95197223
chr7	130129222	0.7327818965	56.952029
chr7	130129564	0.6752560786	56.95227961
chr7	130129580	0.6483979188	56.95229042
chr7	130129631	0.6215617101	56.95232349
chr7	130129904	0.6403952869	56.95249317
chr7	130129960	0.6279939916	56.95252903
chr7	130130550	0.7241515922	56.95289955
chr7	130130572	0.8430120874	56.95291548
chr7	130157272	0.8379399435	56.97542391
chr7	130173862	0.847178333	56.98932533
chr7	130174837	0.8650145767	56.99015133
chr7	130175416	0.6383283472	56.99065217
chr7	130175419	0.5614896702	56.99065409
chr7	130175459	0.4869243964	56.99067655
chr7	130175600	0.5047052636	56.9907452
chr7	130175645	0.5224902582	56.99076791
chr7	130175849	0.6844769942	56.9908745
chr7	130182343	0.7028984874	56.9953195
chr7	130185379	0.7745693936	56.9974535
chr7	130187810	0.802772384	56.99933647
chr7	130187917	0.9251088434	56.99942237
chr7	130187954	1.000393549	56.9994566
chr7	130187956	1.075816627	56.9994586
chr7	130309011	1.056497702	57.12969158
chr7	130309014	1.062957736	57.12969475
chr7	130309064	1.011196679	57.1297479
chr7	130310055	1.028007913	57.13074999
chr7	130310069	1.020889937	57.13076439
chr7	130310118	0.9340967786	57.13081441
chr7	130310126	4.545808161	57.13082188
chr7	130311960	4.725274841	57.1391589
chr7	130312008	4.902419884	57.13938571
chr7	130312117	4.888714815	57.13992007
chr7	130312680	4.991826672	57.14267242
chr7	130312726	5.117447898	57.14290204
chr7	130312868	4.199773188	57.14362872
chr7	130312947	4.264458419	57.1439605
chr7	130312964	4.252127141	57.144033
chr7	130313782	4.265888335	57.14751124
chr7	130313793	2.37446073	57.14755816
chr7	130317235	2.363525035	57.15573106
chr7	130367616	3.414534603	57.27480781
chr7	130368133	3.561891557	57.27657313
chr7	130369498	3.493474317	57.28143511
chr7	130369517	3.474485457	57.28150148
chr7	130369590	3.302774968	57.28175512
chr7	130369593	3.125225462	57.28176503
chr7	130369755	4.387361288	57.28227132
chr7	130370239	9.693130046	57.2843948
chr7	130370850	12.23191838	57.2903173
chr7	130372192	12.05749284	57.30673254
chr7	130372208	3.94304565	57.30692546
chr7	130372221	2.235875191	57.30697672
chr7	130372235	2.164298305	57.30700802
chr7	130389903	1.848899013	57.34524684
chr7	130390001	1.861030158	57.34542803
chr7	130390097	1.824005249	57.34560669
chr7	130390252	1.566306628	57.34588941
chr7	130390289	1.414716387	57.34594737
chr7	130390318	1.214903677	57.34598839
chr7	130398377	1.174584243	57.3557793
chr7	130398381	1.152470714	57.355784
chr7	130398418	1.082003068	57.35582664
chr7	130544019	2.099016214	57.51336737
chr7	130546336	2.12380134	57.51823079
chr7	130547052	1.841699817	57.51975143
chr7	130547105	1.932408566	57.51984904
chr7	130547128	1.955389038	57.51989349
chr7	130547281	1.903921434	57.52019266
chr7	130547409	1.152783441	57.52043636
chr7	130547596	1.094078635	57.52065193
chr7	130547651	1.304320723	57.52071211
chr7	130547716	1.315384685	57.52079689
chr7	130562677	1.085937423	57.54047636
chr7	130563224	1.023124232	57.54107037
chr7	130563241	1.029326526	57.54108776
chr7	130564241	1.091022228	57.54211709
chr7	130564318	1.122570418	57.5422011
chr7	130564726	1.128854781	57.5426591
chr7	130564736	1.180342263	57.54267039
chr7	130564742	1.204440277	57.54267748
chr7	130564786	1.234012522	57.54273047
chr7	130565000	1.271558311	57.54299455
chr7	130565026	1.142686074	57.54302761
chr7	130565252	1.25855248	57.54328586
chr7	130565708	1.158777834	57.54385976
chr7	130644759	1.255051115	57.6354623
chr7	130645239	1.245807685	57.63606473
chr7	130660626	1.320072882	57.65523397
chr7	130660642	1.296166723	57.65525509
chr7	130828448	1.153816756	57.87275964
chr7	130828616	1.140737069	57.87295349
chr7	130828621	1.255760598	57.87295919
chr7	130842263	1.207949983	57.89009028
chr7	130842680	1.04889356	57.89059399
chr7	130842707	1.056387187	57.89062231
chr7	130842917	1.277222094	57.89084415
chr7	130843188	1.270719795	57.89119028
chr7	130843919	1.253366893	57.89211918
chr7	130844035	1.246875173	57.89226457
chr7	130844059	1.23452053	57.89229449
chr7	130844579	1.210675975	57.89293644
chr7	130849722	1.218317758	57.89916295
chr7	130849828	1.536084049	57.89929209
chr7	130850061	1.511834792	57.89965
chr7	130850078	1.495152162	57.8996757
chr7	130850082	1.29810828	57.89968168
chr7	130850739	1.278223953	57.90053454
chr7	130850747	1.706192419	57.90054476
chr7	130858529	1.35390787	57.91382235
chr7	130858557	1.342827373	57.91386026
chr7	130858582	0.8987713526	57.91389383
chr7	130858701	0.8986726927	57.91400079
chr7	130858743	0.5242733536	57.91403853
chr7	130858865	0.5285336551	57.91410249
chr7	130859329	0.5174696925	57.91434773
chr7	130859627	0.4064702064	57.91450194
chr7	130884465	0.3239069954	57.92459784
chr7	130884539	0.3852229781	57.92462181
chr7	130884544	0.3872738525	57.92462374
chr7	130884589	0.4000935366	57.92464117
chr7	130884660	0.4257396746	57.92466957
chr7	130884662	0.4385628403	57.92467042
chr7	130884703	0.47346458	57.92468841
chr7	130906547	0.4872124948	57.93503077
chr7	130907989	0.4775066665	57.93573333
chr7	131152611	0.4864847703	58.05254196
chr7	131152631	0.4736247275	58.05255169
chr7	131152758	0.460770774	58.05261184
chr7	131153522	1.483123462	58.05296387
chr7	131153525	1.348964818	58.05296832
chr7	131153531	6.356959965	58.05297641
chr7	131155177	8.22077199	58.06343997
chr7	131155585	3.213331029	58.06679405
chr7	131155609	5.473083372	58.06687117
chr7	131157228	2.5624537	58.07573209
chr7	131157325	2.572623883	58.07598065
chr7	131157330	1.093075009	58.07599351
chr7	131157391	1.122391643	58.07606019
chr7	131157814	1.287099139	58.07653496
chr7	131180219	1.315711971	58.10537241
chr7	131181848	1.150004218	58.10751571
chr7	131182076	1.17364091	58.10777791
chr7	131182204	1.03228484	58.10792814
chr7	131253432	0.9404221512	58.18145572
chr7	131299635	0.9110949661	58.22490605
chr7	131299788	0.884429977	58.22504544
chr7	131299839	0.874091894	58.22509055
chr7	131299843	0.9582863498	58.22509404
chr7	131299852	0.8708072639	58.22510267
chr7	131300673	0.8602125483	58.2258176
chr7	131300677	0.8365171909	58.22582104
chr7	131300713	0.8331508505	58.22585116
chr7	131300755	0.8194094938	58.22588615
chr7	131300883	0.8117677106	58.22599103
chr7	131300925	0.7287978865	58.22602513
chr7	131301039	0.70864388	58.22610821
chr7	131301070	0.7178412843	58.22613018
chr7	131305457	0.6901038231	58.22927935
chr7	131380791	0.7096732026	58.28126763
chr7	131380813	0.7485406002	58.28128324
chr7	131380815	0.7312127279	58.28128474
chr7	131380906	0.8982900037	58.28135128
chr7	131487278	0.868976065	58.37690419
chr7	131487979	0.6495581484	58.37751334
chr7	131488115	0.6312450728	58.37760168
chr7	131488149	24.14687857	58.37762314
chr7	131488151	24.24916458	58.37767143
chr7	131488193	24.42215608	58.3786899
chr7	131488226	33.93904357	58.37949583
chr7	131488589	0.9536179657	58.3918157
chr7	131488652	1.040231204	58.39187578
chr7	131539003	1.066881956	58.44425246
chr7	131539375	0.9424355885	58.44464934
chr7	131539811	0.959224263	58.44506024
chr7	131539902	0.8925497081	58.44514753
chr7	131539934	0.9193842457	58.44517609
chr7	131546367	0.8587669051	58.45109049
chr7	131546397	2.364959375	58.45111626
chr7	131548608	4.375884914	58.45634518
chr7	131548686	3.710241538	58.4566865
chr7	131552534	3.690153472	58.47096351
chr7	131552544	3.676460759	58.47100041
chr7	131552898	3.689014842	58.47230188
chr7	131553034	3.719036128	58.47280358
chr7	131553077	2.993885487	58.4729635
chr7	131553083	3.083914971	58.47298147
chr7	131553087	3.113950119	58.4729938
chr7	131556353	3.129804853	58.48316396
chr7	131556354	2.238877178	58.48316709
chr7	131556952	2.239128041	58.48450594
chr7	131556968	2.199004559	58.48454177
chr7	131556970	1.436463935	58.48454617
chr7	131667875	1.209290508	58.6438572
chr7	131668014	1.136284013	58.64402529
chr7	131668026	0.7999482799	58.64403893
chr7	131668056	0.7078958832	58.64406292
chr7	131668080	0.7401264786	58.64407991
chr7	131668083	0.709097935	58.64408213
chr7	131668121	0.7048376335	58.64410908
chr7	131668154	0.6557149406	58.64413234
chr7	131668170	0.5104624137	58.64414283
chr7	131668173	0.4527544696	58.64414436
chr7	131668368	0.4261037176	58.64423265
chr7	131668369	0.3972969982	58.64423307
chr7	131668413	2.699913981	58.64425056
chr7	131668471	2.784067042	58.64440715
chr7	131668504	2.887275015	58.64449903
chr7	131669846	2.920052572	58.64837375
chr7	131669879	0.5860141157	58.64847011
chr7	131669907	0.6717660639	58.64848652
chr7	131669944	0.7239877325	58.64851137
chr7	131670064	0.7770623575	58.64859825
chr7	131675923	0.749588961	58.65315106
chr7	131676933	0.7680825888	58.65390815
chr7	131677023	0.7589207951	58.65397727
chr7	131679439	0.8210410576	58.65581083
chr7	131681306	0.8766511878	58.65734371
chr7	131682001	0.9020830807	58.65795298
chr7	131729403	0.8859983828	58.70071352
chr7	131734939	0.8238781204	58.70561841
chr7	131735005	0.7709168225	58.70567279
chr7	131735023	0.5949176298	58.70568666
chr7	131735024	0.5578936692	58.70568726
chr7	131735964	0.5056720006	58.70621168
chr7	131737281	0.4556099316	58.70687765
chr7	131773807	0.4397552012	58.72351926
chr7	131775030	0.370192247	58.72405708
chr7	131775049	0.2890803046	58.72406411
chr7	131775050	0.2567217493	58.7240644
chr7	131775096	0.2341885499	58.72407621
chr7	131775265	0.2019226628	58.72411579
chr7	131775800	0.1946789947	58.72422382
chr7	131791388	0.2058279664	58.72725847
chr7	131798996	0.2100746189	58.72882441
chr7	131817566	0.184642726	58.7327255
chr7	131844118	0.2136928993	58.73762813
chr7	131845940	0.1942623748	58.73801748
chr7	131845964	0.1609163833	58.73802214
chr7	131846084	0.200182275	58.73804145
chr7	131849389	0.1811222392	58.73870305
chr7	131849564	7.15478317	58.73873475
chr7	131850083	0.5488928738	58.74244808
chr7	131850157	0.5626578041	58.7424887
chr7	131863358	0.6012454877	58.74991635
chr7	131864146	0.6143576075	58.75039013
chr7	131864362	0.6288626501	58.75052283
chr7	131864452	0.6740959506	58.75057943
chr7	131864468	0.4250527711	58.75059021
chr7	131962629	0.4409421125	58.79231382
chr7	131962798	0.4431832314	58.79238834
chr7	131962820	0.6052352876	58.79239809
chr7	132070481	0.5739861405	58.85755832
chr7	132071182	0.5573967449	58.85796069
chr7	132071730	0.5421257361	58.85826614
chr7	132072347	0.6051119166	58.85860063
chr7	132072978	0.6924727415	58.85898246
chr7	132074599	0.8205845528	58.86010496
chr7	132074635	0.9463432456	58.8601345
chr7	132100625	0.8925273911	58.88472996
chr7	132102035	0.8944937278	58.88598842
chr7	132102050	0.8437585359	58.88600184
chr7	132102107	0.6160092035	58.88604993
chr7	132102186	0.619134918	58.8860986
chr7	132127080	0.4813932245	58.90151134
chr7	132127083	0.460404479	58.90151279
chr7	132127084	0.3633175587	58.90151325
chr7	132127424	0.350909603	58.90163678
chr7	132127482	0.3288738507	58.90165713
chr7	132127702	0.4834850245	58.90172948
chr7	132127706	0.3491827159	58.90173141
chr7	132128072	0.3694996054	58.90185922
chr7	132149803	0.356673601	58.90988881
chr7	132150001	0.2020624273	58.90995943
chr7	132150949	0.2741384992	58.91015099
chr7	132151024	0.2976269008	58.91017155
chr7	132198835	0.3109554709	58.92440139
chr7	132199251	0.4155234079	58.92453075
chr7	132199532	0.4991668928	58.92464751
chr7	132199653	0.3930551194	58.92470791
chr7	132199674	0.4064323541	58.92471616
chr7	132222552	0.4211063694	58.93401452
chr7	132223062	0.4672630675	58.93422928
chr7	132224093	0.3485055418	58.93471103
chr7	132297757	0.3186898267	58.96038334
chr7	132297766	0.3010618741	58.96038621
chr7	132297767	0.3810888688	58.96038651
chr7	132297806	0.3576004672	58.96040138
chr7	132455980	4.823639839	59.01696447
chr7	132456002	4.780064579	59.01707059
chr7	132457401	4.755437052	59.0237579
chr7	132457473	4.73385077	59.02410029
chr7	132457482	4.669186304	59.0241429
chr7	132457503	4.619601491	59.02424095
chr7	132457518	0.1362795623	59.02431025
chr7	132457871	0.1815733768	59.02435835
chr7	132457885	0.2268779044	59.02436089
chr7	132458143	0.6151880264	59.02441943
chr7	132461236	0.7911819049	59.02632221
chr7	132461288	0.8250267669	59.02636335
chr7	132461307	1.068859567	59.02637902
chr7	132461434	1.076369532	59.02651477
chr7	132461706	1.096012201	59.02680754
chr7	132532430	1.0031918	59.10432191
chr7	132532596	1.018865395	59.10448844
chr7	132533985	1.137836815	59.10590364
chr7	132533989	1.13203885	59.10590819
chr7	132533998	1.305571959	59.10591838
chr7	132534010	1.258150606	59.10593405
chr7	132562355	1.398782706	59.14159633
chr7	132563155	1.722144155	59.14271535
chr7	132563174	2.441160081	59.14274807
chr7	132563201	2.366102354	59.14281399
chr7	132563528	2.375941186	59.1435877
chr7	132563549	3.245414169	59.1436376
chr7	132564813	3.21309323	59.1477398
chr7	132565794	3.084987609	59.15089184
chr7	132567487	2.254278449	59.15611473
chr7	132567502	2.151375078	59.15614854
chr7	132567531	2.085810947	59.15621093
chr7	132567592	4.928694202	59.15633817
chr7	132567618	5.477185574	59.15646631
chr7	132567619	5.635377837	59.15647179
chr7	132567623	8.852635838	59.15649433
chr7	132567762	12.09903373	59.15772485
chr7	132567988	12.26601637	59.16045923
chr7	132568403	12.45746502	59.16554963
chr7	132568809	10.26550287	59.17060736
chr7	132568824	4.231885576	59.17076134
chr7	132568828	4.505793144	59.17077827
chr7	132569052	3.879284955	59.17178756
chr7	132580738	4.600625887	59.21712089
chr7	132581400	4.975204908	59.2201665
chr7	132581415	5.152270522	59.22024113
chr7	132582380	4.507857264	59.22521307
chr7	132582386	4.622787411	59.22524012
chr7	132584097	3.596388315	59.23314971
chr7	132584432	3.723735656	59.2343545
chr7	132584708	3.920612863	59.23538225
chr7	132584722	4.064553851	59.23543714
chr7	132584746	4.026630621	59.23553469
chr7	132584985	4.105482798	59.23649705
chr7	132584987	3.899962906	59.23650526
chr7	132607193	3.766295843	59.32310784
chr7	132607200	3.777299387	59.3231342
chr7	132608521	5.762956821	59.32812402
chr7	132608674	5.413062441	59.32900575
chr7	132608678	5.286672142	59.3290274
chr7	132608680	6.405147686	59.32903797
chr7	132608810	6.321439852	59.32987064
chr7	132610138	3.889186155	59.33826551
chr7	132610782	3.735169259	59.34077015
chr7	132610853	3.568487998	59.34103535
chr7	132611413	3.498964781	59.3430337
chr7	132611435	2.247540257	59.34311068
chr7	132611505	1.998903878	59.34326801
chr7	132611598	2.010311369	59.3434539
chr7	132611665	1.344816558	59.34358859
chr7	132611791	1.367674574	59.34375804
chr7	132612286	1.373339389	59.34443504
chr7	132612332	0.6984650642	59.34449821
chr7	132612338	0.7094930359	59.34450241
chr7	132612346	0.7816382304	59.34450808
chr7	132612384	0.7230153116	59.34453778
chr7	132612388	0.598289366	59.34454068
chr7	132612419	0.6211576921	59.34455922
chr7	132613092	0.4200547046	59.34497726
chr7	132618380	0.502625825	59.34719851
chr7	132618406	0.5259665805	59.34721158
chr7	132618408	0.6085772705	59.34721263
chr7	132621961	0.6988470729	59.34937491
chr7	132660134	0.5799498206	59.376052
chr7	132660142	0.4973391305	59.37605663
chr7	132660154	0.4911067188	59.3760626
chr7	132660288	0.5047140447	59.37612841
chr7	132661866	0.5183911139	59.37692485
chr7	132661928	0.5320778477	59.37695699
chr7	132913451	0.4992399653	59.51078681
chr7	132913645	0.4894027044	59.51088366
chr7	132913657	0.4757953789	59.51088953
chr7	132913682	0.4775954876	59.51090143
chr7	132913827	1.840576633	59.51097068
chr7	132913863	2.358945985	59.51103694
chr7	132913943	2.599214281	59.51122565
chr7	132914240	2.678079561	59.51199762
chr7	132918270	5.656826277	59.52279028
chr7	132918328	7.226805586	59.52311838
chr7	132919849	7.21556648	59.53411035
chr7	132920300	5.545653368	59.53736457
chr7	132920347	5.532402917	59.53762522
chr7	132920514	4.987912782	59.53854913
chr7	132920524	3.388358436	59.53859901
chr7	132920539	2.34780114	59.53864983
chr7	132920894	17.64430056	59.5394833
chr7	132920897	48.56514866	59.53953623
chr7	132920918	47.26699576	59.5405561
chr7	132921120	2.30193011	59.55010403
chr7	132921942	2.410668864	59.55199622
chr7	132924954	1.511431889	59.55925716
chr7	132924960	1.282999046	59.55926622
chr7	132924968	1.271971075	59.55927649
chr7	132925547	1.300323895	59.56001296
chr7	132926395	0.6467362998	59.56111563
chr7	132926481	0.6861670141	59.56117125
chr7	132926507	0.7167361119	59.56118909
chr7	132926591	0.7057634902	59.5612493
chr7	132957956	0.5311667016	59.58338557
chr7	132958872	0.5740402272	59.58387212
chr7	132959274	0.6171275418	59.58410288
chr7	133039287	0.7585526518	59.63348111
chr7	133039290	0.6192402118	59.63348339
chr7	133039536	2.316765846	59.63363572
chr7	133039550	2.378149218	59.63366815
chr7	133039669	2.348093385	59.63395115
chr7	133040639	2.341307199	59.6362288
chr7	133041426	2.360880244	59.63807141
chr7	133041489	2.236835357	59.63822015
chr7	133041490	2.290220045	59.63822239
chr7	133041541	2.311580969	59.63833919
chr7	133041549	2.334639408	59.63835768
chr7	133041567	0.6371137732	59.6383997
chr7	133041809	0.8722412754	59.63855388
chr7	133041830	0.8936405165	59.6385722
chr7	133041964	0.9399638503	59.63869195
chr7	133042067	1.026638887	59.63878877
chr7	133047146	0.9761618092	59.64400306
chr7	133056465	1.002235717	59.65309992
chr7	133056472	0.8094740681	59.65310693
chr7	133057105	0.834170628	59.65361933
chr7	133057394	0.8797548849	59.6538604
chr7	133057507	0.9016484963	59.65395982
chr7	133057994	0.7173498614	59.65439892
chr7	133063721	0.7444229339	59.65850718
chr7	133063847	0.8545435489	59.65860098
chr7	133183867	0.8917220906	59.7611633
chr7	133183890	0.8678363033	59.76118381
chr7	133183938	1.160571426	59.76122546
chr7	133187000	1.246814966	59.76477913
chr7	133188692	1.220741059	59.76688874
chr7	133190545	1.207759623	59.76915078
chr7	133190576	1.184560456	59.76918822
chr7	133190623	1.157365447	59.76924389
chr7	133191058	1.13424128	59.76974734
chr7	133191068	1.102035952	59.76975869
chr7	133192079	1.749928452	59.77087285
chr7	133202767	1.726212393	59.78957608
chr7	133202942	2.497362248	59.78987817
chr7	133214981	2.475468637	59.81994391
chr7	133215051	2.42185141	59.82011719
chr7	133216849	2.034754607	59.82447168
chr7	133216861	2.714220757	59.8244961
chr7	133216886	3.473072767	59.82456396
chr7	133217506	3.34266674	59.82671726
chr7	133217570	2.966820386	59.82693119
chr7	133217594	2.945422473	59.8270024
chr7	133217629	5.00989826	59.82710549
chr7	133217721	4.578339601	59.8275664
chr7	133217771	5.670284597	59.82779531
chr7	133217775	5.740336503	59.82781799
chr7	133217835	5.811056668	59.82816241
chr7	133219185	7.965974992	59.83600734
chr7	133219299	5.905789279	59.83691546
chr7	133219918	5.956214489	59.84057115
chr7	133219939	5.868277802	59.84069623
chr7	133220029	5.871828812	59.84122437
chr7	133220036	5.907678231	59.84126547
chr7	133220331	5.812943679	59.84300824
chr7	133220726	4.915111761	59.84530435
chr7	133220754	4.956990776	59.84544197
chr7	133220759	4.992942251	59.84546676
chr7	133220898	2.772724594	59.84616078
chr7	133221009	2.138449374	59.84646855
chr7	133221033	1.15974163	59.84651987
chr7	133221737	1.060490843	59.84733633
chr7	133315229	0.9809197379	59.94648374
chr7	133315339	0.8405984229	59.94659164
chr7	133315343	0.8040508942	59.94659501
chr7	133315423	5.15280955	59.94665933
chr7	133315426	5.176561389	59.94667479
chr7	133315431	5.140047922	59.94670067
chr7	133315445	5.17409532	59.94677263
chr7	133315506	5.138891978	59.94708825
chr7	133315534	5.13611369	59.94723214
chr7	133316115	5.10676111	59.95021622
chr7	133316207	0.4956152075	59.95068604
chr7	133316211	0.4098105464	59.95068803
chr7	133316215	0.3736944936	59.95068967
chr7	133316265	0.3970140146	59.95070835
chr7	133316284	0.4209070854	59.95071589
chr7	133316657	44.79630719	59.95087289
chr7	133316708	44.86762155	59.9531575
chr7	133316735	0.9236006022	59.95436893
chr7	133316761	1.092413598	59.95439294
chr7	133316893	1.210054613	59.95453714
chr7	133460580	0.870361445	60.12840626
chr7	133464045	0.7829801592	60.13142206
chr7	133464102	0.7461205351	60.13146669
chr7	133464110	0.5448149	60.13147266
chr7	133464124	0.5214275164	60.13148029
chr7	133464173	0.5313520808	60.13150584
chr7	133464425	0.4615129686	60.13163974
chr7	133464548	0.686341735	60.1316965
chr7	133480978	0.4765015302	60.1429731
chr7	133485415	0.3542492503	60.14508734
chr7	133485460	0.3930199259	60.14510328
chr7	133485616	0.4035995415	60.14516459
chr7	133811492	0.4200237645	60.27668799
chr7	133811495	0.8698707743	60.27668925
chr7	133811554	1.789949126	60.27674058
chr7	133811561	1.722134417	60.27675311
chr7	133811563	1.712211708	60.27675655
chr7	133812032	1.728770269	60.27755958
chr7	133812143	1.699027017	60.27775147
chr7	133812144	2.384480275	60.27775317
chr7	133812178	2.847940905	60.27783424
chr7	133812179	2.833491614	60.27783709
chr7	133812353	3.870698162	60.27833012
chr7	133812781	3.86079768	60.27998678
chr7	133812933	4.411300175	60.28057362
chr7	133812960	4.956387062	60.28069272
chr7	133813036	4.946508084	60.28106941
chr7	133813101	4.963155957	60.28139093
chr7	133814818	4.987477146	60.28991267
chr7	133815060	5.184668673	60.29111964
chr7	133816605	5.177772606	60.29912995
chr7	133816882	4.450108072	60.3005642
chr7	133817035	4.45283525	60.30124506
chr7	133818983	9.560334797	60.30991918
chr7	133819001	7.554932003	60.31009127
chr7	133819112	7.572073441	60.31092987
chr7	133819139	7.538784934	60.31113431
chr7	133819161	7.045060953	60.31130017
chr7	133819285	6.499974065	60.31217376
chr7	133819571	0.6365819505	60.31403275
chr7	133858889	0.5501870584	60.33906188
chr7	133858932	0.5929477204	60.33908553
chr7	133858942	0.6998503679	60.33909146
chr7	133858943	0.7426116936	60.33909216
chr7	133859013	0.7640016406	60.33914415
chr7	133859017	0.7206684482	60.3391472
chr7	133871846	0.9951660758	60.34839266
chr7	133871847	1.025224879	60.34839365
chr7	133871895	0.8895468307	60.34844286
chr7	134020178	0.7855012009	60.48034754
chr7	134020195	0.5798987104	60.48036089
chr7	134020243	0.5296284513	60.48038873
chr7	134020294	0.6785074047	60.48041574
chr7	134021269	0.7237815911	60.48107728
chr7	134021406	0.707357367	60.48117644
chr7	134022876	1.443547168	60.48221626
chr7	134022939	1.439257095	60.4823072
chr7	134022995	1.464706822	60.4823878
chr7	134086428	1.256336065	60.57529854
chr7	134086437	1.289383826	60.57530985
chr7	134086444	1.23734267	60.57531888
chr7	134086468	0.4783251221	60.57534857
chr7	134097420	0.4330509357	60.58058719
chr7	134097569	0.3713930009	60.58065172
chr7	134097627	0.1988067352	60.58067326
chr7	134097663	0.204603153	60.58068041
chr7	134097678	0.3747550553	60.58068348
chr7	134097691	0.3795741	60.58068835
chr7	134097947	0.3756579658	60.58078552
chr7	134097993	0.4805430852	60.58080281
chr7	134098270	0.4848055041	60.58093592
chr7	134098330	0.8142117701	60.580965
chr7	134123154	1.000031169	60.601177
chr7	134158465	0.856768062	60.6364891
chr7	134159061	0.9021542539	60.63699973
chr7	134159474	0.9082847501	60.63737232
chr7	134190761	0.7671766473	60.66578983
chr7	134190798	0.7162087187	60.66581821
chr7	134190903	0.6789659529	60.66589341
chr7	134190929	0.5856483917	60.66591107
chr7	134192914	0.4435824334	60.66707358
chr7	134193129	0.41418037	60.66716895
chr7	134193957	0.4745647184	60.66751189
chr7	134194051	0.470936797	60.6675565
chr7	134194102	0.4951779557	60.66758052
chr7	134287659	0.5116760089	60.71390788
chr7	134292524	0.4938335451	60.71639718
chr7	134292719	0.5024583808	60.71649348
chr7	134292783	0.5353101689	60.71652564
chr7	134292786	0.6081580925	60.71652725
chr7	134311219	0.6257322283	60.72773742
chr7	134311224	0.6615373304	60.72774055
chr7	134311227	0.7348745385	60.72774254
chr7	134336326	0.7041688432	60.74618715
chr7	134336337	0.7138488086	60.7461949
chr7	134336516	0.7609063951	60.74632268
chr7	134336605	0.7707615678	60.7463904
chr7	134336617	0.8623927279	60.74639965
chr7	134339040	0.8803497403	60.74848923
chr7	134686434	1.747531255	61.05431744
chr7	134686439	1.804769372	61.05432618
chr7	134687742	4.075721235	61.05667779
chr7	134687753	5.504984582	61.05672263
chr7	134687909	5.57836486	61.05758141
chr7	134688044	5.641208961	61.05833448
chr7	134689368	5.663123592	61.06580345
chr7	134690100	4.736284671	61.06994885
chr7	134690104	4.967490153	61.0699678
chr7	134690127	4.997580047	61.07008205
chr7	134690136	3.55744865	61.07012703
chr7	134691439	3.541930397	61.07476238
chr7	134692422	3.537804543	61.0782441
chr7	134692457	2.895997989	61.07836792
chr7	134692503	2.863701263	61.07850114
chr7	134692521	1.522455155	61.07855269
chr7	134693617	1.504837717	61.0802213
chr7	134721855	1.554137257	61.1227149
chr7	134722355	1.101108722	61.12349197
chr7	134722356	0.8645119994	61.12349307
chr7	134722466	0.8496138173	61.12358817
chr7	134722487	0.8826696139	61.12360601
chr7	134722829	0.8254101228	61.12390789
chr7	134722849	0.9083546948	61.12392439
chr7	134723032	0.9260782917	61.12409062
chr7	134763834	0.9771163897	61.16187647
chr7	134763857	0.9955676671	61.16189894
chr7	134763880	0.9648265073	61.16192184
chr7	134763913	0.9567579217	61.16195368
chr7	134763920	0.9903742046	61.16196038
chr7	134763968	0.9823066563	61.16200792
chr7	134763973	0.8984705864	61.16201283
chr7	134764059	0.874273096	61.1620901
chr7	134812828	0.8687293107	61.20472752
chr7	134813118	0.8639102662	61.20497945
chr7	134813205	0.8903756696	61.20505461
chr7	134813610	0.8733041659	61.20541521
chr7	134813618	0.8822938764	61.2054222
chr7	134819470	0.8199173267	61.21058538
chr7	134819658	0.7842367173	61.21073953
chr7	134828860	0.7108564384	61.21795607
chr7	134828941	0.6907103378	61.21801365
chr7	134831385	0.6296317258	61.21970175
chr7	134831493	0.623231819	61.21976975
chr7	134836203	0.5534215227	61.22270517
chr7	134906542	0.5356219172	61.26163229
chr7	134907124	0.5313594983	61.26194402
chr7	134911045	0.5298620491	61.26402748
chr7	134911380	0.5217582944	61.26420499
chr7	134911700	0.4983796888	61.26437195
chr7	134911827	0.5033832901	61.26443524
chr7	134912415	0.5141260184	61.26473123
chr7	134912638	0.5747202111	61.26484588
chr7	134912681	0.5567485516	61.26487059
chr7	134912696	0.5720502633	61.26487895
chr7	134943476	0.4920770846	61.28248665
chr7	135002454	0.4883768149	61.31150838
chr7	135052942	0.4473814119	61.33616554
chr7	135081226	0.3950944935	61.34881928
chr7	135081284	0.3842310226	61.3488422
chr7	135081467	0.441849649	61.34891251
chr7	135084062	0.4530991938	61.35005911
chr7	135084103	0.5062842563	61.35007769
chr7	135084279	0.477384086	61.35016679
chr7	135085144	0.5056184507	61.35057973
chr7	135085155	0.5072379726	61.35058529
chr7	135085236	0.5341181431	61.35062638
chr7	135085596	0.5466117608	61.35081866
chr7	135085631	0.5925573418	61.35083779
chr7	135114184	0.6885517457	61.36775708
chr7	135114208	0.6340507582	61.36777361
chr7	135114223	0.8160549909	61.36778312
chr7	135138009	1.04746597	61.3871938
chr7	135215622	1.038208745	61.46849078
chr7	135215674	1.014354832	61.46854476
chr7	135217692	1.087416586	61.47059173
chr7	135222572	1.104200919	61.47589833
chr7	135222573	1.171824355	61.47589943
chr7	135222583	1.140007499	61.47591115
chr7	135223518	1.152114751	61.47697706
chr7	135224721	1.120913512	61.47836305
chr7	135233149	0.9154039222	61.48781011
chr7	135233346	0.9046611938	61.48799044
chr7	135236780	0.8963995309	61.49109705
chr7	135237040	0.9783811226	61.49133011
chr7	135237094	0.9981220533	61.49138295
chr7	135238418	1.044933021	61.49270446
chr7	135246973	1.309747646	61.50164386
chr7	135249942	1.203487806	61.5055325
chr7	135249999	1.445227881	61.5056011
chr7	135250050	1.504246224	61.50567481
chr7	135250257	1.568281785	61.50598619
chr7	135250259	1.631473459	61.50598932
chr7	135250261	4.009048247	61.50599259
chr7	135250264	4.068320251	61.50600461
chr7	135250308	4.18721583	61.50618362
chr7	135250488	4.253630032	61.50693732
chr7	135252833	4.699313595	61.51691208
chr7	135252836	4.7711207	61.51692618
chr7	135252839	4.926519702	61.51694049
chr7	135252882	3.611115442	61.51715233
chr7	135291614	4.078807437	61.65701806
chr7	135294370	4.479606142	61.66825925
chr7	135300358	4.34240163	61.69508313
chr7	135300469	4.615950188	61.69556514
chr7	135300546	5.059837733	61.69592057
chr7	135300849	5.260760012	61.6974537
chr7	135304097	6.303733493	61.71454064
chr7	135304098	6.239694366	61.71454695
chr7	135304749	7.13030018	61.71860899
chr7	135304814	8.744667927	61.71907246
chr7	135304818	9.058117551	61.71910744
chr7	135305516	10.16720488	61.72543
chr7	135305574	10.70081803	61.7260197
chr7	135305827	10.51561514	61.72872701
chr7	135305884	11.24221288	61.7293264
chr7	135305898	11.1649183	61.72948379
chr7	135308303	10.78003942	61.75633542
chr7	135308313	9.860006364	61.75644322
chr7	135308405	9.785262199	61.75735034
chr7	135308431	11.3698257	61.75760476
chr7	135308446	10.43726563	61.7577753
chr7	135308459	8.96183534	61.75791099
chr7	135308467	10.80615831	61.75798268
chr7	135308765	9.842042149	61.76120292
chr7	135308768	10.4151357	61.76123244
chr7	135308789	12.93647297	61.76145116
chr7	135310012	10.11744225	61.77727247
chr7	135310224	7.575903606	61.77941737
chr7	135310256	6.737277044	61.77965979
chr7	135310963	6.140916585	61.78442305
chr7	135311190	2.449616196	61.78581704
chr7	135312035	2.540900733	61.78788696
chr7	135312069	1.680256148	61.78797335
chr7	135314966	1.757984379	61.79284106
chr7	135315378	1.783933962	61.79356535
chr7	135315766	1.79778956	61.79425751
chr7	135315968	1.229773783	61.79462067
chr7	135316016	1.26536011	61.79467969
chr7	135316387	1.450692917	61.79514914
chr7	135316420	0.627339268	61.79519702
chr7	135316866	0.6417716894	61.79547681
chr7	135411740	0.7153030523	61.85636426
chr7	135411899	0.7367064118	61.85647799
chr7	135412003	0.7006489051	61.85655461
chr7	135412440	0.6647554448	61.85686079
chr7	135412455	0.6288675885	61.85687076
chr7	135412897	0.595277946	61.85714872
chr7	135412898	0.5469260493	61.85714932
chr7	135423045	0.5389504898	61.86269898
chr7	135426570	0.6123518287	61.86459878
chr7	135426612	0.6518669137	61.86462449
chr7	135426647	0.6773003074	61.86464731
chr7	135429660	0.7289400319	61.86668802
chr7	135429720	0.8342037958	61.86673175
chr7	135429722	0.9908586165	61.86673342
chr7	135429724	1.106103789	61.8667354
chr7	135429747	1.207306694	61.86676084
chr7	135429771	1.462180112	61.86678982
chr7	135459640	1.692421398	61.91046368
chr7	135459699	1.833643672	61.91056353
chr7	135459700	2.056318672	61.91056536
chr7	135460681	2.091512312	61.91258261
chr7	135553504	3.424204451	62.10672306
chr7	135553514	3.397045432	62.1067573
chr7	135554872	3.842587489	62.11137049
chr7	135555691	5.063181297	62.11451757
chr7	135555697	4.999921404	62.11454795
chr7	135555750	5.235882952	62.11481294
chr7	135555753	5.200011898	62.11482865
chr7	135555758	5.664032701	62.11485465
chr7	135556006	6.386700602	62.11625933
chr7	135556091	5.054008463	62.1168022
chr7	135556114	5.580652539	62.11691844
chr7	135558644	5.481062377	62.13103749
chr7	135558796	6.132181275	62.13187061
chr7	135562170	5.183280178	62.15256059
chr7	135562204	5.157846784	62.15273683
chr7	135562338	4.722614008	62.15342798
chr7	135562349	4.689046603	62.15347993
chr7	135562369	4.663050354	62.15357371
chr7	135563170	4.6372154	62.15730881
chr7	135563188	3.918932319	62.15739228
chr7	135564091	3.106627336	62.16093108
chr7	135564595	4.254939587	62.16249682
chr7	135564639	4.099249337	62.16268403
chr7	135564685	4.571274879	62.1628726
chr7	135564696	5.018300297	62.16292288
chr7	135564797	7.190972641	62.16342973
chr7	135565026	5.908355616	62.16507646
chr7	135565058	6.392443592	62.16526553
chr7	135566010	6.95122391	62.17135114
chr7	135566110	7.48866848	62.17204626
chr7	135566123	7.993452457	62.17214361
chr7	135567392	8.723891983	62.1822873
chr7	135568226	11.48684007	62.18956303
chr7	135568384	12.24141975	62.19137795
chr7	135569519	11.99102578	62.20527196
chr7	135570101	14.15651903	62.21225074
chr7	135570140	15.07688063	62.21280284
chr7	135570144	13.27934436	62.21286315
chr7	135571989	11.86166246	62.23736354
chr7	135572101	11.80031648	62.23869205
chr7	135572112	11.06987696	62.23882185
chr7	135572180	15.86364683	62.2395746
chr7	135572213	15.2987321	62.2400981
chr7	135572953	8.337377539	62.25141916
chr7	135572980	8.31597418	62.25164427
chr7	135573003	7.485786555	62.25183554
chr7	135573886	6.970019668	62.25844549
chr7	135573912	7.008748881	62.25862671
chr7	135573917	3.630547127	62.25866175
chr7	135575176	3.456529408	62.26323261
chr7	135575296	4.24655566	62.2636474
chr7	135575355	4.068372055	62.26389794
chr7	135576899	2.696186319	62.27017951
chr7	135579660	2.070051667	62.27762368
chr7	135581099	1.670763244	62.28060248
chr7	135584711	1.294156786	62.28663728
chr7	135584720	0.6470853146	62.28664893
chr7	135584748	0.6911619519	62.28666705
chr7	135662823	0.5334090481	62.34062952
chr7	135662932	0.4909370096	62.34068766
chr7	135662968	0.3146929791	62.34070533
chr7	135663864	0.4088081084	62.3409873
chr7	135663981	0.4682468486	62.34103513
chr7	135701390	1.520329413	62.35855177
chr7	135702172	4.305771914	62.35974067
chr7	135704644	3.050285923	62.37038454
chr7	135704646	2.941006487	62.37039064
chr7	135704651	1.436737415	62.37040535
chr7	135704667	0.4741011104	62.37042833
chr7	135704669	0.5437384414	62.37042928
chr7	135705376	0.6355711691	62.3708137
chr7	135754035	0.6518707666	62.40173996
chr7	135754104	0.8308313974	62.40178494
chr7	135754140	0.7601301719	62.40181485
chr7	135754178	0.4375575261	62.40184374
chr7	135754213	0.4531366449	62.40185905
chr7	135754234	0.4687712938	62.40186857
chr7	135754242	0.5284166862	62.40187232
chr7	135754691	0.5443367945	62.40210958
chr7	135754981	0.6366280623	62.40226743
chr7	135754983	0.6488263474	62.40226871
chr7	135755111	0.6114243952	62.40235176
chr7	135755121	0.6235752183	62.40235787
chr7	135785826	0.8313079708	62.42150475
chr7	135785876	0.8495619011	62.42154631
chr7	135802686	0.7777683275	62.43582745
chr7	135853803	0.8088388155	62.47558463
chr7	135853835	0.6508176217	62.47561051
chr7	135853963	0.681713253	62.47569382
chr7	135853965	0.7659114044	62.47569518
chr7	135853976	0.7310704646	62.47570361
chr7	135853977	0.707869584	62.47570434
chr7	135853980	0.6733500337	62.47570646
chr7	135853997	0.6502624117	62.47571791
chr7	135964766	0.6441916788	62.54774683
chr7	135965552	0.6211322336	62.54825316
chr7	135965554	0.5573118136	62.5482544
chr7	135971252	0.5819074591	62.55142997
chr7	135973723	0.5370155163	62.55286786
chr7	135974749	5.065624976	62.55341884
chr7	135975514	0.8395921452	62.55729404
chr7	136034834	0.9104446501	62.60709865
chr7	136034872	1.077667018	62.60713324
chr7	136034942	1.097312895	62.60720868
chr7	136037619	1.104526754	62.61014619
chr7	136038848	1.124333122	62.61150365
chr7	136038860	1.173543787	62.61151714
chr7	136038861	1.148291515	62.61151832
chr7	136038906	1.137954591	62.61156999
chr7	136090894	1.098463295	62.67072997
chr7	136092283	1.159289762	62.67225574
chr7	136092292	1.190248649	62.67226617
chr7	136092297	1.221192532	62.67227212
chr7	136093164	1.659859282	62.6733309
chr7	136093170	1.690811498	62.67334086
chr7	136093172	1.752118749	62.67334424
chr7	136093193	1.78034169	62.67338103
chr7	136093266	1.838802353	62.673511
chr7	136203655	1.807843465	62.87649455
chr7	136203668	1.77664392	62.87651805
chr7	136203670	2.236406092	62.8765216
chr7	136203673	4.833522005	62.87652831
chr7	136203714	4.794827451	62.87672649
chr7	136203719	5.380469256	62.87675046
chr7	136204108	5.605011027	62.87884347
chr7	136204366	6.167712931	62.88028956
chr7	136204514	6.106417162	62.88120238
chr7	136204557	5.98384954	62.88146496
chr7	136204558	5.969424488	62.88147094
chr7	136204603	7.186157071	62.88173956
chr7	136204610	7.165845329	62.88178987
chr7	136204617	8.519634998	62.88184003
chr7	136205340	8.488900486	62.88799972
chr7	136205644	8.85619066	62.89058035
chr7	136208260	8.818629811	62.91374814
chr7	136208413	7.544195293	62.91509739
chr7	136210433	6.076687201	62.93033667
chr7	136210493	5.513985297	62.93070127
chr7	136210505	5.494355304	62.93076744
chr7	136210885	6.712470946	62.93285529
chr7	136210932	6.183788328	62.93317078
chr7	136211636	8.97542765	62.93752417
chr7	136212871	5.782777342	62.94860882
chr7	136212917	3.69331724	62.94887483
chr7	136213259	5.506773821	62.95013794
chr7	136215223	6.223670704	62.96095325
chr7	136215233	5.991733438	62.96101548
chr7	136215235	5.575777285	62.96102747
chr7	136215262	5.57052663	62.96117801
chr7	136215281	3.499578838	62.96128385
chr7	136215287	3.536928507	62.96130485
chr7	136219777	3.90218711	62.97718566
chr7	136219783	4.403756739	62.97720907
chr7	136219808	5.173120737	62.97731917
chr7	136219812	4.539112169	62.97733986
chr7	136219815	4.942273471	62.97735347
chr7	136225632	5.045379953	63.00610268
chr7	136225672	4.457440907	63.00630449
chr7	136226536	3.981008259	63.01015572
chr7	136228112	3.320622948	63.01642979
chr7	136246031	3.078594835	63.07593204
chr7	136246051	2.947199791	63.07599361
chr7	136246128	3.099738761	63.07622054
chr7	136246504	3.374104077	63.07738604
chr7	136246666	3.27208678	63.07793265
chr7	136246686	3.215117936	63.07799809
chr7	136259070	2.046314691	63.11781411
chr7	136259087	2.030940651	63.1178489
chr7	136259125	2.720192247	63.11792607
chr7	136259155	2.738241577	63.11800768
chr7	136259197	3.59909757	63.11812269
chr7	136259218	4.150549035	63.11819827
chr7	136259231	6.494311485	63.11825222
chr7	136260702	5.201221048	63.12780536
chr7	136260728	5.231361752	63.12794059
chr7	136260762	5.415630216	63.12811845
chr7	136261901	6.020379305	63.13428686
chr7	136261906	6.609884709	63.13431696
chr7	136263769	5.48576519	63.14663117
chr7	136263782	4.745444262	63.14670249
chr7	136263974	4.546018385	63.14761361
chr7	136264001	4.449953447	63.14773636
chr7	136264347	3.811212654	63.14927604
chr7	136265137	5.216133014	63.1522869
chr7	136265470	4.659751792	63.15402387
chr7	136266799	4.151578493	63.16021668
chr7	136267591	2.746658132	63.16350473
chr7	136267602	1.669755255	63.16353494
chr7	136267609	1.702578372	63.16354663
chr7	136267661	1.314259255	63.16363517
chr7	136267732	1.334604519	63.16372848
chr7	136267736	1.366711153	63.16373382
chr7	136267796	1.398671056	63.16381582
chr7	136267853	4.468842782	63.16389554
chr7	136268027	4.597619495	63.16467312
chr7	136268073	4.020682684	63.16488461
chr7	136268244	4.254107557	63.16557215
chr7	136270661	3.092129838	63.17585433
chr7	136271383	3.191078059	63.17808685
chr7	136271453	3.224337187	63.17831022
chr7	136271467	1.348694409	63.17835536
chr7	136271501	1.544163712	63.17840122
chr7	136271514	1.650842769	63.17842129
chr7	136275479	1.614008285	63.18496688
chr7	136316523	1.530008807	63.25121224
chr7	136316547	1.387256822	63.25124896
chr7	136318466	1.451288815	63.25391111
chr7	136318470	1.512010829	63.25391691
chr7	136318484	1.514661869	63.25393808
chr7	136372309	2.679747368	63.33546475
chr7	136372647	2.583270565	63.33637051
chr7	136375114	1.225321476	63.34274344
chr7	136375118	0.914220942	63.34274834
chr7	136375181	0.9153338388	63.34280593
chr7	136375231	2.218418812	63.3428517
chr7	136375235	2.122291953	63.34286057
chr7	136375248	2.061569938	63.34288816
chr7	136375671	1.962102741	63.34376021
chr7	136375706	2.05831491	63.34382888
chr7	136375889	5.860109954	63.34420555
chr7	136375995	7.659927427	63.34482673
chr7	136377421	7.918338465	63.35574978
chr7	136377425	5.673758671	63.35578146
chr7	136378058	4.454206296	63.35937294
chr7	136378103	2.896991046	63.35957338
chr7	136378166	1.447196158	63.35975589
chr7	136378491	1.343289609	63.36022623
chr7	136424800	1.413128939	63.42243263
chr7	136424832	1.475330429	63.42247785
chr7	136424851	1.360377157	63.42250588
chr7	136424865	1.297281327	63.42252493
chr7	136448976	1.222650518	63.45380368
chr7	136449981	1.130110083	63.45503244
chr7	136450035	1.133648224	63.45509347
chr7	136450169	1.115598895	63.45524538
chr7	136451809	1.197371947	63.45707496
chr7	136452557	1.243804024	63.45797059
chr7	136452631	1.289108552	63.45806263
chr7	136452827	1.073745559	63.4583153
chr7	136452908	0.9975945631	63.45840227
chr7	136452922	1.283061638	63.45841624
chr7	136453118	1.328694772	63.45866772
chr7	136453401	1.468941619	63.45904374
chr7	136467376	1.230414252	63.4795722
chr7	136467447	1.15815601	63.47965956
chr7	136467481	1.059361214	63.47969894
chr7	136467500	0.9784963247	63.47971906
chr7	136467647	1.034948023	63.4798629
chr7	136526353	0.9876885293	63.54062056
chr7	136526371	0.9407488221	63.54063834
chr7	136526806	0.8826670737	63.54104757
chr7	136526809	1.165777584	63.54105021
chr7	136526818	1.119130655	63.54106071
chr7	136528668	1.073324729	63.5431311
chr7	136528670	1.620902428	63.54313324
chr7	136528697	1.498673585	63.54317701
chr7	136528720	1.442221887	63.54321148
chr7	136528731	21.97300936	63.54322734
chr7	136528898	1.328251495	63.54689684
chr7	136528938	1.398229464	63.54694997
chr7	136528993	1.83556665	63.54702687
chr7	136529005	1.905698354	63.54704889
chr7	136529027	3.891630555	63.54709082
chr7	136530621	4.385991691	63.55329408
chr7	136530760	4.458130848	63.55390373
chr7	136530826	3.07662927	63.55419797
chr7	136531545	3.581562111	63.55641007
chr7	136532908	4.31714448	63.56129173
chr7	136533073	4.3947586	63.56200406
chr7	136533079	5.158194066	63.56203043
chr7	136533978	4.508669846	63.56666765
chr7	136534103	4.586083052	63.56723123
chr7	136534134	4.58996148	63.5673734
chr7	136534574	4.547786544	63.56939298
chr7	136535950	4.569551754	63.57565074
chr7	136536131	4.589511313	63.57647783
chr7	136536132	4.403432777	63.57648242
chr7	136537271	3.20065569	63.58149793
chr7	136537595	1.20727672	63.58253494
chr7	136537828	0.6585460871	63.58281623
chr7	136578165	0.5826166098	63.60938001
chr7	136578206	0.5126386412	63.60940389
chr7	136578552	0.4404994847	63.60958127
chr7	136578639	0.4986798893	63.60961959
chr7	136643831	0.3393658492	63.64212953
chr7	136643868	0.3333200572	63.64214209
chr7	136694343	0.2531176982	63.65896642
chr7	136694353	0.20358789	63.65896895
chr7	136694383	0.1738008205	63.65897506
chr7	136708864	0.1538412611	63.66149187
chr7	136709592	0.1539249053	63.66160386
chr7	136709792	0.1340718904	63.66163465
chr7	136710332	0.1279282163	63.66170705
chr7	136780291	0.1326759545	63.67065678
chr7	136780488	0.6937295857	63.67068291
chr7	136781380	0.6686577769	63.67130172
chr7	136784304	0.683347645	63.67325688
chr7	136785773	0.6376473678	63.67426071
chr7	136785775	0.6210028713	63.67426199
chr7	136786520	0.6357729821	63.67472464
chr7	136786556	0.6545197682	63.67474752
chr7	136786606	0.6599124557	63.67478025
chr7	136786633	0.0988588246	63.67479807
chr7	136786667	0.1513241358	63.67480143
chr7	136786682	0.1564885416	63.6748037
chr7	136789244	0.1753733382	63.67520462
chr7	136887827	0.1767123167	63.69249345
chr7	137154180	0.1895247593	63.73956131
chr7	137154233	0.2023031532	63.73957135
chr7	137154257	0.2186922031	63.73957621
chr7	137154371	0.1868123476	63.73960114
chr7	137205082	0.2320654846	63.74907458
chr7	137421652	0.272699503	63.799333
chr7	137422709	0.256857376	63.79962124
chr7	137423070	1.622195213	63.79971397
chr7	137423096	4.138745989	63.79975615
chr7	137423268	7.003792113	63.80046801
chr7	137423634	7.597706767	63.8030314
chr7	137423637	7.634065054	63.80305419
chr7	137423718	8.02714162	63.80367255
chr7	137424038	9.801935948	63.80624124
chr7	137424466	4.49102874	63.81043647
chr7	137424467	4.527708077	63.81044096
chr7	137425602	3.280951431	63.8155799
chr7	137425909	3.275577915	63.81658716
chr7	137425930	3.252096167	63.81665594
chr7	137425953	1.451743915	63.81673074
chr7	137426813	1.485841821	63.81797924
chr7	137426815	2.71258323	63.81798221
chr7	137428087	2.70620172	63.82143262
chr7	137429439	2.112287063	63.8250914
chr7	137429440	2.237711781	63.82509352
chr7	137429672	2.243857292	63.82561267
chr7	137432489	1.850780726	63.83193361
chr7	137432509	1.887762873	63.83197063
chr7	137432554	1.882994055	63.83205558
chr7	137432588	0.6885805562	63.8321196
chr7	137454266	0.9011323348	63.84704665
chr7	137454780	0.9129438485	63.84750983
chr7	137456815	0.9481692128	63.84936767
chr7	137456928	0.8831314907	63.84947481
chr7	137456937	0.9228822563	63.84948276
chr7	137506193	0.6573036891	63.89494025
chr7	137506463	0.6643309164	63.89511772
chr7	137506499	0.6236968979	63.89514164
chr7	137513606	0.6667902264	63.89957425
chr7	137513741	0.7085847314	63.89966427
chr7	137513975	0.6059481109	63.89983008
chr7	137513990	0.528925758	63.89983917
chr7	137514021	0.4300409198	63.89985556
chr7	137514132	0.39055725	63.8999033
chr7	137514197	0.5885708995	63.89992868
chr7	137514240	0.7715879162	63.89995399
chr7	137514248	0.9552777541	63.89996017
chr7	137514283	1.093944631	63.8999936
chr7	137515257	1.097740764	63.9010591
chr7	137515433	1.493300912	63.9012523
chr7	137518418	2.224332357	63.90570981
chr7	137518462	2.940481978	63.90580768
chr7	137518523	3.171265468	63.90598705
chr7	137531735	2.396630015	63.94788581
chr7	137531971	2.136790992	63.94845141
chr7	137532737	2.167685801	63.95008819
chr7	137533017	1.983995965	63.95069515
chr7	137533018	1.327815638	63.95069713
chr7	137533027	1.062647148	63.95070908
chr7	137533078	4.075403532	63.95076328
chr7	137533462	3.812292132	63.95232823
chr7	137533508	3.844585394	63.9525036
chr7	137533514	3.893109564	63.95252666
chr7	137533589	3.9092896	63.95281865
chr7	137533655	3.92527674	63.95307666
chr7	137533918	3.94141429	63.95410901
chr7	137534090	4.006157199	63.95478693
chr7	137534163	2.130486005	63.95507938
chr7	137535455	2.138108392	63.95783197
chr7	137538823	2.170999517	63.96503312
chr7	137539146	0.6644938126	63.96573435
chr7	137539175	0.6810462523	63.96575362
chr7	137551697	0.7269459992	63.97428168
chr7	137664190	0.7683843954	64.05605802
chr7	137745309	0.7822680587	64.11838859
chr7	137746656	0.654059222	64.11944231
chr7	137746671	8.499517641	64.11945212
chr7	137746681	8.525946121	64.11953711
chr7	137747390	8.484507726	64.12558201
chr7	137747398	8.50143672	64.12564988
chr7	137747407	8.485318484	64.1257264
chr7	137747463	8.437547263	64.12620158
chr7	137747519	4.377503864	64.12667408
chr7	137747561	0.4240631218	64.12685793
chr7	137747603	0.4064645054	64.12687574
chr7	137747628	0.3927988621	64.12688591
chr7	137749308	0.6624512853	64.12754581
chr7	137876386	2.564233391	64.21172879
chr7	137876441	2.607827935	64.21186982
chr7	137877134	2.878577409	64.21367705
chr7	137877148	2.908945102	64.21371735
chr7	137878098	2.95612182	64.21648085
chr7	137878111	1.119932785	64.21651928
chr7	137878182	1.205545402	64.21659879
chr7	137878470	1.344018324	64.21694599
chr7	137878542	1.421600498	64.21704276
chr7	137911798	1.766239497	64.2643195
chr7	137911822	1.747833435	64.26436189
chr7	137911830	1.835732744	64.26437588
chr7	137911857	1.793543512	64.26442544
chr7	137914528	2.255616978	64.269216
chr7	137914537	2.350032427	64.2692363
chr7	137914571	2.260350461	64.2693162
chr7	137914577	2.354869448	64.26932976
chr7	137914589	2.334009975	64.26935802
chr7	137950989	3.23166788	64.35431598
chr7	137951004	3.977217561	64.35436446
chr7	137951053	5.896988629	64.35455934
chr7	137951074	5.849455477	64.35468318
chr7	137951166	6.552202025	64.35522133
chr7	137951178	6.505025307	64.35529995
chr7	137951322	7.27016802	64.35623668
chr7	137951454	8.016741117	64.35719634
chr7	137952655	8.184177492	64.36682445
chr7	137953020	10.99745743	64.36981167
chr7	137953046	12.36661022	64.3700976
chr7	137953050	12.32056018	64.37014707
chr7	137953097	13.66961621	64.37072614
chr7	137955098	12.81728628	64.39807904
chr7	137955471	9.287839244	64.40285989
chr7	137955526	7.623880595	64.40337072
chr7	137955568	4.079664911	64.40369092
chr7	137956072	3.018683202	64.40574707
chr7	137959106	3.057413721	64.41490576
chr7	137959124	3.083559008	64.41496079
chr7	137987764	3.487140508	64.50327392
chr7	137988689	3.970162496	64.50649953
chr7	137989280	3.879972982	64.50884589
chr7	137989355	5.991225011	64.50913689
chr7	137990626	5.794540969	64.51675174
chr7	137990663	5.626568326	64.51696613
chr7	137990679	5.707015015	64.51705616
chr7	137990711	11.88006783	64.51723878
chr7	137990716	16.03565622	64.51729818
chr7	137990988	13.92440419	64.52165988
chr7	137992556	12.06384558	64.54349335
chr7	137992583	10.12406419	64.54381907
chr7	137992599	8.297965376	64.54398106
chr7	137992688	8.30255448	64.54471958
chr7	137992729	6.76982642	64.54505998
chr7	137993146	31.886432	64.547883
chr7	137993277	2.709434218	64.55206012
chr7	137993635	2.081143592	64.5530301
chr7	137993834	2.221661376	64.55344425
chr7	138046996	2.21074881	64.67155221
chr7	138047222	4.244365137	64.67205184
chr7	138048123	4.01705161	64.67587601
chr7	138048140	3.972750588	64.6759443
chr7	138048226	3.844266052	64.67628596
chr7	138048860	3.744454208	64.67872322
chr7	138048911	1.703202246	64.67891419
chr7	138090161	1.490697349	64.74917128
chr7	138090803	2.29273104	64.75012831
chr7	138090953	2.168112333	64.75047222
chr7	138090974	2.0810512	64.75051775
chr7	138090986	2.021796828	64.75054272
chr7	138090990	3.202166326	64.75055081
chr7	138092057	3.099722783	64.75396752
chr7	138093635	2.996661505	64.75885888
chr7	138093665	1.621334941	64.75894878
chr7	138093674	1.639501344	64.75896337
chr7	138093831	1.615914467	64.75922078
chr7	138094978	1.58284864	64.76107423
chr7	138094985	1.588095348	64.76108531
chr7	138095016	1.596437863	64.76113454
chr7	138095159	0.9520626224	64.76136283
chr7	138095202	0.9182370195	64.76140377
chr7	138166725	0.9454321467	64.82707884
chr7	138168815	0.9605709227	64.82905479
chr7	138169314	0.9744227351	64.82953412
chr7	138169417	0.9307720974	64.82963448
chr7	138169435	0.9431892592	64.82965123
chr7	138169464	1.311885074	64.82967859
chr7	138174661	1.266141872	64.83649645
chr7	138174671	1.309281483	64.83650912
chr7	138178568	1.234067601	64.84161139
chr7	138178815	0.8500159925	64.8419162
chr7	138254424	0.8283685844	64.90618506
chr7	138254430	0.8073435548	64.90619003
chr7	138254458	0.7857201771	64.90621263
chr7	138254590	0.8620136408	64.90631635
chr7	138254892	0.8406296631	64.90657668
chr7	138283457	0.6799767053	64.93058926
chr7	138283518	0.6451102174	64.93063074
chr7	138284011	0.7025387695	64.93094878
chr7	138284047	0.6193614894	64.93097407
chr7	138284052	0.6116019627	64.93097717
chr7	138395113	0.5956624969	64.9989023
chr7	138396553	0.6975932933	64.99976005
chr7	138417334	0.6770285929	65.01425674
chr7	138417395	0.6580902155	65.01429803
chr7	138417451	1.443361266	65.01433489
chr7	138418027	1.432819112	65.01516626
chr7	138418211	1.413163699	65.0154299
chr7	138421902	0.6152886277	65.02064589
chr7	138421977	0.6836403476	65.02069204
chr7	138422081	0.7579388269	65.02076314
chr7	138422375	0.6760291425	65.02098597
chr7	138422430	0.6265818266	65.02102315
chr7	138423222	0.5697355935	65.0215194
chr7	138423464	0.600115667	65.02165728
chr7	138423704	0.6655430946	65.02180131
chr7	138423917	0.7099919383	65.02194307
chr7	138425096	0.7205600414	65.02278015
chr7	138446904	0.7379445308	65.03849412
chr7	138447089	0.7623823681	65.03863064
chr7	138500861	0.7692798768	65.07962547
chr7	138501482	0.785623184	65.08010319
chr7	138501602	0.8319597394	65.08019746
chr7	138505274	1.069305946	65.08325242
chr7	138506227	1.083456638	65.08427147
chr7	138506802	1.184594089	65.08489446
chr7	138506826	1.143961028	65.08492289
chr7	138506883	1.17264636	65.08498809
chr7	138507205	1.187191117	65.08536568
chr7	138507236	1.230365302	65.08540249
chr7	138508053	1.879944308	65.0864077
chr7	138508095	2.102749911	65.08648665
chr7	138508314	2.27192932	65.08694716
chr7	138508502	2.40603259	65.08737428
chr7	138508735	2.497670007	65.08793488
chr7	138508893	2.606282123	65.08832952
chr7	138508894	2.927264771	65.08833212
chr7	138510384	2.910479362	65.09269375
chr7	138510512	3.170953759	65.09306629
chr7	138528961	3.305683312	65.15156721
chr7	138529024	4.734156626	65.15177547
chr7	138529026	4.799719346	65.15178494
chr7	138530622	4.559286411	65.15944529
chr7	138532698	3.529595075	65.16891037
chr7	138532706	3.545413797	65.16893861
chr7	138533752	3.571298406	65.17264711
chr7	138540636	3.425831286	65.19723193
chr7	138540891	3.324693835	65.19810552
chr7	138540941	3.266114393	65.19827175
chr7	138541117	2.779346327	65.19884659
chr7	138541573	2.7963048	65.20011397
chr7	138544298	2.633023713	65.2077339
chr7	138544394	2.667366049	65.20798667
chr7	138546198	2.570754645	65.2127986
chr7	138546336	2.486791989	65.21315336
chr7	138546358	2.370462445	65.21320807
chr7	138548869	2.457255274	65.2191603
chr7	138550242	1.822773086	65.22253411
chr7	138644976	1.787813195	65.3952127
chr7	138645223	1.766410825	65.39565429
chr7	138645230	1.699994809	65.39566665
chr7	138645256	1.616624098	65.39571085
chr7	138666946	1.373988184	65.43077543
chr7	138666954	1.276804211	65.43078642
chr7	138739982	1.486303732	65.52402888
chr7	138740062	1.447169273	65.52414778
chr7	138740118	1.418041152	65.52422883
chr7	138743962	1.620182886	65.52967978
chr7	138744244	1.992858718	65.53013667
chr7	138744280	2.537792584	65.53020841
chr7	138744291	2.502258522	65.53023633
chr7	138744336	2.486250747	65.53034893
chr7	138744874	3.048903738	65.53168653
chr7	138747066	2.985156634	65.53836973
chr7	138749867	2.954490135	65.54673115
chr7	138750407	8.381890427	65.54832658
chr7	138750493	7.714431508	65.54904742
chr7	138750511	7.697712511	65.54918628
chr7	138750655	10.01981655	65.55029475
chr7	138751289	10.02054872	65.55664731
chr7	138751330	10.00998062	65.55705816
chr7	138751789	10.12719663	65.56165274
chr7	138751790	10.11009066	65.56166286
chr7	138751977	10.09462698	65.56355345
chr7	138752026	1.020959579	65.56404809
chr7	138752097	1.030268923	65.56412058
chr7	138752228	0.921544224	65.56425554
chr7	138752232	2.1480382	65.56425923
chr7	138753851	2.250995418	65.5677369
chr7	138753894	2.256231385	65.56783369
chr7	138753933	2.269852743	65.56792169
chr7	138755043	1.043358768	65.57044122
chr7	138755738	1.70443059	65.57116636
chr7	138755787	1.729448001	65.57124988
chr7	138757623	1.763968606	65.57442514
chr7	138757917	1.783098801	65.57494375
chr7	138757942	1.693061405	65.57498833
chr7	138758897	1.834670629	65.5766052
chr7	138760431	1.841584049	65.57941958
chr7	138761064	1.256991773	65.58058531
chr7	138761066	1.264736885	65.58058782
chr7	138761252	1.306440225	65.58082306
chr7	138761379	1.33251571	65.58098898
chr7	138761442	1.595353534	65.58107293
chr7	138761651	1.582133417	65.58140636
chr7	138761889	1.233027688	65.5817829
chr7	138781170	1.298720914	65.60555691
chr7	138781202	1.100446544	65.60559847
chr7	138781353	0.9972507235	65.60576464
chr7	138810308	1.02439905	65.63464003
chr7	138874313	0.958690896	65.70020669
chr7	138892589	0.8832021986	65.71772773
chr7	138893544	0.8758894836	65.71857119
chr7	138893598	0.7726951608	65.71861849
chr7	138893724	0.8137345085	65.71871584
chr7	138893794	0.7890982311	65.71877281
chr7	138893918	0.8196646188	65.71887065
chr7	138935596	0.8008626764	65.75303264
chr7	138935626	0.7959069248	65.75305666
chr7	138937302	0.8283316751	65.7543906
chr7	138937706	1.077453397	65.75472525
chr7	138937863	0.9139359906	65.75489441
chr7	138977476	0.8963732336	65.79109815
chr7	138977555	0.8788011674	65.79116897
chr7	138977606	0.8612500332	65.79121379
chr7	138977733	0.8202106855	65.79132317
chr7	138979742	0.9287426293	65.79297097
chr7	138980469	0.9136991065	65.79364617
chr7	139006530	0.9001524646	65.81745808
chr7	139006610	0.8429916131	65.81753009
chr7	139006677	0.8291321718	65.81758657
chr7	139006696	0.7138956619	65.81760232
chr7	139006711	0.5375635117	65.81761303
chr7	139006927	0.5465614201	65.81772915
chr7	139007041	0.4745930227	65.81779145
chr7	139007380	0.4854165687	65.81795234
chr7	139007551	0.5512308246	65.81803535
chr7	139206102	0.6626674417	65.92748278
chr7	139206208	0.6880458184	65.92755302
chr7	139254174	0.7253786403	65.96055583
chr7	139254209	2.606744848	65.96058122
chr7	139254382	2.603690049	65.96103218
chr7	139258155	1.729976272	65.9708559
chr7	139258295	1.915874825	65.9710981
chr7	139258489	1.867733945	65.97146978
chr7	139258618	2.016306453	65.97171072
chr7	139258961	1.988935267	65.97240231
chr7	139259086	1.203278966	65.97265093
chr7	139259114	1.18254891	65.97268462
chr7	139259124	1.072790688	65.97269645
chr7	139259135	1.059114541	65.97270825
chr7	139259176	1.031784571	65.97275167
chr7	139259178	1.078176865	65.97275373
chr7	139259182	1.100173704	65.97275805
chr7	139268341	1.133774229	65.98283454
chr7	139276841	1.041794718	65.99247162
chr7	139276846	1.069112321	65.99247683
chr7	139276855	1.120904104	65.99248645
chr7	139276875	1.453558879	65.99250887
chr7	139277215	1.532031591	65.99300308
chr7	139277321	1.556907306	65.99316547
chr7	139277355	1.730067644	65.99321841
chr7	139277379	1.800882372	65.99325993
chr7	139277428	1.916465998	65.99334817
chr7	139277435	2.058889522	65.99336159
chr7	139280459	2.044959502	65.99958767
chr7	139325006	2.504543633	66.09068448
chr7	139325087	2.542501076	66.09088735
chr7	139325768	2.475733062	66.09261879
chr7	139328234	2.318328765	66.09872395
chr7	139328344	2.53152609	66.09897897
chr7	139328407	2.706286581	66.09913845
chr7	139333195	2.74985248	66.11209615
chr7	139333931	2.792094594	66.11412004
chr7	139333964	2.840563402	66.11421218
chr7	139334001	2.516861415	66.11431728
chr7	139385467	2.453038637	66.24385007
chr7	139386003	2.485818687	66.2451649
chr7	139386749	3.380459012	66.24701932
chr7	139389689	11.9567639	66.25695787
chr7	139390059	11.92631225	66.26138187
chr7	139390091	2.181338678	66.26176352
chr7	139390099	2.286362516	66.26178097
chr7	139412031	5.504219345	66.31192547
chr7	139412080	5.927016111	66.31219518
chr7	139412332	5.85790753	66.31368879
chr7	139412354	5.852671563	66.31381766
chr7	139412563	5.699575755	66.31504087
chr7	139415238	5.605859627	66.33028723
chr7	139415382	5.541523699	66.33109448
chr7	139415384	5.533994632	66.33110556
chr7	139415440	4.497668815	66.33141546
chr7	139415541	2.533181885	66.33186973
chr7	139415548	2.521802672	66.33188746
chr7	139415560	12.11747806	66.33191772
chr7	139415694	12.29893393	66.33354146
chr7	139415707	12.17987617	66.33370135
chr7	139415917	12.40520275	66.33625912
chr7	139415920	3.37905729	66.33629634
chr7	139415930	2.796476555	66.33633013
chr7	139416068	2.809200723	66.33671604
chr7	139416116	3.177722158	66.33685089
chr7	139416121	3.243511197	66.33686677
chr7	139416163	4.053498034	66.337003
chr7	139416190	4.554628461	66.33711245
chr7	139439559	4.673649228	66.44354956
chr7	139439914	4.742209758	66.4452087
chr7	139439975	4.864697929	66.44549798
chr7	139468122	4.610587325	66.58242463
chr7	139468124	4.54501226	66.58243385
chr7	139468523	6.79831372	66.58424731
chr7	139468526	7.872383648	66.58426771
chr7	139468552	9.734324244	66.58447239
chr7	139468967	11.2009505	66.58851213
chr7	139471218	9.669331416	66.61372547
chr7	139471226	13.14406718	66.61380283
chr7	139471228	13.10537965	66.61382912
chr7	139471258	13.08764315	66.61422228
chr7	139471263	12.6509538	66.61428772
chr7	139471284	12.56425603	66.61455339
chr7	139471327	12.5020315	66.61509365
chr7	139471349	12.48427225	66.61536869
chr7	139471531	12.58385854	66.61764083
chr7	139472011	15.08065038	66.62368108
chr7	139472083	16.92432661	66.62476689
chr7	139472938	24.37148707	66.63923719
chr7	139472959	22.26088884	66.63974899
chr7	139472971	19.98311495	66.64001612
chr7	139473041	19.98474187	66.64141494
chr7	139473051	19.82014425	66.64161479
chr7	139473063	21.70977361	66.64185263
chr7	139473109	31.60749092	66.64285128
chr7	139473176	38.52401634	66.64496898
chr7	139473459	47.54271626	66.65587128
chr7	139473871	47.94110713	66.67545888
chr7	139473944	52.0106437	66.67895858
chr7	139473951	47.5024191	66.67932265
chr7	139473953	38.50897346	66.67941766
chr7	139474006	41.8559784	66.68145863
chr7	139474037	41.92584717	66.68275617
chr7	139474041	32.87628282	66.68292387
chr7	139474043	32.97293092	66.68298962
chr7	139474573	61.34386275	66.70046528
chr7	139474779	12.54017951	66.71310211
chr7	139474781	7.902737296	66.71312719
chr7	139475888	4.793923443	66.72187552
chr7	139475894	2.338259611	66.72190429
chr7	139477667	2.427691132	66.72605002
chr7	139487998	2.182217685	66.7511305
chr7	139491179	1.751046767	66.75807213
chr7	139496127	1.766533303	66.76673631
chr7	139496672	1.942984225	66.76769907
chr7	139516190	1.860141287	66.80562224
chr7	139516211	3.334364379	66.8056613
chr7	139516218	2.99012712	66.80568464
chr7	139516227	3.452723596	66.80571155
chr7	139516238	3.371189374	66.80574953
chr7	139518098	1.600462722	66.81201994
chr7	139518128	2.233685231	66.81206796
chr7	139518715	1.890821393	66.81337913
chr7	139518849	1.85821095	66.8136325
chr7	139518854	2.262014483	66.81364179
chr7	139520203	2.263799321	66.81669325
chr7	139520223	2.538297672	66.81673853
chr7	139522544	1.992520473	66.82262992
chr7	139523381	1.783033014	66.82429765
chr7	139523382	2.162554283	66.82429944
chr7	139527392	1.85974502	66.83297128
chr7	139527440	2.515501485	66.83306055
chr7	139527458	2.452226309	66.83310583
chr7	139530075	1.937109834	66.8395233
chr7	139530150	1.110224886	66.83966859
chr7	139530193	1.133920732	66.83971633
chr7	139533375	1.161162961	66.84332446
chr7	139533390	1.205339224	66.84334188
chr7	139533392	0.6260928271	66.84334429
chr7	139617017	0.5333127978	66.8957013
chr7	139617398	0.5607899981	66.8959045
chr7	139617421	0.5626194549	66.89591739
chr7	139617480	0.5738119206	66.89595059
chr7	139617586	0.5807192579	66.89601141
chr7	139617647	0.518599089	66.89604684
chr7	139617871	0.4494679307	66.896163
chr7	139618159	0.3846116336	66.89629245
chr7	139618211	0.4553368953	66.89631245
chr7	139618223	0.4795023725	66.89631791
chr7	139618269	0.4829654403	66.89633997
chr7	139651925	0.3848204197	66.91259465
chr7	139675640	0.300448084	66.92172067
chr7	139675690	0.2767522376	66.92173569
chr7	139675712	0.3148916419	66.92174178
chr7	139676873	0.2643264366	66.92210737
chr7	139687107	0.2502567962	66.92481249
chr7	139687154	0.2007738532	66.92482425
chr7	139714527	0.2365806653	66.93032003
chr7	139910177	0.2484235333	66.97660704
chr7	140099660	0.233235248	67.02367908
chr7	140099662	0.1853182157	67.02367954
chr7	140099671	0.1483439789	67.02368121
chr7	140099679	0.1411916025	67.0236824
chr7	140099987	0.1421529082	67.02372588
chr7	140100044	0.1410909007	67.02373399
chr7	140100064	0.1487850281	67.02373681
chr7	140103037	0.1633880785	67.02417915
chr7	140103255	0.1572417573	67.02421477
chr7	140107812	0.1596320533	67.02493132
chr7	140108014	0.1561255238	67.02496356
chr7	140207740	0.1571167658	67.04053334
chr7	140207928	0.1596297288	67.04056287
chr7	140291468	0.1622931363	67.05389834
chr7	140291552	0.1633088539	67.05391197
chr7	140343865	0.1653714515	67.06245515
chr7	140474856	0.1531603561	67.08411732
chr7	140572288	0.1458131697	67.09904004
chr7	140578194	0.1275550028	67.09990121
chr7	140588180	0.1204920642	67.10117498
chr7	140591702	0.113697134	67.10159935
chr7	140613807	0.1102341668	67.10411263
chr7	140613824	0.09574630195	67.1041145
chr7	140618613	0.08909760614	67.10457303
chr7	140618815	0.09266272278	67.10459103
chr7	140631127	0.0892611094	67.10573189
chr7	140631156	0.1055511572	67.10573448
chr7	140689181	0.1067017397	67.11185909
chr7	140842799	0.120120032	67.12825039
chr7	140880763	0.1174526356	67.13281063
chr7	140888678	0.1147389034	67.13374027
chr7	140888713	0.1211839869	67.13374428
chr7	140890614	0.1404677787	67.13397465
chr7	140890630	0.1883186129	67.1339769
chr7	141253426	0.1894272827	67.20229814
chr7	141253427	0.2069436344	67.20229833
chr7	141253445	0.2090892684	67.20230206
chr7	141253462	0.2101262382	67.20230561
chr7	141253492	0.2109707842	67.20231191
chr7	141253499	0.2120077665	67.20231339
chr7	141268987	0.2129696389	67.20559697
chr7	141321515	0.2151656044	67.21678384
chr7	141321615	0.2102563408	67.21680535
chr7	141321702	0.2232462378	67.21682364
chr7	141321886	0.2242225179	67.21686472
chr7	141321888	0.2749478262	67.21686517
chr7	141322003	0.3024493699	67.21689679
chr7	141448607	0.3036322844	67.25518809
chr7	141448629	0.3082867863	67.25519477
chr7	141448630	0.3422603856	67.25519508
chr7	141450253	0.3247440282	67.25575057
chr7	141450420	0.3228013568	67.2558048
chr7	141450780	0.4288463764	67.25592101
chr7	141549433	0.4299894343	67.29822799
chr7	141549435	0.4320893617	67.29822885
chr7	141549468	0.4581198283	67.29824311
chr7	141549469	0.5498743036	67.29824357
chr7	141549474	0.5523249304	67.29824632
chr7	141549485	0.5204014532	67.29825239
chr7	141549522	0.5215445711	67.29827165
chr7	141549524	0.441248976	67.29827269
chr7	141550049	0.5550228913	67.29850434
chr7	141550110	0.5584242757	67.2985382
chr7	141550111	0.5244506838	67.29853876
chr7	141550112	0.5320779234	67.29853928
chr7	141550134	0.5268653964	67.29855099
chr7	141550175	0.7393642576	67.29857259
chr7	141550185	0.72426255	67.29857998
chr7	141559714	0.7315214958	67.30548148
chr7	141559716	0.7170179807	67.30548295
chr7	141559723	0.7179294244	67.30548796
chr7	141559724	0.8572800851	67.30548868
chr7	141559732	0.8585095372	67.30549554
chr7	141559733	1.043025164	67.3054964
chr7	141577827	1.038334629	67.3243689
chr7	141577846	1.03957241	67.32438862
chr7	141577847	1.41444189	67.32438966
chr7	141577981	1.435774661	67.3245792
chr7	141578316	1.43824992	67.32506018
chr7	141578364	1.446357771	67.32512922
chr7	141578365	2.011550317	67.32513067
chr7	141578399	2.014773476	67.32519906
chr7	141578417	2.039177161	67.32523533
chr7	141578418	1.900105673	67.32523736
chr7	141578419	1.897774188	67.32523926
chr7	141579802	1.879474632	67.32786389
chr7	141579811	2.35061652	67.3278808
chr7	141579884	3.038694561	67.3280524
chr7	141580520	3.039933539	67.32998501
chr7	141580522	3.014369739	67.32999109
chr7	141582335	3.015609522	67.33545614
chr7	141582336	3.989528891	67.33545915
chr7	141582382	4.710950645	67.33564267
chr7	141582416	5.687628992	67.33580284
chr7	141584465	4.983085784	67.3474568
chr7	141584469	4.979580062	67.34747673
chr7	141584495	4.980626199	67.3476062
chr7	141585873	5.021637243	67.3544695
chr7	141585875	5.025360636	67.35447954
chr7	141585876	4.087035872	67.35448457
chr7	141585928	3.528787123	67.3546971
chr7	141585931	3.533668419	67.35470768
chr7	141585932	3.549692486	67.35471122
chr7	141585946	2.573014139	67.35476091
chr7	141586626	2.594842048	67.35651056
chr7	141587044	2.128218093	67.3575952
chr7	141587098	2.150869612	67.35771013
chr7	141587104	2.147904186	67.35772303
chr7	141587114	2.134914289	67.35774451
chr7	141587121	1.702329336	67.35775946
chr7	141587145	1.250123404	67.35780031
chr7	141587160	1.251280977	67.35781906
chr7	141587161	0.5298592214	67.35782032
chr7	141587162	0.5521908843	67.35782085
chr7	141587188	0.5748558062	67.3578352
chr7	141587218	0.5891958426	67.35785245
chr7	141587249	0.6211724822	67.35787071
chr7	141588214	0.622330459	67.35847015
chr7	141673429	0.6229279199	67.41150204
chr7	141739303	0.5776114784	67.45253679
chr7	141739594	0.5787959623	67.45270487
chr7	141739595	0.5574631814	67.45270545
chr7	141739596	0.4897899732	67.45270601
chr7	141741536	0.4412650851	67.4536562
chr7	141741545	0.4424859341	67.45366017
chr7	141741547	0.3978100073	67.45366106
chr7	141744181	0.4109740598	67.45470889
chr7	141744511	0.5002063182	67.45484451
chr7	141744574	0.4606491123	67.45487603
chr7	141747333	0.4619670975	67.45614696
chr7	141747335	48.34633603	67.45614788
chr7	141747407	0.4619670963	67.45962882
chr7	141747419	0.8227912264	67.45963436
chr7	141748213	0.8240095357	67.46028766
chr7	141748227	0.8027736052	67.46029919
chr7	141748238	1.197424996	67.46030802
chr7	141748242	1.368288045	67.46031281
chr7	141756939	1.446379838	67.47221281
chr7	141756974	1.453607928	67.47226344
chr7	141757269	1.905059627	67.47269225
chr7	141759277	1.987449212	67.47651761
chr7	141759320	1.999358229	67.47660307
chr7	141761616	2.651585729	67.4811936
chr7	141761690	2.652549199	67.48138981
chr7	141761691	3.12874964	67.48139247
chr7	141761692	3.790491402	67.4813956
chr7	141761704	3.84412416	67.48144108
chr7	141766900	3.844784302	67.50141515
chr7	141766901	5.117782678	67.501419
chr7	141766902	8.108643638	67.50142411
chr7	141768420	5.666585224	67.51373303
chr7	141768422	7.202297727	67.51374437
chr7	141768477	9.368909559	67.51414049
chr7	141768478	7.29093324	67.51414986
chr7	141770507	7.309643959	67.52894317
chr7	141770535	6.546940346	67.52914784
chr7	141770544	3.901959439	67.52920676
chr7	141770561	3.63058182	67.52927309
chr7	141770620	4.207089908	67.5294873
chr7	141770666	4.94282925	67.52968082
chr7	141770667	3.40711675	67.52968577
chr7	141771144	3.526802738	67.53131096
chr7	141773396	3.536121526	67.53925332
chr7	141773750	3.555611585	67.54050511
chr7	141775250	3.431101439	67.54583852
chr7	141775352	2.695362095	67.5461885
chr7	141775391	2.26412595	67.54629362
chr7	141775408	2.283347936	67.54633211
chr7	141776634	2.431443917	67.54913149
chr7	141776635	2.853474439	67.54913392
chr7	141776798	3.361938695	67.54959904
chr7	141776799	3.431260978	67.5496024
chr7	141776801	2.888907996	67.54960926
chr7	141776805	3.157870861	67.54962082
chr7	141776814	3.449075534	67.54964924
chr7	141776825	3.463553167	67.54968718
chr7	141799325	5.429735416	67.62761713
chr7	141799914	5.281639432	67.63081524
chr7	141799915	5.488235881	67.63082052
chr7	141799925	5.229167937	67.6308754
chr7	141799950	5.261845493	67.63100613
chr7	141801088	5.684658191	67.63699411
chr7	141801089	5.58635246	67.6369998
chr7	141801123	5.634556609	67.63718973
chr7	141801199	3.930358758	67.63761796
chr7	141801250	4.203096239	67.63781841
chr7	141801251	4.255828409	67.63782261
chr7	141801369	4.395875308	67.6383248
chr7	141801370	4.66957669	67.6383292
chr7	141801384	4.709727111	67.63839457
chr7	141801489	4.847391804	67.63888909
chr7	141801523	4.988320293	67.6390539
chr7	141802854	5.338476993	67.64569336
chr7	141825987	4.596429226	67.76918834
chr7	141826532	3.788346362	67.7716934
chr7	141826533	2.658290039	67.77169719
chr7	141826592	2.540807756	67.77185403
chr7	141826593	1.984373673	67.77185657
chr7	141826622	1.990032032	67.77191411
chr7	141826623	2.080466237	67.7719161
chr7	141826635	1.675014758	67.77194107
chr7	141826636	1.703000037	67.77194274
chr7	141827221	1.571072031	67.772939
chr7	141827484	1.440458508	67.77335219
chr7	141827523	1.309864774	67.77340837
chr7	141827641	1.301202343	67.77356293
chr7	141831208	1.218908855	67.77820432
chr7	141833789	1.117024212	67.78135033
chr7	141833790	1.146734783	67.78135144
chr7	141834372	1.0927197	67.78201884
chr7	141834373	1.239545213	67.78201994
chr7	141949832	0.9301667382	67.92513659
chr7	141950591	0.9005011567	67.92584258
chr7	141950644	0.8810110972	67.92589031
chr7	141954769	0.704662175	67.92952448
chr7	141954867	0.6030452549	67.92959354
chr7	141954882	0.7159042591	67.92960258
chr7	141954924	0.7067472349	67.92963265
chr7	141954992	0.7224385964	67.92968071
chr7	141955036	0.9289040798	67.9297125
chr7	141955260	0.9445910861	67.92992057
chr7	142013004	0.9529580504	67.98446504
chr7	142014813	0.9751592813	67.98618894
chr7	142014814	0.9451484642	67.98618991
chr7	142014851	0.9942811941	67.98622489
chr7	142014932	0.9783212469	67.98630542
chr7	142014963	0.8481721801	67.98633575
chr7	142015000	0.914202829	67.98636713
chr7	142015001	0.9252493784	67.98636805
chr7	142016969	1.144717375	67.98818894
chr7	142016976	1.335957855	67.98819695
chr7	142017030	1.461129815	67.98826909
chr7	142051271	1.42989358	68.03829964
chr7	142051886	2.131808845	68.03917902
chr7	142051919	2.284333822	68.03924937
chr7	142052008	2.185938475	68.03945268
chr7	142057211	1.409888626	68.05082612
chr7	142058766	1.327388637	68.05301849
chr7	142058918	1.767346375	68.05322026
chr7	142059111	2.503085718	68.05356135
chr7	142059138	3.281996104	68.05362894
chr7	142059202	3.361925966	68.05383898
chr7	142059211	4.07727745	68.05386924
chr7	142059258	4.12825947	68.05406087
chr7	142061307	4.21335782	68.06251968
chr7	142063797	2.680988986	68.07301094
chr7	142063813	2.031332723	68.07305383
chr7	142063869	1.804343276	68.07316759
chr7	142063885	1.892259395	68.07319646
chr7	142063901	1.399589775	68.07322673
chr7	142141711	1.411837156	68.18212882
chr7	142142316	1.165411482	68.18298298
chr7	142142335	0.6906175404	68.18300512
chr7	142142380	0.7423918594	68.1830362
chr7	142170012	0.6979091799	68.20354997
chr7	142170105	0.6757079424	68.20361487
chr7	142172606	0.666427976	68.20530482
chr7	142174710	0.6507366145	68.20670698
chr7	142175000	0.6291886486	68.2068957
chr7	142175039	0.6135016422	68.20692024
chr7	142211403	0.5908481882	68.22922961
chr7	142211404	0.575768419	68.2292302
chr7	142211416	0.5920465433	68.22923711
chr7	142211420	0.590640667	68.22923948
chr7	142211421	0.5270698239	68.22924007
chr7	142211431	0.5323396844	68.22924534
chr7	142236317	0.5748473438	68.24249315
chr7	142269011	0.6163054781	68.2612872
chr7	142269034	0.5890842727	68.26130138
chr7	142269199	0.6011513146	68.26139858
chr7	142269244	0.6235385213	68.26142563
chr7	142269260	0.6067526124	68.26143561
chr7	142269365	0.6275823433	68.26149932
chr7	142277325	0.6117762405	68.26649487
chr7	142348659	0.6579997722	68.31013532
chr7	142423214	0.7669794595	68.35919249
chr7	142423246	0.7109276694	68.35921703
chr7	142425062	0.7025607051	68.36050808
chr7	142434882	0.6498381026	68.36740722
chr7	142435767	0.6731104007	68.36798233
chr7	142435784	0.6470055331	68.36799377
chr7	142435827	0.7050204289	68.3680216
chr7	142435832	0.4848665371	68.36802512
chr7	142435929	0.5091019281	68.36807215
chr7	142554909	0.5021286724	68.4286451
chr7	142665921	0.5010280742	68.48438741
chr7	142666357	0.4860765387	68.48460586
chr7	142666450	0.4561770985	68.48465106
chr7	142666472	0.4412225148	68.4846611
chr7	142666630	0.4584386788	68.48473081
chr7	142666710	0.4572733019	68.48476749
chr7	142666711	0.4355421018	68.48476794
chr7	142667877	0.4604392672	68.48527579
chr7	142667878	0.7061444443	68.48527625
chr7	142667882	0.7203973955	68.48527907
chr7	142667918	0.7393203877	68.485305
chr7	142850027	0.7948063256	68.6199419
chr7	142850028	0.7758786632	68.6199427
chr7	142850040	1.005288013	68.61995201
chr7	142850041	0.9348796127	68.61995301
chr7	142850113	1.195526377	68.62002032
chr7	142850140	1.251447003	68.6200526
chr7	142850141	1.232531075	68.62005385
chr7	142850234	1.288180017	68.62016848
chr7	142850543	1.432140026	68.62056653
chr7	142865656	1.418849128	68.64221046
chr7	142865689	1.451970221	68.64225728
chr7	142865690	1.518362904	68.64225873
chr7	142865702	1.598162797	68.64227695
chr7	142866861	1.699153223	68.64412922
chr7	142866863	1.729004256	68.64413262
chr7	142866888	1.711788092	68.64417585
chr7	142866897	2.057371418	68.64419125
chr7	142866898	2.040048157	68.64419331
chr7	142870218	1.86918511	68.65096627
chr7	142870800	1.86148229	68.65205414
chr7	142908238	1.763562755	68.72174431
chr7	142908906	1.610817918	68.72292237
chr7	142908928	1.493220928	68.72295781
chr7	142908934	1.515042343	68.72296677
chr7	142909470	1.29456948	68.72377883
chr7	142909744	1.294868232	68.72413354
chr7	142909774	1.110462692	68.72417239
chr7	142909866	2.792330861	68.72427455
chr7	142909867	4.396764326	68.72427734
chr7	142911197	4.389511713	68.73012504
chr7	142911793	4.24126479	68.73274119
chr7	142911794	4.234207811	68.73274543
chr7	142911880	4.157563866	68.73310957
chr7	142911935	4.169658551	68.73333824
chr7	142911943	2.63013564	68.7333716
chr7	142911944	1.037903065	68.73337423
chr7	142912163	1.082400431	68.73360153
chr7	142912164	1.008215415	68.73360261
chr7	142912188	1.152605612	68.73362681
chr7	142917017	1.138831828	68.73919274
chr7	142917079	1.291405596	68.73926335
chr7	142917080	1.308558184	68.73926464
chr7	142969782	1.275437085	68.80822827
chr7	142969852	1.310951564	68.80831755
chr7	142969869	1.251432961	68.80833984
chr7	142979802	1.289317413	68.82077032
chr7	142981128	0.9593092472	68.82247996
chr7	142981129	0.9615016033	68.82248092
chr7	142982265	0.9138804735	68.82357318
chr7	142982285	0.9541697535	68.82359146
chr7	142982341	0.9949277076	68.82364489
chr7	142982359	0.916115155	68.8236628
chr7	142982407	0.8633403177	68.82370677
chr7	143066785	0.8144472747	68.8965537
chr7	143066797	0.7742031426	68.89656348
chr7	143066923	0.7779112536	68.89666103
chr7	143066929	0.7159076176	68.89666569
chr7	143066930	0.6396351874	68.89666641
chr7	143067020	0.5947034545	68.89672398
chr7	143067130	0.5717267695	68.89678939
chr7	143067270	0.5826014444	68.89686944
chr7	143067271	0.5958768967	68.89687002
chr7	143067858	0.5555876167	68.8972198
chr7	143067903	0.5815584085	68.8972448
chr7	143070780	0.5601327031	68.89891794
chr7	143070807	0.5222482509	68.89893307
chr7	143070896	0.5769155396	68.89897955
chr7	143070956	0.5385342671	68.89901416
chr7	143098081	0.5720846856	68.9136219
chr7	143099132	0.5428678474	68.91422317
chr7	143104932	0.56094974	68.9173718
chr7	143105033	0.6133759388	68.91742845
chr7	143193343	0.5861043476	68.97159568
chr7	143196992	0.6001033042	68.97373438
chr7	143197029	1.586781026	68.97375658
chr7	143197067	2.500072301	68.97381688
chr7	143198289	2.463102299	68.97687197
chr7	143200655	1.577748489	68.98269967
chr7	143200842	0.630906797	68.98299471
chr7	143200843	0.5720722124	68.98299534
chr7	143201009	0.7209096822	68.9830903
chr7	143201010	0.8117178529	68.98309102
chr7	143325836	1.861877635	69.08441452
chr7	143326485	1.781981579	69.08562287
chr7	143326493	1.754583858	69.08563713
chr7	143326974	1.65612861	69.08648109
chr7	143326978	1.71156905	69.08648771
chr7	143327032	1.770691637	69.08658013
chr7	143327043	5.358282234	69.08659961
chr7	143328004	1.743543525	69.09174892
chr7	143328094	1.784665017	69.09190584
chr7	143328095	1.783759609	69.09190762
chr7	143328963	1.756814967	69.09345593
chr7	143328964	1.728941365	69.09345769
chr7	143329067	1.702018607	69.09363577
chr7	143329107	1.76333131	69.09370385
chr7	143329114	1.709505554	69.09371619
chr7	143329115	1.879565122	69.0937179
chr7	143329119	0.8525998396	69.09372542
chr7	143329120	0.9152814106	69.09372627
chr7	143329432	0.9793300566	69.09401184
chr7	143330007	1.048006097	69.09457495
chr7	143330130	1.116850813	69.09470386
chr7	143380209	1.57848595	69.15063463
chr7	143380228	1.975089489	69.15066462
chr7	143380266	1.974196323	69.15073967
chr7	143383215	1.95527437	69.15656158
chr7	143383261	1.891225724	69.15665152
chr7	143384123	1.828544151	69.15828176
chr7	143384307	1.798860352	69.15861821
chr7	143385182	1.104666689	69.16019221
chr7	143385338	1.03599122	69.16036454
chr7	143385346	1.912211704	69.16037283
chr7	143386722	2.197532685	69.16300403
chr7	143386725	2.195592149	69.16301063
chr7	143387799	2.193763136	69.16536869
chr7	143388921	1.806778682	69.16783009
chr7	143388934	1.958893156	69.16785358
chr7	143389027	1.901343669	69.16803576
chr7	143389031	1.84476599	69.16804336
chr7	143389032	0.9094229106	69.16804521
chr7	143389039	0.9065887301	69.16805157
chr7	143389133	0.9182168337	69.16813679
chr7	143389165	0.862776395	69.16816618
chr7	143389856	1.008383058	69.16876236
chr7	143396201	0.8703877259	69.17516055
chr7	143397152	1.881584254	69.17598828
chr7	143397161	1.864039372	69.17600522
chr7	143397221	1.833268701	69.17611706
chr7	143397229	1.832402736	69.17613173
chr7	143397912	1.831357304	69.17738326
chr7	143403971	0.8201607784	69.18847945
chr7	143403972	1.494054672	69.18848027
chr7	143404014	1.506292094	69.18854302
chr7	143404015	1.994014163	69.18854453
chr7	143406493	2.102024597	69.1934857
chr7	143409126	2.112791816	69.19902033
chr7	143409137	2.12524742	69.19904357
chr7	143409138	1.457869459	69.19904569
chr7	143409190	1.470327406	69.1991215
chr7	143409297	2.274918903	69.19927883
chr7	143409622	2.286687156	69.20001818
chr7	143409792	2.243952863	69.20040691
chr7	143409818	2.253308096	69.20046526
chr7	143411475	2.116426807	69.20419899
chr7	143411532	2.126772045	69.20431962
chr7	143411599	2.048355043	69.20446212
chr7	143411600	1.669257234	69.20446417
chr7	143413441	1.680171534	69.20753727
chr7	143413534	1.534564871	69.20769352
chr7	143413582	0.7299733795	69.20776718
chr7	143413583	0.7647987265	69.20776791
chr7	143544133	0.738809532	69.30761239
chr7	143684997	0.7268291219	69.41168405
chr7	143685023	0.7142255765	69.41170295
chr7	143685628	0.6030334655	69.41213506
chr7	143685640	0.5959194453	69.41214229
chr7	143685641	0.5922118049	69.41214289
chr7	143685655	0.5796315758	69.41215118
chr7	143685738	0.5672851611	69.41219929
chr7	143685746	0.555047734	69.41220383
chr7	143685747	0.5523911384	69.41220438
chr7	143685822	0.5515608633	69.41224581
chr7	143685843	0.5396155691	69.41225739
chr7	143685876	0.5239856065	69.4122752
chr7	143685886	0.5227530494	69.41228044
chr7	143685929	0.5290245298	69.41230292
chr7	143685934	0.5165689174	69.41230557
chr7	143685935	0.5041109772	69.41230608
chr7	143686331	2.364727751	69.41250571
chr7	143686350	2.326991352	69.41255064
chr7	143686437	2.326030047	69.41275309
chr7	143686447	2.324998606	69.41277635
chr7	143687366	2.322739034	69.41491302
chr7	143688407	0.6620094753	69.41733099
chr7	143688453	0.6592401226	69.41736145
chr7	143702586	0.4339711494	69.42667849
chr7	143702693	0.6542941933	69.42672492
chr7	143729327	0.5423184793	69.44415139
chr7	143729330	0.5564731817	69.44415302
chr7	143731015	0.7317329071	69.44509068
chr7	143731050	0.6101518312	69.44511629
chr7	143737609	0.501522301	69.44911827
chr7	143737611	0.4911874201	69.44911928
chr7	143739768	0.5261871356	69.45017877
chr7	143744711	0.2952679242	69.45277971
chr7	143744761	0.3046324321	69.45279447
chr7	143744780	0.3102014523	69.45280026
chr7	143744794	0.2849562861	69.45280461
chr7	143744796	0.4067497628	69.45280518
chr7	143744797	0.4387748511	69.45280558
chr7	143744809	0.4690152231	69.45281085
chr7	143746242	0.4731034782	69.45348295
chr7	143746288	0.6042988404	69.45350471
chr7	143776081	0.4442994276	69.47150858
chr7	143778347	0.557968626	69.47251537
chr7	143778349	0.6195771576	69.47251648
chr7	143778361	0.6396606402	69.47252392
chr7	143778404	0.6456122439	69.47255142
chr7	143778427	0.6586812702	69.47256627
chr7	143778501	0.6717466814	69.47261501
chr7	143908982	0.6453546169	69.56026519
chr7	143910316	0.5988412656	69.5611261
chr7	143910390	0.5519216604	69.56117041
chr7	143910398	0.5317161018	69.56117483
chr7	143910427	0.5377029274	69.56119025
chr7	143972492	0.5320069954	69.59456278
chr7	143972811	0.5172128388	69.59473249
chr7	143972827	0.4515171549	69.59474076
chr7	143972901	0.4373624544	69.59477418
chr7	144042232	0.4614717861	69.62509695
chr7	144042300	0.510288417	69.62512833
chr7	144042341	0.4973398913	69.62514925
chr7	144042367	0.6439288486	69.62516218
chr7	144042379	0.6308634381	69.62516991
chr7	144042397	0.6077717752	69.62518127
chr7	144112925	0.4617267746	69.6680462
chr7	144161508	0.4527287958	69.69047827
chr7	144161630	0.4437336812	69.6905335
chr7	144161668	0.4354336316	69.69055036
chr7	144161748	0.4530291045	69.6905852
chr7	144258314	0.4172533425	69.73433241
chr7	144258551	0.4339318042	69.73443129
chr7	144357689	0.4040057604	69.77745043
chr7	144357691	0.3899201655	69.77745123
chr7	144357699	0.3842950283	69.77745435
chr7	144357872	0.4229452218	69.77752084
chr7	144357908	0.4110476835	69.77753606
chr7	144357915	0.4266972357	69.77753894
chr7	144357991	0.3779579818	69.77757137
chr7	144363167	0.3693400694	69.77952768
chr7	144363181	0.359702355	69.77953285
chr7	144363188	0.3361108459	69.77953537
chr7	144363203	0.3247774116	69.77954041
chr7	144363242	0.322301399	69.77955308
chr7	144363340	0.3210634207	69.77958466
chr7	144363372	0.3198254564	69.77959494
chr7	144363571	0.3186000353	69.77965858
chr7	144363730	0.3533447068	69.77970924
chr7	144363861	0.3648643627	69.77975553
chr7	144363959	0.4788621595	69.77979128
chr7	144363979	0.4694163825	69.77980086
chr7	144363982	0.4763141747	69.77980227
chr7	144364021	0.4723150003	69.77982084
chr7	144364028	0.5230087874	69.77982415
chr7	144364568	0.5190387148	69.78010658
chr7	144364962	0.5203774391	69.78031108
chr7	144365035	0.5306869775	69.78034906
chr7	144367379	0.5294634915	69.78159299
chr7	144446917	0.5131907714	69.82370546
chr7	144447074	0.493161545	69.82378603
chr7	144447089	0.5173972511	69.82379343
chr7	144447437	0.430033503	69.82397348
chr7	144448000	0.4288440475	69.82421559
chr7	144565473	0.4266270439	69.87459319
chr7	144565540	0.4128247118	69.87462177
chr7	144565613	0.3124854658	69.87465191
chr7	144578097	0.279061474	69.87855298
chr7	144578220	0.2419286009	69.8785873
chr7	144589345	0.1839320152	69.88127876
chr7	144589502	0.1983290195	69.88130764
chr7	144589554	0.185740654	69.88131795
chr7	144650295	0.1936946116	69.89260002
chr7	144650302	0.1949852105	69.89260138
chr7	144665913	0.1938685534	69.89564529
chr7	144699451	0.183559015	69.90214726
chr7	144740468	0.1935938976	69.9096763
chr7	144853324	0.1753224449	69.93152453
chr7	144858853	0.1965558198	69.93249389
chr7	144863548	0.2038003251	69.93341672
chr7	144863753	0.2194798405	69.9334585
chr7	144863805	0.2156964195	69.93346991
chr7	144863817	0.2292025216	69.9334725
chr7	144863899	0.2264703844	69.93349129
chr7	144865278	0.2440861851	69.93380359
chr7	144876707	0.240518198	69.93659325
chr7	144878297	0.2384286223	69.93697568
chr7	144880042	0.2535182345	69.93739174
chr7	144880118	0.252472097	69.937411
chr7	144995700	0.2715479299	69.96659223
chr7	145055695	0.278227321	69.98288375
chr7	145083637	0.2069218131	69.99065798
chr7	145083749	0.2129753006	69.99068116
chr7	145084037	0.2016532758	69.99074249
chr7	145094406	0.1969348033	69.99283343
chr7	145108182	0.1738293223	69.99554641
chr7	145177013	0.1729350762	70.00751125
chr7	145177744	0.1719772237	70.00763767
chr7	145177786	0.1710268428	70.00764489
chr7	145184259	0.1645700035	70.00875195
chr7	145324405	0.1661285873	70.03181578
chr7	145335770	0.1555600792	70.03370383
chr7	145335794	0.1601138734	70.03370756
chr7	145336966	0.1339165709	70.03389522
chr7	145336991	0.1300424176	70.03389856
chr7	145337038	0.1215879537	70.03390468
chr7	145339287	0.1299138802	70.03417813
chr7	145339335	0.1226635246	70.03418436
chr7	145339450	0.1328903667	70.03419847
chr7	145339985	0.1437754799	70.03426957
chr7	145340092	0.1542256901	70.03428495
chr7	145342188	0.1860623785	70.03460821
chr7	145342272	0.1761144467	70.03462384
chr7	145342299	0.241311092	70.03462859
chr7	145342305	0.2496875507	70.03463004
chr7	145342355	0.2877857159	70.03464252
chr7	145515235	0.3266386037	70.08439492
chr7	145515291	0.3325568706	70.08441321
chr7	145570470	0.3178656599	70.10276337
chr7	145570815	0.3382464631	70.10287303
chr7	145570821	0.2405454621	70.10287506
chr7	145571650	0.26324109	70.10307447
chr7	145571734	0.2558546669	70.10309658
chr7	145571744	0.2911566671	70.10309914
chr7	145571861	0.2781139357	70.10313321
chr7	145571981	0.3623979676	70.10316658
chr7	145571997	0.3473847102	70.10317238
chr7	145572002	0.3880815624	70.10317412
chr7	145602286	0.3950387891	70.11492678
chr7	145656718	0.3498130295	70.13642953
chr7	145656730	0.3349519684	70.13643373
chr7	145656972	0.2943867961	70.13651479
chr7	145657062	0.2538645342	70.13654128
chr7	145673667	0.2608421948	70.1407567
chr7	145673772	0.2790942772	70.14078409
chr7	145673806	0.2808080119	70.14079358
chr7	145674081	0.3242871035	70.1408708
chr7	145753376	6.943877632	70.16658515
chr7	145753460	6.969920957	70.16716843
chr7	145753883	7.006408021	70.17011671
chr7	145753889	0.3151191988	70.17015875
chr7	145753896	0.3167643517	70.17016095
chr7	145753915	0.362475937	70.17016697
chr7	145753946	0.4527047907	70.17017821
chr7	145753974	0.4859904009	70.17019088
chr7	145782994	0.4696700479	70.18429433
chr7	146013549	0.5078449705	70.2925791
chr7	146013678	0.5270543187	70.29264462
chr7	146013699	0.5462659143	70.29265568
chr7	146013810	0.5846993858	70.29271632
chr7	146014364	0.6039756444	70.29304024
chr7	146014382	0.5887454048	70.29305111
chr7	146014418	0.6077755614	70.29307231
chr7	146014426	0.6270653046	70.29307717
chr7	146014428	0.6138281297	70.29307843
chr7	146014444	0.5476672114	70.29308825
chr7	146097837	0.583812799	70.33875986
chr7	146097839	0.3558091594	70.33876103
chr7	146097920	0.3357786232	70.33878985
chr7	146097978	0.265660807	70.33880932
chr7	146193157	0.2072030253	70.36409465
chr7	146193220	0.1133477075	70.36410771
chr7	146193238	0.09416080913	70.36410975
chr7	146193247	1.934884015	70.36411059
chr7	146195120	0.06735856127	70.36773463
chr7	146195587	0.08323336234	70.36776609
chr7	146195598	0.1018963768	70.367767
chr7	146195933	0.1748738456	70.36780114
chr7	146196193	0.2481678052	70.36784661
chr7	146243009	0.305055431	70.37946483
chr7	146243176	1.373978704	70.37951577
chr7	146243214	1.399227885	70.37956798
chr7	146243232	1.325933926	70.37959317
chr7	146243236	1.378980407	70.37959847
chr7	146253303	0.9325222353	70.39348067
chr7	146303614	0.9750469527	70.4403968
chr7	146304288	1.198100311	70.44105398
chr7	146358241	1.210563392	70.50569508
chr7	146365559	1.190279612	70.51455399
chr7	146365646	1.348285205	70.51465754
chr7	146365656	1.320136328	70.51467102
chr7	146365679	1.264586911	70.51470139
chr7	146365733	1.478819871	70.51476968
chr7	146365754	1.724549417	70.51480073
chr7	146365775	5.484940492	70.51483695
chr7	146367000	5.457097146	70.521556
chr7	146367017	5.396459501	70.52164877
chr7	146367313	5.368672928	70.52324612
chr7	146367517	3.346878628	70.52434133
chr7	146367694	3.358978874	70.52493373
chr7	146373865	2.6136845	70.54566199
chr7	146374388	2.564970643	70.54702894
chr7	146374391	2.512420636	70.54703664
chr7	146374415	2.463725355	70.54709694
chr7	146374533	2.435286235	70.54738766
chr7	146374691	2.447785282	70.54777243
chr7	146375480	2.390779326	70.54970373
chr7	146377354	2.202036296	70.55418405
chr7	146379724	2.122233635	70.55940288
chr7	146379760	1.578920853	70.55947928
chr7	146379811	1.334022816	70.55955981
chr7	146380331	0.7634973793	70.5602535
chr7	146380369	0.7185794642	70.56028251
chr7	146380433	0.441543786	70.5603285
chr7	146380465	0.2190371808	70.56034263
chr7	146380613	0.2421413575	70.56037505
chr7	146527715	0.2187326954	70.59599452
chr7	146529269	0.2050516979	70.59633443
chr7	146529836	0.2114280791	70.5964507
chr7	146634872	0.1663174923	70.61865826
chr7	146634946	0.133516859	70.61867057
chr7	146638323	0.4160436609	70.61912145
chr7	146650526	0.1178212144	70.62419843
chr7	146650555	1.668731949	70.62420185
chr7	146652611	2.089474236	70.62763276
chr7	146652620	2.077373991	70.62765157
chr7	146652645	2.049300523	70.6277035
chr7	146652778	0.4983897886	70.62797606
chr7	146652819	0.7117491896	70.62799649
chr7	146668841	0.7284447075	70.63940014
chr7	146668852	0.5161625475	70.63940815
chr7	146668875	0.3041805897	70.63942002
chr7	146668978	0.1077103775	70.63945135
chr7	146669000	0.09634114382	70.63945372
chr7	146669089	0.1021900529	70.6394623
chr7	146669280	0.107119204	70.63948182
chr7	146669829	0.1238949847	70.63954063
chr7	146671307	0.1204391538	70.63972374
chr7	146671317	0.1085854468	70.63972495
chr7	146672031	0.1393344863	70.63980248
chr7	146672059	0.15035354	70.63980638
chr7	146672156	0.181155875	70.63982096
chr7	146672182	1.319002266	70.63982567
chr7	146672352	1.349831042	70.6400499
chr7	146672420	1.402653413	70.64014169
chr7	146672488	1.437751881	70.64023707
chr7	146672495	1.443443475	70.64024714
chr7	146672546	1.480214061	70.64032075
chr7	146673866	1.49124309	70.64227463
chr7	146675145	1.52287168	70.64418193
chr7	146675148	1.528781092	70.6441865
chr7	146675212	0.3909347019	70.64428434
chr7	146676570	0.4229718209	70.64481523
chr7	146784085	0.3921694857	70.69029105
chr7	146784150	0.3605408949	70.69031654
chr7	146784154	0.329791855	70.69031798
chr7	146784185	0.2738640623	70.69032821
chr7	146784235	0.2430303231	70.6903419
chr7	146785545	0.2305810421	70.69066027
chr7	146790322	0.2013223004	70.69176175
chr7	146790445	0.2089407129	70.69178652
chr7	146790452	0.2096454023	70.69178798
chr7	146873103	1.778653221	70.70911538
chr7	146873113	1.792593911	70.70913317
chr7	146875344	0.2377593677	70.71313245
chr7	146984942	0.1748673384	70.7391904
chr7	146984957	0.1447535364	70.73919302
chr7	146985941	0.09699503024	70.73933546
chr7	146986007	0.1737784231	70.73934186
chr7	146986466	0.1627493938	70.73942162
chr7	146989529	0.1620892522	70.73992012
chr7	146989595	0.2306096779	70.73993082
chr7	146989820	0.2490747638	70.73998271
chr7	146989832	0.2619302027	70.7399857
chr7	146989872	0.3012594141	70.73999618
chr7	146990178	0.3064709322	70.74008836
chr7	146990247	0.332207001	70.74010951
chr7	146990275	0.3836008757	70.74011881
chr7	147242990	0.3759824631	70.8370605
chr7	147243137	0.3623695495	70.83711577
chr7	147257942	1.472783368	70.84248065
chr7	147258020	1.459927929	70.84259553
chr7	147258065	1.441184492	70.84266123
chr7	147258169	1.428316289	70.84281111
chr7	147258176	2.263584847	70.84282111
chr7	147258545	2.243321351	70.84365637
chr7	147258569	2.228415464	70.84371021
chr7	147258603	2.189869268	70.84378598
chr7	147258618	2.743801557	70.84381883
chr7	147258625	2.730953878	70.84383803
chr7	147262241	1.882817454	70.85371316
chr7	147262451	1.916701781	70.85410855
chr7	147262871	1.335163353	70.85491357
chr7	147264769	1.333128064	70.85744771
chr7	147264842	0.8463874994	70.85754503
chr7	147265201	0.9258428902	70.85784888
chr7	147265250	0.8385231835	70.85789425
chr7	147265983	0.8250668913	70.85850888
chr7	147265994	0.8125933498	70.85851796
chr7	147266077	0.3964103617	70.85858541
chr7	147266083	0.4767641855	70.85858778
chr7	147266084	0.5179932832	70.85858826
chr7	147266090	0.5269334901	70.85859137
chr7	147266119	0.5358911646	70.85860665
chr7	147290683	0.4119276033	70.87177028
chr7	147290727	0.4098176551	70.87178841
chr7	147315858	0.4373826568	70.88208753
chr7	147315879	0.4491774838	70.88209672
chr7	147315919	0.3812001469	70.88211468
chr7	147315992	0.3984010939	70.88214251
chr7	147316080	0.4086635573	70.88217757
chr7	147316153	0.3517457956	70.8822074
chr7	147316164	0.2967234921	70.88221127
chr7	147464977	0.4328351617	70.92636759
chr7	147565572	0.4098452505	70.96990864
chr7	147565640	0.3707061612	70.96993651
chr7	147565730	6.7642289	70.96996987
chr7	147565732	13.14881143	70.9699834
chr7	147565769	13.13744489	70.97046991
chr7	147566168	13.16011056	70.97571175
chr7	147566242	13.20079397	70.9766856
chr7	147566248	13.30424485	70.9767648
chr7	147566269	7.669190969	70.97704419
chr7	147566272	1.401479353	70.9770672
chr7	147566284	1.616904959	70.97708401
chr7	147566296	1.947196933	70.97710342
chr7	147566308	2.050318327	70.97712678
chr7	147590478	2.163429435	71.02668298
chr7	147590693	2.218209054	71.02714812
chr7	147603445	2.206219895	71.05543472
chr7	147650328	2.631286646	71.15886892
chr7	147650911	2.533504679	71.16040296
chr7	147650986	2.469985673	71.16059298
chr7	147651004	2.461027998	71.16063744
chr7	147651727	2.759565142	71.16241676
chr7	147651789	3.518735602	71.16258785
chr7	147651976	16.83752386	71.16324586
chr7	147651982	16.9416958	71.16334688
chr7	147652030	16.7303779	71.16416008
chr7	147652064	16.77999566	71.16472892
chr7	147652233	3.622207431	71.16756474
chr7	147652342	4.373486178	71.16795956
chr7	147652343	5.539913502	71.16796393
chr7	147652375	6.52567455	71.16814121
chr7	147658389	6.289647515	71.20738661
chr7	147659598	6.637616284	71.2149908
chr7	147659994	7.023661376	71.21761929
chr7	147660012	7.427938412	71.21774572
chr7	147660088	8.42297885	71.21831024
chr7	147660175	8.816041889	71.21904304
chr7	147662159	11.35680224	71.23653407
chr7	147662482	9.916670848	71.24020232
chr7	147662500	9.996628373	71.24038082
chr7	147662578	10.15200602	71.24116055
chr7	147662621	10.11622394	71.24159709
chr7	147662952	15.06085363	71.24494556
chr7	147663017	15.3591749	71.24592452
chr7	147663041	15.4231748	71.24629314
chr7	147663600	16.06855487	71.25491469
chr7	147663602	7.889282265	71.25494683
chr7	147669453	7.571108052	71.30110702
chr7	147669492	7.537881297	71.30140229
chr7	147669505	6.974497893	71.30150028
chr7	147669506	6.492635966	71.30150726
chr7	147684767	5.212974324	71.40059138
chr7	147684784	4.93869345	71.40068
chr7	147684913	4.618606463	71.40131709
chr7	147684982	4.512975943	71.40163577
chr7	147685078	4.408804002	71.40206902
chr7	147685240	4.336042919	71.40278324
chr7	147685596	4.148516639	71.40432687
chr7	147685622	4.086256164	71.40443474
chr7	147685681	4.036809334	71.40467583
chr7	147685717	4.472261435	71.40482115
chr7	147685824	4.866466651	71.40529968
chr7	147686462	4.583486198	71.40840449
chr7	147687199	4.440914261	71.41178252
chr7	147713465	4.492703695	71.52842757
chr7	147713466	4.436860963	71.52843206
chr7	147713492	4.673935723	71.52854742
chr7	147716439	5.136125425	71.54232151
chr7	147716911	7.851019655	71.54474576
chr7	147717129	7.790677053	71.54645728
chr7	147717213	7.610658749	71.5471117
chr7	147717240	7.036506803	71.54731719
chr7	147717376	6.719911806	71.54827415
chr7	147717389	6.611381741	71.54836151
chr7	147718141	4.269722902	71.55333327
chr7	147718217	4.070980958	71.55365777
chr7	147718238	3.859463578	71.55374326
chr7	147718256	3.470367476	71.55381273
chr7	147718266	3.54178671	71.55384744
chr7	147718278	3.70411665	71.55388994
chr7	147718293	3.75974494	71.5539455
chr7	147718617	3.658771883	71.55516366
chr7	147723126	2.845921836	71.57166106
chr7	147723163	2.809012875	71.57176636
chr7	147723272	2.855344028	71.57207254
chr7	147723332	2.765944973	71.57224386
chr7	147728155	1.545785987	71.58558401
chr7	147728201	1.612298471	71.58565512
chr7	147728297	1.644754504	71.5858099
chr7	147728412	1.719067444	71.58599905
chr7	147728504	1.98930338	71.5861572
chr7	147728561	2.199158196	71.58627059
chr7	147728580	2.148757281	71.58631238
chr7	147728587	2.282539008	71.58632742
chr7	147728700	2.34969801	71.58658534
chr7	147733420	2.571575127	71.59767592
chr7	147733768	3.14430504	71.59857083
chr7	147735724	3.232444792	71.60472109
chr7	147736098	3.039211155	71.60593002
chr7	147774278	2.925541141	71.7219671
chr7	147774806	2.344585398	71.72351179
chr7	147774840	2.85607183	71.7235915
chr7	147774872	2.90585415	71.7236829
chr7	147780024	3.492874568	71.73865386
chr7	147780036	2.413906708	71.73869577
chr7	147780234	1.685124381	71.73917373
chr7	147780270	1.658432539	71.73923439
chr7	147780293	1.725041399	71.73927254
chr7	147783967	1.662815745	71.74561034
chr7	147784087	0.8142618286	71.74580988
chr7	147786913	1.029061891	71.74811098
chr7	147832053	0.8096982884	71.79456283
chr7	147832165	0.6831661603	71.79465352
chr7	147832954	0.5584341529	71.79519254
chr7	147834355	0.6936123603	71.7959749
chr7	147834390	0.8277005934	71.79599918
chr7	147834523	0.6207560198	71.79610926
chr7	147843840	1.089739177	71.80189285
chr7	147843984	1.205660143	71.80204977
chr7	147844041	1.452867567	71.80211849
chr7	147844127	1.8785605	71.80224344
chr7	147869378	1.743558755	71.84967897
chr7	147884509	1.507257386	71.87606076
chr7	147884654	1.438713786	71.87627931
chr7	147885479	1.355339957	71.87746625
chr7	147885516	1.272040661	71.8775164
chr7	147885774	0.7973172542	71.87784458
chr7	147885854	0.9476874091	71.87790837
chr7	147886095	1.150036145	71.87813676
chr7	147886543	1.183469735	71.87865198
chr7	147942918	1.062718955	71.94537008
chr7	147942963	1.002433331	71.94541791
chr7	147942982	0.9418276646	71.94543695
chr7	147946651	0.6199335459	71.94889252
chr7	147947143	0.5865125689	71.94919753
chr7	147947215	0.5530685738	71.94923976
chr7	147950913	0.4318697139	71.951285
chr7	147951069	0.3788073419	71.95135237
chr7	147951200	0.3258517384	71.951402
chr7	147957069	0.2969783139	71.95331442
chr7	147963412	4.430880668	71.95519816
chr7	147964941	4.387331278	71.96197297
chr7	147964984	4.37632538	71.96216163
chr7	147965059	4.595173476	71.96248985
chr7	147965080	0.4612711219	71.96258635
chr7	147975036	0.1157088722	71.96717877
chr7	147975072	1.33181983	71.96718293
chr7	147975099	1.293222857	71.96721889
chr7	147977907	0.07711189991	71.97085026
chr7	147978072	0.2373012164	71.97086298
chr7	147978176	0.3537894078	71.97088766
chr7	147978194	0.5940464503	71.97089403
chr7	147979224	0.6474937973	71.9715059
chr7	148021117	0.4873044809	71.99863136
chr7	148023114	0.4910723983	71.9996045
chr7	148023293	1.956920427	71.99969241
chr7	148025645	0.4910723984	72.00429508
chr7	148025686	0.4184775496	72.00431522
chr7	148025713	0.2913039306	72.00432652
chr7	148025843	0.2189482765	72.00436439
chr7	148025974	0.1467910022	72.00439307
chr7	148039859	1.026299819	72.00643126
chr7	148040400	1.037196636	72.00698649
chr7	148043279	1.047912827	72.00997258
chr7	148043648	1.051767242	72.01035926
chr7	148043730	1.015463379	72.0104455
chr7	148043779	0.1359545616	72.01049526
chr7	148043800	0.1367517241	72.01049812
chr7	148043865	0.1494499672	72.010507
chr7	148043984	0.1666171819	72.01052479
chr7	148044056	0.1142845383	72.01053679
chr7	148044372	0.1307363727	72.0105729
chr7	148045138	0.1480007284	72.01067304
chr7	148069174	0.1816304263	72.01423039
chr7	148069175	0.2730194116	72.01423057
chr7	148069220	0.2927145568	72.01424286
chr7	148086449	0.314481141	72.01928604
chr7	148175029	0.3218852891	72.04714277
chr7	148175045	0.3311886448	72.04714792
chr7	148175100	0.3480786238	72.04716614
chr7	148244272	0.3283834786	72.07124343
chr7	148244813	0.311216264	72.07142109
chr7	148244837	0.2273701853	72.07142856
chr7	148244842	0.1859775182	72.0714297
chr7	148244955	0.1425676802	72.07145071
chr7	148315373	0.1056407709	72.08149004
chr7	148317649	0.1714938719	72.08173048
chr7	148317659	0.1738918769	72.0817322
chr7	148317660	0.1826708118	72.08173237
chr7	148317668	0.188236605	72.08173383
chr7	148317692	0.3181132049	72.08173835
chr7	148373766	0.3441840831	72.09957623
chr7	148455546	0.2941648661	72.1277236
chr7	148455645	0.3412550077	72.12775273
chr7	148456556	0.3164349874	72.12806361
chr7	148456596	0.3156545036	72.12807627
chr7	148532468	0.2876139279	72.1520256
chr7	148532480	0.5655484087	72.15202906
chr7	148545629	2.449888601	72.15946545
chr7	148545633	2.458695486	72.15947525
chr7	148545872	5.054787893	72.16006288
chr7	148546021	5.016639772	72.16081604
chr7	148546119	7.681709931	72.16130767
chr7	148546722	7.690518502	72.16593974
chr7	148547087	7.688778858	72.16874678
chr7	148547183	5.038699216	72.16948491
chr7	148547296	4.979723743	72.17005428
chr7	148547326	2.13880355	72.17020367
chr7	148547402	2.147480416	72.17036622
chr7	148547458	0.303537991	72.17048648
chr7	148547535	0.3833931741	72.17050985
chr7	148547551	0.4130334544	72.17051599
chr7	148547594	0.4218846756	72.17053375
chr7	148547610	0.4525824693	72.1705405
chr7	148547617	0.5324365687	72.17054366
chr7	148547954	0.5411343395	72.1707231
chr7	148556475	0.5468040735	72.1753341
chr7	148560133	0.5649235376	72.17733431
chr7	148642572	0.5763484552	72.22390604
chr7	148642580	0.5266719207	72.22391065
chr7	148774012	0.5469133054	72.2931322
chr7	148780160	0.5320974698	72.29649462
chr7	148806471	0.6024513908	72.31049464
chr7	148806486	0.5891335301	72.31050367
chr7	148806510	0.5758437504	72.31051781
chr7	148886224	0.5717676369	72.35642062
chr7	148931257	0.5441389401	72.38216903
chr7	148937108	0.4765603249	72.38535279
chr7	148937289	0.4727039088	72.38543905
chr7	148938122	0.4098568897	72.38583281
chr7	148942159	5.793149967	72.3874874
chr7	148942366	7.228072359	72.38868658
chr7	148942957	7.209505819	72.39295838
chr7	148943005	3.134240377	72.39330443
chr7	148943081	3.112979039	72.39354263
chr7	148944325	3.035154796	72.39741518
chr7	148944340	18.23441453	72.39746071
chr7	148944379	18.22440976	72.39817185
chr7	148944427	18.48764172	72.39904662
chr7	148944553	18.48964241	72.40137606
chr7	148944644	18.52111222	72.40305862
chr7	148944705	18.54351344	72.40418841
chr7	148944743	7.276943968	72.40489306
chr7	148944853	0.5563307841	72.40569353
chr7	148944893	0.6122987142	72.40571578
chr7	148944929	0.6381660735	72.40573782
chr7	148944947	0.6511304728	72.40574931
chr7	148945254	0.8155530737	72.40594921
chr7	148946099	0.8457468345	72.40663835
chr7	148946151	0.8745706527	72.40668233
chr7	148946260	0.9236373939	72.40677766
chr7	148946393	0.9729145205	72.4069005
chr7	148946394	1.022057501	72.40690147
chr7	148974656	0.9047976359	72.43578686
chr7	149013618	0.8547406549	72.47103959
chr7	149013759	0.8922495728	72.47116011
chr7	149015784	5.403956737	72.47296691
chr7	149016358	5.354679605	72.47606878
chr7	149016525	0.7263041743	72.47696301
chr7	149016550	0.6771611992	72.47698117
chr7	149016576	0.700505036	72.47699878
chr7	149016610	0.7260188884	72.47702259
chr7	149016643	0.9369617465	72.47704655
chr7	149016652	1.831503508	72.47705499
chr7	149016751	2.042153038	72.4772363
chr7	149042211	2.091682188	72.52922952
chr7	149042236	1.956923178	72.52928181
chr7	149042238	2.821704897	72.52928573
chr7	149044475	2.663370211	72.53559788
chr7	149060284	6.120654084	72.5777031
chr7	149063481	7.274080495	72.59727083
chr7	149063647	7.308814971	72.59847833
chr7	149063660	6.067468155	72.59857334
chr7	149064673	7.960754571	72.60471969
chr7	149065195	9.110841713	72.6088752
chr7	149065763	10.90903094	72.61405016
chr7	149065932	13.20019121	72.61589379
chr7	149065942	13.23722356	72.61602579
chr7	149066494	11.37976532	72.62333274
chr7	149067138	8.52099703	72.63066131
chr7	149067193	11.02504169	72.63112996
chr7	149067808	5.540448113	72.63791036
chr7	149067904	5.576014909	72.63844224
chr7	149068765	5.509868663	72.64324319
chr7	149068772	3.949341576	72.64328176
chr7	149068775	3.05897296	72.64329361
chr7	149068838	3.116512965	72.64348632
chr7	149068851	3.061094805	72.64352684
chr7	149069001	2.965441166	72.643986
chr7	149069572	1.293600198	72.64567927
chr7	149069622	1.332144527	72.64574395
chr7	149134221	1.280708193	72.73179915
chr7	149159041	1.243675846	72.76358633
chr7	149159048	1.227615424	72.76359504
chr7	149159069	1.076043501	72.76362082
chr7	149159076	1.185297275	72.76362835
chr7	149159124	1.148592162	72.76368524
chr7	149159236	1.173101502	72.76381389
chr7	149162689	1.274513086	72.76786461
chr7	149162713	1.223079604	72.76789519
chr7	149162722	1.150890448	72.7679062
chr7	149162827	1.177753266	72.76802705
chr7	149162866	1.363481573	72.76807298
chr7	149162905	1.328747098	72.76812615
chr7	149164267	1.269213282	72.76993591
chr7	149164485	1.300187188	72.7702126
chr7	149164493	1.284526831	72.770223
chr7	149164559	1.231694362	72.77030778
chr7	149164805	1.216034574	72.77061077
chr7	149181156	1.290375783	72.79049415
chr7	149181429	2.696695958	72.79084643
chr7	149181435	2.773228463	72.79086261
chr7	149181518	2.827916835	72.79109279
chr7	149181578	2.935610351	72.79126246
chr7	149181583	2.973852409	72.79127714
chr7	149182073	2.954065631	72.79273433
chr7	149182239	3.048800355	72.7932247
chr7	149185134	1.245851025	72.80205098
chr7	149196596	1.29185928	72.81633092
chr7	149210821	1.327800057	72.83470762
chr7	149210881	1.314835658	72.83478729
chr7	149210917	1.367937259	72.83483462
chr7	149211048	1.453778326	72.83501382
chr7	149218617	1.360696046	72.84601747
chr7	149219105	1.334682875	72.84668149
chr7	149271532	1.116529879	72.91665491
chr7	149271539	1.112714071	72.91666273
chr7	149271635	1.074219235	72.91676955
chr7	149271737	1.041597699	72.91687912
chr7	149271739	0.9739563372	72.9168812
chr7	149271745	0.9084609988	72.91688704
chr7	149271779	0.9035363951	72.91691793
chr7	149271933	0.9053950516	72.91705708
chr7	149271959	13.8198615	72.91708062
chr7	149271972	13.84660507	72.91726027
chr7	149272222	1.653485755	72.92072192
chr7	149275794	1.659265482	72.92662818
chr7	149275842	2.034486116	72.92670782
chr7	149275843	1.964948396	72.92670986
chr7	149275944	1.928575917	72.92690832
chr7	149276923	2.38222318	72.92879639
chr7	149279648	2.359405516	72.93528795
chr7	149281039	2.431280294	72.93856988
chr7	149281142	2.510384583	72.9388203
chr7	149281189	2.532397573	72.93893829
chr7	149281193	2.544803743	72.93894842
chr7	149281386	2.60463739	72.93943957
chr7	149285482	2.61702938	72.95010816
chr7	149285583	1.491363979	72.95037248
chr7	149285589	1.233439645	72.95038143
chr7	149339007	0.7670720721	73.01626931
chr7	149349966	0.7180516585	73.02467565
chr7	149359891	0.678843241	73.03180232
chr7	149360048	0.6957724858	73.03190889
chr7	149365723	0.7992441114	73.0358574
chr7	149369599	0.8313750916	73.03895527
chr7	149369679	1.003307053	73.03902178
chr7	149370916	1.054847193	73.04026287
chr7	149370984	1.188467557	73.0403346
chr7	149370986	1.303766685	73.04033698
chr7	149399043	1.20029506	73.07691676
chr7	149400888	1.009354698	73.07913131
chr7	149432785	0.9320553304	73.11132669
chr7	149433155	0.8777407145	73.11167155
chr7	149433223	0.894127935	73.11173124
chr7	149433933	0.9492202099	73.11236607
chr7	149437809	0.8917302315	73.11604525
chr7	149437878	1.010716657	73.11610678
chr7	149437892	1.289753407	73.11612093
chr7	149437905	1.317160494	73.1161377
chr7	149437920	1.460932613	73.11615745
chr7	149437923	1.521127683	73.11616184
chr7	149437937	1.500322839	73.11618313
chr7	149478190	1.474081346	73.17657563
chr7	149479690	1.612856429	73.17878675
chr7	149479907	1.65462769	73.17913674
chr7	149483533	1.834346781	73.18513642
chr7	149540050	1.766904668	73.2888082
chr7	149540104	1.652861536	73.28890361
chr7	149542954	1.979546258	73.29361426
chr7	149546491	1.952741025	73.30061592
chr7	149546506	2.223550431	73.30064521
chr7	149546527	2.14136305	73.3006919
chr7	149546539	2.023711612	73.3007176
chr7	149556793	2.522868202	73.32146874
chr7	149559084	2.052075189	73.32724863
chr7	149559093	1.430027006	73.3272671
chr7	149559100	2.323901666	73.32727711
chr7	149559181	2.295476379	73.32746535
chr7	149559237	3.709466113	73.32759389
chr7	149559649	3.717856004	73.32912219
chr7	149562407	2.630261505	73.33937604
chr7	149562412	3.037278836	73.33938919
chr7	149562444	3.032123058	73.33948638
chr7	149562957	2.138248398	73.34104186
chr7	149563697	2.095240632	73.34262417
chr7	149563698	2.056043627	73.34262626
chr7	149563700	0.6957127425	73.34263037
chr7	149563702	0.6835111732	73.34263177
chr7	149564081	0.6426575921	73.34289082
chr7	149566039	0.6251068153	73.34414914
chr7	149566060	0.6590339416	73.34416227
chr7	149566325	0.6415015506	73.34433691
chr7	149566432	0.6518048392	73.34440555
chr7	149566698	0.6618591826	73.34457893
chr7	149571975	0.3024638439	73.34807156
chr7	149573282	0.3410301618	73.34846688
chr7	149574833	0.3906770394	73.34899582
chr7	149643611	0.3742898189	73.37586581
chr7	149662678	0.2756839207	73.38300239
chr7	149667680	0.2417567945	73.38438136
chr7	149669006	0.2562816363	73.38470193
chr7	149669048	0.2704197286	73.38471269
chr7	149671933	0.2275274238	73.38549286
chr7	149671971	0.2256465244	73.3855015
chr7	149674945	0.1946547984	73.38617257
chr7	149675001	0.2361261323	73.38618347
chr7	149675011	0.2957467018	73.38618584
chr7	149675012	0.3057965616	73.38618613
chr7	149844979	0.2981411649	73.43816146
chr7	149844990	0.3255704931	73.43816474
chr7	149906183	0.3211010917	73.45808737
chr7	149906352	0.2518450381	73.45814164
chr7	149906370	0.1584146266	73.45814617
chr7	149906715	0.2129069462	73.45820082
chr7	149906867	0.2651214968	73.45823318
chr7	149907001	0.3192604146	73.45826871
chr7	149909134	0.3656918694	73.45894969
chr7	149909485	0.3797791328	73.45907805
chr7	149909513	0.4370314047	73.45908869
chr7	149909602	0.4269770613	73.45912758
chr7	149969732	0.3697247893	73.48480171
chr7	149969835	0.4083805442	73.48483979
chr7	149969957	0.4270137021	73.48488962
chr7	149969984	0.3911064277	73.48490115
chr7	149970290	0.336522043	73.48502082
chr7	149970517	0.416297151	73.48509721
chr7	149970581	0.4079072603	73.48512386
chr7	149970683	0.345086361	73.48516546
chr7	149971245	0.3635794432	73.4853594
chr7	149972829	0.4921298853	73.48593531
chr7	149972830	0.6448068319	73.4859358
chr7	149972835	0.7212994335	73.48593903
chr7	149972896	0.6690848828	73.48598303
chr7	149979754	0.6809400577	73.49057161
chr7	150017300	0.7790635488	73.51613819
chr7	150017462	0.7872817486	73.5162644
chr7	150017907	0.7389372287	73.51661474
chr7	150017949	0.8144734064	73.51664577
chr7	150017993	0.7876834136	73.51668161
chr7	150018052	0.8432049424	73.51672808
chr7	150018069	0.8836645414	73.51674242
chr7	150018087	0.8962642032	73.51675832
chr7	150018094	0.9040469059	73.5167646
chr7	150018103	0.919612625	73.51677273
chr7	150154222	0.9055253617	73.64194948
chr7	150154585	9.33255906	73.64227819
chr7	150154977	7.478264345	73.64593655
chr7	150154986	7.459631186	73.64600386
chr7	150155465	0.4122239303	73.64957702
chr7	150155492	0.393638885	73.64958815
chr7	150155522	0.3685701752	73.64959996
chr7	150155600	0.5879791416	73.64962871
chr7	150181400	0.5952967267	73.66479857
chr7	150234937	3.155985558	73.69666897
chr7	150235504	2.94332638	73.69845841
chr7	150235525	11.15612115	73.69852022
chr7	150236278	4.075826075	73.70692078
chr7	150236404	4.136097398	73.70743434
chr7	150236431	4.176101047	73.70754601
chr7	150236452	0.6047280019	73.70763371
chr7	150237177	0.6201536318	73.70807214
chr7	150270570	0.6082984569	73.72878093
chr7	150335663	0.5735475264	73.7683769
chr7	150341595	0.5978946454	73.77177918
chr7	150341738	0.5651488429	73.77186468
chr7	150343356	0.5375662053	73.77277909
chr7	150344106	0.472896304	73.77318227
chr7	150344131	0.5470586188	73.77319409
chr7	150344134	0.5649145374	73.77319573
chr7	150345131	0.5543737366	73.77375895
chr7	150387668	0.4751842067	73.79734035
chr7	150387807	0.4524316353	73.7974064
chr7	150387813	0.7921539238	73.79740911
chr7	150388397	0.863467908	73.79787173
chr7	150388440	0.8407840477	73.79790886
chr7	150388522	0.844917504	73.7979778
chr7	150436540	0.8104577296	73.83854905
chr7	150436742	0.6548728706	73.83871276
chr7	150436744	0.649476492	73.83871407
chr7	150436821	0.7915607519	73.83876408
chr7	150436979	0.8202815908	73.83888915
chr7	150437003	0.8246647909	73.83890884
chr7	150442675	1.011926459	73.84358634
chr7	150445345	1.240711294	73.84628818
chr7	150445409	1.479724723	73.84636758
chr7	150458482	1.460458995	73.86571203
chr7	150460655	1.23432266	73.8688856
chr7	150460680	1.21889703	73.86891646
chr7	150461046	1.235196781	73.86936258
chr7	150461086	0.7424371339	73.86941199
chr7	150461167	0.7591226327	73.86947212
chr7	150461273	0.7437992939	73.86955259
chr7	150461299	0.7890847793	73.86957193
chr7	150536678	0.7545039454	73.92905235
chr7	150537217	0.7366480257	73.92945903
chr7	150537247	0.7167321192	73.92948113
chr7	150537282	0.7209212032	73.92950621
chr7	150537300	0.6257072371	73.92951919
chr7	150537304	0.5914231671	73.92952169
chr7	150537431	0.5264896598	73.9295968
chr7	150538188	0.6486063847	73.92999536
chr7	150538221	0.6246067863	73.93001676
chr7	150539021	0.5826890981	73.93051645
chr7	150667790	0.5703749615	74.00554874
chr7	150667794	1.287695515	74.00555102
chr7	150668038	1.261144305	74.00586522
chr7	150668039	2.042446233	74.00586648
chr7	150670596	2.143732245	74.01108901
chr7	150670622	2.137967197	74.01114475
chr7	150671218	2.125802011	74.01241898
chr7	150672400	1.320602296	74.01493168
chr7	150672527	0.5353789108	74.01509939
chr7	150672563	0.4907980381	74.01511867
chr7	150672575	0.4652869202	74.01512456
chr7	150672656	0.4396475519	74.01516224
chr7	150672721	0.5523863421	74.01519082
chr7	150673007	0.6612247598	74.0153488
chr7	150673036	0.7777746931	74.01536798
chr7	150673140	0.8345026858	74.01544887
chr7	150673205	1.01338726	74.01550311
chr7	150675142	1.032351732	74.01746604
chr7	150703967	0.7879107287	74.04722358
chr7	150704635	0.8245745311	74.04774991
chr7	150704678	0.9627342005	74.04778536
chr7	150704681	1.000726357	74.04778825
chr7	150704684	0.7906703215	74.04779125
chr7	150730163	0.7301402017	74.06793674
chr7	150737561	0.7331251109	74.07333832
chr7	150741246	0.6574603409	74.07603988
chr7	150793713	0.5632539828	74.11053486
chr7	150793963	0.5347190635	74.11067567
chr7	150795428	0.4220847615	74.11145903
chr7	150795496	0.2563215496	74.11148774
chr7	150798601	0.2572230514	74.11228361
chr7	150798710	0.2678537525	74.11231165
chr7	150891303	0.380584772	74.13711303
chr7	150980883	0.3677076778	74.17120582
chr7	150981550	0.3768257359	74.17145108
chr7	150981608	0.3905704716	74.17147293
chr7	150981633	0.3930678259	74.1714827
chr7	150981640	0.3549032373	74.17148545
chr7	150981649	0.3507326895	74.17148864
chr7	150982013	0.3127250326	74.17161631
chr7	151010832	0.2988876233	74.18062873
chr7	151015345	0.3121570456	74.18197761
chr7	151015557	0.3288322146	74.18204379
chr7	151121986	0.2816709531	74.21704107
chr7	151122223	0.2634521179	74.21710783
chr7	151123023	0.2400394585	74.21731859
chr7	151126716	0.2296304417	74.21820506
chr7	151126861	0.2277717848	74.21823835
chr7	151222312	0.1881313197	74.2399794
chr7	151222343	0.1696395699	74.23998523
chr7	151222351	0.1633690639	74.23998659
chr7	151222612	0.1802260101	74.24002923
chr7	151222619	0.5311343635	74.24003049
chr7	151223999	0.5230885048	74.24076345
chr7	151232442	0.5013485733	74.24517989
chr7	151232444	0.1366954854	74.24518089
chr7	151236774	0.1189029192	74.24577278
chr7	151236794	0.1124242642	74.24577516
chr7	151236903	0.1370520943	74.24578742
chr7	151290263	0.1311645211	74.25310052
chr7	151292576	0.182101576	74.2534039
chr7	151322541	0.2102534418	74.25886057
chr7	151322591	0.2175571409	74.25887109
chr7	151322687	0.2003789775	74.25889197
chr7	151323803	0.2949446302	74.2591156
chr7	151350841	0.2898581015	74.26709031
chr7	151357645	0.3092657659	74.2690625
chr7	151357721	0.2943569863	74.26908601
chr7	151357736	0.3012024733	74.26909042
chr7	151359665	0.2920844151	74.26967144
chr7	151360261	0.3519593548	74.26984552
chr7	151360296	0.347770271	74.26985784
chr7	151376798	0.369523259	74.27559675
chr7	151376894	0.3448954289	74.27563222
chr7	151377048	0.170152602	74.27568534
chr7	151445008	0.142000736	74.28724891
chr7	151455723	0.150214472	74.28877044
chr7	151455843	0.1578996413	74.28878847
chr7	151534987	0.144630219	74.30128528
chr7	151535290	0.1290613114	74.3013291
chr7	151537082	0.1592141839	74.30156038
chr7	151539821	0.194360413	74.30199647
chr7	151539888	0.2118106315	74.30200949
chr7	151596138	0.2247324172	74.31392384
chr7	151682699	2.590191398	74.3333769
chr7	151682927	2.589486708	74.33396746
chr7	151684150	0.2134187803	74.33713441
chr7	151737460	0.1962863831	74.34851176
chr7	151737713	0.2753259293	74.34856142
chr7	151794636	0.194161167	74.3642338
chr7	151803373	0.2384084841	74.36593019
chr7	151834819	0.3170568695	74.37342718
chr7	151834838	0.3137396992	74.3734332
chr7	151837041	0.4141153305	74.37412437
chr7	151837094	0.5582186994	74.37414632
chr7	151837170	0.9389240899	74.37418874
chr7	151839618	1.453646976	74.37648723
chr7	151839665	2.075406726	74.37655555
chr7	151839673	2.332676672	74.37657216
chr7	151839675	2.650014438	74.37657682
chr7	151842655	2.819900836	74.38447386
chr7	151845472	2.404618426	74.39241752
chr7	151846615	2.948415676	74.395166
chr7	151852955	31.58718389	74.41385896
chr7	151853074	2.114502842	74.41761783
chr7	151853145	5.347972529	74.41776796
chr7	151853621	5.717577435	74.4203136
chr7	151861378	5.219071226	74.46466485
chr7	151862949	4.666658136	74.47286401
chr7	151863152	6.420196151	74.47381134
chr7	151863158	13.76582852	74.47384986
chr7	151863202	13.51773672	74.47445556
chr7	151863254	13.52107978	74.47515848
chr7	151863383	12.92090558	74.4769027
chr7	151863653	7.904074621	74.48039134
chr7	151863982	3.76432325	74.48299178
chr7	151863986	3.894464153	74.48300684
chr7	151864015	4.19549223	74.48311978
chr7	151866601	3.465822327	74.49396932
chr7	151875468	4.723912098	74.52470077
chr7	151875597	4.435258836	74.52531015
chr7	151875930	4.450053818	74.5267871
chr7	151876035	4.286310629	74.52725435
chr7	151876113	4.378738287	74.52758868
chr7	151876119	4.116244547	74.52761496
chr7	151877111	1.462727148	74.53169827
chr7	151877318	1.47754999	74.53200105
chr7	151877512	1.495944553	74.5322877
chr7	151878360	1.502573333	74.53355626
chr7	151892365	1.787693624	74.5545998
chr7	151892596	1.807395928	74.55501276
chr7	151893870	1.579201563	74.55731538
chr7	151895027	1.944808622	74.55914252
chr7	151895053	1.960854991	74.55919308
chr7	151895077	1.959387012	74.55924014
chr7	151897442	1.643985123	74.56387409
chr7	151898851	1.463017524	74.56619047
chr7	151898970	1.476179178	74.56636457
chr7	151904457	0.673835698	74.57446436
chr7	151904497	0.7074039197	74.57449131
chr7	151904858	0.7235252459	74.57474669
chr7	151905062	0.7396619645	74.57489429
chr7	151905071	0.7564931082	74.57490094
chr7	151905142	0.7827440216	74.57495465
chr7	151910214	0.7993103007	74.57892473
chr7	151910242	0.8157891626	74.57894711
chr7	152063674	0.7986146748	74.70411528
chr7	152064941	0.7802201117	74.70512712
chr7	152065130	0.7631463319	74.70527458
chr7	152065133	0.7416890213	74.70527687
chr7	152108960	0.683248319	74.73778288
chr7	152108966	0.6941252581	74.73778698
chr7	152109063	0.6813270839	74.73785431
chr7	152109910	0.4767119935	74.73843139
chr7	152118296	0.4624807528	74.7424291
chr7	152118328	0.3902948803	74.7424439
chr7	152118465	0.3625432928	74.74249737
chr7	152118716	1.751538903	74.74258836
chr7	152118785	1.709341531	74.74270922
chr7	152119460	1.692862669	74.74386303
chr7	152119514	1.701067941	74.74395444
chr7	152120779	1.685130243	74.74610629
chr7	152120799	1.672866351	74.74613999
chr7	152121074	1.685262217	74.74660003
chr7	152121113	1.807708941	74.74666576
chr7	152121116	1.772068656	74.74667118
chr7	152121155	1.819816968	74.74674029
chr7	152123231	0.16602356	74.75051823
chr7	152124900	0.1700763773	74.75079533
chr7	152124912	0.1824834842	74.75079737
chr7	152126944	0.1994371811	74.75116817
chr7	152126992	0.2119417586	74.75117775
chr7	152270334	0.2379873015	74.7815579
chr7	152270429	0.29090218	74.78158051
chr7	152270557	0.3716690584	74.78161775
chr7	152270657	0.4791191011	74.78165491
chr7	152270668	0.5052305287	74.78166018
chr7	152270885	0.5107845666	74.78176982
chr7	152271338	0.5687169976	74.7820012
chr7	152271373	0.6135898931	74.78202111
chr7	152312369	0.6532931793	74.80717584
chr7	152312508	0.7032052878	74.80726665
chr7	152312509	0.7414295384	74.80726735
chr7	152397791	1.443032014	74.87049794
chr7	152397952	2.11174091	74.87073027
chr7	152398025	2.084672301	74.87088443
chr7	152398169	2.844741649	74.87118462
chr7	152398467	2.844968225	74.87203236
chr7	152398683	2.791130268	74.87264687
chr7	152398824	2.918289732	74.87304042
chr7	152398831	2.864389608	74.87306085
chr7	152399205	3.62725585	74.87413213
chr7	152399207	4.315058222	74.87413938
chr7	152399223	4.275864011	74.87420842
chr7	152399347	6.270464091	74.87473863
chr7	152399482	8.409883615	74.87558514
chr7	152399526	8.41691947	74.87595518
chr7	152400032	8.431460239	74.88021414
chr7	152400114	8.404828427	74.88090552
chr7	152402705	5.270873086	74.90268243
chr7	152402725	5.258371592	74.90278785
chr7	152402791	5.270298086	74.9031349
chr7	152402847	12.40834066	74.90343004
chr7	152402864	11.43496188	74.90364098
chr7	152402998	10.6684978	74.90517326
chr7	152403008	10.69401385	74.90527995
chr7	152403071	10.72556284	74.90595367
chr7	152403146	10.73248995	74.90675809
chr7	152403315	10.73981102	74.90857188
chr7	152403330	3.775251636	74.90873298
chr7	152403699	3.83642308	74.91012604
chr7	152403865	3.851300451	74.91076289
chr7	152403876	3.893762657	74.91080525
chr7	152404174	3.388788485	74.9119656
chr7	152404175	1.06364512	74.91196898
chr7	152404183	1.070748483	74.91197749
chr7	152404192	1.077667718	74.91198713
chr7	152425841	1.106648871	74.93531756
chr7	152425937	0.8300717598	74.9354238
chr7	152425991	0.7452722369	74.93546862
chr7	152426020	0.755945439	74.93549023
chr7	152539692	0.8301463263	75.02142006
chr7	152539800	0.8293314337	75.02150972
chr7	152542765	1.130798918	75.02396869
chr7	152542866	1.151148074	75.0240829
chr7	152543152	1.211505904	75.02441213
chr7	152543184	1.221920077	75.02445089
chr7	152543449	1.272322441	75.0247747
chr7	152867344	1.242195559	75.43687358
chr7	152874240	0.9631132707	75.44543976
chr7	152887480	0.9071434272	75.45819138
chr7	152889541	0.933097296	75.460061
chr7	152891636	0.9275432582	75.46201584
chr7	152894548	0.9242002012	75.46471685
chr7	152900854	0.9034086252	75.47054485
chr7	152901078	0.6045723105	75.47074722
chr7	152901319	0.5695854734	75.47089292
chr7	152901360	0.5175284077	75.47091627
chr7	152901384	0.5070685699	75.47092869
chr7	152901733	0.4619011498	75.47110566
chr7	152901778	0.4411645049	75.47112645
chr7	152901826	0.4178268801	75.47114762
chr7	152902316	0.391918684	75.47135236
chr7	152902368	0.3824124732	75.47137274
chr7	152902445	0.3719163566	75.47140218
chr7	152902466	0.3649971223	75.47140999
chr7	152975542	0.3099211441	75.49808252
chr7	152975569	0.3169458463	75.49809089
chr7	152975586	0.3128930292	75.49809628
chr7	152984775	0.1709091102	75.50097145
chr7	152984786	0.1741933687	75.50097333
chr7	152984801	0.1883395211	75.50097594
chr7	152985015	0.2024013597	75.50101625
chr7	152985723	0.3083345094	75.50115955
chr7	152992329	0.3226949736	75.50319641
chr7	152992350	0.3298322476	75.50320318
chr7	153170406	0.3117474949	75.56193179
chr7	153178727	0.2875861975	75.56452585
chr7	153178752	0.3089725724	75.56453304
chr7	153466330	0.5412931137	75.65338675
chr7	153466344	0.5348097984	75.65339433
chr7	153466362	0.5277850966	75.65340395
chr7	153471993	0.5076991888	75.65637591
chr7	153472029	0.5532252705	75.65639419
chr7	153472482	0.4989061364	75.6566448
chr7	153472500	0.4917260388	75.65665378
chr7	153475110	0.4857167685	75.65793719
chr7	153475374	0.528605621	75.65806542
chr7	153475402	0.6181258101	75.65808022
chr7	153475404	0.5875594811	75.65808145
chr7	153480307	0.3438874365	75.66096226
chr7	153485439	0.3369881684	75.66272709
chr7	153485472	0.3475052388	75.66273821
chr7	153485484	0.3847806317	75.66274238
chr7	153485563	0.3790160897	75.66277278
chr7	153491699	0.5961323678	75.66509842
chr7	153491849	0.674105829	75.66518784
chr7	153491936	0.7519771432	75.66524648
chr7	153493776	0.8500757223	75.66663012
chr7	153494042	0.9317896625	75.66685624
chr7	153523931	1.181429732	75.6947065
chr7	153528921	1.116340943	75.70060184
chr7	153528948	1.132375595	75.70063198
chr7	153531498	1.14873723	75.70351954
chr7	153531548	1.165107876	75.70357697
chr7	153533748	1.872323171	75.70614021
chr7	153533771	1.734536142	75.70618328
chr7	153536065	1.656562678	75.7101623
chr7	153536068	1.646913869	75.71016727
chr7	153536210	1.665556596	75.71040113
chr7	153536234	2.026469498	75.71044111
chr7	153536304	2.061990197	75.71058296
chr7	153538187	2.007077805	75.71446569
chr7	153538623	1.29986251	75.71534077
chr7	153563285	1.30748916	75.74739798
chr7	153563320	1.253592746	75.74744374
chr7	153570178	1.217226405	75.75604088
chr7	153570697	1.07672703	75.75667262
chr7	153571932	0.9802129891	75.75800238
chr7	153573111	0.9996423091	75.75915805
chr7	153573504	0.9808940653	75.75955091
chr7	153573581	0.9462523801	75.75962644
chr7	153574016	0.966830966	75.76003806
chr7	153574050	1.046404317	75.76007093
chr7	153574338	0.8412140913	75.7603723
chr7	153575531	0.8985082262	75.76137587
chr7	153579780	0.9110358518	75.76519363
chr7	153579804	1.087004167	75.76521549
chr7	153579913	1.357344208	75.76533398
chr7	153580101	1.300678546	75.76558916
chr7	153617377	1.129404406	75.81407325
chr7	153617412	1.186341824	75.81411278
chr7	153617432	1.213589706	75.81413651
chr7	153617439	1.260680436	75.814145
chr7	153617468	1.373267834	75.81418156
chr7	153633365	1.352068164	75.8360124
chr7	153633391	1.30289014	75.83604755
chr7	153633702	1.390478878	75.83645275
chr7	153635074	1.422857794	75.83836049
chr7	153635494	1.488648697	75.83895809
chr7	153635497	1.515903896	75.83896255
chr7	153635706	1.452325273	75.83927938
chr7	153637909	1.543110425	75.84247885
chr7	153637996	1.576212443	75.8426131
chr7	153717831	1.585313797	75.96845002
chr7	153737327	1.563385652	75.9993573
chr7	153737457	1.528752363	75.99956054
chr7	153738502	1.594694736	76.00115809
chr7	153738516	1.284930289	76.00118041
chr7	153738620	1.934010136	76.00131404
chr7	153738622	1.899777472	76.00131791
chr7	153738632	1.865904117	76.00133691
chr7	153741553	1.717244721	76.00678722
chr7	153742149	1.508032527	76.00781069
chr7	153742215	1.763570101	76.00791022
chr7	153742252	2.364676348	76.00797548
chr7	153742744	2.678915682	76.0091389
chr7	153743386	2.748799432	76.01085876
chr7	153743387	3.130643993	76.01086151
chr7	153743443	3.262943609	76.01103683
chr7	153743962	4.503489758	76.01273029
chr7	153744137	3.928834911	76.0135184
chr7	153744539	4.343282378	76.0150978
chr7	153750460	4.317364106	76.04081437
chr7	153750558	4.297934785	76.04123747
chr7	153752352	3.856660683	76.04894797
chr7	153752373	3.851253195	76.04902896
chr7	153752416	2.776153063	76.04919456
chr7	153752419	2.926489897	76.04920289
chr7	153752509	3.907104802	76.04946627
chr7	153752545	7.299061455	76.04960693
chr7	153752586	9.597511164	76.04990619
chr7	153754086	7.45897215	76.06430246
chr7	153754120	5.085585022	76.06455606
chr7	153755411	3.250533916	76.07112155
chr7	153755416	2.687630378	76.07113781
chr7	153775352	2.368723728	76.12471841
chr7	153775646	1.543689686	76.12541481
chr7	153775711	1.411825637	76.12551515
chr7	153776082	1.387265352	76.12603894
chr7	153776715	1.04185726	76.12691708
chr7	153777240	0.9400177562	76.12746405
chr7	153777342	0.7991299498	76.12755993
chr7	153777344	0.6958504982	76.12756153
chr7	153780024	0.7684961497	76.12942641
chr7	153780070	0.813165227	76.12946176
chr7	153780436	0.9012446691	76.12975938
chr7	153812379	0.8407251745	76.15854784
chr7	153812729	0.7181007849	76.15884209
chr7	153812811	0.7467340538	76.15890098
chr7	153813289	0.7399607072	76.15925792
chr7	153813313	1.165303919	76.15927567
chr7	153813343	1.060533671	76.15931063
chr7	153815751	1.009016884	76.1618644
chr7	153819607	0.4612452662	76.16575517
chr7	153819658	0.4329628258	76.16577869
chr7	153820030	0.4700673111	76.16593975
chr7	153878887	0.3924352881	76.19360651
chr7	153888857	0.3671494418	76.19751909
chr7	153892527	0.3198361185	76.19886652
chr7	153892561	0.2873647024	76.1988774
chr7	153912948	0.2606655231	76.2047359
chr7	153913480	0.2348228234	76.20487458
chr7	153926591	0.3119899876	76.20795334
chr7	153960828	0.2875678401	76.21863494
chr7	153962387	4.52824996	76.21908326
chr7	153963193	4.505323848	76.22273303
chr7	153963200	0.2458153504	76.22276456
chr7	153963565	1.291928751	76.22285429
chr7	153963570	1.268987232	76.22286075
chr7	153966865	0.1412780959	76.22704206
chr7	153966881	0.1507058677	76.22704432
chr7	153971269	0.08117557115	76.22770562
chr7	153971271	0.05900688005	76.22770578
chr7	153971356	0.07467592019	76.2277108
chr7	153971385	0.08439522533	76.22771296
chr7	153973399	0.11240415	76.22788293
chr7	153973472	0.1160931557	76.22789114
chr7	153994653	0.1474824503	76.23035011
chr7	154096491	0.1194735256	76.24536943
chr7	154096640	0.1141964078	76.24538723
chr7	154099892	0.1156376487	76.24575859
chr7	154104152	0.1201129221	76.24625121
chr7	154104463	0.1318902479	76.24628857
chr7	154104489	0.1064552602	76.24629199
chr7	154107252	0.1475239396	76.24658613
chr7	154188947	0.1544950789	76.2586381
chr7	154191387	0.1639569749	76.25901507
chr7	154191850	0.1853663089	76.25909098
chr7	154251983	0.1976129506	76.27023761
chr7	154275150	0.1500686219	76.27481571
chr7	154483495	0.144875066	76.30608176
chr7	154505891	0.1534474046	76.30932638
chr7	154533474	0.1748258765	76.31355892
chr7	154533503	0.1717840793	76.31356399
chr7	154555559	0.1658822854	76.31735286
chr7	154564952	0.1633522165	76.31891099
chr7	154564958	0.1765954981	76.31891197
chr7	154602080	0.1754554804	76.32546755
chr7	154605246	0.1752053578	76.32602304
chr7	154605247	0.1750775226	76.32602322
chr7	154611586	0.1741825559	76.32713303
chr7	154683487	0.1760888632	76.33965693
chr7	154683511	0.1401845878	76.33966116
chr7	154683516	0.1587581172	76.33966186
chr7	154872979	0.1863042547	76.36974065
chr7	154873234	0.3766917722	76.36978816
chr7	154874172	0.3914868295	76.37014149
chr7	154874506	0.3876693181	76.37027225
chr7	154874535	0.3831940448	76.37028349
chr7	154874642	0.8264161439	76.37032449
chr7	154874716	1.087510369	76.37038565
chr7	154877382	1.100724812	76.37328495
chr7	154883505	0.7117284718	76.38002469
chr7	154883993	0.7139035483	76.38037201
chr7	154884489	0.7739212459	76.38072611
chr7	154884495	0.7689470209	76.38073075
chr7	154907442	0.6125308233	76.39837578
chr7	154908053	0.3967543222	76.39875004
chr7	154908068	0.3779231134	76.39875599
chr7	154908077	0.3693507753	76.39875939
chr7	154998139	0.3138875663	76.43202386
chr7	154998173	0.2001095462	76.43203453
chr7	155000608	0.1661557477	76.4325218
chr7	155005603	0.1320997714	76.43335175
chr7	155005655	0.1215983466	76.43335861
chr7	155005689	0.09589942017	76.43336275
chr7	155005706	0.1105553146	76.43336438
chr7	155005726	0.1230869697	76.43336659
chr7	155026450	0.1723284387	76.43591744
chr7	155026944	0.1796242885	76.43600257
chr7	155030038	0.1867268541	76.43655833
chr7	155090319	0.1891791965	76.44781441
chr7	155090750	0.1916185032	76.44789595
chr7	155093194	0.1940836916	76.44836427
chr7	155108911	0.186564727	76.45141468
chr7	155108964	0.1869784048	76.45142457
chr7	155109100	0.190098701	76.45145
chr7	155110414	0.1932227119	76.45169979
chr7	155110426	0.216198938	76.4517021
chr7	155138284	0.2029844952	76.45772497
chr7	155138510	0.2354553997	76.45777085
chr7	155138543	0.2751504205	76.45777862
chr7	155139337	0.312961323	76.45799709
chr7	155139355	0.317793999	76.45800272
chr7	155139457	0.382645647	76.45803514
chr7	155146581	0.390873153	76.4607611
chr7	155146659	0.4074635321	76.46079159
chr7	155260480	0.314350884	76.5071695
chr7	155260513	0.3335145329	76.50717987
chr7	155262328	0.3773443261	76.5077852
chr7	155262477	0.4639822069	76.50784143
chr7	155262760	0.4833849564	76.50797273
chr7	155264935	0.4937073423	76.50902409
chr7	155265426	0.5134090153	76.50926651
chr7	155293297	0.4911353452	76.52357573
chr7	155293452	0.3798302746	76.52365185
chr7	155432458	0.3732634756	76.57645054
chr7	155440420	0.3097033319	76.57942246
chr7	155440450	0.3033423812	76.57943176
chr7	155441570	0.3089434472	76.5797715
chr7	155588008	0.3218698778	76.62501256
chr7	155780515	0.289850792	76.68697476
chr7	155785904	0.3047398244	76.68853677
chr7	155852748	0.2883203649	76.7089068
chr7	155852764	0.2834876893	76.70891141
chr7	155902317	0.2789689935	76.72295908
chr7	156017462	0.2701822297	76.75508096
chr7	156056878	0.2658531448	76.76573047
chr7	156057109	0.2889659504	76.76579188
chr7	156066100	0.2659456172	76.76838997
chr7	156177179	0.2325520409	76.79793094
chr7	156177193	0.2078640711	76.7979342
chr7	156178336	0.2045454224	76.79817179
chr7	156178354	0.1771210067	76.79817547
chr7	156178473	0.1915821222	76.79819655
chr7	156213296	0.1941942425	76.80486801
chr7	156214019	0.1757405464	76.80500841
chr7	156285624	0.1723774339	76.81759232
chr7	156313140	0.192637582	76.82233545
chr7	156313857	0.2512060966	76.82247357
chr7	156314867	0.2721653691	76.82272729
chr7	156320455	0.3359202845	76.82424815
chr7	156372606	1.039708608	76.84176673
chr7	156374529	0.9741169057	76.84376609
chr7	156374532	1.11269387	76.84376901
chr7	156376162	1.103011237	76.8455827
chr7	156376188	1.097111512	76.84561138
chr7	156376961	1.246194581	76.84645945
chr7	156377033	1.275701479	76.84654918
chr7	156377299	1.378627596	76.84688851
chr7	156378250	0.7955700141	76.84819959
chr7	156378260	0.7924800993	76.84820754
chr7	156379436	0.9190906931	76.8491395
chr7	156399496	0.7809848381	76.86757646
chr7	156407839	0.6693301142	76.87409222
chr7	156407943	0.8025426553	76.87416183
chr7	156409705	0.7096109169	76.87557591
chr7	156416869	0.7711914987	76.88065956
chr7	156416883	0.7962452776	76.88067036
chr7	156416916	0.8355171146	76.88069663
chr7	156468976	0.968742821	76.92419365
chr7	156469019	1.302916957	76.92423531
chr7	156469043	1.425907631	76.92426658
chr7	156469075	1.383451579	76.92431221
chr7	156469187	1.52465871	76.92446715
chr7	156469241	2.233408032	76.92454949
chr7	156469302	3.012105717	76.92468572
chr7	156469313	4.961449197	76.92471886
chr7	156469320	5.089763409	76.92475359
chr7	156469329	5.279719277	76.92479939
chr7	156471853	6.008638263	76.93812541
chr7	156475323	7.555210213	76.95897538
chr7	156479336	7.210828444	76.98929444
chr7	156479361	6.812246072	76.98947471
chr7	156479381	7.480523374	76.98961095
chr7	156479518	8.25513028	76.99063579
chr7	156479561	9.913862329	76.99099076
chr7	156482112	9.914772936	77.01628102
chr7	156482115	8.899556633	77.01631076
chr7	156483218	8.596197674	77.02612698
chr7	156483691	8.356409487	77.03019298
chr7	156483718	6.411943449	77.0304186
chr7	156487566	5.815645303	77.05509176
chr7	156487597	6.613488852	77.05527204
chr7	156491738	6.611023664	77.0826585
chr7	156492049	6.602499906	77.08471453
chr7	156492862	7.494122524	77.09008236
chr7	156493273	8.443696445	77.09316245
chr7	156493325	8.300180874	77.09360152
chr7	156493876	8.537687185	77.09817492
chr7	156493945	8.538770622	77.09876402
chr7	156494753	14.76763162	77.10566334
chr7	156495860	6.343305788	77.12201111
chr7	156496181	6.097491104	77.12404731
chr7	156496189	6.352357498	77.12409609
chr7	156496238	6.667525002	77.12440736
chr7	156497075	5.805756657	77.12998808
chr7	156504022	5.63595393	77.17032067
chr7	156504066	5.46651838	77.17056865
chr7	156504133	2.989098471	77.17093491
chr7	156504259	2.563538444	77.17131153
chr7	156504706	2.222711935	77.17245744
chr7	156504836	2.125657222	77.17274639
chr7	156504874	1.197501263	77.17282716
chr7	156504877	1.192214466	77.17283076
chr7	156505045	0.6996884478	77.17303105
chr7	156505123	0.6918353862	77.17308562
chr7	156505162	0.5901529125	77.17311261
chr7	156505375	0.5009480672	77.17323831
chr7	156505564	0.504935533	77.17333299
chr7	156505879	0.5059234187	77.17349204
chr7	156505895	0.50778091	77.17350014
chr7	156505964	0.6892548853	77.17353517
chr7	156506788	0.4474223382	77.17410312
chr7	156542597	0.3104830218	77.19012487
chr7	156542600	0.3117809723	77.1901258
chr7	156544053	0.2457634162	77.19057882
chr7	156544217	0.1556352025	77.19061912
chr7	156544241	0.1982066066	77.19062286
chr7	156553509	0.1995096988	77.19245983
chr7	156583591	0.1577228456	77.19846149
chr7	156583612	0.07119411847	77.1984648
chr7	156642283	0.07417849528	77.20264183
chr7	159198843	0.0728805438	77.3922836
chr7	159199273	0.08388193592	77.39231494
chr7	159203843	0.09793086949	77.39269828
chr7	159204194	0.1203583926	77.39273265
chr7	159345819	0.1307967498	77.40977841
chr7	159591473	0.1327069914	77.44190916
chr7	159676108	0.10664914	77.45314081
chr7	159878593	0.1015395816	77.47473566
chr7	159878637	0.09129579748	77.47474013
chr7	159878731	0.07186745523	77.47474871
chr7	159878738	0.05960875761	77.47474922
chr7	159884408	0.3080181937	77.4750872
chr7	159898182	0.3069780363	77.47932984
chr7	159898287	0.0585686002	77.47936207
chr7	159907872	0.09083649965	77.47992345
chr7	159907978	0.1073536447	77.47993308
chr7	159908083	0.1466433834	77.47994435
chr7	159917300	0.1759633295	77.48129597
chr7	159971113	0.1899456414	77.49076508
chr7	159971287	0.2139548915	77.49079813
chr7	159990835	0.2434234547	77.49498052
chr7	159990904	0.288774347	77.49499732
chr7	159990977	0.3036604222	77.4950184
chr7	159991172	0.2996930919	77.49507761
chr7	159991199	0.3148891856	77.4950857
chr7	159991671	0.3445603839	77.49523433
chr7	159995823	0.3053604374	77.49666495
chr7	159995827	0.3206138786	77.49666617
chr7	159995833	0.3717409683	77.49666809
chr7	159995853	0.4011204	77.49667553
chr7	160104463	0.4146116464	77.54024121
chr7	160104488	0.4558084044	77.54025158
chr7	160104489	0.4835781393	77.54025203
chr7	160104727	0.4974782594	77.54036713
chr7	160104746	0.5093971185	77.54037658
chr7	160105065	0.5920738466	77.54053908
chr7	160107830	0.5981700852	77.54217616
chr7	160107867	0.5684988871	77.54219829
chr7	160107875	0.5791002988	77.54220284
chr7	160108070	0.6261964071	77.54231576
chr7	160108079	0.6496672138	77.5423214
chr7	160109571	0.7217510107	77.5432907
chr7	160110431	0.7431217997	77.54391141
chr7	160110469	0.7485069231	77.54393965
chr7	160217439	0.6700898949	77.62400743
chr7	160217687	0.6085224501	77.62417362
chr7	160218078	0.5725392608	77.62441155
chr7	160221406	0.6461493245	77.62631696
chr7	160221435	0.6311939627	77.6263357
chr7	160221700	0.7619461837	77.62650296
chr7	160221853	1.043276135	77.62661954
chr7	160221995	1.471418012	77.62676769
chr7	160222581	1.606787999	77.62762994
chr7	160222618	1.742256548	77.62768939
chr7	160227213	1.802172622	77.63569506
chr7	160248068	1.522283351	77.67327937
chr7	160248151	1.431636985	77.67340572
chr7	160250503	1.449262994	77.67677293
chr7	160268243	1.071276475	77.70248285
chr7	160268298	1.078607131	77.70254177
chr7	160269615	0.8906278503	77.7039623
chr7	160271864	0.8494310889	77.70596532
chr7	160283105	0.7924673297	77.71551378
chr7	160285572	0.6841315186	77.71746879
chr7	160352759	0.6563446036	77.76343354
chr7	160352765	0.662018269	77.76343747
chr7	160352827	0.5624932982	77.76347852
chr7	160352828	0.5486103648	77.76347908
chr7	160352929	0.4939895541	77.76353449
chr7	160360012	0.4629625374	77.76703342
chr7	160361658	0.5114203235	77.76779546
chr7	160430437	0.5006754189	77.80297043
chr7	160430572	0.5007554705	77.80303803
chr7	160430624	0.4569694787	77.80306407
chr7	160432041	0.4379780027	77.80371159
chr7	160432806	0.3783341454	77.80404664
chr7	160432903	0.361987328	77.80408334
chr7	160433084	0.2214995701	77.80414886
chr7	160433144	0.2108934618	77.80416215
chr7	160433594	0.218596265	77.80425705
chr7	160433887	0.22926549	77.8043211
chr7	160433905	0.2399392392	77.80432523
chr7	160433923	0.2506135841	77.80432955
chr7	160434008	0.2613294336	77.80435085
chr7	160434206	0.265072455	77.80440259
chr7	160442125	0.2871940069	77.8065017
chr7	160442135	0.3107349063	77.80650457
chr7	160442143	0.3003682057	77.80650706
chr7	160442306	0.3010074693	77.80655602
chr7	160442396	0.3465619406	77.80658311
chr7	160530633	0.3368657641	77.8371627
chr7	160546574	0.3695929559	77.84253267
chr7	160546766	0.3689407637	77.84260364
chr7	160632541	0.3601980479	77.87424953
chr7	160750677	0.322438867	77.91680189
chr7	160750691	0.3058805271	77.9168064
chr7	160755556	0.2951891389	77.91829451
chr7	160755557	0.2702925165	77.91829481
chr7	160755744	0.2266113798	77.91834535
chr7	160755786	0.217247725	77.91835487
chr7	160755810	0.216620342	77.91836008
chr7	160755824	0.2198335624	77.91836311
chr7	160756910	0.1711322848	77.91860185
chr7	160756981	0.1646243897	77.918614
chr7	160757029	0.1215515457	77.91862191
chr7	160757620	0.1319064777	77.91869374
chr7	160757636	0.2061298658	77.91869585
chr7	160757765	0.2358135818	77.91872244
chr7	160758274	0.2638489249	77.91884247
chr7	160758278	0.2936504148	77.91884353
chr7	160759912	0.2827921444	77.91932335
chr7	160766039	0.2956098268	77.92105602
chr7	160873912	0.2659261108	77.95294434
chr7	160873966	0.2486990555	77.9529587
chr7	160878023	0.2713567531	77.95396767
chr7	160878105	0.2427379834	77.95398992
chr7	160878180	0.2190036938	77.95400813
chr7	160881170	0.2641130976	77.95466295
chr7	160881181	0.2564102944	77.95466585
chr7	160881242	0.3150078971	77.9546815
chr7	160881250	0.319197123	77.95468402
chr7	160977344	0.3801693495	77.98535694
chr7	160977354	0.3286065616	77.98536075
chr7	160988048	0.4568277987	77.98887486
chr7	160988078	0.4418666606	77.98888857
chr7	160988194	0.636570655	77.98893983
chr7	160988201	1.020249675	77.98894428
chr7	160988217	1.106096856	77.98896061
chr7	160988239	1.143082494	77.98898494
chr7	160988262	1.186272433	77.98901123
chr7	160988288	1.2613999	77.98904207
chr7	160988880	1.594266355	77.98978882
chr7	160993692	1.834311504	77.99746043
chr7	160994767	1.924035095	77.99943232
chr7	160994806	2.099940244	77.99950735
chr7	161007889	2.141469486	78.02698087
chr7	161007924	2.274863752	78.02705582
chr7	161007931	2.581292704	78.02707175
chr7	161009519	2.76813828	78.03117084
chr7	161010644	2.78821722	78.034285
chr7	161027796	3.181527263	78.0821085
chr7	161027971	2.92179034	78.08266527
chr7	161027984	3.506736822	78.08270325
chr7	161032745	3.42960246	78.09939882
chr7	161032836	3.352373067	78.09971092
chr7	161032922	3.270470924	78.09999922
chr7	161032947	2.568213279	78.10008098
chr7	161033878	1.152980877	78.10247199
chr7	161033889	1.207548112	78.10248467
chr7	161034077	1.329524516	78.10271169
chr7	161034179	1.293003293	78.1028473
chr7	161034234	1.353837809	78.10291842
chr7	161035010	1.414801411	78.103969
chr7	161035017	1.401983729	78.1039789
chr7	161035052	1.463365201	78.10402797
chr7	161090248	1.298323808	78.18479987
chr7	161090570	1.116679032	78.18521793
chr7	161090907	0.8127710589	78.18559426
chr7	161090971	0.8241876909	78.18564627
chr7	161091038	0.6535506462	78.18570149
chr7	161091220	0.5921691736	78.18582044
chr7	161091254	0.6247709873	78.18584057
chr7	161091394	0.5788460112	78.18592804
chr7	161091563	0.5178824098	78.18602587
chr7	161091589	0.538617433	78.18603933
chr7	161180893	0.5344174643	78.23414002
chr7	161181191	0.5249709253	78.23429928
chr7	161182350	0.4301504094	78.23490772
chr7	161186720	0.3581355675	78.23678748
chr7	161186735	0.2612433484	78.23679285
chr7	161242748	0.2052355086	78.25142587
chr7	161242755	0.1753597005	78.25142731
chr7	161257799	0.1801794794	78.25406542
chr7	161257812	0.2053009789	78.25406776
chr7	161257844	0.1846484297	78.25407433
chr7	161257862	0.1639134063	78.25407766
chr7	161257898	0.2354250455	78.25408356
chr7	161257943	0.3526541851	78.25409415
chr7	161257958	0.3880723457	78.25409944
chr7	161353148	0.3890940875	78.29104005
chr7	161353361	0.3529787909	78.29112293
chr7	161355300	0.4804982248	78.29180735
chr7	161355344	0.4998911518	78.29182849
chr7	161355382	0.4445831807	78.29184749
chr7	161355429	0.4315431205	78.29186838
chr7	161355594	0.4363977227	78.29193959
chr7	161355639	0.447415829	78.29195923
chr7	161355979	0.4576146608	78.29211135
chr7	161355987	0.4545747435	78.29211501
chr7	161356005	0.4438719009	78.29212319
chr7	161395052	0.4187504016	78.30945506
chr7	161396310	0.4168401602	78.30998185
chr7	161396364	0.430197019	78.31000435
chr7	161396645	0.4795729531	78.31012524
chr7	161396656	0.4462775946	78.31013052
chr7	161396692	1.779325323	78.31014658
chr7	161396809	1.828778455	78.31035476
chr7	161396980	1.912052678	78.31066748
chr7	161399339	0.7582460115	78.31517802
chr7	161399430	0.6801205965	78.31524702
chr7	161402229	0.691912961	78.31715067
chr7	161402236	0.7576342774	78.31715552
chr7	161402253	0.9354333417	78.3171684
chr7	161439907	6.158312952	78.3523912
chr7	161440406	6.310752579	78.3554642
chr7	161440566	6.128681331	78.35647392
chr7	161440570	1.132356779	78.35649844
chr7	161441441	1.092196091	78.35748472
chr7	161441507	1.026009249	78.35755681
chr7	161441515	0.9897887721	78.35756501
chr7	161441697	1.04064168	78.35774515
chr7	161444971	1.395158344	78.36115222
chr7	161453423	1.456646004	78.37294409
chr7	161453426	1.1884697	78.37294846
chr7	161454628	1.170940785	78.374377
chr7	161454659	1.108618396	78.3744133
chr7	161454695	1.119590024	78.37445321
chr7	161454696	0.7650733545	78.37445433
chr7	161454733	0.7763522073	78.37448264
chr7	161466470	0.7849671667	78.38359469
chr7	161466516	0.8125876734	78.3836308
chr7	161466525	0.7631345416	78.38363811
chr7	161466944	0.7922460384	78.38395786
chr7	161467009	0.6725740504	78.38400936
chr7	161467036	0.7002014188	78.38402752
chr7	161509494	0.4751498235	78.41375667
chr7	161509502	0.4885509243	78.41376047
chr7	161533072	0.5033916963	78.42527562
chr7	161533124	0.4839987691	78.42530179
chr7	161533170	0.4577232393	78.42532406
chr7	161585374	0.3520884523	78.44921904
chr7	161585387	0.3281249668	78.44922362
chr7	161585773	0.3600985042	78.44935027
chr7	161591339	2.644659881	78.45135458
chr7	161591795	2.658495573	78.45256055
chr7	161591828	2.68631362	78.45264828
chr7	161591979	2.769278781	78.45305391
chr7	161592816	2.803343681	78.4553718
chr7	161592825	0.5171171222	78.45539703
chr7	161691043	0.5654127662	78.50618724
chr7	161691143	0.5516015169	78.50624378
chr7	161693602	0.5245233968	78.50760017
chr7	161694025	0.3991358849	78.50782204
chr7	161694594	0.5611370191	78.50804915
chr7	161704925	0.5361855996	78.51384625
chr7	161746434	0.5139561623	78.53610278
chr7	161746550	0.5026711516	78.5361624
chr7	161749087	0.6230340769	78.53743768
chr7	161750635	1.376884725	78.53840213
chr7	161750648	1.430980321	78.53842003
chr7	161760356	1.14013406	78.55231199
chr7	161760409	1.128855207	78.55237242
chr7	161760571	1.192934804	78.55255529
chr7	161765383	1.178094032	78.5582957
chr7	161766770	0.737339406	78.55992971
chr7	161767862	0.7472425793	78.56073489
chr7	161768486	1.44107928	78.56120117
chr7	161772017	1.522461457	78.56628962
chr7	161773304	1.633374972	78.56824902
chr7	161773455	1.125715984	78.56849566
chr7	161811656	3.302261311	78.61149914
chr7	161813086	3.244068782	78.61622137
chr7	161813246	3.998354824	78.61674042
chr7	161814374	3.851325226	78.62125057
chr7	161814381	3.369045245	78.62127753
chr7	161814382	3.294237779	78.6212809
chr7	161814407	0.324664512	78.62136325
chr7	161814510	0.3475139688	78.62139669
chr7	161814831	0.3686254502	78.62150825
chr7	161814832	0.2853020006	78.62150861
chr7	161823989	0.2972868255	78.62412112
chr7	161826387	0.323350089	78.62483402
chr7	161829884	0.3079736768	78.62596477
chr7	161837021	0.3192052407	78.62816278
chr7	161837279	0.3078682709	78.62824514
chr7	161840982	0.294032579	78.62938517
chr7	161841836	0.3295460959	78.62963628
chr7	161958668	0.1955124316	78.66813781
chr7	161958801	0.2512990541	78.66816381
chr7	161959642	0.2711308509	78.66837515
chr7	161973117	1.539695917	78.67202864
chr7	161973133	1.606246537	78.67205328
chr7	161975950	0.3968001383	78.67657807
chr7	161978139	0.3756886523	78.67744667
chr7	162111600	0.4281064311	78.72758645
chr7	162111659	0.4261586099	78.72761171
chr7	162116270	0.456007881	78.72957673
chr7	162116283	0.433158424	78.72958265
chr7	162143839	0.5284796828	78.74151877
chr7	162143844	0.5328820585	78.74152141
chr7	162143896	0.5988984439	78.74154912
chr7	162143940	1.234138152	78.74157547
chr7	162143984	1.834246686	78.74162977
chr7	162177373	1.771907227	78.80287344
chr7	162177819	1.850057435	78.80366371
chr7	162179877	1.738348676	78.80747113
chr7	162179904	1.642484079	78.80751806
chr7	162179905	1.429166502	78.8075197
chr7	162179906	1.419734362	78.80752113
chr7	162179928	1.536276379	78.80755237
chr7	162179969	1.52608017	78.80761535
chr7	162180008	1.430758912	78.80767487
chr7	162180016	2.177655482	78.80768632
chr7	162182900	2.075631091	78.81396668
chr7	162184600	2.163490079	78.81749525
chr7	162184628	1.961709306	78.81755583
chr7	162184631	1.876889399	78.81756171
chr7	162184632	0.9603572053	78.81756359
chr7	162184644	0.9450914054	78.81757511
chr7	162184647	1.220429634	78.81757795
chr7	162185202	1.136784756	78.81825529
chr7	162185219	1.187824934	78.81827461
chr7	162185271	1.178597053	78.81833638
chr7	162185283	1.207856542	78.81835052
chr7	162185284	1.303077755	78.81835173
chr7	162185507	1.327729887	78.81864232
chr7	162188209	1.431319652	78.82222984
chr7	162188231	1.583486741	78.82226133
chr7	162188250	1.687204276	78.82229142
chr7	162221400	3.284821261	78.87822224
chr7	162221403	3.191022302	78.87823209
chr7	162221491	4.219997803	78.8785129
chr7	162221570	4.052320627	78.87884628
chr7	162221935	3.97417042	78.88032538
chr7	162223823	3.983637174	78.88782861
chr7	162223841	1.243669178	78.88790032
chr7	162223922	1.259588036	78.88800106
chr7	162224466	1.322248005	78.88868627
chr7	162257379	2.458331586	78.93220542
chr7	162257383	2.556611933	78.93221525
chr7	162257404	2.458250934	78.93226894
chr7	162258629	2.282668061	78.9352803
chr7	162258662	2.435621686	78.93535563
chr7	162262526	1.765780116	78.94476687
chr7	162264256	1.264446022	78.94782167
chr7	162292442	1.013741538	78.98346135
chr7	162292454	0.9148551514	78.98347351
chr7	162292463	0.8165748048	78.98348174
chr7	162292541	1.075072734	78.98354544
chr7	162295076	0.8981462139	78.98627075
chr7	162295113	0.6720720359	78.98630398
chr7	162303114	0.2871518437	78.99168123
chr7	162303133	0.2284192612	78.99168668
chr7	162325360	0.2037671295	78.99676376
chr7	162407422	0.173079125	79.0134853
chr7	162407524	0.1542453424	79.01350295
chr7	162416405	0.3476741218	79.0148728
chr7	162423831	0.3191096504	79.01745463
chr7	162433537	0.3159599761	79.02055191
chr7	162434229	0.1929712207	79.02077055
chr7	162438547	0.2140407761	79.0216038
chr7	162439812	0.2227848054	79.02187456
chr7	162440426	0.2350496579	79.02201135
chr7	162440500	0.2546872535	79.02202875
chr7	162550910	0.1746015225	79.05014877
chr7	162602180	0.2005295104	79.05910059
chr7	162602589	0.2386620197	79.0591826
chr7	162616584	0.2153742479	79.06252268
chr7	162616601	0.2482320882	79.06252634
chr7	162616961	0.2293647056	79.0626157
chr7	162617446	0.3766259673	79.06272695
chr7	162617478	0.4618004278	79.062739
chr7	162617496	0.4778978926	79.06274731
chr7	162617540	0.5173576114	79.06276834
chr7	162621762	0.5329616203	79.06495262
chr7	162626171	0.6456342021	79.06730245
chr7	162626177	0.6817919187	79.06730632
chr7	162626204	0.7255891542	79.06732473
chr7	162626773	0.7698224344	79.06773759
chr7	162627110	0.8411547192	79.06799702
chr7	162627118	0.8934841856	79.06800375
chr7	162627130	0.9458231853	79.06801447
chr7	162627147	0.9849990796	79.06803055
chr7	162692872	1.105458692	79.13276962
chr7	162692924	1.113535187	79.1328271
chr7	162693002	0.9645990993	79.13291396
chr7	162693014	1.253615325	79.13292553
chr7	162693652	1.282871832	79.13372534
chr7	162693674	1.258722365	79.13375356
chr7	162696980	1.31411753	79.1379149
chr7	162704707	1.230693834	79.14806908
chr7	162704716	1.186460553	79.14808016
chr7	162704912	1.107583522	79.14831271
chr7	162704923	1.113801876	79.14832489
chr7	162704943	0.8103813946	79.14834717
chr7	162715152	0.7712055005	79.15662035
chr7	162720333	0.7808714351	79.16061596
chr7	162721493	0.4700981127	79.16152178
chr7	162721499	0.5013916761	79.1615246
chr7	162721528	0.4895502209	79.16153914
chr7	162721644	0.6192187959	79.16159592
chr7	162724708	0.6924783379	79.16349321
chr7	162724801	0.7748817071	79.16355761
chr7	162724871	0.8634442684	79.16361185
chr7	162725049	1.01379643	79.16376555
chr7	162808479	0.8726801459	79.24834658
chr7	162808494	0.8314513619	79.24835967
chr7	162808706	0.9683779501	79.24853594
chr7	162808723	1.056714183	79.2485524
chr7	162808724	1.157727172	79.24855346
chr7	162808742	1.075505733	79.2485743
chr7	162808799	1.163941659	79.2486356
chr7	162808824	1.147257533	79.2486647
chr7	162811495	1.254942298	79.25172903
chr7	162811499	2.784114906	79.25173405
chr7	162811527	2.939045683	79.251812
chr7	162812976	2.952133116	79.25607068
chr7	162812977	4.120345345	79.25607363
chr7	162813005	4.090630417	79.256189
chr7	162813130	4.111263747	79.25670033
chr7	162814031	5.100532063	79.26040458
chr7	162816594	5.113827225	79.27347724
chr7	162816620	5.343152392	79.2736102
chr7	162816703	5.714247217	79.27405368
chr7	162823350	4.54785552	79.31203628
chr7	162823480	4.230278885	79.3126275
chr7	162830211	4.320176646	79.34110151
chr7	162831234	4.308587069	79.34552105
chr7	162831458	4.122034688	79.34648618
chr7	162831654	3.721651492	79.34729409
chr7	162831671	3.610726256	79.34735736
chr7	162831747	3.923015618	79.34763178
chr7	162833780	3.516814008	79.35560727
chr7	162833885	3.37988742	79.35597653
chr7	162833924	3.1480193	79.35610835
chr7	162834101	3.144934916	79.35666555
chr7	162834136	3.811903909	79.35677562
chr7	162842710	2.515481297	79.38945889
chr7	162842726	2.487007415	79.38949913
chr7	162842787	1.51451716	79.38965084
chr7	162842855	1.533781233	79.38975383
chr7	162842880	1.436552124	79.38979217
chr7	162842894	1.479227636	79.38981228
chr7	162842953	1.503304692	79.38989956
chr7	162843910	1.51809485	79.39133822
chr7	162844492	1.208024391	79.39222175
chr7	162846723	1.219670248	79.39491686
chr7	162846750	1.229114741	79.39494979
chr7	162846792	1.206431561	79.39500141
chr7	162846801	1.229003304	79.39501227
chr7	162846906	1.244025589	79.39514131
chr7	162847672	1.159386458	79.39609424
chr7	162847745	1.271195001	79.39617887
chr7	162847752	1.21673246	79.39618777
chr7	162847784	1.156769386	79.39622671
chr7	162847919	1.242865264	79.39638287
chr7	162849037	1.334832724	79.39777239
chr7	162849225	1.402346463	79.39802334
chr7	162849240	1.417482714	79.39804438
chr7	162923136	1.370954764	79.50279068
chr7	163033699	1.339714792	79.65436755
chr7	163033716	1.290411061	79.65439033
chr7	163033740	1.189749873	79.6544213
chr7	163034843	1.210860404	79.65573359
chr7	163075912	1.177567873	79.70546242
chr7	163076199	1.152669942	79.70580038
chr7	163076329	1.137900629	79.70595022
chr7	163076410	0.9596937008	79.70604239
chr7	163076527	0.7152804078	79.70615468
chr7	163076689	0.7002832154	79.70627055
chr7	163077016	0.5175789346	79.70649955
chr7	163077226	0.5407946604	79.70660824
chr7	163077253	0.5489064421	79.70662284
chr7	163077255	0.586858412	79.70662394
chr7	163105210	0.5996750231	79.72302956
chr7	163105234	0.5865330142	79.72304396
chr7	163130207	0.6281570174	79.73769145
chr7	163134327	0.6357766592	79.74027945
chr7	163134647	2.009484097	79.7404829
chr7	163135655	1.998049744	79.74250846
chr7	163137127	2.803241252	79.74544959
chr7	163137135	2.201499666	79.74547202
chr7	163138967	2.212697014	79.74950516
chr7	163142218	1.651530812	79.75669864
chr7	163142235	9.613653442	79.75672672
chr7	163142557	9.6602511	79.75982231
chr7	163142670	1.716475286	79.76091392
chr7	163142702	1.856748901	79.76096885
chr7	163142756	1.868497264	79.76106911
chr7	163142766	2.116265225	79.7610878
chr7	163142778	2.162895756	79.76111319
chr7	163142784	2.422259584	79.76112617
chr7	163142785	2.532200517	79.76112859
chr7	163146310	1.980759068	79.7700546
chr7	163147284	2.036335462	79.77198386
chr7	163147315	2.059787787	79.77204699
chr7	163147679	2.077425207	79.77279675
chr7	163169115	1.946489254	79.81732844
chr7	163169160	1.734153596	79.81741603
chr7	163169326	1.806670696	79.8177039
chr7	163211759	2.570429498	79.89436635
chr7	163211763	2.51775545	79.89437664
chr7	163211792	2.746135959	79.89444965
chr7	163211796	2.736691467	79.89446064
chr7	163213036	2.847796077	79.89785413
chr7	163213544	3.022235907	79.89930081
chr7	163213552	3.048904801	79.89932499
chr7	163225519	2.96075096	79.93581124
chr7	163225683	2.688360972	79.9362968
chr7	163225732	2.192396859	79.93642853
chr7	163225739	1.931184235	79.93644388
chr7	163236332	1.629106088	79.95690091
chr7	163236407	1.287163701	79.95702309
chr7	163236637	1.250435909	79.95731914
chr7	163236666	1.207948998	79.9573554
chr7	163236753	1.14361965	79.95746049
chr7	163236811	1.140341122	79.95752682
chr7	163236817	0.9765958251	79.95753367
chr7	163236840	0.9677311082	79.95755613
chr7	163236863	0.8522613797	79.95757839
chr7	163236864	0.9925530939	79.95757924
chr7	163236896	0.9885064056	79.957611
chr7	163236904	1.086274739	79.95761891
chr7	163249968	1.122847079	79.97181
chr7	163249980	1.142051933	79.97182348
chr7	163256159	1.160130128	79.97888021
chr7	163342829	1.147458875	80.07942869
chr7	163342839	1.137417974	80.07944017
chr7	163343154	1.005266088	80.07979845
chr7	163343329	1.045302721	80.07997438
chr7	163343355	0.9598820716	80.08000155
chr7	163344238	0.8651766938	80.08084913
chr7	163354336	0.8728112486	80.08958568
chr7	163354566	0.856954841	80.08978643
chr7	163358619	0.8398440135	80.09325967
chr7	163359368	0.892268763	80.09388871
chr7	163429442	1.102343167	80.15641355
chr7	163429501	0.971418963	80.15647859
chr7	163429503	0.9545036742	80.15648053
chr7	163429563	0.9765331214	80.1565378
chr7	163432716	0.9524863059	80.15961681
chr7	163436207	0.9466274472	80.16294194
chr7	163436216	0.8436334141	80.16295046
chr7	163441623	0.5265163282	80.16751199
chr7	163441716	0.6013704568	80.16756095
chr7	163441955	0.6009490567	80.16770468
chr7	163443169	0.6216054803	80.16843423
chr7	163443209	0.6476923886	80.1684591
chr7	163443269	0.6307710593	80.16849796
chr7	163443367	0.6521590166	80.16855977
chr7	163443370	0.6737398936	80.16856173
chr7	163443426	0.8476151291	80.16859946
chr7	163446868	0.8068313794	80.17151695
chr7	163482234	1.345025979	80.20005135
chr7	163482235	1.430913948	80.2000527
chr7	163482310	1.459188872	80.20016001
chr7	163488640	0.9193157448	80.20939668
chr7	163488655	0.8469940478	80.20941047
chr7	163493200	0.8780044496	80.21326006
chr7	163493204	1.011231866	80.21326357
chr7	163493206	0.9784711986	80.21326559
chr7	163494095	1.016062373	80.21413545
chr7	163525402	1.038957346	80.24594532
chr7	163525414	0.9970173837	80.24595778
chr7	163585289	0.9730195387	80.3056542
chr7	163585292	0.9395654824	80.30565712
chr7	163585810	1.281604061	80.30614381
chr7	163585822	1.248321173	80.30615919
chr7	163586066	1.166682475	80.30646378
chr7	163586631	1.183621618	80.30712296
chr7	163586731	1.571949843	80.30724132
chr7	163586799	1.564330201	80.30734821
chr7	163589011	1.808690153	80.31080851
chr7	163589055	1.744541635	80.3108881
chr7	163589058	1.987815312	80.31089333
chr7	163589133	2.157624251	80.31104242
chr7	163589188	2.125388834	80.31116108
chr7	163603097	1.675541533	80.34072312
chr7	163603120	1.399815133	80.34076166
chr7	163603126	1.378234256	80.34077005
chr7	163603195	4.889367334	80.34086515
chr7	163603230	4.585919565	80.34103628
chr7	163603778	4.394040971	80.34354936
chr7	163604173	0.4180051722	80.34528501
chr7	163604244	0.3065480551	80.34531469
chr7	163604378	0.2449602325	80.34535577
chr7	163604408	0.2235778461	80.34536311
chr7	163604564	0.2746247565	80.34539799
chr7	163656157	0.2548016486	80.35956671
chr7	163656262	0.188112907	80.35959346
chr7	163656330	0.1814068303	80.35960625
chr7	163657353	0.2233169672	80.35979183
chr7	163657748	0.2305897943	80.35988004
chr7	163658039	0.3173674073	80.35994715
chr7	163658235	0.2964763349	80.36000935
chr7	163659032	0.2756856689	80.36024564
chr7	163659199	0.3330637135	80.36029168
chr7	163694706	0.312699903	80.37211777
chr7	163697769	0.2259222901	80.37307557
chr7	163697818	0.629027684	80.37308664
chr7	163713078	1.550619388	80.38268561
chr7	163713372	1.328961	80.38314149
chr7	163716819	0.6309276471	80.38772242
chr7	163716907	0.573036077	80.38777794
chr7	163718392	0.5605750231	80.3886289
chr7	163719286	0.5031969785	80.38913005
chr7	163719315	5.362127791	80.38914464
chr7	163719972	5.35621254	80.39266756
chr7	163720024	0.5066477454	80.39294608
chr7	163720218	0.5399176573	80.39304437
chr7	163725781	0.1686901614	80.39604794
chr7	163725910	1.557761299	80.3960697
chr7	163726043	1.622087094	80.39627688
chr7	163726070	1.672925754	80.39632068
chr7	163728332	1.686535981	80.40010483
chr7	163728364	1.760887638	80.4001588
chr7	163728392	0.4337097745	80.40020811
chr7	163728398	0.4459501982	80.40021071
chr7	163731588	0.4464229281	80.40163329
chr7	163787484	0.4481642148	80.42658655
chr7	163793886	0.3122778064	80.42945569
chr7	163793954	0.3489036828	80.42947693
chr7	163793956	0.4233289181	80.42947763
chr7	163800120	0.4423592854	80.43208703
chr7	163886604	0.3484066103	80.47034403
chr7	163886975	0.3554993796	80.47047329
chr7	163887204	0.340473952	80.4705547
chr7	163887211	0.3684306389	80.47055708
chr7	163981140	0.3645092353	80.5051634
chr7	163981287	0.3043568557	80.50521698
chr7	163981647	0.2907466292	80.50532655
chr7	163981700	0.4033802409	80.50534196
chr7	163981930	31.52610907	80.50543474
chr7	163981931	31.66446173	80.50546626
chr7	163982041	0.7252333387	80.50894936
chr7	163989343	0.7560949546	80.51424501
chr7	163993697	0.7391558118	80.51753705
chr7	164009984	0.6483319908	80.52957568
chr7	164009985	0.6861885755	80.52957633
chr7	164010061	0.6739481516	80.52962848
chr7	164010533	0.6459914645	80.52994658
chr7	164026596	0.56861127	80.54032314
chr7	164027437	0.2266964147	80.54080134
chr7	164101025	0.217444216	80.55748348
chr7	164101057	0.1197578586	80.55749044
chr7	164101505	0.1435195204	80.55754409
chr7	164151553	0.1943147375	80.56472695
chr7	164218922	0.1797602794	80.57781774
chr7	164218931	0.1632600446	80.57781936
chr7	164219065	0.3988099202	80.57784124
chr7	164219069	0.3697950338	80.57784283
chr7	164219427	0.3189998167	80.57797522
chr7	164220607	0.3462815507	80.57835164
chr7	164245698	0.4004221688	80.58704019
chr7	164246599	0.4252246593	80.58740097
chr7	164247239	1.570090721	80.58767311
chr7	164247774	1.450000346	80.58851311
chr7	164247781	1.457959709	80.58852326
chr7	164252595	1.528819323	80.59554188
chr7	164252617	0.8841281181	80.59557551
chr7	164252745	0.2579612885	80.59568868
chr7	164252846	0.2640024945	80.59571474
chr7	164252847	0.2974783142	80.595715
chr7	164253089	0.3691376623	80.59578699
chr7	164253107	0.4408148883	80.59579363
chr7	164301201	0.4444651627	80.61699419
chr7	164301207	0.4360330438	80.61699685
chr7	164301214	0.4991506793	80.61699991
chr7	164301236	0.5622925888	80.61701089
chr7	164301245	0.6256072737	80.61701595
chr7	164301250	0.5547476599	80.61701907
chr7	164301275	0.6301660123	80.61703294
chr7	164346980	0.9370908032	80.64583468
chr7	164346981	1.260264916	80.64583562
chr7	164346989	1.574458335	80.6458457
chr7	164355698	1.447873118	80.65955766
chr7	164355837	7.375399605	80.65975891
chr7	164355838	6.92264593	80.65976629
chr7	164357296	6.5884394	80.66985951
chr7	164357432	6.651392226	80.67075553
chr7	164357434	0.2181067601	80.67076884
chr7	164357470	0.4910169606	80.67077669
chr7	164369654	0.496655566	80.67675924
chr7	164370057	0.5207710808	80.67695939
chr7	164370103	0.2712989827	80.67698335
chr7	164371354	0.3438684512	80.67732274
chr7	164373058	0.2826350638	80.67790869
chr7	164386790	0.3093952439	80.68178984
chr7	164412198	0.2790735451	80.68965095
chr7	164513018	1.564145816	80.71778715
chr7	164513022	1.5400303	80.7177934
chr7	164513027	1.515694861	80.7178011
chr7	164513037	2.182943663	80.71781626
chr7	164515626	2.132286438	80.7234679
chr7	164515651	0.8010863873	80.72352121
chr7	164516173	0.8375497177	80.72393938
chr7	164517200	0.8141116155	80.72479954
chr7	164517219	0.801315816	80.72481501
chr7	164517834	0.8176040936	80.72530782
chr7	164517854	0.7849729646	80.72532417
chr7	164517955	1.628750391	80.72540345
chr7	164518112	1.607293349	80.72565917
chr7	164518161	1.623630793	80.72573792
chr7	164518204	0.9563819907	80.72580774
chr7	164518544	0.9607304849	80.72613291
chr7	164518551	0.9776543278	80.72613963
chr7	164518558	0.994579749	80.72614648
chr7	164518584	1.031887035	80.72617234
chr7	164518593	1.033963812	80.72618162
chr7	164518601	1.054659504	80.7261899
chr7	164518860	1.071603225	80.72646305
chr7	164518895	1.074606882	80.72650056
chr7	164519125	1.091578544	80.72674772
chr7	164519137	1.108553049	80.72676082
chr7	164519171	1.145925277	80.72679851
chr7	164520216	1.1664949	80.727996
chr7	164522041	3.52350106	80.73012485
chr7	164522056	3.5402967	80.7301777
chr7	164523131	0.3772925133	80.73398352
chr7	164528332	0.3950698964	80.73594582
chr7	164531132	0.4125095225	80.73705202
chr7	164531166	0.5472457699	80.73706604
chr7	164601222	0.6234255347	80.77540389
chr7	164601280	0.6646582591	80.77544005
chr7	164601281	0.7478750161	80.77544072
chr7	164601354	0.7877454316	80.77549531
chr7	164602879	0.82979332	80.77669662
chr7	164683082	0.7876462244	80.84324854
chr7	164684391	0.8999032293	80.84427957
chr7	164684423	0.8924867535	80.84430836
chr7	164684478	0.8699987906	80.84435745
chr7	164684873	0.8279509022	80.8447011
chr7	164684895	0.786718174	80.84471931
chr7	164685102	0.7979043319	80.84488216
chr7	164685160	0.776768385	80.84492844
chr7	164685190	0.7560726931	80.84495175
chr7	164685228	0.7150030355	80.84498048
chr7	164685270	0.8081884661	80.84501051
chr7	164687826	0.7276632872	80.84707624
chr7	164722246	0.7091022908	80.87212241
chr7	164722256	0.8849782643	80.8721295
chr7	164722268	0.740119944	80.87214012
chr7	164722273	0.7116387707	80.87214382
chr7	164722338	0.6946950491	80.87219007
chr7	164722385	0.6662402029	80.87222273
chr7	164722390	1.347464183	80.87222606
chr7	164722465	2.060382827	80.87232712
chr7	164722539	3.604990736	80.87247958
chr7	164722548	3.595810817	80.87251203
chr7	164723615	4.214227779	80.87634876
chr7	164725601	4.249430403	80.88471822
chr7	164725769	6.499870718	80.88543212
chr7	164726147	5.544306815	80.88788907
chr7	164726677	5.608829567	80.89082755
chr7	164727301	2.645470607	80.89432746
chr7	164727328	2.628674967	80.89439889
chr7	164727357	4.528898043	80.89447512
chr7	164727386	6.44002585	80.89460646
chr7	164727451	5.758801869	80.89502506
chr7	164727459	5.757780128	80.89507113
chr7	164727961	5.829905706	80.89796154
chr7	164727982	5.865985476	80.89808397
chr7	164728042	5.882910316	80.89843593
chr7	164728057	10.31589788	80.89852417
chr7	164728255	10.3353799	80.90056672
chr7	164728392	9.746335896	80.90198266
chr7	164728493	9.765844152	80.90296704
chr7	164728528	9.782437141	80.90330885
chr7	164728824	5.944051748	80.90620445
chr7	164729190	1.413678429	80.90837997
chr7	164729485	1.466972599	80.90879701
chr7	164729500	1.559585911	80.90881901
chr7	164729511	1.65212616	80.90883617
chr7	164729529	1.688799648	80.90886591
chr7	164729564	1.781349469	80.90892501
chr7	164735085	1.794811006	80.91875985
chr7	164738136	1.812618231	80.92423581
chr7	164739543	1.853640488	80.92678617
chr7	164739620	1.915079003	80.9269289
chr7	164739634	1.956238386	80.92695571
chr7	164740138	1.781300774	80.92794165
chr7	164740167	1.477353444	80.92799331
chr7	164751084	1.525156812	80.94412158
chr7	164769293	1.44425587	80.97189316
chr7	164822346	1.442159379	81.04851527
chr7	164823206	1.39435601	81.04975552
chr7	164823398	19.64823667	81.05002324
chr7	164823506	19.6904431	81.05214525
chr7	164823539	19.44398189	81.05279503
chr7	164823587	1.264330078	81.05372834
chr7	164904727	1.202165844	81.15631609
chr7	164905152	1.312827842	81.15682701
chr7	164905192	1.270621411	81.15687952
chr7	164905222	2.196889961	81.15691764
chr7	164905260	2.157733499	81.15700112
chr7	164905859	2.280126008	81.1582936
chr7	164908996	1.30596007	81.16544636
chr7	164909009	1.248405686	81.16546334
chr7	164909045	1.40097791	81.16550828
chr7	164931631	1.209532606	81.19715077
chr7	164931642	1.056960382	81.19716407
chr7	164931650	1.80175938	81.19717253
chr7	164931723	1.671663363	81.19730405
chr7	164931747	1.571687061	81.19734417
chr7	164931751	1.52283696	81.19735046
chr7	164931782	1.50657472	81.19739767
chr7	164931881	1.489595869	81.19754682
chr7	164933044	1.47265889	81.19927922
chr7	164933096	1.544651927	81.1993558
chr7	164933136	1.526788144	81.19941758
chr7	164934028	1.38759443	81.20077948
chr7	164934063	1.293985625	81.20082805
chr7	164936138	1.229985505	81.20351307
chr7	164936155	1.135479747	81.20353397
chr7	164936222	1.118801916	81.20361005
chr7	164936279	0.3740029179	81.20367382
chr7	164936305	0.4092817463	81.20368355
chr7	164936307	0.2820267594	81.20368437
chr7	164936376	0.2514592877	81.20370383
chr7	164938162	0.31493367	81.20415293
chr7	164938169	0.3300146699	81.20415514
chr7	164980980	0.5230319431	81.2182834
chr7	164980983	0.7160816438	81.21828496
chr7	164980985	0.6002802403	81.2182864
chr7	164981095	0.9288289323	81.21835243
chr7	164991198	0.9153673956	81.22773639
chr7	164992478	0.8518930131	81.22890806
chr7	164992561	0.9147414109	81.22897876
chr7	164992737	0.9200387043	81.22913976
chr7	164993224	0.9559950537	81.22958782
chr7	164993311	0.6625827527	81.22967099
chr7	164993812	0.6989301154	81.23000294
chr7	164994148	0.773476848	81.23023778
chr7	164994283	0.8074822784	81.2303422
chr7	164994316	0.8451399692	81.23036885
chr7	164998842	0.5694585549	81.23419395
chr7	165003584	0.5886192216	81.23689432
chr7	165047407	0.6665852458	81.26268939
chr7	165047418	0.6037368482	81.26269672
chr7	165047446	0.4182711348	81.26271362
chr7	165085869	0.380613444	81.27878485
chr7	165086232	0.2523614776	81.27892302
chr7	165086487	0.2619062174	81.27898737
chr7	165086616	0.2488080458	81.27902115
chr7	165086645	0.1742613131	81.27902837
chr7	165089109	0.1383049637	81.27945775
chr7	165092339	0.176364648	81.27990448
chr7	165092369	0.9924804279	81.27990977
chr7	165092372	1.929972246	81.27991274
chr7	165093592	1.9685308	81.28226731
chr7	165095443	2.007940902	81.28591106
chr7	165095669	3.356317513	81.28636485
chr7	165096270	2.7042646	81.288382
chr7	165096280	2.7830764	81.28840904
chr7	165096322	2.821575965	81.28852593
chr7	165096683	2.866946671	81.28954452
chr7	165096797	2.088339046	81.28987135
chr7	165096913	2.127086976	81.2901136
chr7	165097852	2.208048031	81.29211094
chr7	165097864	2.378012951	81.29213743
chr7	165097865	2.554561052	81.29213981
chr7	165097921	2.556815608	81.29228287
chr7	165097961	2.597393671	81.29238514
chr7	165098045	2.798404469	81.29260332
chr7	165098058	2.839028911	81.2926397
chr7	165098308	2.076599866	81.29334946
chr7	165157399	2.368481374	81.41605782
chr7	165157630	2.599639664	81.41660494
chr7	165157646	2.721655327	81.41664653
chr7	165172672	2.67865505	81.45754213
chr7	165172937	2.586533237	81.45825197
chr7	165175367	2.611214158	81.46453724
chr7	165179604	2.56880525	81.47560096
chr7	165180009	2.526741972	81.47664133
chr7	165180179	2.740355179	81.47707087
chr7	165181624	5.182944677	81.48103068
chr7	165181696	5.196526006	81.48140386
chr7	165181746	5.013228882	81.48166368
chr7	165181758	4.871692918	81.48172384
chr7	165181761	6.680077036	81.48173846
chr7	165181766	6.639746753	81.48177186
chr7	165181791	7.085107472	81.48193785
chr7	165182925	6.669561447	81.48997236
chr7	165183006	10.05945679	81.4905126
chr7	165183519	10.01611644	81.4956731
chr7	165184287	5.882452579	81.50336548
chr7	165184290	5.843283359	81.50338312
chr7	165185873	4.677826917	81.51263304
chr7	165185890	4.599911995	81.51271256
chr7	165185902	5.735783237	81.51276776
chr7	165186056	6.097667197	81.51365107
chr7	165186073	6.570923829	81.51375473
chr7	165187018	5.146173853	81.51996426
chr7	165187049	5.069593892	81.52012379
chr7	165187128	7.60790168	81.52052429
chr7	165187169	8.889257661	81.52083621
chr7	165187440	7.51891227	81.5232452
chr7	165188324	6.991180054	81.52989192
chr7	165188363	7.630941525	81.53016457
chr7	165190260	7.231720292	81.54464047
chr7	165190325	5.11292129	81.54511053
chr7	165190463	5.125015296	81.54581611
chr7	165190914	4.104559686	81.5481275
chr7	165190916	4.067508636	81.54813571
chr7	165190919	4.089388769	81.54814791
chr7	165193206	3.607196522	81.55750034
chr7	165193358	3.13393989	81.55804863
chr7	165193661	2.934487796	81.55899822
chr7	165193663	1.724769695	81.55900409
chr7	165193752	1.085008225	81.55915759
chr7	165193816	1.097595343	81.55922703
chr7	165193849	1.119770449	81.55926325
chr7	165196713	0.8660995526	81.56247028
chr7	165196726	0.5279390824	81.56248153
chr7	165196787	0.6221427292	81.56251374
chr7	165196796	0.7373458347	81.56251934
chr7	165234097	0.7521199577	81.59002307
chr7	165240743	0.7687777241	81.59502166
chr7	165240747	0.8017471094	81.59502474
chr7	165317492	0.7181951231	81.65655482
chr7	165343534	0.7173979607	81.67525806
chr7	165345319	0.5444316695	81.67653861
chr7	165348147	0.5733153745	81.67807827
chr7	165348490	0.620816298	81.67827491
chr7	165348557	0.5981109253	81.67831651
chr7	165348570	0.5758545101	81.67832428
chr7	165348698	0.6106773952	81.67839799
chr7	165349094	0.5884960121	81.67863982
chr7	165349324	0.5663209066	81.67877518
chr7	165349327	0.5445570702	81.67877687
chr7	165349358	0.5219689199	81.67879376
chr7	165349386	0.5498801151	81.67880837
chr7	165397169	0.5326746048	81.70508329
chr7	165435550	0.5190932768	81.72552788
chr7	165435551	0.5191817959	81.7255284
chr7	165447481	0.5055986481	81.73172223
chr7	165447699	0.5116915361	81.73183246
chr7	165447704	0.4768686509	81.73183501
chr7	165447714	0.5899762135	81.73183978
chr7	165447731	0.576582297	81.73184981
chr7	165448033	1.379344738	81.73202394
chr7	165448034	1.330991846	81.73202532
chr7	165466866	1.295882875	81.75709056
chr7	165467084	1.901308442	81.75737306
chr7	165467112	2.474869342	81.7574263
chr7	165467456	4.873643193	81.75827765
chr7	165467511	4.844759488	81.7585457
chr7	165467544	4.86206909	81.75870558
chr7	165467561	5.481931471	81.75878823
chr7	165467594	5.469280413	81.75896914
chr7	165467628	5.505014533	81.75915509
chr7	165467642	5.887282474	81.75923216
chr7	165467721	5.874695356	81.75969726
chr7	165472909	5.834298105	81.79017518
chr7	165473055	5.85200946	81.79102699
chr7	165473108	4.039749754	81.79133714
chr7	165473116	3.46818567	81.79136946
chr7	165473123	2.187634105	81.79139374
chr7	165475536	2.106828429	81.7966725
chr7	165475557	2.139370219	81.79671674
chr7	165476661	1.551302793	81.79907861
chr7	165481609	1.810959562	81.80675445
chr7	165481907	1.172413957	81.80729412
chr7	165567072	1.182999881	81.90714275
chr7	165567496	1.142857897	81.90764435
chr7	165568901	1.108996415	81.90925006
chr7	165569138	1.093592564	81.90951289
chr7	165570772	1.126089897	81.91129982
chr7	165570967	1.08996249	81.91151941
chr7	165571005	1.088886145	81.91156083
chr7	165575054	1.13997113	81.91596973
chr7	165632284	1.07132654	81.98121028
chr7	165632335	1.257872146	81.98126492
chr7	165642543	1.206787161	81.99410527
chr7	165642618	1.219986477	81.99419578
chr7	165643574	1.724993417	81.99536209
chr7	165653957	2.558902614	82.0132727
chr7	165657120	2.194213545	82.02136651
chr7	165666185	1.889258031	82.04125705
chr7	165666719	1.435276843	82.04226592
chr7	165666721	4.886942001	82.04226879
chr7	165667419	4.868972447	82.04567987
chr7	165667648	4.875648255	82.04679487
chr7	165667714	3.049546116	82.04711666
chr7	165668172	3.033908489	82.04851335
chr7	165672082	3.001191883	82.06037593
chr7	165675826	2.179323758	82.0716124
chr7	165675828	1.837398168	82.07161675
chr7	165675891	4.221202362	82.07173251
chr7	165675948	4.145321157	82.07197312
chr7	165675970	4.343669978	82.07206432
chr7	165676008	4.43401651	82.07222938
chr7	165676079	7.9094949	82.07254419
chr7	165676863	4.312349893	82.07874523
chr7	165676870	4.338966286	82.07877542
chr7	165676917	4.322048837	82.07897935
chr7	165676975	4.288223566	82.07923003
chr7	165677071	0.8394029329	82.0796417
chr7	165677075	1.134249622	82.07964506
chr7	165712141	1.035930037	82.11941866
chr7	165712149	0.620208643	82.11942694
chr7	165712173	0.681522578	82.11944183
chr7	165715271	0.7206869015	82.12155318
chr7	165716047	0.7797684534	82.12211244
chr7	165740200	1.463984722	82.14094619
chr7	165740423	3.528575177	82.14127265
chr7	165741065	3.390767417	82.143538
chr7	165742944	3.33935026	82.14990925
chr7	165743055	2.029443511	82.15027992
chr7	165743080	2.01692863	82.15033066
chr7	165744471	1.209699746	82.1531362
chr7	165744689	0.6739820344	82.15339992
chr7	165745488	0.7897850338	82.15393843
chr7	165745494	0.808160577	82.15394317
chr7	165745532	8.471516449	82.15397388
chr7	165745908	8.570200823	82.15715917
chr7	165745970	8.713692503	82.15769052
chr7	165745979	1.088778667	82.15776894
chr7	165746028	1.232617565	82.15782229
chr7	165746147	1.376666808	82.15796898
chr7	165765969	1.397293286	82.18525726
chr7	165767442	1.395551999	82.18731548
chr7	165768976	1.635456986	82.18945625
chr7	165769997	1.084012513	82.19112606
chr7	165770081	1.233955582	82.19121711
chr7	165770147	1.242824404	82.19129855
chr7	165770186	1.586258484	82.19134702
chr7	165783297	1.626147351	82.21214446
chr7	165783309	1.649161306	82.21216397
chr7	165783347	0.8643509965	82.21222664
chr7	165784075	0.7740197008	82.21285589
chr7	165784433	0.7826676198	82.21313299
chr7	165784464	0.7590185263	82.21315725
chr7	165784474	0.8624996784	82.21316484
chr7	165784560	0.892800758	82.21323902
chr7	165798226	0.887098022	82.22544003
chr7	165798300	0.8973808857	82.22550568
chr7	165803302	0.8582165621	82.22999438
chr7	165803364	0.8527266083	82.23004758
chr7	165803902	0.7941788487	82.23050635
chr7	165803923	4.840745238	82.23052303
chr7	165803956	4.803191734	82.23068277
chr7	165803970	4.846186834	82.23075002
chr7	165804775	0.7996204447	82.2346512
chr7	165806402	0.7463462936	82.23595218
chr7	165806549	0.7098150297	82.23606189
chr7	165869257	0.7150709517	82.28057298
chr7	165869414	0.6218001296	82.28068524
chr7	165869509	0.5812559471	82.28074431
chr7	165869729	0.5050335182	82.28087219
chr7	165871561	0.4896914305	82.28179741
chr7	165871562	0.5107265326	82.2817979
chr7	165874105	0.5158865093	82.28309668
chr7	165903819	0.5026871932	82.29842573
chr7	165933107	0.5179732327	82.31314843
chr7	165933117	0.4192610446	82.31315361
chr7	165933153	0.4309747723	82.31316871
chr7	165933161	0.4371068162	82.31317215
chr7	165933702	0.4431464464	82.31340863
chr7	166035463	0.4221113425	82.35850365
chr7	166036155	0.3330572095	82.35879575
chr7	166114701	0.3419299112	82.38495607
chr7	166114895	0.3582750043	82.3850224
chr7	166116637	0.3742798441	82.38564652
chr7	166158634	0.3532664554	82.40136515
chr7	166158651	0.515492725	82.40137115
chr7	166158690	0.5066184932	82.40139126
chr7	166158724	0.6224560958	82.40140848
chr7	166158758	0.6207270756	82.40142964
chr7	166158800	0.6401381878	82.40145571
chr7	166158861	0.6501830109	82.40149476
chr7	166158888	0.6321062471	82.40151232
chr7	166159215	0.7764389203	82.40171902
chr7	166159519	0.7864314558	82.40195505
chr7	166159600	0.7968878266	82.40201876
chr7	166178701	2.361251986	82.41724011
chr7	166180872	2.371945765	82.42236639
chr7	166183048	2.35815126	82.42752774
chr7	166183102	0.6317631431	82.42765508
chr7	166183104	0.5281224075	82.42765635
chr7	166183219	0.8613902059	82.42771708
chr7	166183555	0.9173344693	82.42800651
chr7	166184086	0.949301949	82.42849361
chr7	166184091	0.9426261419	82.42849836
chr7	166184097	1.054904481	82.42850401
chr7	166186778	1.073535606	82.43133221
chr7	166186966	1.183741288	82.43153404
chr7	166187025	1.228385264	82.43160388
chr7	166209895	1.268523706	82.45969705
chr7	166217329	1.292688172	82.46912725
chr7	166217701	1.303890141	82.46960813
chr7	166218250	0.9276796575	82.47032397
chr7	166218252	0.9845821336	82.47032582
chr7	166219767	1.028594734	82.47181747
chr7	166219844	1.054223474	82.47189667
chr7	166220277	1.129639087	82.47235315
chr7	166220347	1.073263822	82.47243222
chr7	166221321	1.133738121	82.47347758
chr7	166221422	1.170360897	82.47359209
chr7	166221466	1.195463601	82.47364358
chr7	166292220	1.2117988	82.55822742
chr7	166292382	1.357539134	82.55842373
chr7	166296357	1.397395948	82.56381995
chr7	166297933	1.414185617	82.56602224
chr7	166435877	1.390159173	82.76110066
chr7	166488147	1.465967229	82.83376428
chr7	166488382	1.249295588	82.83410878
chr7	166489320	1.357111657	82.83528062
chr7	166489325	1.264526431	82.83528741
chr7	166489382	1.238942088	82.83535949
chr7	166489403	1.330862086	82.83538551
chr7	166489417	2.158753648	82.83540414
chr7	166489448	2.646148984	82.83547106
chr7	166489464	2.671209312	82.8355134
chr7	166489468	2.753812085	82.83552408
chr7	166495364	3.189785096	82.85176056
chr7	166495371	3.636979605	82.85178289
chr7	166495376	4.170255069	82.85180107
chr7	166495400	4.164123025	82.85190116
chr7	166495421	4.603261296	82.8519886
chr7	166497037	4.581292874	82.85942747
chr7	166497168	4.556342993	82.86002762
chr7	166497446	5.314341951	82.86129429
chr7	166502090	4.331446715	82.88597409
chr7	166503091	4.34314741	82.89030987
chr7	166503272	3.852175233	82.89109598
chr7	166503278	4.163477865	82.89111909
chr7	166503283	4.301245678	82.89113991
chr7	166504539	4.278331505	82.89654227
chr7	166504544	4.262299338	82.89656367
chr7	166504548	4.252331991	82.89658071
chr7	166504549	4.449229457	82.89658497
chr7	166504583	4.7767323	82.89673624
chr7	166506709	4.899329361	82.90689157
chr7	166517063	6.059933087	82.95761923
chr7	166517085	5.901119941	82.95775255
chr7	166517091	6.130421392	82.95778796
chr7	166518187	5.637854466	82.9645069
chr7	166519615	5.667810801	82.97255775
chr7	166520560	7.845330936	82.97791383
chr7	166521876	7.337514471	82.98823829
chr7	166522059	7.632860174	82.98958106
chr7	166522069	5.348118911	82.98965738
chr7	166522071	6.030122279	82.98966808
chr7	166522074	34.67986486	82.98968617
chr7	166522080	34.77485579	82.98989425
chr7	166522195	7.58797897	82.99389336
chr7	166522198	7.666999703	82.99391612
chr7	166524650	8.477338106	83.01271561
chr7	166525217	9.028427926	83.01752226
chr7	166525475	11.58775684	83.01985159
chr7	166525478	11.61780167	83.01988635
chr7	166525512	12.22329422	83.02028136
chr7	166531156	11.95745456	83.08926963
chr7	166531205	9.533079236	83.08985555
chr7	166531206	7.697161957	83.08986508
chr7	166531261	8.000948596	83.09028842
chr7	166531398	8.107688236	83.09138455
chr7	166531414	7.105658358	83.09151428
chr7	166531441	6.983265849	83.09170613
chr7	166531957	7.080894964	83.09530949
chr7	166532312	6.894356092	83.09782321
chr7	166532335	8.33589077	83.09798178
chr7	166532368	9.583854984	83.09825687
chr7	166534758	9.388576059	83.12116228
chr7	166534808	8.787317917	83.12163171
chr7	166534810	8.824640913	83.12164928
chr7	166534831	8.630192323	83.1218346
chr7	166534849	13.14763183	83.12198994
chr7	166534922	15.2101393	83.12294972
chr7	166536330	15.4438958	83.1443656
chr7	166536358	14.40222352	83.14479803
chr7	166536369	14.67010847	83.14495645
chr7	166536377	12.4168027	83.14507381
chr7	166536393	13.00424086	83.14527248
chr7	166536398	13.12765395	83.1453375
chr7	166536404	10.06274745	83.14541627
chr7	166536650	10.0521962	83.1478917
chr7	166536853	9.289098683	83.1499323
chr7	166536867	8.766141447	83.15006235
chr7	166541349	8.382256071	83.18935219
chr7	166541536	8.524065653	83.19091968
chr7	166542259	8.490413289	83.19708257
chr7	166542262	7.666184977	83.19710805
chr7	166542373	7.091189219	83.19795899
chr7	166542456	6.498460133	83.19854756
chr7	166542459	4.562412724	83.19856706
chr7	166542610	3.956331078	83.19925598
chr7	166565766	3.727009761	83.29086878
chr7	166565791	3.783222152	83.29096196
chr7	166565828	3.340660507	83.29110194
chr7	166565848	3.317142756	83.29116875
chr7	166565856	3.362517146	83.29119529
chr7	166565864	2.858040394	83.29122219
chr7	166565867	2.617360218	83.29123076
chr7	166565897	2.676555894	83.29130928
chr7	166565936	2.855450549	83.29141367
chr7	166566721	2.70231792	83.2936552
chr7	166566733	2.772211154	83.29368763
chr7	166566756	2.880000403	83.29375139
chr7	166567271	2.759998012	83.29523459
chr7	166624139	2.677709865	83.45219015
chr7	166624182	2.496115216	83.45230529
chr7	166624374	2.463647263	83.45278455
chr7	166624431	2.404707618	83.45292498
chr7	166624584	2.312391792	83.4532929
chr7	166626156	2.797572307	83.45692798
chr7	166626978	2.816317615	83.45922758
chr7	166627030	2.74724811	83.45937403
chr7	166627039	2.558627755	83.45939876
chr7	166627110	2.360153581	83.45958042
chr7	166627124	2.446646827	83.45961346
chr7	166627184	2.276599626	83.45976026
chr7	166628272	2.268359033	83.4622372
chr7	166634705	3.330852061	83.47682955
chr7	166635137	3.281088423	83.47826848
chr7	166635497	4.961870808	83.47944967
chr7	166639324	4.141020474	83.49843875
chr7	166639364	4.161130333	83.49860439
chr7	166640226	3.876221342	83.50219129
chr7	166640228	4.099458494	83.50219904
chr7	166640229	3.945572808	83.50220314
chr7	166640245	4.241131538	83.50226627
chr7	166640259	4.58408136	83.50232564
chr7	166641210	4.927578424	83.50668511
chr7	166641212	5.305861785	83.50669496
chr7	166641255	5.35926594	83.50692311
chr7	166641415	6.173006463	83.5077806
chr7	166641423	6.19335549	83.50782998
chr7	166641432	6.234434446	83.50788572
chr7	166648504	5.771617922	83.55197564
chr7	166650061	5.812070291	83.56096205
chr7	166650085	5.027924788	83.56110154
chr7	166650306	4.809497002	83.56221271
chr7	166650312	3.033623553	83.56224157
chr7	166650326	2.871403015	83.56228404
chr7	166650338	2.650864758	83.56231849
chr7	166650402	2.696834365	83.56248815
chr7	166650426	2.719576356	83.56255287
chr7	166650464	2.531933032	83.56265622
chr7	166650544	2.321249585	83.56285877
chr7	166655672	2.178539624	83.57476214
chr7	166655676	1.534114475	83.57477085
chr7	166655678	1.560478991	83.57477392
chr7	166659163	1.612561029	83.58021219
chr7	166659165	1.716455151	83.58021542
chr7	166659185	1.742711945	83.58024975
chr7	166660719	1.694320005	83.58292307
chr7	166660720	2.049800589	83.58292476
chr7	166660727	2.135644541	83.58293911
chr7	166725360	1.943114174	83.72097222
chr7	166725397	1.92487521	83.72104412
chr7	166725401	1.702601563	83.72105182
chr7	166725482	1.519941749	83.72118973
chr7	166725534	1.278971765	83.72126877
chr7	166730915	1.322102741	83.72815091
chr7	166733212	1.280517397	83.73118778
chr7	166735289	1.212797019	83.73384742
chr7	166735828	1.228553999	83.73450111
chr7	166735898	1.192064104	83.73458711
chr7	166735900	1.18643384	83.7345895
chr7	166736035	1.36125419	83.73474967
chr7	166766385	1.303772896	83.77606373
chr7	166766427	1.208615598	83.77611849
chr7	166766463	1.226960537	83.776162
chr7	166766477	1.194358414	83.77617918
chr7	166766811	1.200059278	83.77657809
chr7	166766927	1.217506141	83.7767173
chr7	166787638	1.19634378	83.80193307
chr7	166787728	1.177101912	83.80204074
chr7	166789117	1.129933384	83.80367573
chr7	166790491	1.054405444	83.80522826
chr7	166790512	1.039053882	83.80525041
chr7	166808942	0.9809165276	83.82440017
chr7	166810799	0.9691780848	83.82622173
chr7	166810806	1.042747997	83.82622852
chr7	166810850	1.066974558	83.8262744
chr7	166810900	1.085135035	83.82632774
chr7	166915042	1.23894077	83.93933588
chr7	166915387	1.251893091	83.93976331
chr7	166915468	1.243802769	83.93986472
chr7	166917148	1.230617031	83.9419543
chr7	166917151	0.8724414146	83.941958
chr7	166917286	0.7228585377	83.94207578
chr7	166952703	0.6660090094	83.96767726
chr7	166953366	0.6451944948	83.96811882
chr7	166953865	0.4675845953	83.96844077
chr7	166954399	0.4492396547	83.96869046
chr7	166954405	0.3324873538	83.96869316
chr7	166954442	0.3263132876	83.96870546
chr7	166954631	0.3105563073	83.96876713
chr7	166956338	0.3063305939	83.96929725
chr7	166958587	0.2915370724	83.96998619
chr7	166958629	0.3162684276	83.96999844
chr7	166958956	0.3235801035	83.97010185
chr7	166960321	0.3310262489	83.97054354
chr7	166960553	0.3382266803	83.97062034
chr7	166964537	0.2804299728	83.97196783
chr7	167094745	0.3214312519	84.00848206
chr7	167096985	0.2962038727	84.00920207
chr7	167097033	0.3347413977	84.00921628
chr7	167097088	0.3732953409	84.0092347
chr7	167097108	0.4409014663	84.00924216
chr7	167098024	0.678246667	84.00964603
chr7	167098034	0.6535153123	84.00965281
chr7	167105106	0.7762618715	84.01427447
chr7	167107988	0.8126512962	84.01651166
chr7	167109342	0.9507612168	84.01761199
chr7	167171895	1.365045591	84.07708495
chr7	167171913	1.272308898	84.07710952
chr7	167171954	1.289988554	84.07716169
chr7	167178832	1.248987274	84.08603423
chr7	167180217	3.505372663	84.08776408
chr7	167181456	0.6814227286	84.09210723
chr7	167181546	0.6336736486	84.09216856
chr7	167181569	2.783240377	84.09218314
chr7	167187240	2.802076012	84.10796689
chr7	167188618	2.558276661	84.11182815
chr7	167188670	2.592832193	84.11196118
chr7	167202922	2.351803491	84.14891423
chr7	167202932	1.273084849	84.14893775
chr7	167202947	1.111840451	84.14895684
chr7	167212596	1.39911909	84.15968499
chr7	167212690	1.524819485	84.15981651
chr7	167212723	1.142634123	84.15986683
chr7	167216521	1.159626651	84.16420655
chr7	167216874	2.726679211	84.1646159
chr7	167216961	4.417407812	84.16485312
chr7	167217046	4.433263709	84.1652286
chr7	167217064	4.462502352	84.1653084
chr7	167221117	2.871590322	84.18339492
chr7	167221357	2.960993011	84.1840841
chr7	167221400	2.236533529	84.18421143
chr7	167221979	2.325862106	84.18550638
chr7	167222558	1.757112725	84.18685305
chr7	167287877	1.799054728	84.3016259
chr7	167288411	1.747638339	84.30258659
chr7	167288442	2.114909579	84.30264077
chr7	167288733	2.339182187	84.30325621
chr7	167308771	2.167633806	84.35012874
chr7	167310087	2.28043461	84.35298135
chr7	167311510	2.242173878	84.35622641
chr7	167311517	2.203916118	84.3562421
chr7	167311546	2.054691977	84.35630602
chr7	167312043	3.560859241	84.3573272
chr7	167312062	3.378642265	84.35739485
chr7	167312091	3.40344652	84.35749283
chr7	167312118	3.34630855	84.35758473
chr7	167313746	3.369702898	84.36303252
chr7	167313768	3.430929582	84.36310665
chr7	167313863	1.536602899	84.36343259
chr7	167333879	1.49229514	84.39418923
chr7	167334979	1.463056497	84.39583076
chr7	167334998	1.467615068	84.39585856
chr7	167370078	0.598533761	84.44734249
chr7	167370280	0.5781769538	84.4474634
chr7	167370319	0.5360689801	84.44748594
chr7	167430486	0.2339297891	84.47973961
chr7	167433289	0.2321709205	84.48039531
chr7	167434484	0.2163150233	84.48067276
chr7	167436829	0.2289363321	84.48118002
chr7	167437165	1.844520863	84.48125694
chr7	167437534	3.888192803	84.48193757
chr7	167438461	7.681014105	84.48554192
chr7	167439221	3.960457649	84.49137949
chr7	167439235	45.46291958	84.49143494
chr7	167439318	3.924671833	84.49520836
chr7	167439328	3.929395878	84.49524761
chr7	167439368	3.931013929	84.49540478
chr7	167439370	0.1381926292	84.49541264
chr7	167440562	0.1532761014	84.49557737
chr7	167440579	0.152621051	84.49557998
chr7	167440618	0.1874943057	84.49558593
chr7	167440660	0.1964583617	84.4955938
chr7	167441419	0.1500817104	84.49574292
chr7	167441614	0.1885533514	84.49577218
chr7	167441656	0.3150301904	84.4957801
chr7	167441862	0.3535878821	84.495845
chr7	167442081	0.4074356107	84.49592243
chr7	167530606	0.4322969751	84.53199067
chr7	167531002	0.4572576956	84.53216186
chr7	167531230	0.3281355152	84.53226611
chr7	167531278	0.3010702636	84.53228186
chr7	167531292	0.3127978854	84.53228608
chr7	167539481	0.285596137	84.53484758
chr7	167539808	0.2935780292	84.53494097
chr7	167542518	0.3410557088	84.53573657
chr7	167669126	0.2912338996	84.57891695
chr7	167669135	0.2761504276	84.57891957
chr7	167669282	0.2826426266	84.57896016
chr7	167675568	0.4030730736	84.58073686
chr7	167675572	0.515602153	84.58073847
chr7	167675601	0.5838854732	84.58075342
chr7	167754689	0.742350582	84.62693175
chr7	167773155	0.8026530773	84.64064
chr7	167825256	2.161793381	84.68245903
chr7	167825271	2.117057418	84.68249146
chr7	167825277	2.09497831	84.68250416
chr7	167825642	1.979309943	84.68326883
chr7	167826032	1.904624306	84.68404076
chr7	167830286	1.836734156	84.69214303
chr7	167830299	1.107480551	84.69216691
chr7	167830328	0.9705013682	84.69219902
chr7	167830360	0.2727430139	84.69223008
chr7	167830414	0.250473085	84.69224481
chr7	167830432	3.157864803	84.69224931
chr7	167830438	3.275151731	84.69226826
chr7	167830441	3.367360863	84.69227809
chr7	167830454	3.465447762	84.69232186
chr7	167830490	3.490295688	84.69244662
chr7	167830590	8.538135459	84.69279565
chr7	167830653	8.561238552	84.69333355
chr7	167831271	8.586227132	84.6986244
chr7	167831273	3.593698793	84.69864157
chr7	167831277	3.618613335	84.69865594
chr7	167831432	3.642352092	84.69921683
chr7	167831598	3.686767596	84.69982146
chr7	167831647	0.9696542319	84.70000211
chr7	167969241	5.1071904	84.83342072
chr7	167969253	4.983002862	84.833482
chr7	167969649	5.162149371	84.83545527
chr7	167969657	5.648683361	84.83549657
chr7	167969749	6.59842677	84.83601625
chr7	167969860	7.62628887	84.83674867
chr7	167971712	8.228257424	84.85087256
chr7	167971745	5.466541855	84.85114409
chr7	167971804	5.619080902	84.85146662
chr7	167973135	6.166648355	84.85894561
chr7	167975414	5.558056199	84.87299941
chr7	167975541	4.125107502	84.87370528
chr7	167976398	3.056126395	84.8772405
chr7	167976666	3.032387639	84.87805954
chr7	167976668	4.3867545	84.8780656
chr7	167976748	4.888629626	84.87841654
chr7	167976757	6.262055069	84.87846054
chr7	167979814	6.250371839	84.89760364
chr7	167979855	5.90461468	84.89785991
chr7	167979883	5.191747347	84.89802524
chr7	167979896	5.251334047	84.89809273
chr7	167980130	5.46348558	84.89932154
chr7	167980140	5.869489173	84.89937618
chr7	167982903	5.904326967	84.91559358
chr7	167983155	5.868957289	84.91708147
chr7	167983176	6.586882919	84.91720471
chr7	167988105	5.88741557	84.94967146
chr7	167988894	4.525983061	84.95431663
chr7	167990718	4.522880255	84.96257202
chr7	167990988	1.90242693	84.9637932
chr7	167991157	1.877800433	84.96411471
chr7	167991439	1.709379041	84.96464425
chr7	167996115	3.544574346	84.97263731
chr7	167996381	3.338397137	84.97358017
chr7	167996397	3.33605101	84.97363358
chr7	167997255	2.971624043	84.97649591
chr7	167997365	2.991856994	84.97682279
chr7	167997398	0.3248962306	84.97692152
chr7	167998075	0.3442856241	84.97714148
chr7	167998307	0.413267252	84.97722135
chr7	168039729	0.4381483524	84.99433971
chr7	168063847	0.3905337993	85.00490697
chr7	168069184	0.4603247774	85.00699125
chr7	168069194	0.3987405167	85.00699585
chr7	168069381	0.4853170579	85.00707042
chr7	168167764	0.3345121715	85.05481736
chr7	168168205	0.3043232446	85.05496488
chr7	168169142	0.2368437743	85.05525003
chr7	168169168	0.273378135	85.05525619
chr7	168169189	0.3088582587	85.05526193
chr7	168169258	0.4239610689	85.05528324
chr7	168169259	0.4605097631	85.05528367
chr7	168169273	0.4970650416	85.05529012
chr7	168169958	0.5157440198	85.0556306
chr7	168170781	0.7236559327	85.05605506
chr7	168170791	0.7608296298	85.0560623
chr7	168170803	0.7980081375	85.05607143
chr7	168170872	0.8722019369	85.05612649
chr7	168171376	0.8757913601	85.05656608
chr7	168171439	0.9132087375	85.05662126
chr7	168171513	1.6139556	85.05668883
chr7	168171715	1.689043796	85.05701485
chr7	168171720	1.872031673	85.0570233
chr7	168173003	2.068390858	85.05942511
chr7	168174228	2.106869798	85.06195889
chr7	168174406	2.145551213	85.06233392
chr7	168176433	1.426240021	85.06668295
chr7	168178295	1.406780679	85.06933861
chr7	168190417	1.45392063	85.0863916
chr7	168190561	1.168863468	85.08660097
chr7	168190634	1.216143701	85.08668629
chr7	168199211	0.9937297979	85.09711716
chr7	168262794	0.956592539	85.16030148
chr7	168263536	0.7323070892	85.16101127
chr7	168263554	0.5373185274	85.16102445
chr7	168263580	15.50569309	85.16103842
chr7	168263587	15.46913782	85.16114696
chr7	168263590	15.43258912	85.16119337
chr7	168263809	0.3551651528	85.16457311
chr7	168263827	0.1820618873	85.1645795
chr7	168263959	0.1964980555	85.16460353
chr7	168265614	0.2211588192	85.16492874
chr7	168266361	0.1856786957	85.16509394
chr7	168266474	0.2061033777	85.16511492
chr7	168266481	0.244462232	85.16511637
chr7	168266500	0.2734058778	85.16512101
chr7	168266559	0.3735532426	85.16513714
chr7	168267927	0.4173627606	85.16564816
chr7	168267933	0.4864504565	85.16565067
chr7	168268792	0.5058772586	85.16606853
chr7	168446218	0.3430015518	85.25582431
chr7	168446238	2.031698571	85.25583117
chr7	168446262	2.252257034	85.25587993
chr7	168448372	2.313468499	85.26063219
chr7	168448374	0.8837052026	85.26063682
chr7	168448377	1.016644803	85.26063947
chr7	168464330	0.8083955306	85.276858
chr7	168464365	0.5927945947	85.2768863
chr7	168502426	0.5780919188	85.29944865
chr7	168502640	0.5025188559	85.29957236
chr7	168502651	0.5122028723	85.29957789
chr7	168502781	2.273880327	85.29964448
chr7	168502822	2.314972653	85.29973771
chr7	168503190	2.335020364	85.30058962
chr7	168504221	2.350332878	85.30299702
chr7	168504254	2.380183649	85.30307458
chr7	168504641	2.399456768	85.30399572
chr7	168504668	0.6241001417	85.3040605
chr7	168504696	0.5483269648	85.30407798
chr7	168573463	0.5638520753	85.34178478
chr7	168576238	0.4798836544	85.34334947
chr7	168619542	0.4906105063	85.36413035
chr7	168619737	0.5934388869	85.36422602
chr7	168619751	0.737853244	85.36423432
chr7	168619769	0.7529763479	85.36424761
chr7	168619772	0.7834947073	85.36424986
chr7	168619780	0.7986989774	85.36425613
chr7	168620073	0.8291238858	85.36449015
chr7	168636194	0.8452273659	85.37785646
chr7	168641725	0.862060728	85.38253141
chr7	168641895	0.8779687893	85.38267796
chr7	168641934	0.8947968928	85.3827122
chr7	168645340	0.9025585257	85.38575988
chr7	168645356	0.9517134839	85.38577432
chr7	168645381	0.986133156	85.38579811
chr7	168645390	0.9916258973	85.38580699
chr7	168645413	1.138970531	85.3858298
chr7	168645427	1.172236323	85.38584574
chr7	168814191	1.338909331	85.58367703
chr7	168814318	1.418847993	85.58384707
chr7	168844879	1.386249185	85.62720849
chr7	168844895	4.760764141	85.62723067
chr7	168845545	5.473425854	85.63032516
chr7	168845582	5.681445487	85.63052768
chr7	168845871	5.897168944	85.63216962
chr7	168846537	6.323571058	85.63609713
chr7	168846579	7.498005214	85.63636272
chr7	168846590	7.482807378	85.6364452
chr7	168846708	7.452382469	85.63732817
chr7	168846810	8.425388884	85.63808832
chr7	168847547	8.412681327	85.64429783
chr7	168847719	8.385643203	85.64574481
chr7	168847737	7.445416195	85.64589575
chr7	168847739	7.403248411	85.64591064
chr7	168847743	7.661706845	85.64594025
chr7	168850289	6.535614877	85.66544696
chr7	168851644	6.550488943	85.67430272
chr7	168857447	6.390846319	85.7123152
chr7	168858620	5.868562233	85.71981167
chr7	168858648	6.037565889	85.71997599
chr7	168858663	5.606425955	85.72006655
chr7	168858668	5.59674194	85.72009458
chr7	168858679	5.377926096	85.72015615
chr7	168860201	5.443034297	85.72834135
chr7	168860345	4.555337929	85.72912515
chr7	168860359	3.553759285	85.72918892
chr7	168860371	2.929829534	85.72923157
chr7	168860423	2.738292343	85.72938392
chr7	168860437	2.372097463	85.72942225
chr7	168860461	2.439482237	85.72947918
chr7	168860643	2.194340416	85.72992317
chr7	168860716	2.163495616	85.73008336
chr7	168860766	5.326167622	85.73019153
chr7	168861931	2.471688828	85.73639652
chr7	168861937	2.524694641	85.73641135
chr7	168870154	2.544592688	85.75715676
chr7	168870175	2.63655145	85.7572102
chr7	168873634	2.914383987	85.76633003
chr7	168878561	3.05045671	85.7806892
chr7	168878643	3.256328315	85.78093934
chr7	168878732	3.4566464	85.78122915
chr7	168878756	3.863824193	85.78131211
chr7	168879035	3.961439487	85.78239012
chr7	168879048	4.85476241	85.78244162
chr7	168879105	5.274612489	85.78271834
chr7	168879154	5.487469037	85.78297679
chr7	168879634	5.611219499	85.78561078
chr7	168883144	5.843595326	85.80530616
chr7	168884114	6.192191391	85.81097445
chr7	168884132	6.366615886	85.81108591
chr7	168884584	6.608382035	85.81396362
chr7	168903876	7.053300678	85.94145252
chr7	168903898	6.773426122	85.9416077
chr7	168903924	6.908486432	85.94178381
chr7	168911614	8.951990151	85.99491007
chr7	168911625	12.01834503	85.99500854
chr7	168911652	14.50342165	85.99533303
chr7	168911790	20.30033997	85.99733451
chr7	168912488	20.2406448	86.01150414
chr7	168912664	16.64620985	86.0150665
chr7	168913055	27.56434821	86.02157516
chr7	168913058	27.70416009	86.02165786
chr7	168913154	25.75109094	86.02431746
chr7	168913413	16.16009103	86.03098699
chr7	168914348	8.57352611	86.04609667
chr7	168914354	8.991939372	86.04614812
chr7	168914396	10.64825524	86.04652578
chr7	168914553	10.53321387	86.04819755
chr7	168914567	11.15381862	86.04834502
chr7	168915116	11.17415277	86.05446846
chr7	168916660	11.08234942	86.07172136
chr7	168917102	6.560778053	86.07661975
chr7	168923874	6.12001225	86.12104934
chr7	168924061	6.223036585	86.12219379
chr7	168924172	6.471844259	86.12288454
chr7	168933800	6.500522324	86.18519546
chr7	168937995	6.346747127	86.21246515
chr7	168940770	6.228453266	86.23007737
chr7	168940780	5.989438565	86.23013966
chr7	168940948	3.052740177	86.23114588
chr7	168941585	3.077045249	86.23309048
chr7	168941619	3.101344326	86.2331951
chr7	168953872	3.019036779	86.27119587
chr7	168953876	2.808563721	86.27120795
chr7	168953878	2.652968504	86.27121356
chr7	168954028	2.568619662	86.27161151
chr7	168954040	2.337872819	86.27164233
chr7	168954043	2.186642502	86.27164935
chr7	168954133	2.373099246	86.27184614
chr7	168971962	2.56689067	86.31415613
chr7	168971989	2.56591587	86.31422544
chr7	168972140	2.471042057	86.31461289
chr7	168973038	2.239821506	86.31683189
chr7	169083435	1.127830273	86.56410146
chr7	169083504	0.9634898828	86.56417928
chr7	169083516	0.7817024544	86.56419084
chr7	169083618	0.5616770331	86.56427058
chr7	169084667	0.5413428884	86.56485978
chr7	169085279	0.6167484207	86.56519108
chr7	169088256	1.209138498	86.56702714
chr7	169089474	1.147926447	86.56849987
chr7	169089480	1.405795508	86.56850676
chr7	169089482	1.357129167	86.56850957
chr7	169089691	1.610667555	86.56879321
chr7	169093937	0.9846912909	86.5756321
chr7	169094679	1.096728525	86.57636274
chr7	169095379	1.578867917	86.57713045
chr7	169095390	1.747170313	86.57714782
chr7	169095404	1.967207197	86.57717228
chr7	169095819	1.962124116	86.57798867
chr7	169113398	3.034495676	86.61248085
chr7	169115875	2.529769143	86.6199973
chr7	169115906	2.375347906	86.62007572
chr7	169115935	2.26386515	86.62014461
chr7	169116028	2.244173154	86.62035514
chr7	169116035	2.461698917	86.62037085
chr7	169116537	2.281613781	86.62160663
chr7	169116541	1.957663205	86.62161575
chr7	169116611	5.586794323	86.62175279
chr7	169116613	4.406537039	86.62176396
chr7	169117561	0.9362139097	86.62594136
chr7	169119947	0.9236478952	86.62817517
chr7	169120400	0.7333381135	86.62859358
chr7	169120928	0.7282281006	86.62898078
chr7	169123663	0.7146282893	86.63097249
chr7	169125943	0.8131340107	86.63260184
chr7	169127649	1.449570586	86.63398904
chr7	169128475	1.574840355	86.63518639
chr7	169128607	1.753931029	86.63539427
chr7	169129369	2.290023767	86.63673076
chr7	169129570	2.392407641	86.63719106
chr7	169145859	2.456824351	86.67616099
chr7	169145863	2.247798367	86.67617081
chr7	169147281	2.648812044	86.67935819
chr7	169147734	2.13406387	86.6805581
chr7	169147736	1.946353597	86.68056237
chr7	169147858	1.767262923	86.68079983
chr7	169155896	1.571352495	86.69500509
chr7	169155997	1.446082727	86.69516379
chr7	169156001	0.8791113369	86.69516958
chr7	169156031	0.8114316213	86.69519595
chr7	169163229	0.8391761554	86.70103664
chr7	169163244	0.736792282	86.70104922
chr7	169163307	0.796863624	86.70109564
chr7	169163319	0.7457869645	86.7011052
chr7	169163381	0.7164767803	86.70115144
chr7	169163562	0.779790303	86.70128113
chr7	169163919	0.8435216479	86.70155951
chr7	169164188	0.9168140496	86.70178642
chr7	169164204	1.106751287	86.70180109
chr7	169164330	1.256480398	86.70194054
chr7	169164384	1.320764306	86.70200839
chr7	169165651	1.329638515	86.7036818
chr7	169211228	1.548275794	86.76428273
chr7	169212984	1.967802998	86.7670015
chr7	169217953	1.903659026	86.77677952
chr7	169217954	1.805462651	86.77678142
chr7	169217990	1.741362801	86.77684642
chr7	169218016	8.031669643	86.77689169
chr7	169218823	8.020394184	86.78337325
chr7	169218953	8.213352072	86.7844159
chr7	169219067	8.263871152	86.78535222
chr7	169219650	8.314737564	86.79017006
chr7	169219661	11.26651373	86.79026152
chr7	169219675	11.20421949	86.79041925
chr7	169220088	15.95829255	86.7950466
chr7	169220121	15.86650821	86.79557322
chr7	169220208	15.91779687	86.79695361
chr7	169220348	15.96919256	86.7991821
chr7	169220700	12.96599068	86.80480325
chr7	169220739	11.85789872	86.80530893
chr7	169220760	11.95363041	86.80555794
chr7	169220766	10.75023955	86.80562966
chr7	169220788	4.632975366	86.80586617
chr7	169220829	2.243029879	86.80605612
chr7	169221202	1.823502674	86.80689277
chr7	169287312	1.646999456	86.92744453
chr7	169287429	1.236916487	86.92763723
chr7	169287494	0.9067086757	86.92771763
chr7	169288822	1.452501104	86.92892174
chr7	169288847	2.029205765	86.92895805
chr7	169289296	2.324601016	86.92986917
chr7	169289317	2.289581566	86.92991798
chr7	169298970	2.709606109	86.95201931
chr7	169298994	2.21247015	86.95208434
chr7	169301213	2.167234805	86.95699382
chr7	169304157	1.735941764	86.96337415
chr7	169304167	1.263979648	86.96339151
chr7	169304784	1.027621717	86.96417139
chr7	169304836	1.319377202	86.96422483
chr7	169306398	0.8717310638	86.96628569
chr7	169307513	1.044183773	86.96725767
chr7	169313859	1.056057812	86.97388406
chr7	169314385	0.6969624503	86.97443955
chr7	169316653	1.448276541	86.97602026
chr7	169318893	1.494154327	86.9792644
chr7	169319303	1.506255124	86.979877
chr7	169319319	1.547688127	86.9799011
chr7	169319884	1.574541057	86.98077555
chr7	169320005	0.7687403212	86.98096607
chr7	169326726	0.7870180575	86.98613277
chr7	169327479	0.9530204181	86.9867254
chr7	169327485	1.009804042	86.98673111
chr7	169327505	1.07982819	86.98675131
chr7	169328152	1.0466379	86.98744996
chr7	169355393	0.966575802	87.01596142
chr7	169358876	1.024531597	87.019328
chr7	169358927	0.9855865915	87.01938026
chr7	169361148	1.00097463	87.02156924
chr7	169361622	1.065805321	87.02204371
chr7	169387921	1.005184004	87.05007332
chr7	169388035	1.021132318	87.05018791
chr7	169388159	1.041926495	87.05031453
chr7	169388201	1.012257462	87.05035829
chr7	169388639	0.8205006434	87.05080166
chr7	169388687	0.8371112996	87.05084105
chr7	169388724	1.077385192	87.05087202
chr7	169412790	1.095395675	87.07680037
chr7	169412801	1.12902201	87.07681242
chr7	169447950	1.151085291	87.11649641
chr7	169448275	1.473867602	87.11687052
chr7	169477540	1.501084725	87.16000325
chr7	169477541	1.521509539	87.16000475
chr7	169477576	1.553653291	87.16005801
chr7	169515300	1.548249338	87.21866802
chr7	169515312	1.535600965	87.2186866
chr7	169515330	1.459488784	87.21871424
chr7	169515338	1.703539889	87.21872592
chr7	169515353	1.718644668	87.21875147
chr7	169515414	2.244885792	87.21885631
chr7	169515416	2.276191678	87.2188608
chr7	169516376	2.22608214	87.22104594
chr7	169521081	2.27148914	87.23151966
chr7	169521161	2.206658448	87.23170138
chr7	169521195	2.311885971	87.2317764
chr7	169553238	2.290929247	87.30585617
chr7	169553620	2.20069016	87.3067313
chr7	169553891	2.006927229	87.30732769
chr7	169553903	2.075455842	87.30735177
chr7	169553953	1.911841897	87.30745554
chr7	169553959	2.031450718	87.30746702
chr7	169553981	1.996164279	87.30751171
chr7	169554156	2.053669996	87.30786104
chr7	169582495	3.344019784	87.36605999
chr7	169583192	3.415951237	87.36839077
chr7	169583196	3.400581789	87.36840444
chr7	169583288	4.623595114	87.36871729
chr7	169583319	4.784791793	87.36886062
chr7	169584330	4.775962543	87.37369805
chr7	169584834	4.743818791	87.37610513
chr7	169584851	3.243227716	87.37618578
chr7	169584862	3.158482412	87.37622145
chr7	169585197	3.23203357	87.37727954
chr7	169586019	3.421497468	87.37993627
chr7	169586025	3.406316029	87.3799568
chr7	169586072	3.482948048	87.3801169
chr7	169586107	2.597271717	87.3802388
chr7	169586109	2.673966811	87.380244
chr7	169596245	2.640806576	87.40734733
chr7	169604054	2.618674744	87.42796938
chr7	169604213	1.961450134	87.42838575
chr7	169604216	1.519778957	87.42839164
chr7	169604707	1.455886286	87.42913785
chr7	169631062	2.810483426	87.46750773
chr7	169631071	2.891098728	87.46753303
chr7	169631080	2.924698905	87.46755905
chr7	169631110	2.997191447	87.46764679
chr7	169631122	3.286012405	87.46768275
chr7	169631155	3.564021888	87.46779119
chr7	169633959	4.013329793	87.47778471
chr7	169633978	4.099824389	87.47786096
chr7	169634040	4.116298054	87.47811515
chr7	169634265	3.628790338	87.47904132
chr7	169634661	4.461550877	87.48047832
chr7	169634685	4.73172073	87.4805854
chr7	169634747	4.819916851	87.48087876
chr7	169634786	4.917306036	87.48106674
chr7	169634794	5.014717236	87.48110608
chr7	169665699	5.547744344	87.63608592
chr7	169665953	5.524842142	87.63749504
chr7	169665995	5.430203346	87.63772709
chr7	169666085	6.325629299	87.6382158
chr7	169666145	6.118950784	87.63859534
chr7	169666148	6.862756879	87.6386137
chr7	169670119	7.020141822	87.66586571
chr7	169670187	8.343601962	87.66634308
chr7	169670188	6.649935768	87.66635142
chr7	169670196	6.597290675	87.66640462
chr7	169671130	6.522775582	87.67256649
chr7	169671180	9.321264277	87.67289263
chr7	169671209	10.78376293	87.67316294
chr7	169671212	10.69789307	87.6731953
chr7	169671214	11.39204437	87.67321669
chr7	169671249	11.20352321	87.67361541
chr7	169671290	11.36450162	87.67407476
chr7	169671298	12.14491552	87.67416567
chr7	169672137	12.77612653	87.68435526
chr7	169672361	12.81344064	87.68721711
chr7	169673648	10.42034002	87.70370801
chr7	169673665	9.965501684	87.70388515
chr7	169673814	9.014943492	87.70537001
chr7	169673838	11.03415493	87.70558637
chr7	169673872	11.03858989	87.70596153
chr7	169675317	11.32030869	87.7219123
chr7	169675335	10.94758711	87.72211606
chr7	169675458	10.98554455	87.72346261
chr7	169675634	8.469906703	87.72539607
chr7	169675694	7.985024542	87.72590426
chr7	169675781	6.326026406	87.72659896
chr7	169676750	6.551379343	87.73272888
chr7	169676752	6.530748692	87.73274198
chr7	169676754	6.695008488	87.73275505
chr7	169676861	6.996641113	87.73347141
chr7	169677295	6.920854687	87.73650795
chr7	169677509	7.236753502	87.73798902
chr7	169677599	6.577383968	87.73864032
chr7	169678103	6.86428374	87.74195533
chr7	169678172	7.091542061	87.74242896
chr7	169678179	7.131110469	87.7424786
chr7	169678602	6.892082002	87.74549506
chr7	169678857	6.645652461	87.74725254
chr7	169687440	6.690243877	87.80429218
chr7	169687555	6.50964658	87.80506156
chr7	169687562	6.55430847	87.80510712
chr7	169687892	7.729366528	87.80727005
chr7	169688559	7.321362818	87.81242553
chr7	169690120	7.280722679	87.82385418
chr7	169690137	5.790291501	87.82397795
chr7	169691306	10.58538825	87.8307468
chr7	169691986	10.60816954	87.83794487
chr7	169692025	4.834820132	87.83835859
chr7	169692049	4.306059188	87.83847462
chr7	169692590	4.354544915	87.8408042
chr7	169692707	3.979258736	87.84131368
chr7	169756960	3.936834173	88.09699299
chr7	169756977	3.883753828	88.09705992
chr7	169757001	3.432942643	88.09715313
chr7	169757020	3.73959989	88.09721835
chr7	169757021	3.633471886	88.09722209
chr7	169757026	3.58194176	88.09724026
chr7	169757222	3.999538001	88.09794232
chr7	169763697	3.966580245	88.12383933
chr7	169763778	3.92746613	88.12416062
chr7	169764757	10.39026138	88.12800561
chr7	169764761	10.40755709	88.12804717
chr7	169764797	10.41338948	88.12842185
chr7	169765311	10.33678734	88.13377433
chr7	169765342	14.16039796	88.13409477
chr7	169765401	12.31894699	88.13493023
chr7	169765475	12.1275849	88.13584183
chr7	169765478	11.75427706	88.13587822
chr7	169766219	12.34567538	88.14458814
chr7	169766233	8.476231428	88.14476098
chr7	169766276	8.354521077	88.14512545
chr7	169766284	7.103642734	88.14519229
chr7	169766288	4.798171574	88.1452207
chr7	169766290	4.923270129	88.1452303
chr7	169771370	9.262274659	88.17024051
chr7	169771379	11.82324914	88.17032387
chr7	169771405	9.133273154	88.17063128
chr7	169771791	9.311171734	88.17415672
chr7	169771981	9.044413569	88.17592584
chr7	169772063	9.120051477	88.17666749
chr7	169772160	9.738262461	88.17755213
chr7	169772166	9.747658384	88.17761056
chr7	169772747	2.382083983	88.18327395
chr7	169772891	2.400003476	88.18361697
chr7	169843324	3.872289686	88.35265642
chr7	169843412	3.89902849	88.35299718
chr7	169843639	4.724124969	88.35388226
chr7	169845747	4.688653972	88.36384071
chr7	169847719	4.643025065	88.37308674
chr7	169847722	4.626723159	88.37310067
chr7	169847944	4.580874594	88.3741278
chr7	169848021	3.778199123	88.37448053
chr7	169848934	3.733348991	88.37793002
chr7	169848969	1.543802697	88.37806069
chr7	169905660	1.517863364	88.46558041
chr7	169964098	1.47013817	88.55428131
chr7	169965289	1.326606358	88.55603224
chr7	169965301	1.151574272	88.55604816
chr7	169965304	1.133669576	88.55605162
chr7	169965868	0.7788893578	88.55669101
chr7	169972348	0.7672698388	88.56173821
chr7	169972351	0.7482786894	88.56174051
chr7	169972384	0.7447656562	88.5617652
chr7	169972456	0.7640591252	88.56181883
chr7	169972498	0.7718074398	88.56185092
chr7	169972596	0.9182377044	88.56192655
chr7	169972841	0.806848472	88.56215152
chr7	169998611	0.8316569699	88.58294401
chr7	170022920	0.7841180336	88.60316076
chr7	170046674	0.7952651669	88.6217867
chr7	170139099	0.8530966577	88.69528908
chr7	170139209	0.8324302434	88.69538292
chr7	170139392	0.8483903697	88.69553526
chr7	170139497	14.68936426	88.69562434
chr7	170139543	14.71186875	88.69630005
chr7	170139746	0.8490229833	88.69928656
chr7	170139755	0.8597474316	88.6992942
chr7	170141738	0.8679236754	88.70099908
chr7	170196534	0.8913019726	88.74855782
chr7	170196599	0.8909736781	88.74861576
chr7	170230405	0.9050409421	88.77873601
chr7	170287988	0.8916734066	88.83085099
chr7	170302093	0.8814369647	88.84342804
chr7	170305781	1.038673691	88.84667878
chr7	170305952	1.092985816	88.84685639
chr7	170307552	1.133546324	88.84860517
chr7	170317616	1.144285806	88.86001318
chr7	170355410	1.12832568	88.90326032
chr7	170355910	2.771043569	88.90382448
chr7	170355917	2.771950337	88.90384388
chr7	170355923	2.603198015	88.90386051
chr7	170355937	2.594359387	88.90389695
chr7	170355962	2.574374193	88.90396181
chr7	170356048	2.537942799	88.90418321
chr7	170357529	2.498855035	88.9079419
chr7	170357552	2.489904709	88.90799938
chr7	170357652	2.472007169	88.90824837
chr7	170357663	2.560921489	88.90827556
chr7	170357898	2.545117486	88.90887737
chr7	170357908	2.603118136	88.90890283
chr7	170357947	0.9105925771	88.90900435
chr7	170357966	2.400327592	88.90902165
chr7	170358592	4.623462087	88.91052425
chr7	170358902	4.630270426	88.91195753
chr7	170359831	4.690210177	88.91625905
chr7	170360064	4.681317084	88.91735187
chr7	170360141	4.973876498	88.91771233
chr7	170360256	1.697792098	88.91828432
chr7	170370211	1.770766478	88.93518585
chr7	170370261	1.798140032	88.93527438
chr7	170417344	1.793475794	89.01993621
chr7	170417350	1.675535393	89.01994697
chr7	170417385	1.616894491	89.02000562
chr7	170417449	1.806401351	89.0201091
chr7	170417456	4.107208297	89.02012174
chr7	170417481	4.413477691	89.02022442
chr7	170417497	4.682005152	89.02029504
chr7	170417501	4.621899248	89.02031376
chr7	170417517	4.962511238	89.02038772
chr7	170417531	5.371148735	89.02045719
chr7	170419052	6.116421014	89.02862671
chr7	170424948	6.139573563	89.06468913
chr7	170425968	13.43157059	89.07095149
chr7	170425977	13.46691975	89.07107238
chr7	170426620	13.0422206	89.0797316
chr7	170426626	12.6645588	89.07980986
chr7	170426645	12.70305751	89.08005048
chr7	170426647	27.53756111	89.08007589
chr7	170426648	26.70860745	89.08010343
chr7	170426669	26.334389	89.08066431
chr7	170426716	21.72519841	89.08190203
chr7	170426736	58.03272708	89.08233653
chr7	170426769	58.08458687	89.08425161
chr7	170426776	61.06192156	89.0846582
chr7	170426826	64.3267649	89.0877113
chr7	170426831	27.6156382	89.08803293
chr7	170426859	19.29834755	89.08880617
chr7	170427078	24.03416425	89.09303251
chr7	170427126	24.07173372	89.09418615
chr7	170427160	24.11099751	89.09500459
chr7	170427639	19.35028992	89.10655375
chr7	170427642	19.40318011	89.1066118
chr7	170427806	16.49360399	89.10979393
chr7	170427837	12.96837437	89.11030523
chr7	170427882	9.703531035	89.1108888
chr7	170427894	9.741417568	89.11100525
chr7	170428580	5.485421383	89.11768786
chr7	170428622	5.525364782	89.11791825
chr7	170428628	1.500310886	89.1179514
chr7	170428738	1.435268136	89.11811643
chr7	170428757	1.473517407	89.1181437
chr7	170428801	1.787524277	89.11820854
chr7	170504991	1.742310652	89.25440001
chr7	170514734	1.502355655	89.27137535
chr7	170514767	1.46225056	89.27142492
chr7	170514912	1.996335975	89.27163695
chr7	170514936	4.494221319	89.27168486
chr7	170514968	4.353290233	89.27182868
chr7	170515016	7.632227833	89.27203764
chr7	170515028	10.57895823	89.27212922
chr7	170516182	10.59727257	89.28433734
chr7	170516198	8.026997647	89.2845069
chr7	170516318	5.50959629	89.28547014
chr7	170518269	5.528199887	89.29621936
chr7	170518359	4.458486529	89.2967169
chr7	170518423	4.420017461	89.29700224
chr7	170518425	4.381576279	89.29701108
chr7	170518584	4.410387331	89.29770775
chr7	170518627	4.409188688	89.2978974
chr7	170518873	4.82959817	89.29898206
chr7	170518883	4.791743668	89.29903035
chr7	170518892	4.794556652	89.29907348
chr7	170518894	6.994719253	89.29908307
chr7	170518901	8.098240532	89.29913203
chr7	170518966	9.214717949	89.29965842
chr7	170519018	9.243375017	89.30013758
chr7	170519028	9.25023059	89.30023002
chr7	170519030	9.775070998	89.30024852
chr7	170519040	9.792732451	89.30034627
chr7	170519048	9.821400482	89.30042461
chr7	170519049	11.3031127	89.30043443
chr7	170520601	9.283385367	89.31797686
chr7	170521441	6.814199273	89.3257749
chr7	170523509	5.276060441	89.33986667
chr7	170523547	5.36257149	89.34006716
chr7	170524720	5.436251702	89.34635746
chr7	170525145	4.51832781	89.34866786
chr7	170525154	1.67192909	89.34870853
chr7	170631320	1.623624995	89.52621055
chr7	170631500	2.080032531	89.5265028
chr7	170638249	1.990251948	89.54054094
chr7	170638644	1.916226505	89.54132709
chr7	170639109	1.892855257	89.54221814
chr7	170639137	1.908096292	89.54227114
chr7	170639310	1.724460166	89.54260124
chr7	170639326	1.570229067	89.54262883
chr7	170639332	1.616395771	89.54263825
chr7	170676656	2.629279681	89.60296861
chr7	170676732	2.317510164	89.60316843
chr7	170677715	2.288690814	89.60544654
chr7	170677720	2.275355116	89.60545799
chr7	170682600	2.289180409	89.61656172
chr7	170682895	2.17619804	89.61723703
chr7	170682908	2.364920877	89.61726532
chr7	170703111	2.023837125	89.66504382
chr7	170703210	1.514596104	89.66524418
chr7	170703266	1.495240303	89.66532899
chr7	170703304	7.804526642	89.66538581
chr7	170703592	8.641669359	89.66763352
chr7	170703814	8.661755084	89.66955197
chr7	170703935	8.64310752	89.67060004
chr7	170703936	8.570475173	89.67060868
chr7	170704258	8.602499031	89.67336838
chr7	170704333	2.268517008	89.67401356
chr7	170704366	2.250194686	89.67408842
chr7	170704432	2.119967197	89.67423694
chr7	170704435	2.582439226	89.6742433
chr7	170704439	2.545329949	89.67425363
chr7	170704501	6.994666989	89.67441144
chr7	170704528	7.750147457	89.67460029
chr7	170705479	4.224917842	89.68197068
chr7	170709674	4.247064744	89.69969421
chr7	170710606	4.228633796	89.70365248
chr7	170712807	4.193030486	89.7129597
chr7	170714123	3.438913093	89.71847773
chr7	170714217	1.504848685	89.71880099
chr7	170714249	1.202436462	89.71884914
chr7	170715074	1.239532343	89.71984115
chr7	170715108	1.263011627	89.7198833
chr7	170718790	1.308397908	89.72453371
chr7	170718843	1.377780665	89.72460305
chr7	170719129	1.409417806	89.7249971
chr7	170719640	1.506377345	89.72571731
chr7	170719671	2.560806792	89.72576401
chr7	170719672	2.607105988	89.72576657
chr7	170861788	3.542517848	90.09627804
chr7	170861844	3.53419299	90.09647642
chr7	170861849	3.510703468	90.09649409
chr7	170861899	3.704257988	90.09666963
chr7	170861922	7.887407301	90.09675483
chr7	170861927	7.83894645	90.09679426
chr7	170861947	7.792129492	90.09695104
chr7	170861977	7.56469284	90.09718481
chr7	170862069	9.800520593	90.09788076
chr7	170862085	10.76517492	90.09803757
chr7	170864702	10.74140294	90.12621003
chr7	170865246	8.342360833	90.13205335
chr7	170865265	7.263614098	90.13221186
chr7	170865292	5.11484398	90.13240797
chr7	170865299	5.149897255	90.13244378
chr7	170865305	5.424716418	90.13247468
chr7	170865347	5.873923368	90.13270252
chr7	170865366	6.7473523	90.13281412
chr7	170865455	6.759208086	90.13341463
chr7	170865880	5.866788555	90.1362873
chr7	170865882	6.238563919	90.13629903
chr7	170866022	6.369046754	90.13717243
chr7	170866025	7.427181014	90.13719154
chr7	170866122	7.487063506	90.13791197
chr7	170866726	7.825502159	90.14243416
chr7	170869233	6.253426642	90.16205269
chr7	170875361	5.628034263	90.20037369
chr7	170875462	5.607948538	90.20094212
chr7	170875472	5.587783278	90.2009982
chr7	170875738	5.339642026	90.20248455
chr7	170876035	3.919017185	90.20407043
chr7	170876493	2.84290622	90.20586534
chr7	170876899	2.16102388	90.20701956
chr7	170876913	1.802596158	90.20704981
chr7	170878352	1.789025067	90.20964375
chr7	170878980	1.924536213	90.21076726
chr7	170879753	1.960931343	90.21225492
chr7	170879754	2.233063057	90.21225688
chr7	170903068	2.085189389	90.26431852
chr7	170903077	1.937372782	90.26433728
chr7	170904422	2.022145089	90.26694305
chr7	170905730	2.208536102	90.26958801
chr7	170905740	2.123182834	90.2696101
chr7	170905774	2.31447588	90.26968229
chr7	170905800	2.24517865	90.26974246
chr7	170906235	2.308402772	90.27071912
chr7	170914199	2.382439634	90.28910324
chr7	170915446	2.4589594	90.29207414
chr7	170919561	2.444703441	90.30219276
chr7	170919563	2.364655278	90.30219765
chr7	170919566	3.061710814	90.30220474
chr7	170919571	2.980916041	90.30222005
chr7	170919590	2.963670684	90.30227669
chr7	170919657	2.998815533	90.30247525
chr7	170920687	3.008682005	90.30556403
chr7	170920700	5.339085522	90.30560314
chr7	170920750	8.620385621	90.3058701
chr7	170920775	8.676570338	90.30608561
chr7	170921084	9.85687659	90.30876667
chr7	170923696	17.85346759	90.33451283
chr7	170923797	17.66217455	90.33631603
chr7	170924005	3.45223028	90.33998976
chr7	170924059	3.459097473	90.34017618
chr7	170924184	3.553722821	90.34060857
chr7	170924200	2.554396861	90.34066543
chr7	170924227	2.562187548	90.3407344
chr7	170924296	2.601336306	90.34091119
chr7	170924482	2.734140889	90.34139504
chr7	170924486	2.82997085	90.34140598
chr7	170960463	5.111053879	90.44321984
chr7	170960502	4.767410771	90.44341917
chr7	170960619	4.938137722	90.44397695
chr7	170960766	5.938276749	90.44470286
chr7	170961138	5.870816917	90.4469119
chr7	170961162	6.003784552	90.4470528
chr7	170961171	6.069319729	90.44710683
chr7	170964463	5.935566114	90.46708703
chr7	170964567	6.007700742	90.46770433
chr7	170964612	4.626367803	90.46797468
chr7	170968461	4.630383322	90.48578157
chr7	170968466	4.706489249	90.48580472
chr7	170968852	3.288662109	90.48762143
chr7	171011255	3.399459867	90.62707057
chr7	171011935	3.258734149	90.6293822
chr7	171012128	2.833052961	90.63001113
chr7	171012157	2.760539036	90.63009329
chr7	171012258	4.884365634	90.63037211
chr7	171012270	4.587332078	90.63043072
chr7	171012362	9.073961634	90.63085275
chr7	171013077	9.067643006	90.63734064
chr7	171013767	6.537676181	90.64359731
chr7	171013779	4.045652458	90.64367576
chr7	171013791	3.791987669	90.64372431
chr7	171013832	2.129841091	90.64387978
chr7	171013861	2.091472206	90.64394155
chr7	171013906	2.134092391	90.64403566
chr7	171013908	2.22797094	90.64403993
chr7	171013927	2.301512126	90.64408226
chr7	171013928	2.935610387	90.64408456
chr7	171014117	6.066520092	90.64463939
chr7	171014141	6.76812256	90.64478499
chr7	171014142	7.710974339	90.64479176
chr7	171015980	7.7410362	90.65896453
chr7	171017632	7.670920185	90.67175272
chr7	171017656	6.734714851	90.67193682
chr7	171017756	5.761102844	90.6726103
chr7	171017765	4.968266384	90.67266215
chr7	171017770	5.048854799	90.67268699
chr7	171017777	5.931498999	90.67272233
chr7	171017780	5.976033515	90.67274012
chr7	171019055	5.114652277	90.68035957
chr7	171019061	5.232765152	90.68039025
chr7	171019064	4.70873783	90.68040595
chr7	171019081	6.118926467	90.680486
chr7	171019100	6.249537856	90.68060226
chr7	171021859	3.98775173	90.69784473
chr7	171021876	4.027593579	90.69791253
chr7	171021929	4.10429215	90.69812599
chr7	171021985	4.373890736	90.69835583
chr7	171021997	4.7962716	90.69840832
chr7	171022152	4.404789425	90.69915174
chr7	171022161	4.685711244	90.69919138
chr7	171067195	4.848900894	90.9102077
chr7	171067204	6.10596833	90.91025134
chr7	171067273	6.434753083	90.91067265
chr7	171069610	6.48749146	90.92571067
chr7	171069776	7.05233383	90.92678759
chr7	171088728	6.756581552	91.06044343
chr7	171088823	6.596596654	91.0610853
chr7	171089043	7.350353992	91.06253655
chr7	171089056	7.32353511	91.06263211
chr7	171089639	7.305649135	91.06690173
chr7	171089640	6.964566882	91.06690903
chr7	171089654	6.913484925	91.06700654
chr7	171089711	6.926394903	91.06740061
chr7	171089712	6.976656757	91.06740753
chr7	171089719	6.931249601	91.06745637
chr7	171094207	6.885373583	91.09856382
chr7	171094232	7.05907746	91.09873595
chr7	171094734	7.014281522	91.10227961
chr7	171094797	6.922211156	91.10272151
chr7	171094799	6.154381861	91.10273535
chr7	171094892	5.84329886	91.10330771
chr7	171094895	5.65604906	91.10332524
chr7	171094904	5.545103093	91.10337614
chr7	171094907	5.407914975	91.10339278
chr7	171094938	5.362453933	91.10356043
chr7	171094940	5.317005475	91.10357115
chr7	171097971	5.275890268	91.11968699
chr7	171098507	5.043883584	91.12251487
chr7	171100671	5.00229824	91.13342983
chr7	171106705	4.915017549	91.1636137
chr7	171107555	4.601046018	91.16779147
chr7	171107774	4.470519782	91.1687991
chr7	171107917	4.529908051	91.16943838
chr7	171107939	3.975391957	91.16953804
chr7	171107999	4.063336108	91.16977656
chr7	171108232	3.855985388	91.17072332
chr7	171108410	4.005932064	91.17140969
chr7	171114080	3.980976935	91.19412332
chr7	171114094	4.02695654	91.19417905
chr7	171114101	4.269968436	91.19420724
chr7	171114117	4.19998363	91.19427556
chr7	171114143	4.50476329	91.19438476
chr7	171114168	4.353687961	91.19449738
chr7	171114177	4.507478051	91.19453656
chr7	171128990	5.546963168	91.26130584
chr7	171129041	5.682258633	91.26158873
chr7	171130666	5.568162489	91.2708224
chr7	171130687	7.461402314	91.27093933
chr7	171132199	7.209999794	91.28222097
chr7	171132207	6.06643444	91.28227865
chr7	171132319	5.876396155	91.28295809
chr7	171132330	5.627707726	91.28302273
chr7	171132355	5.249527598	91.28316343
chr7	171132406	5.108742978	91.28343115
chr7	171132471	4.968331047	91.28376322
chr7	171132597	4.782141353	91.28438923
chr7	171132632	4.147937302	91.28455661
chr7	171132664	3.961787819	91.28468934
chr7	171132668	3.906968851	91.28470519
chr7	171136831	3.824738442	91.3009699
chr7	171136832	3.606671779	91.30097372
chr7	171136836	3.784203939	91.30098815
chr7	171136846	2.938007857	91.30102599
chr7	171136929	2.509700648	91.30126985
chr7	171137011	2.391199426	91.30147564
chr7	171146442	3.185963516	91.32402704
chr7	171146979	3.26452176	91.32573791
chr7	171147202	3.176577609	91.32646589
chr7	171147391	3.572361625	91.32706627
chr7	171147587	3.623460996	91.32776645
chr7	171148082	4.045246482	91.32956006
chr7	171149309	4.076016721	91.33452358
chr7	171156097	4.037232176	91.36219158
chr7	171156102	3.64144816	91.36221177
chr7	171156256	2.152767683	91.36277255
chr7	171156299	2.154471929	91.36286512
chr7	171156308	1.971591593	91.36288451
chr7	171156327	2.015337047	91.36292197
chr7	171157352	1.748495364	91.36498769
chr7	171157355	1.774606588	91.36499294
chr7	171157356	1.782830697	91.36499471
chr7	171157731	1.955923546	91.36566327
chr7	171157747	2.150718706	91.36569457
chr7	171212145	2.192058301	91.48268936
chr7	171212211	2.211963353	91.48283404
chr7	171212317	2.299183186	91.48306851
chr7	171214661	2.238623296	91.48845779
chr7	171214816	2.257163467	91.48880478
chr7	171215057	2.258716634	91.48934876
chr7	171217294	2.277844134	91.49440151
chr7	171218782	2.319409573	91.49779094
chr7	171285065	2.994802012	91.65152836
chr7	171285071	2.897361831	91.65154633
chr7	171285075	2.884660037	91.65155792
chr7	171285208	2.905362331	91.65194158
chr7	171285578	2.909267828	91.65301656
chr7	171285588	2.831529436	91.65304566
chr7	171285968	2.804644258	91.65412164
chr7	171289290	2.01743574	91.66343867
chr7	171289320	1.99131066	91.66349919
chr7	171289392	1.8979038	91.66364256
chr7	171289393	1.764670474	91.66364446
chr7	171289539	1.738510505	91.6639021
chr7	171289618	1.668156877	91.66403945
chr7	171289658	1.690283136	91.66410617
chr7	171356451	1.66220541	91.77700525
chr7	171356766	2.978496925	91.77752885
chr7	171356938	3.198532445	91.77804115
chr7	171357268	3.044706076	91.77909667
chr7	171357283	2.99392283	91.77914234
chr7	171357334	3.062236662	91.77929503
chr7	171357414	2.990048357	91.77954001
chr7	171357424	3.08057504	91.77956991
chr7	171357434	3.369329118	91.77960071
chr7	171357438	3.476775853	91.77961419
chr7	171357450	3.600175923	91.77965591
chr7	171359534	3.514752784	91.78715868
chr7	171359536	2.201884855	91.78716571
chr7	171359546	2.223003353	91.78718773
chr7	171359554	2.512864674	91.78720551
chr7	171385387	2.072476022	91.85212034
chr7	171385389	1.933931854	91.85212449
chr7	171385411	1.870088506	91.85216703
chr7	171385417	1.850183454	91.85217825
chr7	171385447	2.56940167	91.85223376
chr7	171385452	3.102571988	91.85224661
chr7	171385828	4.939095809	91.85341317
chr7	171385837	5.817513293	91.85345763
chr7	171388256	6.154433348	91.86753019
chr7	171388331	6.59288056	91.86799177
chr7	171389507	6.082080876	91.875745
chr7	171389681	10.41053282	91.87680328
chr7	171391402	8.828635106	91.89471981
chr7	171391503	8.254568336	91.8956115
chr7	171391546	8.646795249	91.89596645
chr7	171391683	8.692389157	91.89715106
chr7	171391829	8.967427855	91.89842015
chr7	171393371	8.971743532	91.91224792
chr7	171396877	12.85314777	91.94370285
chr7	171397530	11.62401984	91.95209596
chr7	171397540	11.53518676	91.9522122
chr7	171397541	10.59444632	91.95222374
chr7	171397584	12.06788788	91.9526793
chr7	171397594	5.699331351	91.95279998
chr7	171397633	9.059863411	91.95302225
chr7	171397645	8.626956008	91.95313097
chr7	171397667	8.612585907	91.95332076
chr7	171398389	8.618296531	91.95953905
chr7	171400020	6.812973699	91.97359549
chr7	171400287	5.713917981	91.97541455
chr7	171400327	5.922312238	91.97564311
chr7	171400332	6.113626512	91.97567272
chr7	171400336	5.814511931	91.97569718
chr7	171400695	4.936358397	91.97778459
chr7	171400769	5.737726461	91.97814988
chr7	171400773	5.932400548	91.97817283
chr7	171400783	6.146701551	91.97823215
chr7	171400790	6.343632755	91.97827518
chr7	171413401	6.203100458	92.05827473
chr7	171415096	5.484826405	92.06878899
chr7	171416871	5.062131144	92.07852455
chr7	171416943	6.005778551	92.07888903
chr7	171417212	6.085131595	92.08050458
chr7	171417526	5.885138871	92.08241531
chr7	171417680	5.840279177	92.08332162
chr7	171417797	5.669297499	92.08400494
chr7	171417802	5.621130002	92.08403328
chr7	171417837	5.816341545	92.08423002
chr7	171418223	5.282139629	92.08647513
chr7	171418297	4.918363935	92.08686601
chr7	171418346	4.925803196	92.08710701
chr7	171418353	1.636847829	92.08714149
chr7	171418411	2.234952839	92.08723643
chr7	171419230	2.434435294	92.08906685
chr7	171419275	2.499692611	92.0891764
chr7	171467300	2.417711923	92.20922414
chr7	171470008	2.284148385	92.2157713
chr7	171470011	2.048531747	92.21577816
chr7	171471155	2.061850945	92.21812168
chr7	171471235	5.517993979	92.21828662
chr7	171472032	5.020370457	92.22268447
chr7	171472050	4.835610957	92.22277483
chr7	171472107	4.77035364	92.22305046
chr7	171472139	0.8336894837	92.22320311
chr7	171472140	0.7709223261	92.22320395
chr7	171472176	0.6443768825	92.2232317
chr7	171472179	0.5084428175	92.22323363
chr7	171472404	0.5872013143	92.22334803
chr7	171478230	0.62646857	92.22676907
chr7	171486699	0.6513829337	92.23207463
chr7	171486775	0.5776850423	92.23212414
chr7	171625043	0.5879448111	92.31199949
chr7	171625080	0.4244434244	92.31202124
chr7	171625164	0.4428032152	92.3120569
chr7	171625293	0.662288084	92.31211402
chr7	171629931	0.6963469276	92.31518571
chr7	171729921	3.628920673	92.38481344
chr7	171729936	3.602145946	92.38486787
chr7	171730005	6.615039169	92.38511642
chr7	171731005	7.977217977	92.39173146
chr7	171731158	7.943159133	92.39295198
chr7	171731159	7.940271161	92.39295992
chr7	171731160	9.732201804	92.39296786
chr7	171731185	7.057358553	92.39321117
chr7	171732281	6.761620009	92.40094603
chr7	171732287	9.4212327	92.4009866
chr7	171733084	7.936336774	92.40849532
chr7	171733536	6.574157966	92.41208255
chr7	171733578	1.460994004	92.41235866
chr7	171733614	1.938903099	92.41241126
chr7	171733938	1.992513339	92.41303946
chr7	171733961	2.101286517	92.41308529
chr7	171735126	2.10244771	92.41553329
chr7	171735151	2.103608808	92.41558585
chr7	171735694	2.44824239	92.41672811
chr7	171792649	2.337211233	92.55616775
chr7	171792811	2.085942727	92.55654638
chr7	171794467	1.711206107	92.5600007
chr7	171795520	1.656687937	92.5618026
chr7	171795635	1.600786348	92.56199312
chr7	171796467	1.364277161	92.56332498
chr7	171796499	1.253209788	92.56336863
chr7	171796547	1.084965453	92.56342879
chr7	171796635	0.999959951	92.56352426
chr7	171796778	0.9798551339	92.56366726
chr7	171797715	0.8723454417	92.56458538
chr7	171798221	1.253303958	92.56502679
chr7	171798226	1.820381009	92.56503306
chr7	171798248	1.585068347	92.56507311
chr7	171798260	2.173408716	92.56509213
chr7	171798319	2.121201282	92.56522036
chr7	171798360	3.393646925	92.56530733
chr7	171803767	2.084414243	92.58365678
chr7	171803784	2.104171691	92.58369221
chr7	171803791	1.46935774	92.58370694
chr7	171804120	0.6261459831	92.58419036
chr7	171804138	0.5796393723	92.58420163
chr7	171807228	0.6985288015	92.58599271
chr7	171807271	0.4535356831	92.58602275
chr7	171807328	0.4708969738	92.5860486
chr7	171807413	0.4620479562	92.58608863
chr7	171807490	0.5515773869	92.58612421
chr7	171807546	0.5727971105	92.58615509
chr7	171832619	0.5688426891	92.60051684
chr7	171832628	0.432877292	92.60052196
chr7	171836227	0.3949819322	92.60207988
chr7	171837321	0.4177124536	92.60251199
chr7	171840974	0.8271961831	92.6040379
chr7	171878794	0.7982841496	92.63532246
chr7	171878822	0.6160988527	92.63534481
chr7	171878860	0.567791797	92.63536822
chr7	171879923	0.3672771817	92.63597178
chr7	171879975	0.4021285798	92.63599088
chr7	171883434	0.397380253	92.63738184
chr7	171883464	0.484372445	92.63739376
chr7	171883470	0.585596688	92.63739667
chr7	171887159	0.7854809315	92.63955694
chr7	171887170	1.604795229	92.63956558
chr7	171887230	1.643446289	92.63966186
chr7	171887483	1.681160003	92.64007766
chr7	171891126	1.683643253	92.64620212
chr7	171891348	1.854364655	92.64657589
chr7	171891349	2.112683736	92.64657775
chr7	171891378	1.678311824	92.64663901
chr7	171891628	1.791318477	92.64705859
chr7	171891787	1.994031385	92.64734341
chr7	171923096	1.907039193	92.70977454
chr7	171923114	2.055784768	92.70980887
chr7	171939638	1.994403295	92.74377865
chr7	171944991	1.942321258	92.75445469
chr7	171967783	7.260609585	92.79872408
chr7	171967864	7.206442339	92.79931219
chr7	171968800	8.531055733	92.80605742
chr7	171968836	8.486545488	92.80636454
chr7	171968885	5.482063735	92.80678038
chr7	171969909	5.440399994	92.81239401
chr7	171970002	5.400557225	92.81289997
chr7	171970010	5.356851598	92.81294317
chr7	171970021	5.291792314	92.8130021
chr7	171970026	5.247955541	92.81302856
chr7	171971197	3.115278249	92.81917391
chr7	171971656	4.311960434	92.82060383
chr7	171974290	3.305923007	92.83196153
chr7	171974302	3.875528615	92.8320012
chr7	171974339	4.180976333	92.8321446
chr7	171974340	4.383673415	92.83214878
chr7	171974421	6.012239577	92.83250385
chr7	171974495	6.196695976	92.83294876
chr7	171975653	6.34548352	92.84012453
chr7	171975794	6.456138414	92.84101925
chr7	171976409	8.316884237	92.84498977
chr7	171976430	14.44493419	92.84516443
chr7	171976436	16.46219323	92.8452511
chr7	171976440	17.90594305	92.84531695
chr7	171976442	19.56194525	92.84535276
chr7	171976538	22.5657478	92.8472307
chr7	171978284	22.54599036	92.8866305
chr7	171978476	25.71149037	92.89095933
chr7	171978808	21.19695939	92.89949555
chr7	171978828	18.04042275	92.89991948
chr7	171978900	17.99474009	92.90121839
chr7	171978940	18.2762955	92.90193818
chr7	171978967	20.02209593	92.90243164
chr7	171978998	12.91999532	92.90305233
chr7	171979708	12.0742241	92.91222553
chr7	171979883	12.10131419	92.91433852
chr7	171982036	11.48631695	92.94039264
chr7	171988861	11.80545742	93.01878676
chr7	171988997	10.69920637	93.0203923
chr7	171990292	10.45049229	93.03424777
chr7	171990314	10.05039147	93.03447768
chr7	171991349	10.99831779	93.04487984
chr7	171993186	10.81386139	93.06508375
chr7	171993200	8.503443437	93.06523514
chr7	171993212	15.72576513	93.06533718
chr7	171993223	15.52046086	93.06551017
chr7	171993506	15.31848813	93.06990246
chr7	171993782	15.32088785	93.07413036
chr7	171993829	14.16852959	93.07485044
chr7	171993871	8.936853466	93.07544552
chr7	171993939	10.25432962	93.07605323
chr7	171993953	10.71484061	93.07619679
chr7	171993955	10.28849631	93.07621822
chr7	171993965	9.868710114	93.0763211
chr7	171994397	9.452611017	93.08058438
chr7	171994494	9.929270019	93.08150129
chr7	171994608	9.6306494	93.08263322
chr7	171994665	9.661299483	93.08318217
chr7	171994676	7.306330519	93.08328845
chr7	171994697	7.153615502	93.08344188
chr7	171994940	6.998066636	93.08518021
chr7	171995945	11.20254781	93.09221326
chr7	171995962	15.60375357	93.09240371
chr7	171996612	15.48284466	93.10254615
chr7	171996671	15.33553164	93.10345963
chr7	171996765	11.85709915	93.10490117
chr7	171996818	9.091387185	93.1055296
chr7	171999664	9.07268031	93.13140369
chr7	172001727	4.188858659	93.15012063
chr7	172001791	6.021858184	93.15038872
chr7	172001837	6.087329268	93.15066572
chr7	172002018	6.788503676	93.15176753
chr7	172002044	6.57350783	93.15194403
chr7	172002119	6.53840413	93.15243704
chr7	172004004	8.410368516	93.16476193
chr7	172004147	8.443831988	93.16596462
chr7	172005177	8.449060094	93.17466176
chr7	172005876	6.086394289	93.18056766
chr7	172005912	6.103088141	93.18078677
chr7	172006027	3.752344671	93.18148862
chr7	172006935	2.850620402	93.18489575
chr7	172006951	2.739965507	93.18494136
chr7	172056798	2.672059131	93.32152042
chr7	172056803	2.7035417	93.32153378
chr7	172060077	2.585277035	93.33038518
chr7	172060087	2.555481294	93.33041103
chr7	172106268	2.375846573	93.44842571
chr7	172107150	2.066864115	93.45052121
chr7	172107156	2.097831117	93.45053361
chr7	172107175	2.080438605	93.45057347
chr7	172107176	2.320765913	93.45057555
chr7	172107201	2.292697407	93.45063357
chr7	172107351	2.53332062	93.45097747
chr7	172115517	4.236932397	93.47166457
chr7	172117351	3.780515021	93.4794351
chr7	172117374	3.042879396	93.47952205
chr7	172117506	1.346415172	93.47992371
chr7	172117566	1.408350188	93.4800045
chr7	172117947	1.378092297	93.48054108
chr7	172117950	6.514114217	93.48054521
chr7	172118559	6.49764864	93.48451231
chr7	172118577	0.8866648218	93.48462927
chr7	172118649	1.001005187	93.48469311
chr7	172118926	0.9867283163	93.48497039
chr7	172119051	0.9937174597	93.48509373
chr7	172119904	0.7447572366	93.48594137
chr7	172173129	0.7255946529	93.52558107
chr7	172173232	0.6732268488	93.52565581
chr7	172173242	0.6382339839	93.52566254
chr7	172173289	0.578504461	93.52569254
chr7	172173632	0.5912205952	93.52589096
chr7	172173643	0.6194725807	93.52589747
chr7	172174087	0.6273394217	93.52617251
chr7	172180053	0.571192028	93.52991522
chr7	172180105	0.5783076489	93.52994492
chr7	172180110	0.5310371395	93.52994781
chr7	172180149	0.5440664565	93.52996852
chr7	172181149	0.5072425506	93.53051259
chr7	172183168	0.5107056393	93.53153671
chr7	172269702	0.3855160673	93.57573012
chr7	172269813	0.3498188331	93.57577291
chr7	172269849	0.4089525753	93.5757855
chr7	172270037	0.4142394654	93.57586238
chr7	172295676	0.358446122	93.58648307
chr7	172295724	0.3693352231	93.58650028
chr7	172425068	0.3499385222	93.63427157
chr7	172444758	0.2982066922	93.64116186
chr7	172446045	0.3139812637	93.64154565
chr7	172611937	0.3038973954	93.69363263
chr7	172612341	0.1833800735	93.69375541
chr7	172614194	0.1630321276	93.69409521
chr7	172664604	9.236744246	93.70231366
chr7	172664627	9.212994576	93.7025261
chr7	172664712	9.207848908	93.70330921
chr7	172664855	59.17414693	93.70462593
chr7	172664924	9.36693319	93.70870895
chr7	172664982	0.4043528506	93.70925223
chr7	172665015	0.5631952632	93.70926557
chr7	172665108	0.6013041682	93.70931795
chr7	172665124	0.7618702346	93.70932757
chr7	172665135	0.9092344178	93.70933595
chr7	172665177	1.064829443	93.70937414
chr7	172682219	1.058719459	93.72752096
chr7	172682255	1.053652806	93.72755908
chr7	172686596	0.7340024584	93.73213298
chr7	172686654	0.72896835	93.73217556
chr7	172686720	0.5701259377	93.73222367
chr7	172686762	36.48340264	93.73224761
chr7	172686768	42.77052026	93.73246651
chr7	172686858	6.852932347	93.73631586
chr7	172687287	7.162113098	93.73925577
chr7	172687290	0.6067131579	93.73927725
chr7	172687302	0.9097488315	93.73928454
chr7	172687335	0.7916722709	93.73931456
chr7	172687365	1.102525626	93.73933831
chr7	172687372	1.153111417	93.73934603
chr7	172687381	1.254265188	93.7393564
chr7	172687406	1.273213452	93.73938776
chr7	172687412	1.363220292	93.7393954
chr7	172687413	1.675934545	93.73939676
chr7	172687430	1.727255263	93.73942525
chr7	172687440	1.777224458	93.73944253
chr7	172687445	1.967491146	93.73945141
chr7	172692851	1.988472357	93.75008767
chr7	172698438	2.545980125	93.76119726
chr7	172698456	1.926029176	93.76124309
chr7	172698602	1.970829189	93.76152429
chr7	172701519	0.9167578336	93.7672732
chr7	172702947	0.924030488	93.76858233
chr7	172712861	1.013500834	93.77774317
chr7	172753937	1.231777159	93.81937373
chr7	172754555	1.261832992	93.82013497
chr7	172754609	1.094323839	93.82020311
chr7	172755523	1.256346234	93.82120332
chr7	172755527	1.176194966	93.82120834
chr7	172755538	1.35389183	93.82122128
chr7	172755548	1.329274745	93.82123482
chr7	172755577	1.324177842	93.82127337
chr7	172755608	1.502878646	93.82131442
chr7	172755610	1.655890757	93.82131743
chr7	172756305	1.840901466	93.82246827
chr7	172756436	1.984153257	93.82270943
chr7	172757113	2.371369733	93.8240527
chr7	172757165	4.211537328	93.82417601
chr7	172757226	4.447139343	93.82443291
chr7	172769732	3.717492179	93.88004884
chr7	172774901	2.954071416	93.89926456
chr7	172774940	2.397967615	93.89937976
chr7	172774943	2.220206616	93.89938696
chr7	172775542	2.032598489	93.90071686
chr7	172775559	1.300601882	93.90075142
chr7	172775610	1.122869516	93.90081775
chr7	172775622	1.163722614	93.90083122
chr7	172775652	1.278989128	93.90086613
chr7	172775715	1.321313695	93.90094671
chr7	172776557	1.282624466	93.90205926
chr7	172776802	1.157889545	93.9023735
chr7	172794058	1.257236186	93.92235404
chr7	172794081	1.407130812	93.92238296
chr7	172857033	1.727810653	94.01096466
chr7	172857173	1.664504875	94.01120655
chr7	172860014	1.415854564	94.01593541
chr7	172860152	1.363673205	94.0161308
chr7	172862123	1.643577649	94.0188186
chr7	172867297	1.59650335	94.02732247
chr7	172867368	5.014459442	94.02743582
chr7	172867371	4.837472293	94.02745086
chr7	172867443	4.806208809	94.02779916
chr7	172867671	4.762170099	94.02889498
chr7	172867697	6.892994922	94.02901879
chr7	172868327	10.31434428	94.03336138
chr7	172868350	14.08641711	94.03359861
chr7	172868356	13.55090712	94.03368313
chr7	172868394	13.51376946	94.03419806
chr7	172868420	18.74802359	94.03454942
chr7	172868421	18.44527732	94.03456817
chr7	172868824	18.4533714	94.04200161
chr7	172869264	10.46484447	94.0501211
chr7	172869315	4.920964726	94.0506548
chr7	172869358	1.742330954	94.05086641
chr7	172869370	1.98942668	94.05088731
chr7	172871483	1.081026993	94.05509097
chr7	172871738	1.129627211	94.05536663
chr7	172871851	1.230408488	94.05549428
chr7	172871865	1.254740663	94.05551151
chr7	172871872	1.339086783	94.05552029
chr7	172871917	1.347276929	94.05558055
chr7	172871992	1.39518129	94.0556816
chr7	172872009	1.419538219	94.05570531
chr7	172872118	1.828847608	94.05586004
chr7	172872156	1.871185987	94.05592954
chr7	172887024	1.917718084	94.08375033
chr7	172887046	1.992526471	94.08379252
chr7	172887069	2.021961321	94.08383835
chr7	172887127	2.049240464	94.08395562
chr7	172887136	2.078692162	94.08397407
chr7	172887144	2.0956476	94.0839907
chr7	172887618	2.115194568	94.08498403
chr7	172887632	2.162474162	94.08501365
chr7	172887801	2.189889749	94.08537911
chr7	172948102	2.058526412	94.21743165
chr7	173002500	2.171943104	94.32941137
chr7	173004180	2.068581487	94.33306023
chr7	173004198	2.65002164	94.33309747
chr7	173008754	2.798929576	94.34517096
chr7	173013512	2.881035059	94.35848827
chr7	173013557	6.19907958	94.35861792
chr7	173013621	6.945950958	94.35901466
chr7	173013648	7.585767928	94.3592022
chr7	173013677	7.884911513	94.35942219
chr7	173014751	5.240317783	94.36789058
chr7	173014753	5.26646647	94.36790106
chr7	173014979	6.340306238	94.36909128
chr7	173016841	6.391665948	94.38089693
chr7	173019828	6.586751379	94.39998884
chr7	173020809	5.972295289	94.40645044
chr7	173020825	5.851025573	94.406546
chr7	173020829	5.984814905	94.4065694
chr7	173023879	5.791145284	94.42482309
chr7	173023881	5.877049371	94.42483467
chr7	173023891	5.832023096	94.42489344
chr7	173023905	5.503234428	94.42497509
chr7	173048423	5.622021068	94.55990339
chr7	173048862	5.524034012	94.56237146
chr7	173049280	5.182787115	94.56468051
chr7	173049317	5.185708507	94.56487227
chr7	173059811	5.093123804	94.61929109
chr7	173059812	4.92059575	94.61929619
chr7	173060875	4.260312504	94.62452678
chr7	173063994	4.252894271	94.6378147
chr7	173063997	2.227255288	94.63782745
chr7	173064015	1.826040027	94.63786754
chr7	173083255	1.809868193	94.67300055
chr7	173083268	6.570237025	94.67302408
chr7	173083385	6.524040745	94.6737928
chr7	173083407	6.560499382	94.67393633
chr7	173083488	6.544786292	94.67446773
chr7	173083956	6.547332595	94.67753069
chr7	173083965	6.484501913	94.67758962
chr7	173083969	1.485474553	94.67761555
chr7	173084609	1.563128097	94.67856626
chr7	173132814	1.597652091	94.75391685
chr7	173177007	1.58333707	94.82452189
chr7	173177065	1.546047175	94.82461372
chr7	173177088	1.514800779	94.82464928
chr7	173177090	1.477777179	94.82465231
chr7	173177921	1.441081052	94.82588034
chr7	173177945	1.219789957	94.82591493
chr7	173177971	0.963273229	94.82594664
chr7	173178035	2.771663129	94.82600829
chr7	173178717	2.68994029	94.82789857
chr7	173180274	2.720192072	94.8320868
chr7	173180285	2.714907026	94.83211672
chr7	173180299	1.192082573	94.83215473
chr7	173180319	1.151356353	94.83217858
chr7	173183088	1.243400173	94.83536668
chr7	173186203	1.276716511	94.83923987
chr7	173186231	1.209446083	94.83927562
chr7	173186287	1.186098647	94.83934335
chr7	173186320	1.225329355	94.83938249
chr7	173186666	1.256933381	94.83980645
chr7	173186702	1.756371506	94.8398517
chr7	173187143	1.887096976	94.84062626
chr7	173187146	1.823641285	94.84063193
chr7	173187157	1.812792684	94.84065199
chr7	173187259	1.846452506	94.84083689
chr7	173187472	1.609825315	94.84123018
chr7	173187527	1.681208517	94.84131873
chr7	173289434	3.053592244	95.01264564
chr7	173289474	4.678678916	95.01276779
chr7	173289512	5.702639285	95.01294558
chr7	173289686	5.602185357	95.01393783
chr7	173289827	8.695465332	95.01472774
chr7	173289834	10.96949034	95.01478861
chr7	173292764	6.241150835	95.04692922
chr7	173292802	5.948218474	95.04716638
chr7	173292851	5.931662377	95.04745784
chr7	173292859	5.866689088	95.0475053
chr7	173292871	5.800902608	95.0475757
chr7	173292879	3.597979115	95.0476221
chr7	173293402	3.566725832	95.04950385
chr7	173293428	3.554875221	95.04959658
chr7	173294121	2.780733293	95.05206011
chr7	173294174	2.765754931	95.05220749
chr7	173294235	4.183090274	95.0523762
chr7	173294238	4.145690845	95.05238875
chr7	173294240	4.115439065	95.05239704
chr7	173294253	3.304536878	95.05245054
chr7	173294651	3.288172525	95.05376575
chr7	173294705	3.380051711	95.05394331
chr7	173294771	5.848100746	95.05416639
chr7	173294774	5.563898748	95.05418394
chr7	173295474	5.57605707	95.05807867
chr7	173296420	2.01670096	95.06335362
chr7	173296516	2.056413334	95.06354722
chr7	173296619	2.15819372	95.06375903
chr7	173296641	2.365766296	95.06380651
chr7	173298780	2.367816908	95.06886688
chr7	173298784	2.472741821	95.06887636
chr7	173298893	2.473802232	95.06914588
chr7	173299767	2.505898106	95.07130799
chr7	173327388	2.355286341	95.1405234
chr7	173327389	2.368987329	95.14052575
chr7	173327413	3.099320727	95.14058261
chr7	173327939	3.088636707	95.14221285
chr7	173327965	2.959443488	95.14229316
chr7	173331935	2.878323643	95.15404215
chr7	173331999	2.793404655	95.15422636
chr7	173332213	2.588186418	95.15482415
chr7	173332228	1.56188328	95.15486297
chr7	173332229	1.096091462	95.15486453
chr7	173333448	0.9091264654	95.15620067
chr7	173407185	0.8770305917	95.22323693
chr7	173411787	0.8538651852	95.22727302
chr7	173411796	0.8130198381	95.22728071
chr7	173411797	0.833249102	95.22728152
chr7	173570748	0.8680125948	95.3597273
chr7	173571901	0.9060609599	95.36072812
chr7	173571911	0.8813594619	95.36073718
chr7	173579026	0.8884857703	95.36700805
chr7	173579034	0.8874816842	95.36701516
chr7	173579039	0.7851161404	95.3670196
chr7	173579051	0.758842603	95.36702902
chr7	173579054	0.7588291428	95.36703129
chr7	173579083	0.7245230855	95.3670533
chr7	173579109	0.7825362074	95.36707214
chr7	173579136	0.8701536236	95.36709327
chr7	173582227	0.8868888696	95.36978291
chr7	173668457	0.8973865343	95.44625934
chr7	173669162	0.9327476617	95.446892
chr7	173671371	0.9485408041	95.44895243
chr7	173718424	0.9598312781	95.49358413
chr7	173718725	1.001984997	95.49387303
chr7	173718748	0.9773944816	95.49389608
chr7	173764818	0.9182861745	95.53892464
chr7	173765025	0.8812004462	95.53911473
chr7	173766661	0.6966781212	95.54055637
chr7	173770921	0.6172588857	95.54352422
chr7	173771111	0.5633870064	95.5436415
chr7	173771245	0.8348411879	95.54371699
chr7	173771297	0.8600370904	95.54376041
chr7	173771321	0.8858347343	95.54378105
chr7	173775823	0.8995790143	95.54776908
chr7	173775912	0.9402026626	95.54784914
chr7	173777011	0.961645425	95.54888242
chr7	173777142	0.9538963268	95.5490084
chr7	173778644	1.015176511	95.55044115
chr7	173778849	1.046489971	95.55064926
chr7	173778867	1.077597464	95.5506681
chr7	173779070	1.108769083	95.55088685
chr7	173779118	1.143683733	95.55094007
chr7	173779123	1.126451306	95.55094579
chr7	173781330	1.164186898	95.55343187
chr7	173781332	1.133642715	95.55343419
chr7	173781381	1.27040915	95.55348974
chr7	173781411	1.302468613	95.55352786
chr7	173781434	1.334534933	95.55355781
chr7	173781541	1.366633197	95.55370061
chr7	173781552	1.416596302	95.55371564
chr7	173781589	1.550731915	95.55376805
chr7	173781654	1.671643914	95.55386885
chr7	173808492	1.747401302	95.59873243
chr7	173808604	1.843957424	95.59892814
chr7	173808622	1.972252849	95.59896133
chr7	173809210	1.957794887	95.60012102
chr7	173810191	1.980892486	95.60204161
chr7	173872694	1.793762555	95.72585334
chr7	173872700	1.92438556	95.7258641
chr7	173888951	1.539442379	95.75713729
chr7	173888973	1.498552908	95.75717116
chr7	173889055	1.703226088	95.75729404
chr7	173889102	1.639978812	95.75737409
chr7	173889132	1.610733224	95.75742329
chr7	173889229	1.56459118	95.75757953
chr7	173889673	2.417865055	95.75827421
chr7	173889692	2.565574221	95.75832015
chr7	173889698	2.610547462	95.75833554
chr7	173889727	2.686676915	95.75841125
chr7	173890072	2.663370583	95.75933815
chr7	173898481	3.778611577	95.78173443
chr7	173898519	3.834108316	95.78187802
chr7	173898534	3.928616939	95.78193553
chr7	173898551	3.628078652	95.78200232
chr7	173898553	3.857553497	95.78200957
chr7	173898558	5.266313551	95.78202886
chr7	173898584	5.236897286	95.78216579
chr7	173899401	5.326652429	95.78644433
chr7	173899418	5.430677363	95.78653488
chr7	173901467	5.887211347	95.79766234
chr7	173901533	4.813682409	95.7980509
chr7	173901541	5.699063652	95.79808941
chr7	173902793	5.797201325	95.80522464
chr7	173902815	6.209167725	95.80535217
chr7	173902843	6.50718044	95.80552603
chr7	173902939	6.478778104	95.80615072
chr7	173902942	6.577695718	95.80617016
chr7	173902958	6.890455917	95.8062754
chr7	173904964	7.137803706	95.82009765
chr7	173904972	7.242768528	95.82015476
chr7	173905428	7.359299137	95.82345746
chr7	173905435	6.094693134	95.82350897
chr7	173905436	6.201161995	95.82351507
chr7	173905437	5.990706948	95.82352127
chr7	173905440	6.213839254	95.82353924
chr7	173934446	6.169582125	96.00377786
chr7	173935014	4.185022464	96.00728219
chr7	173935389	4.07871447	96.00885157
chr7	173935630	4.003694896	96.00983454
chr7	173937796	3.583320171	96.01850654
chr7	173937813	4.764155085	96.01856746
chr7	173937818	5.039021943	96.01859128
chr7	173937924	5.722595472	96.01912542
chr7	173937976	6.303444601	96.01942299
chr7	173938783	6.329276651	96.02450987
chr7	173939573	4.349304699	96.02951
chr7	173940208	10.58128483	96.03227181
chr7	173940289	10.48928305	96.03312889
chr7	173940644	2.51413266	96.03685259
chr7	173940647	2.510413846	96.03686013
chr7	173940680	2.546316412	96.03694297
chr7	173941435	2.460055539	96.03886544
chr7	173941457	10.9094506	96.03891956
chr7	173941519	10.93589976	96.03959595
chr7	173941675	10.87607324	96.04130195
chr7	173941817	10.90208577	96.04284635
chr7	173941825	1.553597905	96.04293357
chr7	173941918	1.573804649	96.04307805
chr7	173941926	1.468773876	96.04309064
chr7	173942487	1.48811697	96.04391463
chr7	173942490	1.508337343	96.04391909
chr7	173942556	1.555226808	96.04401864
chr7	173942613	1.575512259	96.04410729
chr7	173943007	0.8735706401	96.04472804
chr7	173943055	0.8929755737	96.04476997
chr7	173943133	0.9104765488	96.04483962
chr7	174071870	0.857366125	96.16205164
chr7	174072248	0.8080488733	96.16237573
chr7	174074356	0.7297542072	96.1640791
chr7	174074479	0.7035305658	96.16416886
chr7	174074501	0.6510920583	96.16418433
chr7	174075043	0.7074942439	96.16453722
chr7	174075234	0.6824049198	96.16467236
chr7	174108722	0.6971353741	96.18752473
chr7	174112538	0.6565920871	96.190185
chr7	174112561	0.6161941059	96.1902001
chr7	174112571	0.5959086549	96.19020626
chr7	174112978	0.7394182515	96.1904488
chr7	174112987	0.6999467672	96.19045545
chr7	174112995	0.7467366157	96.19046105
chr7	174113003	0.7266389473	96.19046703
chr7	174116826	0.6483777236	96.19324497
chr7	174120584	0.6290801016	96.19568157
chr7	174120705	0.651153978	96.19575769
chr7	174120725	0.5965843965	96.19577071
chr7	174120734	0.774317903	96.19577608
chr7	174132164	0.7952568896	96.20462654
chr7	174133314	0.7679562511	96.20554108
chr7	174133417	0.8087977333	96.20562018
chr7	174137002	0.665288136	96.20851972
chr7	174137099	0.7144305959	96.20858425
chr7	174137111	0.7389270117	96.20859283
chr7	174140132	0.4497133717	96.21082513
chr7	174149017	0.4844567289	96.21482083
chr7	174217833	0.4436152467	96.2481592
chr7	174220693	0.4495868052	96.24942794
chr7	174220847	0.4371779564	96.24949718
chr7	174276338	0.4268827334	96.27375662
chr7	174276865	0.5262420997	96.27398159
chr7	174276881	0.4241244748	96.27399001
chr7	174276893	0.4142049736	96.2739951
chr7	174277522	0.4513030708	96.27425563
chr7	174277853	0.6213434834	96.27440501
chr7	174277947	0.7571355809	96.27446342
chr7	174277948	0.7326577795	96.27446418
chr7	174277955	0.9591967611	96.27446931
chr7	174277965	1.106642454	96.2744789
chr7	174321512	0.9160234073	96.32266986
chr7	174321595	0.8372050048	96.32274589
chr7	174322339	1.273398649	96.32336877
chr7	174322396	2.742536344	96.32344135
chr7	174322407	2.66497685	96.32347152
chr7	174322420	3.982185265	96.32350616
chr7	174322451	4.766559949	96.32362961
chr7	174327252	5.566102843	96.34651387
chr7	174327294	4.803022684	96.34674764
chr7	174327306	4.097399563	96.34680528
chr7	174327330	2.630056193	96.34690362
chr7	174329929	2.610999001	96.35373913
chr7	174330198	1.440708926	96.35444149
chr7	174330243	0.9385891196	96.35450632
chr7	174330347	1.030809919	96.35460394
chr7	174330349	1.249888264	96.354606
chr7	174330379	1.287360543	96.35464349
chr7	174366222	2.967486362	96.40078636
chr7	174366225	2.879023208	96.40079526
chr7	174366254	2.783001078	96.40087875
chr7	174366994	2.890216742	96.40293817
chr7	174367398	4.208135153	96.40410582
chr7	174367732	5.553546895	96.40551134
chr7	174369996	3.857288216	96.41808457
chr7	174370014	15.22256717	96.418154
chr7	174370023	15.29824543	96.418291
chr7	174370045	15.37394862	96.41862756
chr7	174370456	15.33685052	96.42494626
chr7	174370470	8.054736077	96.42516097
chr7	174370482	8.121476457	96.42525763
chr7	174370522	8.285427191	96.42558249
chr7	174370534	3.347134205	96.42568191
chr7	174370551	3.547623141	96.42573881
chr7	174370593	4.226907996	96.42588781
chr7	174377460	5.008155201	96.45491399
chr7	174379193	4.701994759	96.46359313
chr7	174415580	4.154192473	96.63468461
chr7	174415587	3.983757336	96.63471369
chr7	174415616	4.978769178	96.63482922
chr7	174417618	11.38158267	96.64479671
chr7	174417656	12.07291505	96.64522921
chr7	174417667	11.54910574	96.64536201
chr7	174417728	12.42566168	96.64606651
chr7	174418024	14.97080642	96.64974451
chr7	174418030	13.54260652	96.64983433
chr7	174418106	15.46986464	96.65086357
chr7	174418123	16.4703715	96.65112656
chr7	174418186	17.34231752	96.65216419
chr7	174418189	18.21469416	96.65221622
chr7	174418485	18.33402038	96.65760777
chr7	174418654	18.41362772	96.66070622
chr7	174420385	24.59640976	96.69258021
chr7	174420411	23.08293157	96.69321971
chr7	174420933	25.19031211	96.705269
chr7	174420954	24.08772227	96.705798
chr7	174420966	24.23269745	96.70608705
chr7	174421119	23.16974512	96.70979465
chr7	174421134	18.56670832	96.7101422
chr7	174421156	23.06105377	96.71055067
chr7	174422132	27.61357101	96.73305826
chr7	174422134	27.67234987	96.73311348
chr7	174422140	24.22867979	96.73327952
chr7	174422153	20.74997127	96.73359449
chr7	174422178	19.85004568	96.73411324
chr7	174422272	18.35051634	96.73597914
chr7	174422285	15.15601434	96.7362177
chr7	174422385	15.13077575	96.7377333
chr7	174422397	15.06770661	96.73791487
chr7	174422453	13.68288125	96.73875866
chr7	174422473	13.84765434	96.73903232
chr7	174422476	12.39221342	96.73907386
chr7	174422520	12.47495099	96.73961912
chr7	174422527	12.94994426	96.73970645
chr7	174422529	13.17641066	96.73973235
chr7	174422532	12.98801473	96.73977188
chr7	174422556	13.28217725	96.74008359
chr7	174422560	12.58454986	96.74013672
chr7	174422569	10.47716932	96.74024998
chr7	174422643	9.785836943	96.74102529
chr7	174422655	9.787072886	96.74114272
chr7	174422800	9.846526827	96.74256184
chr7	174422940	5.59611891	96.74394036
chr7	174437948	6.341470395	96.82792691
chr7	174438276	6.419418356	96.83000691
chr7	174464177	6.498030277	96.99627627
chr7	174464182	6.25916323	96.99630876
chr7	174464190	6.176425659	96.99635883
chr7	174465808	6.03624625	97.00635229
chr7	174473778	5.901705478	97.05446117
chr7	174473780	6.393597982	97.05447297
chr7	174473820	6.096256321	97.05472872
chr7	174473828	6.038338583	97.05477749
chr7	174473854	5.549771118	97.05493448
chr7	174473895	6.147795489	97.05516202
chr7	174473918	6.051946877	97.05530342
chr7	174474223	6.018677799	97.05714927
chr7	174480767	5.959450599	97.09653549
chr7	174480783	5.811235833	97.09663085
chr7	174480789	5.92058008	97.09666571
chr7	174480790	5.653928772	97.09667163
chr7	174480793	5.622643161	97.0966886
chr7	174480799	5.97316383	97.09672233
chr7	174480817	6.271035525	97.09682985
chr7	174481301	6.445270485	97.09986503
chr7	174483769	5.106560793	97.11577196
chr7	174490324	4.651643683	97.14924546
chr7	174490341	4.575458469	97.14932454
chr7	174490358	4.746321562	97.14940232
chr7	174496766	4.449855142	97.17981675
chr7	174496789	18.07499738	97.1799191
chr7	174496863	18.03303575	97.18125665
chr7	174496914	17.83784469	97.18217633
chr7	174496965	17.62457767	97.18308606
chr7	174497033	3.494763887	97.18428454
chr7	174497074	3.943836668	97.18442782
chr7	174505271	3.891984581	97.21675545
chr7	174505918	2.800850956	97.21927356
chr7	174505930	2.479598278	97.21930717
chr7	174505969	2.028662796	97.21940388
chr7	174505972	2.024860199	97.21940996
chr7	174505981	1.850247876	97.21942819
chr7	174506004	1.89396514	97.21947074
chr7	174506067	2.054835913	97.21959006
chr7	174506070	2.015604741	97.21959623
chr7	174506107	1.505136426	97.21967081
chr7	174506150	1.599964782	97.21973553
chr7	174506528	1.683721933	97.22034031
chr7	174506534	1.747295754	97.22035042
chr7	174507132	2.001357331	97.2213953
chr7	174507134	2.079001923	97.2213993
chr7	174507145	2.872757188	97.22142217
chr7	174507223	3.009927515	97.22164625
chr7	174507314	4.010385622	97.22192015
chr7	174507338	4.335133547	97.2220164
chr7	174509076	4.748208935	97.22955086
chr7	174509140	4.949546412	97.22985475
chr7	174542429	5.052098354	97.3946202
chr7	174542442	5.961883816	97.39468587
chr7	174542507	5.928799694	97.3950734
chr7	174543473	5.848976218	97.40080062
chr7	174543491	5.890874895	97.4009059
chr7	174543851	6.220647234	97.40302661
chr7	174581441	6.044026177	97.63686074
chr7	174581537	6.703832298	97.63744097
chr7	174581561	7.01372114	97.63760186
chr7	174581569	6.780498444	97.63765797
chr7	174581608	6.86863401	97.63792241
chr7	174581614	7.212706338	97.63796362
chr7	174584867	8.905899659	97.66142656
chr7	174590462	8.757171973	97.71125506
chr7	174590603	8.715777857	97.71248983
chr7	174590619	8.674379764	97.71262928
chr7	174590641	8.077276445	97.71282011
chr7	174591240	8.033266911	97.7176584
chr7	174593032	7.757070439	97.73205402
chr7	174593073	7.456199983	97.73237206
chr7	174593142	8.077804543	97.73288653
chr7	174594465	8.794627355	97.74357347
chr7	174595680	9.101443831	97.75425894
chr7	174595695	9.115128501	97.75439546
chr7	174595703	9.080229123	97.75446838
chr7	174595814	9.041352299	97.75547629
chr7	174597836	8.506462485	97.7737579
chr7	174598343	6.964051352	97.77807068
chr7	174598345	4.325315876	97.77808461
chr7	174598370	5.882517139	97.77819274
chr7	174598403	6.289647923	97.77838687
chr7	174598419	6.965696866	97.7784875
chr7	174598962	7.055447874	97.78226987
chr7	174599053	7.050728283	97.78291192
chr7	174600983	7.18806942	97.79651982
chr7	174600995	7.184769845	97.79660608
chr7	174601005	5.838824657	97.79667793
chr7	174601162	5.903020704	97.79759462
chr7	174609630	6.112797069	97.8475814
chr7	174625764	5.776408151	97.94620527
chr7	174625777	5.734509474	97.94628036
chr7	174626065	4.891188815	97.9479319
chr7	174626086	9.24385229	97.94803462
chr7	174626138	7.9540609	97.9485153
chr7	174626286	7.975635073	97.9496925
chr7	174626655	7.697430834	97.95263551
chr7	174626665	7.718423543	97.95271248
chr7	174626674	1.869919685	97.95278195
chr7	174627459	1.852269641	97.95424984
chr7	174627592	1.785481356	97.95449619
chr7	174629488	1.729501176	97.95788146
chr7	174633671	1.797394773	97.96511596
chr7	174633812	2.214245819	97.9653694
chr7	174663920	2.135219307	98.03203591
chr7	174701539	1.952410945	98.11236073
chr7	174704122	1.86994426	98.1174038
chr7	174704152	1.825751236	98.1174599
chr7	174704155	1.849780694	98.11746538
chr7	174704200	1.87381769	98.11754862
chr7	174704203	1.777558305	98.11755424
chr7	174704474	1.76797675	98.11803596
chr7	174704517	1.80823122	98.11811198
chr7	174704859	1.790847782	98.1187304
chr7	174704887	1.900922423	98.11878054
chr7	174704893	1.811466731	98.11879195
chr7	174704894	1.896434001	98.11879376
chr7	174716805	1.879974728	98.14138218
chr7	174717319	1.890294973	98.14234849
chr7	174717344	1.990704881	98.14239575
chr7	174717346	2.153017603	98.14239973
chr7	174786011	2.035907011	98.29023668
chr7	174786016	1.611540847	98.29024686
chr7	174786044	1.485108186	98.29029198
chr7	174786047	1.073194276	98.29029644
chr7	174786362	0.9690744573	98.2906345
chr7	174786535	0.9464997661	98.29080215
chr7	174786588	1.067116793	98.29085231
chr7	174786637	1.264245682	98.2909046
chr7	174786648	1.214497124	98.29091851
chr7	174786657	1.193011223	98.29092944
chr7	174786745	1.423909565	98.29103442
chr7	174786778	1.477669438	98.29108141
chr7	174786781	1.531195617	98.29108584
chr7	174786801	1.900812354	98.29111647
chr7	174787788	1.985980077	98.29299257
chr7	174790164	2.060429145	98.29771126
chr7	174790331	2.176960562	98.29805535
chr7	174790356	2.237154615	98.29810977
chr7	174790897	2.216161906	98.29932007
chr7	174790986	2.398901082	98.29951731
chr7	174796458	2.58122194	98.3126441
chr7	174828269	2.633335636	98.39475535
chr7	174828294	3.841442215	98.39482118
chr7	174841836	4.40800757	98.44684199
chr7	174841837	4.788352892	98.4468464
chr7	174847494	5.755040562	98.47393411
chr7	174847528	5.728562556	98.47412979
chr7	174847534	5.46883266	98.47416416
chr7	174847632	4.167379863	98.4747001
chr7	174847634	4.15171161	98.47470844
chr7	174847640	4.367201017	98.47473335
chr7	174847675	5.389900383	98.4748862
chr7	174847940	8.712968842	98.47631452
chr7	174848160	8.653350406	98.47823138
chr7	174849296	6.110817542	98.48806158
chr7	174849346	8.64053659	98.48836712
chr7	174849392	8.582326375	98.48876459
chr7	174849435	8.655170532	98.48913363
chr7	174849436	8.724211015	98.48914228
chr7	174850700	7.30182277	98.50016969
chr7	174850710	3.638230272	98.5002427
chr7	174850734	3.584482968	98.50033002
chr7	174850785	3.530599582	98.50051283
chr7	174850909	3.455435244	98.50095062
chr7	174851138	3.889962761	98.50174192
chr7	174851192	4.282569915	98.50195198
chr7	174851210	4.662562703	98.50202906
chr7	174851382	5.193578393	98.50283102
chr7	174851734	5.84788277	98.50465916
chr7	174852285	5.054401858	98.50788135
chr7	174852853	5.036153725	98.51075225
chr7	174853005	5.664728864	98.51151774
chr7	174853082	5.739207156	98.51195393
chr7	174853089	5.813650067	98.5119941
chr7	174853382	5.908713749	98.5136975
chr7	174854481	5.817049262	98.52019118
chr7	174857661	5.235359611	98.53868939
chr7	174858103	5.435899081	98.54100342
chr7	174858148	5.021691124	98.54124804
chr7	174860283	4.071347564	98.55196935
chr7	174860295	4.298780065	98.55201821
chr7	174860315	3.57259755	98.55210418
chr7	174889568	3.54564048	98.65661338
chr7	174889639	3.636352048	98.65686512
chr7	174889649	3.725769759	98.65690148
chr7	174898316	3.596808855	98.68919273
chr7	174899213	3.52419413	98.69241907
chr7	174899373	3.364573146	98.69298294
chr7	174899402	3.290130234	98.69308051
chr7	174907852	4.183078839	98.72088211
chr7	174909679	7.620130667	98.72852459
chr7	174909693	8.125662364	98.72863128
chr7	174909703	8.305171164	98.72871253
chr7	174909704	20.83901972	98.72872084
chr7	174909731	20.54783548	98.72928349
chr7	174909752	20.72565958	98.729715
chr7	174909755	21.00484789	98.72977717
chr7	174909978	8.990494614	98.73446125
chr7	174910478	11.65279157	98.7389565
chr7	174910591	11.74215186	98.74027327
chr7	174911097	12.50453123	98.7462148
chr7	174911713	12.38353986	98.75391759
chr7	174911773	11.20247453	98.7546606
chr7	174922737	14.7642455	98.87748453
chr7	174923534	7.268626488	98.88925163
chr7	174923552	7.236272572	98.88938247
chr7	174923568	6.932197667	98.88949825
chr7	174923604	7.282440959	98.88974781
chr7	174923674	7.140567186	98.89025758
chr7	174923681	6.854593698	98.89030756
chr7	174923703	6.931345135	98.89045836
chr7	174925820	6.991603045	98.90513202
chr7	174925999	7.020352113	98.90638352
chr7	174927550	6.266181297	98.91727209
chr7	174927553	6.056672635	98.91729088
chr7	174927581	5.189769297	98.91746047
chr7	174927582	4.997043348	98.91746566
chr7	174927585	4.511056598	98.91748065
chr7	174927610	4.31863183	98.91759343
chr7	174927646	4.03603099	98.9177489
chr7	174927968	4.065837116	98.9190485
chr7	174928021	3.705595209	98.91926399
chr7	174928181	3.790845062	98.91985689
chr7	174968623	2.517395128	99.07316624
chr7	174969263	2.931971508	99.07477737
chr7	174969265	3.096837357	99.07478324
chr7	174969371	3.62504439	99.0751115
chr7	174970898	3.695445325	99.08064695
chr7	174974320	3.708192551	99.09329276
chr7	174974375	3.633815481	99.09349671
chr7	174974376	3.75478143	99.09350034
chr7	174986119	3.550244496	99.13759274
chr7	174987701	3.094306743	99.14320923
chr7	174987792	2.415100241	99.14349081
chr7	174987808	2.369991697	99.14352945
chr7	174987863	2.798470964	99.1436598
chr7	174990158	3.098711867	99.15008229
chr7	174990177	2.933846021	99.15014117
chr7	175019518	2.816418414	99.23622314
chr7	175019869	2.700378076	99.23721171
chr7	175019870	7.919892733	99.23721441
chr7	175019908	7.385673583	99.23751536
chr7	175019944	7.317501347	99.23778125
chr7	175019947	6.915613217	99.2378032
chr7	175020015	6.80856585	99.23827346
chr7	175020049	6.812011264	99.23850495
chr7	175020351	6.706069139	99.24056218
chr7	175020368	39.8567861	99.24067618
chr7	175020441	33.81882714	99.24358573
chr7	175020447	33.7514687	99.24378864
chr7	175020472	0.6007517405	99.24463243
chr7	175020597	0.4954277789	99.24470752
chr7	175020635	0.6363620291	99.24472635
chr7	175020907	1.790324436	99.24489944
chr7	175020963	2.324806098	99.2449997
chr7	175020975	2.691965474	99.2450276
chr7	175021493	2.895632448	99.24642203
chr7	175021495	3.036890063	99.24642782
chr7	175021554	3.206150928	99.246607
chr7	175038421	3.002483953	99.30068515
chr7	175038445	4.344373962	99.30075721
chr7	175041278	3.835607841	99.31306482
chr7	175041539	3.50094652	99.31406591
chr7	175041554	2.392012919	99.31411843
chr7	175041599	2.225394199	99.31422607
chr7	175041835	4.338587312	99.31475126
chr7	175041870	6.238694221	99.31490311
chr7	175041923	6.069433356	99.31523376
chr7	175043637	9.992179869	99.32563677
chr7	175043638	9.664544911	99.32564676
chr7	175044536	11.58739743	99.33432553
chr7	175044569	11.57312772	99.33470791
chr7	175044702	8.33587461	99.33624714
chr7	175045098	10.25172114	99.33954814
chr7	175045124	15.13576323	99.33981469
chr7	175045879	15.15088766	99.35124219
chr7	175045897	15.20506328	99.3515149
chr7	175045902	15.14048542	99.35159093
chr7	175045903	15.18551049	99.35160607
chr7	175045922	8.535796096	99.35189459
chr7	175046329	3.751802862	99.35536866
chr7	175046339	10.20604355	99.35540618
chr7	175046414	10.33483032	99.35617163
chr7	175046730	8.203468965	99.35943744
chr7	175046785	0.5553938522	99.35988863
chr7	175090864	0.6198274712	99.38436984
chr7	175091365	0.6578688788	99.38468037
chr7	175093677	0.6651309709	99.38620136
chr7	175093706	0.7740457486	99.38622065
chr7	175172678	0.8213201285	99.44734859
chr7	175262824	1.075798617	99.52138732
chr7	175268105	1.084348379	99.52706861
chr7	175268186	1.064588667	99.52715644
chr7	175268312	2.169966854	99.52729058
chr7	175270824	2.154581906	99.53274154
chr7	175270855	2.100911333	99.53280833
chr7	175271353	2.085558859	99.53385458
chr7	175271358	2.082565828	99.53386501
chr7	175271431	0.810396637	99.53401704
chr7	175271461	0.8164619696	99.53404135
chr7	175271497	2.212353729	99.53407074
chr7	175273833	2.091197681	99.5392388
chr7	175273914	2.0522839	99.53940819
chr7	175276372	0.3376750949	99.5444527
chr7	175276407	0.3041032097	99.54446452
chr7	175276463	0.2666131988	99.54448155
chr7	175276687	0.4522789342	99.54454127
chr7	175276700	0.5274155435	99.54454715
chr7	175283895	0.545036833	99.54834191
chr7	175284058	0.5710126084	99.54843075
chr7	175309914	0.6604660603	99.56319485
chr7	175417424	0.6623873254	99.63420156
chr7	175417428	0.6303201108	99.6342042
chr7	175417643	0.6809404759	99.63433972
chr7	175417742	0.6841941045	99.63440714
chr7	175417963	0.7161457205	99.63455834
chr7	175417964	0.729494465	99.63455906
chr7	175417977	0.8225506583	99.63456854
chr7	175418075	0.9119559203	99.63464915
chr7	175418224	0.880124376	99.63478503
chr7	175418482	0.8937560742	99.63501211
chr7	175478894	0.9124246463	99.6890057
chr7	175482086	0.9310141007	99.69191816
chr7	175485389	0.9153309368	99.6949933
chr7	175486216	0.9331850997	99.69575028
chr7	175487030	0.9161991383	99.69650989
chr7	175487307	0.8838843311	99.69676368
chr7	175490604	0.9465231618	99.69967784
chr7	175501592	0.966831557	99.71007824
chr7	175501594	0.9876040569	99.71008017
chr7	175633756	0.9556903287	99.8406039
chr7	175633768	0.8890087366	99.84061537
chr7	175633782	1.339172134	99.84062781
chr7	175633789	1.296548534	99.84063719
chr7	175633805	1.280599041	99.84065793
chr7	175633840	1.356558256	99.84070275
chr7	175660382	1.375830312	99.87670852
chr7	175663572	1.371413777	99.88109742
chr7	175664192	1.895052146	99.8819477
chr7	175666566	1.879822642	99.88644655
chr7	175666571	2.609081846	99.88645595
chr7	175667550	3.893486601	99.88901024
chr7	175667557	10.56995533	99.8890375
chr7	175667567	19.99232959	99.8891432
chr7	175668576	20.43547542	99.90931546
chr7	175670131	20.41315594	99.94109262
chr7	175670294	17.77653662	99.94441997
chr7	175671022	17.79943715	99.95736129
chr7	175671242	15.16064897	99.96127716
chr7	175671275	15.06869381	99.96177746
chr7	175671293	14.14759454	99.9620487
chr7	175671353	11.39689098	99.96289755
chr7	175671358	7.690137946	99.96295454
chr7	175671398	6.77890808	99.96326214
chr7	175671402	5.879905586	99.96328926
chr7	175671529	5.459110675	99.96403601
chr7	175672518	5.959281075	99.96943507
chr7	175676350	5.323640821	99.99227103
chr7	175676354	3.189874846	99.99229233
chr7	175676356	2.584767508	99.99229871
chr7	175676374	1.803026086	99.99234523
chr7	175676388	1.82067696	99.99237048
chr7	175676423	1.898930119	99.9924342
chr7	175679130	1.890207019	99.9975746
chr7	175679136	1.94571173	99.99758595
chr7	175679318	1.927857567	99.99794006
chr7	175679411	1.427687167	99.99811936
chr7	175679494	0.9948341147	99.99823785
chr7	175679513	1.022659708	99.99825676
chr7	175679582	1.050421893	99.99832732
chr7	175679598	1.096800143	99.99834413
chr7	175679643	1.124677485	99.99839348
chr7	175679665	1.140585385	99.99841822
chr7	175679685	1.190184795	99.99844104
chr7	175679778	1.270351454	99.99855172
chr7	175680585	0.9400435453	99.9995769
chr7	175682260	0.9629998197	100.0011515
chr7	175682789	0.9916048174	100.0016609
chr7	175688633	0.9994669404	100.0074558
chr7	175803316	0.8038389818	100.1220777
chr7	175803416	0.7482722023	100.1221581
chr7	175803450	0.6925575819	100.1221835
chr7	175803463	0.6647038882	100.1221925
chr7	175803768	0.5546900393	100.1223953
chr7	175820597	0.6963680885	100.1317301
chr7	175820629	1.075254243	100.1317524
chr7	175825084	1.144274285	100.1365427
chr7	175838230	1.122528569	100.1515853
chr7	175838416	3.604655684	100.1517941
chr7	175838431	3.425922708	100.1518482
chr7	175838545	3.53429925	100.1522387
chr7	175838828	6.774068723	100.1532389
chr7	175838829	8.028105105	100.1532457
chr7	175838872	8.162695774	100.1535909
chr7	175839277	25.01779755	100.1568968
chr7	175839575	13.47211159	100.1643521
chr7	175839805	14.33154901	100.1674507
chr7	175839807	11.16556906	100.1674794
chr7	175839884	11.55194937	100.1683391
chr7	175840016	11.66482135	100.169864
chr7	175842100	12.21136261	100.1941735
chr7	175842134	10.24287277	100.1945886
chr7	175842137	5.076373405	100.1946194
chr7	175842139	5.19086844	100.1946295
chr7	175864445	4.580797204	100.310417
chr7	175864488	4.165953361	100.310614
chr7	175870333	4.043691062	100.334964
chr7	175870357	3.935314519	100.3350611
chr7	175870397	3.356068121	100.3352185
chr7	175870548	3.087999996	100.3357252
chr7	175870561	2.975128018	100.3357654
chr7	175870575	4.406334734	100.335807
chr7	175870614	4.294142265	100.3359789
chr7	175870655	4.21616491	100.3361549
chr7	175870966	8.5105919	100.3374662
chr7	175871598	8.322890334	100.3428449
chr7	175871714	14.8951557	100.3438103
chr7	175871772	9.978543884	100.3446742
chr7	175872192	10.01310288	100.3488652
chr7	175872251	9.122657194	100.349456
chr7	175872258	9.117923361	100.3495199
chr7	175872263	4.552217986	100.3495654
chr7	175872288	5.087679515	100.3496793
chr7	175879818	4.632059776	100.3879895
chr7	175879836	4.686460215	100.3880729
chr7	175879841	4.725426152	100.3880963
chr7	175879849	4.304813704	100.3881341
chr7	175880240	3.872611803	100.3898173
chr7	175880310	3.640080075	100.3900884
chr7	175880320	3.576038566	100.3901248
chr7	175880321	3.586894584	100.3901283
chr7	175880371	3.69527277	100.3903077
chr7	175880381	3.729703039	100.3903446
chr7	175880382	4.074525442	100.3903484
chr7	175880384	2.912526221	100.3903565
chr7	175880393	2.987942924	100.3903827
chr7	175880407	3.040709686	100.3904246
chr7	175880416	3.058573563	100.3904519
chr7	175880421	3.270057934	100.3904672
chr7	175880434	3.433158913	100.3905097
chr7	175880441	3.503650415	100.3905338
chr7	175880464	3.594141106	100.3906143
chr7	175880511	4.534681238	100.3907833
chr7	175883433	4.629667124	100.4040336
chr7	175883461	4.864226206	100.4041632
chr7	175883477	4.899747636	100.4042411
chr7	175884498	5.014608617	100.4092437
chr7	175884530	5.0572856	100.4094042
chr7	175966800	5.268384874	100.8254671
chr7	175966807	5.231920453	100.8255039
chr7	175971823	6.178605486	100.8517472
chr7	175971865	6.673936495	100.8520067
chr7	175971893	7.375467589	100.8521936
chr7	175971954	8.637407974	100.8526435
chr7	175972122	10.80372727	100.8540946
chr7	175978621	11.3094774	100.924308
chr7	175978635	12.15222356	100.9244664
chr7	175978915	15.35335594	100.927869
chr7	175980516	15.43238169	100.9524497
chr7	175980522	15.40053868	100.9525423
chr7	175980536	15.1298742	100.9527579
chr7	175981481	15.20480004	100.9670556
chr7	175981652	15.33343168	100.9696557
chr7	175981722	20.23552904	100.970729
chr7	175981773	20.27976969	100.971761
chr7	175982726	11.29206618	100.9910876
chr7	175984869	9.006243496	101.0152865
chr7	175984973	9.45028616	101.0162232
chr7	175984978	9.527015008	101.0162704
chr7	175985097	7.638658677	101.0174041
chr7	175987013	6.673641037	101.0320398
chr7	175987039	6.715158177	101.0322133
chr7	176040605	6.999920566	101.3919175
chr7	176041857	6.718645668	101.4006814
chr7	176044142	6.305489793	101.4160335
chr7	176044859	5.752955998	101.4205545
chr7	176044878	5.915361272	101.4206638
chr7	176044939	6.009903433	101.4210247
chr7	176044953	5.914467054	101.4211088
chr7	176045148	6.030824616	101.4222621
chr7	176072182	5.94414242	101.5852995
chr7	176072207	8.675286873	101.5854481
chr7	176072276	8.537810879	101.5860467
chr7	176073413	10.32551221	101.5957541
chr7	176074778	4.223500602	101.6098485
chr7	176074788	3.108233481	101.6098907
chr7	176074833	2.785112355	101.6100306
chr7	176074888	2.746715695	101.6101838
chr7	176074911	2.765439115	101.6102469
chr7	176076565	2.24464429	101.614821
chr7	176127143	2.293367785	101.7283506
chr7	176127150	1.320964821	101.7283666
chr7	176127266	2.659259569	101.7285199
chr7	176127285	2.832051779	101.7285704
chr7	176127293	3.054910599	101.7285931
chr7	176128402	3.06204805	101.7319809
chr7	176128949	3.112047679	101.7336559
chr7	176128950	3.212128286	101.733659
chr7	176128984	3.308410959	101.7337682
chr7	176131430	3.487908464	101.7418606
chr7	176131442	2.969769145	101.7419024
chr7	176131458	3.012711024	101.74195
chr7	176131471	3.064608824	101.7419891
chr7	176131474	3.144851434	101.7419983
chr7	176135759	3.177080372	101.755474
chr7	176147387	3.221066187	101.7924171
chr7	176147666	3.043241146	101.7933158
chr7	176197793	2.867159158	101.9458643
chr7	176197799	2.157936276	101.9458815
chr7	176197903	2.133163818	101.9461059
chr7	176202589	2.073925446	101.956102
chr7	176203638	3.092333469	101.9582775
chr7	176206552	3.112569374	101.9672886
chr7	176206555	3.162383215	101.9672979
chr7	176206564	3.230494846	101.9673264
chr7	176206619	3.603615495	101.967504
chr7	176206672	3.679788681	101.967695
chr7	176207220	4.592159236	101.9697116
chr7	176209948	4.530865934	101.982239
chr7	176210250	4.60293271	101.9836073
chr7	176211222	4.687658813	101.9880813
chr7	176211228	4.772357856	101.9881095
chr7	176211308	4.249015331	101.9884913
chr7	176211315	4.223739867	101.988521
chr7	176211344	4.250396191	101.9886435
chr7	176211709	5.464935403	101.9901949
chr7	176211745	5.410598114	101.9903916
chr7	176251914	4.847028459	102.2077299
chr7	176251933	4.954094627	102.207822
chr7	176252333	4.870056246	102.2098037
chr7	176252404	8.91844342	102.2101494
chr7	176253241	4.743677863	102.2176142
chr7	176253397	5.3107146	102.2183542
chr7	176253488	5.488343474	102.2188375
chr7	176254051	5.519110808	102.2219274
chr7	176254121	5.446531241	102.2223137
chr7	176257151	5.162603354	102.2388167
chr7	176257182	2.105789571	102.2389768
chr7	176258090	2.033722795	102.2408888
chr7	176258138	1.962179434	102.2409864
chr7	176258186	1.887999204	102.2410806
chr7	176258581	1.692634781	102.2418264
chr7	176258596	1.958779735	102.2418518
chr7	176259956	1.887320895	102.2445157
chr7	176259960	2.736501824	102.2445233
chr7	176259999	2.83913062	102.24463
chr7	176260229	2.768073848	102.245283
chr7	176260734	4.47150296	102.2466809
chr7	176260748	5.398190835	102.2467435
chr7	176260804	6.476713478	102.2470458
chr7	176260810	6.672211377	102.2470846
chr7	176260814	7.895199273	102.2471113
chr7	176260880	7.903231336	102.2476324
chr7	176262225	7.875611997	102.2582622
chr7	176262279	7.813670305	102.2586875
chr7	176264020	5.915288355	102.2722911
chr7	176264054	5.969032307	102.2724922
chr7	176264150	2.599960593	102.2730653
chr7	176264246	2.758868001	102.2733149
chr7	176264255	2.603455296	102.2733397
chr7	176264262	2.676005435	102.2733579
chr7	176325331	2.453983931	102.4367789
chr7	176325346	2.467416779	102.4368157
chr7	176325967	2.55617773	102.438348
chr7	176328033	2.231840797	102.443629
chr7	176328077	2.152214084	102.4437272
chr7	176328204	2.098470132	102.4440006
chr7	176329150	2.956556935	102.4459857
chr7	176329174	2.978311155	102.4460567
chr7	176331696	2.878632389	102.453568
chr7	176331761	2.801414746	102.4537551
chr7	176332274	2.663087904	102.4551922
chr7	176332328	2.614880813	102.455336
chr7	176332331	2.465542748	102.4553439
chr7	176332420	2.414964378	102.4555633
chr7	176332428	2.366828634	102.4555826
chr7	176332488	2.409761422	102.4557246
chr7	176332497	2.359240121	102.4557463
chr7	176332653	1.418055034	102.4561144
chr7	176332715	1.427694912	102.4562023
chr7	176332717	1.946912885	102.4562051
chr7	176332984	1.89606293	102.456725
chr7	176337719	1.806402321	102.4657028
chr7	176337790	1.456199138	102.4658311
chr7	176339272	1.578080648	102.4679892
chr7	176339284	1.592101912	102.4680081
chr7	176339302	1.606124146	102.4680368
chr7	176339345	1.676163376	102.4681058
chr7	176339412	1.82282505	102.4682181
chr7	176339444	1.998695623	102.4682765
chr7	176339487	2.012745915	102.4683624
chr7	176339538	2.018365528	102.468465
chr7	176349708	1.914326117	102.4889918
chr7	176350182	2.058846895	102.4898992
chr7	176350203	2.114774782	102.4899425
chr7	176398820	2.160222476	102.5927565
chr7	176408072	2.10991643	102.6127428
chr7	176408076	2.067621452	102.6127513
chr7	176408089	2.017327881	102.6127782
chr7	176408127	1.967256361	102.6128548
chr7	176408372	1.975639253	102.6133368
chr7	176408391	2.776622009	102.6133743
chr7	176408444	2.625314243	102.6135215
chr7	176408452	2.57864769	102.6135425
chr7	176411748	2.684023625	102.6220417
chr7	176411758	2.651171453	102.6220686
chr7	176411770	2.671089041	102.6221004
chr7	176411778	2.654918412	102.6221217
chr7	176411848	1.68841051	102.6223076
chr7	176412792	1.672204215	102.6239014
chr7	176413119	1.638384004	102.6244483
chr7	176413134	1.749869615	102.6244728
chr7	176413146	1.858074301	102.6244938
chr7	176413153	1.918952994	102.6245068
chr7	176581406	2.731729385	102.9473764
chr7	176582006	2.484245326	102.9490155
chr7	176582051	2.592978419	102.9491273
chr7	176582201	3.259259452	102.9495162
chr7	176582222	3.204581177	102.9495847
chr7	176582239	3.190375737	102.9496391
chr7	176583111	3.162066568	102.9524211
chr7	176583130	3.128058418	102.9524812
chr7	176583152	5.584637443	102.95255
chr7	176584867	5.51546465	102.9621277
chr7	176584868	3.613120037	102.9621332
chr7	176585173	3.919996459	102.9632352
chr7	176585174	17.76769939	102.9632391
chr7	176585673	4.323845155	102.9721052
chr7	176585706	4.731309154	102.9722479
chr7	176585708	5.225930475	102.9722574
chr7	176585724	5.256473358	102.972341
chr7	176589981	4.95700777	102.9947178
chr7	176590036	5.063857462	102.9949904
chr7	176590047	4.849597397	102.9950461
chr7	176590052	4.910397584	102.9950704
chr7	176590121	4.520770622	102.9954092
chr7	176590140	4.59609483	102.9954951
chr7	176590167	4.680959296	102.9956192
chr7	176590181	4.830361725	102.9956847
chr7	176590194	4.933418166	102.9957475
chr7	176590205	5.10696119	102.9958018
chr7	176590220	5.31810944	102.9958784
chr7	176641869	5.410426544	103.2705534
chr7	176641883	5.480626792	103.2706292
chr7	176641904	5.546176805	103.2707442
chr7	176641917	5.488442286	103.2708163
chr7	176642006	5.427779034	103.2713048
chr7	176642065	5.555481044	103.2716251
chr7	176642085	5.843748148	103.2717362
chr7	176642122	6.926878849	103.2719524
chr7	176642134	7.078471628	103.2720355
chr7	176646070	6.735771794	103.2998964
chr7	176646116	6.512083599	103.3002062
chr7	176646753	6.800508341	103.3043544
chr7	176646757	7.493944283	103.3043816
chr7	176646764	7.578762099	103.3044341
chr7	176646798	7.532916532	103.3046918
chr7	176657287	7.430143528	103.3837045
chr7	176664877	10.61464534	103.4400993
chr7	176677965	8.991668449	103.5790238
chr7	176679215	9.502393609	103.5902634
chr7	176679242	10.6809173	103.5905199
chr7	176679885	12.04126627	103.5973878
chr7	176679931	12.8188203	103.5979417
chr7	176683370	12.73523626	103.6420256
chr7	176683426	12.64714291	103.6427388
chr7	176683451	14.38550634	103.6430549
chr7	176683526	14.45313963	103.6441338
chr7	176683534	14.36100016	103.6442495
chr7	176683553	15.08485644	103.6445223
chr7	176684218	15.05004727	103.6545538
chr7	176684251	11.37308953	103.6550504
chr7	176684256	12.15794813	103.6551073
chr7	176684365	11.89736435	103.6564325
chr7	176684446	13.94741342	103.6573962
chr7	176684819	15.26634019	103.6625986
chr7	176687268	15.18256116	103.6999858
chr7	176687300	13.97454625	103.7004717
chr7	176687308	12.18679693	103.7005835
chr7	176687412	9.627749782	103.7018509
chr7	176687433	5.033546003	103.7020531
chr7	176687832	6.230552108	103.7040615
chr7	176687837	6.19696999	103.7040926
chr7	176687845	7.757947315	103.7041422
chr7	176690119	7.939977378	103.7217838
chr7	176690164	7.620187633	103.7221411
chr7	176690171	7.285006361	103.7221944
chr7	176690362	6.997260925	103.7235858
chr7	176690385	6.862100404	103.7237468
chr7	176690995	6.466740463	103.7279327
chr7	176691001	6.646385386	103.7279715
chr7	176691034	1.212353389	103.7281908
chr7	176691036	1.21499114	103.7281932
chr7	176691043	1.2347219	103.7282017
chr7	176691045	1.25448139	103.7282042
chr7	176691047	1.293323548	103.7282067
chr7	176691058	1.332793431	103.7282209
chr7	176691063	1.572314074	103.7282276
chr7	176691069	1.648737998	103.728237
chr7	176691092	2.300933021	103.7282749
chr7	176691691	2.782241987	103.7296532
chr7	176692341	2.829863774	103.7314617
chr7	176692349	2.896543679	103.7314843
chr7	176692393	3.039553243	103.7316117
chr7	176764717	1.809268196	103.9514444
chr7	176764738	1.714832263	103.9514824
chr7	176764796	1.682116935	103.9515819
chr7	176765305	1.712819424	103.952438
chr7	176765478	1.666094736	103.9527344
chr7	176766018	1.621771763	103.9536341
chr7	176767162	1.655279465	103.9554894
chr7	176767170	1.752629885	103.9555026
chr7	176769234	1.570070121	103.95912
chr7	176769535	1.582707112	103.9595926
chr7	176772755	1.718908272	103.9646889
chr7	176772803	1.713819239	103.9647714
chr7	176772896	1.750941303	103.9649308
chr7	176772984	1.786458708	103.9650849
chr7	176777144	1.825353076	103.9725166
chr7	176777293	2.094786561	103.9727886
chr7	176777423	2.160152275	103.9730609
chr7	176784725	2.321254485	103.9888343
chr7	176865527	2.26726845	104.1763963
chr7	176865536	2.247514965	104.1764167
chr7	176865721	2.342757091	104.1768325
chr7	176865744	2.236000885	104.1768864
chr7	176865752	2.598767434	104.1769043
chr7	176865770	7.737278243	104.1769511
chr7	176865779	8.830723278	104.1770207
chr7	176865786	11.40031932	104.1770825
chr7	176865790	11.25371018	104.1771281
chr7	176869183	11.22131639	104.215312
chr7	176869208	10.70944284	104.2155925
chr7	176869440	7.849651812	104.2180771
chr7	176869546	6.936602404	104.2189091
chr7	176869551	7.365044626	104.2189438
chr7	176870052	8.727761845	104.2226337
chr7	176870054	8.34361262	104.2226512
chr7	176871451	8.900497544	104.2343072
chr7	176871512	8.228791972	104.2348501
chr7	176871993	7.67334255	104.2388082
chr7	176872021	7.694176055	104.239023
chr7	176872023	8.312593019	104.2390384
chr7	176872043	8.293539935	104.2392047
chr7	176872053	7.782322356	104.2392876
chr7	176872057	9.031210857	104.2393187
chr7	176873750	10.2860482	104.2546086
chr7	176875015	9.914170889	104.2676204
chr7	176875795	7.315983554	104.2753535
chr7	176875938	6.730042942	104.2763997
chr7	176876643	6.058112604	104.2811443
chr7	176876663	6.215756617	104.2812655
chr7	176877598	4.122577164	104.2870772
chr7	176877642	1.991884075	104.2872586
chr7	176877783	1.929867741	104.2875395
chr7	176878160	2.242824074	104.288267
chr7	176878241	2.360887033	104.2884487
chr7	176878257	2.448990749	104.2884865
chr7	176890471	2.121015483	104.3183985
chr7	176897782	2.013285752	104.3339052
chr7	176898119	1.840547912	104.3345837
chr7	176898533	3.22813095	104.3353457
chr7	176898534	3.332818478	104.3353489
chr7	176907307	2.70537029	104.3645877
chr7	176907330	2.805144029	104.3646499
chr7	176907339	2.789437585	104.3646752
chr7	176907413	2.773501508	104.3648816
chr7	176907443	2.655438548	104.3649648
chr7	176907489	2.752585179	104.365087
chr7	176908325	2.814068452	104.3673881
chr7	176908328	2.349892874	104.3673966
chr7	176908364	2.350274967	104.3674812
chr7	176908421	2.387206556	104.3676151
chr7	176908440	2.275421504	104.3676605
chr7	176915787	2.348608109	104.384378
chr7	176915897	2.376739301	104.3846364
chr7	176917386	2.405285088	104.3881753
chr7	176917389	1.713911426	104.3881825
chr7	176917395	1.789637893	104.3881928
chr7	176919020	1.897830208	104.391101
chr7	176919182	2.085198498	104.3914084
chr7	176919221	2.020677592	104.3914897
chr7	176962797	1.967028977	104.4795428
chr7	176962806	1.887997377	104.4795605
chr7	176962895	1.87661488	104.4797285
chr7	176962916	1.79778206	104.4797679
chr7	176962923	8.6678681	104.4797805
chr7	176963386	8.649782507	104.4837937
chr7	176963419	1.64569139	104.4840792
chr7	176963959	1.608178338	104.4849679
chr7	176964400	1.607358276	104.4856771
chr7	176964910	1.650238733	104.4864968
chr7	176969998	3.012311588	104.4948932
chr7	176970448	3.621896795	104.4962488
chr7	176992785	3.948288403	104.5771511
chr7	176993001	4.029423521	104.5780039
chr7	176997028	4.117805037	104.5942304
chr7	176999739	4.236806916	104.6053938
chr7	176999740	4.105184061	104.605398
chr7	176999840	4.198221127	104.6058085
chr7	176999842	4.484634902	104.6058169
chr7	177001760	4.687650186	104.6144185
chr7	177001774	5.392320689	104.6144841
chr7	177001804	5.386661239	104.6146459
chr7	177001869	5.379388935	104.614996
chr7	177002000	5.469592668	104.6157007
chr7	177002013	5.993344047	104.6157718
chr7	177002014	6.405989989	104.6157778
chr7	177003216	6.503829666	104.6234778
chr7	177003332	6.688560923	104.6242322
chr7	177003348	6.362169314	104.6243392
chr7	177003977	6.465223404	104.628341
chr7	177004137	6.685655907	104.6293755
chr7	177031299	7.238362932	104.8109713
chr7	177034854	7.133382129	104.8367037
chr7	177034861	7.027075773	104.8367536
chr7	177035353	6.618431652	104.8402109
chr7	177035418	6.044343733	104.8406411
chr7	177035445	15.57839493	104.8408043
chr7	177035494	33.40539201	104.8415676
chr7	177036013	29.18424919	104.858905
chr7	177036037	24.95017413	104.8596055
chr7	177036240	25.50089435	104.8646703
chr7	177036897	22.93526574	104.8814244
chr7	177037432	10.66032262	104.8936948
chr7	177037486	10.47244516	104.8942705
chr7	177037508	7.627701499	104.8945009
chr7	177037651	8.197039039	104.8955916
chr7	177037925	8.157291386	104.8978376
chr7	177038011	4.613177689	104.8985391
chr7	177038033	4.778709458	104.8986406
chr7	177038163	5.549199811	104.8992619
chr7	177038454	5.264444848	104.9008767
chr7	177038518	5.254524138	104.9012136
chr7	177038532	5.29614161	104.9012872
chr7	177042359	5.258642094	104.9215555
chr7	177043103	4.560732263	104.9254679
chr7	177043158	2.731671224	104.9257188
chr7	177045312	2.688790767	104.9316028
chr7	177045426	2.796366544	104.9319093
chr7	177045538	2.841868987	104.9322225
chr7	177045545	2.625359814	104.9322424
chr7	177045761	2.688325289	104.9328095
chr7	177059548	2.81643286	104.9698734
chr7	177061146	3.024941897	104.9743741
chr7	177061719	3.082735452	104.9761074
chr7	177121259	2.795235849	105.1596534
chr7	177121307	2.382331179	105.1597876
chr7	177121315	3.298423007	105.1598067
chr7	177121374	3.84825489	105.1600013
chr7	177121397	3.88229123	105.1600898
chr7	177121408	10.44898961	105.1601325
chr7	177121424	10.40493888	105.1602997
chr7	177121491	14.27811844	105.1609968
chr7	177121539	15.59205479	105.1616821
chr7	177123553	15.54197504	105.1930845
chr7	177123666	13.93440144	105.1948408
chr7	177123784	13.79259984	105.196485
chr7	177123787	13.7525739	105.1965264
chr7	177123792	13.91375732	105.1965952
chr7	177124162	13.90650587	105.2017433
chr7	177124274	13.945239	105.2033008
chr7	177124348	11.57922069	105.2043328
chr7	177124356	13.02351622	105.2044254
chr7	177124359	15.16877402	105.2044645
chr7	177125402	11.81467889	105.2202855
chr7	177126379	10.09489395	105.2318284
chr7	177126603	3.156342099	105.2340897
chr7	177126807	3.863507504	105.2347336
chr7	177126823	4.098235479	105.2347954
chr7	177126824	4.391376876	105.2347995
chr7	177130273	4.362728936	105.2499454
chr7	177153719	4.397655893	105.3522339
chr7	177153721	4.199486658	105.3522427
chr7	177153731	4.07135366	105.3522847
chr7	177155271	3.764430272	105.3585546
chr7	177156157	3.68587717	105.3618899
chr7	177156225	5.107424608	105.3621405
chr7	177156933	5.054163829	105.3657566
chr7	177157715	5.065922851	105.3697089
chr7	177157745	5.000860145	105.3698609
chr7	177158097	5.075603236	105.3716212
chr7	177158646	3.42627312	105.3744077
chr7	177212299	3.386146554	105.5582375
chr7	177212824	3.478018394	105.5600153
chr7	177213192	3.306742244	105.5612952
chr7	177213216	2.90997637	105.5613745
chr7	177213232	2.059404886	105.5614211
chr7	177213268	7.640786157	105.5614952
chr7	177213273	7.577673144	105.5615334
chr7	177213285	7.425657663	105.5616244
chr7	177213332	7.46856338	105.5619734
chr7	177213408	7.891100102	105.562541
chr7	177213749	8.097219651	105.5652318
chr7	177213755	8.058198061	105.5652804
chr7	177213765	8.083622827	105.565361
chr7	177213858	8.070069941	105.5661128
chr7	177213869	2.901746388	105.5662016
chr7	177213880	3.522774004	105.5662335
chr7	177215439	3.616499016	105.5717255
chr7	177215450	3.709729805	105.5717653
chr7	177250351	3.417762291	105.7012385
chr7	177252119	3.380878115	105.7072811
chr7	177252187	3.344950617	105.707511
chr7	177252198	3.076863787	105.7075478
chr7	177252201	2.988309745	105.7075571
chr7	177252224	2.848533961	105.7076258
chr7	177252242	2.758687595	105.7076771
chr7	177252254	2.54254544	105.7077102
chr7	177252287	2.363063189	105.7077941
chr7	177252298	2.273347751	105.7078201
chr7	177252430	81.37395342	105.7081202
chr7	177252447	81.28466604	105.7095035
chr7	177252519	33.75241506	105.715356
chr7	177252557	33.86678898	105.7166386
chr7	177252605	34.08816178	105.7182642
chr7	177252618	34.31296182	105.7187074
chr7	177252636	5.338852691	105.719325
chr7	177252651	5.497660256	105.7194051
chr7	177253805	5.534791093	105.7257494
chr7	177253807	5.636633956	105.7257604
chr7	177253903	3.296053804	105.7263016
chr7	177254978	3.525150047	105.7298448
chr7	177255237	3.593238811	105.7307578
chr7	177255257	3.661354484	105.7308297
chr7	177255258	3.706905015	105.7308334
chr7	177255261	3.786832565	105.7308445
chr7	177255262	3.804444751	105.7308483
chr7	177256747	3.823486364	105.7364979
chr7	177256766	3.879079983	105.7365705
chr7	177294391	3.796741558	105.8825209
chr7	177296535	3.7184138	105.8906611
chr7	177296551	3.611034854	105.8907206
chr7	177296623	3.872447329	105.8909806
chr7	177298327	4.046478607	105.8975792
chr7	177298353	4.510087543	105.8976845
chr7	177298357	4.576441091	105.8977025
chr7	177298396	4.461570884	105.897881
chr7	177298418	4.497121077	105.8979791
chr7	177305862	4.523250712	105.9314557
chr7	177305872	4.957391329	105.9315009
chr7	177310023	4.84632417	105.9520791
chr7	177312018	5.490667554	105.9617475
chr7	177312024	5.937492502	105.9617804
chr7	177329824	5.599927197	106.0674678
chr7	177329850	5.555343853	106.0676134
chr7	177329873	8.216964888	106.0677412
chr7	177330798	8.452345703	106.0753419
chr7	177330800	8.484564856	106.0753588
chr7	177330824	36.25959618	106.0755624
chr7	177330839	36.12150692	106.0761063
chr7	177330873	35.93865492	106.0773344
chr7	177330947	7.775289088	106.0799939
chr7	177331102	5.018266357	106.081199
chr7	177331112	4.975633202	106.0812492
chr7	177349368	4.719668218	106.1720844
chr7	177349385	4.566467214	106.1721646
chr7	177349469	4.780133724	106.1725482
chr7	177349650	4.634084802	106.1734134
chr7	177349792	4.449300343	106.1740715
chr7	177350064	19.55797506	106.1752817
chr7	177350079	19.56193563	106.175575
chr7	177350136	19.62633105	106.1766901
chr7	177350187	19.58942634	106.177691
chr7	177350226	19.5541726	106.178455
chr7	177350296	4.549496519	106.1798238
chr7	177350299	4.726145674	106.1798374
chr7	177350563	4.785053787	106.1810851
chr7	177350586	6.19619552	106.1811952
chr7	177353439	6.161999523	106.1988729
chr7	177353629	6.533972664	106.2000437
chr7	177353635	6.574932537	106.2000829
chr7	177353638	5.09659088	106.2001026
chr7	177354538	5.13190456	106.2046896
chr7	177363881	4.773230827	106.252637
chr7	177363884	4.866508277	106.2526513
chr7	177363889	3.869625111	106.2526756
chr7	177363891	3.8379698	106.2526834
chr7	177364874	3.885241606	106.2564561
chr7	177364877	4.102757328	106.2564677
chr7	177364905	4.238071649	106.2565826
chr7	177437807	3.981128643	106.5655465
chr7	177437812	4.213835432	106.5655664
chr7	177437956	4.103560504	106.5661732
chr7	177438053	3.94074352	106.5665713
chr7	177441192	4.244789665	106.5789412
chr7	177441199	4.229638273	106.578971
chr7	177441243	4.320263708	106.5791571
chr7	177449051	4.297375798	106.6128897
chr7	177449084	4.273301876	106.6130315
chr7	177449253	4.232917739	106.6137537
chr7	177449298	4.287908981	106.6139442
chr7	177449445	3.870160942	106.6145745
chr7	177449456	3.835298266	106.6146171
chr7	177449510	3.760191686	106.6148242
chr7	177449551	3.405826467	106.6149783
chr7	177449628	3.380771421	106.6152406
chr7	177449643	4.031030675	106.6152913
chr7	177450889	3.974025859	106.620314
chr7	177450891	3.676563214	106.6203219
chr7	177450904	3.642465634	106.6203697
chr7	177450909	3.613328344	106.6203879
chr7	177450916	3.350327767	106.6204132
chr7	177450984	3.332956066	106.620641
chr7	177450998	2.718163992	106.6206877
chr7	177451017	3.253091108	106.6207393
chr7	177451019	3.196332415	106.6207458
chr7	177451042	5.891934106	106.6208194
chr7	177451052	5.857625131	106.6208783
chr7	177451061	5.843129664	106.620931
chr7	177452168	5.773883849	106.6273993
chr7	177452321	4.162676054	106.6282827
chr7	177452324	4.123250176	106.6282952
chr7	177452367	3.649668506	106.6284725
chr7	177452386	3.67537785	106.6285419
chr7	177452425	6.124317167	106.6286852
chr7	177452426	6.185265019	106.6286913
chr7	177452466	5.94999311	106.6289388
chr7	177452474	6.183178692	106.6289864
chr7	177454396	6.129919571	106.6408704
chr7	177454933	6.498009231	106.6441622
chr7	177454945	3.295975529	106.6442402
chr7	177457859	2.343512793	106.6538446
chr7	177459786	1.881667573	106.6583606
chr7	177459898	2.348092957	106.6585713
chr7	177459928	2.311821118	106.6586418
chr7	177459973	2.229585605	106.6587458
chr7	177459989	2.238779722	106.6587815
chr7	177483902	2.252364101	106.7123174
chr7	177485437	2.15049721	106.7157748
chr7	177487719	2.060763092	106.7206822
chr7	177487879	1.840170065	106.721012
chr7	177487914	1.796263327	106.7210764
chr7	177488146	1.570408136	106.7214931
chr7	177497448	1.483321456	106.736101
chr7	177497534	1.40808307	106.7362286
chr7	177497592	1.4845266	106.7363103
chr7	177497630	1.494746595	106.7363667
chr7	177499560	1.467077654	106.7392515
chr7	177500225	1.481486973	106.7402271
chr7	177500250	1.329328862	106.7402642
chr7	177500261	1.311592907	106.7402788
chr7	177500586	1.325657815	106.7407051
chr7	177502460	1.370087474	106.7431894
chr7	177502597	1.307576643	106.7433771
chr7	177502613	1.408849553	106.743398
chr7	177503193	1.562798168	106.7442151
chr7	177503227	2.065887549	106.7442682
chr7	177503242	2.583174745	106.7442992
chr7	177503247	2.461745798	106.7443121
chr7	177504901	2.503652249	106.7483839
chr7	177517501	2.502761664	106.7799299
chr7	177517529	2.593011291	106.78
chr7	177522656	2.605728551	106.7932943
chr7	177583471	2.565582828	106.9517617
chr7	177586446	2.544151461	106.9593943
chr7	177586449	2.357952781	106.959402
chr7	177586488	2.072796012	106.9594939
chr7	177586584	2.499176195	106.9596929
chr7	177586616	2.416479803	106.9597729
chr7	177586665	3.619616305	106.9598913
chr7	177589229	3.579521005	106.969172
chr7	177592575	2.128834746	106.9811491
chr7	177592750	2.197650463	106.9815216
chr7	177593002	2.21988501	106.9820754
chr7	177636576	2.21141812	107.0788047
chr7	177639491	2.233843624	107.085251
chr7	177639668	3.332178942	107.0856464
chr7	177639707	3.354557139	107.0857763
chr7	177641683	3.320017473	107.0924049
chr7	177641939	3.33021133	107.0932549
chr7	177642500	2.769546979	107.0951231
chr7	177642566	2.56944788	107.0953059
chr7	177642678	2.67285976	107.0955937
chr7	177642681	2.684523797	107.0956017
chr7	177642807	1.64383708	107.0959399
chr7	177642864	1.695685709	107.0960336
chr7	177669292	1.734612039	107.1408472
chr7	177669309	1.727523392	107.1408767
chr7	177702612	1.612457569	107.1984084
chr7	177709271	1.538779586	107.2091458
chr7	177709354	1.264045085	107.2092735
chr7	177709359	1.054258023	107.2092798
chr7	177737518	1.376625022	107.2389667
chr7	177737699	1.362284939	107.2392158
chr7	177737715	1.295656645	107.2392376
chr7	177738620	1.258371589	107.2404102
chr7	177738688	1.287095508	107.2404958
chr7	177740516	1.318074006	107.2428486
chr7	177741781	1.334258904	107.2445159
chr7	177745643	1.392459641	107.2496688
chr7	177745712	1.378394734	107.2497649
chr7	177755480	1.410798198	107.2632291
chr7	177755494	1.502161209	107.2632488
chr7	177758646	1.338980852	107.2679837
chr7	177793221	3.216127801	107.3142789
chr7	177793230	22.96999203	107.3143079
chr7	177793247	22.89756798	107.3146983
chr7	177793392	22.89341309	107.3180185
chr7	177793401	2.832740022	107.3182245
chr7	177793758	2.828176281	107.3192358
chr7	177793771	6.760400543	107.3192726
chr7	177793780	6.936164139	107.3193334
chr7	177793855	7.095335162	107.3198536
chr7	177793968	7.216528642	107.3206554
chr7	177794646	3.497579574	107.3255482
chr7	177794999	1.644424087	107.3267829
chr7	177834826	1.627033547	107.3922754
chr7	177834858	1.577222193	107.3923274
chr7	177834974	1.565206631	107.3925104
chr7	177834976	1.514842358	107.3925135
chr7	177834979	1.545738684	107.392518
chr7	177834980	1.485549527	107.3925196
chr7	177834991	1.488889792	107.3925359
chr7	177835006	2.645131049	107.3925583
chr7	177835126	2.64637746	107.3928757
chr7	177840804	2.678180451	107.4079018
chr7	177840805	2.373386955	107.4079045
chr7	177840807	1.865987398	107.4079092
chr7	177840833	1.906653868	107.4079578
chr7	177840840	1.951806443	107.4079711
chr7	177870491	1.970177874	107.4658441
chr7	177954799	2.077841324	107.6319459
chr7	177958700	2.087050152	107.6400515
chr7	177958722	2.158262763	107.6400974
chr7	177958726	2.139355125	107.6401061
chr7	177962002	2.146944569	107.6471146
chr7	177962014	2.119805645	107.6471404
chr7	177963101	2.099700862	107.6494446
chr7	177972203	1.876501891	107.6685561
chr7	177978744	1.687703682	107.6808303
chr7	177978774	1.66505918	107.6808809
chr7	177979380	1.481514584	107.6818899
chr7	177979574	1.343112139	107.6821773
chr7	177979653	1.260744949	107.6822835
chr7	177979715	1.115351819	107.6823616
chr7	177980150	1.125064107	107.6828468
chr7	178052432	1.077497071	107.7641687
chr7	178057546	1.061590258	107.769679
chr7	178057583	0.950836758	107.7697183
chr7	178057673	0.9147999802	107.7698039
chr7	178057691	0.9595716759	107.7698203
chr7	178057970	0.9436958461	107.770088
chr7	178057989	0.9374882045	107.770106
chr7	178058156	0.7472698828	107.7702625
chr7	178058179	0.6894228707	107.7702797
chr7	178058192	0.6822564016	107.7702887
chr7	178058255	0.741519502	107.7703317
chr7	178058348	0.7256712578	107.7704006
chr7	178058418	1.043584662	107.7704514
chr7	178058462	1.097245325	107.7704973
chr7	178058472	1.157603267	107.7705083
chr7	178082545	1.241149342	107.7983753
chr7	178082577	1.265589331	107.798415
chr7	178095183	1.483668112	107.814369
chr7	178096324	1.696834285	107.8160619
chr7	178096349	1.818618291	107.8161043
chr7	178096356	1.832561416	107.816117
chr7	178096358	1.903669391	107.8161207
chr7	178141568	1.863776288	107.9021856
chr7	178188013	1.772944563	107.9887487
chr7	178194774	2.135994685	108.0007356
chr7	178194850	2.110754562	108.0008979
chr7	178196322	2.051665544	108.0040049
chr7	178196328	2.026816543	108.0040172
chr7	178196691	1.958887423	108.004753
chr7	178201275	1.983116997	108.0137325
chr7	178201281	1.92612799	108.0137444
chr7	178201369	1.375612354	108.0139139
chr7	178201452	1.557994353	108.0140281
chr7	178203055	1.501846244	108.0165256
chr7	178216603	2.092821885	108.0368726
chr7	178216645	2.092234804	108.0369605
chr7	178216799	2.148146364	108.0372827
chr7	178264696	2.091201246	108.1401724
chr7	178264700	1.947837852	108.1401808
chr7	178264713	2.074576099	108.1402061
chr7	178278432	2.30620111	108.1686672
chr7	178278462	2.295224817	108.1687364
chr7	178278463	2.302606642	108.1687387
chr7	178278470	7.753575875	108.1687548
chr7	178279113	7.860463941	108.1737404
chr7	178279123	2.702981661	108.173819
chr7	178279125	2.81928627	108.1738244
chr7	178279135	2.872795001	108.1738526
chr7	178279188	2.994474084	108.1740049
chr7	178280166	2.983600369	108.1769334
chr7	178280232	3.012760741	108.1771304
chr7	178292215	3.389823803	108.2132323
chr7	178292719	3.579528966	108.2149407
chr7	178292769	3.514309783	108.2151197
chr7	178292782	3.562538357	108.2151654
chr7	178292790	3.736902359	108.2151939
chr7	178292800	3.829636625	108.2152313
chr7	178293103	3.923089801	108.2163917
chr7	178293258	4.029119896	108.2169997
chr7	178293382	4.123285208	108.2174993
chr7	178294213	4.155277245	108.2209258
chr7	178294587	4.580180665	108.2224799
chr7	178325774	4.259000118	108.365322
chr7	178326543	4.204023605	108.3685971
chr7	178329978	5.006420307	108.383038
chr7	178329995	4.695718666	108.3831231
chr7	178330068	6.978946853	108.3834659
chr7	178333007	6.914963583	108.403977
chr7	178333042	6.702556987	108.404219
chr7	178333078	7.031251292	108.4044603
chr7	178333088	4.83393714	108.4045306
chr7	178333097	5.163889725	108.4045741
chr7	178333153	6.980886873	108.4048633
chr7	178338296	6.566403275	108.440766
chr7	178338373	11.59226665	108.4412716
chr7	178338375	11.40257357	108.4412948
chr7	178338981	3.577944727	108.4482048
chr7	178342779	3.01637446	108.4617938
chr7	178342886	3.002455878	108.4621165
chr7	178343546	2.672503293	108.4640982
chr7	178343567	1.625920051	108.4641543
chr7	178343602	1.636999374	108.4642112
chr7	178343623	1.175129112	108.4642456
chr7	178343655	1.104865915	108.4642832
chr7	178343854	1.157635098	108.464503
chr7	178343908	1.255403076	108.4645655
chr7	178344597	1.291068185	108.4654305
chr7	178397877	1.338770359	108.5342186
chr7	178398119	1.352529182	108.5345426
chr7	178398150	1.288150444	108.5345845
chr7	178398185	1.30158706	108.5346296
chr7	178402029	1.444257443	108.5396329
chr7	178402035	1.489397895	108.5396416
chr7	178403205	1.522109522	108.5413842
chr7	178405141	1.571800002	108.544331
chr7	178405194	1.529701514	108.5444143
chr7	178405363	1.504997662	108.5446728
chr7	178405372	1.60493616	108.5446864
chr7	178470152	1.631309027	108.6486541
chr7	178471246	1.581499376	108.6504388
chr7	178474182	1.555261965	108.6550821
chr7	178474273	1.528884641	108.6552236
chr7	178474296	1.533158967	108.6552588
chr7	178474418	1.584638191	108.6554458
chr7	178474440	1.53568873	108.6554807
chr7	178474458	1.513584387	108.6555083
chr7	178474524	2.25561305	108.6556082
chr7	178508075	2.539670718	108.7312863
chr7	178508112	2.325385069	108.7313802
chr7	178508601	2.274070098	108.7325174
chr7	178508638	2.347476817	108.7326015
chr7	178509059	2.312539916	108.7335898
chr7	178509272	2.457495854	108.7340824
chr7	178509286	6.118642407	108.7341168
chr7	178509367	6.019693563	108.7346124
chr7	178509484	5.958321113	108.7353167
chr7	178509786	10.59039223	108.7371161
chr7	178509814	10.63366135	108.7374126
chr7	178510438	11.44739768	108.744048
chr7	178510841	9.312249935	108.7486613
chr7	178510987	9.21769725	108.7500209
chr7	178510990	9.595283215	108.7500486
chr7	178511589	9.616003741	108.7557961
chr7	178511793	9.967162283	108.7577578
chr7	178511815	8.780476328	108.7579771
chr7	178511939	5.87960309	108.7590659
chr7	178511965	5.966974516	108.7592187
chr7	178516695	5.312728306	108.7874425
chr7	178518506	4.838964475	108.7970639
chr7	178518542	4.392700019	108.7972381
chr7	178518556	3.999578632	108.7972996
chr7	178520740	2.631950223	108.8060347
chr7	178521285	2.558578272	108.8074691
chr7	178521307	2.266771314	108.8075254
chr7	178521611	1.915612773	108.8082145
chr7	178522030	1.618194332	108.8090171
chr7	178602500	1.626767075	108.9392332
chr7	178602508	1.378565102	108.9392462
chr7	178602509	1.199442901	108.9392476
chr7	178602515	1.162383486	108.9392548
chr7	178602536	0.748925596	108.9392792
chr7	178602607	0.7131464605	108.9393324
chr7	178602696	0.5933297448	108.9393958
chr7	178606320	0.6000826747	108.9415461
chr7	178654172	0.645815927	108.9702612
chr7	178654176	0.6556526257	108.9702638
chr7	178654212	0.6930405719	108.9702874
chr7	178654773	0.7752083974	108.9706762
chr7	178654783	0.7226290752	108.970684
chr7	178655419	0.7771972947	108.9711435
chr7	178714885	0.7886370348	109.0173604
chr7	178817897	0.7320702302	109.0985994
chr7	178817901	0.7096113934	109.0986024
chr7	178829742	0.6324462829	109.1070049
chr7	178844584	0.5962334963	109.1163916
chr7	178868177	0.5874753398	109.1304586
chr7	178952198	0.6290040808	109.1798188
chr7	178952222	0.5677845001	109.1798339
chr7	178952351	0.6336854589	109.1799072
chr7	179004214	0.6697022133	109.212772
chr7	179004647	1.17462515	109.213062
chr7	179004654	1.493767391	109.2130702
chr7	179004666	1.483913877	109.2130881
chr7	179004667	1.671001371	109.2130896
chr7	179004668	1.655461819	109.2130913
chr7	179004767	1.657945598	109.2132552
chr7	179004776	1.648095183	109.2132701
chr7	179005276	1.666223093	109.2140942
chr7	179005386	1.668907563	109.2142774
chr7	179015667	1.702956652	109.2314355
chr7	179016229	1.648587136	109.2323925
chr7	179016262	1.340138905	109.2324469
chr7	179016305	3.370640288	109.2325046
chr7	179016312	3.362308606	109.2325282
chr7	179017189	3.440276361	109.2354769
chr7	179017205	3.589390184	109.235532
chr7	179017231	3.507016256	109.2356253
chr7	179017531	3.412962264	109.2366774
chr7	179017658	3.15830576	109.2371108
chr7	179018044	3.237131498	109.2383299
chr7	179018053	1.334560136	109.2383591
chr7	179018144	1.338512338	109.2384805
chr7	179018172	1.373407831	109.238518
chr7	179018175	1.407378749	109.2385221
chr7	179054711	1.484739652	109.2899421
chr7	179055208	1.540656654	109.29068
chr7	179055274	1.534721147	109.2907817
chr7	179104781	1.72699351	109.3667611
chr7	179104825	1.68230448	109.3668371
chr7	179106807	1.909650862	109.3701715
chr7	179106811	1.924505252	109.3701791
chr7	179116857	1.912630529	109.3895127
chr7	179116865	1.135435995	109.389528
chr7	179116877	1.061516039	109.3895416
chr7	179116923	2.531510624	109.3895904
chr7	179116972	5.17402269	109.3897145
chr7	179117055	5.189564938	109.3901439
chr7	179117690	5.220738671	109.3934393
chr7	179118236	5.148973005	109.3962898
chr7	179119306	3.702193919	109.4017992
chr7	179119311	3.717891782	109.4018177
chr7	179119318	3.733599729	109.4018438
chr7	179119352	3.699839048	109.4019707
chr7	179119433	3.715472278	109.4022704
chr7	179119441	2.312416521	109.4023001
chr7	179119568	0.897629629	109.4025938
chr7	179119664	0.979783195	109.40268
chr7	179119691	0.9960465014	109.4027064
chr7	179119765	1.269722163	109.4027801
chr7	179191987	1.281611638	109.494482
chr7	179195462	1.275517413	109.4989356
chr7	179201149	1.233154364	109.5061895
chr7	179201150	1.185416331	109.5061907
chr7	179202372	1.31171835	109.5076393
chr7	179215435	1.407326565	109.5247743
chr7	179331682	1.662810183	109.6883717
chr7	179335698	1.699390706	109.6950496
chr7	179338495	3.704211224	109.6998028
chr7	179338804	3.610618376	109.7009474
chr7	179338833	3.594887709	109.7010521
chr7	179338858	9.806913949	109.701142
chr7	179338881	22.39012798	109.7013675
chr7	179338888	25.58241924	109.7015243
chr7	179338909	35.07553894	109.7020615
chr7	179338938	38.3197449	109.7030787
chr7	179338940	38.26925467	109.7031553
chr7	179339135	38.29361453	109.7106178
chr7	179339421	25.11875896	109.7215698
chr7	179339460	29.98542092	109.7225494
chr7	179339946	73.87582416	109.7371223
chr7	179339968	61.35257849	109.7387476
chr7	179339977	58.18149757	109.7392998
chr7	179339984	58.16584908	109.7397071
chr7	179340013	6.757294976	109.7413939
chr7	179340114	60.62721003	109.7420764
chr7	179340115	61.31702087	109.742137
chr7	179340139	61.36623231	109.7436086
chr7	179340169	61.42488319	109.7454496
chr7	179340178	4.994320771	109.7460024
chr7	179340264	5.053070593	109.7464319
chr7	179342998	5.078264605	109.760247
chr7	179345025	5.103819972	109.7705406
chr7	179345077	3.41649779	109.770806
chr7	179345078	3.591376847	109.7708095
chr7	179345113	2.978190623	109.7709352
chr7	179345130	3.080117333	109.7709858
chr7	179345189	3.103771723	109.7711675
chr7	179345223	1.863057421	109.771273
chr7	179386576	1.779978923	109.8483161
chr7	179386580	1.816946151	109.8483232
chr7	179386645	1.853939161	109.8484413
chr7	179386677	1.890644665	109.8485006
chr7	179398926	1.975859751	109.8716591
chr7	179398948	1.858654951	109.8717026
chr7	179398952	2.047715928	109.87171
chr7	179443339	1.970042858	109.962602
chr7	179479843	6.25241743	110.0345164
chr7	179479935	8.551621242	110.0350916
chr7	179479941	8.883000957	110.035143
chr7	179479962	14.4372234	110.0353295
chr7	179480209	14.4127282	110.0388955
chr7	179480605	10.50038646	110.0446029
chr7	179480666	10.45170559	110.0452435
chr7	179480671	6.213338172	110.0452957
chr7	179480878	6.589352411	110.0465819
chr7	179481412	6.143723938	110.0501006
chr7	179481964	6.096229513	110.0534919
chr7	179489385	5.66381078	110.098732
chr7	179489462	5.305387392	110.0991682
chr7	179490018	3.463124939	110.102118
chr7	179490047	2.356825895	110.1022184
chr7	179490246	2.386665815	110.1026874
chr7	179490273	6.090290741	110.1027518
chr7	179490345	15.56455384	110.1031903
chr7	179490384	15.54082685	110.1037974
chr7	179490684	14.4948918	110.1084596
chr7	179490903	14.80576519	110.111634
chr7	179490912	14.90183537	110.1117672
chr7	179490938	15.02435408	110.1121547
chr7	179490941	15.03074427	110.1121998
chr7	179490946	9.344876063	110.1122749
chr7	179491122	6.558893356	110.1139196
chr7	179491131	10.44114803	110.1139786
chr7	179491536	12.87592232	110.1182073
chr7	179491572	12.97759964	110.1186708
chr7	179491577	15.55402775	110.1187357
chr7	179492938	11.95075777	110.1399048
chr7	179492992	5.665831793	110.1405501
chr7	179492995	3.825108587	110.1405671
chr7	179493107	3.894075871	110.1409955
chr7	179493111	4.066680513	110.1410111
chr7	179493126	2.421544329	110.1410721
chr7	179538803	2.926454971	110.251681
chr7	179538812	3.513800207	110.2517073
chr7	179538921	5.164985343	110.2520903
chr7	179538935	5.182534863	110.2521626
chr7	179538936	5.035445015	110.2521678
chr7	179543097	1.389480054	110.2731203
chr7	179556818	1.138210135	110.2921853
chr7	179558858	1.087475464	110.2945073
chr7	179558954	0.9860911619	110.2946117
chr7	179558999	0.9356238478	110.2946561
chr7	179559388	0.8666719364	110.29502
chr7	179559897	0.9572905176	110.2954612
chr7	179559910	1.90010483	110.2954736
chr7	179563092	1.204376015	110.3015197
chr7	179570587	1.298845794	110.3105465
chr7	179597943	1.208227212	110.3460778
chr7	179597967	1.725247404	110.3461068
chr7	179600715	1.706458315	110.3508477
chr7	179605512	1.771492102	110.3590336
chr7	179605693	1.605958772	110.3593543
chr7	179605703	1.085852767	110.3593703
chr7	179605785	4.090937639	110.3594594
chr7	179605791	10.03869627	110.3594839
chr7	179605820	10.00869249	110.359775
chr7	179605912	10.08771684	110.3606958
chr7	179606151	9.756279053	110.3631068
chr7	179606213	9.647030224	110.3637117
chr7	179606825	9.568195601	110.3696157
chr7	179606921	3.532810658	110.3705342
chr7	179606982	0.6380377246	110.3707497
chr7	179607001	0.6618321852	110.3707618
chr7	179607082	0.7156216323	110.3708154
chr7	179607184	0.9587518166	110.3708884
chr7	179607432	1.219747686	110.3711262
chr7	179609247	1.395099678	110.37334
chr7	179609250	1.44769739	110.3733442
chr7	179609254	1.495436388	110.37335
chr7	179643682	1.400974375	110.4248349
chr7	179643783	1.539557644	110.4249764
chr7	179644530	1.740223163	110.4261265
chr7	179645501	1.798459975	110.4278162
chr7	179647485	1.722554	110.4313844
chr7	179647988	2.266324503	110.4322508
chr7	179649540	2.230639866	110.4357681
chr7	179651072	2.2635957	110.4391855
chr7	179658233	2.276092436	110.4553951
chr7	179658281	1.974283774	110.4555043
chr7	179668661	2.046063906	110.4759974
chr7	179674790	1.956456327	110.4885377
chr7	179674798	1.259530749	110.4885534
chr7	179674820	1.323058934	110.4885811
chr7	179674854	1.357405506	110.4886261
chr7	179675140	1.384131873	110.4890143
chr7	179675160	1.271573121	110.489042
chr7	179676221	1.112663222	110.4903911
chr7	179676403	1.15492553	110.4905936
chr7	179679114	1.286869754	110.4937246
chr7	179679909	1.772387895	110.4947477
chr7	179680042	1.812934462	110.4949834
chr7	179729090	1.849429717	110.5839042
chr7	179729133	1.924483586	110.5839837
chr7	179729279	2.032751221	110.5842647
chr7	179729444	2.216680179	110.5846001
chr7	179729485	2.596577541	110.584691
chr7	179729987	3.118492999	110.5859945
chr7	179730130	3.24733468	110.5864404
chr7	179751762	4.47913248	110.6566868
chr7	179751851	4.321445206	110.6570854
chr7	179751895	5.438299835	110.6572756
chr7	179751942	8.784714568	110.6575312
chr7	179755676	7.668547347	110.6903333
chr7	179755687	6.596768188	110.6904176
chr7	179755690	6.629149827	110.6904374
chr7	179755712	6.605610588	110.6905833
chr7	179756889	8.081983483	110.6983581
chr7	179756895	6.705999079	110.6984066
chr7	179757403	6.556974404	110.7018132
chr7	179757650	6.595977453	110.7034328
chr7	179757981	5.264389998	110.7056161
chr7	179757983	4.809781571	110.7056266
chr7	179758017	4.829476603	110.7057901
chr7	179758024	4.762484219	110.7058239
chr7	179761119	7.227270622	110.7205638
chr7	179761123	5.902389505	110.7205927
chr7	179761133	5.922040534	110.7206517
chr7	179761136	5.933526082	110.7206695
chr7	179761527	5.891691971	110.7229895
chr7	179761687	5.922893526	110.7239322
chr7	179762270	8.642378795	110.7273852
chr7	179762300	8.661670031	110.7276445
chr7	179763815	6.751927112	110.7407669
chr7	179765072	6.671990243	110.7492541
chr7	179765148	4.960560824	110.7497612
chr7	179765220	4.980978421	110.7501183
chr7	179765244	6.510248737	110.7502379
chr7	179765446	5.753556649	110.751553
chr7	179766578	6.013248921	110.758066
chr7	179766579	6.03378864	110.758072
chr7	179767507	5.493739367	110.7636714
chr7	179767548	5.595139151	110.7638966
chr7	179767559	5.636565627	110.7639581
chr7	179767562	4.608478106	110.7639751
chr7	179767587	5.108749007	110.7640903
chr7	179775069	4.381893723	110.8023139
chr7	179775233	4.548463979	110.8030326
chr7	179775248	3.952248242	110.8031008
chr7	179775250	3.966405324	110.8031087
chr7	179775455	3.999871562	110.8039218
chr7	179775729	4.026185967	110.8050178
chr7	179775732	4.040371126	110.8050298
chr7	179775747	3.489732805	110.8050904
chr7	179775751	3.511647989	110.8051044
chr7	179775753	3.337133002	110.8051114
chr7	179779176	3.081529844	110.8165344
chr7	179779595	2.161692415	110.8178256
chr7	179779830	2.344619593	110.8183336
chr7	179779854	2.942597177	110.8183899
chr7	179779859	2.960725277	110.8184046
chr7	179922471	2.93722663	111.2406395
chr7	179922535	2.913106897	111.2408275
chr7	179933070	3.407325387	111.2715171
chr7	179933113	3.436020012	111.2716636
chr7	179933138	3.333615484	111.2717495
chr7	179933455	3.536393072	111.2728063
chr7	179933576	4.242473354	111.2732342
chr7	179933603	4.340130484	111.2733487
chr7	179933611	4.295284726	111.2733834
chr7	179933964	4.50810671	111.2748997
chr7	179934078	4.528811462	111.2754136
chr7	179934084	4.50645735	111.2754408
chr7	179934106	4.601087893	111.2755399
chr7	179934115	4.587903188	111.2755813
chr7	179934119	5.074106476	111.2755997
chr7	179934365	5.051793019	111.2768479
chr7	179934420	5.581796795	111.2771258
chr7	179934433	6.094514581	111.2771983
chr7	179934440	6.08708342	111.277241
chr7	179934443	8.350443633	111.2772592
chr7	179934495	8.535176772	111.2776935
chr7	179934566	9.136333227	111.2782995
chr7	179934695	9.323067483	111.279478
chr7	179934807	11.60235306	111.2805222
chr7	179934810	12.08022376	111.280557
chr7	179936573	12.0388232	111.3018545
chr7	179936578	10.71683801	111.3019147
chr7	179936589	9.337376245	111.3020326
chr7	179938306	9.424100022	111.3180648
chr7	179940925	8.435829529	111.3427465
chr7	179944887	8.482487191	111.3761693
chr7	179948368	7.998569082	111.4056968
chr7	179949754	8.562714995	111.4167829
chr7	179950294	8.733012578	111.4214067
chr7	179953145	7.532049959	111.4463045
chr7	179953158	6.169242506	111.4464025
chr7	179969997	6.096433227	111.5502863
chr7	179970043	5.94641096	111.5505668
chr7	179970087	5.728272501	111.5508284
chr7	179970539	4.491179388	111.5534176
chr7	179970867	4.300908119	111.5548907
chr7	179973052	4.211634068	111.5642882
chr7	180012645	4.666592443	111.7310394
chr7	180014944	4.523435365	111.7417679
chr7	180014945	4.469305568	111.7417724
chr7	180014958	4.425318906	111.7418305
chr7	180018661	4.347273866	111.7582175
chr7	180018720	4.02806341	111.758474
chr7	180018780	3.375515545	111.7587157
chr7	180018820	3.073109305	111.7588507
chr7	180018826	3.022062205	111.7588691
chr7	180018837	3.040179166	111.7589024
chr7	180019128	2.998414483	111.7597871
chr7	180020223	2.211449264	111.7630703
chr7	180061311	2.9398252	111.8539343
chr7	180065402	2.927923247	111.8659612
chr7	180065652	2.072739907	111.8666931
chr7	180065731	2.046742874	111.8668569
chr7	180065814	1.639939026	111.8670268
chr7	180065895	2.58389704	111.8671596
chr7	180072426	2.507760301	111.884035
chr7	180072679	1.491346809	111.8846695
chr7	180072715	2.09586362	111.8847232
chr7	180075979	3.122874214	111.8915641
chr7	180078519	3.646925982	111.8994962
chr7	180078908	3.606881079	111.9009148
chr7	180079307	3.583081691	111.902354
chr7	180079336	2.162686225	111.9024579
chr7	180081085	2.388596912	111.9062404
chr7	180082116	2.659045184	111.9087031
chr7	180083154	2.742691038	111.9114632
chr7	180084622	3.065235484	111.9154894
chr7	180094864	4.897134176	111.9468836
chr7	180105944	4.585972212	112.0011438
chr7	180105979	4.499960966	112.0013043
chr7	180105980	6.427108607	112.0013088
chr7	180106020	5.732154605	112.0015659
chr7	180106370	5.62971293	112.0035722
chr7	180106412	5.164467429	112.0038086
chr7	180106700	12.58485497	112.005296
chr7	180106712	12.75032619	112.005447
chr7	180106767	12.71112446	112.0061483
chr7	180106783	12.67108574	112.0063517
chr7	180106874	12.7692877	112.0075047
chr7	180106898	12.71878742	112.0078112
chr7	180106913	12.52751133	112.008002
chr7	180106942	17.65035615	112.0083653
chr7	180107006	17.6251923	112.0094949
chr7	180107019	17.96161643	112.009724
chr7	180107123	10.20445881	112.011592
chr7	180107546	10.21064655	112.0159085
chr7	180107614	11.43570528	112.0166028
chr7	180107615	6.404025993	112.0166143
chr7	180116462	6.846591596	112.0732707
chr7	180116617	6.977413276	112.0743319
chr7	180116640	6.680219369	112.0744924
chr7	180116658	9.285724153	112.0746126
chr7	180117088	9.375720618	112.0786055
chr7	180117100	9.645681824	112.078718
chr7	180117111	9.446524542	112.0788241
chr7	180117117	9.763981005	112.0788808
chr7	180117267	9.518623049	112.0803454
chr7	180139212	10.21907833	112.2892316
chr7	180139252	11.48196279	112.2896403
chr7	180139255	12.61414475	112.2896748
chr7	180139262	12.44051547	112.2897631
chr7	180139266	12.28801748	112.2898128
chr7	180139418	12.50378033	112.2916806
chr7	180139465	12.35273216	112.2922683
chr7	180139918	12.48121373	112.2978641
chr7	180141982	12.0595232	112.3236253
chr7	180141987	11.95921846	112.3236856
chr7	180142971	11.73331212	112.3354535
chr7	180143004	11.80687193	112.3358407
chr7	180155126	11.49916162	112.4789636
chr7	180155321	10.90910387	112.4812059
chr7	180155395	10.76478932	112.4820132
chr7	180155397	9.967790956	112.4820347
chr7	180155413	14.11210983	112.4821942
chr7	180155439	13.80693604	112.4825611
chr7	180155445	13.84792659	112.482644
chr7	180155447	13.89684846	112.4826717
chr7	180155466	13.73706383	112.4829357
chr7	180155686	13.268842	112.4859578
chr7	180155694	12.92825664	112.486064
chr7	180155742	12.91803574	112.4866846
chr7	180156102	13.18706325	112.491335
chr7	180156105	13.09966308	112.4913746
chr7	180156106	7.920586844	112.4913877
chr7	180156109	7.966900411	112.4914115
chr7	180156151	8.142666248	112.4917461
chr7	180156184	8.532096047	112.4920148
chr7	180162682	8.469488461	112.5474563
chr7	180163203	8.348841058	112.551869
chr7	180163237	8.186635718	112.5521528
chr7	180163239	8.410933065	112.5521692
chr7	180163269	8.422438222	112.5524215
chr7	180163292	8.2845036	112.5526152
chr7	180165410	8.568477023	112.5701618
chr7	180165435	9.153335284	112.570376
chr7	180165488	9.905956594	112.5708611
chr7	180166752	8.472633817	112.5833823
chr7	180166757	8.496525729	112.5834246
chr7	180167229	8.088647526	112.587435
chr7	180167355	10.31140607	112.5884542
chr7	180167382	13.31722522	112.5887326
chr7	180169676	7.283035586	112.6192823
chr7	180169677	6.500004386	112.6192896
chr7	180169770	6.525500599	112.6198941
chr7	180169774	6.550410276	112.6199202
chr7	180169775	6.310622095	112.6199267
chr7	180178394	5.691764782	112.674318
chr7	180178410	5.405508998	112.674409
chr7	180178567	4.491870908	112.6752577
chr7	180178607	4.519149835	112.6754374
chr7	180178610	2.099224701	112.6754509
chr7	180178664	2.333949657	112.6755643
chr7	180178667	2.260190791	112.6755713
chr7	180178674	2.286227876	112.6755871
chr7	180181916	2.342252553	112.6829991
chr7	180303870	2.259665818	112.9686461
chr7	180304993	3.493853507	112.9711837
chr7	180305035	3.418713117	112.9713305
chr7	180305450	3.46885163	112.9727493
chr7	180307676	3.444617627	112.9804709
chr7	180307836	3.325831227	112.9810221
chr7	180308181	2.274092058	112.9821695
chr7	180308197	2.269084882	112.9822059
chr7	180311028	2.65209874	112.9886296
chr7	180311060	2.705040923	112.9887145
chr7	180311088	2.85231478	112.9887902
chr7	180312144	2.830760638	112.9918023
chr7	180313033	3.402455902	112.9943188
chr7	180329508	3.218974182	113.0503743
chr7	180329544	3.059907386	113.0504902
chr7	180330714	2.701725823	113.0540703
chr7	180330772	2.549113076	113.054227
chr7	180330800	2.422583901	113.0542983
chr7	180330823	23.83465525	113.0543541
chr7	180330824	23.81496978	113.0543779
chr7	180330826	23.79232629	113.0544255
chr7	180330900	23.6017649	113.0561862
chr7	180330902	23.24475609	113.0562334
chr7	180330904	23.2568176	113.0562799
chr7	180330981	1.048052042	113.0580706
chr7	180330991	1.123783028	113.0580811
chr7	180331119	1.147762068	113.058225
chr7	180331476	1.127001198	113.0586347
chr7	180334482	1.161844177	113.0620225
chr7	180334510	1.064756568	113.062055
chr7	180355344	1.071934199	113.0842381
chr7	180362550	1.081804099	113.0919625
chr7	180374213	1.198166757	113.1045796
chr7	180374215	1.235303219	113.104582
chr7	180467053	1.188688748	113.2192651
chr7	180467065	1.148671456	113.2192793
chr7	180467745	1.201495621	113.2200604
chr7	180467751	1.339243601	113.2200676
chr7	180468500	1.350760188	113.2210707
chr7	180468536	1.676703492	113.2211193
chr7	180468571	1.759492299	113.221178
chr7	180468573	1.849766197	113.2211816
chr7	180468594	2.191982471	113.2212204
chr7	180469833	2.327780332	113.2239363
chr7	180469856	2.355454977	113.2239898
chr7	180478979	2.376362772	113.2454786
chr7	180478995	2.391543878	113.2455166
chr7	180479033	2.42191117	113.2456075
chr7	180479106	2.130174864	113.2457843
chr7	180479144	2.557371695	113.2458653
chr7	180480278	2.638815829	113.2487653
chr7	180481875	2.76379484	113.2529795
chr7	180481894	3.032359609	113.253032
chr7	180482065	3.072250128	113.2535506
chr7	180482104	3.121426977	113.2536704
chr7	180608665	3.236582325	113.6487213
chr7	180613420	3.271604719	113.6641112
chr7	180616745	3.715003422	113.6749893
chr7	180616761	3.966161852	113.6750488
chr7	180620573	3.986648316	113.6901678
chr7	180620575	4.004810129	113.6901758
chr7	180620592	2.912842651	113.6902438
chr7	180620634	2.952541908	113.6903662
chr7	180621034	2.969399952	113.6915472
chr7	180639363	2.797055664	113.7459733
chr7	180639372	2.83953616	113.7459985
chr7	180639390	2.767966828	113.7460496
chr7	180639415	2.773674672	113.7461188
chr7	180639422	2.821260964	113.7461382
chr7	180639424	2.639966319	113.7461439
chr7	180639467	2.64353514	113.7462574
chr7	180643857	2.749616649	113.7578625
chr7	180643878	2.873834958	113.7579202
chr7	180669963	2.95622848	113.8328842
chr7	180669980	2.959861956	113.8329345
chr7	180706098	3.063426475	113.9398388
chr7	180708392	2.971220974	113.9468663
chr7	180708561	2.80597001	113.9473684
chr7	180708776	2.79161684	113.9479717
chr7	180711807	2.615416246	113.9564331
chr7	180711862	2.620073985	113.9565769
chr7	180711864	2.564700893	113.9565822
chr7	180711865	2.553017396	113.9565847
chr7	180711873	2.465224892	113.9566052
chr7	180711996	2.671193656	113.9569084
chr7	180712042	2.639067125	113.9570313
chr7	180712067	2.681968851	113.9570972
chr7	180712069	2.690092853	113.9571026
chr7	180712175	3.538066449	113.9573878
chr7	180712206	3.645632619	113.9574974
chr7	180712220	3.678820751	113.9575485
chr7	180720531	2.891907387	113.9881232
chr7	180720559	2.673097742	113.9882041
chr7	180765144	2.692327225	114.1073842
chr7	180765170	2.865354048	114.1074542
chr7	180765171	2.894928784	114.1074571
chr7	180765365	2.907159796	114.1080187
chr7	180765367	2.930879609	114.1080245
chr7	180765372	2.866445524	114.1080391
chr7	180765394	2.95397677	114.1081022
chr7	180765419	3.253989732	114.1081761
chr7	180765420	27.41818497	114.1081793
chr7	180765421	27.34218594	114.1082067
chr7	180765476	28.59752247	114.1097105
chr7	180765477	28.69563973	114.1097391
chr7	180765478	28.873172	114.1097678
chr7	180765545	28.8749157	114.1117023
chr7	180765546	28.89481225	114.1117312
chr7	180765556	28.96644646	114.1120202
chr7	180765557	30.51596312	114.1120491
chr7	180765562	30.61905751	114.1122017
chr7	180765563	9.605600438	114.1122323
chr7	180767771	9.635168489	114.1334415
chr7	180767773	9.645651854	114.1334608
chr7	180767781	9.759439024	114.1335379
chr7	180767782	6.656215935	114.1335477
chr7	180767805	6.698222606	114.1337008
chr7	180767806	6.726280759	114.1337075
chr7	180767807	6.812460716	114.1337142
chr7	180767844	6.831722089	114.1339663
chr7	180767845	5.679436967	114.1339731
chr7	180767846	5.802241251	114.1339788
chr7	180767864	5.956307689	114.1340832
chr7	180767865	6.349356283	114.1340892
chr7	180767866	6.43643564	114.1340955
chr7	180767867	6.517287256	114.134102
chr7	180767875	6.575954103	114.1341541
chr7	180767876	6.656883531	114.1341607
chr7	180767891	6.674372699	114.1342605
chr7	180767892	6.838153057	114.1342672
chr7	180767899	7.000211966	114.1343151
chr7	180767900	7.097424434	114.1343221
chr7	180767903	7.099176131	114.1343434
chr7	180767904	7.18033226	114.1343505
chr7	180810338	7.210893229	114.4390407
chr7	180810385	7.214467601	114.4393796
chr7	180810386	7.094076817	114.4393868
chr7	180810405	6.904733326	114.4395216
chr7	180810406	6.886571509	114.4395285
chr7	180810495	7.048062656	114.4401414
chr7	180810496	7.491260039	114.4401485
chr7	180810503	7.5086474	114.4402009
chr7	180810504	7.630746524	114.4402084
chr7	180810505	7.75733638	114.440216
chr7	180810509	7.59557243	114.4402471
chr7	180810772	7.515218294	114.4422447
chr7	180810796	7.569302857	114.4424251
chr7	180824210	7.317757948	114.5439597
chr7	180824211	7.368052983	114.543967
chr7	180824227	7.419948432	114.5440849
chr7	180824228	7.358779328	114.5440923
chr7	180826641	7.365993724	114.5618491
chr7	180826642	7.248670006	114.5618564
chr7	180826693	7.202800491	114.5622261
chr7	180826707	7.349942749	114.5623269
chr7	180826735	7.916872125	114.5625327
chr7	180826750	8.395349878	114.5626515
chr7	180826836	8.541137078	114.5633735
chr7	180826862	8.821276906	114.5635956
chr7	180827025	8.927902188	114.5650334
chr7	180827095	9.01111801	114.5656584
chr7	180827096	9.149076843	114.5656674
chr7	180827130	9.212954151	114.5659785
chr7	180828580	9.21836677	114.5793372
chr7	180828581	10.29802775	114.5793465
chr7	180828582	10.87320185	114.5793568
chr7	180828584	11.53028472	114.5793785
chr7	180834276	11.59142888	114.6450089
chr7	180835084	11.67880469	114.6543748
chr7	180835108	11.6806126	114.6546551
chr7	180835109	16.63534303	114.6546667
chr7	180835110	16.82347624	114.6546834
chr7	180835637	16.86287193	114.6635493
chr7	180835679	17.3123582	114.6642576
chr7	180835680	17.82241136	114.6642749
chr7	180835791	17.49663611	114.6662532
chr7	180835904	17.73160608	114.6682303
chr7	180836232	12.11831025	114.6740463
chr7	180836233	11.97758096	114.6740584
chr7	180837605	12.08017545	114.6904916
chr7	180837697	14.14068683	114.691603
chr7	180837698	14.22318594	114.6916171
chr7	180837740	14.19612481	114.6922145
chr7	180860450	14.45072646	115.0146085
chr7	180860464	14.97010318	115.0148108
chr7	180864909	15.1193288	115.0813529
chr7	180872380	15.00631253	115.1943094
chr7	180874534	15.62631991	115.226633
chr7	180874541	15.6337195	115.2267424
chr7	180874542	17.71337308	115.2267581
chr7	180874543	19.06113832	115.2267758
chr7	180879397	19.00391621	115.3192985
chr7	180881260	18.97886708	115.3547028
chr7	180881562	18.81647321	115.3604344
chr7	180881745	18.82568934	115.3638779
chr7	180881746	19.37239853	115.3638967
chr7	180881747	19.69427732	115.3639161
chr7	180881774	20.7931682	115.3644478
chr7	180881805	20.75066222	115.3650924
chr7	180881806	27.09620665	115.3651131
chr7	180884190	27.18476752	115.4297105
chr7	180884251	27.72254237	115.4313688
chr7	180884258	27.98295562	115.4315628
chr7	180884272	27.98481751	115.4319546
chr7	180884273	28.70026033	115.4319826
chr7	180884289	28.62851897	115.4324418
chr7	180884305	29.45339768	115.4328998
chr7	180884548	31.20548101	115.440057
chr7	180884592	31.14587597	115.44143
chr7	180889224	26.8110436	115.5856977
chr7	180889900	26.63733814	115.603822
chr7	180890661	25.18265356	115.624093
chr7	180890662	20.50439347	115.6241182
chr7	180890682	19.97642336	115.6245283
chr7	180891459	19.59947974	115.64005
chr7	180891460	18.2555167	115.6400696
chr7	180892599	18.19271982	115.6608626
chr7	180892646	15.26521437	115.6617177
chr7	180892647	15.09849104	115.6617329
chr7	180892706	14.75686912	115.6626237
chr7	180892719	14.51343147	115.6628156
chr7	180892759	14.37466079	115.6633961
chr7	180892760	12.82506827	115.6634105
chr7	180892764	12.57111605	115.6634618
chr7	180892819	12.64731617	115.6641532
chr7	180892820	12.40619756	115.6641659
chr7	180892837	12.53771473	115.6643768
chr7	180892895	12.51118631	115.6651039
chr7	180892923	12.2161507	115.6654543
chr7	180892955	12.25048804	115.6658452
chr7	180893155	12.0652487	115.6682953
chr7	180895556	12.06844611	115.6972639
chr7	180895557	12.06037233	115.697276
chr7	180910717	11.61526104	115.8801113
chr7	180910718	11.63603173	115.8801229
chr7	180910719	11.25718089	115.8801345
chr7	180910754	10.51619432	115.8805285
chr7	180910755	10.34460846	115.880539
chr7	180910823	9.989050697	115.8812425
chr7	180912448	9.965592341	115.8974747
chr7	180912603	9.813732474	115.8990193
chr7	180913091	9.483125995	115.9038084
chr7	180919263	9.519725254	115.9623383
chr7	180923120	9.277229627	115.9990559
chr7	180923150	9.281033286	115.9993342
chr7	180923151	8.97215655	115.9993435
chr7	180923152	8.901229883	115.9993524
chr7	180936055	9.593346108	116.114205
chr7	180937383	9.623664247	116.126945
chr7	180937999	9.603680276	116.1328731
chr7	180938020	9.604713164	116.1330748
chr7	180938035	9.606627017	116.1332189
chr7	180938036	9.285348504	116.1332285
chr7	180938064	9.209148388	116.1334885
chr7	180938065	9.21557621	116.1334977
chr7	180938069	9.28681499	116.1335346
chr7	180938090	9.298281697	116.1337296
chr7	180938091	9.003289762	116.1337389
chr7	180938092	8.877770781	116.1337479
chr7	180938173	8.77982076	116.134467
chr7	180938174	8.617273831	116.1344758
chr7	180938193	8.679720391	116.1346395
chr7	180938566	8.867859705	116.137877
chr7	180938567	8.978420368	116.1378859
chr7	180938568	8.579594227	116.1378949
chr7	180938626	8.504157722	116.1383925
chr7	180938668	8.536430254	116.1387497
chr7	180938825	8.558275866	116.1400899
chr7	180938826	8.538379316	116.1400984
chr7	180938830	7.295974066	116.1401326
chr7	180938840	7.359282939	116.1402056
chr7	180938853	7.29891075	116.1403012
chr7	180993298	7.269308753	116.5376904
chr7	180993299	7.254016548	116.5376977
chr7	180993361	6.227553257	116.5381474
chr7	180993362	6.150163443	116.5381537
chr7	180993403	6.053897579	116.5384058
chr7	180993404	6.087857796	116.5384119
chr7	180994179	6.121857524	116.54313
chr7	180994180	6.201449824	116.5431361
chr7	180994197	6.173653443	116.5432415
chr7	180994269	6.338118794	116.543686
chr7	180994270	6.473541309	116.5436924
chr7	180994661	6.628937058	116.5462235
chr7	181045414	6.47415817	116.882662
chr7	181045431	6.476191501	116.882772
chr7	181045435	6.40880936	116.8827979
chr7	181045475	8.287566165	116.8830543
chr7	181045481	8.374157961	116.883104
chr7	181045498	15.04680618	116.8832464
chr7	181045564	15.07856559	116.8842394
chr7	181045572	15.11032734	116.8843601
chr7	181045623	22.91049603	116.8851307
chr7	181046065	9.295836879	116.8952571
chr7	181046135	9.460038352	116.8959078
chr7	181048872	7.500745887	116.9218
chr7	181088222	7.746499024	117.2169543
chr7	181089365	7.594731811	117.2258086
chr7	181094272	7.707690474	117.2630759
chr7	181094520	7.673299705	117.2649874
chr7	181094903	7.602705608	117.2679263
chr7	181094904	7.589434802	117.2679339
chr7	181094905	7.576106442	117.2679415
chr7	181094925	7.525267626	117.268093
chr7	181095582	7.354995518	117.2730371
chr7	181095614	7.271422148	117.2732725
chr7	181096644	7.04935735	117.280762
chr7	181096645	6.881403294	117.2807691
chr7	181096646	6.922952615	117.280776
chr7	181096648	7.217470923	117.2807898
chr7	181096649	7.291216789	117.280797
chr7	181096654	7.318062624	117.2808335
chr7	181099448	7.558748083	117.3012802
chr7	181153823	7.293554035	117.7122871
chr7	181153824	7.172953258	117.7122944
chr7	181153829	7.304335502	117.7123302
chr7	181153847	7.288320663	117.7124617
chr7	181153886	7.224713365	117.712746
chr7	181154120	7.327581741	117.7144366
chr7	181154121	11.38199034	117.7144439
chr7	181154982	7.539441465	117.7242438
chr7	181195461	7.040857525	118.0294328
chr7	181195462	7.264268268	118.0294399
chr7	181195481	7.119399304	118.0295779
chr7	181195536	7.308006128	118.0299695
chr7	181195550	8.037119734	118.0300718
chr7	181195552	8.461123699	118.0300878
chr7	181195558	8.902333335	118.0301386
chr7	181195668	8.98734146	118.0311179
chr7	181195703	9.491402071	118.0314324
chr7	181195751	9.718881259	118.031888
chr7	181195752	13.12716785	118.0318977
chr7	181195753	13.58608002	118.0319109
chr7	181201226	13.5549604	118.1062675
chr7	181201865	13.47949846	118.1149291
chr7	181202377	12.97449266	118.1218306
chr7	181202626	13.30491469	118.1250612
chr7	181202657	12.73681556	118.1254737
chr7	181210893	11.22309644	118.2303741
chr7	181210894	10.33326443	118.2303853
chr7	181210906	9.883997478	118.2305093
chr7	181210907	9.656518297	118.2305192
chr7	181210934	39.89908029	118.2307799
chr7	181211047	9.319559095	118.2352885
chr7	181211065	8.57879418	118.2354563
chr7	181211066	8.592651455	118.2354649
chr7	181211127	7.433709172	118.235989
chr7	181211128	7.247034993	118.2359964
chr7	181211193	7.231919476	118.2364675
chr7	181211213	6.436568432	118.2366121
chr7	181211276	6.488733211	118.2370176
chr7	181211317	6.698574525	118.2372837
chr7	181211521	6.787823959	118.2386502
chr7	181212481	6.798140963	118.2451665
chr7	181212581	6.864606149	118.2458463
chr7	181212582	6.901254975	118.2458532
chr7	181265207	6.835742212	118.6090317
chr7	181265208	6.845860678	118.6090386
chr7	181271800	6.826440223	118.6541665
chr7	181273218	6.887102138	118.6638464
chr7	181276747	6.98107829	118.688151
chr7	181276782	6.694693937	118.6883953
chr7	181276783	6.675252348	118.688402
chr7	181277066	6.569550894	118.6902911
chr7	181277086	6.446747007	118.6904225
chr7	181277105	6.298529548	118.690545
chr7	181277158	6.359006576	118.6908788
chr7	181277159	6.375635822	118.6908851
chr7	181277167	6.173145465	118.6909361
chr7	181277168	6.165459821	118.6909423
chr7	181277175	6.113109694	118.6909855
chr7	181277180	6.059739294	118.691016
chr7	181277347	5.954374858	118.692028
chr7	181277368	5.90221008	118.6921531
chr7	181277401	5.987845242	118.6923478
chr7	181277402	6.029217971	118.6923538
chr7	181277404	5.869660039	118.6923659
chr7	181277413	6.254239153	118.6924187
chr7	181277414	6.159971239	118.692425
chr7	181277471	6.37332958	118.6927761
chr7	181277475	6.621735807	118.6928016
chr7	181277476	6.638390511	118.6928082
chr7	181327035	6.661775991	119.0218002
chr7	181330429	7.288069014	119.0444103
chr7	181330430	7.303688997	119.0444175
chr7	181332941	7.212885961	119.0627571
chr7	181332942	7.198295293	119.0627643
chr7	181332950	7.259062187	119.0628219
chr7	181332951	7.287874097	119.0628292
chr7	181333118	7.307199898	119.0640462
chr7	181333648	15.52535012	119.0679191
chr7	181333877	15.54824198	119.0714744
chr7	181333998	17.20264206	119.0733557
chr7	181333999	18.19280152	119.0733729
chr7	181334069	10.00087764	119.0746464
chr7	181334091	9.972839336	119.0748664
chr7	181334166	25.22629573	119.0756144
chr7	181334167	25.93331373	119.0756396
chr7	181334626	13.37764272	119.087543
chr7	181337448	12.42521209	119.1252947
chr7	181337449	12.76452312	119.1253071
chr7	181337538	12.81292032	119.1264432
chr7	181337539	11.89505599	119.126456
chr7	181340083	11.94219014	119.156717
chr7	181340084	11.97107408	119.156729
chr7	181343877	12.01980933	119.2021352
chr7	181346423	10.91936332	119.2327377
chr7	181346424	10.35679914	119.2327486
chr7	181346464	8.733766869	119.2331629
chr7	181347594	8.859783172	119.243032
chr7	181347598	8.959189886	119.2430675
chr7	181459395	8.931557424	120.244678
chr7	181459447	8.864781947	120.2451425
chr7	181459859	8.83737377	120.2487947
chr7	181459865	8.795718069	120.2488478
chr7	181459889	8.630378872	120.2490589
chr7	181459890	8.653041704	120.2490675
chr7	181469987	8.571749092	120.3364373
chr7	181474432	8.616662317	120.3745387
chr7	181474463	8.568702547	120.3748058
chr7	181474501	8.526671394	120.3751314
chr7	181474502	8.573867387	120.3751399
chr7	181484096	8.578430358	120.4573976
chr7	181484365	8.23410147	120.4597052
chr7	181484484	8.037605298	120.4606851
chr7	181484485	8.092352869	120.4606931
chr7	181486375	7.955835741	120.4759877
chr7	181486495	8.147021632	120.4769424
chr7	181486496	8.243346669	120.4769505
chr7	181490091	8.220746821	120.5065853
chr7	181490153	8.250729729	120.507095
chr7	181490249	8.225327306	120.5078871
chr7	181490250	8.238810758	120.5078953
chr7	181543593	8.163547038	120.9473782
chr7	181546293	8.096758347	120.9694198
chr7	181546360	8.21374651	120.9699623
chr7	181546636	8.197265206	120.9722293
chr7	181546655	8.052297994	120.972385
chr7	181551152	8.233380125	121.0085962
chr7	181551182	8.45983331	121.0088432
chr7	181551183	8.586710247	121.0088516
chr7	181551192	8.574132359	121.0089289
chr7	181572956	8.665845487	121.1955363
chr7	181572968	8.582486777	121.1956403
chr7	181573022	9.163294486	121.1961038
chr7	181573030	9.295108796	121.1961771
chr7	181573031	9.344500276	121.1961864
chr7	181573045	9.332851112	121.1963172
chr7	181573367	9.44130948	121.1993224
chr7	181573382	9.410922515	121.199464
chr7	181573798	9.367542958	121.203379
chr7	181573799	9.651004994	121.2033883
chr7	181573839	9.607423038	121.2037744
chr7	181573840	9.683269618	121.203784
chr7	181578958	9.102461909	121.2533429
chr7	181597518	10.03459542	121.4222846
chr7	181598861	11.59720852	121.4357611
chr7	181598871	12.65267599	121.4358771
chr7	181604327	12.58676385	121.5049101
chr7	181604476	12.09126593	121.5067855
chr7	181604589	12.0620716	121.5081518
chr7	181604590	18.20722402	121.5081639
chr7	181604787	17.87538295	121.5117507
chr7	181604788	17.75108017	121.5117686
chr7	181604826	18.11592836	121.5124431
chr7	181604827	17.91130342	121.5124612
chr7	181604829	17.70494005	121.5124971
chr7	181604857	18.05685131	121.5129928
chr7	181604889	17.89717024	121.5135706
chr7	181604894	17.32570089	121.5136601
chr7	181605123	17.2993064	121.5176277
chr7	181605141	10.49206796	121.5179391
chr7	181605142	21.61183845	121.5179496
chr7	181605155	21.22940262	121.5182305
chr7	181605413	20.56813588	121.5237077
chr7	181605414	20.06849931	121.5237283
chr7	181605437	26.55078465	121.5241898
chr7	181605438	26.35121181	121.5242164
chr7	181605460	16.11366086	121.5247961
chr7	181605466	16.1009313	121.5248928
chr7	181605507	16.10258357	121.5255529
chr7	181605513	16.52351141	121.5256496
chr7	181605627	16.49505187	121.5275332
chr7	181605632	18.64016471	121.5276157
chr7	181605642	19.19556528	121.5278021
chr7	181605646	19.13226222	121.5278789
chr7	181605688	20.18643576	121.5286825
chr7	181605905	20.67886304	121.5330629
chr7	181605906	21.852704	121.5330836
chr7	181605911	22.46399381	121.5331929
chr7	181605939	22.97522136	121.5338218
chr7	181605968	18.30929241	121.5344881
chr7	181606175	20.69580862	121.5382781
chr7	181606176	21.27157257	121.5382988
chr7	181606191	21.91026738	121.5386179
chr7	181606274	21.89744239	121.5404365
chr7	181606275	21.4324202	121.5404584
chr7	181606279	22.45973681	121.5405441
chr7	181606280	22.43142963	121.5405666
chr7	181606352	22.42094658	121.5421816
chr7	181606374	23.07157373	121.5426749
chr7	181606386	24.29986289	121.5429517
chr7	181606414	24.95611115	121.5436321
chr7	181609635	24.01253236	121.6240158
chr7	181609636	29.06743027	121.6240398
chr7	181611445	28.41035531	121.6766228
chr7	181611535	27.7797033	121.6791797
chr7	181611547	25.90957148	121.6795131
chr7	181611551	25.29828167	121.6796167
chr7	181611588	29.89302104	121.6805527
chr7	181611589	26.82789657	121.6805826
chr7	181612018	43.46933797	121.6920918
chr7	181612019	43.49088062	121.6921353
chr7	181612152	42.97568717	121.6979195
chr7	181612163	36.42320605	121.6983923
chr7	181612164	35.8474421	121.6984287
chr7	181612178	35.89418706	121.6989306
chr7	181612205	17.45742469	121.6998997
chr7	181612206	15.34008336	121.6999172
chr7	181612229	13.49035799	121.70027
chr7	181612230	12.36757656	121.7002835
chr7	181612239	12.38072456	121.7003948
chr7	181612287	11.08020606	121.7009891
chr7	181614654	10.7282948	121.7272159
chr7	181614704	11.77236328	121.7277523
chr7	181614707	11.80493614	121.7277876
chr7	181614732	13.3649433	121.7280828
chr7	181614795	12.6966598	121.7289248
chr7	181614934	13.18190604	121.7306896
chr7	181616929	14.06024575	121.7569875
chr7	181616930	12.49169499	121.7570016
chr7	181616955	12.53770853	121.7573138
chr7	181616966	12.83551892	121.7574518
chr7	181617763	12.88609358	121.7676817
chr7	181617800	13.5692289	121.7681585
chr7	181617818	13.36110572	121.7684027
chr7	181617848	13.41174352	121.7688035
chr7	181617875	13.403269	121.7691657
chr7	181621485	19.74095636	121.8175515
chr7	181621487	26.38566324	121.8175909
chr7	181621491	26.4203474	121.8176965
chr7	181621962	51.61538439	121.8301405
chr7	181621963	50.77587355	121.8301921
chr7	181622015	50.12205653	121.8328324
chr7	181622032	43.0188817	121.8336845
chr7	181622039	42.1596444	121.8339856
chr7	181622052	41.54539488	121.8345337
chr7	181622069	8.537682456	121.83524
chr7	181681394	7.621007384	122.341738
chr7	181681395	7.512362529	122.3417456
chr7	181685933	7.272926695	122.3758367
chr7	181685934	7.226149384	122.375844
chr7	181689905	7.180303257	122.404539
chr7	181689913	7.211456074	122.4045965
chr7	181690011	7.167250584	122.4053032
chr7	181690063	6.835244733	122.4056759
chr7	181690064	6.63717773	122.4056827
chr7	181690071	6.859193879	122.4057292
chr7	181690439	6.6668822	122.4082534
chr7	181690440	9.056381593	122.40826
chr7	181690466	9.006400083	122.4084955
chr7	181690496	9.250570099	122.4087657
chr7	181690516	9.551864826	122.4089507
chr7	181690534	9.664799659	122.4091226
chr7	181690538	11.00892229	122.4091613
chr7	181691945	11.04606356	122.4246508
chr7	181691946	8.756771025	122.4246619
chr7	181692014	8.835729606	122.4252574
chr7	181693103	7.491606969	122.4348795
chr7	181693128	7.740016405	122.4350668
chr7	181693151	7.779221516	122.4352448
chr7	181693252	7.983240617	122.4360305
chr7	181718396	8.23847267	122.6367611
chr7	181720531	8.173577327	122.6543502
chr7	181720552	13.44621799	122.6545219
chr7	181720553	13.21694583	122.6545353
chr7	181720885	25.5236012	122.6589233
chr7	181720886	25.12117458	122.6589489
chr7	181720892	24.97423193	122.6590996
chr7	181720893	24.75180989	122.6591246
chr7	181720896	24.62709297	122.6591988
chr7	181720945	24.50259673	122.6604055
chr7	181720969	26.41479684	122.6609936
chr7	181720970	26.33007718	122.66102
chr7	181721027	31.70028678	122.6625208
chr7	181721062	34.05498052	122.6636303
chr7	181721063	33.94218978	122.6636644
chr7	181721086	33.81437809	122.6644451
chr7	181721167	28.27421232	122.667184
chr7	181721305	20.11371093	122.6710859
chr7	181721370	20.42330814	122.6723933
chr7	181721371	20.39002011	122.6724137
chr7	181721384	20.45082509	122.6726788
chr7	181721385	20.57460768	122.6726992
chr7	181721578	43.45532215	122.6766701
chr7	181721669	38.14459522	122.6806245
chr7	181721728	44.69903622	122.6828751
chr7	181721729	17.8936754	122.6829198
chr7	181722815	11.78267941	122.7023523
chr7	181722816	11.77393438	122.7023641
chr7	181722822	12.12783241	122.7024347
chr7	181722836	9.63997299	122.7026045
chr7	181727023	9.752862624	122.7429671
chr7	181727025	9.76394198	122.7429866
chr7	181727049	9.009343176	122.7432209
chr7	181727055	9.157627064	122.743275
chr7	181727148	9.221357231	122.7441266
chr7	181730953	8.796609841	122.7792139
chr7	181731904	8.541377789	122.7875795
chr7	181731997	8.684752694	122.7883738
chr7	181732150	8.808520984	122.7897026
chr7	181732472	8.506358441	122.7925389
chr7	181732473	8.570842709	122.7925474
chr7	181732488	8.861826385	122.792676
chr7	181732506	9.001152483	122.7928355
chr7	181732528	9.152076117	122.7930335
chr7	181732529	9.282002308	122.7930427
chr7	181732554	9.84211767	122.7932747
chr7	181732564	10.20064133	122.7933732
chr7	181732565	10.22766665	122.7933834
chr7	181773556	9.863906257	123.2126257
chr7	181773557	10.07553771	123.2126355
chr7	181773572	10.17057125	123.2127867
chr7	181775759	10.35037743	123.2350297
chr7	181775804	9.981273791	123.2354955
chr7	181775808	10.02105659	123.2355354
chr7	181776469	10.16534698	123.2421593
chr7	181779630	10.10586431	123.274292
chr7	181779717	10.08536319	123.2751712
chr7	181779722	10.11121011	123.2752216
chr7	181779858	10.27939756	123.2765967
chr7	181779879	10.21416988	123.2768126
chr7	181779913	10.14140957	123.2771599
chr7	181779951	11.21895924	123.2775452
chr7	181780404	11.14690753	123.2826274
chr7	181780409	11.41158347	123.2826832
chr7	181780464	11.26847249	123.2833108
chr7	181780465	11.4545566	123.2833221
chr7	181780569	11.80448865	123.2845134
chr7	181780660	12.0875722	123.2855876
chr7	181780785	12.23064997	123.2870985
chr7	181780912	14.96557333	123.2886518
chr7	181781136	15.43193878	123.2920041
chr7	181781137	15.37423904	123.2920195
chr7	181781220	15.67099188	123.2932956
chr7	181781243	16.77102463	123.293656
chr7	181781244	18.065083	123.2936728
chr7	181781246	21.01476173	123.2937089
chr7	181781270	21.20640567	123.2942133
chr7	181787751	21.2820856	123.431652
chr7	181787762	20.39931141	123.4318861
chr7	181790411	20.02313307	123.4859239
chr7	181790416	20.40852034	123.486024
chr7	181792651	21.65648995	123.531637
chr7	181792762	21.05772744	123.5340409
chr7	181792763	20.39229159	123.5340619
chr7	181792838	26.43340557	123.5355914
chr7	181792839	26.29473212	123.5356178
chr7	181793506	26.2548095	123.5531564
chr7	181793700	26.24252109	123.5582498
chr7	181793753	27.52840537	123.5596407
chr7	181793754	28.75795128	123.5596682
chr7	181793871	28.51428215	123.5630329
chr7	181793875	31.6770065	123.5631469
chr7	181794866	32.75941126	123.5945389
chr7	181799140	50.322701	123.7345526
chr7	181799141	67.7322631	123.7346029
chr7	181799260	74.19157281	123.742663
chr7	181799261	73.56551969	123.7427372
chr7	181799333	55.41828625	123.748034
chr7	181799338	57.19408534	123.748311
chr7	181799342	56.65003043	123.7485398
chr7	181799359	63.18950008	123.7495029
chr7	181799360	74.07751828	123.7495661
chr7	181799362	73.65194772	123.7497142
chr7	181799363	73.6460886	123.7497879
chr7	181799482	71.59241587	123.7585518
chr7	181800357	71.42422842	123.8211951
chr7	181800362	78.27516097	123.8215522
chr7	181800363	81.47186649	123.8216305
chr7	181800404	68.57057051	123.8249709
chr7	181800841	78.36091999	123.8549362
chr7	181800872	75.98089763	123.8573654
chr7	181800873	69.22075143	123.8574414
chr7	181800909	69.04543109	123.8599333
chr7	181800962	80.63180446	123.8635927
chr7	181801016	82.1542607	123.8679468
chr7	181801017	80.17098367	123.868029
chr7	181801151	94.24312475	123.8787719
chr7	181801152	94.96188998	123.8788661
chr7	181801238	195.8262714	123.8870329
chr7	181801252	195.6107329	123.8897744
chr7	181801396	28.18816345	123.9179424
chr7	181801397	26.33654626	123.9179706
chr7	181801402	23.07406695	123.9181023
chr7	181801443	23.17238789	123.9190483
chr7	181801446	19.97623193	123.9191178
chr7	181804604	18.82815927	123.9822027
chr7	181804605	18.68533927	123.9822216
chr7	181806095	17.49252085	124.0100627
chr7	181806096	17.6219235	124.0100802
chr7	181806105	16.52947766	124.0102388
chr7	181806106	17.01568195	124.0102554
chr7	181806185	17.77178668	124.0115996
chr7	181806188	17.81364974	124.0116529
chr7	181806226	17.13417111	124.0123298
chr7	181813197	16.64796683	124.1317721
chr7	181813208	15.16724699	124.1319553
chr7	181813216	15.58776951	124.1320766
chr7	181813340	15.34115474	124.1340095
chr7	181813668	15.52640428	124.1390414
chr7	181814943	15.75924021	124.1588375
chr7	181814944	15.83556685	124.1588533
chr7	181816376	15.47766309	124.1815298
chr7	181816568	14.8744609	124.1845015
chr7	181816569	14.89335154	124.1845164
chr7	181816638	15.24642302	124.1855441
chr7	181816639	15.13582616	124.1855593
chr7	181830573	15.09116066	124.3964619
chr7	181830591	14.97306535	124.3967336
chr7	181831339	27.28618879	124.4079334
chr7	181831365	27.07624635	124.4086428
chr7	181831366	27.15401305	124.4086699
chr7	181831369	27.03898705	124.4087514
chr7	181831384	26.96934248	124.409157
chr7	181831574	26.29047464	124.4142811
chr7	181831575	26.24475664	124.4143074
chr7	181831594	26.3655137	124.4148061
chr7	181831619	13.14725048	124.4154652
chr7	181831657	20.63223045	124.4159648
chr7	181831658	21.25219375	124.4159855
chr7	181832005	20.64996408	124.42336
chr7	181832044	16.27911828	124.4241653
chr7	181832738	11.6757023	124.435463
chr7	181832739	11.56761898	124.4354747
chr7	181832966	11.56949099	124.4381005
chr7	181841727	11.02537501	124.5394609
chr7	181842770	11.251619	124.5509603
chr7	181842771	10.88537462	124.5509716
chr7	181859572	10.93601749	124.7338568
chr7	181860114	10.85969085	124.7397841
chr7	181860136	10.53257911	124.740023
chr7	181860137	10.36021635	124.7400335
chr7	181860143	10.30696027	124.7400957
chr7	181860154	10.26369615	124.7402091
chr7	181888433	10.09751244	125.0304561
chr7	181888439	9.170046397	125.0305167
chr7	181888440	9.234954796	125.0305259
chr7	181888534	9.275988282	125.031394
chr7	181888544	9.234125216	125.0314867
chr7	181888546	9.051982062	125.0315052
chr7	181888547	8.746643554	125.0315142
chr7	181888569	8.527582075	125.0317067
chr7	181888571	8.438469697	125.0317237
chr7	181888577	8.4522488	125.0317744
chr7	181888581	7.917962776	125.0318082
chr7	181888582	7.95625807	125.0318161
chr7	181888618	8.038407172	125.0321025
chr7	181888639	8.121251756	125.0322713
chr7	181888651	8.000344354	125.0323688
chr7	181888695	7.920286123	125.0327208
chr7	181888696	7.958952489	125.0327287
chr7	181888722	7.990204354	125.0329356
chr7	181888778	8.154815355	125.0333831
chr7	181888780	9.581749026	125.0333994
chr7	181888781	9.634408983	125.033409
chr7	181888821	10.5381493	125.0337944
chr7	181888822	10.94078079	125.0338049
chr7	181888908	12.18623323	125.0347458
chr7	181888909	12.1666555	125.034758
chr7	181890099	12.39595972	125.0492363
chr7	181937315	12.44640811	125.6345239
chr7	181937316	12.54714389	125.6345364
chr7	181937332	12.60615315	125.6347371
chr7	181938304	13.05566108	125.6469903
chr7	181938363	14.61877408	125.6477606
chr7	181939462	14.82540155	125.6638266
chr7	181940476	15.40036486	125.6788596
chr7	181941310	15.52317791	125.6917035
chr7	181941471	15.51747328	125.6942027
chr7	181941475	15.65387771	125.6942648
chr7	181941476	15.56084043	125.6942805
chr7	181941555	15.49551264	125.6955098
chr7	181941556	15.43060424	125.6955253
chr7	181941571	15.61915676	125.6957567
chr7	181953406	15.41262553	125.8806094
chr7	181972554	15.099419	126.1757304
chr7	181972555	15.00645527	126.1757455
chr7	181972557	14.50165841	126.1757755
chr7	181972565	14.03456802	126.1758915
chr7	181972604	14.14231987	126.1764389
chr7	181972605	14.62801477	126.176453
chr7	181973064	14.50067785	126.1831673
chr7	181974993	14.40655624	126.2111391
chr7	181975004	14.36657115	126.2112975
chr7	181975079	14.24679875	126.212375
chr7	181975082	14.12677386	126.2124178
chr7	181975083	14.04706069	126.2124319
chr7	181975087	14.08055033	126.2124881
chr7	181975110	14.21517481	126.2128119
chr7	181975115	14.07569057	126.212883
chr7	181975116	14.29648304	126.2128971
chr7	181984099	14.21026396	126.3413224
chr7	181984859	14.00228601	126.3521222
chr7	181989669	13.55816712	126.4194732
chr7	181989788	14.24161551	126.4210866
chr7	181989800	14.37818833	126.4212575
chr7	181989802	14.41551676	126.4212863
chr7	181990210	14.38151234	126.4271678
chr7	181990211	14.37910425	126.4271822
chr7	181990225	14.10884492	126.4273835
chr7	181990265	14.29373078	126.4279479
chr7	181990602	14.49727515	126.4327648
chr7	181990604	15.03421248	126.4327938
chr7	181990628	15.12323984	126.4331547
chr7	181990716	14.88788409	126.4344855
chr7	181990717	14.86621995	126.4345004
chr7	181990731	14.64542747	126.4347085
chr7	181994375	14.65820942	126.4880765
chr7	181994455	16.30986049	126.4892491
chr7	181994591	16.18344213	126.4914673
chr7	181994592	16.55578797	126.4914834
chr7	181994726	16.40391778	126.4937019
chr7	181994727	16.38627062	126.4937183
chr7	181994728	17.84616889	126.4937347
chr7	181994871	17.6360858	126.4962867
chr7	181995180	17.65371817	126.5017363
chr7	181995758	16.80049448	126.5119401
chr7	181995759	16.82908109	126.5119569
chr7	181995996	16.56820942	126.5159454
chr7	181995997	16.50486333	126.515962
chr7	181996038	16.44514679	126.5166387
chr7	181996925	16.33634251	126.5312255
chr7	181996992	16.79291243	126.53232
chr7	181996993	18.13955173	126.5323368
chr7	181997025	17.44610744	126.5329173
chr7	181997026	17.42102505	126.5329347
chr7	181997555	15.17259143	126.5421505
chr7	181997556	15.49979211	126.5421656
chr7	181999041	19.01653167	126.5651828
chr7	181999042	19.0646612	126.5652018
chr7	181999076	19.00054967	126.56585
chr7	181999170	18.72360767	126.5676361
chr7	182001434	18.69304182	126.6100263
chr7	182001440	18.90687267	126.6101385
chr7	182002549	18.28645255	126.6311062
chr7	182002559	18.36538954	126.6312891
chr7	182005625	18.34557156	126.6875974
chr7	182005912	17.49660633	126.6928626
chr7	182005913	17.46714004	126.6928801
chr7	182005917	17.72036623	126.6929499
chr7	182005918	17.21895922	126.6929676
chr7	182005929	15.21682533	126.693157
chr7	182005930	14.55311081	126.6931723
chr7	182005988	13.64831039	126.6940163
chr7	182005990	13.74583456	126.6940436
chr7	182005998	13.84346376	126.6941536
chr7	182006001	13.93949041	126.6941951
chr7	182006016	14.1813093	126.6944042
chr7	182006017	13.48411881	126.6944184
chr7	182006046	13.61080634	126.6948095
chr7	182006323	13.50000022	126.6985796
chr7	182006340	13.62818085	126.6988091
chr7	182006347	12.96630898	126.6989045
chr7	182006349	12.13932515	126.6989305
chr7	182006356	12.24801945	126.6990155
chr7	182006369	12.37676972	126.6991747
chr7	182023966	12.74129441	126.9169687
chr7	182033134	12.4303726	127.0337809
chr7	182033141	12.30326939	127.0338679
chr7	182033147	9.84008382	127.0339417
chr7	182033148	9.546059952	127.0339516
chr7	182033237	9.028692475	127.0348012
chr7	182033238	8.892183236	127.0348102
chr7	182033260	9.607145913	127.0350058
chr7	182033261	9.379879018	127.0350154
chr7	182033313	9.279281599	127.0355032
chr7	182033314	29.20803631	127.0355124
chr7	182033424	28.84351161	127.0387253
chr7	182033486	30.05235209	127.0405136
chr7	182033487	10.38327165	127.0405437
chr7	182033554	10.32627588	127.0412394
chr7	182033561	11.05296858	127.0413116
chr7	182033583	11.76874474	127.0415548
chr7	182033584	12.51145792	127.0415666
chr7	182033592	14.19655599	127.0416667
chr7	182033889	14.96311497	127.045883
chr7	182033892	15.04083707	127.0459279
chr7	182033898	19.49854881	127.0460182
chr7	182037402	19.49758117	127.1143411
chr7	182037433	16.68550533	127.1149455
chr7	182037514	16.29105694	127.116297
chr7	182037778	15.20589696	127.1205979
chr7	182037779	15.12646477	127.1206131
chr7	182037786	14.23971719	127.120719
chr7	182037787	13.43793241	127.1207332
chr7	182037838	13.42532116	127.1214186
chr7	182037905	11.02708744	127.122318
chr7	182037963	9.456740733	127.1229576
chr7	182037970	7.822562405	127.1230238
chr7	182038075	7.713868103	127.1238452
chr7	182038096	7.642478809	127.1240072
chr7	182038118	7.661650983	127.1241753
chr7	182038205	6.756015672	127.1248419
chr7	182038223	6.74579203	127.1249635
chr7	182038226	7.581151548	127.1249837
chr7	182041341	6.569014019	127.148599
chr7	182041342	6.471489841	127.1486056
chr7	182041751	6.52630639	127.1512524
chr7	182078192	6.449575451	127.3890775
chr7	182078246	6.479355804	127.3894258
chr7	182078247	6.421099581	127.3894323
chr7	182078251	6.201764867	127.389458
chr7	182080482	6.127769319	127.4032941
chr7	182080497	6.18801386	127.403386
chr7	182080614	6.297598475	127.40411
chr7	182080615	10.6299793	127.4041163
chr7	182080629	10.71435636	127.4042652
chr7	182080744	10.7444568	127.4054973
chr7	182080769	10.76959167	127.4057659
chr7	182081202	10.80103421	127.4104292
chr7	182081411	10.88342773	127.4126866
chr7	182081421	6.769537378	127.4127954
chr7	182137647	6.733738211	127.7934194
chr7	182137710	6.673263599	127.7938436
chr7	182137712	7.074586809	127.793857
chr7	182137725	6.645628883	127.793949
chr7	182190134	6.560705765	128.1422397
chr7	182190687	6.228379014	128.1458678
chr7	182190711	6.192949343	128.1460173
chr7	182190712	6.162293815	128.1460235
chr7	182190730	6.05625101	128.1461344
chr7	182190747	6.001761685	128.1462373
chr7	182190757	41.91503839	128.1462974
chr7	182190768	41.89243691	128.1467584
chr7	182190852	41.90875305	128.1502774
chr7	182190853	6.069168217	128.1503193
chr7	182190885	6.085996792	128.1505135
chr7	182193630	6.055271319	128.1672196
chr7	182193755	6.068486034	128.1679765
chr7	182195283	6.083162912	128.1772491
chr7	182195307	6.205014703	128.1773951
chr7	182217724	6.378142882	128.3164929
chr7	182217823	6.335107737	128.3171244
chr7	182217871	6.462370465	128.3174285
chr7	182217936	6.437235596	128.3178485
chr7	182217945	6.949791994	128.3179064
chr7	182218251	7.521830249	128.3200331
chr7	182218322	7.586026777	128.3205671
chr7	182218356	8.136534384	128.3208251
chr7	182218531	8.316213066	128.322249
chr7	182218592	12.01017	128.3227562
chr7	182218593	12.65770511	128.3227683
chr7	182223093	13.16082986	128.3797279
chr7	182223601	12.76601634	128.3864136
chr7	182223602	13.61877321	128.3864264
chr7	182223691	13.66534923	128.3876385
chr7	182223693	13.87561894	128.3876658
chr7	182224165	14.4918253	128.3942151
chr7	182224234	14.77532785	128.395215
chr7	182224277	14.75643919	128.3958504
chr7	182224278	15.1543276	128.3958651
chr7	182224356	16.37500847	128.3970472
chr7	182224357	17.13790849	128.3970635
chr7	182224405	17.68897272	128.3978861
chr7	182225004	17.99161269	128.4084818
chr7	182227000	17.58151699	128.4443931
chr7	182227949	15.14475566	128.461078
chr7	182228021	17.93888921	128.4621684
chr7	182228022	20.77283608	128.4621863
chr7	182228046	22.7729667	128.4626849
chr7	182228060	24.63199845	128.4630037
chr7	182229681	22.94173609	128.5029322
chr7	182229682	21.37403548	128.5029551
chr7	182229759	22.37255467	128.5046009
chr7	182229760	22.72972553	128.5046233
chr7	182236381	22.18197149	128.6551168
chr7	182236395	21.25684338	128.6554273
chr7	182236396	14.0573748	128.6554486
chr7	182237625	14.26752594	128.6727251
chr7	182237638	13.58667279	128.6729106
chr7	182237719	12.82335991	128.6740111
chr7	182237796	12.39940167	128.6749985
chr7	182237797	12.14287827	128.6750109
chr7	182237820	12.34501576	128.6752902
chr7	182237889	12.54626028	128.676142
chr7	182237895	12.64794659	128.6762173
chr7	182237896	12.34456088	128.6762299
chr7	182237921	12.25158316	128.6765385
chr7	182237936	12.22699299	128.6767223
chr7	182244962	11.47050278	128.7626292
chr7	182245599	10.93936511	128.7699359
chr7	182246349	10.75085428	128.7781404
chr7	182246378	10.40546513	128.7784522
chr7	182246562	10.21912449	128.7803668
chr7	182246723	10.76071858	128.7820121
chr7	182246727	10.89807613	128.7820551
chr7	182246735	11.18218218	128.7821423
chr7	182247378	11.00407221	128.7893324
chr7	182247379	10.85431657	128.7893434
chr7	182263269	10.71830289	128.9618185
chr7	182263270	10.70532776	128.9618292
chr7	182267529	10.4976988	129.0074232
chr7	182267571	9.823556389	129.0078641
chr7	182268211	9.511145805	129.0141512
chr7	182268212	9.421665533	129.0141607
chr7	182271800	9.222598282	129.0479657
chr7	182271827	10.75484025	129.0482147
chr7	182272027	10.2624856	129.0503656
chr7	182272038	9.963899867	129.0504785
chr7	182272116	9.756931064	129.0512557
chr7	182272117	9.75337898	129.0512655
chr7	182272205	16.96608726	129.0521238
chr7	182272206	16.94801628	129.0521407
chr7	182272227	16.88716806	129.0524966
chr7	182272279	16.53294752	129.0533748
chr7	182272683	10.98981529	129.0600541
chr7	182272745	11.00150379	129.0607354
chr7	182272755	11.16545236	129.0608455
chr7	182272825	11.12337676	129.061627
chr7	182273011	7.916362847	129.063696
chr7	182273012	7.93345127	129.0637039
chr7	182273028	7.995497015	129.0638308
chr7	182273029	8.163193621	129.0638388
chr7	182273453	8.283071054	129.0673
chr7	182273454	8.212849346	129.0673083
chr7	182273468	8.483433561	129.0674233
chr7	182273469	8.589252131	129.0674318
chr7	182273689	8.762510815	129.0693214
chr7	182273717	8.37761902	129.0695668
chr7	182273738	8.687507132	129.0697427
chr7	182273774	8.706559782	129.0700554
chr7	182273775	8.849099643	129.0700642
chr7	182274620	8.974128639	129.0775416
chr7	182274659	9.099252924	129.0778916
chr7	182274740	9.28217284	129.0786287
chr7	182274741	9.427285789	129.078638
chr7	182274748	7.757709728	129.0787039
chr7	182291125	8.124501678	129.205752
chr7	182293588	7.448350374	129.2257626
chr7	182293589	7.468838335	129.2257701
chr7	182293784	7.304889761	129.2272265
chr7	182299051	7.168688025	129.2657013
chr7	182299315	7.176462197	129.2675939
chr7	182300912	7.202635002	129.2790547
chr7	182301270	7.142749766	129.2816332
chr7	182301272	7.043449707	129.2816475
chr7	182301323	6.943150481	129.2820067
chr7	182301324	6.95609297	129.2820137
chr7	182301907	6.41760869	129.2860691
chr7	182302195	6.166999648	129.2879173
chr7	182302206	6.265537629	129.2879852
chr7	182302213	6.821986034	129.288029
chr7	182302214	6.90493429	129.2880359
chr7	182302902	6.973647286	129.2927865
chr7	182303024	7.135396695	129.2936372
chr7	182303635	7.157185427	129.297997
chr7	182303699	7.10272568	129.298455
chr7	182303753	8.880065593	129.2988386
chr7	182303754	9.551385128	129.2988474
chr7	182305332	9.616670866	129.3139195
chr7	182305334	9.687547963	129.3139388
chr7	182305881	9.796128822	129.3192379
chr7	182306027	10.06203928	129.3206681
chr7	182306028	10.04246871	129.3206782
chr7	182306031	8.929817426	129.3207083
chr7	182306032	11.3433098	129.3207172
chr7	182306049	11.00611368	129.32091
chr7	182306050	10.90029511	129.3209211
chr7	182306116	10.92243106	129.3216405
chr7	182307443	8.492251509	129.3361345
chr7	182322526	8.308591027	129.4642232
chr7	182351470	8.313056666	129.704707
chr7	182352498	8.106626543	129.7132529
chr7	182352513	8.14103825	129.7133744
chr7	182353077	7.826126498	129.717966
chr7	182353937	7.759480298	129.7246965
chr7	182353977	7.688603202	129.7250068
chr7	182358141	7.652860772	129.7570222
chr7	182451247	7.633327869	130.4695494
chr7	182452702	7.435107165	130.4806559
chr7	182452703	7.389573168	130.4806634
chr7	182454617	7.609806059	130.494807
chr7	182454725	7.726128288	130.4956289
chr7	182454729	7.812008502	130.4956598
chr7	182461866	8.496598468	130.5514141
chr7	182461867	8.868466143	130.5514226
chr7	182466822	8.874720007	130.5953658
chr7	182473881	9.130056441	130.6580125
chr7	182473882	9.126277198	130.6580216
chr7	182474741	8.881051116	130.6658611
chr7	182474742	9.106065758	130.66587
chr7	182474767	9.597160625	130.6660976
chr7	182474813	10.06938613	130.6665391
chr7	182474840	10.32683221	130.666811
chr7	182484364	13.47138823	130.7651637
chr7	182484365	14.78788971	130.7651772
chr7	182484483	14.4830151	130.7669221
chr7	182484516	14.49125054	130.7674001
chr7	182484517	21.55858743	130.7674146
chr7	182484518	22.86368211	130.7674361
chr7	182484525	23.65009733	130.7675962
chr7	182484562	25.42785014	130.7684712
chr7	182487585	24.25254329	130.8453396
chr7	182487687	27.6797535	130.8478134
chr7	182487732	26.60738195	130.849059
chr7	182487733	26.34148077	130.8490856
chr7	182487995	26.34355018	130.855987
chr7	182488247	25.41899277	130.8626256
chr7	182488252	22.59176242	130.8627527
chr7	182488253	22.56722461	130.8627753
chr7	182488256	21.64513994	130.862843
chr7	182488451	20.80136251	130.8670638
chr7	182488460	20.78269688	130.867251
chr7	182488461	19.01420518	130.8672718
chr7	182488676	19.0208673	130.8713599
chr7	182488705	15.53266816	130.8719115
chr7	182488706	12.54228052	130.871927
chr7	182488716	11.82949709	130.8720524
chr7	182488731	11.81085879	130.8722299
chr7	182488739	11.7922212	130.8723244
chr7	182488754	11.80366668	130.8725012
chr7	182488875	9.43032485	130.8739295
chr7	182488997	9.18804273	130.87508
chr7	182489019	9.169433409	130.8752821
chr7	182489217	9.230959455	130.8770977
chr7	182489227	13.78535122	130.87719
chr7	182489984	12.82228712	130.8876255
chr7	182489985	12.82033869	130.8876383
chr7	182490063	18.13730972	130.8886383
chr7	182490064	17.91229506	130.8886564
chr7	182490070	17.95670211	130.8887639
chr7	182490094	17.7841095	130.8891949
chr7	182490095	17.823438	130.8892126
chr7	182490115	17.73159996	130.8895691
chr7	182490121	17.81005047	130.8896755
chr7	182490209	24.07515152	130.8912428
chr7	182490210	24.15338901	130.8912669
chr7	182490211	24.145615	130.891291
chr7	182490717	18.9186873	130.9035087
chr7	182490720	12.15593295	130.9035655
chr7	182490721	12.16964799	130.9035776
chr7	182490739	12.29333031	130.9037967
chr7	182490740	12.28944465	130.903809
chr7	182490761	12.33537324	130.904067
chr7	182490762	12.40988234	130.9040794
chr7	182490774	12.93455472	130.9042283
chr7	182490775	12.9209312	130.9042412
chr7	182490810	13.10311936	130.9046935
chr7	182490811	12.56090448	130.9047066
chr7	182490944	8.969576811	130.9063772
chr7	182490945	9.098440071	130.9063861
chr7	182490978	9.588525984	130.9066864
chr7	182490979	9.037461339	130.906696
chr7	182491071	9.076701446	130.9075274
chr7	182491072	9.291653072	130.9075365
chr7	182491073	9.285839298	130.9075458
chr7	182491140	9.477730913	130.9081679
chr7	182491141	9.446641853	130.9081774
chr7	182491299	9.536361972	130.90967
chr7	182491300	9.575864835	130.9096795
chr7	182524830	9.590974761	131.2307583
chr7	182529683	9.514897384	131.2773033
chr7	182529701	9.446978909	131.2774745
chr7	182529726	9.638875866	131.2777107
chr7	182529727	9.621734197	131.2777203
chr7	182531491	9.430805183	131.2946931
chr7	182532120	9.428910985	131.3006251
chr7	182532126	9.185767425	131.3006816
chr7	182532127	9.183864318	131.3006908
chr7	182532145	9.15914218	131.3008561
chr7	182532158	9.078247511	131.3009752
chr7	182532224	8.999023406	131.3015744
chr7	182532255	9.07128765	131.3018533
chr7	182532256	9.0561087	131.3018624
chr7	182532988	9.0805395	131.3084915
chr7	182533092	9.160582096	131.3094359
chr7	182533093	9.156777891	131.309445
chr7	182533106	9.145383398	131.3095641
chr7	182565827	9.007559697	131.6088101
chr7	182565828	9.005691354	131.6088192
chr7	182566175	8.960393956	131.6119441
chr7	182566176	11.20896628	131.6119531
chr7	182566190	11.16302791	131.61211
chr7	182566213	10.93427264	131.6123668
chr7	182566214	10.92307343	131.6123777
chr7	182566362	10.94298871	131.6139943
chr7	182566365	10.89916866	131.6140271
chr7	182566385	10.85390872	131.6142451
chr7	182566386	10.72780182	131.614256
chr7	182566388	10.26982247	131.6142774
chr7	182566389	10.16358072	131.6142877
chr7	182567334	9.898543697	131.6238923
chr7	182567348	9.894827009	131.6240309
chr7	182567429	10.00403822	131.6248323
chr7	182567430	10.00743719	131.6248424
chr7	182567434	9.928670664	131.6248824
chr7	182567435	9.897091288	131.6248923
chr7	182567673	10.33808317	131.6272478
chr7	182567674	10.19839354	131.6272582
chr7	182567707	10.5700278	131.6275947
chr7	182567708	8.431385658	131.6276053
chr7	182567753	8.414736007	131.6279847
chr7	182567767	9.226883947	131.6281025
chr7	182567768	9.085470409	131.6281117
chr7	182567783	11.52023663	131.628248
chr7	182574152	11.54613459	131.7016204
chr7	182575491	9.787955435	131.7170807
chr7	182575492	9.701186106	131.7170905
chr7	182575495	9.621466596	131.7171196
chr7	182575499	9.636129377	131.717158
chr7	182575501	14.82841034	131.7171773
chr7	182575502	14.79823516	131.7171921
chr7	182575528	14.71856251	131.7175769
chr7	182575529	19.44649927	131.7175916
chr7	182575555	19.48891136	131.7180972
chr7	182575571	19.06546817	131.718409
chr7	182575572	19.04874991	131.7184281
chr7	182575578	18.89252982	131.7185424
chr7	182575579	18.7221714	131.7185613
chr7	182576165	12.95888131	131.7295325
chr7	182576166	6.803299413	131.7295454
chr7	182578782	5.430001332	131.7473429
chr7	182578835	5.477114883	131.7476307
chr7	182578836	5.388418745	131.7476361
chr7	182578931	5.538261149	131.748148
chr7	182578932	5.433993095	131.7481536
chr7	182578933	5.310868062	131.748159
chr7	182578934	5.023169614	131.7481643
chr7	182616639	4.784926404	131.9375629
chr7	182616640	4.674276514	131.9375677
chr7	182652013	4.356935733	132.1029109
chr7	182652014	4.389839365	132.1029153
chr7	182698512	4.615172563	132.307034
chr7	182698523	4.687605825	132.3070848
chr7	182734286	5.655769889	132.4747276
chr7	182734295	5.622494007	132.4747785
chr7	182734300	5.613738466	132.4748066
chr7	182734301	5.890128477	132.4748123
chr7	182734354	8.218402609	132.4751244
chr7	182734749	8.199128095	132.4783707
chr7	182735973	10.7205251	132.4884064
chr7	182736036	18.41305371	132.4890818
chr7	182736045	18.36402235	132.4892475
chr7	182736082	19.77735378	132.489927
chr7	182736093	25.55639315	132.4901446
chr7	182737235	25.54619201	132.51933
chr7	182737924	26.3658959	132.5369313
chr7	182737945	26.32916196	132.537485
chr7	182739177	27.47072937	132.5699225
chr7	182739202	27.46548902	132.5706093
chr7	182739423	25.67632924	132.5766791
chr7	182739438	24.936992	132.5770643
chr7	182739448	21.75617173	132.5773137
chr7	182739461	21.93391019	132.5775965
chr7	182739463	22.11255138	132.5776404
chr7	182739479	23.17331466	132.5779942
chr7	182739504	23.65132665	132.5785735
chr7	182739516	23.96088772	132.5788573
chr7	182739525	23.95386121	132.579073
chr7	182739533	23.94687496	132.5792646
chr7	182739542	22.95969288	132.5794801
chr7	182739549	22.84249058	132.5796408
chr7	182739551	22.84074403	132.5796865
chr7	182739572	22.96080442	132.5801662
chr7	182739573	27.8750404	132.5801891
chr7	182739580	27.85372112	132.5803843
chr7	182741012	31.3419763	132.6202708
chr7	182741476	30.74857853	132.6348135
chr7	182742100	44.24940144	132.6540006
chr7	182742129	48.20542728	132.6552838
chr7	182742130	52.57627765	132.655332
chr7	182742765	28.60179674	132.6887179
chr7	182742793	9.046862343	132.6895188
chr7	182742816	7.804268392	132.6897269
chr7	182742818	7.932514996	132.6897425
chr7	182743228	8.075131112	132.6929948
chr7	182743297	8.072427385	132.693552
chr7	182746355	8.540389276	132.7182375
chr7	182746367	8.618346868	132.71834
chr7	182746373	7.736272214	132.7183917
chr7	182746477	8.002410548	132.7191962
chr7	182746538	8.081261399	132.7196844
chr7	182746542	7.470006051	132.7197167
chr7	182746571	7.927659586	132.7199334
chr7	182789976	7.147735317	133.0640334
chr7	182789979	8.02815731	133.0640549
chr7	182789980	8.674053987	133.0640629
chr7	182789992	9.410722377	133.064167
chr7	182790135	8.75524819	133.0655127
chr7	182790262	9.748258196	133.0666246
chr7	182790272	9.388663089	133.0667221
chr7	182790592	10.07121695	133.0697265
chr7	182793273	9.934697009	133.0967274
chr7	182793287	6.589832106	133.0968665
chr7	182793304	5.410995389	133.0969785
chr7	182793365	5.72031792	133.0973086
chr7	182793479	5.921020829	133.0979607
chr7	182793605	7.12063459	133.0987068
chr7	182794317	7.118935258	133.1037767
chr7	182794612	7.843703776	133.1058767
chr7	182794647	8.205348568	133.1061513
chr7	182794688	8.062364976	133.1064877
chr7	182794706	8.951605889	133.1066328
chr7	182794819	10.84972263	133.1076443
chr7	182794820	12.89218955	133.1076552
chr7	182794821	12.82595944	133.1076681
chr7	182794839	13.51673775	133.1078989
chr7	182795519	13.45219752	133.1170903
chr7	182796369	17.61683612	133.1285247
chr7	182796457	17.55256299	133.130075
chr7	182796518	17.54598962	133.1311457
chr7	182799646	14.20810985	133.1860295
chr7	182799692	8.184555028	133.1866831
chr7	182799780	14.65410083	133.1874034
chr7	182799786	14.91902322	133.1874913
chr7	182799830	15.78127247	133.1881477
chr7	182799915	16.74095291	133.1894891
chr7	182800063	18.82010335	133.1919668
chr7	182800215	18.50012945	133.1948274
chr7	182800233	18.82995578	133.1951604
chr7	182800305	12.59967646	133.1965162
chr7	182800503	11.33154523	133.1990109
chr7	182802460	10.60453528	133.2211868
chr7	182802475	11.4420365	133.2213458
chr7	182802481	11.86371881	133.2214145
chr7	182803063	12.32316371	133.2283192
chr7	182810251	11.99371559	133.3168981
chr7	182810256	11.82368676	133.316958
chr7	182810479	11.07332897	133.3195947
chr7	182810533	10.85549397	133.3201927
chr7	182810544	10.18498821	133.3203121
chr7	182810567	8.487451417	133.3205464
chr7	182810630	9.432052953	133.3210811
chr7	182810636	9.265151923	133.3211377
chr7	182810657	64.39785191	133.3213322
chr7	182810686	80.67813651	133.3231998
chr7	182810735	80.14519645	133.327153
chr7	182810773	50.21006799	133.3301985
chr7	182810837	49.79850364	133.333412
chr7	182810857	50.74984872	133.3344079
chr7	182810885	35.62846906	133.3358289
chr7	182810898	21.32276548	133.3362921
chr7	182810923	6.775615418	133.3368252
chr7	182810951	8.990265984	133.3370149
chr7	182810988	10.18117257	133.3373475
chr7	182810997	11.16961138	133.3374391
chr7	182811035	11.15543811	133.3378636
chr7	182811064	19.64503611	133.3381871
chr7	182811795	19.6970051	133.3525476
chr7	182812032	22.90102281	133.3572158
chr7	182812042	24.75960748	133.3574448
chr7	182812667	28.09290724	133.3729196
chr7	182813630	25.93541377	133.399973
chr7	182813700	21.45399117	133.4017885
chr7	182813769	17.63032252	133.4032688
chr7	182813883	15.21640261	133.4052787
chr7	182813897	10.62242976	133.4054917
chr7	182814265	9.702675061	133.4094008
chr7	182814270	8.740712292	133.4094493
chr7	182814314	8.795534748	133.4098339
chr7	182814408	7.923919246	133.4106607
chr7	182814481	9.013403336	133.4112391
chr7	182814485	8.303053172	133.4112752
chr7	182814735	8.321307827	133.4133509
chr7	182815143	2.223637316	133.416746
chr7	182815228	2.157035201	133.416935
chr7	182815747	2.143567538	133.4180545
chr7	182820219	2.862582858	133.4276406
chr7	182820530	2.817942943	133.4285308
chr7	182830192	2.959523846	133.4557578
chr7	182830202	3.03260496	133.4557874
chr7	182830236	2.004054334	133.4558905
chr7	182830352	2.213500114	133.456123
chr7	182877202	1.938522722	133.5598255
chr7	182877378	1.513000814	133.5601666
chr7	182877459	1.509839431	133.5602892
chr7	182877500	7.421329773	133.5603511
chr7	182877509	7.355544632	133.5604179
chr7	182877513	7.417469639	133.5604473
chr7	182877603	7.376579719	133.5611149
chr7	182877628	7.321403683	133.5612993
chr7	182877668	7.44583801	133.5615922
chr7	182877913	7.412679934	133.5634164
chr7	182878096	1.698320422	133.5647729
chr7	182878136	1.803145497	133.5648408
chr7	182878241	1.992841094	133.5650302
chr7	182880755	2.143140319	133.5700402
chr7	182930871	1.774972679	133.6774458
chr7	182931040	2.751274552	133.6777458
chr7	182931047	2.717075162	133.677765
chr7	182931128	2.687971284	133.6779851
chr7	182931235	4.129251327	133.6782727
chr7	182931268	4.389826836	133.678409
chr7	182932470	4.299197857	133.6836855
chr7	182932702	4.172582336	133.684683
chr7	182932926	16.69287199	133.6856176
chr7	182933007	16.65928692	133.6869697
chr7	182933100	19.67217703	133.6885191
chr7	182933139	19.6386729	133.6892863
chr7	182933184	19.65614603	133.69017
chr7	182933188	19.49497894	133.6902486
chr7	182933196	7.279669643	133.6904046
chr7	182933238	7.5270859	133.6907103
chr7	182933277	7.881291154	133.6910039
chr7	182933291	6.204406638	133.6911142
chr7	182934345	5.44576601	133.6976537
chr7	182934372	3.098822506	133.6978007
chr7	182934393	3.679811634	133.6978658
chr7	182934483	3.61866856	133.698197
chr7	182934495	3.645562757	133.6982404
chr7	182934501	4.136095965	133.6982623
chr7	182940858	3.560498495	133.7245554
chr7	182942488	3.13569877	133.730359
chr7	182943329	3.176702382	133.7329962
chr7	182944030	3.195974223	133.735223
chr7	182944379	1.927604914	133.7363384
chr7	182944499	1.119139718	133.7365697
chr7	183006145	1.063212738	133.8055602
chr7	183006180	1.097864604	133.8055974
chr7	183006662	0.8600251295	133.8061266
chr7	183008067	0.9113748374	133.807335
chr7	183062689	0.9110459674	133.8571161
chr7	183062803	0.9903614429	133.8572199
chr7	183121789	0.9320218654	133.9156374
chr7	183121983	1.01683332	133.9158182
chr7	183122744	1.77640703	133.916592
chr7	183122755	2.157786958	133.9166116
chr7	183122927	2.081172383	133.9169827
chr7	183123162	2.681013829	133.9174718
chr7	183123515	2.726549997	133.9184182
chr7	183123531	3.331251436	133.9184618
chr7	183127637	3.317445504	133.9321399
chr7	183127638	3.635316224	133.9321432
chr7	183128621	3.847717221	133.9357167
chr7	183130497	6.733440265	133.9429351
chr7	183130520	6.781969671	133.9430899
chr7	183131686	6.781232993	133.9509977
chr7	183131698	6.425960077	133.9510791
chr7	183131795	5.87611548	133.9517024
chr7	183131797	2.806967082	133.9517141
chr7	183131836	2.913223684	133.9518236
chr7	183131849	2.5165149	133.9518615
chr7	183131854	2.488975802	133.9518741
chr7	183131862	2.64473851	133.951894
chr7	183131962	2.816436985	133.9521585
chr7	183131969	3.094517922	133.9521782
chr7	183190958	3.043385964	134.1347207
chr7	183192428	3.468821286	134.1391945
chr7	183192434	3.789463743	134.1392153
chr7	183192465	4.065302733	134.1393328
chr7	183192466	4.533502278	134.1393368
chr7	183192470	5.078652639	134.139355
chr7	183197658	5.027318167	134.165703
chr7	183197664	5.075645592	134.1657332
chr7	183201310	5.145337821	134.184239
chr7	183201563	50.05279455	134.1855407
chr7	183201566	50.003103	134.1856909
chr7	183201598	51.21863102	134.187291
chr7	183201638	6.345685733	134.1893397
chr7	183201639	6.296294231	134.1893461
chr7	183201640	5.974274885	134.1893524
chr7	183202601	6.159561031	134.1950937
chr7	183202652	6.326885939	134.1954078
chr7	183202678	6.957184246	134.1955723
chr7	183202683	7.206959836	134.1956071
chr7	183202685	8.297428764	134.1956215
chr7	183202686	8.445779657	134.1956298
chr7	183227167	8.345109459	134.4023909
chr7	183227170	7.443288395	134.402416
chr7	183227234	7.382132101	134.4028923
chr7	183227237	6.837288808	134.4029145
chr7	183227243	6.700386941	134.4029555
chr7	183227276	6.708513186	134.4031766
chr7	183229666	6.269873327	134.41921
chr7	183229686	6.237508091	134.4193354
chr7	183229753	6.329947531	134.4197533
chr7	183229849	6.527080294	134.420361
chr7	183229884	6.487273427	134.4205894
chr7	183232973	6.515048428	134.4406286
chr7	183232998	6.594595073	134.4407915
chr7	183233004	7.056164036	134.440831
chr7	183234319	6.864810727	134.4501099
chr7	183234334	8.722897465	134.4502129
chr7	183250229	8.754618304	134.5888633
chr7	183250254	8.538055832	134.5890822
chr7	183250780	8.187163425	134.5935732
chr7	183250944	7.979597227	134.5949159
chr7	183251453	9.436484007	134.5989775
chr7	183251459	9.775471724	134.5990341
chr7	183252359	9.5976282	134.6078321
chr7	183252388	10.34687739	134.6081104
chr7	183252403	10.1694366	134.6082656
chr7	183252436	9.901376791	134.6086012
chr7	183253403	6.148678451	134.6181758
chr7	183271721	6.174033681	134.7308073
chr7	183271800	4.680223933	134.7312951
chr7	183271803	4.510420924	134.7313091
chr7	183271815	4.132385929	134.7313632
chr7	183272212	4.97184919	134.7330038
chr7	183321792	4.58319604	134.9795081
chr7	183321798	4.46382737	134.9795356
chr7	183321864	5.952909155	134.9798302
chr7	183325818	5.935425752	135.003368
chr7	183325918	5.650665566	135.0039615
chr7	183326721	12.34139274	135.008499
chr7	183327732	12.30693219	135.0209761
chr7	183327934	5.684245048	135.0234621
chr7	183327975	5.504896468	135.0236952
chr7	183328042	6.541382434	135.024064
chr7	183328071	6.382350335	135.0242537
chr7	183328072	5.319143242	135.0242601
chr7	183330984	5.340938458	135.0397495
chr7	183331513	5.68712528	135.0425748
chr7	183331713	4.181468057	135.0437122
chr7	183341472	3.442489117	135.0845192
chr7	183341473	3.283914974	135.0845226
chr7	183358776	3.251196207	135.1413442
chr7	183358788	3.218778628	135.1413832
chr7	183358799	3.265860766	135.1414186
chr7	183358807	3.31130975	135.1414448
chr7	183358816	3.271688593	135.1414746
chr7	183358866	3.139323222	135.1416381
chr7	183358877	3.042400495	135.1416727
chr7	183358917	2.940384368	135.1417944
chr7	183358933	3.02017318	135.1418414
chr7	183359088	2.951644254	135.1423095
chr7	183360189	3.013574174	135.1455593
chr7	183361732	3.098889424	135.1502092
chr7	183361763	3.019321241	135.1503053
chr7	183361768	2.961728651	135.1503204
chr7	183361788	2.986109349	135.1503796
chr7	183362750	2.786221489	135.1532523
chr7	183362850	2.810634644	135.1535309
chr7	183362975	3.174965835	135.1538822
chr7	183364003	3.538909436	135.1571461
chr7	183364054	3.774737343	135.1573266
chr7	183364059	3.753372842	135.1573455
chr7	183364405	3.7780285	135.1586441
chr7	183402143	2.886132364	135.3012194
chr7	183402478	2.829617742	135.3021862
chr7	183402742	2.860732534	135.3029332
chr7	183438861	3.504914764	135.40626
chr7	183440658	3.517547681	135.4125584
chr7	183492417	4.150109554	135.5946231
chr7	183495907	4.089672809	135.609107
chr7	183499667	4.029320206	135.6244842
chr7	183499693	4.007529959	135.6245889
chr7	183499722	3.982126924	135.6247052
chr7	183502200	3.645111043	135.6345729
chr7	183503189	6.45724364	135.6381779
chr7	183503198	8.78924736	135.638236
chr7	183503401	8.65785744	135.6400202
chr7	183503404	9.010958069	135.6400462
chr7	183503480	8.987115725	135.640731
chr7	183503889	9.302571144	135.6444067
chr7	183503891	9.268686693	135.6444253
chr7	183504072	9.244273538	135.646103
chr7	183504122	9.210465847	135.6465652
chr7	183504139	9.133048239	135.6467218
chr7	183504209	9.683794975	135.6473611
chr7	183504238	9.600785058	135.6476419
chr7	183504415	4.284730167	135.6493413
chr7	183504425	4.232145296	135.6493841
chr7	183504500	4.463245723	135.6497015
chr7	183507935	4.409945062	135.6650328
chr7	183508265	4.321436088	135.666488
chr7	183508438	4.265961177	135.6672357
chr7	183508804	4.953069472	135.668797
chr7	183509248	4.792121124	135.6709962
chr7	183510427	6.467604841	135.6766461
chr7	183510435	6.325139125	135.6766978
chr7	183510451	6.203224154	135.676799
chr7	183510469	5.652477418	135.6769107
chr7	183510504	9.493489584	135.6771085
chr7	183510519	17.34211296	135.6772509
chr7	183510678	18.6941422	135.6800083
chr7	183511354	20.7115059	135.6926455
chr7	183511477	36.24683229	135.6951931
chr7	183512827	44.21539673	135.7441263
chr7	183513063	69.19821202	135.7545611
chr7	183513160	69.15500867	135.7612733
chr7	183513168	29.25765083	135.7618266
chr7	183513228	4.707127236	135.763582
chr7	183513547	4.125300733	135.7650836
chr7	183513570	4.142300848	135.7651785
chr7	183513573	5.61565271	135.7651909
chr7	183513598	4.501342896	135.7653313
chr7	183513654	4.623769379	135.7655834
chr7	183513672	5.010424488	135.7656666
chr7	183513793	5.173498874	135.7662729
chr7	183513942	5.150497202	135.7670437
chr7	183515431	5.428420753	135.7747128
chr7	183515842	4.554743864	135.7769439
chr7	183515870	4.963628874	135.7770714
chr7	183515883	5.247132227	135.777136
chr7	183515892	5.875388185	135.7771832
chr7	183515940	6.305362339	135.7774652
chr7	183517066	6.171738797	135.784565
chr7	183518005	6.360476661	135.7903603
chr7	183518110	6.737689046	135.7910282
chr7	183518160	6.975558653	135.791365
chr7	183518246	7.1699261	135.7919649
chr7	183529201	9.048665892	135.8705115
chr7	183530074	9.067454719	135.878411
chr7	183530135	10.46934916	135.8789641
chr7	183532303	10.58617209	135.9016616
chr7	183535673	14.20871997	135.937337
chr7	183535704	13.99976356	135.9377775
chr7	183535721	14.6856111	135.9380155
chr7	183535804	15.07638058	135.9392344
chr7	183536135	14.88745528	135.9442247
chr7	183536272	10.93353827	135.9462643
chr7	183547239	10.76703385	136.0661724
chr7	183547278	9.874544149	136.0665923
chr7	183547391	9.564473586	136.0677081
chr7	183547395	7.562489959	136.0677464
chr7	183547429	7.076005253	136.0680035
chr7	183547461	8.251786978	136.0682299
chr7	183547468	7.958292933	136.0682877
chr7	183567706	9.480252058	136.2293476
chr7	183567766	11.0947255	136.2299164
chr7	183567769	11.02529852	136.2299497
chr7	183567791	10.85102295	136.2301923
chr7	183567792	10.76168412	136.2302031
chr7	183572274	10.72282333	136.278437
chr7	183572283	9.969562555	136.2785335
chr7	183572291	9.789141848	136.2786133
chr7	183572318	8.973397938	136.2788776
chr7	183572375	8.839077555	136.2793891
chr7	183572380	6.94338267	136.2794332
chr7	183572385	21.28955811	136.279468
chr7	183572406	21.23386241	136.279915
chr7	183572407	21.25828578	136.2799363
chr7	183572499	20.54839021	136.281892
chr7	183572507	20.36263281	136.2820564
chr7	183572634	7.604558775	136.2846425
chr7	183572636	7.967104965	136.2846577
chr7	183572659	8.007852043	136.2848409
chr7	183572680	7.225493973	136.2850091
chr7	183572711	6.517879189	136.2852331
chr7	183572981	6.55629882	136.2869929
chr7	183573141	7.158410462	136.2880419
chr7	183573315	7.182521422	136.2892875
chr7	183573327	3.566541235	136.2893737
chr7	183573335	3.611726073	136.2894022
chr7	183573358	3.635833157	136.2894853
chr7	183580299	2.520089399	136.3147216
chr7	183580569	2.464723065	136.315402
chr7	183582605	2.557237287	136.3204202
chr7	183582654	2.598676716	136.3205455
chr7	183583255	2.714556273	136.3221073
chr7	183583295	2.736008241	136.3222159
chr7	183583299	2.433758885	136.3222268
chr7	183583337	2.454845063	136.3223193
chr7	183583353	2.476743681	136.3223586
chr7	183584386	2.51915763	136.3249171
chr7	183584526	2.545291621	136.3252698
chr7	183713222	3.706515792	136.6528386
chr7	183713482	3.680041447	136.6538023
chr7	183713570	3.76503102	136.6541261
chr7	183713582	3.714116374	136.6541713
chr7	183716191	2.552892203	136.6638615
chr7	183716250	2.54545889	136.6640121
chr7	183716307	2.503352547	136.6641572
chr7	183716373	2.331038269	136.6643224
chr7	183716449	2.230328322	136.6644995
chr7	183740601	2.209793004	136.7183664
chr7	183740608	2.187965924	136.7183819
chr7	183740699	2.146842727	136.718581
chr7	183740714	1.99793279	136.7186132
chr7	183740730	1.976442718	136.7186452
chr7	183740732	1.955927191	136.7186491
chr7	183740791	1.934028573	136.7187645
chr7	183740813	1.891485345	136.7188071
chr7	183740825	2.147076905	136.7188298
chr7	183740895	2.130277174	136.7189801
chr7	183741597	2.382958893	136.7204755
chr7	183741735	2.362570637	136.7208044
chr7	183742965	2.159901517	136.7237103
chr7	183742982	2.097829552	136.7237471
chr7	183743094	1.938131463	136.723982
chr7	183744011	1.69296832	136.7257593
chr7	183744152	1.662603837	136.725998
chr7	183744906	2.019508005	136.7272516
chr7	183746805	1.906216911	136.7310866
chr7	183746841	1.602403939	136.7311553
chr7	183747350	1.559562025	136.7319709
chr7	183747618	1.792513009	136.7323888
chr7	183751884	1.790961416	136.7400357
chr7	183752116	1.776363512	136.7404512
chr7	183753163	1.742877347	136.7423111
chr7	183753260	1.722944098	136.7424801
chr7	183753607	1.690254408	136.743078
chr7	183754216	1.284298861	136.7441073
chr7	183754219	1.011150823	136.7441112
chr7	183754295	1.004727705	136.744188
chr7	183754314	0.7426808099	136.7442071
chr7	183754414	0.7456031179	136.7442814
chr7	183757964	0.8661564137	136.7469283
chr7	183758006	0.9966167227	136.7469647
chr7	183758021	2.259908288	136.7469796
chr7	183758445	5.453963016	136.7479378
chr7	183758481	5.435425337	136.7481342
chr7	183760325	3.947396806	136.7581571
chr7	183760431	3.90489676	136.7585755
chr7	183761112	3.045130202	136.7612348
chr7	183761815	2.02208137	136.7633755
chr7	183761952	2.322580349	136.7636525
chr7	183762418	2.277704459	136.7647348
chr7	183767202	2.516612677	136.7756314
chr7	183774335	2.599576003	136.7935824
chr7	183780618	2.447003778	136.8099155
chr7	183784431	1.406871917	136.8192459
chr7	183784433	1.324390277	136.8192487
chr7	183785880	1.341146489	136.8211651
chr7	183785920	1.333073123	136.8212188
chr7	183788442	1.409937159	136.8245808
chr7	183788465	1.41901981	136.8246132
chr7	183788586	1.421915968	136.8247849
chr7	183794172	1.298418271	136.8327277
chr7	183806067	1.243709311	136.8481724
chr7	183806295	1.252835922	136.848456
chr7	183806612	1.295953281	136.8488531
chr7	183807756	1.323071143	136.8503357
chr7	183870209	1.291802522	136.9329655
chr7	183870373	1.307249722	136.9331773
chr7	183872024	1.272056493	136.9353356
chr7	183887483	1.71896579	136.9550003
chr7	183947408	1.503562401	137.0580093
chr7	183947500	1.481076785	137.0581477
chr7	183947513	1.591527498	137.0581669
chr7	183947697	1.630230146	137.0584598
chr7	183947891	1.724231724	137.058776
chr7	183947900	1.76054785	137.0587915
chr7	183990513	1.77370538	137.1338138
chr7	183990615	31.56422796	137.1339947
chr7	183990666	35.05588339	137.1356045
chr7	183990693	39.97907869	137.136551
chr7	183991389	39.98327534	137.1643764
chr7	183991410	35.17480314	137.1652161
chr7	183991413	35.19687646	137.1653216
chr7	183991602	35.17941186	137.1719738
chr7	183991635	31.77281688	137.1731347
chr7	183991647	21.62244665	137.173516
chr7	183991649	21.68084374	137.1735592
chr7	183991654	21.633725	137.1736676
chr7	183991655	8.563755776	137.1736893
chr7	183991669	2.13799788	137.1738092
chr7	184029206	2.144692186	137.2540632
chr7	184029360	2.055528957	137.2543935
chr7	184029482	2.195462021	137.2546443
chr7	184029491	2.19568663	137.254664
chr7	184029751	2.224937674	137.2552349
chr7	184029753	2.210641879	137.2552393
chr7	184029864	2.235588873	137.2554847
chr7	184029907	2.257889629	137.2555809
chr7	184029914	2.280191394	137.2555967
chr7	184147605	2.236008535	137.5239547
chr7	184147616	2.184649503	137.5239793
chr7	184147620	2.162546892	137.523988
chr7	184147622	2.149293695	137.5239923
chr7	184147721	2.12720058	137.5242051
chr7	184147732	2.105112139	137.5242285
chr7	184147742	2.710880595	137.5242496
chr7	184154017	2.676598286	137.5412603
chr7	184154040	2.784257315	137.5413219
chr7	184154069	3.59422385	137.5414026
chr7	184165246	3.574362943	137.5815753
chr7	184165255	3.554505355	137.5816074
chr7	184168054	3.541159168	137.5915565
chr7	184168064	3.350644045	137.5915919
chr7	184168144	3.341850408	137.59186
chr7	184168161	3.858910657	137.5919168
chr7	184174354	3.994379303	137.615815
chr7	184174363	4.109273587	137.615851
chr7	184174372	4.075180414	137.6158879
chr7	184174378	4.396724372	137.6159124
chr7	184174392	4.377856063	137.6159739
chr7	184174395	4.20823712	137.6159871
chr7	184174404	4.493246834	137.616025
chr7	184174406	4.684498549	137.6160339
chr7	184174407	5.010181016	137.6160386
chr7	184174417	5.369875608	137.6160887
chr7	184176900	5.409062634	137.6294221
chr7	184176955	6.568498775	137.6297196
chr7	184184480	11.2020893	137.6791476
chr7	184184506	10.86873874	137.6794388
chr7	184184978	10.88883487	137.6845689
chr7	184184993	10.71160772	137.6847322
chr7	184185069	11.45485842	137.6855463
chr7	184185101	11.34375779	137.6859129
chr7	184185132	8.287132341	137.6862645
chr7	184185144	7.940653913	137.686364
chr7	184185359	7.900826457	137.6880712
chr7	184185389	7.944198342	137.6883082
chr7	184185408	9.172002677	137.6884592
chr7	184185411	9.166696421	137.6884867
chr7	184185458	14.85592837	137.6889175
chr7	184185473	15.77478729	137.6891403
chr7	184185495	15.81821709	137.6894874
chr7	184185801	15.86205275	137.6943278
chr7	184185812	15.08353303	137.6945023
chr7	184186006	16.29829238	137.6974285
chr7	184186064	10.69669528	137.6983738
chr7	184186695	7.105194168	137.7051234
chr7	184186858	7.178161188	137.7062815
chr7	184188208	9.623566456	137.715972
chr7	184188209	9.668786614	137.7159817
chr7	184188216	11.10794819	137.7160493
chr7	184188228	9.70110744	137.7161826
chr7	184188319	12.56864725	137.7170654
chr7	184189166	12.59778302	137.7277111
chr7	184189599	2.446600289	137.7331659
chr7	184190222	2.539493217	137.7346902
chr7	184264243	2.271555517	137.922666
chr7	184264451	2.316833357	137.9231385
chr7	184264880	2.287471231	137.9241324
chr7	184264905	3.957210471	137.9241896
chr7	184265257	4.562680281	137.9255825
chr7	184265264	4.574306661	137.9256145
chr7	184272755	4.136506717	137.9598806
chr7	184272772	4.92072546	137.9599509
chr7	184275740	4.615324223	137.9745556
chr7	184275874	7.874633303	137.9751741
chr7	184275889	7.582827267	137.9752922
chr7	184276421	7.615471372	137.9793263
chr7	184276786	8.889582312	137.9821059
chr7	184276837	3.759456815	137.9825593
chr7	184276855	3.808451736	137.9826269
chr7	184277213	4.035567571	137.9839904
chr7	184278051	1.564161616	137.9873722
chr7	184289180	1.499015825	138.0047797
chr7	184291584	1.595627949	138.0083834
chr7	184291623	1.288005912	138.0084456
chr7	184291627	1.102705661	138.0084507
chr7	184334124	1.118455659	138.0553124
chr7	184347207	1.046503455	138.0699452
chr7	184347223	0.9391561709	138.0699619
chr7	184347229	0.8150923918	138.0699676
chr7	184347231	0.7661155646	138.0699692
chr7	184347254	0.7178152768	138.0699868
chr7	184347449	0.6872554862	138.0701268
chr7	184382027	0.7477771327	138.0938907
chr7	184382035	0.8831110889	138.0938967
chr7	184382069	0.8976013185	138.0939267
chr7	184382078	0.9729588685	138.0939348
chr7	184382254	0.9931531845	138.094106
chr7	184382292	1.118800931	138.0941438
chr7	184382296	1.159188852	138.0941482
chr7	184382348	1.192598008	138.0942085
chr7	184494343	1.145962885	138.2277735
chr7	184494369	1.157534005	138.2278033
chr7	184528850	1.13017292	138.2677163
chr7	184529023	1.040835514	138.2679118
chr7	184529024	1.058167555	138.2679128
chr7	184529027	1.191596652	138.267916
chr7	184529030	1.298020741	138.2679196
chr7	184529037	1.274560628	138.2679287
chr7	184544222	1.226921581	138.2872829
chr7	184549249	1.20983697	138.2934506
chr7	184550392	1.080699092	138.2948334
chr7	184551486	1.060322035	138.2960157
chr7	184551487	2.013239143	138.2960168
chr7	184551701	1.98815274	138.2964476
chr7	184552530	1.967926081	138.2980958
chr7	184552579	1.874531212	138.2981922
chr7	184552821	1.8198982	138.2986459
chr7	184552979	1.7267134	138.2989334
chr7	184553024	1.653823013	138.2990111
chr7	184553028	1.635727071	138.2990177
chr7	184553621	1.663857993	138.2999877
chr7	184554482	1.630552437	138.3014203
chr7	184554718	1.597321839	138.3018051
chr7	184554866	0.4269644698	138.3020415
chr7	184554950	0.4150630505	138.3020774
chr7	184555567	0.3068370997	138.3023335
chr7	184619709	0.244613882	138.3220146
chr7	184619753	0.2341080918	138.3220254
chr7	184619819	0.1820268422	138.3220408
chr7	184619948	0.1802379467	138.3220643
chr7	184620000	0.197687488	138.3220737
chr7	184620104	0.1063510831	138.3220942
chr7	184620325	0.122253641	138.3221177
chr7	184623464	0.1333499011	138.3225015
chr7	184624995	0.1719915284	138.3227057
chr7	184724376	0.1644879546	138.3397983
chr7	184724998	0.1452680049	138.3399007
chr7	184727943	0.1071010919	138.3403285
chr7	184728312	0.07373122482	138.340368
chr7	184837125	0.05782866687	138.3483909
chr7	184934170	0.08001947291	138.3540029
chr7	184934192	0.06530630401	138.3540046
chr7	185027299	0.05673647979	138.3600851
chr7	185037744	0.02344941389	138.3606777
chr7	185038407	0.01234450458	138.3606933
chr7	185146951	0.02076453624	138.3620332
chr7	185147010	0.4802509075	138.3620344
chr7	185147018	0.4970937274	138.3620383
chr7	185147024	0.5055152615	138.3620413
chr7	185154266	0.5083484989	138.3657022
chr7	185154407	0.05087911081	138.3657739
chr7	185154520	0.07711860531	138.3657796
chr7	185157659	0.08576474606	138.3660217
chr7	185512990	0.07614699684	138.3964966
chr7	185554298	0.06752546106	138.399642
chr7	185556412	0.01662174522	138.3997848
chr7	185556910	0.008053752575	138.3997931
chr7	185582603	0	138.4
chr7	185808916	0	138.4
