chr,pos_v5,SNP_newID,cM,cM_norm
Chr1,125329,M1,-4.8,0.0
Chr1,214369,M2,-4.6,0.20000000000000018
Chr1,370511,M4,-4.2,0.5999999999999996
Chr1,448535,M5,-4.0,0.7999999999999998
Chr1,532547,M6,-3.8,1.0
Chr1,603370,M7,-3.6,1.1999999999999997
Chr1,694670,M8,-3.4,1.4
Chr1,766656,M9,-3.2,1.5999999999999996
Chr1,843307,M10,-3.0,1.7999999999999998
Chr1,924796,M11,-2.8,2.0
Chr1,1006284,M12,-2.6,2.1999999999999997
Chr1,1188907,M14,-2.2,2.5999999999999996
Chr1,1253202,M15,-2.0,2.8
Chr1,1334704,M16,-1.8,3.0
Chr1,1409059,M17,-1.6,3.1999999999999997
Chr1,1506482,M18,-1.4,3.4
Chr1,1589899,M19,-1.2,3.5999999999999996
Chr1,1676582,M20,-1.0,3.8
Chr1,1767829,M21,-0.8,4.0
Chr1,1844913,M22,-0.6,4.2
Chr1,1935369,M23,-0.4,4.3999999999999995
Chr1,2017899,M24,-0.2,4.6
Chr1,2694699,M27,0.4,5.2
Chr1,2916391,M28,0.6,5.3999999999999995
Chr1,3055488,M29,0.8,5.6
Chr1,3112050,M30,1.0,5.8
Chr1,3168364,M31,1.2,6.0
Chr1,3224351,M32,1.4,6.199999999999999
Chr1,3280405,M33,1.6,6.4
Chr1,3342211,M34,1.8,6.6
Chr1,3502051,M37,2.4,7.199999999999999
Chr1,3580982,M38,2.6,7.4
Chr1,3622789,M39,2.8,7.6
Chr1,3678249,M40,3.0,7.8
Chr1,3765712,M41,3.2,8.0
Chr1,3793050,M42,3.4,8.2
Chr1,3959050,M44,3.8,8.6
Chr1,4247126,M47,4.4,9.2
Chr1,4360841,M48,4.6,9.399999999999999
Chr1,4516085,M50,5.0,9.8
Chr1,4553021,M51,5.2,10.0
Chr1,4642077,M52,5.4,10.2
Chr1,4693877,M53,5.6,10.399999999999999
Chr1,4743657,M54,5.8,10.6
Chr1,4790796,M55,6.0,10.8
Chr1,4865545,M56,6.2,11.0
Chr1,4889802,M57,6.4,11.2
Chr1,4939690,M58,6.6,11.399999999999999
Chr1,4986914,M59,6.8,11.6
Chr1,5035612,M60,7.0,11.8
Chr1,5085302,M61,7.2,12.0
Chr1,5135008,M62,7.4,12.2
Chr1,5303703,M66,8.2,13.0
Chr1,5355777,M67,8.4,13.2
Chr1,5404608,M68,8.6,13.399999999999999
Chr1,5452943,M69,8.8,13.600000000000001
Chr1,5510921,M70,9.0,13.8
Chr1,5540660,M71,9.2,14.0
Chr1,5590757,M72,9.4,14.2
Chr1,5648785,M73,9.6,14.399999999999999
Chr1,5720415,M74,9.8,14.600000000000001
Chr1,5867154,M76,10.2,15.0
Chr1,5935217,M77,10.4,15.2
Chr1,6017931,M78,10.6,15.399999999999999
Chr1,6163371,M80,11.0,15.8
Chr1,6228005,M81,11.2,16.0
Chr1,6315087,M82,11.4,16.2
Chr1,6435506,M84,11.8,16.6
Chr1,6533415,M85,12.0,16.8
Chr1,6630114,M86,12.2,17.0
Chr1,6731548,M87,12.4,17.2
Chr1,6831315,M88,12.6,17.4
Chr1,6896646,M89,12.8,17.6
Chr1,7033630,M90,13.0,17.8
Chr1,7131575,M91,13.2,18.0
Chr1,7237216,M92,13.4,18.2
Chr1,7344848,M93,13.6,18.4
Chr1,7450023,M94,13.8,18.6
Chr1,7567079,M95,14.0,18.8
Chr1,7671920,M96,14.2,19.0
Chr1,7780513,M97,14.4,19.2
Chr1,7887626,M98,14.6,19.4
Chr1,7987132,M99,14.8,19.6
Chr1,8092767,M100,15.0,19.8
Chr1,8197822,M101,15.2,20.0
Chr1,8307038,M102,15.4,20.2
Chr1,8395187,M103,15.6,20.4
Chr1,8462251,M104,15.8,20.6
Chr1,8532555,M105,16.0,20.8
Chr1,8621235,M106,16.2,21.0
Chr1,8772446,M108,16.6,21.400000000000002
Chr1,8860091,M109,16.8,21.6
Chr1,8942518,M110,17.0,21.8
Chr1,9051073,M111,17.2,22.0
Chr1,9230561,M113,17.6,22.400000000000002
Chr1,9296983,M114,17.8,22.6
Chr1,9318140,M115,18.0,22.8
Chr1,9339297,M116,18.2,23.0
Chr1,9360167,M117,18.4,23.2
Chr1,9390210,M118,18.6,23.400000000000002
Chr1,9411374,M119,18.8,23.6
Chr1,9432543,M120,19.0,23.8
Chr1,9453610,M121,19.2,24.0
Chr1,9476657,M122,19.4,24.2
Chr1,9750324,M123,19.6,24.400000000000002
Chr1,9981528,M124,19.8,24.6
Chr1,10208648,M125,20.0,24.8
Chr1,10303396,M126,20.2,25.0
Chr1,10403346,M127,20.4,25.2
Chr1,10508514,M128,20.6,25.400000000000002
Chr1,10712860,M130,21.0,25.8
Chr1,10820423,M131,21.2,26.0
Chr1,10904627,M132,21.4,26.2
Chr1,11000738,M133,21.6,26.400000000000002
Chr1,11099974,M134,21.8,26.6
Chr1,11201601,M135,22.0,26.8
Chr1,11312550,M136,22.2,27.0
Chr1,11410565,M137,22.4,27.2
Chr1,11614640,M139,22.8,27.6
Chr1,11717914,M140,23.0,27.8
Chr1,11821320,M141,23.2,28.0
Chr1,11924162,M142,23.4,28.2
Chr1,12030055,M143,23.6,28.400000000000002
Chr1,12126910,M144,23.8,28.6
Chr1,12230974,M145,24.0,28.8
Chr1,12338278,M146,24.2,29.0
Chr1,12429224,M147,24.4,29.2
Chr1,12519343,M148,24.6,29.400000000000002
Chr1,12621369,M149,24.8,29.6
Chr1,12713720,M150,25.0,29.8
Chr1,12795069,M151,25.2,30.0
Chr1,12877868,M152,25.4,30.2
Chr1,12975060,M153,25.6,30.400000000000002
Chr1,13055132,M154,25.8,30.6
Chr1,13364980,M156,26.2,31.0
Chr1,13537393,M159,26.8,31.6
Chr1,13718699,M161,27.2,32.0
Chr1,13808382,M162,27.4,32.199999999999996
Chr1,13902015,M163,27.6,32.4
Chr1,14073795,M165,28.0,32.8
Chr1,14163993,M166,28.2,33.0
Chr1,14317586,M168,28.6,33.4
Chr1,14511051,M170,29.0,33.8
Chr1,14903366,M173,29.6,34.4
Chr1,15132868,M174,29.8,34.6
Chr1,15221896,M175,30.0,34.8
Chr1,15312578,M176,30.2,35.0
Chr1,15403241,M177,30.4,35.199999999999996
Chr1,15491799,M178,30.6,35.4
Chr1,15769450,M181,31.2,36.0
Chr1,15859549,M182,31.4,36.199999999999996
Chr1,15960320,M183,31.6,36.4
Chr1,16079057,M184,31.8,36.6
Chr1,16195537,M185,32.0,36.8
Chr1,16310357,M186,32.2,37.0
Chr1,16677048,M188,32.6,37.4
Chr1,16792522,M189,32.8,37.599999999999994
Chr1,16976138,M190,33.0,37.8
Chr1,17228232,M191,33.2,38.0
Chr1,17443795,M192,33.4,38.199999999999996
Chr1,17734598,M193,33.6,38.4
Chr1,17887129,M194,33.8,38.599999999999994
Chr1,17926818,M195,34.0,38.8
Chr1,18051870,M196,34.2,39.0
Chr1,18283372,M197,34.4,39.199999999999996
Chr1,18477489,M198,34.6,39.4
Chr1,18692315,M199,34.8,39.599999999999994
Chr1,18905619,M200,35.0,39.8
Chr1,19131157,M201,35.2,40.0
Chr1,19338323,M202,35.4,40.199999999999996
Chr1,20147958,M206,36.2,41.0
Chr1,20360180,M207,36.4,41.199999999999996
Chr1,20923383,M210,37.0,41.8
Chr1,21198886,M211,37.2,42.0
Chr1,21409289,M212,37.4,42.199999999999996
Chr1,21624167,M213,37.6,42.4
Chr1,21742297,M214,37.8,42.599999999999994
Chr1,21839697,M215,38.0,42.8
Chr1,21936753,M216,38.2,43.0
Chr1,22048885,M217,38.4,43.199999999999996
Chr1,22224324,M218,38.6,43.4
Chr1,22441856,M220,39.0,43.8
Chr1,22670824,M221,39.2,44.0
Chr1,22926540,M222,39.4,44.199999999999996
Chr1,23179984,M223,39.6,44.4
Chr1,23352552,M224,39.8,44.599999999999994
Chr1,23562138,M225,40.0,44.8
Chr1,23759293,M226,40.2,45.0
Chr1,23902301,M227,40.4,45.199999999999996
Chr1,24088317,M228,40.6,45.4
Chr1,24268649,M229,40.8,45.599999999999994
Chr1,24457749,M230,41.0,45.8
Chr1,24646415,M231,41.2,46.0
Chr1,24844602,M232,41.4,46.199999999999996
Chr1,25035412,M233,41.6,46.4
Chr1,25228266,M234,41.8,46.599999999999994
Chr1,25695272,M237,42.4,47.199999999999996
Chr1,25901077,M238,42.6,47.4
Chr1,26074829,M239,42.8,47.599999999999994
Chr1,26198072,M240,43.0,47.8
Chr1,26241114,M241,43.2,48.0
Chr1,26486514,M243,43.6,48.4
Chr1,27007125,M248,44.6,49.4
Chr1,27165407,M249,44.8,49.599999999999994
Chr1,27339848,M251,45.2,50.0
Chr1,27448873,M252,45.4,50.199999999999996
Chr1,27553801,M253,45.6,50.4
Chr1,27662048,M254,45.8,50.599999999999994
Chr1,27770285,M255,46.0,50.8
Chr1,27878785,M256,46.2,51.0
Chr1,27952313,M257,46.4,51.199999999999996
Chr1,28095575,M258,46.6,51.4
Chr1,28202399,M259,46.8,51.599999999999994
Chr1,28312231,M260,47.0,51.8
Chr1,28461712,M261,47.2,52.0
Chr1,28651721,M262,47.4,52.199999999999996
Chr1,28829778,M263,47.6,52.4
Chr1,29052854,M264,47.8,52.599999999999994
Chr1,29248991,M265,48.0,52.8
Chr1,29444341,M266,48.2,53.0
Chr1,29646635,M267,48.4,53.199999999999996
Chr1,29864759,M268,48.6,53.4
Chr1,30057811,M269,48.8,53.599999999999994
Chr1,30394698,M271,49.2,54.0
Chr1,30569223,M272,49.4,54.199999999999996
Chr1,30777302,M273,49.6,54.4
Chr1,30959661,M274,49.8,54.599999999999994
Chr1,31160586,M275,50.0,54.8
Chr1,31541779,M277,50.4,55.199999999999996
Chr1,31725292,M278,50.6,55.4
Chr1,31883342,M279,50.8,55.599999999999994
Chr1,32071326,M280,51.0,55.8
Chr1,32264617,M281,51.2,56.0
Chr1,32465364,M282,51.4,56.199999999999996
Chr1,32627537,M283,51.6,56.4
Chr1,32777202,M284,51.8,56.599999999999994
Chr1,32878217,M285,52.0,56.8
Chr1,33098731,M286,52.2,57.0
Chr1,33250083,M287,52.4,57.199999999999996
Chr1,33401252,M288,52.6,57.4
Chr1,33545649,M289,52.8,57.599999999999994
Chr1,33686431,M290,53.0,57.8
Chr1,33837495,M291,53.2,58.0
Chr1,34146830,M293,53.6,58.4
Chr1,34605085,M294,53.8,58.599999999999994
Chr1,34916465,M295,54.0,58.8
Chr1,35286743,M296,54.2,59.0
Chr1,35554868,M297,54.4,59.199999999999996
Chr1,35865198,M298,54.6,59.4
Chr1,36155146,M299,54.8,59.599999999999994
Chr1,36465354,M300,55.0,59.8
Chr1,36788533,M301,55.2,60.0
Chr1,37109534,M302,55.4,60.199999999999996
Chr1,37416245,M303,55.6,60.4
Chr1,37734625,M304,55.8,60.599999999999994
Chr1,38057364,M305,56.0,60.8
Chr1,38583167,M307,56.4,61.199999999999996
Chr1,38780812,M308,56.6,61.4
Chr1,38948382,M309,56.8,61.599999999999994
Chr1,39146554,M310,57.0,61.8
Chr1,39575990,M312,57.4,62.199999999999996
Chr1,39830494,M313,57.6,62.4
Chr1,40005279,M314,57.8,62.599999999999994
Chr1,40218756,M315,58.0,62.8
Chr1,40635306,M317,58.4,63.199999999999996
Chr1,40828349,M318,58.6,63.4
Chr1,41031842,M319,58.8,63.599999999999994
Chr1,41613332,M320,59.0,63.8
Chr1,42095124,M321,59.2,64.0
Chr1,42674054,M322,59.4,64.2
Chr1,43230680,M323,59.6,64.4
Chr1,43616581,M324,59.8,64.6
Chr1,44007226,M327,60.4,65.2
Chr1,44184120,M328,60.6,65.4
Chr1,44473607,M329,60.8,65.6
Chr1,45021703,M331,61.2,66.0
Chr1,45312366,M332,61.4,66.2
Chr1,45688737,M334,61.8,66.6
Chr1,46134737,M336,62.2,67.0
Chr1,46428036,M337,62.4,67.2
Chr1,46733226,M338,62.6,67.4
Chr1,47016510,M339,62.8,67.6
Chr1,47336209,M340,63.0,67.8
Chr1,47642297,M341,63.2,68.0
Chr1,48292244,M343,63.6,68.4
Chr1,48573434,M344,63.8,68.6
Chr1,48871144,M345,64.0,68.8
Chr1,49450625,M347,64.4,69.2
Chr1,50131387,M349,64.8,69.6
Chr1,50412059,M350,65.0,69.8
Chr1,50799412,M351,65.2,70.0
Chr1,51221293,M353,65.6,70.39999999999999
Chr1,51299202,M354,65.8,70.6
Chr1,51465212,M355,66.0,70.8
Chr1,51598012,M356,66.2,71.0
Chr1,51766043,M357,66.4,71.2
Chr1,51929943,M358,66.6,71.39999999999999
Chr1,52130970,M359,66.8,71.6
Chr1,53264163,M365,68.0,72.8
Chr1,53430252,M366,68.2,73.0
Chr1,53603271,M367,68.4,73.2
Chr1,53779375,M368,68.6,73.39999999999999
Chr1,53939486,M369,68.8,73.6
Chr1,55146349,M371,69.2,74.0
Chr1,56192184,M372,69.4,74.2
Chr1,56379140,M373,69.6,74.39999999999999
Chr1,56579297,M374,69.8,74.6
Chr1,56798860,M375,70.0,74.8
Chr1,57071030,M376,70.2,75.0
Chr1,57844432,M378,70.6,75.39999999999999
Chr1,58240803,M379,70.8,75.6
Chr1,58606499,M380,71.0,75.8
Chr1,59029497,M381,71.2,76.0
Chr1,59456694,M382,71.4,76.2
Chr1,59885733,M383,71.6,76.39999999999999
Chr1,60311046,M384,71.8,76.6
Chr1,60694658,M385,72.0,76.8
Chr1,61071032,M386,72.2,77.0
Chr1,61612780,M387,72.4,77.2
Chr1,62308757,M388,72.6,77.39999999999999
Chr1,63004959,M389,72.8,77.6
Chr1,64636999,M391,73.2,78.0
Chr1,65114407,M392,73.4,78.2
Chr1,65616852,M393,73.6,78.39999999999999
Chr1,66452031,M395,74.0,78.8
Chr1,67517685,M397,74.4,79.2
Chr1,68261320,M398,74.6,79.39999999999999
Chr1,68652242,M399,74.8,79.6
Chr1,69021810,M400,75.0,79.8
Chr1,69391868,M401,75.2,80.0
Chr1,69784982,M402,75.4,80.2
Chr1,70214331,M403,75.6,80.39999999999999
Chr1,70916933,M405,76.0,80.8
Chr1,71308200,M406,76.2,81.0
Chr1,71695921,M407,76.4,81.2
Chr1,72864547,M410,77.0,81.8
Chr1,73246909,M411,77.2,82.0
Chr1,73624008,M412,77.4,82.2
Chr1,74015024,M413,77.6,82.39999999999999
Chr1,74383254,M414,77.8,82.6
Chr1,74765583,M415,78.0,82.8
Chr1,75113049,M416,78.2,83.0
Chr1,75886290,M418,78.6,83.39999999999999
Chr1,76220378,M419,78.8,83.6
Chr1,76603257,M420,79.0,83.8
Chr1,77032082,M421,79.2,84.0
Chr1,77405906,M422,79.4,84.2
Chr1,77777309,M423,79.6,84.39999999999999
Chr1,78308458,M424,79.8,84.6
Chr1,78951233,M425,80.0,84.8
Chr1,80928098,M428,80.6,85.39999999999999
Chr1,81549751,M429,80.8,85.6
Chr1,82173152,M430,81.0,85.8
Chr1,82833769,M431,81.2,86.0
Chr1,83558501,M433,81.6,86.39999999999999
Chr1,83962646,M434,81.8,86.6
Chr1,84643385,M436,82.2,87.0
Chr1,85083422,M437,82.4,87.2
Chr1,85510389,M438,82.6,87.39999999999999
Chr1,85919119,M439,82.8,87.6
Chr1,86381495,M440,83.0,87.8
Chr1,86799948,M441,83.2,88.0
Chr1,87308614,M442,83.4,88.2
Chr1,87726436,M443,83.6,88.39999999999999
Chr1,88595332,M445,84.0,88.8
Chr1,89062118,M446,84.2,89.0
Chr1,89505623,M447,84.4,89.2
Chr1,89817704,M448,84.6,89.39999999999999
Chr1,90420725,M449,84.8,89.6
Chr1,91013059,M450,85.0,89.8
Chr1,91602351,M451,85.2,90.0
Chr1,92124023,M452,85.4,90.2
Chr1,92690818,M453,85.6,90.39999999999999
Chr1,93325876,M454,85.8,90.6
Chr1,94031900,M455,86.0,90.8
Chr1,94618143,M456,86.2,91.0
Chr1,95223915,M457,86.4,91.2
Chr1,96335214,M458,86.6,91.39999999999999
Chr1,98526850,M460,87.0,91.8
Chr1,99903521,M461,87.2,92.0
Chr1,101593744,M462,87.4,92.2
Chr1,103199042,M463,87.6,92.39999999999999
Chr1,106211176,M465,88.0,92.8
Chr1,112195918,M468,88.6,93.39999999999999
Chr1,119591769,M470,89.0,93.8
Chr1,152179729,M472,89.4,94.2
Chr1,153096371,M473,89.6,94.39999999999999
Chr1,154589024,M474,89.8,94.6
Chr1,155980584,M475,90.0,94.8
Chr1,157399264,M476,90.2,95.0
Chr1,158899779,M477,90.4,95.2
Chr1,160309143,M478,90.6,95.39999999999999
Chr1,161785430,M479,90.8,95.6
Chr1,163278387,M480,91.0,95.8
Chr1,164739591,M481,91.2,96.0
Chr1,166821307,M482,91.4,96.2
Chr1,168702774,M483,91.6,96.39999999999999
Chr1,170610635,M484,91.8,96.6
Chr1,171247916,M485,92.0,96.8
Chr1,171886667,M486,92.2,97.0
Chr1,172525681,M487,92.4,97.2
Chr1,173190834,M488,92.6,97.39999999999999
Chr1,173829528,M489,92.8,97.6
Chr1,174456482,M490,93.0,97.8
Chr1,175089200,M491,93.2,98.0
Chr1,175699263,M492,93.4,98.2
Chr1,176319598,M493,93.6,98.39999999999999
Chr1,176923091,M494,93.8,98.6
Chr1,177574637,M495,94.0,98.8
Chr1,178215398,M496,94.2,99.0
Chr1,178840218,M497,94.4,99.2
Chr1,179978413,M499,94.8,99.6
Chr1,180526996,M500,95.0,99.8
Chr1,181073993,M501,95.2,100.0
Chr1,181639209,M502,95.4,100.2
Chr1,182153619,M503,95.6,100.39999999999999
Chr1,182711793,M504,95.8,100.6
Chr1,183253811,M505,96.0,100.8
Chr1,183810991,M506,96.2,101.0
Chr1,184287898,M507,96.4,101.2
Chr1,184696049,M508,96.6,101.39999999999999
Chr1,185142185,M509,96.8,101.6
Chr1,185533486,M510,97.0,101.8
Chr1,185972727,M511,97.2,102.0
Chr1,186788539,M513,97.6,102.39999999999999
Chr1,187163156,M514,97.8,102.6
Chr1,187528279,M515,98.0,102.8
Chr1,187916503,M516,98.2,103.0
Chr1,187962513,M517,98.4,103.2
Chr1,188008162,M518,98.6,103.39999999999999
Chr1,188054174,M519,98.8,103.6
Chr1,188100150,M520,99.0,103.8
Chr1,188527460,M521,99.2,104.0
Chr1,188803505,M522,99.4,104.2
Chr1,189029230,M523,99.6,104.39999999999999
Chr1,189291111,M524,99.8,104.6
Chr1,189785281,M526,100.2,105.0
Chr1,190031797,M527,100.4,105.2
Chr1,190282525,M528,100.6,105.39999999999999
Chr1,190533452,M529,100.8,105.6
Chr1,190781554,M530,101.0,105.8
Chr1,191043259,M531,101.2,106.0
Chr1,191300387,M532,101.4,106.2
Chr1,191519606,M533,101.6,106.39999999999999
Chr1,191789176,M534,101.8,106.6
Chr1,192299140,M536,102.2,107.0
Chr1,192547644,M537,102.4,107.2
Chr1,193303816,M540,103.0,107.8
Chr1,193534566,M541,103.2,108.0
Chr1,193784702,M542,103.4,108.2
Chr1,194057212,M543,103.6,108.39999999999999
Chr1,194287974,M544,103.8,108.6
Chr1,194492063,M545,104.0,108.8
Chr1,194769733,M546,104.2,109.0
Chr1,195321075,M548,104.6,109.39999999999999
Chr1,195567609,M549,104.8,109.6
Chr1,195819372,M550,105.0,109.8
Chr1,196074351,M551,105.2,110.0
Chr1,196595899,M553,105.6,110.39999999999999
Chr1,196842075,M554,105.8,110.6
Chr1,197163414,M555,106.0,110.8
Chr1,197407120,M556,106.2,111.0
Chr1,197655364,M557,106.4,111.2
Chr1,197904323,M558,106.6,111.39999999999999
Chr1,198156831,M559,106.8,111.6
Chr1,198408070,M560,107.0,111.8
Chr1,198661410,M561,107.2,112.0
Chr1,198916492,M562,107.4,112.2
Chr1,199155878,M563,107.6,112.39999999999999
Chr1,199637882,M565,108.0,112.8
Chr1,199885045,M566,108.2,113.0
Chr1,200087991,M567,108.4,113.2
Chr1,200285285,M568,108.6,113.39999999999999
Chr1,200485321,M569,108.8,113.6
Chr1,200913808,M571,109.2,114.0
Chr1,201130425,M572,109.4,114.2
Chr1,201332352,M573,109.6,114.39999999999999
Chr1,201503045,M574,109.8,114.6
Chr1,201669809,M575,110.0,114.8
Chr1,201850332,M576,110.2,115.0
Chr1,202024601,M577,110.4,115.2
Chr1,202204766,M578,110.6,115.39999999999999
Chr1,202548349,M580,111.0,115.8
Chr1,202731480,M581,111.2,116.0
Chr1,202914020,M582,111.4,116.2
Chr1,203069055,M583,111.6,116.39999999999999
Chr1,203250229,M584,111.8,116.6
Chr1,203467488,M585,112.0,116.8
Chr1,203586585,M586,112.2,117.0
Chr1,203760470,M587,112.4,117.2
Chr1,203935562,M588,112.6,117.39999999999999
Chr1,204105855,M589,112.8,117.6
Chr1,204276289,M590,113.0,117.8
Chr1,204470309,M591,113.2,118.0
Chr1,204813359,M593,113.6,118.39999999999999
Chr1,204998420,M594,113.8,118.6
Chr1,205523762,M597,114.4,119.2
Chr1,205698645,M598,114.6,119.39999999999999
Chr1,205871851,M599,114.8,119.6
Chr1,206217696,M600,115.0,119.8
Chr1,206576795,M601,115.2,120.0
Chr1,207424075,M603,115.6,120.39999999999999
Chr1,208222865,M605,116.0,120.8
Chr1,208918139,M606,116.2,121.0
Chr1,209511245,M607,116.4,121.2
Chr1,209720567,M608,116.6,121.39999999999999
Chr1,209913777,M609,116.8,121.6
Chr1,210119781,M610,117.0,121.8
Chr1,210326216,M611,117.2,122.0
Chr1,210547996,M612,117.4,122.2
Chr1,210758339,M613,117.6,122.39999999999999
Chr1,210967332,M614,117.8,122.6
Chr1,211178626,M615,118.0,122.8
Chr1,211393115,M616,118.2,123.0
Chr1,211593039,M617,118.4,123.2
Chr1,211793757,M618,118.6,123.39999999999999
Chr1,212003999,M619,118.8,123.6
Chr1,212244756,M620,119.0,123.8
Chr1,212662354,M622,119.4,124.2
Chr1,212972253,M623,119.6,124.39999999999999
Chr1,213188389,M624,119.8,124.6
Chr1,213633566,M626,120.2,125.0
Chr1,214400997,M629,120.8,125.6
Chr1,214644054,M630,121.0,125.8
Chr1,214882912,M631,121.2,126.0
Chr1,215363459,M633,121.6,126.39999999999999
Chr1,215596563,M634,121.8,126.6
Chr1,215853472,M635,122.0,126.8
Chr1,216097396,M636,122.2,127.0
Chr1,216337133,M637,122.4,127.2
Chr1,216576302,M638,122.6,127.39999999999999
Chr1,216823758,M639,122.8,127.6
Chr1,217060773,M640,123.0,127.8
Chr1,217318020,M641,123.2,128.0
Chr1,217552823,M642,123.4,128.20000000000002
Chr1,217823345,M643,123.6,128.4
Chr1,217887395,M644,123.8,128.6
Chr1,218275530,M646,124.2,129.0
Chr1,218555456,M647,124.4,129.20000000000002
Chr1,218789893,M648,124.6,129.4
Chr1,219063568,M649,124.8,129.6
Chr1,219330327,M650,125.0,129.8
Chr1,219583455,M651,125.2,130.0
Chr1,219840706,M652,125.4,130.20000000000002
Chr1,220095793,M653,125.6,130.4
Chr1,220362895,M654,125.8,130.6
Chr1,220614437,M655,126.0,130.8
Chr1,220862959,M656,126.2,131.0
Chr1,221125493,M657,126.4,131.20000000000002
Chr1,221644125,M659,126.8,131.6
Chr1,221907628,M660,127.0,131.8
Chr1,222161943,M661,127.2,132.0
Chr1,222482523,M662,127.4,132.20000000000002
Chr1,222981105,M663,127.6,132.4
Chr1,223961786,M665,128.0,132.8
Chr1,224465035,M666,128.2,133.0
Chr1,224962487,M667,128.4,133.20000000000002
Chr1,225472066,M668,128.6,133.4
Chr1,225989046,M669,128.8,133.60000000000002
Chr1,226481268,M670,129.0,133.8
Chr1,227313829,M671,129.2,134.0
Chr1,227825310,M672,129.4,134.20000000000002
Chr1,228330190,M673,129.6,134.4
Chr1,228604337,M674,129.8,134.60000000000002
Chr1,228720304,M675,130.0,134.8
Chr1,228844850,M676,130.2,135.0
Chr1,228965355,M677,130.4,135.20000000000002
Chr1,229122233,M678,130.6,135.4
Chr1,229242829,M679,130.8,135.60000000000002
Chr1,229363290,M680,131.0,135.8
Chr1,229483180,M681,131.2,136.0
Chr1,229601644,M682,131.4,136.20000000000002
Chr1,229767252,M683,131.6,136.4
Chr1,229929229,M684,131.8,136.60000000000002
Chr1,230108674,M685,132.0,136.8
Chr1,230610670,M688,132.6,137.4
Chr1,230907950,M689,132.8,137.60000000000002
Chr1,231328868,M690,133.0,137.8
Chr1,231675182,M691,133.2,138.0
Chr1,232090190,M692,133.4,138.20000000000002
Chr1,232533356,M693,133.6,138.4
Chr1,232942589,M694,133.8,138.60000000000002
Chr1,233161287,M695,134.0,138.8
Chr1,233379343,M696,134.2,139.0
Chr1,233603312,M697,134.4,139.20000000000002
Chr1,233758366,M698,134.6,139.4
Chr1,233914475,M699,134.8,139.60000000000002
Chr1,234069121,M700,135.0,139.8
Chr1,234348806,M701,135.2,140.0
Chr1,234713820,M702,135.4,140.20000000000002
Chr1,235001399,M703,135.6,140.4
Chr1,235272793,M704,135.8,140.60000000000002
Chr1,235532643,M705,136.0,140.8
Chr1,235788198,M706,136.2,141.0
Chr1,236047851,M707,136.4,141.20000000000002
Chr1,236305577,M708,136.6,141.4
Chr1,236590281,M709,136.8,141.60000000000002
Chr1,236862494,M710,137.0,141.8
Chr1,237423157,M712,137.4,142.20000000000002
Chr1,237911813,M713,137.6,142.4
Chr1,238424963,M714,137.8,142.60000000000002
Chr1,238933759,M715,138.0,142.8
Chr1,239460307,M716,138.2,143.0
Chr1,239976906,M717,138.4,143.20000000000002
Chr1,240281735,M718,138.6,143.4
Chr1,240811903,M719,138.8,143.60000000000002
Chr1,241334354,M720,139.0,143.8
Chr1,241860149,M721,139.2,144.0
Chr1,242318576,M722,139.4,144.20000000000002
Chr1,242786108,M723,139.6,144.4
Chr1,243437959,M724,139.8,144.60000000000002
Chr1,243959181,M725,140.0,144.8
Chr1,244310565,M726,140.2,145.0
Chr1,244653444,M727,140.4,145.20000000000002
Chr1,244992804,M728,140.6,145.4
Chr1,245694103,M730,141.0,145.8
Chr1,246028434,M731,141.2,146.0
Chr1,246376557,M732,141.4,146.20000000000002
Chr1,246722928,M733,141.6,146.4
Chr1,247175473,M734,141.8,146.60000000000002
Chr1,247585147,M735,142.0,146.8
Chr1,248353899,M737,142.4,147.20000000000002
Chr1,248768583,M738,142.6,147.4
Chr1,249581052,M740,143.0,147.8
Chr1,249980324,M741,143.2,148.0
Chr1,250394997,M742,143.4,148.20000000000002
Chr1,250853306,M743,143.6,148.4
Chr1,251201652,M744,143.8,148.60000000000002
Chr1,251502130,M745,144.0,148.8
Chr1,252296663,M747,144.4,149.20000000000002
Chr1,253116575,M748,144.6,149.4
Chr1,253518348,M749,144.8,149.60000000000002
Chr1,254622682,M752,145.4,150.20000000000002
Chr1,255332818,M754,145.8,150.60000000000002
Chr1,255936376,M755,146.0,150.8
Chr1,256726749,M756,146.2,151.0
Chr1,257318072,M757,146.4,151.20000000000002
Chr1,257602069,M758,146.6,151.4
Chr1,258203315,M760,147.0,151.8
Chr1,258497339,M761,147.2,152.0
Chr1,258801711,M762,147.4,152.20000000000002
Chr1,259088681,M763,147.6,152.4
Chr1,259265840,M764,147.8,152.60000000000002
Chr1,259333610,M765,148.0,152.8
Chr1,259657397,M766,148.2,153.0
Chr1,259733638,M767,148.4,153.20000000000002
Chr1,259803254,M768,148.6,153.4
Chr1,259861045,M769,148.8,153.60000000000002
Chr1,259927913,M770,149.0,153.8
Chr1,259994305,M771,149.2,154.0
Chr1,260062207,M772,149.4,154.20000000000002
Chr1,260226053,M773,149.6,154.4
Chr1,260496196,M774,149.8,154.60000000000002
Chr1,261057047,M776,150.2,155.0
Chr1,261597209,M778,150.6,155.4
Chr1,261868045,M779,150.8,155.60000000000002
Chr1,262144725,M780,151.0,155.8
Chr1,262445106,M781,151.2,156.0
Chr1,263007949,M783,151.6,156.4
Chr1,263032583,M784,151.8,156.60000000000002
Chr1,263731072,M786,152.2,157.0
Chr1,263965556,M787,152.4,157.20000000000002
Chr1,264202918,M788,152.6,157.4
Chr1,264439366,M789,152.8,157.60000000000002
Chr1,264646822,M790,153.0,157.8
Chr1,264903170,M791,153.2,158.0
Chr1,264994343,M792,153.4,158.20000000000002
Chr1,265072444,M793,153.6,158.4
Chr1,265164453,M794,153.8,158.60000000000002
Chr1,265260212,M795,154.0,158.8
Chr1,265350544,M796,154.2,159.0
Chr1,265441869,M797,154.4,159.20000000000002
Chr1,265532626,M798,154.6,159.4
Chr1,265621638,M799,154.8,159.60000000000002
Chr1,265724940,M800,155.0,159.8
Chr1,265815270,M801,155.2,160.0
Chr1,265913889,M802,155.4,160.20000000000002
Chr1,266320745,M803,155.6,160.4
Chr1,266589496,M804,155.8,160.60000000000002
Chr1,267019427,M805,156.0,160.8
Chr1,267670627,M806,156.2,161.0
Chr1,268826168,M807,156.4,161.20000000000002
Chr1,269042381,M808,156.6,161.4
Chr1,269270191,M809,156.8,161.60000000000002
Chr1,269477278,M810,157.0,161.8
Chr1,269851824,M812,157.4,162.20000000000002
Chr1,270351126,M813,157.6,162.4
Chr1,270599521,M814,157.8,162.60000000000002
Chr1,270863837,M815,158.0,162.8
Chr1,271081299,M816,158.2,163.0
Chr1,271337400,M817,158.4,163.20000000000002
Chr1,271591327,M818,158.6,163.4
Chr1,272093871,M820,159.0,163.8
Chr1,272348250,M821,159.2,164.0
Chr1,272607730,M822,159.4,164.20000000000002
Chr1,272870318,M823,159.6,164.4
Chr1,273082395,M824,159.8,164.60000000000002
Chr1,273314486,M825,160.0,164.8
Chr1,273862527,M827,160.4,165.20000000000002
Chr1,274120139,M828,160.6,165.4
Chr1,274385109,M829,160.8,165.60000000000002
Chr1,274645985,M830,161.0,165.8
Chr1,274826808,M831,161.2,166.0
Chr1,275072550,M832,161.4,166.20000000000002
Chr1,275321086,M833,161.6,166.4
Chr1,275562500,M834,161.8,166.60000000000002
Chr1,275855355,M835,162.0,166.8
Chr1,276392797,M836,162.2,167.0
Chr1,276950695,M837,162.4,167.20000000000002
Chr1,277455040,M838,162.6,167.4
Chr1,277725690,M839,162.8,167.60000000000002
Chr1,277986030,M840,163.0,167.8
Chr1,278263948,M841,163.2,168.0
Chr1,278541791,M842,163.4,168.20000000000002
Chr1,278802642,M843,163.6,168.4
Chr1,279073998,M844,163.8,168.60000000000002
Chr1,279339613,M845,164.0,168.8
Chr1,279604882,M846,164.2,169.0
Chr1,279874783,M847,164.4,169.20000000000002
Chr1,280272232,M849,164.8,169.60000000000002
Chr1,280457996,M850,165.0,169.8
Chr1,280637994,M851,165.2,170.0
Chr1,280822445,M852,165.4,170.20000000000002
Chr1,281031448,M853,165.6,170.4
Chr1,281200135,M854,165.8,170.60000000000002
Chr1,281405701,M855,166.0,170.8
Chr1,281576455,M856,166.2,171.0
Chr1,281753791,M857,166.4,171.20000000000002
Chr1,281943323,M858,166.6,171.4
Chr1,282124019,M859,166.8,171.60000000000002
Chr1,282323950,M860,167.0,171.8
Chr1,282521327,M861,167.2,172.0
Chr1,282863905,M863,167.6,172.4
Chr1,282984630,M864,167.8,172.60000000000002
Chr1,283104512,M865,168.0,172.8
Chr1,283345759,M867,168.4,173.20000000000002
Chr1,283470966,M868,168.6,173.4
Chr1,283590387,M869,168.8,173.60000000000002
Chr1,284320556,M870,169.0,173.8
Chr1,284514119,M871,169.2,174.0
Chr1,284701706,M872,169.4,174.20000000000002
Chr1,284900148,M873,169.6,174.4
Chr1,285094665,M874,169.8,174.60000000000002
Chr1,285288268,M875,170.0,174.8
Chr1,285479635,M876,170.2,175.0
Chr1,285670138,M877,170.4,175.20000000000002
Chr1,285858963,M878,170.6,175.4
Chr1,286055611,M879,170.8,175.60000000000002
Chr1,286307704,M880,171.0,175.8
Chr1,286555364,M881,171.2,176.0
Chr1,286660173,M882,171.4,176.20000000000002
Chr1,286672066,M883,171.6,176.4
Chr1,286868323,M885,172.0,176.8
Chr1,286963241,M886,172.2,177.0
Chr1,287061055,M887,172.4,177.20000000000002
Chr1,287165039,M888,172.6,177.4
Chr1,287249476,M889,172.8,177.60000000000002
Chr1,287348171,M890,173.0,177.8
Chr1,287428109,M891,173.2,178.0
Chr1,287523396,M892,173.4,178.20000000000002
Chr1,287618638,M893,173.6,178.4
Chr1,287713133,M894,173.8,178.60000000000002
Chr1,287807016,M895,174.0,178.8
Chr1,287900857,M896,174.2,179.0
Chr1,287998048,M897,174.4,179.20000000000002
Chr1,288077186,M898,174.6,179.4
Chr1,288163707,M899,174.8,179.60000000000002
Chr1,288271762,M900,175.0,179.8
Chr1,288353039,M901,175.2,180.0
Chr1,288444888,M902,175.4,180.20000000000002
Chr1,288781251,M904,175.8,180.60000000000002
Chr1,288971044,M905,176.0,180.8
Chr1,289338626,M907,176.4,181.20000000000002
Chr1,289521745,M908,176.6,181.4
Chr1,290030034,M909,176.8,181.60000000000002
Chr1,290355571,M910,177.0,181.8
Chr1,290649815,M911,177.2,182.0
Chr1,290930399,M912,177.4,182.20000000000002
Chr1,291164677,M913,177.6,182.4
Chr1,291434058,M914,177.8,182.60000000000002
Chr1,291670455,M915,178.0,182.8
Chr1,291916696,M916,178.2,183.0
Chr1,291993170,M917,178.4,183.20000000000002
Chr1,292120580,M918,178.6,183.4
Chr1,292255616,M919,178.8,183.60000000000002
Chr1,292368650,M920,179.0,183.8
Chr1,292454834,M921,179.2,184.0
Chr1,292668763,M922,179.4,184.20000000000002
Chr1,292932769,M923,179.6,184.4
Chr1,293171731,M924,179.8,184.60000000000002
Chr1,293312556,M925,180.0,184.8
Chr1,293459623,M926,180.2,185.0
Chr1,293587337,M927,180.4,185.20000000000002
Chr1,293720370,M928,180.6,185.4
Chr1,293808213,M929,180.8,185.60000000000002
Chr1,293850619,M930,181.0,185.8
Chr1,293986002,M931,181.2,186.0
Chr1,294197829,M932,181.4,186.20000000000002
Chr1,294422112,M933,181.6,186.4
Chr1,294596695,M934,181.8,186.60000000000002
Chr1,294733692,M935,182.0,186.8
Chr1,294851658,M936,182.2,187.0
Chr1,294969080,M937,182.4,187.20000000000002
Chr1,295086834,M938,182.6,187.4
Chr1,295322085,M939,182.8,187.60000000000002
Chr1,295444294,M940,183.0,187.8
Chr1,295546667,M941,183.2,188.0
Chr1,295705165,M942,183.4,188.20000000000002
Chr1,295946929,M944,183.8,188.60000000000002
Chr1,296066041,M945,184.0,188.8
Chr1,296185027,M946,184.2,189.0
Chr1,296303118,M947,184.4,189.20000000000002
Chr1,296420658,M948,184.6,189.4
Chr1,296556438,M949,184.8,189.60000000000002
Chr1,296701089,M950,185.0,189.8
Chr1,296850634,M951,185.2,190.0
Chr1,297001792,M952,185.4,190.20000000000002
Chr1,297147499,M953,185.6,190.4
Chr1,297295531,M954,185.8,190.60000000000002
Chr1,297430898,M955,186.0,190.8
Chr1,297574695,M956,186.2,191.0
Chr1,297872872,M958,186.6,191.4
Chr1,298151565,M960,187.0,191.8
Chr1,298296061,M961,187.2,192.0
Chr1,298450369,M962,187.4,192.20000000000002
Chr1,298580472,M963,187.6,192.4
Chr1,298724624,M964,187.8,192.60000000000002
Chr1,298871841,M965,188.0,192.8
Chr1,298943219,M966,188.2,193.0
Chr1,299013165,M967,188.4,193.20000000000002
Chr1,299082020,M968,188.6,193.4
Chr1,299159211,M969,188.8,193.60000000000002
Chr1,299231251,M970,189.0,193.8
Chr1,299304091,M971,189.2,194.0
Chr1,299375346,M972,189.4,194.20000000000002
Chr1,299447687,M973,189.6,194.4
Chr1,299595378,M975,190.0,194.8
Chr1,299668178,M976,190.2,195.0
Chr1,299739579,M977,190.4,195.20000000000002
Chr1,299810330,M978,190.6,195.4
Chr1,299885372,M979,190.8,195.60000000000002
Chr1,299962612,M980,191.0,195.8
Chr1,300035400,M981,191.2,196.0
Chr1,300241410,M983,191.6,196.4
Chr1,300478398,M985,192.0,196.8
Chr1,300593516,M986,192.2,197.0
Chr1,300711807,M987,192.4,197.20000000000002
Chr1,300772759,M989,192.8,197.60000000000002
Chr1,300927980,M990,193.0,197.8
Chr1,301724956,M993,193.6,198.4
Chr1,301982640,M994,193.8,198.60000000000002
Chr1,302056184,M995,194.0,198.8
Chr1,302088647,M996,194.2,199.0
Chr1,302220718,M1000,195.0,199.8
Chr1,302274789,M1003,195.6,200.4
Chr1,302307536,M1004,195.8,200.60000000000002
Chr1,302340284,M1005,196.0,200.8
Chr1,302373066,M1006,196.2,201.0
Chr1,302397220,M1007,196.4,201.20000000000002
Chr1,302412271,M1008,196.6,201.4
Chr1,302607636,M1009,196.8,201.60000000000002
Chr1,302752740,M1010,197.0,201.8
Chr1,302776337,M1011,197.2,202.0
Chr1,302842764,M1012,197.4,202.20000000000002
Chr1,302904868,M1013,197.6,202.4
Chr1,302969743,M1014,197.8,202.60000000000002
Chr1,303074870,M1015,198.0,202.8
Chr1,303196721,M1016,198.2,203.0
Chr1,303329531,M1017,198.4,203.20000000000002
Chr1,303452709,M1018,198.6,203.4
Chr1,303703082,M1020,199.0,203.8
Chr1,303831022,M1021,199.2,204.0
Chr1,304123111,M1023,199.6,204.4
Chr1,304256414,M1024,199.8,204.60000000000002
Chr1,304363835,M1025,200.0,204.8
Chr1,304791253,M1028,200.6,205.4
Chr1,304921125,M1029,200.8,205.60000000000002
Chr1,305022452,M1030,201.0,205.8
Chr1,305114909,M1031,201.2,206.0
Chr1,305208877,M1032,201.4,206.20000000000002
Chr1,305294296,M1033,201.6,206.4
Chr1,305386550,M1034,201.8,206.60000000000002
Chr1,305654409,M1035,202.0,206.8
Chr1,306175019,M1036,202.2,207.0
Chr1,306313508,M1037,202.4,207.20000000000002
Chr1,306455426,M1038,202.6,207.4
Chr1,306870528,M1041,203.2,208.0
Chr1,307009608,M1042,203.4,208.20000000000002
Chr1,307133485,M1043,203.6,208.4
Chr1,307262399,M1044,203.8,208.60000000000002
Chr1,307394367,M1045,204.0,208.8
Chr1,307522151,M1046,204.2,209.0
Chr1,307760015,M1048,204.6,209.4
Chr1,307887854,M1049,204.8,209.60000000000002
Chr1,308023062,M1050,205.0,209.8
Chr1,308156468,M1051,205.2,210.0
Chr1,308290757,M1052,205.4,210.20000000000002
Chr10,181092,M6822,-6.2,0.0
Chr10,242582,M6823,-6.0,0.20000000000000018
Chr10,301783,M6824,-5.8,0.40000000000000036
Chr10,361360,M6825,-5.6,0.6000000000000005
Chr10,420461,M6826,-5.4,0.7999999999999998
Chr10,481057,M6827,-5.2,1.0
Chr10,540080,M6828,-5.0,1.2000000000000002
Chr10,600823,M6829,-4.8,1.4000000000000004
Chr10,668097,M6830,-4.6,1.6000000000000005
Chr10,718770,M6831,-4.4,1.7999999999999998
Chr10,776860,M6832,-4.2,2.0
Chr10,832397,M6833,-4.0,2.2
Chr10,893682,M6834,-3.8,2.4000000000000004
Chr10,951674,M6835,-3.6,2.6
Chr10,1018742,M6836,-3.4,2.8000000000000003
Chr10,1090058,M6837,-3.2,3.0
Chr10,1215923,M6839,-2.8,3.4000000000000004
Chr10,1275068,M6840,-2.6,3.6
Chr10,1392721,M6842,-2.2,4.0
Chr10,1455028,M6843,-2.0,4.2
Chr10,1557668,M6845,-1.6,4.6
Chr10,1616808,M6846,-1.4,4.800000000000001
Chr10,1675951,M6847,-1.2,5.0
Chr10,1735080,M6848,-1.0,5.2
Chr10,1792013,M6849,-0.8,5.4
Chr10,1864358,M6850,-0.6,5.6000000000000005
Chr10,1925787,M6851,-0.4,5.8
Chr10,1996776,M6852,-0.2,6.0
Chr10,2004991,M6853,3.05e-15,6.200000000000003
Chr10,2061057,M6854,0.2,6.4
Chr10,2119481,M6855,0.4,6.6000000000000005
Chr10,2175979,M6856,0.6,6.8
Chr10,2232539,M6857,0.8,7.0
Chr10,2290313,M6858,1.0,7.2
Chr10,2335310,M6859,1.2,7.4
Chr10,2407383,M6860,1.4,7.6
Chr10,2490429,M6862,1.8,8.0
Chr10,2565009,M6863,2.0,8.2
Chr10,2634656,M6864,2.2,8.4
Chr10,2795984,M6867,2.8,9.0
Chr10,2852485,M6868,3.0,9.2
Chr10,2909103,M6869,3.2,9.4
Chr10,2965669,M6870,3.4,9.6
Chr10,3022232,M6871,3.6,9.8
Chr10,3083231,M6872,3.8,10.0
Chr10,3349130,M6873,4.0,10.2
Chr10,3425169,M6878,5.0,11.2
Chr10,3468330,M6879,5.2,11.4
Chr10,3533512,M6880,5.4,11.600000000000001
Chr10,3581094,M6881,5.6,11.8
Chr10,3727229,M6882,5.8,12.0
Chr10,3814333,M6887,6.8,13.0
Chr10,3866108,M6888,7.0,13.2
Chr10,3904634,M6889,7.2,13.4
Chr10,3944680,M6890,7.4,13.600000000000001
Chr10,3988987,M6891,7.6,13.8
Chr10,4026327,M6892,7.8,14.0
Chr10,4063288,M6893,8.0,14.2
Chr10,4139926,M6895,8.4,14.600000000000001
Chr10,4179564,M6896,8.6,14.8
Chr10,4214137,M6897,8.8,15.0
Chr10,4242901,M6898,9.0,15.2
Chr10,4272281,M6899,9.2,15.399999999999999
Chr10,4301662,M6900,9.4,15.600000000000001
Chr10,4332241,M6901,9.6,15.8
Chr10,4361618,M6902,9.8,16.0
Chr10,4390839,M6903,10.0,16.2
Chr10,4420226,M6904,10.2,16.4
Chr10,4449738,M6905,10.4,16.6
Chr10,4478627,M6906,10.6,16.8
Chr10,4531454,M6909,11.2,17.4
Chr10,4614675,M6910,11.4,17.6
Chr10,4643359,M6911,11.6,17.8
Chr10,4671904,M6912,11.8,18.0
Chr10,4701200,M6913,12.0,18.2
Chr10,4758898,M6915,12.4,18.6
Chr10,4796037,M6916,12.6,18.8
Chr10,4816235,M6917,12.8,19.0
Chr10,4856060,M6918,13.0,19.2
Chr10,4897331,M6919,13.2,19.4
Chr10,4926036,M6920,13.4,19.6
Chr10,4957082,M6921,13.6,19.8
Chr10,4985813,M6922,13.8,20.0
Chr10,5015056,M6923,14.0,20.2
Chr10,5051070,M6925,14.4,20.6
Chr10,5114995,M6926,14.6,20.8
Chr10,5144374,M6927,14.8,21.0
Chr10,5170617,M6928,15.0,21.2
Chr10,5233647,M6930,15.4,21.6
Chr10,5359223,M6933,16.0,22.2
Chr10,5381383,M6934,16.2,22.4
Chr10,5415744,M6935,16.4,22.599999999999998
Chr10,5541419,M6937,16.8,23.0
Chr10,5572955,M6938,17.0,23.2
Chr10,5584545,M6940,17.4,23.599999999999998
Chr10,5727499,M6944,18.2,24.4
Chr10,5759522,M6945,18.4,24.599999999999998
Chr10,5823607,M6947,18.8,25.0
Chr10,5859003,M6948,19.0,25.2
Chr10,5916693,M6950,19.4,25.599999999999998
Chr10,5950399,M6951,19.6,25.8
Chr10,5983174,M6952,19.8,26.0
Chr10,6099526,M6954,20.2,26.4
Chr10,6140941,M6955,20.4,26.599999999999998
Chr10,6243856,M6958,21.0,27.2
Chr10,6338852,M6959,21.2,27.4
Chr10,6459666,M6960,21.4,27.599999999999998
Chr10,6607112,M6961,21.6,27.8
Chr10,6734657,M6962,21.8,28.0
Chr10,6868125,M6963,22.0,28.2
Chr10,7262412,M6965,22.4,28.599999999999998
Chr10,7387818,M6966,22.6,28.8
Chr10,7508305,M6967,22.8,29.0
Chr10,7657164,M6968,23.0,29.2
Chr10,7789442,M6969,23.2,29.4
Chr10,7913157,M6970,23.4,29.599999999999998
Chr10,8041951,M6971,23.6,29.8
Chr10,8170380,M6972,23.8,30.0
Chr10,8700486,M6974,24.2,30.4
Chr10,8967136,M6975,24.4,30.599999999999998
Chr10,9229553,M6976,24.6,30.8
Chr10,9310928,M6977,24.8,31.0
Chr10,9538094,M6980,25.4,31.599999999999998
Chr10,9637428,M6981,25.6,31.8
Chr10,9726633,M6982,25.8,32.0
Chr10,9813375,M6983,26.0,32.2
Chr10,9890877,M6984,26.2,32.4
Chr10,9971323,M6985,26.4,32.6
Chr10,10049203,M6986,26.6,32.800000000000004
Chr10,10132815,M6987,26.8,33.0
Chr10,10213798,M6988,27.0,33.2
Chr10,10301400,M6989,27.2,33.4
Chr10,10467150,M6991,27.6,33.800000000000004
Chr10,10549088,M6992,27.8,34.0
Chr10,10629120,M6993,28.0,34.2
Chr10,10709136,M6994,28.2,34.4
Chr10,10856222,M6995,28.4,34.6
Chr10,11068125,M6996,28.6,34.800000000000004
Chr10,11322059,M6997,28.8,35.0
Chr10,11743343,M6999,29.2,35.4
Chr10,11942197,M7000,29.4,35.6
Chr10,12171296,M7001,29.6,35.800000000000004
Chr10,12373969,M7002,29.8,36.0
Chr10,12602448,M7003,30.0,36.2
Chr10,12807018,M7004,30.2,36.4
Chr10,13024739,M7005,30.4,36.6
Chr10,13233721,M7006,30.6,36.800000000000004
Chr10,13439773,M7007,30.8,37.0
Chr10,13603704,M7008,31.0,37.2
Chr10,13772167,M7009,31.2,37.4
Chr10,13937650,M7010,31.4,37.6
Chr10,14093259,M7011,31.6,37.800000000000004
Chr10,14259648,M7012,31.8,38.0
Chr10,14430841,M7013,32.0,38.2
Chr10,14594971,M7014,32.2,38.400000000000006
Chr10,15092633,M7015,32.4,38.6
Chr10,15439080,M7016,32.6,38.800000000000004
Chr10,15734783,M7017,32.8,39.0
Chr10,16007948,M7018,33.0,39.2
Chr10,16477643,M7019,33.2,39.400000000000006
Chr10,17074186,M7020,33.4,39.6
Chr10,17688493,M7021,33.6,39.800000000000004
Chr10,19435712,M7022,33.8,40.0
Chr10,20195448,M7023,34.0,40.2
Chr10,20986420,M7024,34.2,40.400000000000006
Chr10,21752876,M7025,34.4,40.6
Chr10,23251587,M7027,34.8,41.0
Chr10,23971211,M7028,35.0,41.2
Chr10,24827111,M7029,35.2,41.400000000000006
Chr10,25589358,M7030,35.4,41.6
Chr10,31347743,M7032,35.8,42.0
Chr10,36951292,M7033,36.0,42.2
Chr10,65520366,M7035,36.4,42.6
Chr10,69972035,M7036,36.6,42.800000000000004
Chr10,74140003,M7037,36.8,43.0
Chr10,74693115,M7038,37.0,43.2
Chr10,75324751,M7039,37.2,43.400000000000006
Chr10,75936148,M7040,37.4,43.6
Chr10,76529349,M7041,37.6,43.800000000000004
Chr10,77109985,M7042,37.8,44.0
Chr10,77768149,M7043,38.0,44.2
Chr10,78342110,M7044,38.2,44.400000000000006
Chr10,78957822,M7045,38.4,44.6
Chr10,80696163,M7047,38.8,45.0
Chr10,82368458,M7049,39.2,45.400000000000006
Chr10,83168099,M7050,39.4,45.6
Chr10,84463096,M7051,39.6,45.800000000000004
Chr10,85324816,M7052,39.8,46.0
Chr10,87231431,M7054,40.2,46.400000000000006
Chr10,88220958,M7055,40.4,46.6
Chr10,88877118,M7056,40.6,46.800000000000004
Chr10,89718253,M7058,41.0,47.2
Chr10,92129654,M7060,41.4,47.6
Chr10,94765267,M7062,41.8,48.0
Chr10,96031841,M7063,42.0,48.2
Chr10,97394877,M7064,42.2,48.400000000000006
Chr10,100165603,M7066,42.6,48.800000000000004
Chr10,101130078,M7067,42.8,49.0
Chr10,101437909,M7068,43.0,49.2
Chr10,101756150,M7069,43.2,49.400000000000006
Chr10,105392771,M7070,43.4,49.6
Chr10,109193636,M7071,43.6,49.800000000000004
Chr10,110358862,M7072,43.8,50.0
Chr10,111601121,M7073,44.0,50.2
Chr10,112588295,M7074,44.2,50.400000000000006
Chr10,113418605,M7075,44.4,50.6
Chr10,114186958,M7076,44.6,50.800000000000004
Chr10,114809560,M7077,44.8,51.0
Chr10,115421704,M7078,45.0,51.2
Chr10,116114961,M7079,45.2,51.400000000000006
Chr10,116734647,M7080,45.4,51.6
Chr10,117350471,M7081,45.6,51.800000000000004
Chr10,118008837,M7082,45.8,52.0
Chr10,118620894,M7083,46.0,52.2
Chr10,119228926,M7084,46.2,52.400000000000006
Chr10,119849358,M7085,46.4,52.6
Chr10,120292189,M7086,46.6,52.800000000000004
Chr10,120510862,M7087,46.8,53.0
Chr10,121611305,M7088,47.0,53.2
Chr10,122511777,M7089,47.2,53.400000000000006
Chr10,123473632,M7090,47.4,53.6
Chr10,123959014,M7091,47.6,53.800000000000004
Chr10,124407462,M7092,47.8,54.0
Chr10,125000871,M7093,48.0,54.2
Chr10,126269603,M7095,48.4,54.6
Chr10,126883379,M7096,48.6,54.800000000000004
Chr10,127083629,M7097,48.8,55.0
Chr10,127438702,M7098,49.0,55.2
Chr10,127722524,M7099,49.2,55.400000000000006
Chr10,128069449,M7100,49.4,55.6
Chr10,128379506,M7101,49.6,55.800000000000004
Chr10,129116525,M7103,50.0,56.2
Chr10,129480971,M7104,50.2,56.400000000000006
Chr10,130168864,M7106,50.6,56.800000000000004
Chr10,130534348,M7107,50.8,57.0
Chr10,130836752,M7108,51.0,57.2
Chr10,131197792,M7109,51.2,57.400000000000006
Chr10,131567501,M7110,51.4,57.6
Chr10,131959825,M7111,51.6,57.800000000000004
Chr10,132276433,M7112,51.8,58.0
Chr10,132636930,M7113,52.0,58.2
Chr10,132788065,M7114,52.2,58.400000000000006
Chr10,133075775,M7116,52.6,58.800000000000004
Chr10,133233417,M7117,52.8,59.0
Chr10,133374535,M7118,53.0,59.2
Chr10,133507916,M7119,53.2,59.400000000000006
Chr10,133633289,M7120,53.4,59.6
Chr10,133760222,M7121,53.6,59.800000000000004
Chr10,134268892,M7125,54.4,60.6
Chr10,134623027,M7128,55.0,61.2
Chr10,134778480,M7129,55.2,61.400000000000006
Chr10,134897614,M7130,55.4,61.6
Chr10,135133130,M7132,55.8,62.0
Chr10,135244757,M7133,56.0,62.2
Chr10,135757593,M7136,56.6,62.800000000000004
Chr10,135916729,M7137,56.8,63.0
Chr10,136066147,M7138,57.0,63.2
Chr10,136387928,M7140,57.4,63.6
Chr10,136539587,M7141,57.6,63.800000000000004
Chr10,136700839,M7142,57.8,64.0
Chr10,136876113,M7143,58.0,64.2
Chr10,137069334,M7144,58.2,64.4
Chr10,137163142,M7145,58.4,64.6
Chr10,137280014,M7146,58.6,64.8
Chr10,137396512,M7147,58.8,65.0
Chr10,137511001,M7148,59.0,65.2
Chr10,137626024,M7149,59.2,65.4
Chr10,137724116,M7150,59.4,65.6
Chr10,137850831,M7151,59.6,65.8
Chr10,137973287,M7152,59.8,66.0
Chr10,138089689,M7153,60.0,66.2
Chr10,138216685,M7154,60.2,66.4
Chr10,138343456,M7155,60.4,66.6
Chr10,138460173,M7156,60.6,66.8
Chr10,138579201,M7157,60.8,67.0
Chr10,138691225,M7158,61.0,67.2
Chr10,138817926,M7159,61.2,67.4
Chr10,138940793,M7160,61.4,67.6
Chr10,139033181,M7161,61.6,67.8
Chr10,139123783,M7162,61.8,68.0
Chr10,139318024,M7164,62.2,68.4
Chr10,139402066,M7165,62.4,68.6
Chr10,139567941,M7167,62.8,69.0
Chr10,139648024,M7168,63.0,69.2
Chr10,139731719,M7169,63.2,69.4
Chr10,139893900,M7171,63.6,69.8
Chr10,139970504,M7172,63.8,70.0
Chr10,140119026,M7174,64.2,70.4
Chr10,140323391,M7175,64.4,70.60000000000001
Chr10,140696086,M7176,64.6,70.8
Chr10,140790468,M7177,64.8,71.0
Chr10,140886203,M7178,65.0,71.2
Chr10,140979477,M7179,65.2,71.4
Chr10,141066460,M7180,65.4,71.60000000000001
Chr10,141171398,M7181,65.6,71.8
Chr10,141261792,M7182,65.8,72.0
Chr10,141351950,M7183,66.0,72.2
Chr10,141451759,M7184,66.2,72.4
Chr10,141522797,M7185,66.4,72.60000000000001
Chr10,141640634,M7186,66.6,72.8
Chr10,141696667,M7187,66.8,73.0
Chr10,141788615,M7188,67.0,73.2
Chr10,141879332,M7189,67.2,73.4
Chr10,142136745,M7198,69.0,75.2
Chr10,142215619,M7199,69.2,75.4
Chr10,142267393,M7200,69.4,75.60000000000001
Chr10,142328780,M7201,69.6,75.8
Chr10,142398463,M7202,69.8,76.0
Chr10,142482156,M7203,70.0,76.2
Chr10,142630765,M7205,70.4,76.60000000000001
Chr10,142786518,M7207,70.8,77.0
Chr10,142858406,M7208,71.0,77.2
Chr10,142931839,M7209,71.2,77.4
Chr10,143001358,M7210,71.4,77.60000000000001
Chr10,143179449,M7212,71.8,78.0
Chr10,143225366,M7213,72.0,78.2
Chr10,143300700,M7214,72.2,78.4
Chr10,143500562,M7216,72.6,78.8
Chr10,143560861,M7217,72.8,79.0
Chr10,143643461,M7218,73.0,79.2
Chr10,143718403,M7219,73.2,79.4
Chr10,143790773,M7220,73.4,79.60000000000001
Chr10,143862096,M7221,73.6,79.8
Chr10,143931553,M7222,73.8,80.0
Chr10,143996177,M7223,74.0,80.2
Chr10,144075379,M7224,74.2,80.4
Chr10,144156540,M7225,74.4,80.60000000000001
Chr10,144228359,M7226,74.6,80.8
Chr10,144300377,M7227,74.8,81.0
Chr10,144369989,M7228,75.0,81.2
Chr10,144444680,M7229,75.2,81.4
Chr10,144559433,M7231,75.6,81.8
Chr10,144613689,M7232,75.8,82.0
Chr10,144669693,M7233,76.0,82.2
Chr10,144723448,M7234,76.2,82.4
Chr10,144777044,M7235,76.4,82.60000000000001
Chr10,144805811,M7236,76.6,82.8
Chr10,144869641,M7237,76.8,83.0
Chr10,144976093,M7239,77.2,83.4
Chr10,145030330,M7240,77.4,83.60000000000001
Chr10,145085481,M7241,77.6,83.8
Chr10,145353121,M7247,78.8,85.0
Chr10,145404348,M7248,79.0,85.2
Chr10,145459392,M7249,79.2,85.4
Chr10,145487735,M7250,79.4,85.60000000000001
Chr10,145565889,M7251,79.6,85.8
Chr10,145620711,M7252,79.8,86.0
Chr10,145675536,M7253,80.0,86.2
Chr10,145730603,M7254,80.2,86.4
Chr10,145783957,M7255,80.4,86.60000000000001
Chr10,145836373,M7256,80.6,86.8
Chr10,145960765,M7257,80.8,87.0
Chr10,146107592,M7258,81.0,87.2
Chr10,146315310,M7259,81.2,87.4
Chr10,146613639,M7260,81.4,87.60000000000001
Chr10,146672604,M7261,81.6,87.8
Chr10,146742843,M7262,81.8,88.0
Chr10,146852253,M7263,82.0,88.2
Chr10,146920963,M7264,82.2,88.4
Chr10,146968551,M7265,82.4,88.60000000000001
Chr10,147029924,M7266,82.6,88.8
Chr10,147099135,M7267,82.8,89.0
Chr10,147240405,M7270,83.4,89.60000000000001
Chr10,147292652,M7271,83.6,89.8
Chr10,147344449,M7272,83.8,90.0
Chr10,147395959,M7273,84.0,90.2
Chr10,147453055,M7274,84.2,90.4
Chr10,147509638,M7275,84.4,90.60000000000001
Chr10,147584434,M7276,84.6,90.8
Chr10,147664511,M7277,84.8,91.0
Chr10,147730241,M7278,85.0,91.2
Chr10,147835153,M7280,85.4,91.60000000000001
Chr10,147886941,M7281,85.6,91.8
Chr10,147991445,M7283,86.0,92.2
Chr10,148034234,M7284,86.2,92.4
Chr10,148089019,M7285,86.4,92.60000000000001
Chr10,148141108,M7286,86.6,92.8
Chr10,148192817,M7287,86.8,93.0
Chr10,148265125,M7289,87.2,93.4
Chr10,148351590,M7290,87.4,93.60000000000001
Chr10,148402098,M7291,87.6,93.8
Chr10,148454438,M7292,87.8,94.0
Chr10,148480857,M7293,88.0,94.2
Chr10,148560691,M7294,88.2,94.4
Chr10,148660040,M7296,88.6,94.8
Chr10,148772578,M7298,89.0,95.2
Chr10,148826619,M7299,89.2,95.4
Chr10,148880655,M7300,89.4,95.60000000000001
Chr10,148932562,M7301,89.6,95.8
Chr10,148984295,M7302,89.8,96.0
Chr10,149067645,M7303,90.0,96.2
Chr10,149158678,M7304,90.2,96.4
Chr10,149203832,M7306,90.6,96.8
Chr10,149257748,M7307,90.8,97.0
Chr10,149272822,M7308,91.0,97.2
Chr10,149301003,M7309,91.2,97.4
Chr10,149341829,M7310,91.4,97.60000000000001
Chr10,149377781,M7311,91.6,97.8
Chr10,149414138,M7312,91.8,98.0
Chr10,149449332,M7313,92.0,98.2
Chr10,149486384,M7314,92.2,98.4
Chr10,149521900,M7315,92.4,98.60000000000001
Chr10,149557558,M7316,92.6,98.8
Chr10,149593216,M7317,92.8,99.0
Chr10,149627089,M7318,93.0,99.2
Chr10,149662750,M7319,93.2,99.4
Chr10,149698764,M7320,93.4,99.60000000000001
Chr10,149735114,M7321,93.6,99.8
Chr10,149772006,M7322,93.8,100.0
Chr10,149810308,M7323,94.0,100.2
Chr10,149847198,M7324,94.2,100.4
Chr10,149884080,M7325,94.4,100.60000000000001
Chr10,149921929,M7326,94.6,100.8
Chr10,149957974,M7327,94.8,101.0
Chr10,149994548,M7328,95.0,101.2
Chr10,150035041,M7329,95.2,101.4
Chr10,150125784,M7331,95.6,101.8
Chr10,150162667,M7332,95.8,102.0
Chr10,150199551,M7333,96.0,102.2
Chr10,150259663,M7335,96.4,102.60000000000001
Chr10,150297579,M7336,96.6,102.8
Chr10,150333975,M7337,96.8,103.0
Chr10,150370864,M7338,97.0,103.2
Chr10,150408248,M7339,97.2,103.4
Chr10,150532560,M7343,98.0,104.2
Chr10,150569445,M7344,98.2,104.4
Chr10,150622102,M7346,98.6,104.8
Chr10,150659028,M7347,98.8,105.0
Chr10,150708346,M7349,99.2,105.4
Chr10,150744953,M7350,99.4,105.60000000000001
Chr10,150794592,M7351,99.6,105.8
Chr10,150829652,M7352,99.8,106.0
Chr10,150972495,M7355,100.4,106.60000000000001
Chr10,150985859,M7356,100.6,106.8
Chr10,151034504,M7357,100.8,107.0
Chr10,151073086,M7358,101.0,107.2
Chr10,151111808,M7359,101.2,107.4
Chr10,151147918,M7360,101.4,107.60000000000001
Chr10,151184767,M7361,101.6,107.8
Chr10,151228138,M7362,101.8,108.0
Chr10,151264391,M7363,102.0,108.2
Chr10,151353295,M7365,102.4,108.60000000000001
Chr10,151403515,M7366,102.6,108.8
Chr10,151453738,M7367,102.8,109.0
Chr10,151503947,M7368,103.0,109.2
Chr10,151554064,M7369,103.2,109.4
Chr10,151604725,M7370,103.4,109.60000000000001
Chr10,151654955,M7371,103.6,109.8
Chr10,151706516,M7372,103.8,110.0
Chr10,151763841,M7373,104.0,110.2
Chr10,151814061,M7374,104.2,110.4
Chr10,151869228,M7375,104.4,110.60000000000001
Chr10,152004324,M7378,105.0,111.2
Chr10,152054958,M7379,105.2,111.4
Chr10,152105185,M7380,105.4,111.60000000000001
Chr10,152158245,M7381,105.6,111.8
Chr10,152203649,M7382,105.8,112.0
Chr10,152243728,M7383,106.0,112.2
Chr2,97534,M1054,-3.6,0.0
Chr2,143417,M1055,-3.4,0.20000000000000018
Chr2,247745,M1057,-3.0,0.6000000000000001
Chr2,338892,M1058,-2.8,0.8000000000000003
Chr2,368904,M1059,-2.6,1.0
Chr2,416111,M1061,-2.2,1.4
Chr2,837159,M1062,-2.0,1.6
Chr2,900589,M1063,-1.8,1.8
Chr2,960673,M1064,-1.6,2.0
Chr2,1019035,M1065,-1.4,2.2
Chr2,1139293,M1067,-1.0,2.6
Chr2,1208608,M1068,-0.8,2.8
Chr2,1255358,M1069,-0.6,3.0
Chr2,1309928,M1070,-0.4,3.2
Chr2,1526992,M1071,-0.2,3.4
Chr2,1613800,M1073,0.2,3.8000000000000003
Chr2,1656849,M1074,0.4,4.0
Chr2,1696608,M1075,0.6,4.2
Chr2,1738538,M1076,0.8,4.4
Chr2,1783128,M1077,1.0,4.6
Chr2,1883618,M1079,1.4,5.0
Chr2,1926680,M1080,1.6,5.2
Chr2,1969726,M1081,1.8,5.4
Chr2,2013838,M1082,2.0,5.6
Chr2,2055050,M1083,2.2,5.800000000000001
Chr2,2098102,M1084,2.4,6.0
Chr2,2140681,M1085,2.6,6.2
Chr2,2183732,M1086,2.8,6.4
Chr2,2226781,M1087,3.0,6.6
Chr2,2269843,M1088,3.2,6.800000000000001
Chr2,2318298,M1089,3.4,7.0
Chr2,2361448,M1090,3.6,7.2
Chr2,2409422,M1091,3.8,7.4
Chr2,2451401,M1092,4.0,7.6
Chr2,2492849,M1093,4.2,7.800000000000001
Chr2,2518001,M1094,4.4,8.0
Chr2,2606305,M1096,4.8,8.4
Chr2,2649336,M1097,5.0,8.6
Chr2,2688214,M1098,5.2,8.8
Chr2,2767085,M1099,5.4,9.0
Chr2,2869874,M1100,5.6,9.2
Chr2,2945957,M1101,5.8,9.4
Chr2,3066790,M1103,6.2,9.8
Chr2,3191700,M1104,6.4,10.0
Chr2,3351516,M1105,6.6,10.2
Chr2,3473193,M1107,7.0,10.6
Chr2,3503013,M1108,7.2,10.8
Chr2,3532830,M1109,7.4,11.0
Chr2,3583086,M1110,7.6,11.2
Chr2,3590866,M1111,7.8,11.4
Chr2,3636427,M1112,8.0,11.6
Chr2,3665591,M1113,8.2,11.799999999999999
Chr2,3694987,M1114,8.4,12.0
Chr2,3723963,M1115,8.6,12.2
Chr2,3755118,M1117,9.0,12.6
Chr2,3784089,M1118,9.2,12.799999999999999
Chr2,3813066,M1119,9.4,13.0
Chr2,3842044,M1120,9.6,13.2
Chr2,3871024,M1121,9.8,13.4
Chr2,3937983,M1122,10.0,13.6
Chr2,4048367,M1123,10.2,13.799999999999999
Chr2,4196432,M1125,10.6,14.2
Chr2,4289267,M1126,10.8,14.4
Chr2,4349879,M1127,11.0,14.6
Chr2,4448094,M1129,11.4,15.0
Chr2,4563767,M1131,11.8,15.4
Chr2,4607641,M1132,12.0,15.6
Chr2,4659073,M1133,12.2,15.799999999999999
Chr2,4709644,M1134,12.4,16.0
Chr2,4761593,M1135,12.6,16.2
Chr2,4813617,M1136,12.8,16.400000000000002
Chr2,4867334,M1137,13.0,16.6
Chr2,4919349,M1138,13.2,16.8
Chr2,4971404,M1139,13.4,17.0
Chr2,5020922,M1140,13.6,17.2
Chr2,5080407,M1141,13.8,17.400000000000002
Chr2,5129840,M1142,14.0,17.6
Chr2,5193045,M1144,14.4,18.0
Chr2,5245337,M1145,14.6,18.2
Chr2,5308454,M1146,14.8,18.400000000000002
Chr2,5360207,M1147,15.0,18.6
Chr2,5433196,M1148,15.2,18.8
Chr2,5486488,M1149,15.4,19.0
Chr2,5566993,M1151,15.8,19.400000000000002
Chr2,5619293,M1152,16.0,19.6
Chr2,5676877,M1153,16.2,19.8
Chr2,5725051,M1154,16.4,20.0
Chr2,5777113,M1155,16.6,20.200000000000003
Chr2,5831835,M1156,16.8,20.400000000000002
Chr2,5940996,M1158,17.2,20.8
Chr2,5991700,M1159,17.4,21.0
Chr2,6043750,M1160,17.6,21.200000000000003
Chr2,6080886,M1161,17.8,21.400000000000002
Chr2,6118019,M1162,18.0,21.6
Chr2,6182792,M1163,18.2,21.8
Chr2,6274615,M1164,18.4,22.0
Chr2,6364055,M1165,18.6,22.200000000000003
Chr2,6463302,M1166,18.8,22.400000000000002
Chr2,6555046,M1167,19.0,22.6
Chr2,6764238,M1170,19.6,23.200000000000003
Chr2,6828425,M1171,19.8,23.400000000000002
Chr2,6890513,M1172,20.0,23.6
Chr2,6958776,M1173,20.2,23.8
Chr2,7027042,M1174,20.4,24.0
Chr2,7351838,M1179,21.4,25.0
Chr2,7484703,M1180,21.6,25.200000000000003
Chr2,7555048,M1181,21.8,25.400000000000002
Chr2,7687953,M1183,22.2,25.8
Chr2,7801991,M1184,22.4,26.0
Chr2,7933144,M1186,22.8,26.400000000000002
Chr2,8009047,M1187,23.0,26.6
Chr2,8086555,M1188,23.2,26.8
Chr2,8433609,M1190,23.6,27.200000000000003
Chr2,8639093,M1191,23.8,27.400000000000002
Chr2,8678073,M1192,24.0,27.6
Chr2,8734797,M1194,24.4,28.0
Chr2,8804724,M1195,24.6,28.200000000000003
Chr2,8887280,M1196,24.8,28.400000000000002
Chr2,8964726,M1197,25.0,28.6
Chr2,9040698,M1198,25.2,28.8
Chr2,9126797,M1199,25.4,29.0
Chr2,9200369,M1200,25.6,29.200000000000003
Chr2,9276116,M1201,25.8,29.400000000000002
Chr2,9346598,M1202,26.0,29.6
Chr2,9422981,M1203,26.2,29.8
Chr2,9591505,M1205,26.6,30.200000000000003
Chr2,9661151,M1206,26.8,30.400000000000002
Chr2,9739781,M1207,27.0,30.6
Chr2,9820202,M1208,27.2,30.8
Chr2,9883033,M1209,27.4,31.0
Chr2,10066319,M1210,27.6,31.200000000000003
Chr2,10240169,M1211,27.8,31.400000000000002
Chr2,10412339,M1212,28.0,31.6
Chr2,10507520,M1214,28.4,32.0
Chr2,10635170,M1216,28.8,32.4
Chr2,10726874,M1217,29.0,32.6
Chr2,10777141,M1218,29.2,32.8
Chr2,10841432,M1219,29.4,33.0
Chr2,10910706,M1220,29.6,33.2
Chr2,10978310,M1221,29.8,33.4
Chr2,11041287,M1222,30.0,33.6
Chr2,11112551,M1223,30.2,33.8
Chr2,11179033,M1224,30.4,34.0
Chr2,11214808,M1225,30.6,34.2
Chr2,11281322,M1226,30.8,34.4
Chr2,11407075,M1228,31.2,34.8
Chr2,11481456,M1229,31.4,35.0
Chr2,11547717,M1230,31.6,35.2
Chr2,11815541,M1232,32.0,35.6
Chr2,11896977,M1233,32.2,35.800000000000004
Chr2,11964665,M1234,32.4,36.0
Chr2,12030300,M1235,32.6,36.2
Chr2,12104373,M1236,32.8,36.4
Chr2,12182137,M1237,33.0,36.6
Chr2,12293845,M1239,33.4,37.0
Chr2,12359805,M1240,33.6,37.2
Chr2,12426370,M1241,33.8,37.4
Chr2,12491597,M1242,34.0,37.6
Chr2,12558078,M1243,34.2,37.800000000000004
Chr2,12619779,M1244,34.4,38.0
Chr2,12683625,M1245,34.6,38.2
Chr2,12749737,M1246,34.8,38.4
Chr2,12818425,M1247,35.0,38.6
Chr2,12886901,M1248,35.2,38.800000000000004
Chr2,12960906,M1249,35.4,39.0
Chr2,13030106,M1250,35.6,39.2
Chr2,13096573,M1251,35.8,39.4
Chr2,13163932,M1252,36.0,39.6
Chr2,13267134,M1253,36.2,39.800000000000004
Chr2,13482924,M1255,36.6,40.2
Chr2,13586104,M1256,36.8,40.4
Chr2,13783454,M1258,37.2,40.800000000000004
Chr2,13889812,M1259,37.4,41.0
Chr2,14001360,M1260,37.6,41.2
Chr2,14101845,M1261,37.8,41.4
Chr2,14202670,M1262,38.0,41.6
Chr2,14302767,M1263,38.2,41.800000000000004
Chr2,14403094,M1264,38.4,42.0
Chr2,14503034,M1265,38.6,42.2
Chr2,14598858,M1266,38.8,42.4
Chr2,14790431,M1267,39.0,42.6
Chr2,15050723,M1269,39.4,43.0
Chr2,15148817,M1270,39.6,43.2
Chr2,15245565,M1271,39.8,43.4
Chr2,15434312,M1273,40.2,43.800000000000004
Chr2,15523776,M1274,40.4,44.0
Chr2,15663587,M1275,40.6,44.2
Chr2,15846722,M1276,40.8,44.4
Chr2,15965827,M1277,41.0,44.6
Chr2,16133257,M1278,41.2,44.800000000000004
Chr2,16317865,M1279,41.4,45.0
Chr2,16518295,M1280,41.6,45.2
Chr2,16592804,M1281,41.8,45.4
Chr2,16669264,M1282,42.0,45.6
Chr2,16743342,M1283,42.2,45.800000000000004
Chr2,16816677,M1284,42.4,46.0
Chr2,16890312,M1285,42.6,46.2
Chr2,17037153,M1287,43.0,46.6
Chr2,17111228,M1288,43.2,46.800000000000004
Chr2,17196825,M1289,43.4,47.0
Chr2,17257207,M1290,43.6,47.2
Chr2,18206931,M1292,44.0,47.6
Chr2,18280597,M1293,44.2,47.800000000000004
Chr2,18370172,M1294,44.4,48.0
Chr2,18426977,M1295,44.6,48.2
Chr2,18499951,M1296,44.8,48.4
Chr2,18574029,M1297,45.0,48.6
Chr2,18647407,M1298,45.2,48.800000000000004
Chr2,18720716,M1299,45.4,49.0
Chr2,18794509,M1300,45.6,49.2
Chr2,18943664,M1302,46.0,49.6
Chr2,19018941,M1303,46.2,49.800000000000004
Chr2,19092937,M1304,46.4,50.0
Chr2,19169939,M1305,46.6,50.2
Chr2,19243384,M1306,46.8,50.4
Chr2,19454607,M1309,47.4,51.0
Chr2,19578850,M1310,47.6,51.2
Chr2,19913922,M1312,48.0,51.6
Chr2,20102666,M1313,48.2,51.800000000000004
Chr2,20456986,M1315,48.6,52.2
Chr2,20644814,M1316,48.8,52.4
Chr2,20816264,M1317,49.0,52.6
Chr2,20997406,M1318,49.2,52.800000000000004
Chr2,21173813,M1319,49.4,53.0
Chr2,21352749,M1320,49.6,53.2
Chr2,21393714,M1321,49.8,53.4
Chr2,21460748,M1322,50.0,53.6
Chr2,21524523,M1324,50.4,54.0
Chr2,21561534,M1325,50.6,54.2
Chr2,21759957,M1326,50.8,54.4
Chr2,21951079,M1327,51.0,54.6
Chr2,22533766,M1330,51.6,55.2
Chr2,22739081,M1331,51.8,55.4
Chr2,22859830,M1332,52.0,55.6
Chr2,22988883,M1333,52.2,55.800000000000004
Chr2,23207553,M1335,52.6,56.2
Chr2,23449814,M1337,53.0,56.6
Chr2,23711311,M1338,53.2,56.800000000000004
Chr2,23763783,M1339,53.4,57.0
Chr2,23880763,M1340,53.6,57.2
Chr2,24210399,M1343,54.2,57.800000000000004
Chr2,24395335,M1345,54.6,58.2
Chr2,24542570,M1346,54.8,58.4
Chr2,24734545,M1347,55.0,58.6
Chr2,24923609,M1348,55.2,58.800000000000004
Chr2,25107485,M1349,55.4,59.0
Chr2,25300570,M1350,55.6,59.2
Chr2,25484381,M1351,55.8,59.4
Chr2,25716194,M1352,56.0,59.6
Chr2,25870251,M1353,56.2,59.800000000000004
Chr2,26272764,M1355,56.6,60.2
Chr2,26955797,M1356,56.8,60.4
Chr2,27236473,M1357,57.0,60.6
Chr2,27500560,M1358,57.2,60.800000000000004
Chr2,28305653,M1361,57.8,61.4
Chr2,28566206,M1362,58.0,61.6
Chr2,28830764,M1363,58.2,61.800000000000004
Chr2,29115418,M1364,58.4,62.0
Chr2,29374037,M1365,58.6,62.2
Chr2,29466881,M1366,58.8,62.4
Chr2,29575654,M1367,59.0,62.6
Chr2,29668698,M1368,59.2,62.800000000000004
Chr2,29763697,M1369,59.4,63.0
Chr2,29842601,M1370,59.6,63.2
Chr2,29962727,M1371,59.8,63.4
Chr2,30358761,M1374,60.4,64.0
Chr2,30492545,M1375,60.6,64.2
Chr2,30800230,M1377,61.0,64.6
Chr2,30881645,M1378,61.2,64.8
Chr2,31059447,M1379,61.4,65.0
Chr2,31193443,M1380,61.6,65.2
Chr2,32868479,M1383,62.2,65.8
Chr2,33238385,M1384,62.4,66.0
Chr2,33623237,M1385,62.6,66.2
Chr2,34014767,M1386,62.8,66.39999999999999
Chr2,34383931,M1387,63.0,66.6
Chr2,34782160,M1388,63.2,66.8
Chr2,35249167,M1389,63.4,67.0
Chr2,35957845,M1391,63.8,67.39999999999999
Chr2,36546611,M1393,64.2,67.8
Chr2,36833625,M1394,64.4,68.0
Chr2,37102006,M1395,64.6,68.19999999999999
Chr2,37424188,M1396,64.8,68.39999999999999
Chr2,37729594,M1397,65.0,68.6
Chr2,38043766,M1398,65.2,68.8
Chr2,38358744,M1399,65.4,69.0
Chr2,38704461,M1400,65.6,69.19999999999999
Chr2,39001339,M1401,65.8,69.39999999999999
Chr2,39290596,M1402,66.0,69.6
Chr2,39631180,M1403,66.2,69.8
Chr2,39939891,M1404,66.4,70.0
Chr2,40226023,M1405,66.6,70.19999999999999
Chr2,40565000,M1406,66.8,70.39999999999999
Chr2,41194881,M1408,67.2,70.8
Chr2,41525012,M1409,67.4,71.0
Chr2,42359843,M1411,67.8,71.39999999999999
Chr2,42881691,M1412,68.0,71.6
Chr2,43312816,M1413,68.2,71.8
Chr2,43723173,M1414,68.4,72.0
Chr2,44153730,M1415,68.6,72.19999999999999
Chr2,44554640,M1416,68.8,72.39999999999999
Chr2,44961475,M1417,69.0,72.6
Chr2,45385946,M1418,69.2,72.8
Chr2,46081374,M1419,69.4,73.0
Chr2,46794131,M1420,69.6,73.19999999999999
Chr2,47535202,M1421,69.8,73.39999999999999
Chr2,48303559,M1422,70.0,73.6
Chr2,49036012,M1423,70.2,73.8
Chr2,49420744,M1424,70.4,74.0
Chr2,49857906,M1425,70.6,74.19999999999999
Chr2,50174690,M1426,70.8,74.39999999999999
Chr2,50469471,M1427,71.0,74.6
Chr2,51021006,M1428,71.2,74.8
Chr2,52555613,M1430,71.6,75.19999999999999
Chr2,54309707,M1432,72.0,75.6
Chr2,55470314,M1433,72.2,75.8
Chr2,56619862,M1434,72.4,76.0
Chr2,57743081,M1435,72.6,76.19999999999999
Chr2,58866282,M1436,72.8,76.39999999999999
Chr2,60097090,M1437,73.0,76.6
Chr2,61224820,M1438,73.2,76.8
Chr2,62469251,M1439,73.4,77.0
Chr2,62878707,M1440,73.6,77.19999999999999
Chr2,63274711,M1441,73.8,77.39999999999999
Chr2,63728652,M1442,74.0,77.6
Chr2,64574433,M1444,74.4,78.0
Chr2,65008075,M1445,74.6,78.19999999999999
Chr2,69239000,M1446,74.8,78.39999999999999
Chr2,77449080,M1448,75.2,78.8
Chr2,81481070,M1449,75.4,79.0
Chr2,85559235,M1450,75.6,79.19999999999999
Chr2,89697778,M1451,75.8,79.39999999999999
Chr2,93848274,M1452,76.0,79.6
Chr2,103201161,M1453,76.2,79.8
Chr2,121355712,M1455,76.6,80.19999999999999
Chr2,125849557,M1456,76.8,80.39999999999999
Chr2,129607053,M1457,77.0,80.6
Chr2,132490233,M1458,77.2,80.8
Chr2,134048818,M1459,77.4,81.0
Chr2,135623582,M1460,77.6,81.19999999999999
Chr2,137201151,M1461,77.8,81.39999999999999
Chr2,138645621,M1462,78.0,81.6
Chr2,141959724,M1464,78.4,82.0
Chr2,143559176,M1465,78.6,82.19999999999999
Chr2,145141196,M1466,78.8,82.39999999999999
Chr2,146817380,M1467,79.0,82.6
Chr2,150109472,M1469,79.4,83.0
Chr2,151669036,M1470,79.6,83.19999999999999
Chr2,153811356,M1472,80.0,83.6
Chr2,154899489,M1473,80.2,83.8
Chr2,156073755,M1474,80.4,84.0
Chr2,156994160,M1475,80.6,84.19999999999999
Chr2,157754935,M1476,80.8,84.39999999999999
Chr2,158357272,M1477,81.0,84.6
Chr2,160304427,M1478,81.2,84.8
Chr2,162218688,M1479,81.4,85.0
Chr2,165035274,M1480,81.6,85.19999999999999
Chr2,166189979,M1481,81.8,85.39999999999999
Chr2,167371398,M1482,82.0,85.6
Chr2,168570286,M1483,82.2,85.8
Chr2,170097740,M1484,82.4,86.0
Chr2,171958895,M1485,82.6,86.19999999999999
Chr2,172782848,M1486,82.8,86.39999999999999
Chr2,173629581,M1487,83.0,86.6
Chr2,174370200,M1488,83.2,86.8
Chr2,174879594,M1489,83.4,87.0
Chr2,175521663,M1490,83.6,87.19999999999999
Chr2,177736129,M1491,83.8,87.39999999999999
Chr2,178724383,M1493,84.2,87.8
Chr2,179181116,M1494,84.4,88.0
Chr2,180825268,M1497,85.0,88.6
Chr2,181292044,M1498,85.2,88.8
Chr2,181747829,M1499,85.4,89.0
Chr2,182486118,M1501,85.8,89.39999999999999
Chr2,183101989,M1503,86.2,89.8
Chr2,183412468,M1504,86.4,90.0
Chr2,183723086,M1505,86.6,90.19999999999999
Chr2,183998478,M1506,86.8,90.39999999999999
Chr2,184686351,M1509,87.4,91.0
Chr2,184932258,M1510,87.6,91.19999999999999
Chr2,185150474,M1511,87.8,91.39999999999999
Chr2,185392758,M1512,88.0,91.6
Chr2,185631764,M1513,88.2,91.8
Chr2,185889767,M1514,88.4,92.0
Chr2,186139877,M1515,88.6,92.19999999999999
Chr2,186365191,M1516,88.8,92.39999999999999
Chr2,186610857,M1517,89.0,92.6
Chr2,186861120,M1518,89.2,92.8
Chr2,187144944,M1519,89.4,93.0
Chr2,187409936,M1520,89.6,93.19999999999999
Chr2,187649487,M1521,89.8,93.39999999999999
Chr2,188195791,M1523,90.2,93.8
Chr2,188466368,M1524,90.4,94.0
Chr2,189029947,M1526,90.8,94.39999999999999
Chr2,189343945,M1527,91.0,94.6
Chr2,189670995,M1528,91.2,94.8
Chr2,189894147,M1529,91.4,95.0
Chr2,190052045,M1530,91.6,95.19999999999999
Chr2,190207953,M1531,91.8,95.39999999999999
Chr2,190371341,M1532,92.0,95.6
Chr2,190535513,M1533,92.2,95.8
Chr2,190677437,M1534,92.4,96.0
Chr2,190840498,M1535,92.6,96.19999999999999
Chr2,191019577,M1536,92.8,96.39999999999999
Chr2,191326910,M1538,93.2,96.8
Chr2,191497129,M1539,93.4,97.0
Chr2,191634098,M1540,93.6,97.19999999999999
Chr2,191788702,M1541,93.8,97.39999999999999
Chr2,191993604,M1542,94.0,97.6
Chr2,192160903,M1543,94.2,97.8
Chr2,192318749,M1544,94.4,98.0
Chr2,192480755,M1545,94.6,98.19999999999999
Chr2,192789395,M1547,95.0,98.6
Chr2,192940289,M1548,95.2,98.8
Chr2,193095015,M1549,95.4,99.0
Chr2,193445245,M1551,95.8,99.39999999999999
Chr2,193604133,M1552,96.0,99.6
Chr2,193923136,M1554,96.4,100.0
Chr2,194069476,M1555,96.6,100.19999999999999
Chr2,194602944,M1558,97.2,100.8
Chr2,194723929,M1559,97.4,101.0
Chr2,194923381,M1561,97.8,101.39999999999999
Chr2,195014211,M1562,98.0,101.6
Chr2,195132901,M1563,98.2,101.8
Chr2,195329102,M1565,98.6,102.19999999999999
Chr2,195492830,M1566,98.8,102.39999999999999
Chr2,195699642,M1567,99.0,102.6
Chr2,195920035,M1568,99.2,102.8
Chr2,196882478,M1569,99.4,103.0
Chr2,197109515,M1570,99.6,103.19999999999999
Chr2,197355459,M1571,99.8,103.39999999999999
Chr2,198014971,M1574,100.4,104.0
Chr2,198232429,M1575,100.6,104.19999999999999
Chr2,198459308,M1576,100.8,104.39999999999999
Chr2,198675303,M1577,101.0,104.6
Chr2,199452737,M1580,101.6,105.19999999999999
Chr2,199681544,M1581,101.8,105.39999999999999
Chr2,200153100,M1583,102.2,105.8
Chr2,200385408,M1584,102.4,106.0
Chr2,200613055,M1585,102.6,106.19999999999999
Chr2,200795583,M1586,102.8,106.39999999999999
Chr2,201360181,M1587,103.0,106.6
Chr2,201590556,M1588,103.2,106.8
Chr2,201833952,M1589,103.4,107.0
Chr2,202034573,M1590,103.6,107.19999999999999
Chr2,202208465,M1591,103.8,107.39999999999999
Chr2,202388441,M1592,104.0,107.6
Chr2,202565805,M1593,104.2,107.8
Chr2,202734563,M1594,104.4,108.0
Chr2,202911669,M1595,104.6,108.19999999999999
Chr2,203166082,M1596,104.8,108.39999999999999
Chr2,203345387,M1597,105.0,108.6
Chr2,203608836,M1598,105.2,108.8
Chr2,204009190,M1599,105.4,109.0
Chr2,204488158,M1600,105.6,109.19999999999999
Chr2,204866142,M1601,105.8,109.39999999999999
Chr2,205348095,M1602,106.0,109.6
Chr2,205513938,M1603,106.2,109.8
Chr2,205708004,M1604,106.4,110.0
Chr2,206093155,M1605,106.6,110.19999999999999
Chr2,206484603,M1606,106.8,110.39999999999999
Chr2,207249437,M1607,107.0,110.6
Chr2,208396257,M1608,107.2,110.8
Chr2,209171389,M1609,107.4,111.0
Chr2,209565941,M1610,107.6,111.19999999999999
Chr2,209698482,M1611,107.8,111.39999999999999
Chr2,209887069,M1612,108.0,111.6
Chr2,210100625,M1613,108.2,111.8
Chr2,210303645,M1614,108.4,112.0
Chr2,210496112,M1615,108.6,112.19999999999999
Chr2,210698025,M1616,108.8,112.39999999999999
Chr2,210886160,M1617,109.0,112.6
Chr2,211299233,M1619,109.4,113.0
Chr2,211540541,M1620,109.6,113.19999999999999
Chr2,211966766,M1621,109.8,113.39999999999999
Chr2,212129596,M1622,110.0,113.6
Chr2,212293332,M1623,110.2,113.8
Chr2,212620780,M1625,110.6,114.19999999999999
Chr2,212786309,M1626,110.8,114.39999999999999
Chr2,212938625,M1627,111.0,114.6
Chr2,213118276,M1628,111.2,114.8
Chr2,213616821,M1631,111.8,115.39999999999999
Chr2,213791872,M1632,112.0,115.6
Chr2,213957462,M1633,112.2,115.8
Chr2,214126815,M1634,112.4,116.0
Chr2,214283982,M1635,112.6,116.19999999999999
Chr2,214414102,M1636,112.8,116.39999999999999
Chr2,214582351,M1637,113.0,116.6
Chr2,214708992,M1638,113.2,116.8
Chr2,214884921,M1639,113.4,117.0
Chr2,215072464,M1640,113.6,117.19999999999999
Chr2,215250108,M1641,113.8,117.39999999999999
Chr2,215403141,M1642,114.0,117.6
Chr2,215526449,M1643,114.2,117.8
Chr2,215739074,M1644,114.4,118.0
Chr2,215911071,M1645,114.6,118.19999999999999
Chr2,216067242,M1646,114.8,118.39999999999999
Chr2,216235706,M1647,115.0,118.6
Chr2,216418737,M1648,115.2,118.8
Chr2,216838896,M1650,115.6,119.19999999999999
Chr2,217248504,M1653,116.2,119.8
Chr2,217402113,M1654,116.4,120.0
Chr2,217553587,M1655,116.6,120.19999999999999
Chr2,217697187,M1656,116.8,120.39999999999999
Chr2,217849824,M1657,117.0,120.6
Chr2,218000367,M1658,117.2,120.8
Chr2,218230380,M1659,117.4,121.0
Chr2,218305116,M1660,117.6,121.19999999999999
Chr2,218381811,M1661,117.8,121.39999999999999
Chr2,218457992,M1662,118.0,121.6
Chr2,218525862,M1663,118.2,121.8
Chr2,218602271,M1664,118.4,122.0
Chr2,218682114,M1665,118.6,122.19999999999999
Chr2,218759496,M1666,118.8,122.39999999999999
Chr2,218831409,M1667,119.0,122.6
Chr2,218907228,M1668,119.2,122.8
Chr2,219001022,M1669,119.4,123.0
Chr2,219071682,M1670,119.6,123.19999999999999
Chr2,219146148,M1671,119.8,123.39999999999999
Chr2,219222187,M1672,120.0,123.6
Chr2,219290844,M1673,120.2,123.8
Chr2,219416688,M1674,120.4,124.0
Chr2,219579069,M1675,120.6,124.19999999999999
Chr2,219746373,M1676,120.8,124.39999999999999
Chr2,220190021,M1678,121.2,124.8
Chr2,220477869,M1680,121.6,125.19999999999999
Chr2,220796169,M1682,122.0,125.6
Chr2,220923321,M1683,122.2,125.8
Chr2,221165757,M1685,122.6,126.19999999999999
Chr2,221283649,M1686,122.8,126.39999999999999
Chr2,221409774,M1687,123.0,126.6
Chr2,221542205,M1688,123.2,126.8
Chr2,221705669,M1689,123.4,127.0
Chr2,221837281,M1690,123.6,127.19999999999999
Chr2,221971804,M1691,123.8,127.39999999999999
Chr2,222131102,M1692,124.0,127.6
Chr2,222288493,M1693,124.2,127.8
Chr2,222443945,M1694,124.4,128.0
Chr2,222704951,M1696,124.8,128.4
Chr2,222853799,M1697,125.0,128.6
Chr2,223030714,M1698,125.2,128.8
Chr2,223178500,M1699,125.4,129.0
Chr2,223337323,M1700,125.6,129.2
Chr2,223495723,M1701,125.8,129.4
Chr2,223651087,M1702,126.0,129.6
Chr2,223920023,M1704,126.4,130.0
Chr2,224208345,M1706,126.8,130.4
Chr2,224349211,M1707,127.0,130.6
Chr2,224519706,M1708,127.2,130.8
Chr2,225043629,M1711,127.8,131.4
Chr2,225171919,M1712,128.0,131.6
Chr2,225348541,M1713,128.2,131.79999999999998
Chr2,225528796,M1714,128.4,132.0
Chr2,225703492,M1715,128.6,132.2
Chr2,225882282,M1716,128.8,132.4
Chr2,226057822,M1717,129.0,132.6
Chr2,226230681,M1718,129.2,132.79999999999998
Chr2,226394174,M1719,129.4,133.0
Chr2,226612219,M1720,129.6,133.2
Chr2,226787775,M1721,129.8,133.4
Chr2,226948463,M1722,130.0,133.6
Chr2,227504401,M1725,130.6,134.2
Chr2,227733115,M1728,131.2,134.79999999999998
Chr2,227926548,M1729,131.4,135.0
Chr2,228103646,M1730,131.6,135.2
Chr2,228283521,M1731,131.8,135.4
Chr2,228645297,M1733,132.2,135.79999999999998
Chr2,228835567,M1734,132.4,136.0
Chr2,229026113,M1735,132.6,136.2
Chr2,229184667,M1736,132.8,136.4
Chr2,229286251,M1737,133.0,136.6
Chr2,229385583,M1738,133.2,136.79999999999998
Chr2,229596063,M1740,133.6,137.2
Chr2,229697482,M1741,133.8,137.4
Chr2,229798809,M1742,134.0,137.6
Chr2,230026102,M1743,134.2,137.79999999999998
Chr2,230160960,M1744,134.4,138.0
Chr2,230303646,M1745,134.6,138.2
Chr2,230454637,M1746,134.8,138.4
Chr2,230637042,M1747,135.0,138.6
Chr2,230842416,M1748,135.2,138.79999999999998
Chr2,231084222,M1749,135.4,139.0
Chr2,231274828,M1750,135.6,139.2
Chr2,231445112,M1751,135.8,139.4
Chr2,231860856,M1753,136.2,139.79999999999998
Chr2,232065263,M1754,136.4,140.0
Chr2,232922793,M1758,137.2,140.79999999999998
Chr2,233130801,M1759,137.4,141.0
Chr2,233525758,M1761,137.8,141.4
Chr2,233722081,M1762,138.0,141.6
Chr2,233941505,M1763,138.2,141.79999999999998
Chr2,234146555,M1764,138.4,142.0
Chr2,234826471,M1767,139.0,142.6
Chr2,235059409,M1769,139.4,143.0
Chr2,235241961,M1770,139.6,143.2
Chr2,235279508,M1771,139.8,143.4
Chr2,235450373,M1773,140.2,143.79999999999998
Chr2,235531977,M1774,140.4,144.0
Chr2,235611937,M1775,140.6,144.2
Chr2,235697753,M1776,140.8,144.4
Chr2,235778430,M1777,141.0,144.6
Chr2,235937142,M1778,141.2,144.79999999999998
Chr2,236150458,M1779,141.4,145.0
Chr2,236348808,M1780,141.6,145.2
Chr2,236586381,M1781,141.8,145.4
Chr2,236793142,M1782,142.0,145.6
Chr2,237001269,M1783,142.2,145.79999999999998
Chr2,237205882,M1784,142.4,146.0
Chr2,237347140,M1785,142.6,146.2
Chr2,237483353,M1789,143.4,147.0
Chr2,237557005,M1790,143.6,147.2
Chr2,237630703,M1791,143.8,147.4
Chr2,237702903,M1792,144.0,147.6
Chr2,237777050,M1793,144.2,147.79999999999998
Chr2,237857561,M1794,144.4,148.0
Chr2,237930620,M1795,144.6,148.2
Chr2,238004258,M1796,144.8,148.4
Chr2,238167801,M1798,145.2,148.79999999999998
Chr2,238237733,M1799,145.4,149.0
Chr2,238305753,M1800,145.6,149.2
Chr2,238387521,M1801,145.8,149.4
Chr2,238444578,M1802,146.0,149.6
Chr2,238526890,M1803,146.2,149.79999999999998
Chr2,238601849,M1804,146.4,150.0
Chr2,238675307,M1805,146.6,150.2
Chr2,238748947,M1806,146.8,150.4
Chr2,238826220,M1807,147.0,150.6
Chr2,238899848,M1808,147.2,150.79999999999998
Chr2,238970772,M1809,147.4,151.0
Chr2,239044546,M1810,147.6,151.2
Chr2,239115226,M1811,147.8,151.4
Chr2,239188627,M1812,148.0,151.6
Chr2,239260480,M1813,148.2,151.79999999999998
Chr2,239329568,M1814,148.4,152.0
Chr2,239403209,M1815,148.6,152.2
Chr2,239474446,M1816,148.8,152.4
Chr2,239549466,M1817,149.0,152.6
Chr2,239611876,M1818,149.2,152.79999999999998
Chr2,239697711,M1819,149.4,153.0
Chr2,239758345,M1820,149.6,153.2
Chr2,239835883,M1821,149.8,153.4
Chr2,239911882,M1822,150.0,153.6
Chr2,239985281,M1823,150.2,153.79999999999998
Chr2,240051799,M1824,150.4,154.0
Chr2,240132762,M1825,150.6,154.2
Chr2,240208921,M1826,150.8,154.4
Chr2,240283143,M1827,151.0,154.6
Chr2,240360559,M1828,151.2,154.79999999999998
Chr2,240436471,M1829,151.4,155.0
Chr2,240549943,M1830,151.6,155.2
Chr2,240662881,M1831,151.8,155.4
Chr2,240777849,M1832,152.0,155.6
Chr2,240883647,M1833,152.2,155.79999999999998
Chr2,240975709,M1834,152.4,156.0
Chr2,241277515,M1858,157.2,160.79999999999998
Chr2,241397395,M1857,157.0,160.6
Chr2,241517865,M1856,156.8,160.4
Chr2,241646721,M1855,156.6,160.2
Chr2,241758414,M1854,156.4,160.0
Chr2,241862342,M1853,156.2,159.79999999999998
Chr2,241977969,M1852,156.0,159.6
Chr2,242096847,M1851,155.8,159.4
Chr2,242211795,M1850,155.6,159.2
Chr2,242307921,M1849,155.4,159.0
Chr2,242378549,M1848,155.2,158.79999999999998
Chr2,242449214,M1847,155.0,158.6
Chr2,242523129,M1846,154.8,158.4
Chr2,242679977,M1844,154.4,158.0
Chr2,242740243,M1843,154.2,157.79999999999998
Chr2,242813108,M1842,154.0,157.6
Chr2,242886187,M1841,153.8,157.4
Chr2,242956218,M1840,153.6,157.2
Chr2,243092839,M1838,153.2,156.79999999999998
Chr2,243160689,M1837,153.0,156.6
Chr3,669822,M1872,-3.0,0.0
Chr3,716972,M1873,-2.8,0.20000000000000018
Chr3,766311,M1874,-2.6,0.3999999999999999
Chr3,911241,M1877,-2.0,1.0
Chr3,958476,M1878,-1.8,1.2
Chr3,1005623,M1879,-1.6,1.4
Chr3,1051843,M1880,-1.4,1.6
Chr3,1095258,M1881,-1.2,1.8
Chr3,1142402,M1882,-1.0,2.0
Chr3,1193167,M1883,-0.8,2.2
Chr3,1402326,M1886,-0.2,2.8
Chr3,1439937,M1887,2.16e-15,3.000000000000002
Chr3,1484144,M1888,0.2,3.2
Chr3,1546094,M1889,0.4,3.4
Chr3,1575559,M1890,0.6,3.6
Chr3,1614083,M1891,0.8,3.8
Chr3,1652887,M1892,1.0,4.0
Chr3,1691433,M1893,1.2,4.2
Chr3,1729967,M1894,1.4,4.4
Chr3,1770067,M1895,1.6,4.6
Chr3,1808612,M1896,1.8,4.8
Chr3,1847621,M1897,2.0,5.0
Chr3,1886163,M1898,2.2,5.2
Chr3,1924855,M1899,2.4,5.4
Chr3,1963403,M1900,2.6,5.6
Chr3,2002971,M1901,2.8,5.8
Chr3,2045070,M1902,3.0,6.0
Chr3,2082084,M1903,3.2,6.2
Chr3,2122169,M1904,3.4,6.4
Chr3,2160981,M1905,3.6,6.6
Chr3,2199534,M1906,3.8,6.8
Chr3,2238085,M1907,4.0,7.0
Chr3,2276707,M1908,4.2,7.2
Chr3,2314689,M1909,4.4,7.4
Chr3,2353405,M1910,4.6,7.6
Chr3,2392454,M1911,4.8,7.8
Chr3,2470611,M1915,5.6,8.6
Chr3,2508514,M1916,5.8,8.8
Chr3,2548417,M1917,6.0,9.0
Chr3,2586124,M1918,6.2,9.2
Chr3,2624674,M1919,6.4,9.4
Chr3,2663225,M1920,6.6,9.6
Chr3,2700926,M1921,6.8,9.8
Chr3,2739353,M1922,7.0,10.0
Chr3,2751848,M1924,7.4,10.4
Chr3,2845418,M1925,7.6,10.6
Chr3,2883966,M1926,7.8,10.8
Chr3,2922575,M1927,8.0,11.0
Chr3,2960584,M1928,8.2,11.2
Chr3,3007858,M1929,8.4,11.4
Chr3,3039124,M1930,8.6,11.6
Chr3,3082837,M1932,9.0,12.0
Chr3,3158623,M1933,9.2,12.2
Chr3,3234647,M1935,9.6,12.6
Chr3,3272988,M1936,9.8,12.8
Chr3,3317968,M1937,10.0,13.0
Chr3,3356634,M1938,10.2,13.2
Chr3,3395181,M1939,10.4,13.4
Chr3,3433728,M1940,10.6,13.6
Chr3,3472292,M1941,10.8,13.8
Chr3,3510865,M1942,11.0,14.0
Chr3,3549405,M1943,11.2,14.2
Chr3,3587945,M1944,11.4,14.4
Chr3,3626479,M1945,11.6,14.6
Chr3,3662187,M1946,11.8,14.8
Chr3,3700689,M1947,12.0,15.0
Chr3,3741517,M1948,12.2,15.2
Chr3,3781243,M1949,12.4,15.4
Chr3,3831752,M1950,12.6,15.6
Chr3,3870374,M1951,12.8,15.8
Chr3,3919833,M1952,13.0,16.0
Chr3,3958378,M1953,13.2,16.2
Chr3,3996288,M1954,13.4,16.4
Chr3,4034837,M1955,13.6,16.6
Chr3,4073389,M1956,13.8,16.8
Chr3,4143854,M1958,14.2,17.2
Chr3,4182331,M1959,14.4,17.4
Chr3,4220871,M1960,14.6,17.6
Chr3,4259412,M1961,14.8,17.8
Chr3,4288680,M1962,15.0,18.0
Chr3,4333113,M1963,15.2,18.2
Chr3,4386222,M1964,15.4,18.4
Chr3,4428244,M1965,15.6,18.6
Chr3,4461597,M1966,15.8,18.8
Chr3,4505388,M1967,16.0,19.0
Chr3,4548874,M1968,16.2,19.2
Chr3,4585165,M1969,16.4,19.4
Chr3,4635065,M1970,16.6,19.6
Chr3,4677096,M1971,16.8,19.8
Chr3,4717370,M1972,17.0,20.0
Chr3,4759501,M1973,17.2,20.2
Chr3,4802997,M1974,17.4,20.4
Chr3,4854227,M1975,17.6,20.6
Chr3,4937572,M1977,18.0,21.0
Chr3,5057090,M1979,18.4,21.4
Chr3,5119827,M1982,19.0,22.0
Chr3,5166799,M1983,19.2,22.2
Chr3,5226228,M1984,19.4,22.4
Chr3,5289174,M1985,19.6,22.6
Chr3,5349092,M1986,19.8,22.8
Chr3,5442349,M1987,20.0,23.0
Chr3,5558733,M1988,20.2,23.2
Chr3,5632945,M1989,20.4,23.4
Chr3,5663828,M1990,20.6,23.6
Chr3,5694951,M1991,20.8,23.8
Chr3,5726072,M1992,21.0,24.0
Chr3,5756562,M1993,21.2,24.2
Chr3,5794910,M1994,21.4,24.4
Chr3,5827415,M1995,21.6,24.6
Chr3,5857557,M1996,21.8,24.8
Chr3,5880431,M1997,22.0,25.0
Chr3,5911651,M1998,22.2,25.2
Chr3,5957895,M1999,22.4,25.4
Chr3,6013946,M2000,22.6,25.6
Chr3,6111358,M2002,23.0,26.0
Chr3,6228516,M2004,23.4,26.4
Chr3,6281079,M2005,23.6,26.6
Chr3,6305038,M2006,23.8,26.8
Chr3,6381146,M2007,24.0,27.0
Chr3,6434605,M2008,24.2,27.2
Chr3,6479372,M2009,24.4,27.4
Chr3,6521090,M2010,24.6,27.6
Chr3,6615839,M2012,25.0,28.0
Chr3,6675036,M2013,25.2,28.2
Chr3,6795669,M2014,25.4,28.4
Chr3,6891110,M2015,25.6,28.6
Chr3,6960335,M2016,25.8,28.8
Chr3,7030345,M2017,26.0,29.0
Chr3,7096551,M2018,26.2,29.2
Chr3,7213881,M2020,26.6,29.6
Chr3,7562445,M2025,27.6,30.6
Chr3,7631102,M2026,27.8,30.8
Chr3,7701063,M2027,28.0,31.0
Chr3,7762114,M2028,28.2,31.2
Chr3,7831637,M2029,28.4,31.4
Chr3,7904416,M2030,28.6,31.6
Chr3,7973071,M2031,28.8,31.8
Chr3,8070433,M2032,29.0,32.0
Chr3,8140504,M2033,29.2,32.2
Chr3,8209253,M2034,29.4,32.4
Chr3,8279572,M2035,29.6,32.6
Chr3,8352687,M2036,29.8,32.8
Chr3,8444777,M2037,30.0,33.0
Chr3,8520352,M2038,30.2,33.2
Chr3,8603807,M2039,30.4,33.4
Chr3,8676503,M2040,30.6,33.6
Chr3,8752848,M2041,30.8,33.8
Chr3,8874111,M2043,31.2,34.2
Chr3,9017670,M2045,31.6,34.6
Chr3,9174826,M2047,32.0,35.0
Chr3,9247503,M2048,32.2,35.2
Chr3,9285287,M2049,32.4,35.4
Chr3,9396202,M2050,32.6,35.6
Chr3,9583323,M2052,33.0,36.0
Chr3,9675347,M2053,33.2,36.2
Chr3,9741815,M2054,33.4,36.4
Chr3,9833292,M2055,33.6,36.6
Chr3,9931644,M2056,33.8,36.8
Chr3,10047824,M2057,34.0,37.0
Chr3,10140884,M2058,34.2,37.2
Chr3,10250890,M2059,34.4,37.4
Chr3,10351393,M2060,34.6,37.6
Chr3,10457069,M2061,34.8,37.8
Chr3,10556536,M2062,35.0,38.0
Chr3,10662353,M2063,35.2,38.2
Chr3,10733380,M2064,35.4,38.4
Chr3,10847664,M2065,35.6,38.6
Chr3,10938061,M2066,35.8,38.8
Chr3,11068787,M2067,36.0,39.0
Chr3,11172133,M2068,36.2,39.2
Chr3,11275849,M2069,36.4,39.4
Chr3,11401525,M2070,36.6,39.6
Chr3,11480473,M2071,36.8,39.8
Chr3,11566395,M2072,37.0,40.0
Chr3,11653563,M2073,37.2,40.2
Chr3,11756426,M2074,37.4,40.4
Chr3,11855850,M2075,37.6,40.6
Chr3,11962408,M2076,37.8,40.8
Chr3,12057090,M2077,38.0,41.0
Chr3,12193889,M2078,38.2,41.2
Chr3,12312276,M2079,38.4,41.4
Chr3,12473924,M2080,38.6,41.6
Chr3,12624710,M2081,38.8,41.8
Chr3,12779912,M2082,39.0,42.0
Chr3,12948604,M2083,39.2,42.2
Chr3,13091132,M2084,39.4,42.4
Chr3,13256102,M2085,39.6,42.6
Chr3,13410581,M2086,39.8,42.8
Chr3,13730881,M2088,40.2,43.2
Chr3,14042452,M2090,40.6,43.6
Chr3,14129798,M2091,40.8,43.8
Chr3,14492700,M2093,41.2,44.2
Chr3,14647108,M2094,41.4,44.4
Chr3,14802489,M2095,41.6,44.6
Chr3,14958322,M2096,41.8,44.8
Chr3,15125663,M2097,42.0,45.0
Chr3,15300307,M2098,42.2,45.2
Chr3,15456882,M2099,42.4,45.4
Chr3,15584758,M2100,42.6,45.6
Chr3,15758706,M2101,42.8,45.8
Chr3,16251293,M2104,43.4,46.4
Chr3,16416810,M2105,43.6,46.6
Chr3,16576164,M2106,43.8,46.8
Chr3,16730775,M2107,44.0,47.0
Chr3,16886909,M2108,44.2,47.2
Chr3,17202675,M2110,44.6,47.6
Chr3,17361550,M2111,44.8,47.8
Chr3,17517514,M2112,45.0,48.0
Chr3,17652643,M2113,45.2,48.2
Chr3,17962583,M2115,45.6,48.6
Chr3,18129493,M2116,45.8,48.8
Chr3,18286861,M2117,46.0,49.0
Chr3,18445465,M2118,46.2,49.2
Chr3,18590642,M2119,46.4,49.4
Chr3,18746768,M2120,46.6,49.6
Chr3,18912092,M2121,46.8,49.8
Chr3,19071797,M2122,47.0,50.0
Chr3,19228133,M2123,47.2,50.2
Chr3,19381744,M2124,47.4,50.4
Chr3,19529123,M2125,47.6,50.6
Chr3,19695463,M2126,47.8,50.8
Chr3,19848672,M2127,48.0,51.0
Chr3,20009569,M2128,48.2,51.2
Chr3,20160753,M2129,48.4,51.4
Chr3,20321342,M2130,48.6,51.6
Chr3,20478888,M2131,48.8,51.8
Chr3,20639996,M2132,49.0,52.0
Chr3,20791532,M2133,49.2,52.2
Chr3,21103231,M2135,49.6,52.6
Chr3,21260130,M2136,49.8,52.8
Chr3,21436170,M2137,50.0,53.0
Chr3,21730902,M2138,50.2,53.2
Chr3,22058856,M2139,50.4,53.4
Chr3,22377289,M2140,50.6,53.6
Chr3,22690487,M2141,50.8,53.8
Chr3,22983812,M2142,51.0,54.0
Chr3,23300402,M2143,51.2,54.2
Chr3,23605789,M2144,51.4,54.4
Chr3,23933395,M2145,51.6,54.6
Chr3,24270834,M2146,51.8,54.8
Chr3,24732451,M2147,52.0,55.0
Chr3,25929025,M2149,52.4,55.4
Chr3,26556583,M2150,52.6,55.6
Chr3,27186993,M2151,52.8,55.8
Chr3,28456120,M2153,53.2,56.2
Chr3,29218673,M2155,53.6,56.6
Chr3,29602648,M2156,53.8,56.8
Chr3,29979284,M2157,54.0,57.0
Chr3,30653755,M2158,54.2,57.2
Chr3,31629418,M2159,54.4,57.4
Chr3,32515590,M2160,54.6,57.6
Chr3,34431640,M2161,54.8,57.8
Chr3,35877082,M2162,55.0,58.0
Chr3,37358072,M2163,55.2,58.2
Chr3,41335590,M2164,55.4,58.4
Chr3,44129860,M2166,55.8,58.8
Chr3,46710001,M2167,56.0,59.0
Chr3,49579977,M2168,56.2,59.2
Chr3,51184258,M2169,56.4,59.4
Chr3,52839498,M2170,56.6,59.6
Chr3,54665049,M2172,57.0,60.0
Chr3,55595690,M2173,57.2,60.2
Chr3,58185042,M2174,57.4,60.4
Chr3,68386664,M2176,57.8,60.8
Chr3,81292755,M2177,58.0,61.0
Chr3,91047672,M2179,58.4,61.4
Chr3,98110958,M2180,58.6,61.6
Chr3,103525882,M2178,58.2,61.2
Chr3,117036691,M2181,58.8,61.8
Chr3,119361150,M2182,59.0,62.0
Chr3,121631761,M2183,59.2,62.2
Chr3,124061144,M2184,59.4,62.4
Chr3,125770410,M2185,59.6,62.6
Chr3,127669896,M2187,60.0,63.0
Chr3,128631778,M2188,60.2,63.2
Chr3,129528122,M2189,60.4,63.4
Chr3,130415141,M2190,60.6,63.6
Chr3,133241759,M2192,61.0,64.0
Chr3,134704404,M2193,61.2,64.2
Chr3,136134142,M2194,61.4,64.4
Chr3,137533563,M2195,61.6,64.6
Chr3,137966352,M2196,61.8,64.8
Chr3,138412884,M2197,62.0,65.0
Chr3,138841799,M2198,62.2,65.2
Chr3,139816347,M2199,62.4,65.4
Chr3,140786082,M2200,62.6,65.6
Chr3,141723713,M2201,62.8,65.8
Chr3,142697478,M2202,63.0,66.0
Chr3,143753373,M2203,63.2,66.2
Chr3,145618839,M2205,63.6,66.6
Chr3,147670254,M2206,63.8,66.8
Chr3,148647899,M2207,64.0,67.0
Chr3,148835657,M2208,64.2,67.2
Chr3,149019410,M2209,64.4,67.4
Chr3,149367916,M2210,64.6,67.6
Chr3,149587786,M2211,64.8,67.8
Chr3,149741895,M2212,65.0,68.0
Chr3,151541134,M2214,65.4,68.4
Chr3,151984082,M2215,65.6,68.6
Chr3,152419957,M2216,65.8,68.8
Chr3,152922158,M2217,66.0,69.0
Chr3,153369962,M2218,66.2,69.2
Chr3,153796739,M2219,66.4,69.4
Chr3,154231252,M2220,66.6,69.6
Chr3,154693125,M2221,66.8,69.8
Chr3,155137994,M2222,67.0,70.0
Chr3,155601016,M2223,67.2,70.2
Chr3,156047875,M2224,67.4,70.4
Chr3,156512177,M2225,67.6,70.6
Chr3,157411710,M2227,68.0,71.0
Chr3,157899190,M2228,68.2,71.2
Chr3,158415778,M2229,68.4,71.4
Chr3,158869571,M2230,68.6,71.6
Chr3,159198138,M2231,68.8,71.8
Chr3,159475220,M2232,69.0,72.0
Chr3,159743585,M2233,69.2,72.2
Chr3,160047094,M2234,69.4,72.4
Chr3,160333685,M2235,69.6,72.6
Chr3,160600625,M2236,69.8,72.8
Chr3,160807833,M2237,70.0,73.0
Chr3,160959703,M2238,70.2,73.2
Chr3,161089041,M2239,70.4,73.4
Chr3,161289065,M2240,70.6,73.6
Chr3,161509334,M2241,70.8,73.8
Chr3,161697101,M2242,71.0,74.0
Chr3,161903989,M2243,71.2,74.2
Chr3,162091019,M2244,71.4,74.4
Chr3,162516789,M2246,71.8,74.8
Chr3,162707860,M2247,72.0,75.0
Chr3,163119328,M2249,72.4,75.4
Chr3,163328775,M2250,72.6,75.6
Chr3,163551440,M2251,72.8,75.8
Chr3,163769332,M2252,73.0,76.0
Chr3,163976908,M2253,73.2,76.2
Chr3,164188656,M2254,73.4,76.4
Chr3,164400006,M2255,73.6,76.6
Chr3,164611651,M2256,73.8,76.8
Chr3,164828678,M2257,74.0,77.0
Chr3,165166666,M2258,74.2,77.2
Chr3,168140499,M2259,74.4,77.4
Chr3,168622151,M2260,74.6,77.6
Chr3,169078541,M2261,74.8,77.8
Chr3,169486307,M2262,75.0,78.0
Chr3,170360832,M2264,75.4,78.4
Chr3,170814486,M2265,75.6,78.6
Chr3,171337889,M2267,76.0,79.0
Chr3,171517575,M2268,76.2,79.2
Chr3,171698087,M2269,76.4,79.4
Chr3,171865878,M2270,76.6,79.6
Chr3,172067127,M2271,76.8,79.8
Chr3,172117711,M2272,77.0,80.0
Chr3,172168164,M2273,77.2,80.2
Chr3,172369308,M2274,77.4,80.4
Chr3,172646903,M2275,77.6,80.6
Chr3,172909797,M2276,77.8,80.8
Chr3,173183413,M2277,78.0,81.0
Chr3,173474676,M2278,78.2,81.2
Chr3,173753837,M2279,78.4,81.4
Chr3,174053710,M2280,78.6,81.6
Chr3,174331646,M2281,78.8,81.8
Chr3,174823838,M2283,79.2,82.2
Chr3,175008558,M2284,79.4,82.4
Chr3,175187238,M2285,79.6,82.6
Chr3,175364176,M2286,79.8,82.8
Chr3,175551890,M2287,80.0,83.0
Chr3,175721497,M2288,80.2,83.2
Chr3,175898353,M2289,80.4,83.4
Chr3,176076706,M2290,80.6,83.6
Chr3,176091326,M2291,80.8,83.8
Chr3,176379979,M2292,81.0,84.0
Chr3,176679186,M2293,81.2,84.2
Chr3,176966582,M2294,81.4,84.4
Chr3,177256919,M2295,81.6,84.6
Chr3,177582087,M2296,81.8,84.8
Chr3,177931449,M2297,82.0,85.0
Chr3,178306964,M2298,82.2,85.2
Chr3,178560857,M2299,82.4,85.4
Chr3,178789749,M2300,82.6,85.6
Chr3,179044225,M2301,82.8,85.8
Chr3,179325536,M2302,83.0,86.0
Chr3,179562132,M2303,83.2,86.2
Chr3,180093249,M2305,83.6,86.6
Chr3,180341928,M2306,83.8,86.8
Chr3,180587121,M2307,84.0,87.0
Chr3,180830665,M2308,84.2,87.2
Chr3,181089556,M2309,84.4,87.4
Chr3,181225483,M2310,84.6,87.6
Chr3,181372611,M2311,84.8,87.8
Chr3,181518979,M2312,85.0,88.0
Chr3,181810089,M2313,85.2,88.2
Chr3,181950985,M2314,85.4,88.4
Chr3,182091015,M2315,85.6,88.6
Chr3,182232302,M2316,85.8,88.8
Chr3,182373950,M2317,86.0,89.0
Chr3,182521117,M2318,86.2,89.2
Chr3,182661729,M2319,86.4,89.4
Chr3,182800357,M2320,86.6,89.6
Chr3,182955045,M2321,86.8,89.8
Chr3,183083354,M2322,87.0,90.0
Chr3,183238599,M2323,87.2,90.2
Chr3,183378468,M2324,87.4,90.4
Chr3,183514688,M2325,87.6,90.6
Chr3,183655653,M2326,87.8,90.8
Chr3,183789510,M2327,88.0,91.0
Chr3,183929849,M2328,88.2,91.2
Chr3,184079043,M2329,88.4,91.4
Chr3,184378113,M2331,88.8,91.8
Chr3,184516758,M2332,89.0,92.0
Chr3,184649714,M2333,89.2,92.2
Chr3,184780905,M2334,89.4,92.4
Chr3,184922800,M2335,89.6,92.6
Chr3,185047763,M2336,89.8,92.8
Chr3,185791323,M2338,90.2,93.2
Chr3,185913737,M2339,90.4,93.4
Chr3,186041608,M2340,90.6,93.6
Chr3,186167026,M2341,90.8,93.8
Chr3,186426231,M2343,91.2,94.2
Chr3,186552996,M2344,91.4,94.4
Chr3,186698528,M2345,91.6,94.6
Chr3,186809469,M2346,91.8,94.8
Chr3,186952683,M2347,92.0,95.0
Chr3,187079487,M2348,92.2,95.2
Chr3,187400729,M2349,92.4,95.4
Chr3,187623372,M2350,92.6,95.6
Chr3,187813756,M2351,92.8,95.8
Chr3,188135329,M2352,93.0,96.0
Chr3,188314180,M2353,93.2,96.2
Chr3,188539071,M2354,93.4,96.4
Chr3,188778290,M2355,93.6,96.6
Chr3,189002167,M2356,93.8,96.8
Chr3,189255225,M2357,94.0,97.0
Chr3,189480296,M2358,94.2,97.2
Chr3,189730101,M2359,94.4,97.4
Chr3,189974388,M2360,94.6,97.6
Chr3,190431881,M2362,95.0,98.0
Chr3,190685940,M2363,95.2,98.2
Chr3,190824102,M2364,95.4,98.4
Chr3,191053869,M2365,95.6,98.6
Chr3,191284828,M2366,95.8,98.8
Chr3,191516198,M2367,96.0,99.0
Chr3,191773842,M2368,96.2,99.2
Chr3,191987926,M2369,96.4,99.4
Chr3,192119497,M2370,96.6,99.6
Chr3,192226267,M2371,96.8,99.8
Chr3,192418057,M2372,97.0,100.0
Chr3,192615209,M2373,97.2,100.2
Chr3,192806829,M2374,97.4,100.4
Chr3,192976528,M2375,97.6,100.6
Chr3,193305437,M2376,97.8,100.8
Chr3,193631745,M2377,98.0,101.0
Chr3,193941149,M2378,98.2,101.2
Chr3,194264284,M2379,98.4,101.4
Chr3,194588849,M2380,98.6,101.6
Chr3,194913766,M2381,98.8,101.8
Chr3,196191678,M2385,99.6,102.6
Chr3,196532291,M2386,99.8,102.8
Chr3,196848627,M2387,100.0,103.0
Chr3,197152759,M2388,100.2,103.2
Chr3,198688175,M2389,100.4,103.4
Chr3,199110018,M2390,100.6,103.6
Chr3,199971468,M2392,101.0,104.0
Chr3,200404912,M2393,101.2,104.2
Chr3,200542495,M2394,101.4,104.4
Chr3,200697012,M2395,101.6,104.6
Chr3,200836053,M2396,101.8,104.8
Chr3,200978655,M2397,102.0,105.0
Chr3,201095209,M2398,102.2,105.2
Chr3,201236356,M2399,102.4,105.4
Chr3,201605042,M2401,102.8,105.8
Chr3,202419912,M2402,103.0,106.0
Chr3,202706156,M2403,103.2,106.2
Chr3,202985195,M2404,103.4,106.4
Chr3,203375810,M2405,103.6,106.6
Chr3,203849152,M2406,103.8,106.8
Chr3,204025802,M2407,104.0,107.0
Chr3,204223195,M2408,104.2,107.2
Chr3,204415790,M2409,104.4,107.4
Chr3,204803213,M2411,104.8,107.8
Chr3,205030657,M2412,105.0,108.0
Chr3,205532299,M2414,105.4,108.4
Chr3,205762382,M2415,105.6,108.6
Chr3,206004523,M2416,105.8,108.8
Chr3,206385217,M2418,106.2,109.2
Chr3,206468574,M2419,106.4,109.4
Chr3,206554036,M2420,106.6,109.6
Chr3,206663770,M2421,106.8,109.8
Chr3,206806351,M2423,107.2,110.2
Chr3,207120730,M2425,107.6,110.6
Chr3,207835893,M2427,108.0,111.0
Chr3,208163807,M2428,108.2,111.2
Chr3,208487516,M2429,108.4,111.4
Chr3,208809956,M2430,108.6,111.6
Chr3,209459961,M2432,109.0,112.0
Chr3,209555736,M2433,109.2,112.2
Chr3,209655445,M2434,109.4,112.4
Chr3,209780907,M2435,109.6,112.6
Chr3,209876425,M2436,109.8,112.8
Chr3,209974058,M2437,110.0,113.0
Chr3,210070123,M2438,110.2,113.2
Chr3,210359271,M2441,110.8,113.8
Chr3,210461084,M2442,111.0,114.0
Chr3,210709992,M2443,111.2,114.2
Chr3,210904362,M2444,111.4,114.4
Chr3,211061470,M2445,111.6,114.6
Chr3,211343486,M2447,112.0,115.0
Chr3,211494058,M2448,112.2,115.2
Chr3,211799543,M2450,112.6,115.6
Chr3,211945997,M2451,112.8,115.8
Chr3,212086001,M2452,113.0,116.0
Chr3,212246504,M2453,113.2,116.2
Chr3,212430113,M2454,113.4,116.4
Chr3,212561015,M2455,113.6,116.6
Chr3,212714207,M2456,113.8,116.8
Chr3,212863350,M2457,114.0,117.0
Chr3,213008243,M2458,114.2,117.2
Chr3,213166010,M2459,114.4,117.4
Chr3,213311034,M2460,114.6,117.6
Chr3,213464951,M2461,114.8,117.8
Chr3,213609331,M2462,115.0,118.0
Chr3,213900238,M2464,115.4,118.4
Chr3,214046009,M2465,115.6,118.6
Chr3,214144621,M2466,115.8,118.8
Chr3,214245202,M2467,116.0,119.0
Chr3,214336481,M2468,116.2,119.2
Chr3,214418301,M2469,116.4,119.4
Chr3,214543516,M2470,116.6,119.6
Chr3,214653875,M2471,116.8,119.8
Chr3,214750998,M2472,117.0,120.0
Chr3,214848624,M2473,117.2,120.2
Chr3,214945744,M2474,117.4,120.4
Chr3,215039538,M2475,117.6,120.6
Chr3,215135929,M2476,117.8,120.8
Chr3,215323015,M2478,118.2,121.2
Chr3,215496094,M2479,118.4,121.4
Chr3,215669174,M2480,118.6,121.6
Chr3,215844236,M2481,118.8,121.8
Chr3,216024396,M2482,119.0,122.0
Chr3,216185916,M2483,119.2,122.2
Chr3,216362717,M2484,119.4,122.4
Chr3,216535975,M2485,119.6,122.6
Chr3,216708715,M2486,119.8,122.8
Chr3,216873723,M2487,120.0,123.0
Chr3,217071795,M2488,120.2,123.2
Chr3,217255777,M2489,120.4,123.4
Chr3,217427813,M2490,120.6,123.6
Chr3,217749455,M2492,121.0,124.0
Chr3,218068216,M2494,121.4,124.4
Chr3,218222959,M2495,121.6,124.6
Chr3,218384542,M2496,121.8,124.8
Chr3,218545569,M2497,122.0,125.0
Chr3,218707499,M2498,122.2,125.2
Chr3,218827054,M2499,122.4,125.4
Chr3,219148810,M2501,122.8,125.8
Chr3,219276571,M2502,123.0,126.0
Chr3,219467813,M2503,123.2,126.2
Chr3,219628639,M2504,123.4,126.4
Chr3,219788265,M2505,123.6,126.6
Chr3,220003252,M2506,123.8,126.8
Chr3,220159955,M2508,124.2,127.2
Chr3,220209872,M2510,124.6,127.6
Chr3,220281916,M2511,124.8,127.8
Chr3,220353673,M2512,125.0,128.0
Chr3,220435411,M2513,125.2,128.2
Chr3,220518284,M2514,125.4,128.4
Chr3,220599611,M2515,125.6,128.6
Chr3,220674517,M2516,125.8,128.8
Chr3,220760473,M2517,126.0,129.0
Chr3,220843788,M2518,126.2,129.2
Chr3,220913989,M2519,126.4,129.4
Chr3,220998977,M2520,126.6,129.6
Chr3,221079363,M2521,126.8,129.8
Chr3,221161003,M2522,127.0,130.0
Chr3,221251351,M2523,127.2,130.2
Chr3,221326778,M2524,127.4,130.4
Chr3,221455529,M2525,127.6,130.6
Chr3,221570214,M2526,127.8,130.8
Chr3,221732760,M2527,128.0,131.0
Chr3,221894377,M2528,128.2,131.2
Chr3,222343568,M2531,128.8,131.8
Chr3,222494810,M2532,129.0,132.0
Chr3,222663365,M2533,129.2,132.2
Chr3,222945939,M2535,129.6,132.6
Chr3,222980289,M2536,129.8,132.8
Chr3,223014562,M2537,130.0,133.0
Chr3,223025728,M2538,130.2,133.2
Chr3,223085233,M2539,130.4,133.4
Chr3,223119699,M2540,130.6,133.6
Chr3,223152612,M2541,130.8,133.8
Chr3,223188031,M2542,131.0,134.0
Chr3,223222422,M2543,131.2,134.2
Chr3,223293583,M2544,131.4,134.4
Chr3,223364386,M2545,131.6,134.6
Chr3,223436455,M2546,131.8,134.8
Chr3,223507271,M2547,132.0,135.0
Chr3,223582640,M2548,132.2,135.2
Chr3,223653389,M2549,132.4,135.4
Chr3,224012778,M2550,132.6,135.6
Chr3,224442948,M2551,132.8,135.8
Chr3,224544470,M2552,133.0,136.0
Chr3,224643028,M2553,133.2,136.2
Chr3,224740558,M2554,133.4,136.4
Chr3,224850397,M2555,133.6,136.6
Chr3,224950545,M2556,133.8,136.8
Chr3,225153135,M2558,134.2,137.2
Chr3,225261858,M2559,134.4,137.4
Chr3,225365536,M2560,134.6,137.6
Chr3,225482342,M2561,134.8,137.8
Chr3,225587735,M2562,135.0,138.0
Chr3,225700226,M2563,135.2,138.2
Chr3,225911449,M2565,135.6,138.6
Chr3,226022787,M2566,135.8,138.8
Chr3,226079314,M2567,136.0,139.0
Chr3,226249999,M2568,136.2,139.2
Chr3,226385675,M2569,136.4,139.4
Chr3,227048109,M2570,136.6,139.6
Chr3,227143971,M2571,136.8,139.8
Chr3,227231122,M2572,137.0,140.0
Chr3,227323369,M2573,137.2,140.2
Chr3,227513526,M2575,137.6,140.6
Chr3,227602919,M2576,137.8,140.8
Chr3,227714566,M2577,138.0,141.0
Chr3,227848729,M2579,138.4,141.4
Chr3,227938535,M2580,138.6,141.6
Chr3,228028168,M2581,138.8,141.8
Chr3,228208031,M2583,139.2,142.2
Chr3,228299645,M2584,139.4,142.4
Chr3,228494659,M2586,139.8,142.8
Chr3,228661080,M2588,140.2,143.2
Chr3,228777183,M2589,140.4,143.4
Chr3,228924895,M2591,140.8,143.8
Chr3,229012389,M2592,141.0,144.0
Chr3,229280376,M2595,141.6,144.6
Chr3,229369413,M2596,141.8,144.8
Chr3,229456698,M2597,142.0,145.0
Chr3,229540792,M2598,142.2,145.2
Chr3,229627597,M2599,142.4,145.4
Chr3,229714855,M2600,142.6,145.6
Chr3,229893462,M2602,143.0,146.0
Chr3,230063701,M2604,143.4,146.4
Chr3,230155469,M2605,143.6,146.6
Chr3,230249940,M2606,143.8,146.8
Chr3,230413969,M2608,144.2,147.2
Chr3,230517797,M2609,144.4,147.4
Chr3,230606238,M2610,144.6,147.6
Chr3,230694416,M2611,144.8,147.8
Chr3,230849512,M2612,145.0,148.0
Chr3,230982105,M2613,145.2,148.2
Chr3,231024109,M2614,145.4,148.4
Chr3,231065550,M2615,145.6,148.6
Chr3,231115717,M2616,145.8,148.8
Chr3,231193975,M2617,146.0,149.0
Chr3,231367247,M2619,146.4,149.4
Chr3,231445957,M2620,146.6,149.6
Chr3,231571839,M2621,146.8,149.8
Chr3,231696761,M2622,147.0,150.0
Chr3,231803938,M2623,147.2,150.2
Chr3,232043666,M2624,147.4,150.4
Chr3,232172873,M2625,147.6,150.6
Chr3,232287649,M2626,147.8,150.8
Chr3,232670533,M2629,148.4,151.4
Chr3,232791223,M2630,148.6,151.6
Chr3,232915895,M2631,148.8,151.8
Chr3,233036269,M2632,149.0,152.0
Chr3,233169833,M2633,149.2,152.2
Chr3,233294047,M2634,149.4,152.4
Chr3,233417210,M2635,149.6,152.6
Chr3,233539101,M2636,149.8,152.8
Chr3,233670519,M2637,150.0,153.0
Chr3,233783108,M2638,150.2,153.2
Chr3,234041618,M2640,150.6,153.6
Chr3,234173324,M2641,150.8,153.8
Chr3,234301698,M2642,151.0,154.0
Chr3,234423876,M2643,151.2,154.2
Chr3,234533009,M2644,151.4,154.4
Chr3,234667314,M2645,151.6,154.6
Chr3,234790990,M2646,151.8,154.8
Chr3,234913851,M2647,152.0,155.0
Chr3,235028098,M2648,152.2,155.2
Chr3,235112466,M2649,152.4,155.4
Chr3,235192750,M2650,152.6,155.6
Chr3,235261251,M2651,152.8,155.8
Chr3,235363550,M2652,153.0,156.0
Chr3,235517472,M2654,153.4,156.4
Chr3,235602423,M2655,153.6,156.6
Chr3,235695819,M2656,153.8,156.8
Chr3,235727995,M2657,154.0,157.0
Chr3,235838985,M2658,154.2,157.2
Chr3,235890143,M2659,154.4,157.4
Chr3,236002871,M2660,154.6,157.6
Chr3,236143180,M2661,154.8,157.8
Chr3,236285516,M2662,155.0,158.0
Chr3,236845186,M2663,155.2,158.2
Chr3,236961621,M2664,155.4,158.4
Chr3,237059629,M2665,155.6,158.6
Chr3,237159634,M2666,155.8,158.8
Chr3,237256930,M2667,156.0,159.0
Chr3,237355277,M2668,156.2,159.2
Chr3,237456372,M2669,156.4,159.4
Chr3,237556607,M2670,156.6,159.6
Chr3,237656170,M2671,156.8,159.8
Chr3,237750053,M2672,157.0,160.0
Chr4,617661,M2679,-3.6,0.0
Chr4,720386,M2680,-3.4,0.20000000000000018
Chr4,830661,M2682,-3.0,0.6000000000000001
Chr4,897549,M2683,-2.8,0.8000000000000003
Chr4,1039528,M2685,-2.4,1.2000000000000002
Chr4,1116253,M2686,-2.2,1.4
Chr4,1184677,M2687,-2.0,1.6
Chr4,1239388,M2688,-1.8,1.8
Chr4,1306778,M2689,-1.6,2.0
Chr4,1373206,M2690,-1.4,2.2
Chr4,1442898,M2691,-1.2,2.4000000000000004
Chr4,1506128,M2692,-1.0,2.6
Chr4,1572536,M2693,-0.8,2.8
Chr4,1659638,M2694,-0.6,3.0
Chr4,1762411,M2695,-0.4,3.2
Chr4,1828671,M2696,-0.2,3.4
Chr4,1863409,M2697,8.33e-16,3.600000000000001
Chr4,1951789,M2699,0.4,4.0
Chr4,2000280,M2700,0.6,4.2
Chr4,2051921,M2701,0.8,4.4
Chr4,2346944,M2703,1.2,4.8
Chr4,2547570,M2705,1.6,5.2
Chr4,2571942,M2706,1.8,5.4
Chr4,2696111,M2708,2.2,5.800000000000001
Chr4,2747421,M2709,2.4,6.0
Chr4,2852304,M2711,2.8,6.4
Chr4,2903987,M2712,3.0,6.6
Chr4,2954928,M2713,3.2,6.800000000000001
Chr4,3004388,M2714,3.4,7.0
Chr4,3058667,M2715,3.6,7.2
Chr4,3109534,M2716,3.8,7.4
Chr4,3201370,M2718,4.2,7.800000000000001
Chr4,3249501,M2719,4.4,8.0
Chr4,3299506,M2720,4.6,8.2
Chr4,3346607,M2721,4.8,8.4
Chr4,3395516,M2722,5.0,8.6
Chr4,3445694,M2723,5.2,8.8
Chr4,3495024,M2724,5.4,9.0
Chr4,3545209,M2725,5.6,9.2
Chr4,3605004,M2726,5.8,9.4
Chr4,3699249,M2728,6.2,9.8
Chr4,3749563,M2729,6.4,10.0
Chr4,3797894,M2730,6.6,10.2
Chr4,3847961,M2731,6.8,10.4
Chr4,3890405,M2732,7.0,10.6
Chr4,3919646,M2733,7.2,10.8
Chr4,4012624,M2735,7.6,11.2
Chr4,4032438,M2736,7.8,11.4
Chr4,4066200,M2737,8.0,11.6
Chr4,4100026,M2738,8.2,11.799999999999999
Chr4,4133790,M2739,8.4,12.0
Chr4,4232705,M2740,8.6,12.2
Chr4,4332071,M2741,8.8,12.4
Chr4,4365690,M2742,9.0,12.6
Chr4,4399457,M2743,9.2,12.799999999999999
Chr4,4420344,M2744,9.4,13.0
Chr4,4465071,M2745,9.6,13.2
Chr4,4499001,M2746,9.8,13.4
Chr4,4532765,M2747,10.0,13.6
Chr4,4565783,M2748,10.2,13.799999999999999
Chr4,4600758,M2749,10.4,14.0
Chr4,4641114,M2750,10.6,14.2
Chr4,4674696,M2751,10.8,14.4
Chr4,4708221,M2752,11.0,14.6
Chr4,4734792,M2753,11.2,14.799999999999999
Chr4,4791847,M2754,11.4,15.0
Chr4,4832997,M2756,11.8,15.4
Chr4,4866759,M2757,12.0,15.6
Chr4,4923484,M2758,12.2,15.799999999999999
Chr4,5033538,M2760,12.6,16.2
Chr4,5088874,M2761,12.8,16.400000000000002
Chr4,5237744,M2762,13.0,16.6
Chr4,5288388,M2763,13.2,16.8
Chr4,5343719,M2764,13.4,17.0
Chr4,5399048,M2765,13.6,17.2
Chr4,5454178,M2766,13.8,17.400000000000002
Chr4,5523856,M2768,14.2,17.8
Chr4,5579188,M2769,14.4,18.0
Chr4,5634384,M2770,14.6,18.2
Chr4,5754063,M2772,15.0,18.6
Chr4,5809391,M2773,15.2,18.8
Chr4,5864721,M2774,15.4,19.0
Chr4,5999114,M2777,16.0,19.6
Chr4,6054519,M2778,16.2,19.8
Chr4,6109805,M2779,16.4,20.0
Chr4,6180694,M2780,16.6,20.200000000000003
Chr4,6234060,M2781,16.8,20.400000000000002
Chr4,6291733,M2782,17.0,20.6
Chr4,6346585,M2783,17.2,20.8
Chr4,6388736,M2784,17.4,21.0
Chr4,6452801,M2785,17.6,21.200000000000003
Chr4,6516396,M2786,17.8,21.400000000000002
Chr4,6553804,M2787,18.0,21.6
Chr4,6626740,M2788,18.2,21.8
Chr4,6682778,M2789,18.4,22.0
Chr4,6739511,M2790,18.6,22.200000000000003
Chr4,6801321,M2791,18.8,22.400000000000002
Chr4,6856642,M2792,19.0,22.6
Chr4,6911967,M2793,19.2,22.8
Chr4,6963919,M2794,19.4,23.0
Chr4,7019779,M2795,19.6,23.200000000000003
Chr4,7081325,M2796,19.8,23.400000000000002
Chr4,7138401,M2797,20.0,23.6
Chr4,7195486,M2798,20.2,23.8
Chr4,7252621,M2799,20.4,24.0
Chr4,7359744,M2801,20.8,24.400000000000002
Chr4,7415075,M2802,21.0,24.6
Chr4,7470288,M2803,21.2,24.8
Chr4,7525379,M2804,21.4,25.0
Chr4,7578832,M2805,21.6,25.200000000000003
Chr4,7633975,M2806,21.8,25.400000000000002
Chr4,7945608,M2808,22.2,25.8
Chr4,8107013,M2809,22.4,26.0
Chr4,8308970,M2810,22.6,26.200000000000003
Chr4,8422748,M2811,22.8,26.400000000000002
Chr4,8773594,M2813,23.2,26.8
Chr4,8924504,M2814,23.4,27.0
Chr4,9252271,M2816,23.8,27.400000000000002
Chr4,9415668,M2817,24.0,27.6
Chr4,9577865,M2818,24.2,27.8
Chr4,9757477,M2819,24.4,28.0
Chr4,9901885,M2820,24.6,28.200000000000003
Chr4,10062171,M2821,24.8,28.400000000000002
Chr4,10401098,M2823,25.2,28.8
Chr4,10717284,M2825,25.6,29.200000000000003
Chr4,10833115,M2826,25.8,29.400000000000002
Chr4,10950275,M2828,26.2,29.8
Chr4,11007277,M2829,26.4,30.0
Chr4,11063351,M2830,26.6,30.200000000000003
Chr4,11121071,M2831,26.8,30.400000000000002
Chr4,11182585,M2832,27.0,30.6
Chr4,11241338,M2833,27.2,30.8
Chr4,11298306,M2834,27.4,31.0
Chr4,11414195,M2836,27.8,31.400000000000002
Chr4,11535855,M2838,28.2,31.8
Chr4,11595982,M2839,28.4,32.0
Chr4,11654496,M2840,28.6,32.2
Chr4,11709131,M2841,28.8,32.4
Chr4,11766389,M2842,29.0,32.6
Chr4,11826502,M2843,29.2,32.8
Chr4,11942242,M2845,29.6,33.2
Chr4,11995632,M2846,29.8,33.4
Chr4,12052934,M2847,30.0,33.6
Chr4,12202820,M2850,30.6,34.2
Chr4,12271164,M2851,30.8,34.4
Chr4,12327033,M2852,31.0,34.6
Chr4,12433214,M2853,31.2,34.8
Chr4,12490532,M2854,31.4,35.0
Chr4,12539073,M2855,31.6,35.2
Chr4,12587421,M2856,31.8,35.4
Chr4,12668733,M2858,32.2,35.800000000000004
Chr4,12717213,M2859,32.4,36.0
Chr4,12785888,M2861,32.8,36.4
Chr4,12866492,M2862,33.0,36.6
Chr4,12914417,M2863,33.2,36.800000000000004
Chr4,12962240,M2864,33.4,37.0
Chr4,13009759,M2865,33.6,37.2
Chr4,13717992,M2866,33.8,37.4
Chr4,13820338,M2867,34.0,37.6
Chr4,13924249,M2868,34.2,37.800000000000004
Chr4,14026343,M2869,34.4,38.0
Chr4,14128813,M2870,34.6,38.2
Chr4,14230616,M2871,34.8,38.4
Chr4,14342441,M2872,35.0,38.6
Chr4,14450477,M2873,35.2,38.800000000000004
Chr4,14735376,M2877,36.0,39.6
Chr4,14844172,M2878,36.2,39.800000000000004
Chr4,14946929,M2879,36.4,40.0
Chr4,15040748,M2880,36.6,40.2
Chr4,15616312,M2882,37.0,40.6
Chr4,15707370,M2883,37.2,40.800000000000004
Chr4,15819338,M2884,37.4,41.0
Chr4,15933024,M2885,37.6,41.2
Chr4,16031558,M2886,37.8,41.4
Chr4,16131403,M2887,38.0,41.6
Chr4,16231205,M2888,38.2,41.800000000000004
Chr4,16312694,M2889,38.4,42.0
Chr4,16524136,M2891,38.8,42.4
Chr4,16965542,M2893,39.2,42.800000000000004
Chr4,17311599,M2894,39.4,43.0
Chr4,18018534,M2895,39.6,43.2
Chr4,18347401,M2896,39.8,43.4
Chr4,18681895,M2897,40.0,43.6
Chr4,19019647,M2898,40.2,43.800000000000004
Chr4,19193562,M2899,40.4,44.0
Chr4,19526315,M2901,40.8,44.4
Chr4,19693386,M2902,41.0,44.6
Chr4,19858573,M2903,41.2,44.800000000000004
Chr4,20023416,M2904,41.4,45.0
Chr4,20181740,M2905,41.6,45.2
Chr4,20329628,M2906,41.8,45.4
Chr4,20494064,M2907,42.0,45.6
Chr4,20660501,M2908,42.2,45.800000000000004
Chr4,20828121,M2909,42.4,46.0
Chr4,21147243,M2911,42.8,46.4
Chr4,21491592,M2913,43.2,46.800000000000004
Chr4,21659604,M2914,43.4,47.0
Chr4,21824372,M2915,43.6,47.2
Chr4,22024554,M2916,43.8,47.4
Chr4,22253799,M2917,44.0,47.6
Chr4,22489215,M2918,44.2,47.800000000000004
Chr4,22948769,M2920,44.6,48.2
Chr4,23182408,M2921,44.8,48.4
Chr4,23406295,M2922,45.0,48.6
Chr4,23886182,M2924,45.4,49.0
Chr4,24113475,M2925,45.6,49.2
Chr4,24353901,M2926,45.8,49.4
Chr4,24993896,M2928,46.2,49.800000000000004
Chr4,25229981,M2929,46.4,50.0
Chr4,25464976,M2930,46.6,50.2
Chr4,25798356,M2931,46.8,50.4
Chr4,26047221,M2932,47.0,50.6
Chr4,26278119,M2933,47.2,50.800000000000004
Chr4,26505104,M2934,47.4,51.0
Chr4,26890441,M2935,47.6,51.2
Chr4,27463999,M2936,47.8,51.4
Chr4,28020240,M2937,48.0,51.6
Chr4,28481948,M2938,48.2,51.800000000000004
Chr4,28967695,M2939,48.4,52.0
Chr4,29450326,M2940,48.6,52.2
Chr4,29926392,M2941,48.8,52.4
Chr4,30468108,M2942,49.0,52.6
Chr4,31108300,M2943,49.2,52.800000000000004
Chr4,31463197,M2944,49.4,53.0
Chr4,32172019,M2946,49.8,53.4
Chr4,32557012,M2947,50.0,53.6
Chr4,32804293,M2948,50.2,53.800000000000004
Chr4,33289915,M2949,50.4,54.0
Chr4,34357563,M2952,51.0,54.6
Chr4,34723776,M2953,51.2,54.800000000000004
Chr4,35083397,M2954,51.4,55.0
Chr4,35807541,M2956,51.8,55.4
Chr4,36158101,M2957,52.0,55.6
Chr4,36854215,M2959,52.4,56.0
Chr4,37936391,M2960,52.6,56.2
Chr4,38374589,M2961,52.8,56.4
Chr4,38824858,M2962,53.0,56.6
Chr4,39252894,M2963,53.2,56.800000000000004
Chr4,40230278,M2965,53.6,57.2
Chr4,41938280,M2966,53.8,57.4
Chr4,43603898,M2967,54.0,57.6
Chr4,45344023,M2968,54.2,57.800000000000004
Chr4,47041443,M2969,54.4,58.0
Chr4,52382901,M2972,55.0,58.6
Chr4,58910379,M2973,55.2,58.800000000000004
Chr4,60236465,M2974,55.4,59.0
Chr4,68667516,M2976,55.8,59.4
Chr4,70664596,M2977,56.0,59.6
Chr4,74548154,M2978,56.2,59.800000000000004
Chr4,76486133,M2979,56.4,60.0
Chr4,79516405,M2980,56.6,60.2
Chr4,82471671,M2981,56.8,60.4
Chr4,84317788,M2982,57.0,60.6
Chr4,86107338,M2983,57.2,60.800000000000004
Chr4,88736575,M2984,57.4,61.0
Chr4,121947933,M2987,58.0,61.6
Chr4,130797501,M2988,58.2,61.800000000000004
Chr4,134803079,M2989,58.4,62.0
Chr4,138959053,M2990,58.6,62.2
Chr4,141955224,M2992,59.0,62.6
Chr4,143112873,M2993,59.2,62.800000000000004
Chr4,144276900,M2994,59.4,63.0
Chr4,145444237,M2995,59.6,63.2
Chr4,146545754,M2996,59.8,63.4
Chr4,147726264,M2997,60.0,63.6
Chr4,148850954,M2998,60.2,63.800000000000004
Chr4,149985755,M2999,60.4,64.0
Chr4,150544971,M3000,60.6,64.2
Chr4,151059080,M3001,60.8,64.39999999999999
Chr4,152097973,M3003,61.2,64.8
Chr4,152615396,M3004,61.4,65.0
Chr4,154501124,M3005,61.6,65.2
Chr4,155749372,M3006,61.8,65.39999999999999
Chr4,156038468,M3007,62.0,65.6
Chr4,156349904,M3008,62.2,65.8
Chr4,156631458,M3009,62.4,66.0
Chr4,156900777,M3010,62.6,66.2
Chr4,157189838,M3011,62.8,66.39999999999999
Chr4,157502687,M3012,63.0,66.6
Chr4,157774477,M3013,63.2,66.8
Chr4,158072352,M3014,63.4,67.0
Chr4,158362095,M3015,63.6,67.2
Chr4,158638213,M3016,63.8,67.39999999999999
Chr4,158923737,M3017,64.0,67.6
Chr4,159187199,M3018,64.2,67.8
Chr4,159454148,M3019,64.4,68.0
Chr4,159738923,M3020,64.6,68.19999999999999
Chr4,160032272,M3021,64.8,68.39999999999999
Chr4,160259500,M3022,65.0,68.6
Chr4,160521886,M3023,65.2,68.8
Chr4,161079827,M3025,65.6,69.19999999999999
Chr4,161302098,M3026,65.8,69.39999999999999
Chr4,161465514,M3027,66.0,69.6
Chr4,161796451,M3029,66.4,70.0
Chr4,161952645,M3030,66.6,70.19999999999999
Chr4,162103724,M3031,66.8,70.39999999999999
Chr4,162262590,M3032,67.0,70.6
Chr4,162381159,M3033,67.2,70.8
Chr4,162539811,M3034,67.4,71.0
Chr4,162703217,M3035,67.6,71.19999999999999
Chr4,162865575,M3036,67.8,71.39999999999999
Chr4,162994984,M3037,68.0,71.6
Chr4,163162410,M3038,68.2,71.8
Chr4,163324849,M3039,68.4,72.0
Chr4,163491625,M3040,68.6,72.19999999999999
Chr4,163653173,M3041,68.8,72.39999999999999
Chr4,163816868,M3042,69.0,72.6
Chr4,163977340,M3043,69.2,72.8
Chr4,164137033,M3044,69.4,73.0
Chr4,164296117,M3045,69.6,73.19999999999999
Chr4,164773978,M3047,70.0,73.6
Chr4,165084336,M3048,70.2,73.8
Chr4,165663118,M3050,70.6,74.19999999999999
Chr4,165949063,M3051,70.8,74.39999999999999
Chr4,166233097,M3052,71.0,74.6
Chr4,166521450,M3053,71.2,74.8
Chr4,166810487,M3054,71.4,75.0
Chr4,167335018,M3056,71.8,75.39999999999999
Chr4,167633311,M3057,72.0,75.6
Chr4,167917832,M3058,72.2,75.8
Chr4,168098901,M3059,72.4,76.0
Chr4,168421553,M3060,72.6,76.19999999999999
Chr4,168709683,M3061,72.8,76.39999999999999
Chr4,168997746,M3062,73.0,76.6
Chr4,169609433,M3064,73.4,77.0
Chr4,169902579,M3065,73.6,77.19999999999999
Chr4,170139157,M3066,73.8,77.39999999999999
Chr4,170367008,M3067,74.0,77.6
Chr4,170706642,M3068,74.2,77.8
Chr4,170998735,M3069,74.4,78.0
Chr4,171294474,M3070,74.6,78.19999999999999
Chr4,171575623,M3071,74.8,78.39999999999999
Chr4,171855953,M3072,75.0,78.6
Chr4,172031161,M3073,75.2,78.8
Chr4,172093128,M3074,75.4,79.0
Chr4,172157787,M3075,75.6,79.19999999999999
Chr4,172221334,M3076,75.8,79.39999999999999
Chr4,172279031,M3077,76.0,79.6
Chr4,172932942,M3078,76.2,79.8
Chr4,173593870,M3079,76.4,80.0
Chr4,174293040,M3080,76.6,80.19999999999999
Chr4,174970937,M3081,76.8,80.39999999999999
Chr4,175643667,M3082,77.0,80.6
Chr4,175947956,M3084,77.4,81.0
Chr4,176092320,M3085,77.6,81.19999999999999
Chr4,176238148,M3086,77.8,81.39999999999999
Chr4,176385080,M3087,78.0,81.6
Chr4,176528553,M3088,78.2,81.8
Chr4,176632326,M3089,78.4,82.0
Chr4,176739483,M3090,78.6,82.19999999999999
Chr4,176844192,M3091,78.8,82.39999999999999
Chr4,176949756,M3092,79.0,82.6
Chr4,177053317,M3093,79.2,82.8
Chr4,177157091,M3094,79.4,83.0
Chr4,177256707,M3095,79.6,83.19999999999999
Chr4,177360239,M3096,79.8,83.39999999999999
Chr4,177448997,M3097,80.0,83.6
Chr4,177666816,M3099,80.4,84.0
Chr4,177773171,M3100,80.6,84.19999999999999
Chr4,177944226,M3101,80.8,84.39999999999999
Chr4,178146560,M3103,81.2,84.8
Chr4,178806173,M3109,82.4,86.0
Chr4,178939275,M3110,82.6,86.19999999999999
Chr4,179062984,M3111,82.8,86.39999999999999
Chr4,179186463,M3112,83.0,86.6
Chr4,179313100,M3113,83.2,86.8
Chr4,179584786,M3115,83.6,87.19999999999999
Chr4,179677671,M3116,83.8,87.39999999999999
Chr4,179816065,M3117,84.0,87.6
Chr4,179934880,M3118,84.2,87.8
Chr4,180060566,M3119,84.4,88.0
Chr4,180167090,M3120,84.6,88.19999999999999
Chr4,180289335,M3121,84.8,88.39999999999999
Chr4,180401229,M3122,85.0,88.6
Chr4,180556825,M3123,85.2,88.8
Chr4,180733843,M3124,85.4,89.0
Chr4,181055968,M3126,85.8,89.39999999999999
Chr4,181223638,M3127,86.0,89.6
Chr4,181382224,M3128,86.2,89.8
Chr4,181558147,M3129,86.4,90.0
Chr4,181719070,M3130,86.6,90.19999999999999
Chr4,181883635,M3131,86.8,90.39999999999999
Chr4,182049010,M3132,87.0,90.6
Chr4,182326599,M3134,87.4,91.0
Chr4,182478061,M3135,87.6,91.19999999999999
Chr4,182662092,M3136,87.8,91.39999999999999
Chr4,183004047,M3138,88.2,91.8
Chr4,183160781,M3139,88.4,92.0
Chr4,183318974,M3140,88.6,92.19999999999999
Chr4,183487307,M3141,88.8,92.39999999999999
Chr4,183590138,M3142,89.0,92.6
Chr4,183629033,M3143,89.2,92.8
Chr4,183745229,M3146,89.8,93.39999999999999
Chr4,183783063,M3147,90.0,93.6
Chr4,183817364,M3148,90.2,93.8
Chr4,183860451,M3149,90.4,94.0
Chr4,184157088,M3151,90.8,94.39999999999999
Chr4,184640208,M3154,91.4,95.0
Chr4,184816080,M3155,91.6,95.19999999999999
Chr4,184993955,M3156,91.8,95.39999999999999
Chr4,185526289,M3159,92.4,96.0
Chr4,185719787,M3160,92.6,96.19999999999999
Chr4,186157721,M3162,93.0,96.6
Chr4,186310791,M3163,93.2,96.8
Chr4,186445471,M3164,93.4,97.0
Chr4,186591559,M3165,93.6,97.19999999999999
Chr4,186732618,M3166,93.8,97.39999999999999
Chr4,186848409,M3167,94.0,97.6
Chr4,187410353,M3168,94.2,97.8
Chr4,187704978,M3170,94.6,98.19999999999999
Chr4,187841630,M3171,94.8,98.39999999999999
Chr4,187982772,M3172,95.0,98.6
Chr4,188127265,M3173,95.2,98.8
Chr4,188274436,M3174,95.4,99.0
Chr4,188415423,M3175,95.6,99.19999999999999
Chr4,188559336,M3176,95.8,99.39999999999999
Chr4,188696667,M3177,96.0,99.6
Chr4,188905779,M3178,96.2,99.8
Chr4,189136070,M3180,96.6,100.19999999999999
Chr4,189303342,M3181,96.8,100.39999999999999
Chr4,189442698,M3182,97.0,100.6
Chr4,189726398,M3184,97.4,101.0
Chr4,189867520,M3185,97.6,101.19999999999999
Chr4,190132204,M3186,97.8,101.39999999999999
Chr4,190513863,M3187,98.0,101.6
Chr4,190866323,M3189,98.4,102.0
Chr4,191086746,M3191,98.8,102.39999999999999
Chr4,191194970,M3192,99.0,102.6
Chr4,191289298,M3193,99.2,102.8
Chr4,191376993,M3194,99.4,103.0
Chr4,191625678,M3196,99.8,103.39999999999999
Chr4,192015737,M3199,100.4,104.0
Chr4,192229193,M3200,100.6,104.19999999999999
Chr4,192433819,M3201,100.8,104.39999999999999
Chr4,192856222,M3203,101.2,104.8
Chr4,192992347,M3204,101.4,105.0
Chr4,193149617,M3205,101.6,105.19999999999999
Chr4,193296277,M3206,101.8,105.39999999999999
Chr4,194472839,M3209,102.4,106.0
Chr4,194895129,M3210,102.6,106.19999999999999
Chr4,195267297,M3211,102.8,106.39999999999999
Chr4,195529190,M3212,103.0,106.6
Chr4,196044081,M3214,103.4,107.0
Chr4,196570683,M3216,103.8,107.39999999999999
Chr4,196831065,M3217,104.0,107.6
Chr4,197101761,M3218,104.2,107.8
Chr4,197373496,M3219,104.4,108.0
Chr4,197905969,M3221,104.8,108.39999999999999
Chr4,198127600,M3222,105.0,108.6
Chr4,198361249,M3223,105.2,108.8
Chr4,199038915,M3224,105.4,109.0
Chr4,199696825,M3225,105.6,109.19999999999999
Chr4,200345401,M3226,105.8,109.39999999999999
Chr4,200976675,M3227,106.0,109.6
Chr4,201637133,M3228,106.2,109.8
Chr4,202296150,M3229,106.4,110.0
Chr4,202817983,M3230,106.6,110.19999999999999
Chr4,203244175,M3231,106.8,110.39999999999999
Chr4,204195224,M3233,107.2,110.8
Chr4,205574136,M3236,107.8,111.39999999999999
Chr4,206269605,M3237,108.0,111.6
Chr4,206948274,M3238,108.2,111.8
Chr4,207463440,M3239,108.4,112.0
Chr4,208029418,M3240,108.6,112.19999999999999
Chr4,208813610,M3241,108.8,112.39999999999999
Chr4,209760303,M3242,109.0,112.6
Chr4,210636070,M3243,109.2,112.8
Chr4,211469671,M3244,109.4,113.0
Chr4,212318766,M3245,109.6,113.19999999999999
Chr4,213173158,M3246,109.8,113.39999999999999
Chr4,214455899,M3247,110.0,113.6
Chr4,216197759,M3248,110.2,113.8
Chr4,217084223,M3249,110.4,114.0
Chr4,217698964,M3250,110.6,114.19999999999999
Chr4,218793313,M3251,110.8,114.39999999999999
Chr4,219383473,M3252,111.0,114.6
Chr4,220992472,M3253,111.2,114.8
Chr4,222474180,M3254,111.4,115.0
Chr4,222834533,M3255,111.6,115.19999999999999
Chr4,223628328,M3257,112.0,115.6
Chr4,226475847,M3258,112.2,115.8
Chr4,228798884,M3259,112.4,116.0
Chr4,229389802,M3260,112.6,116.19999999999999
Chr4,232236802,M3265,113.6,117.19999999999999
Chr4,234064935,M3266,113.8,117.39999999999999
Chr4,235263404,M3268,114.2,117.8
Chr4,235843527,M3269,114.4,118.0
Chr4,236442107,M3270,114.6,118.19999999999999
Chr4,237023887,M3271,114.8,118.39999999999999
Chr4,237614743,M3272,115.0,118.6
Chr4,237836782,M3273,115.2,118.8
Chr4,238033350,M3274,115.4,119.0
Chr4,238268701,M3275,115.6,119.19999999999999
Chr4,238505024,M3276,115.8,119.39999999999999
Chr4,238678075,M3277,116.0,119.6
Chr4,238817579,M3278,116.2,119.8
Chr4,238951355,M3279,116.4,120.0
Chr4,239085783,M3280,116.6,120.19999999999999
Chr4,239222194,M3281,116.8,120.39999999999999
Chr4,239356134,M3282,117.0,120.6
Chr4,239534045,M3283,117.2,120.8
Chr4,239667900,M3284,117.4,121.0
Chr4,239802859,M3285,117.6,121.19999999999999
Chr4,239932856,M3286,117.8,121.39999999999999
Chr4,240066863,M3287,118.0,121.6
Chr4,240211019,M3288,118.2,121.8
Chr4,240681175,M3289,118.4,122.0
Chr4,241179630,M3290,118.6,122.19999999999999
Chr4,241527180,M3291,118.8,122.39999999999999
Chr4,241727278,M3292,119.0,122.6
Chr4,241945335,M3293,119.2,122.8
Chr4,242143565,M3294,119.4,123.0
Chr4,242365550,M3295,119.6,123.19999999999999
Chr4,242421849,M3296,119.8,123.39999999999999
Chr4,242474783,M3297,120.0,123.6
Chr4,242546849,M3298,120.2,123.8
Chr4,242602967,M3299,120.4,124.0
Chr4,242657764,M3300,120.6,124.19999999999999
Chr4,242712946,M3301,120.8,124.39999999999999
Chr4,242759948,M3302,121.0,124.6
Chr4,242829137,M3303,121.2,124.8
Chr4,242885204,M3304,121.4,125.0
Chr4,242941423,M3305,121.6,125.19999999999999
Chr4,242997680,M3306,121.8,125.39999999999999
Chr4,243054055,M3307,122.0,125.6
Chr4,243109939,M3308,122.2,125.8
Chr4,243166868,M3309,122.4,126.0
Chr4,243223267,M3310,122.6,126.19999999999999
Chr4,243283095,M3311,122.8,126.39999999999999
Chr4,243399406,M3313,123.2,126.8
Chr4,243456627,M3314,123.4,127.0
Chr4,243512827,M3315,123.6,127.19999999999999
Chr4,243569033,M3316,123.8,127.39999999999999
Chr4,243636655,M3317,124.0,127.6
Chr4,243681075,M3318,124.2,127.8
Chr4,243748697,M3319,124.4,128.0
Chr4,243843329,M3320,124.6,128.2
Chr4,243951683,M3321,124.8,128.4
Chr4,244032037,M3322,125.0,128.6
Chr4,244109410,M3323,125.2,128.8
Chr4,244186705,M3324,125.4,129.0
Chr4,244269744,M3325,125.6,129.2
Chr4,244348951,M3326,125.8,129.4
Chr4,244406002,M3327,126.0,129.6
Chr4,244499920,M3328,126.2,129.8
Chr4,244566581,M3329,126.4,130.0
Chr4,244642132,M3330,126.6,130.2
Chr4,244704465,M3331,126.8,130.4
Chr4,244950205,M3336,127.8,131.4
Chr4,245055181,M3338,128.2,131.79999999999998
Chr4,245104656,M3339,128.4,132.0
Chr4,245153758,M3340,128.6,132.2
Chr4,245204958,M3341,128.8,132.4
Chr4,245261746,M3342,129.0,132.6
Chr4,245311938,M3343,129.2,132.79999999999998
Chr4,245363333,M3344,129.4,133.0
Chr4,245419088,M3345,129.6,133.2
Chr4,245470507,M3346,129.8,133.4
Chr4,245522086,M3347,130.0,133.6
Chr4,245582632,M3348,130.2,133.79999999999998
Chr4,245623448,M3349,130.4,134.0
Chr4,245679324,M3350,130.6,134.2
Chr4,245729061,M3351,130.8,134.4
Chr4,245831319,M3353,131.2,134.79999999999998
Chr4,245930402,M3355,131.6,135.2
Chr4,245981797,M3356,131.8,135.4
Chr4,246036148,M3357,132.0,135.6
Chr4,246104739,M3358,132.2,135.79999999999998
Chr4,246156745,M3359,132.4,136.0
Chr4,246208137,M3360,132.6,136.2
Chr4,246259466,M3361,132.8,136.4
Chr4,246310863,M3362,133.0,136.6
Chr4,246364959,M3363,133.2,136.79999999999998
Chr4,246419001,M3364,133.4,137.0
Chr4,246469985,M3365,133.6,137.2
Chr4,246522133,M3366,133.8,137.4
Chr4,246626351,M3367,134.0,137.6
Chr4,246699307,M3369,134.4,138.0
Chr4,246752404,M3370,134.6,138.2
Chr4,246803804,M3371,134.8,138.4
Chr4,246855717,M3372,135.0,138.6
Chr4,246915864,M3373,135.2,138.79999999999998
Chr4,246966794,M3374,135.4,139.0
Chr4,246996907,M3375,135.6,139.2
Chr4,247029731,M3376,135.8,139.4
Chr4,247059845,M3377,136.0,139.6
Chr4,247089957,M3378,136.2,139.79999999999998
Chr4,247197418,M3379,136.4,140.0
Chr4,247281229,M3380,136.6,140.2
Chr4,247363020,M3381,136.8,140.4
Chr4,247528138,M3383,137.2,140.79999999999998
Chr4,247608921,M3384,137.4,141.0
Chr4,247692720,M3385,137.6,141.2
Chr4,247777975,M3386,137.8,141.4
Chr4,247875666,M3388,138.2,141.79999999999998
Chr4,247998738,M3394,139.4,143.0
Chr4,248069322,M3395,139.6,143.2
Chr4,248086844,M3396,139.8,143.4
Chr4,248105520,M3397,140.0,143.6
Chr4,248124205,M3398,140.2,143.79999999999998
Chr4,248142879,M3399,140.4,144.0
Chr4,248168019,M3400,140.6,144.2
Chr4,248186693,M3401,140.8,144.4
Chr4,248222587,M3402,141.0,144.6
Chr4,248279789,M3403,141.2,144.79999999999998
Chr4,248334128,M3404,141.4,145.0
Chr4,248386998,M3405,141.6,145.2
Chr4,248492387,M3407,142.0,145.6
Chr4,248551381,M3408,142.2,145.79999999999998
Chr4,248605986,M3409,142.4,146.0
Chr4,248721026,M3411,142.8,146.4
Chr4,248774540,M3412,143.0,146.6
Chr4,248826997,M3413,143.2,146.79999999999998
Chr4,248884403,M3414,143.4,147.0
Chr4,248973256,M3416,143.8,147.4
Chr4,249157502,M3417,144.0,147.6
Chr4,249209963,M3418,144.2,147.79999999999998
Chr4,249237680,M3419,144.4,148.0
Chr4,249292021,M3420,144.6,148.2
Chr4,249345464,M3421,144.8,148.4
Chr4,249399122,M3422,145.0,148.6
Chr4,249453989,M3423,145.2,148.79999999999998
Chr4,249507183,M3424,145.4,149.0
Chr4,249560293,M3425,145.6,149.2
Chr4,249613303,M3426,145.8,149.4
Chr4,249682271,M3427,146.0,149.6
Chr4,249733134,M3428,146.2,149.79999999999998
Chr4,249766097,M3429,146.4,150.0
Chr4,249818238,M3430,146.6,150.2
Chr4,249939575,M3432,147.0,150.6
Chr4,249993674,M3433,147.2,150.79999999999998
Chr4,250046626,M3434,147.4,151.0
Chr5,367448,M3439,-2.6,0.0
Chr5,415160,M3440,-2.4,0.20000000000000018
Chr5,457464,M3441,-2.2,0.3999999999999999
Chr5,505685,M3442,-2.0,0.6000000000000001
Chr5,547901,M3443,-1.8,0.8
Chr5,649423,M3444,-1.6,1.0
Chr5,681846,M3445,-1.4,1.2000000000000002
Chr5,775605,M3447,-1.0,1.6
Chr5,823287,M3448,-0.8,1.8
Chr5,871553,M3449,-0.6,2.0
Chr5,919264,M3450,-0.4,2.2
Chr5,966359,M3451,-0.2,2.4
Chr5,1208140,M3452,-5.55e-17,2.6
Chr5,1283059,M3453,0.2,2.8000000000000003
Chr5,1358179,M3454,0.4,3.0
Chr5,1434310,M3455,0.6,3.2
Chr5,1507575,M3456,0.8,3.4000000000000004
Chr5,1581625,M3457,1.0,3.6
Chr5,1649753,M3458,1.2,3.8
Chr5,1732252,M3459,1.4,4.0
Chr5,1807077,M3460,1.6,4.2
Chr5,1877390,M3461,1.8,4.4
Chr5,2023015,M3463,2.2,4.800000000000001
Chr5,2109420,M3464,2.4,5.0
Chr5,2170441,M3465,2.6,5.2
Chr5,2228111,M3466,2.8,5.4
Chr5,2388144,M3468,3.2,5.800000000000001
Chr5,2440432,M3469,3.4,6.0
Chr5,2546133,M3472,4.0,6.6
Chr5,2577895,M3473,4.2,6.800000000000001
Chr5,2609653,M3474,4.4,7.0
Chr5,2641412,M3475,4.6,7.199999999999999
Chr5,2673608,M3476,4.8,7.4
Chr5,2705367,M3477,5.0,7.6
Chr5,2731151,M3478,5.2,7.800000000000001
Chr5,2801593,M3480,5.6,8.2
Chr5,2837999,M3481,5.8,8.4
Chr5,2869763,M3482,6.0,8.6
Chr5,2901307,M3483,6.2,8.8
Chr5,2932666,M3484,6.4,9.0
Chr5,3035158,M3485,6.6,9.2
Chr5,3065473,M3488,7.2,9.8
Chr5,3106326,M3489,7.4,10.0
Chr5,3147093,M3490,7.6,10.2
Chr5,3173021,M3491,7.8,10.4
Chr5,3213551,M3492,8.0,10.6
Chr5,3247747,M3493,8.2,10.799999999999999
Chr5,3286702,M3494,8.4,11.0
Chr5,3325452,M3495,8.6,11.2
Chr5,3366299,M3496,8.8,11.4
Chr5,3468903,M3498,9.2,11.799999999999999
Chr5,3529037,M3499,9.4,12.0
Chr5,3586680,M3500,9.6,12.2
Chr5,3646822,M3501,9.8,12.4
Chr5,3675487,M3502,10.0,12.6
Chr5,3747213,M3503,10.2,12.799999999999999
Chr5,3782692,M3504,10.4,13.0
Chr5,3836593,M3506,10.8,13.4
Chr5,3967011,M3508,11.2,13.799999999999999
Chr5,4022155,M3509,11.4,14.0
Chr5,4077381,M3510,11.6,14.2
Chr5,4174698,M3512,12.0,14.6
Chr5,4238651,M3513,12.2,14.799999999999999
Chr5,4292785,M3514,12.4,15.0
Chr5,4348002,M3515,12.6,15.2
Chr5,4403181,M3516,12.8,15.4
Chr5,4458360,M3517,13.0,15.6
Chr5,4508525,M3518,13.2,15.799999999999999
Chr5,4547125,M3519,13.4,16.0
Chr5,4586069,M3520,13.6,16.2
Chr5,4625324,M3521,13.8,16.400000000000002
Chr5,4664589,M3522,14.0,16.6
Chr5,4703379,M3523,14.2,16.8
Chr5,4782383,M3525,14.6,17.2
Chr5,4822022,M3526,14.8,17.400000000000002
Chr5,4860620,M3527,15.0,17.6
Chr5,4891821,M3528,15.2,17.8
Chr5,4944689,M3529,15.4,18.0
Chr5,4983943,M3530,15.6,18.2
Chr5,5023195,M3531,15.8,18.400000000000002
Chr5,5062450,M3532,16.0,18.6
Chr5,5104081,M3533,16.2,18.8
Chr5,5143332,M3534,16.4,19.0
Chr5,5182588,M3535,16.6,19.200000000000003
Chr5,5238990,M3536,16.8,19.400000000000002
Chr5,5273528,M3537,17.0,19.6
Chr5,5312785,M3538,17.2,19.8
Chr5,5351926,M3539,17.4,20.0
Chr5,5391178,M3540,17.6,20.200000000000003
Chr5,5431368,M3541,17.8,20.400000000000002
Chr5,5470612,M3542,18.0,20.6
Chr5,5509855,M3543,18.2,20.8
Chr5,5548824,M3544,18.4,21.0
Chr5,5589249,M3545,18.6,21.200000000000003
Chr5,5626858,M3546,18.8,21.400000000000002
Chr5,5703835,M3548,19.2,21.8
Chr5,5746001,M3549,19.4,22.0
Chr5,5841705,M3550,19.6,22.200000000000003
Chr5,5880350,M3551,19.8,22.400000000000002
Chr5,5919320,M3552,20.0,22.6
Chr5,5958751,M3553,20.2,22.8
Chr5,5999671,M3554,20.4,23.0
Chr5,6045605,M3555,20.6,23.200000000000003
Chr5,6079389,M3556,20.8,23.400000000000002
Chr5,6118638,M3557,21.0,23.6
Chr5,6157885,M3558,21.2,23.8
Chr5,6197469,M3559,21.4,24.0
Chr5,6241344,M3560,21.6,24.200000000000003
Chr5,6280598,M3561,21.8,24.400000000000002
Chr5,6401122,M3562,22.0,24.6
Chr5,6457542,M3563,22.2,24.8
Chr5,6571849,M3565,22.6,25.200000000000003
Chr5,6627460,M3566,22.8,25.400000000000002
Chr5,6748568,M3568,23.2,25.8
Chr5,6800982,M3569,23.4,26.0
Chr5,6864098,M3570,23.6,26.200000000000003
Chr5,7051475,M3573,24.2,26.8
Chr5,7100149,M3574,24.4,27.0
Chr5,7134804,M3575,24.6,27.200000000000003
Chr5,7190295,M3576,24.8,27.400000000000002
Chr5,7270913,M3577,25.0,27.6
Chr5,7316216,M3578,25.2,27.8
Chr5,7399950,M3579,25.4,28.0
Chr5,7473710,M3580,25.6,28.200000000000003
Chr5,7562152,M3581,25.8,28.400000000000002
Chr5,7579550,M3582,26.0,28.6
Chr5,7596949,M3583,26.2,28.8
Chr5,7614095,M3584,26.4,29.0
Chr5,7640488,M3585,26.6,29.200000000000003
Chr5,7657887,M3586,26.8,29.400000000000002
Chr5,7675285,M3587,27.0,29.6
Chr5,7692684,M3588,27.2,29.8
Chr5,7731479,M3589,27.4,30.0
Chr5,7784943,M3590,27.6,30.200000000000003
Chr5,7852480,M3591,27.8,30.400000000000002
Chr5,7903254,M3592,28.0,30.6
Chr5,7996314,M3593,28.2,30.8
Chr5,8084433,M3594,28.4,31.0
Chr5,8149049,M3596,28.8,31.400000000000002
Chr5,8204393,M3597,29.0,31.6
Chr5,8255937,M3598,29.2,31.8
Chr5,8309093,M3599,29.4,32.0
Chr5,8359791,M3600,29.6,32.2
Chr5,8405409,M3601,29.8,32.4
Chr5,8517951,M3602,30.0,32.6
Chr5,9027949,M3603,30.2,32.8
Chr5,9438913,M3604,30.4,33.0
Chr5,9853852,M3605,30.6,33.2
Chr5,9968717,M3606,30.8,33.4
Chr5,10029010,M3607,31.0,33.6
Chr5,10107913,M3608,31.2,33.8
Chr5,10195961,M3609,31.4,34.0
Chr5,10363970,M3611,31.8,34.4
Chr5,10450299,M3612,32.0,34.6
Chr5,10528254,M3613,32.2,34.800000000000004
Chr5,10597460,M3614,32.4,35.0
Chr5,10682888,M3615,32.6,35.2
Chr5,10768893,M3616,32.8,35.4
Chr5,10827506,M3617,33.0,35.6
Chr5,10939062,M3618,33.2,35.800000000000004
Chr5,11031897,M3619,33.4,36.0
Chr5,11153297,M3620,33.6,36.2
Chr5,11215092,M3621,33.8,36.4
Chr5,11298760,M3622,34.0,36.6
Chr5,11382767,M3623,34.2,36.800000000000004
Chr5,11468821,M3624,34.4,37.0
Chr5,11542201,M3625,34.6,37.2
Chr5,11612457,M3626,34.8,37.4
Chr5,11988772,M3630,35.6,38.2
Chr5,12182150,M3632,36.0,38.6
Chr5,12350584,M3633,36.2,38.800000000000004
Chr5,12411350,M3634,36.4,39.0
Chr5,12447507,M3635,36.6,39.2
Chr5,12484021,M3636,36.8,39.4
Chr5,12520183,M3637,37.0,39.6
Chr5,12556335,M3638,37.2,39.800000000000004
Chr5,12627568,M3640,37.6,40.2
Chr5,12714808,M3641,37.8,40.4
Chr5,12863340,M3643,38.2,40.800000000000004
Chr5,13095100,M3646,38.8,41.4
Chr5,13192788,M3647,39.0,41.6
Chr5,13285505,M3648,39.2,41.800000000000004
Chr5,13378281,M3649,39.4,42.0
Chr5,13470825,M3650,39.6,42.2
Chr5,13561296,M3651,39.8,42.4
Chr5,13642619,M3652,40.0,42.6
Chr5,13727818,M3653,40.2,42.800000000000004
Chr5,13820577,M3654,40.4,43.0
Chr5,13911374,M3655,40.6,43.2
Chr5,14004192,M3656,40.8,43.4
Chr5,14097795,M3657,41.0,43.6
Chr5,14206308,M3658,41.2,43.800000000000004
Chr5,14286136,M3659,41.4,44.0
Chr5,14335949,M3660,41.6,44.2
Chr5,14429302,M3661,41.8,44.4
Chr5,14517290,M3663,42.2,44.800000000000004
Chr5,14573741,M3664,42.4,45.0
Chr5,14641885,M3665,42.6,45.2
Chr5,14704856,M3666,42.8,45.4
Chr5,15015538,M3668,43.2,45.800000000000004
Chr5,15188727,M3670,43.6,46.2
Chr5,15244916,M3671,43.8,46.4
Chr5,15341749,M3672,44.0,46.6
Chr5,15421412,M3673,44.2,46.800000000000004
Chr5,15585365,M3675,44.6,47.2
Chr5,15769400,M3677,45.0,47.6
Chr5,15844698,M3678,45.2,47.800000000000004
Chr5,15992940,M3679,45.4,48.0
Chr5,16134275,M3680,45.6,48.2
Chr5,16302643,M3681,45.8,48.4
Chr5,16447815,M3682,46.0,48.6
Chr5,16885872,M3685,46.6,49.2
Chr5,17049854,M3686,46.8,49.4
Chr5,17264339,M3687,47.0,49.6
Chr5,17475530,M3688,47.2,49.800000000000004
Chr5,17692805,M3689,47.4,50.0
Chr5,17884596,M3690,47.6,50.2
Chr5,17935584,M3691,47.8,50.4
Chr5,19082618,M3695,48.6,51.2
Chr5,19282978,M3696,48.8,51.4
Chr5,19684861,M3698,49.2,51.800000000000004
Chr5,19895292,M3699,49.4,52.0
Chr5,20100936,M3700,49.6,52.2
Chr5,20323745,M3701,49.8,52.4
Chr5,20524646,M3702,50.0,52.6
Chr5,20928668,M3704,50.4,53.0
Chr5,21132051,M3705,50.6,53.2
Chr5,22520627,M3709,51.4,54.0
Chr5,22846183,M3710,51.6,54.2
Chr5,22997988,M3711,51.8,54.4
Chr5,23151821,M3712,52.0,54.6
Chr5,23301058,M3713,52.2,54.800000000000004
Chr5,23485049,M3714,52.4,55.0
Chr5,23624595,M3715,52.6,55.2
Chr5,23761320,M3716,52.8,55.4
Chr5,23923123,M3717,53.0,55.6
Chr5,24050240,M3718,53.2,55.800000000000004
Chr5,24212854,M3719,53.4,56.0
Chr5,26233641,M3722,54.0,56.6
Chr5,26839946,M3723,54.2,56.800000000000004
Chr5,29201438,M3727,55.0,57.6
Chr5,31167290,M3730,55.6,58.2
Chr5,32328443,M3732,56.0,58.6
Chr5,32829037,M3734,56.4,59.0
Chr5,33052628,M3735,56.6,59.2
Chr5,33277301,M3736,56.8,59.4
Chr5,33530377,M3737,57.0,59.6
Chr5,34077948,M3738,57.2,59.800000000000004
Chr5,34733428,M3739,57.4,60.0
Chr5,35706818,M3740,57.6,60.2
Chr5,36724311,M3741,57.8,60.4
Chr5,38335176,M3742,58.0,60.6
Chr5,40679592,M3743,58.2,60.800000000000004
Chr5,41651970,M3744,58.4,61.0
Chr5,42606873,M3745,58.6,61.2
Chr5,43592488,M3746,58.8,61.4
Chr5,44586202,M3747,59.0,61.6
Chr5,46551848,M3749,59.4,62.0
Chr5,48647458,M3751,59.8,62.4
Chr5,50626853,M3753,60.2,62.800000000000004
Chr5,51564552,M3754,60.4,63.0
Chr5,52546003,M3755,60.6,63.2
Chr5,53548697,M3756,60.8,63.4
Chr5,54578848,M3757,61.0,63.6
Chr5,55568708,M3758,61.2,63.800000000000004
Chr5,57583480,M3760,61.6,64.2
Chr5,58595870,M3761,61.8,64.39999999999999
Chr5,59527865,M3762,62.0,64.6
Chr5,60410038,M3763,62.2,64.8
Chr5,61111431,M3764,62.4,65.0
Chr5,61486996,M3765,62.6,65.2
Chr5,61862933,M3766,62.8,65.39999999999999
Chr5,62643979,M3767,63.0,65.6
Chr5,63156943,M3768,63.2,65.8
Chr5,63922789,M3769,63.4,66.0
Chr5,66040590,M3771,63.8,66.39999999999999
Chr5,67249620,M3772,64.0,66.6
Chr5,68411204,M3773,64.2,66.8
Chr5,70211213,M3775,64.6,67.19999999999999
Chr5,71118403,M3776,64.8,67.39999999999999
Chr5,72036637,M3778,65.2,67.8
Chr5,72503572,M3779,65.4,68.0
Chr5,73384104,M3780,65.6,68.19999999999999
Chr5,75152654,M3781,65.8,68.39999999999999
Chr5,76587305,M3783,66.2,68.8
Chr5,77307186,M3784,66.4,69.0
Chr5,78015268,M3785,66.6,69.19999999999999
Chr5,78729384,M3786,66.8,69.39999999999999
Chr5,79424731,M3787,67.0,69.6
Chr5,80121486,M3788,67.2,69.8
Chr5,81067067,M3789,67.4,70.0
Chr5,83302600,M3791,67.8,70.39999999999999
Chr5,84943903,M3793,68.2,70.8
Chr5,86884288,M3795,68.6,71.19999999999999
Chr5,88210421,M3796,68.8,71.39999999999999
Chr5,89439806,M3797,69.0,71.6
Chr5,90748767,M3798,69.2,71.8
Chr5,92660675,M3799,69.4,72.0
Chr5,115312781,M3801,69.8,72.39999999999999
Chr5,119477095,M3802,70.0,72.6
Chr5,123957644,M3803,70.2,72.8
Chr5,128193465,M3804,70.4,73.0
Chr5,136559834,M3806,70.8,73.39999999999999
Chr5,140736850,M3807,71.0,73.6
Chr5,143348221,M3808,71.2,73.8
Chr5,145231284,M3810,71.6,74.19999999999999
Chr5,146188695,M3811,71.8,74.39999999999999
Chr5,147183259,M3812,72.0,74.6
Chr5,148179698,M3813,72.2,74.8
Chr5,149318235,M3814,72.4,75.0
Chr5,150614553,M3815,72.6,75.19999999999999
Chr5,152125525,M3816,72.8,75.39999999999999
Chr5,153411629,M3817,73.0,75.6
Chr5,154805987,M3818,73.2,75.8
Chr5,156094346,M3819,73.4,76.0
Chr5,157410517,M3820,73.6,76.19999999999999
Chr5,158722588,M3821,73.8,76.39999999999999
Chr5,159993405,M3822,74.0,76.6
Chr5,162481804,M3825,74.6,77.19999999999999
Chr5,163331958,M3827,75.0,77.6
Chr5,163750275,M3828,75.2,77.8
Chr5,164176253,M3829,75.4,78.0
Chr5,164777331,M3830,75.6,78.19999999999999
Chr5,165973086,M3832,76.0,78.6
Chr5,166563760,M3833,76.2,78.8
Chr5,167167973,M3834,76.4,79.0
Chr5,167733159,M3835,76.6,79.19999999999999
Chr5,168174115,M3836,76.8,79.39999999999999
Chr5,168489044,M3837,77.0,79.6
Chr5,169391147,M3840,77.6,80.19999999999999
Chr5,169742924,M3841,77.8,80.39999999999999
Chr5,170328828,M3843,78.2,80.8
Chr5,170761106,M3845,78.6,81.19999999999999
Chr5,171006897,M3846,78.8,81.39999999999999
Chr5,171227178,M3847,79.0,81.6
Chr5,171433863,M3848,79.2,81.8
Chr5,171651661,M3849,79.4,82.0
Chr5,171985297,M3850,79.6,82.19999999999999
Chr5,172187567,M3851,79.8,82.39999999999999
Chr5,172384233,M3852,80.0,82.6
Chr5,172586894,M3853,80.2,82.8
Chr5,172785303,M3854,80.4,83.0
Chr5,173184376,M3855,80.6,83.19999999999999
Chr5,173314068,M3856,80.8,83.39999999999999
Chr5,173440233,M3857,81.0,83.6
Chr5,173570007,M3858,81.2,83.8
Chr5,173694776,M3859,81.4,84.0
Chr5,173906098,M3860,81.6,84.19999999999999
Chr5,174098011,M3861,81.8,84.39999999999999
Chr5,174313377,M3862,82.0,84.6
Chr5,174531900,M3863,82.2,84.8
Chr5,174741903,M3864,82.4,85.0
Chr5,174948366,M3865,82.6,85.19999999999999
Chr5,175379364,M3867,83.0,85.6
Chr5,175803334,M3868,83.2,85.8
Chr5,175988520,M3869,83.4,86.0
Chr5,176181969,M3870,83.6,86.19999999999999
Chr5,176361946,M3871,83.8,86.39999999999999
Chr5,176933240,M3872,84.0,86.6
Chr5,177411996,M3875,84.6,87.19999999999999
Chr5,177606380,M3876,84.8,87.39999999999999
Chr5,177919635,M3878,85.2,87.8
Chr5,178083884,M3879,85.4,88.0
Chr5,178274835,M3880,85.6,88.19999999999999
Chr5,178454316,M3881,85.8,88.39999999999999
Chr5,178633742,M3882,86.0,88.6
Chr5,178784913,M3883,86.2,88.8
Chr5,178977447,M3884,86.4,89.0
Chr5,179340372,M3886,86.8,89.39999999999999
Chr5,179529484,M3887,87.0,89.6
Chr5,179836166,M3888,87.2,89.8
Chr5,180103716,M3889,87.4,90.0
Chr5,180487638,M3890,87.6,90.19999999999999
Chr5,180795190,M3891,87.8,90.39999999999999
Chr5,181103089,M3892,88.0,90.6
Chr5,181432645,M3893,88.2,90.8
Chr5,181754375,M3894,88.4,91.0
Chr5,182561014,M3896,88.8,91.39999999999999
Chr5,182871648,M3897,89.0,91.6
Chr5,183168594,M3898,89.2,91.8
Chr5,183555153,M3899,89.4,92.0
Chr5,183843894,M3900,89.6,92.19999999999999
Chr5,184128754,M3901,89.8,92.39999999999999
Chr5,184437793,M3902,90.0,92.6
Chr5,185117498,M3904,90.4,93.0
Chr5,186483861,M3906,90.8,93.39999999999999
Chr5,186930740,M3907,91.0,93.6
Chr5,187050411,M3908,91.2,93.8
Chr5,187179081,M3909,91.4,94.0
Chr5,187308880,M3910,91.6,94.19999999999999
Chr5,187678117,M3912,92.0,94.6
Chr5,187747041,M3913,92.2,94.8
Chr5,187928701,M3914,92.4,95.0
Chr5,188278612,M3916,92.8,95.39999999999999
Chr5,188415458,M3917,93.0,95.6
Chr5,188588714,M3918,93.2,95.8
Chr5,188729794,M3919,93.4,96.0
Chr5,188906283,M3920,93.6,96.19999999999999
Chr5,189049746,M3921,93.8,96.39999999999999
Chr5,189260014,M3922,94.0,96.6
Chr5,189435926,M3923,94.2,96.8
Chr5,190003990,M3926,94.8,97.39999999999999
Chr5,190174937,M3927,95.0,97.6
Chr5,190340870,M3928,95.2,97.8
Chr5,190518856,M3929,95.4,98.0
Chr5,191337938,M3932,96.0,98.6
Chr5,191656905,M3934,96.4,99.0
Chr5,191826658,M3935,96.6,99.19999999999999
Chr5,192000986,M3936,96.8,99.39999999999999
Chr5,192516573,M3939,97.4,100.0
Chr5,192658896,M3940,97.6,100.19999999999999
Chr5,192815863,M3941,97.8,100.39999999999999
Chr5,193011155,M3942,98.0,100.6
Chr5,193584485,M3944,98.4,101.0
Chr5,193895919,M3945,98.6,101.19999999999999
Chr5,194175708,M3946,98.8,101.39999999999999
Chr5,194443021,M3947,99.0,101.6
Chr5,194702015,M3948,99.2,101.8
Chr5,195048985,M3949,99.4,102.0
Chr5,195250712,M3950,99.6,102.19999999999999
Chr5,195585972,M3951,99.8,102.39999999999999
Chr5,195923576,M3952,100.0,102.6
Chr5,196153936,M3954,100.4,103.0
Chr5,196269404,M3955,100.6,103.19999999999999
Chr5,196502045,M3957,101.0,103.6
Chr5,197873862,M3960,101.6,104.19999999999999
Chr5,198242507,M3961,101.8,104.39999999999999
Chr5,198502857,M3962,102.0,104.6
Chr5,198753644,M3963,102.2,104.8
Chr5,198913765,M3964,102.4,105.0
Chr5,199174055,M3965,102.6,105.19999999999999
Chr5,203558056,M3968,103.2,105.8
Chr5,203805840,M3969,103.4,106.0
Chr5,204057837,M3970,103.6,106.19999999999999
Chr5,204306931,M3971,103.8,106.39999999999999
Chr5,204577522,M3972,104.0,106.6
Chr5,205618244,M3976,104.8,107.39999999999999
Chr5,205873847,M3977,105.0,107.6
Chr5,206130175,M3978,105.2,107.8
Chr5,206648327,M3980,105.6,108.19999999999999
Chr5,206906140,M3981,105.8,108.39999999999999
Chr5,207190039,M3982,106.0,108.6
Chr5,207322906,M3983,106.2,108.8
Chr5,207709838,M3984,106.4,109.0
Chr5,208137666,M3985,106.6,109.19999999999999
Chr5,208715797,M3987,107.0,109.6
Chr5,208881659,M3988,107.2,109.8
Chr5,209005572,M3989,107.4,110.0
Chr5,209121958,M3990,107.6,110.19999999999999
Chr5,209269917,M3991,107.8,110.39999999999999
Chr5,209390291,M3992,108.0,110.6
Chr5,209522020,M3993,108.2,110.8
Chr5,209752455,M3995,108.6,111.19999999999999
Chr5,210032991,M3996,108.8,111.39999999999999
Chr5,210426158,M3998,109.2,111.8
Chr5,210622559,M3999,109.4,112.0
Chr5,210804486,M4000,109.6,112.19999999999999
Chr5,210970854,M4001,109.8,112.39999999999999
Chr5,211237276,M4002,110.0,112.6
Chr5,211429972,M4003,110.2,112.8
Chr5,211724795,M4005,110.6,113.19999999999999
Chr5,211832889,M4006,110.8,113.39999999999999
Chr5,212154702,M4009,111.4,114.0
Chr5,212262221,M4010,111.6,114.19999999999999
Chr5,212316157,M4011,111.8,114.39999999999999
Chr5,212419063,M4012,112.0,114.6
Chr5,212462811,M4013,112.2,114.8
Chr5,212506447,M4014,112.4,115.0
Chr5,212550078,M4015,112.6,115.19999999999999
Chr5,212598392,M4016,112.8,115.39999999999999
Chr5,212641786,M4017,113.0,115.6
Chr5,213193041,M4023,114.2,116.8
Chr5,213294787,M4024,114.4,117.0
Chr5,213391433,M4025,114.6,117.19999999999999
Chr5,213491247,M4026,114.8,117.39999999999999
Chr5,213571166,M4027,115.0,117.6
Chr5,213644260,M4028,115.2,117.8
Chr5,213678390,M4029,115.4,118.0
Chr5,213738446,M4030,115.6,118.19999999999999
Chr5,213798451,M4031,115.8,118.39999999999999
Chr5,213858460,M4032,116.0,118.6
Chr5,213918548,M4033,116.2,118.8
Chr5,213978682,M4034,116.4,119.0
Chr5,214038750,M4035,116.6,119.19999999999999
Chr5,214098784,M4036,116.8,119.39999999999999
Chr5,214158790,M4037,117.0,119.6
Chr5,214218795,M4038,117.2,119.8
Chr5,214278921,M4039,117.4,120.0
Chr5,214338925,M4040,117.6,120.19999999999999
Chr5,214398931,M4041,117.8,120.39999999999999
Chr5,214458936,M4042,118.0,120.6
Chr5,214519072,M4043,118.2,120.8
Chr5,214590226,M4044,118.4,121.0
Chr5,214650660,M4045,118.6,121.19999999999999
Chr5,214709867,M4046,118.8,121.39999999999999
Chr5,214733754,M4047,119.0,121.6
Chr5,215007043,M4051,119.8,122.39999999999999
Chr5,215067044,M4052,120.0,122.6
Chr5,215131880,M4053,120.2,122.8
Chr5,215190926,M4054,120.4,123.0
Chr5,215250047,M4055,120.6,123.19999999999999
Chr5,215310050,M4056,120.8,123.39999999999999
Chr5,215370061,M4057,121.0,123.6
Chr5,215428655,M4058,121.2,123.8
Chr5,215607516,M4059,121.4,124.0
Chr5,215667523,M4060,121.6,124.19999999999999
Chr5,215727711,M4061,121.8,124.39999999999999
Chr5,215787717,M4062,122.0,124.6
Chr5,215847724,M4063,122.2,124.8
Chr5,215907733,M4064,122.4,125.0
Chr5,215967739,M4065,122.6,125.19999999999999
Chr5,216027744,M4066,122.8,125.39999999999999
Chr5,216089902,M4067,123.0,125.6
Chr5,216220107,M4069,123.4,126.0
Chr5,216320837,M4071,123.8,126.39999999999999
Chr5,216359125,M4072,124.0,126.6
Chr5,216421527,M4073,124.2,126.8
Chr5,216483926,M4074,124.4,127.0
Chr5,216609909,M4075,124.6,127.19999999999999
Chr5,216631262,M4076,124.8,127.39999999999999
Chr5,216686511,M4077,125.0,127.6
Chr5,216751275,M4078,125.2,127.8
Chr5,216809860,M4079,125.4,128.0
Chr5,216886027,M4080,125.6,128.2
Chr5,216951934,M4081,125.8,128.4
Chr5,217025592,M4082,126.0,128.6
Chr5,217110738,M4083,126.2,128.8
Chr5,217321420,M4084,126.4,129.0
Chr5,217548148,M4085,126.6,129.2
Chr5,217808505,M4086,126.8,129.4
Chr5,218049753,M4087,127.0,129.6
Chr5,218111830,M4088,127.2,129.8
Chr5,218161448,M4089,127.4,130.0
Chr5,218215432,M4090,127.6,130.2
Chr5,218270216,M4091,127.8,130.4
Chr5,218329371,M4092,128.0,130.6
Chr5,218391346,M4093,128.2,130.79999999999998
Chr5,218440819,M4094,128.4,131.0
Chr5,218579176,M4096,128.8,131.4
Chr5,218680783,M4098,129.2,131.79999999999998
Chr5,218736537,M4099,129.4,132.0
Chr5,218792028,M4100,129.6,132.2
Chr5,218847708,M4101,129.8,132.4
Chr5,219071934,M4105,130.6,133.2
Chr5,219129422,M4106,130.8,133.4
Chr5,219184806,M4107,131.0,133.6
Chr5,219267314,M4108,131.2,133.79999999999998
Chr5,219322692,M4109,131.4,134.0
Chr5,219356457,M4110,131.6,134.2
Chr5,219391711,M4111,131.8,134.4
Chr5,219498774,M4112,132.0,134.6
Chr5,219574221,M4114,132.4,135.0
Chr5,219621831,M4115,132.6,135.2
Chr5,219674032,M4116,132.8,135.4
Chr5,219722342,M4117,133.0,135.6
Chr5,219800058,M4119,133.4,136.0
Chr5,219848368,M4120,133.6,136.2
Chr5,219894096,M4121,133.8,136.4
Chr5,219987364,M4123,134.2,136.79999999999998
Chr5,220008045,M4124,134.4,137.0
Chr5,220068246,M4125,134.6,137.2
Chr5,220116570,M4126,134.8,137.4
Chr5,220183414,M4127,135.0,137.6
Chr5,220242028,M4128,135.2,137.79999999999998
Chr5,220288101,M4129,135.4,138.0
Chr5,220331994,M4130,135.6,138.2
Chr5,220372457,M4131,135.8,138.4
Chr5,220429667,M4132,136.0,138.6
Chr5,220477918,M4133,136.2,138.79999999999998
Chr5,220528261,M4134,136.4,139.0
Chr5,220576576,M4135,136.6,139.2
Chr5,220624996,M4136,136.8,139.4
Chr5,220727190,M4137,137.0,139.6
Chr5,220880353,M4139,137.4,140.0
Chr5,220968815,M4140,137.6,140.2
Chr5,221054184,M4141,137.8,140.4
Chr5,221100698,M4142,138.0,140.6
Chr5,221144765,M4143,138.2,140.79999999999998
Chr5,221188803,M4144,138.4,141.0
Chr5,221239827,M4145,138.6,141.2
Chr5,221282527,M4146,138.8,141.4
Chr5,221324879,M4147,139.0,141.6
Chr5,221363600,M4148,139.2,141.79999999999998
Chr5,221404967,M4149,139.4,142.0
Chr5,221449034,M4150,139.6,142.2
Chr5,221493800,M4151,139.8,142.4
Chr5,221537867,M4152,140.0,142.6
Chr5,221581929,M4153,140.2,142.79999999999998
Chr5,221668870,M4154,140.4,143.0
Chr5,221712939,M4155,140.6,143.2
Chr5,221755286,M4156,140.8,143.4
Chr5,221799351,M4157,141.0,143.6
Chr5,221890231,M4159,141.4,144.0
Chr5,221979612,M4161,141.8,144.4
Chr5,222023679,M4162,142.0,144.6
Chr5,222066782,M4163,142.2,144.79999999999998
Chr5,222128459,M4165,142.6,145.2
Chr5,222172524,M4166,142.8,145.4
Chr5,222234108,M4167,143.0,145.6
Chr5,222278178,M4168,143.2,145.79999999999998
Chr5,222322246,M4169,143.4,146.0
Chr5,222366313,M4170,143.6,146.2
Chr5,222410381,M4171,143.8,146.4
Chr5,222456136,M4172,144.0,146.6
Chr5,222500204,M4173,144.2,146.79999999999998
Chr5,222544274,M4174,144.4,147.0
Chr5,222588406,M4175,144.6,147.2
Chr5,222632553,M4176,144.8,147.4
Chr5,222680466,M4177,145.0,147.6
Chr5,222764172,M4179,145.4,148.0
Chr5,222809273,M4180,145.6,148.2
Chr5,222853344,M4181,145.8,148.4
Chr5,222897411,M4182,146.0,148.6
Chr5,222941480,M4183,146.2,148.79999999999998
Chr5,222985553,M4184,146.4,149.0
Chr5,223029503,M4185,146.6,149.2
Chr5,223073565,M4186,146.8,149.4
Chr5,223117635,M4187,147.0,149.6
Chr5,223162536,M4188,147.2,149.79999999999998
Chr5,223212026,M4189,147.4,150.0
Chr5,223256916,M4190,147.6,150.2
Chr5,223300994,M4191,147.8,150.4
Chr5,223345063,M4192,148.0,150.6
Chr5,223389133,M4193,148.2,150.79999999999998
Chr5,223433200,M4194,148.4,151.0
Chr5,223477587,M4195,148.6,151.2
Chr5,223521651,M4196,148.8,151.4
Chr5,223586535,M4198,149.2,151.79999999999998
Chr5,223630586,M4199,149.4,152.0
Chr5,223674653,M4200,149.6,152.2
Chr5,223718721,M4201,149.8,152.4
Chr5,223762788,M4202,150.0,152.6
Chr5,223806856,M4203,150.2,152.79999999999998
Chr5,223850923,M4204,150.4,153.0
Chr5,223894991,M4205,150.6,153.2
Chr5,223939058,M4206,150.8,153.4
Chr5,224072108,M4209,151.4,154.0
Chr5,224113843,M4210,151.6,154.2
Chr5,224149039,M4211,151.8,154.4
Chr5,224202538,M4212,152.0,154.6
Chr5,224288957,M4213,152.2,154.79999999999998
Chr5,224421107,M4214,152.4,155.0
Chr5,224549751,M4215,152.6,155.2
Chr5,224675710,M4216,152.8,155.4
Chr5,224804231,M4217,153.0,155.6
Chr5,225789199,M4218,153.2,155.79999999999998
Chr5,225844118,M4219,153.4,156.0
Chr5,225924589,M4220,153.6,156.2
Chr5,225988912,M4221,153.8,156.4
Chr5,226050220,M4222,154.0,156.6
Chr6,8352880,M4226,-1.2,0.0
Chr6,9644063,M4227,-1.0,0.19999999999999996
Chr6,13842344,M4230,-0.4,0.7999999999999999
Chr6,15098982,M4231,-0.2,1.0
Chr6,18282279,M4237,1.0,2.2
Chr6,19072990,M4238,1.2,2.4
Chr6,19654330,M4239,1.4,2.5999999999999996
Chr6,20250382,M4240,1.6,2.8
Chr6,20793792,M4241,1.8,3.0
Chr6,28315607,M4250,3.6,4.8
Chr6,29561362,M4252,4.0,5.2
Chr6,30801599,M4254,4.4,5.6000000000000005
Chr6,31416774,M4255,4.6,5.8
Chr6,32058777,M4256,4.8,6.0
Chr6,32734300,M4257,5.0,6.2
Chr6,33510149,M4258,5.2,6.4
Chr6,34242979,M4259,5.4,6.6000000000000005
Chr6,35030859,M4260,5.6,6.8
Chr6,35822507,M4261,5.8,7.0
Chr6,36573328,M4262,6.0,7.2
Chr6,38096934,M4264,6.4,7.6000000000000005
Chr6,38833496,M4265,6.6,7.8
Chr6,42079129,M4268,7.2,8.4
Chr6,42932771,M4269,7.4,8.6
Chr6,43778311,M4270,7.6,8.799999999999999
Chr6,47398749,M4272,8.0,9.2
Chr6,54582199,M4273,8.2,9.399999999999999
Chr6,63173751,M4274,8.4,9.6
Chr6,67579335,M4275,8.6,9.799999999999999
Chr6,69666871,M4276,8.8,10.0
Chr6,71762039,M4277,9.0,10.2
Chr6,76124401,M4279,9.4,10.6
Chr6,80221053,M4281,9.8,11.0
Chr6,82288988,M4282,10.0,11.2
Chr6,86599721,M4284,10.4,11.6
Chr6,88171770,M4285,10.6,11.799999999999999
Chr6,89049074,M4286,10.8,12.0
Chr6,90942879,M4287,11.0,12.2
Chr6,91636846,M4288,11.2,12.399999999999999
Chr6,92929034,M4290,11.6,12.799999999999999
Chr6,93447505,M4291,11.8,13.0
Chr6,93930665,M4292,12.0,13.2
Chr6,94459492,M4293,12.2,13.399999999999999
Chr6,94497098,M4294,12.4,13.6
Chr6,94905617,M4295,12.6,13.799999999999999
Chr6,95360328,M4296,12.8,14.0
Chr6,95691512,M4297,13.0,14.2
Chr6,95919281,M4298,13.2,14.399999999999999
Chr6,96171681,M4299,13.4,14.6
Chr6,96397264,M4300,13.6,14.799999999999999
Chr6,96636397,M4301,13.8,15.0
Chr6,96889102,M4302,14.0,15.2
Chr6,97131871,M4303,14.2,15.399999999999999
Chr6,97384623,M4304,14.4,15.6
Chr6,97646545,M4305,14.6,15.799999999999999
Chr6,98234721,M4306,14.8,16.0
Chr6,98475066,M4307,15.0,16.2
Chr6,98711443,M4308,15.2,16.4
Chr6,98948896,M4309,15.4,16.6
Chr6,99187639,M4310,15.6,16.8
Chr6,99425581,M4311,15.8,17.0
Chr6,99670203,M4312,16.0,17.2
Chr6,99889688,M4313,16.2,17.4
Chr6,100069115,M4314,16.4,17.599999999999998
Chr6,100313696,M4315,16.6,17.8
Chr6,100533757,M4316,16.8,18.0
Chr6,100791164,M4317,17.0,18.2
Chr6,101054923,M4318,17.2,18.4
Chr6,101305741,M4319,17.4,18.599999999999998
Chr6,101566712,M4320,17.6,18.8
Chr6,101800296,M4321,17.8,19.0
Chr6,102513528,M4324,18.4,19.599999999999998
Chr6,102859215,M4325,18.6,19.8
Chr6,103005321,M4326,18.8,20.0
Chr6,103159312,M4327,19.0,20.2
Chr6,103358882,M4328,19.2,20.4
Chr6,103511682,M4329,19.4,20.599999999999998
Chr6,103652350,M4330,19.6,20.8
Chr6,103808653,M4331,19.8,21.0
Chr6,103960813,M4332,20.0,21.2
Chr6,104108690,M4333,20.2,21.4
Chr6,104263188,M4334,20.4,21.599999999999998
Chr6,104420043,M4335,20.6,21.8
Chr6,104581737,M4336,20.8,22.0
Chr6,105132731,M4340,21.6,22.8
Chr6,105447497,M4341,21.8,23.0
Chr6,105591038,M4342,22.0,23.2
Chr6,105852862,M4343,22.2,23.4
Chr6,106091896,M4344,22.4,23.599999999999998
Chr6,106334283,M4345,22.6,23.8
Chr6,106570875,M4346,22.8,24.0
Chr6,106811136,M4347,23.0,24.2
Chr6,107029239,M4348,23.2,24.4
Chr6,107298341,M4349,23.4,24.599999999999998
Chr6,107533549,M4350,23.6,24.8
Chr6,107775828,M4351,23.8,25.0
Chr6,108007606,M4352,24.0,25.2
Chr6,108253321,M4353,24.2,25.4
Chr6,108741165,M4355,24.6,25.8
Chr6,109244616,M4357,25.0,26.2
Chr6,109672184,M4358,25.2,26.4
Chr6,109993561,M4359,25.4,26.599999999999998
Chr6,110228984,M4360,25.6,26.8
Chr6,110468492,M4361,25.8,27.0
Chr6,110715387,M4362,26.0,27.2
Chr6,110956409,M4363,26.2,27.4
Chr6,111546916,M4365,26.6,27.8
Chr6,111787138,M4366,26.8,28.0
Chr6,111991598,M4367,27.0,28.2
Chr6,112237705,M4368,27.2,28.4
Chr6,112473981,M4369,27.4,28.599999999999998
Chr6,112663618,M4370,27.6,28.8
Chr6,112755038,M4371,27.8,29.0
Chr6,112847071,M4372,28.0,29.2
Chr6,112944851,M4373,28.2,29.4
Chr6,113022783,M4374,28.4,29.599999999999998
Chr6,113561353,M4376,28.8,30.0
Chr6,114288774,M4378,29.2,30.4
Chr6,114971086,M4380,29.6,30.8
Chr6,115298954,M4381,29.8,31.0
Chr6,115630110,M4382,30.0,31.2
Chr6,115977454,M4383,30.2,31.4
Chr6,116289642,M4384,30.4,31.599999999999998
Chr6,116646764,M4385,30.6,31.8
Chr6,116974500,M4386,30.8,32.0
Chr6,118572947,M4387,31.0,32.2
Chr6,119230498,M4389,31.4,32.6
Chr6,119566878,M4390,31.6,32.800000000000004
Chr6,119908893,M4391,31.8,33.0
Chr6,120242987,M4392,32.0,33.2
Chr6,120582210,M4393,32.2,33.400000000000006
Chr6,120918187,M4394,32.4,33.6
Chr6,121577888,M4396,32.8,34.0
Chr6,121739984,M4411,35.8,37.0
Chr6,121816439,M4410,35.6,36.800000000000004
Chr6,121896231,M4409,35.4,36.6
Chr6,122135352,M4406,34.8,36.0
Chr6,122217079,M4405,34.6,35.800000000000004
Chr6,122593628,M4413,36.2,37.400000000000006
Chr6,122691526,M4414,36.4,37.6
Chr6,122774602,M4415,36.6,37.800000000000004
Chr6,122856123,M4416,36.8,38.0
Chr6,122935681,M4417,37.0,38.2
Chr6,123018510,M4418,37.2,38.400000000000006
Chr6,123099247,M4419,37.4,38.6
Chr6,123201088,M4420,37.6,38.800000000000004
Chr6,123431622,M4423,38.2,39.400000000000006
Chr6,123753208,M4427,39.0,40.2
Chr6,123825721,M4428,39.2,40.400000000000006
Chr6,123917288,M4429,39.4,40.6
Chr6,124006518,M4430,39.6,40.800000000000004
Chr6,124082348,M4431,39.8,41.0
Chr6,124179075,M4432,40.0,41.2
Chr6,124246484,M4433,40.2,41.400000000000006
Chr6,124417239,M4435,40.6,41.800000000000004
Chr6,124509407,M4436,40.8,42.0
Chr6,124591886,M4437,41.0,42.2
Chr6,124674007,M4438,41.2,42.400000000000006
Chr6,125983727,M4439,41.4,42.6
Chr6,126773142,M4440,41.6,42.800000000000004
Chr6,127605805,M4441,41.8,43.0
Chr6,128092055,M4442,42.0,43.2
Chr6,128399775,M4444,42.4,43.6
Chr6,128671067,M4446,42.8,44.0
Chr6,128822274,M4447,43.0,44.2
Chr6,128973235,M4448,43.2,44.400000000000006
Chr6,129329576,M4449,43.4,44.6
Chr6,129711741,M4450,43.6,44.800000000000004
Chr6,130029416,M4451,43.8,45.0
Chr6,130431603,M4452,44.0,45.2
Chr6,130948786,M4453,44.2,45.400000000000006
Chr6,131434063,M4454,44.4,45.6
Chr6,131985135,M4455,44.6,45.800000000000004
Chr6,132559594,M4456,44.8,46.0
Chr6,133112030,M4457,45.0,46.2
Chr6,133671380,M4458,45.2,46.400000000000006
Chr6,134218218,M4459,45.4,46.6
Chr6,134719429,M4460,45.6,46.800000000000004
Chr6,135071967,M4461,45.8,47.0
Chr6,135390711,M4462,46.0,47.2
Chr6,135877957,M4463,46.2,47.400000000000006
Chr6,136413675,M4464,46.4,47.6
Chr6,138179456,M4467,47.0,48.2
Chr6,138768159,M4468,47.2,48.400000000000006
Chr6,139343107,M4469,47.4,48.6
Chr6,139965590,M4470,47.6,48.800000000000004
Chr6,140573242,M4471,47.8,49.0
Chr6,140755405,M4472,48.0,49.2
Chr6,140897372,M4473,48.2,49.400000000000006
Chr6,141041188,M4474,48.4,49.6
Chr6,141184342,M4475,48.6,49.800000000000004
Chr6,141326700,M4476,48.8,50.0
Chr6,141625683,M4478,49.2,50.400000000000006
Chr6,141771253,M4479,49.4,50.6
Chr6,141911478,M4480,49.6,50.800000000000004
Chr6,142052591,M4481,49.8,51.0
Chr6,143130777,M4485,50.6,51.800000000000004
Chr6,143403196,M4486,50.8,52.0
Chr6,143668489,M4487,51.0,52.2
Chr6,143907919,M4488,51.2,52.400000000000006
Chr6,144164438,M4489,51.4,52.6
Chr6,144422418,M4490,51.6,52.800000000000004
Chr6,144689350,M4491,51.8,53.0
Chr6,145007591,M4492,52.0,53.2
Chr6,146974241,M4495,52.6,53.800000000000004
Chr6,148315760,M4497,53.0,54.2
Chr6,148731041,M4498,53.2,54.400000000000006
Chr6,149162724,M4499,53.4,54.6
Chr6,149575439,M4500,53.6,54.800000000000004
Chr6,150014788,M4501,53.8,55.0
Chr6,150595279,M4502,54.0,55.2
Chr6,151190833,M4503,54.2,55.400000000000006
Chr6,151772765,M4504,54.4,55.6
Chr6,152232321,M4505,54.6,55.800000000000004
Chr6,152541692,M4506,54.8,56.0
Chr6,152850961,M4507,55.0,56.2
Chr6,153432224,M4509,55.4,56.6
Chr6,153795630,M4510,55.6,56.800000000000004
Chr6,154215189,M4511,55.8,57.0
Chr6,154617429,M4512,56.0,57.2
Chr6,155135441,M4513,56.2,57.400000000000006
Chr6,155938977,M4515,56.6,57.800000000000004
Chr6,156170323,M4516,56.8,58.0
Chr6,156417994,M4517,57.0,58.2
Chr6,156875879,M4519,57.4,58.6
Chr6,157470145,M4522,58.0,59.2
Chr6,157633958,M4523,58.2,59.400000000000006
Chr6,157967342,M4525,58.6,59.800000000000004
Chr6,158138234,M4526,58.8,60.0
Chr6,158307025,M4527,59.0,60.2
Chr6,158606160,M4528,59.2,60.400000000000006
Chr6,158856825,M4529,59.4,60.6
Chr6,159025843,M4531,59.8,61.0
Chr6,159129215,M4532,60.0,61.2
Chr6,159228440,M4533,60.2,61.400000000000006
Chr6,159332372,M4534,60.4,61.6
Chr6,159524913,M4536,60.8,62.0
Chr6,159734673,M4538,61.2,62.400000000000006
Chr6,159966689,M4539,61.4,62.6
Chr6,160208679,M4540,61.6,62.800000000000004
Chr6,160331507,M4541,61.8,63.0
Chr6,160453110,M4542,62.0,63.2
Chr6,160576275,M4543,62.2,63.400000000000006
Chr6,160702997,M4544,62.4,63.6
Chr6,160825288,M4545,62.6,63.800000000000004
Chr6,160969880,M4546,62.8,64.0
Chr6,161091848,M4547,63.0,64.2
Chr6,161198752,M4548,63.2,64.4
Chr6,161319770,M4549,63.4,64.6
Chr6,161436072,M4550,63.6,64.8
Chr6,161568549,M4551,63.8,65.0
Chr6,161692207,M4552,64.0,65.2
Chr6,161835796,M4553,64.2,65.4
Chr6,161956315,M4554,64.4,65.60000000000001
Chr6,162098586,M4555,64.6,65.8
Chr6,162226288,M4556,64.8,66.0
Chr6,162355345,M4557,65.0,66.2
Chr6,162475912,M4558,65.2,66.4
Chr6,162691580,M4560,65.6,66.8
Chr6,162814053,M4561,65.8,67.0
Chr6,162936371,M4562,66.0,67.2
Chr6,163179224,M4564,66.4,67.60000000000001
Chr6,163296231,M4565,66.6,67.8
Chr6,163417923,M4566,66.8,68.0
Chr6,163684763,M4568,67.2,68.4
Chr6,163818567,M4569,67.4,68.60000000000001
Chr6,163984569,M4570,67.6,68.8
Chr6,164069578,M4571,67.8,69.0
Chr6,164192407,M4572,68.0,69.2
Chr6,164308521,M4573,68.2,69.4
Chr6,164436418,M4574,68.4,69.60000000000001
Chr6,164560135,M4575,68.6,69.8
Chr6,164684500,M4576,68.8,70.0
Chr6,164806792,M4577,69.0,70.2
Chr6,164930952,M4578,69.2,70.4
Chr6,165301619,M4581,69.8,71.0
Chr6,165425508,M4582,70.0,71.2
Chr6,165548598,M4583,70.2,71.4
Chr6,165640260,M4584,70.4,71.60000000000001
Chr6,165734809,M4585,70.6,71.8
Chr6,166440404,M4590,71.6,72.8
Chr6,166531785,M4591,71.8,73.0
Chr6,166634661,M4592,72.0,73.2
Chr6,166727219,M4593,72.2,73.4
Chr6,166819425,M4594,72.4,73.60000000000001
Chr6,166916821,M4595,72.6,73.8
Chr6,167098752,M4597,73.0,74.2
Chr6,167372907,M4600,73.6,74.8
Chr6,167465209,M4601,73.8,75.0
Chr6,167556177,M4602,74.0,75.2
Chr6,167741833,M4604,74.4,75.60000000000001
Chr6,167835858,M4605,74.6,75.8
Chr6,167934341,M4606,74.8,76.0
Chr6,167989093,M4607,75.0,76.2
Chr6,168009661,M4608,75.2,76.4
Chr6,168030225,M4609,75.4,76.60000000000001
Chr6,168051410,M4610,75.6,76.8
Chr6,168432972,M4613,76.2,77.4
Chr6,168684045,M4615,76.6,77.8
Chr6,168823651,M4616,76.8,78.0
Chr6,169199050,M4619,77.4,78.60000000000001
Chr6,169401531,M4620,77.6,78.8
Chr6,169537529,M4621,77.8,79.0
Chr6,169634377,M4622,78.0,79.2
Chr6,169774484,M4623,78.2,79.4
Chr6,169889344,M4624,78.4,79.60000000000001
Chr6,169941020,M4625,78.6,79.8
Chr6,170001296,M4626,78.8,80.0
Chr6,170059723,M4627,79.0,80.2
Chr6,170118144,M4628,79.2,80.4
Chr6,170235303,M4630,79.6,80.8
Chr6,170354279,M4632,80.0,81.2
Chr6,170412359,M4633,80.2,81.4
Chr6,170471630,M4634,80.4,81.60000000000001
Chr6,170589062,M4636,80.8,82.0
Chr6,170707532,M4638,81.2,82.4
Chr6,170764184,M4639,81.4,82.60000000000001
Chr6,170819483,M4640,81.6,82.8
Chr6,170877532,M4641,81.8,83.0
Chr6,170962208,M4642,82.0,83.2
Chr6,171060856,M4644,82.4,83.60000000000001
Chr6,171119021,M4645,82.6,83.8
Chr6,171180460,M4646,82.8,84.0
Chr6,171236740,M4647,83.0,84.2
Chr6,171294793,M4648,83.2,84.4
Chr6,171352300,M4649,83.4,84.60000000000001
Chr6,171409687,M4650,83.6,84.8
Chr6,171464396,M4651,83.8,85.0
Chr6,171522523,M4652,84.0,85.2
Chr6,171579724,M4653,84.2,85.4
Chr6,171637779,M4654,84.4,85.60000000000001
Chr6,171746926,M4656,84.8,86.0
Chr6,171805697,M4657,85.0,86.2
Chr6,171875978,M4658,85.2,86.4
Chr6,171934014,M4659,85.4,86.60000000000001
Chr6,172067232,M4661,85.8,87.0
Chr6,172123366,M4662,86.0,87.2
Chr6,172346288,M4663,86.2,87.4
Chr6,172691167,M4664,86.4,87.60000000000001
Chr6,173043285,M4665,86.6,87.8
Chr6,173084011,M4666,86.8,88.0
Chr6,173124806,M4667,87.0,88.2
Chr6,173165861,M4668,87.2,88.4
Chr6,173206650,M4669,87.4,88.60000000000001
Chr6,173299456,M4671,87.8,89.0
Chr6,173340572,M4672,88.0,89.2
Chr6,173381383,M4673,88.2,89.4
Chr6,173422197,M4674,88.4,89.60000000000001
Chr6,173463004,M4675,88.6,89.8
Chr6,173503937,M4676,88.8,90.0
Chr6,173543914,M4677,89.0,90.2
Chr6,173584711,M4678,89.2,90.4
Chr6,173625434,M4679,89.4,90.60000000000001
Chr6,173666297,M4680,89.6,90.8
Chr6,173748209,M4682,90.0,91.2
Chr6,173789662,M4683,90.2,91.4
Chr6,173880563,M4685,90.6,91.8
Chr6,173921371,M4686,90.8,92.0
Chr6,173961498,M4687,91.0,92.2
Chr6,173982065,M4688,91.2,92.4
Chr6,174044508,M4689,91.4,92.60000000000001
Chr6,174086487,M4690,91.6,92.8
Chr6,174126960,M4691,91.8,93.0
Chr6,174171761,M4692,92.0,93.2
Chr6,174213650,M4693,92.2,93.4
Chr6,174255106,M4694,92.4,93.60000000000001
Chr6,174295906,M4695,92.6,93.8
Chr6,174336867,M4696,92.8,94.0
Chr6,174370351,M4697,93.0,94.2
Chr6,174436010,M4698,93.2,94.4
Chr6,174480802,M4699,93.4,94.60000000000001
Chr6,174517825,M4700,93.6,94.8
Chr6,174558055,M4701,93.8,95.0
Chr6,174685977,M4702,94.0,95.2
Chr6,174850023,M4704,94.4,95.60000000000001
Chr6,174942096,M4705,94.6,95.8
Chr6,175032574,M4706,94.8,96.0
Chr6,175126961,M4707,95.0,96.2
Chr6,175218921,M4708,95.2,96.4
Chr6,175276180,M4709,95.4,96.60000000000001
Chr6,175343406,M4710,95.6,96.8
Chr6,175385653,M4711,95.8,97.0
Chr6,175430368,M4712,96.0,97.2
Chr6,175535238,M4714,96.4,97.60000000000001
Chr6,175609989,M4715,96.6,97.8
Chr6,175684489,M4716,96.8,98.0
Chr6,175761384,M4717,97.0,98.2
Chr6,175793664,M4718,97.2,98.4
Chr6,175824453,M4719,97.4,98.60000000000001
Chr6,175855242,M4720,97.6,98.8
Chr6,175886028,M4721,97.8,99.0
Chr6,175916764,M4722,98.0,99.2
Chr6,175947554,M4723,98.2,99.4
Chr6,175978331,M4724,98.4,99.60000000000001
Chr6,176009115,M4725,98.6,99.8
Chr6,176039906,M4726,98.8,100.0
Chr6,176054010,M4727,99.0,100.2
Chr6,176084392,M4728,99.2,100.4
Chr6,176137695,M4729,99.4,100.60000000000001
Chr6,176168486,M4730,99.6,100.8
Chr6,176200583,M4731,99.8,101.0
Chr6,176231372,M4732,100.0,101.2
Chr6,176292812,M4734,100.4,101.60000000000001
Chr6,176338782,M4736,100.8,102.0
Chr6,176417852,M4737,101.0,102.2
Chr6,176476311,M4738,101.2,102.4
Chr6,176620951,M4740,101.6,102.8
Chr6,176719271,M4742,102.0,103.2
Chr6,176782161,M4743,102.2,103.4
Chr6,176845217,M4744,102.4,103.60000000000001
Chr6,176905960,M4745,102.6,103.8
Chr6,176954570,M4746,102.8,104.0
Chr6,177028848,M4747,103.0,104.2
Chr6,177089540,M4748,103.2,104.4
Chr6,177244020,M4750,103.6,104.8
Chr6,177274990,M4751,103.8,105.0
Chr6,177344211,M4752,104.0,105.2
Chr6,177409704,M4753,104.2,105.4
Chr6,177464628,M4754,104.4,105.60000000000001
Chr6,177534683,M4755,104.6,105.8
Chr6,177595725,M4756,104.8,106.0
Chr6,177659622,M4757,105.0,106.2
Chr6,177694765,M4758,105.2,106.4
Chr6,177818015,M4760,105.6,106.8
Chr6,177933864,M4762,106.0,107.2
Chr6,177996066,M4763,106.2,107.4
Chr6,178057537,M4764,106.4,107.60000000000001
Chr6,178119017,M4765,106.6,107.8
Chr6,178173545,M4766,106.8,108.0
Chr6,178229524,M4767,107.0,108.2
Chr6,178283015,M4768,107.2,108.4
Chr6,178336091,M4769,107.4,108.60000000000001
Chr6,178391103,M4770,107.6,108.8
Chr6,178446882,M4771,107.8,109.0
Chr6,178499689,M4772,108.0,109.2
Chr6,178990733,M4773,108.2,109.4
Chr6,179286310,M4774,108.4,109.60000000000001
Chr6,179517273,M4775,108.6,109.8
Chr6,179758550,M4776,108.8,110.0
Chr6,179973384,M4777,109.0,110.2
Chr6,180427157,M4779,109.4,110.60000000000001
Chr7,415009,M4784,-1.0,0.0
Chr7,1206896,M4794,1.0,2.0
Chr7,1243328,M4795,1.2,2.2
Chr7,1294959,M4796,1.4,2.4
Chr7,1346587,M4797,1.6,2.6
Chr7,1397063,M4798,1.8,2.8
Chr7,1444448,M4799,2.0,3.0
Chr7,1499141,M4800,2.2,3.2
Chr7,1550962,M4801,2.4,3.4
Chr7,1602538,M4802,2.6,3.6
Chr7,1654161,M4803,2.8,3.8
Chr7,1759058,M4805,3.2,4.2
Chr7,1809839,M4806,3.4,4.4
Chr7,1860135,M4807,3.6,4.6
Chr7,1901175,M4808,3.8,4.8
Chr7,1954934,M4809,4.0,5.0
Chr7,2006558,M4810,4.2,5.2
Chr7,2058190,M4811,4.4,5.4
Chr7,2109047,M4812,4.6,5.6
Chr7,2160811,M4813,4.8,5.8
Chr7,2199139,M4814,5.0,6.0
Chr7,2250768,M4815,5.2,6.2
Chr7,2296120,M4816,5.4,6.4
Chr7,2320905,M4817,5.6,6.6
Chr7,2428090,M4819,6.0,7.0
Chr7,2481232,M4820,6.2,7.2
Chr7,2536529,M4821,6.4,7.4
Chr7,2588151,M4822,6.6,7.6
Chr7,2640229,M4823,6.8,7.8
Chr7,2716587,M4827,7.6,8.6
Chr7,2825872,M4828,7.8,8.8
Chr7,2860595,M4829,8.0,9.0
Chr7,2889669,M4830,8.2,9.2
Chr7,2923625,M4831,8.4,9.4
Chr7,2957643,M4832,8.6,9.6
Chr7,2996368,M4833,8.8,9.8
Chr7,3025584,M4834,9.0,10.0
Chr7,3073559,M4835,9.2,10.2
Chr7,3107507,M4836,9.4,10.4
Chr7,3166301,M4838,9.8,10.8
Chr7,3197397,M4839,10.0,11.0
Chr7,3252309,M4840,10.2,11.2
Chr7,3295521,M4841,10.4,11.4
Chr7,3329955,M4842,10.6,11.6
Chr7,3363903,M4843,10.8,11.8
Chr7,3407293,M4844,11.0,12.0
Chr7,3441246,M4845,11.2,12.2
Chr7,3486132,M4846,11.4,12.4
Chr7,3549134,M4848,11.8,12.8
Chr7,3580893,M4849,12.0,13.0
Chr7,3621972,M4850,12.2,13.2
Chr7,3651478,M4851,12.4,13.4
Chr7,3685177,M4852,12.6,13.6
Chr7,3719139,M4853,12.8,13.8
Chr7,3752002,M4854,13.0,14.0
Chr7,3786365,M4855,13.2,14.2
Chr7,3922001,M4859,14.0,15.0
Chr7,3956043,M4860,14.2,15.2
Chr7,4003597,M4861,14.4,15.4
Chr7,4037559,M4862,14.6,15.6
Chr7,4082204,M4864,15.0,16.0
Chr7,4116159,M4865,15.2,16.2
Chr7,4146359,M4866,15.4,16.4
Chr7,4183035,M4867,15.6,16.6
Chr7,4216790,M4868,15.8,16.8
Chr7,4317496,M4871,16.4,17.4
Chr7,4351452,M4872,16.6,17.6
Chr7,4385406,M4873,16.8,17.8
Chr7,4419365,M4874,17.0,18.0
Chr7,4472926,M4876,17.4,18.4
Chr7,4566688,M4877,17.6,18.6
Chr7,4615055,M4878,17.8,18.8
Chr7,4649203,M4879,18.0,19.0
Chr7,4683157,M4880,18.2,19.2
Chr7,4717116,M4881,18.4,19.4
Chr7,4751085,M4882,18.6,19.6
Chr7,4801123,M4883,18.8,19.8
Chr7,4829560,M4884,19.0,20.0
Chr7,4859370,M4885,19.2,20.2
Chr7,4902810,M4886,19.4,20.4
Chr7,4954951,M4888,19.8,20.8
Chr7,4988902,M4889,20.0,21.0
Chr7,5114689,M4891,20.4,21.4
Chr7,5134494,M4893,20.8,21.8
Chr7,5198228,M4895,21.2,22.2
Chr7,5232441,M4896,21.4,22.4
Chr7,5262048,M4897,21.6,22.6
Chr7,5305202,M4898,21.8,22.8
Chr7,5347945,M4899,22.0,23.0
Chr7,5390540,M4900,22.2,23.2
Chr7,5509089,M4901,22.4,23.4
Chr7,5551634,M4902,22.6,23.6
Chr7,5592754,M4903,22.8,23.8
Chr7,5748561,M4907,23.6,24.6
Chr7,5777635,M4909,24.0,25.0
Chr7,5874255,M4910,24.2,25.2
Chr7,5916673,M4911,24.4,25.4
Chr7,5966608,M4912,24.6,25.6
Chr7,6008555,M4913,24.8,25.8
Chr7,6053913,M4914,25.0,26.0
Chr7,6138990,M4915,25.2,26.2
Chr7,6182994,M4916,25.4,26.4
Chr7,6226873,M4917,25.6,26.6
Chr7,6271749,M4918,25.8,26.8
Chr7,6314844,M4919,26.0,27.0
Chr7,6359070,M4920,26.2,27.2
Chr7,6404284,M4921,26.4,27.4
Chr7,6494087,M4923,26.8,27.8
Chr7,6593841,M4925,27.2,28.2
Chr7,6639053,M4926,27.4,28.4
Chr7,6684243,M4927,27.6,28.6
Chr7,6730068,M4928,27.8,28.8
Chr7,6767665,M4929,28.0,29.0
Chr7,6872733,M4930,28.2,29.2
Chr7,6930627,M4931,28.4,29.4
Chr7,7044639,M4932,28.6,29.6
Chr7,7162859,M4933,28.8,29.8
Chr7,7292961,M4934,29.0,30.0
Chr7,7519094,M4936,29.4,30.4
Chr7,7638271,M4937,29.6,30.6
Chr7,7755655,M4938,29.8,30.8
Chr7,7875658,M4939,30.0,31.0
Chr7,7992015,M4940,30.2,31.2
Chr7,8100014,M4942,30.6,31.6
Chr7,8215515,M4943,30.8,31.8
Chr7,8328388,M4944,31.0,32.0
Chr7,8450657,M4945,31.2,32.2
Chr7,8542827,M4946,31.4,32.4
Chr7,8782648,M4948,31.8,32.8
Chr7,8900663,M4949,32.0,33.0
Chr7,9021336,M4950,32.2,33.2
Chr7,9136489,M4951,32.4,33.4
Chr7,9260188,M4952,32.6,33.6
Chr7,9367783,M4953,32.8,33.8
Chr7,9482582,M4954,33.0,34.0
Chr7,9577056,M4955,33.2,34.2
Chr7,9697747,M4956,33.4,34.4
Chr7,9816911,M4957,33.6,34.6
Chr7,9930155,M4958,33.8,34.8
Chr7,10051352,M4959,34.0,35.0
Chr7,10166391,M4960,34.2,35.2
Chr7,10285468,M4961,34.4,35.4
Chr7,10407897,M4962,34.6,35.6
Chr7,10620569,M4964,35.0,36.0
Chr7,10737188,M4965,35.2,36.2
Chr7,10852676,M4966,35.4,36.4
Chr7,10967495,M4967,35.6,36.6
Chr7,11081886,M4968,35.8,36.8
Chr7,11195239,M4969,36.0,37.0
Chr7,11430451,M4971,36.4,37.4
Chr7,11552072,M4972,36.6,37.6
Chr7,11849997,M4974,37.0,38.0
Chr7,11965406,M4975,37.2,38.2
Chr7,12082488,M4976,37.4,38.4
Chr7,12255455,M4977,37.6,38.6
Chr7,12335114,M4978,37.8,38.8
Chr7,12446217,M4979,38.0,39.0
Chr7,12572477,M4980,38.2,39.2
Chr7,12699241,M4981,38.4,39.4
Chr7,12816026,M4982,38.6,39.6
Chr7,12919675,M4983,38.8,39.8
Chr7,13080095,M4984,39.0,40.0
Chr7,13200779,M4985,39.2,40.2
Chr7,13346803,M4986,39.4,40.4
Chr7,13443466,M4987,39.6,40.6
Chr7,13624638,M4988,39.8,40.8
Chr7,14054460,M4990,40.2,41.2
Chr7,14244501,M4991,40.4,41.4
Chr7,14465859,M4992,40.6,41.6
Chr7,14675238,M4993,40.8,41.8
Chr7,14896805,M4994,41.0,42.0
Chr7,15198860,M4995,41.2,42.2
Chr7,15408493,M4996,41.4,42.4
Chr7,15617365,M4997,41.6,42.6
Chr7,15816127,M4998,41.8,42.8
Chr7,16342940,M5000,42.2,43.2
Chr7,16559547,M5001,42.4,43.4
Chr7,17006718,M5003,42.8,43.8
Chr7,17218902,M5004,43.0,44.0
Chr7,17448422,M5005,43.2,44.2
Chr7,17676462,M5006,43.4,44.4
Chr7,17900941,M5007,43.6,44.6
Chr7,18359349,M5008,43.8,44.8
Chr7,19059307,M5009,44.0,45.0
Chr7,19766439,M5010,44.2,45.2
Chr7,21140196,M5012,44.6,45.6
Chr7,21469943,M5013,44.8,45.8
Chr7,22242431,M5015,45.2,46.2
Chr7,22573709,M5016,45.4,46.4
Chr7,22883047,M5017,45.6,46.6
Chr7,24621917,M5019,46.0,47.0
Chr7,26414458,M5021,46.4,47.4
Chr7,27247423,M5022,46.6,47.6
Chr7,28114733,M5023,46.8,47.8
Chr7,29023805,M5024,47.0,48.0
Chr7,29902861,M5025,47.2,48.2
Chr7,31548125,M5027,47.6,48.6
Chr7,32294558,M5028,47.8,48.8
Chr7,35176440,M5029,48.0,49.0
Chr7,39230314,M5030,48.2,49.2
Chr7,40365728,M5031,48.4,49.4
Chr7,41378285,M5032,48.6,49.6
Chr7,86974194,M5034,49.0,50.0
Chr7,89230906,M5035,49.2,50.2
Chr7,92654268,M5036,49.4,50.4
Chr7,101842592,M5038,49.8,50.8
Chr7,103126071,M5039,50.0,51.0
Chr7,105190934,M5040,50.2,51.2
Chr7,108795039,M5042,50.6,51.6
Chr7,111440141,M5044,51.0,52.0
Chr7,111829526,M5045,51.2,52.2
Chr7,112239057,M5046,51.4,52.4
Chr7,112656509,M5047,51.6,52.6
Chr7,112901774,M5048,51.8,52.8
Chr7,113719079,M5050,52.2,53.2
Chr7,114120416,M5051,52.4,53.4
Chr7,114524412,M5052,52.6,53.6
Chr7,115363989,M5054,53.0,54.0
Chr7,115769231,M5055,53.2,54.2
Chr7,116169440,M5056,53.4,54.4
Chr7,116579242,M5057,53.6,54.6
Chr7,117805159,M5060,54.2,55.2
Chr7,119459888,M5064,55.0,56.0
Chr7,119879058,M5065,55.2,56.2
Chr7,120289379,M5066,55.4,56.4
Chr7,120696235,M5067,55.6,56.6
Chr7,121076465,M5068,55.8,56.8
Chr7,122063777,M5070,56.2,57.2
Chr7,122714795,M5071,56.4,57.4
Chr7,123513185,M5073,56.8,57.8
Chr7,123916198,M5074,57.0,58.0
Chr7,124309588,M5075,57.2,58.2
Chr7,124788697,M5076,57.4,58.4
Chr7,125150816,M5077,57.6,58.6
Chr7,125576309,M5078,57.8,58.8
Chr7,126104122,M5079,58.0,59.0
Chr7,126908389,M5081,58.4,59.4
Chr7,127252128,M5082,58.6,59.6
Chr7,127655159,M5083,58.8,59.8
Chr7,128071319,M5084,59.0,60.0
Chr7,128476321,M5085,59.2,60.2
Chr7,129340706,M5087,59.6,60.6
Chr7,129771399,M5088,59.8,60.8
Chr7,130179404,M5089,60.0,61.0
Chr7,130593817,M5090,60.2,61.2
Chr7,131274080,M5092,60.6,61.6
Chr7,131676292,M5093,60.8,61.8
Chr7,132073384,M5094,61.0,62.0
Chr7,132461706,M5095,61.2,62.2
Chr7,132599321,M5096,61.4,62.4
Chr7,132735770,M5097,61.6,62.6
Chr7,132873144,M5098,61.8,62.8
Chr7,133013714,M5099,62.0,63.0
Chr7,133160238,M5100,62.2,63.2
Chr7,133311610,M5101,62.4,63.4
Chr7,133679892,M5103,62.8,63.8
Chr7,133812192,M5104,63.0,64.0
Chr7,134311711,M5105,63.2,64.2
Chr7,134648724,M5106,63.4,64.4
Chr7,134906717,M5107,63.6,64.6
Chr7,135408931,M5111,64.4,65.4
Chr7,135564014,M5112,64.6,65.6
Chr7,135726256,M5113,64.8,65.8
Chr7,135878994,M5114,65.0,66.0
Chr7,136036443,M5115,65.2,66.2
Chr7,136193065,M5116,65.4,66.4
Chr7,136354376,M5117,65.6,66.6
Chr7,136508276,M5118,65.8,66.8
Chr7,136663227,M5119,66.0,67.0
Chr7,136820368,M5120,66.2,67.2
Chr7,136969585,M5121,66.4,67.4
Chr7,137155762,M5122,66.6,67.6
Chr7,137297298,M5123,66.8,67.8
Chr7,137440690,M5124,67.0,68.0
Chr7,137597178,M5125,67.2,68.2
Chr7,137758955,M5126,67.4,68.4
Chr7,137917763,M5127,67.6,68.6
Chr7,138071704,M5128,67.8,68.8
Chr7,138228788,M5129,68.0,69.0
Chr7,138383253,M5130,68.2,69.2
Chr7,138544669,M5131,68.4,69.4
Chr7,138708016,M5132,68.6,69.6
Chr7,139020110,M5134,69.0,70.0
Chr7,139190176,M5135,69.2,70.2
Chr7,139329956,M5136,69.4,70.4
Chr7,139530322,M5137,69.6,70.6
Chr7,140296395,M5140,70.2,71.2
Chr7,140563269,M5141,70.4,71.4
Chr7,140822348,M5142,70.6,71.6
Chr7,141203541,M5149,72.0,73.0
Chr7,141733335,M5148,71.8,72.8
Chr7,142260276,M5147,71.6,72.6
Chr7,142721431,M5146,71.4,72.4
Chr7,143110453,M5145,71.2,72.2
Chr7,143333254,M5144,71.0,72.0
Chr7,144562147,M5150,72.2,73.2
Chr7,145083669,M5151,72.4,73.4
Chr7,145742957,M5152,72.6,73.6
Chr7,146224801,M5154,73.0,74.0
Chr7,146499648,M5155,73.2,74.2
Chr7,146748517,M5156,73.4,74.4
Chr7,147137853,M5157,73.6,74.6
Chr7,147384616,M5158,73.8,74.8
Chr7,147624249,M5159,74.0,75.0
Chr7,148095838,M5161,74.4,75.4
Chr7,148332830,M5162,74.6,75.6
Chr7,148578512,M5163,74.8,75.8
Chr7,148991637,M5165,75.2,76.2
Chr7,149085773,M5166,75.4,76.4
Chr7,149179786,M5167,75.6,76.6
Chr7,149275826,M5168,75.8,76.8
Chr7,149369288,M5169,76.0,77.0
Chr7,149492758,M5170,76.2,77.2
Chr7,149702672,M5171,76.4,77.4
Chr7,149991114,M5172,76.6,77.6
Chr7,150270839,M5173,76.8,77.8
Chr7,150476765,M5174,77.0,78.0
Chr7,150689348,M5175,77.2,78.2
Chr7,150909917,M5176,77.4,78.4
Chr7,151102850,M5177,77.6,78.6
Chr7,151327508,M5178,77.8,78.8
Chr7,151747402,M5180,78.2,79.2
Chr7,151951418,M5181,78.4,79.4
Chr7,152177459,M5182,78.6,79.6
Chr7,152398389,M5183,78.8,79.8
Chr7,153070086,M5185,79.2,80.2
Chr7,153260884,M5186,79.4,80.4
Chr7,153497516,M5187,79.6,80.6
Chr7,153887399,M5189,80.0,81.0
Chr7,154104456,M5190,80.2,81.2
Chr7,154348607,M5191,80.4,81.4
Chr7,155259925,M5194,81.0,82.0
Chr7,155467837,M5195,81.2,82.2
Chr7,155874972,M5197,81.6,82.6
Chr7,156114142,M5198,81.8,82.8
Chr7,156325279,M5199,82.0,83.0
Chr7,156533036,M5200,82.2,83.2
Chr7,159193766,M5201,82.4,83.4
Chr7,159397718,M5202,82.6,83.6
Chr7,159606368,M5203,82.8,83.8
Chr7,160104517,M5205,83.2,84.2
Chr7,160327182,M5206,83.4,84.4
Chr7,160717460,M5208,83.8,84.8
Chr7,160917099,M5209,84.0,85.0
Chr7,161125444,M5210,84.2,85.2
Chr7,161300604,M5211,84.4,85.4
Chr7,161508313,M5212,84.6,85.6
Chr7,161918350,M5214,85.0,86.0
Chr7,162122172,M5215,85.2,86.2
Chr7,162322805,M5216,85.4,86.4
Chr7,162505598,M5217,85.6,86.6
Chr7,162706925,M5218,85.8,86.8
Chr7,163081904,M5220,86.2,87.2
Chr7,163508648,M5222,86.6,87.6
Chr7,163712476,M5223,86.8,87.8
Chr7,163926780,M5224,87.0,88.0
Chr7,164131881,M5225,87.2,88.2
Chr7,164357872,M5226,87.4,88.4
Chr7,164495516,M5227,87.6,88.6
Chr7,164732511,M5228,87.8,88.8
Chr7,164924764,M5229,88.0,89.0
Chr7,165557940,M5232,88.6,89.6
Chr7,165827649,M5233,88.8,89.8
Chr7,165982481,M5234,89.0,90.0
Chr7,166184086,M5235,89.2,90.2
Chr7,166289910,M5236,89.4,90.4
Chr7,166487739,M5237,89.6,90.6
Chr7,166548406,M5238,89.8,90.8
Chr7,166646393,M5239,90.0,91.0
Chr7,166752378,M5240,90.2,91.2
Chr7,166858699,M5241,90.4,91.4
Chr7,166966596,M5242,90.6,91.6
Chr7,167295419,M5245,91.2,92.2
Chr7,167403241,M5246,91.4,92.4
Chr7,167512674,M5247,91.6,92.6
Chr7,167618538,M5248,91.8,92.8
Chr7,167725672,M5249,92.0,93.0
Chr7,167831007,M5250,92.2,93.2
Chr7,167899128,M5251,92.4,93.4
Chr7,168003723,M5252,92.6,93.6
Chr7,168110742,M5253,92.8,93.8
Chr7,168314881,M5255,93.2,94.2
Chr7,168425997,M5256,93.4,94.4
Chr7,168536318,M5257,93.6,94.6
Chr7,168641966,M5258,93.8,94.8
Chr7,168950797,M5261,94.4,95.4
Chr7,169083892,M5262,94.6,95.6
Chr7,169197767,M5263,94.8,95.8
Chr7,169306971,M5264,95.0,96.0
Chr7,169407208,M5265,95.2,96.2
Chr7,169504838,M5266,95.4,96.4
Chr7,169599421,M5267,95.6,96.6
Chr7,169699768,M5268,95.8,96.8
Chr7,169975181,M5270,96.2,97.2
Chr7,170090011,M5272,96.6,97.6
Chr7,170186978,M5273,96.8,97.8
Chr7,170273253,M5274,97.0,98.0
Chr7,170385668,M5275,97.2,98.2
Chr7,170483556,M5276,97.4,98.4
Chr7,170617191,M5278,97.8,98.8
Chr7,170714469,M5279,98.0,99.0
Chr7,171050335,M5282,98.6,99.6
Chr7,171147377,M5283,98.8,99.8
Chr7,171269335,M5284,99.0,100.0
Chr7,171551404,M5287,99.6,100.6
Chr7,171635370,M5288,99.8,100.8
Chr7,171731038,M5289,100.0,101.0
Chr7,171840684,M5290,100.2,101.2
Chr7,171978038,M5292,100.6,101.6
Chr7,172118302,M5293,100.8,101.8
Chr7,172215958,M5294,101.0,102.0
Chr7,172316584,M5295,101.2,102.2
Chr7,172424237,M5296,101.4,102.4
Chr7,172634610,M5298,101.8,102.8
Chr7,172900338,M5301,102.4,103.4
Chr7,173019635,M5302,102.6,103.6
Chr7,173127337,M5303,102.8,103.8
Chr7,173221995,M5304,103.0,104.0
Chr7,173319512,M5305,103.2,104.2
Chr7,173633233,M5308,103.8,104.8
Chr7,173728821,M5309,104.0,105.0
Chr7,173828601,M5310,104.2,105.2
Chr7,173926717,M5311,104.4,105.4
Chr7,174025785,M5312,104.6,105.6
Chr7,174126665,M5313,104.8,105.8
Chr7,174223737,M5314,105.0,106.0
Chr7,174303958,M5315,105.2,106.2
Chr7,174388545,M5316,105.4,106.4
Chr7,174467824,M5317,105.6,106.6
Chr7,174551354,M5318,105.8,106.8
Chr7,174636079,M5319,106.0,107.0
Chr7,174720526,M5320,106.2,107.2
Chr7,174778002,M5321,106.4,107.4
Chr7,174859588,M5322,106.6,107.6
Chr7,175049690,M5324,107.0,108.0
Chr7,175101539,M5325,107.2,108.2
Chr7,175137740,M5326,107.4,108.4
Chr7,175268355,M5327,107.6,108.6
Chr7,175408747,M5329,108.0,109.0
Chr7,175514933,M5330,108.2,109.2
Chr7,175595138,M5331,108.4,109.4
Chr7,175681415,M5332,108.6,109.6
Chr7,175762634,M5333,108.8,109.8
Chr7,175856193,M5334,109.0,110.0
Chr7,175936471,M5335,109.2,110.2
Chr7,176019056,M5336,109.4,110.4
Chr7,176160569,M5338,109.8,110.8
Chr7,176244959,M5339,110.0,111.0
Chr7,176325734,M5340,110.2,111.2
Chr7,176438498,M5342,110.6,111.6
Chr7,176498651,M5343,110.8,111.8
Chr7,176590888,M5344,111.0,112.0
Chr7,176634689,M5345,111.2,112.2
Chr7,176702917,M5346,111.4,112.4
Chr7,176768982,M5347,111.6,112.6
Chr7,176895139,M5349,112.0,113.0
Chr7,177028491,M5350,112.2,113.2
Chr7,177104835,M5351,112.4,113.4
Chr7,177154657,M5352,112.6,113.6
Chr7,177216737,M5354,113.0,114.0
Chr7,177310172,M5355,113.2,114.2
Chr7,177382481,M5356,113.4,114.4
Chr7,177439917,M5357,113.6,114.6
Chr7,177492348,M5358,113.8,114.8
Chr7,177640043,M5360,114.2,115.2
Chr7,177708734,M5361,114.4,115.4
Chr7,177817786,M5362,114.6,115.6
Chr7,178049594,M5364,115.0,116.0
Chr7,178305756,M5366,115.4,116.4
Chr7,178429771,M5367,115.6,116.6
Chr7,178700109,M5369,116.0,117.0
Chr7,179118179,M5372,116.6,117.6
Chr7,179387647,M5374,117.0,118.0
Chr7,179676776,M5376,117.4,118.4
Chr7,179765306,M5377,117.6,118.6
Chr7,179809632,M5378,117.8,118.8
Chr7,179867076,M5379,118.0,119.0
Chr7,179904155,M5380,118.2,119.2
Chr7,179948313,M5381,118.4,119.4
Chr7,180019198,M5382,118.6,119.6
Chr7,180034152,M5383,118.8,119.8
Chr7,180083599,M5384,119.0,120.0
Chr7,180136544,M5385,119.2,120.2
Chr7,180175123,M5386,119.4,120.4
Chr7,180218793,M5387,119.6,120.6
Chr7,180262341,M5388,119.8,120.8
Chr7,180311415,M5389,120.0,121.0
Chr7,180355234,M5390,120.2,121.2
Chr7,180599380,M5391,120.4,121.4
Chr7,180835413,M5392,120.6,121.6
Chr7,180869334,M5393,120.8,121.8
Chr7,180953369,M5395,121.2,122.2
Chr7,180983816,M5396,121.4,122.4
Chr7,181056832,M5397,121.6,122.6
Chr7,181108325,M5398,121.8,122.8
Chr7,181150721,M5400,122.2,123.2
Chr7,181220214,M5402,122.6,123.6
Chr7,181294755,M5403,122.8,123.8
Chr7,181376863,M5405,123.2,124.2
Chr7,181439892,M5406,123.4,124.4
Chr7,181486793,M5407,123.6,124.6
Chr7,181534980,M5408,123.8,124.8
Chr7,181570697,M5409,124.0,125.0
Chr7,181617426,M5410,124.2,125.2
Chr7,181661951,M5411,124.4,125.4
Chr7,181711271,M5413,124.8,125.8
Chr7,181758172,M5414,125.0,126.0
Chr7,181805142,M5415,125.2,126.2
Chr7,181853028,M5416,125.4,126.4
Chr7,181899844,M5417,125.6,126.6
Chr7,181943754,M5418,125.8,126.8
Chr7,181988311,M5419,126.0,127.0
Chr7,182035216,M5420,126.2,127.2
Chr7,182076380,M5422,126.6,127.6
Chr7,182162287,M5423,126.8,127.8
Chr7,182206435,M5424,127.0,128.0
Chr7,182279854,M5426,127.4,128.4
Chr7,182327480,M5427,127.6,128.6
Chr7,182382564,M5428,127.8,128.8
Chr7,182435218,M5429,128.0,129.0
Chr7,182488748,M5430,128.2,129.2
Chr7,182535657,M5431,128.4,129.4
Chr7,182638203,M5433,128.8,129.8
Chr7,182688150,M5434,129.0,130.0
Chr7,182772223,M5437,129.6,130.6
Chr7,182814178,M5438,129.8,130.8
Chr7,182859659,M5439,130.0,131.0
Chr7,182904010,M5440,130.2,131.2
Chr7,182943553,M5441,130.4,131.4
Chr7,182986999,M5442,130.6,131.6
Chr7,183076213,M5444,131.0,132.0
Chr7,183123003,M5445,131.2,132.2
Chr7,183169144,M5446,131.4,132.4
Chr7,183216188,M5447,131.6,132.6
Chr7,183337017,M5449,132.0,133.0
Chr7,183383867,M5450,132.2,133.2
Chr7,183428820,M5451,132.4,133.4
Chr7,183476436,M5452,132.6,133.6
Chr7,183523081,M5453,132.8,133.8
Chr7,183570040,M5454,133.0,134.0
Chr7,183616942,M5455,133.2,134.2
Chr7,183664321,M5456,133.4,134.4
Chr7,183711227,M5457,133.6,134.6
Chr7,183759133,M5458,133.8,134.8
Chr7,184177930,M5460,134.2,135.2
Chr7,184363703,M5461,134.4,135.4
Chr7,184547748,M5462,134.6,135.6
Chr7,184724376,M5463,134.8,135.8
Chr7,184798641,M5464,135.0,136.0
Chr7,184879504,M5465,135.2,136.2
Chr7,184949544,M5466,135.4,136.4
Chr7,185108469,M5468,135.8,136.8
Chr7,185185867,M5469,136.0,137.0
Chr7,185239879,M5470,136.2,137.2
Chr7,185309466,M5471,136.4,137.4
Chr7,185378782,M5472,136.6,137.6
Chr7,185480198,M5473,136.8,137.8
Chr7,185539793,M5474,137.0,138.0
Chr7,185609711,M5475,137.2,138.2
Chr8,440652,M5476,-0.4,0.0
Chr8,516266,M5477,-0.2,0.2
Chr8,757443,M5480,0.4,0.8
Chr8,803781,M5481,0.6,1.0
Chr8,885874,M5482,0.8,1.2000000000000002
Chr8,961941,M5483,1.0,1.4
Chr8,1058663,M5484,1.2,1.6
Chr8,1128976,M5485,1.4,1.7999999999999998
Chr8,1220921,M5486,1.6,2.0
Chr8,1302923,M5487,1.8,2.2
Chr8,1543316,M5490,2.4,2.8
Chr8,1782255,M5493,3.0,3.4
Chr8,1864439,M5494,3.2,3.6
Chr8,1949464,M5495,3.4,3.8
Chr8,2030652,M5496,3.6,4.0
Chr8,2113772,M5497,3.8,4.2
Chr8,2195085,M5498,4.0,4.4
Chr8,2279104,M5499,4.2,4.6000000000000005
Chr8,2359693,M5500,4.4,4.800000000000001
Chr8,2442757,M5501,4.6,5.0
Chr8,2522298,M5502,4.8,5.2
Chr8,2599815,M5503,5.0,5.4
Chr8,2680729,M5504,5.2,5.6000000000000005
Chr8,2778943,M5505,5.4,5.800000000000001
Chr8,2860728,M5506,5.6,6.0
Chr8,2918580,M5507,5.8,6.2
Chr8,3025043,M5508,6.0,6.4
Chr8,3115748,M5509,6.2,6.6000000000000005
Chr8,3198478,M5510,6.4,6.800000000000001
Chr8,3289602,M5511,6.6,7.0
Chr8,3344388,M5512,6.8,7.2
Chr8,3422022,M5513,7.0,7.4
Chr8,3503156,M5514,7.2,7.6000000000000005
Chr8,3594365,M5515,7.4,7.800000000000001
Chr8,3670042,M5516,7.6,8.0
Chr8,3762543,M5517,7.8,8.2
Chr8,3836269,M5518,8.0,8.4
Chr8,3924625,M5519,8.2,8.6
Chr8,3995869,M5520,8.4,8.8
Chr8,4154846,M5522,8.8,9.200000000000001
Chr8,4237233,M5523,9.0,9.4
Chr8,4410564,M5525,9.4,9.8
Chr8,4492945,M5526,9.6,10.0
Chr8,4563785,M5528,10.0,10.4
Chr8,4593846,M5529,10.2,10.6
Chr8,4629228,M5530,10.4,10.8
Chr8,4671984,M5531,10.6,11.0
Chr8,4713596,M5532,10.8,11.200000000000001
Chr8,4846111,M5535,11.4,11.8
Chr8,4899165,M5536,11.6,12.0
Chr8,5026484,M5539,12.2,12.6
Chr8,5086073,M5543,13.0,13.4
Chr8,5214556,M5544,13.2,13.6
Chr8,5263178,M5545,13.4,13.8
Chr8,5303571,M5546,13.6,14.0
Chr8,5325123,M5547,13.8,14.200000000000001
Chr8,5372136,M5548,14.0,14.4
Chr8,5415966,M5549,14.2,14.6
Chr8,5457192,M5550,14.4,14.8
Chr8,5489304,M5551,14.6,15.0
Chr8,5552994,M5552,14.8,15.200000000000001
Chr8,5597961,M5553,15.0,15.4
Chr8,5634520,M5554,15.2,15.6
Chr8,5680410,M5555,15.4,15.8
Chr8,5780619,M5557,15.8,16.2
Chr8,5826726,M5558,16.0,16.4
Chr8,5871692,M5559,16.2,16.599999999999998
Chr8,5916566,M5560,16.4,16.799999999999997
Chr8,6006454,M5562,16.8,17.2
Chr8,6105610,M5563,17.0,17.4
Chr8,6235949,M5564,17.2,17.599999999999998
Chr8,6389681,M5565,17.4,17.799999999999997
Chr8,6568211,M5566,17.6,18.0
Chr8,6814532,M5567,17.8,18.2
Chr8,7270240,M5570,18.4,18.799999999999997
Chr8,7374718,M5571,18.6,19.0
Chr8,7482064,M5572,18.8,19.2
Chr8,7592349,M5573,19.0,19.4
Chr8,7700716,M5574,19.2,19.599999999999998
Chr8,7813960,M5575,19.4,19.799999999999997
Chr8,7909470,M5576,19.6,20.0
Chr8,8039928,M5577,19.8,20.2
Chr8,8341156,M5580,20.4,20.799999999999997
Chr8,8455670,M5581,20.6,21.0
Chr8,8577845,M5582,20.8,21.2
Chr8,8701992,M5583,21.0,21.4
Chr8,8855404,M5585,21.4,21.799999999999997
Chr8,8983316,M5587,21.8,22.2
Chr8,9130687,M5589,22.2,22.599999999999998
Chr8,9201420,M5590,22.4,22.799999999999997
Chr8,9275532,M5591,22.6,23.0
Chr8,9444801,M5593,23.0,23.4
Chr8,9520486,M5594,23.2,23.599999999999998
Chr8,9596279,M5595,23.4,23.799999999999997
Chr8,9670748,M5596,23.6,24.0
Chr8,9746022,M5597,23.8,24.2
Chr8,9827838,M5598,24.0,24.4
Chr8,9908554,M5599,24.2,24.599999999999998
Chr8,9984585,M5600,24.4,24.799999999999997
Chr8,10058080,M5601,24.6,25.0
Chr8,10127072,M5602,24.8,25.2
Chr8,10210687,M5603,25.0,25.4
Chr8,10354489,M5605,25.4,25.799999999999997
Chr8,10428564,M5606,25.6,26.0
Chr8,10500398,M5607,25.8,26.2
Chr8,10574647,M5608,26.0,26.4
Chr8,10648916,M5609,26.2,26.599999999999998
Chr8,10723727,M5610,26.4,26.799999999999997
Chr8,10790772,M5611,26.6,27.0
Chr8,10866856,M5612,26.8,27.2
Chr8,10946862,M5613,27.0,27.4
Chr8,11003599,M5614,27.2,27.599999999999998
Chr8,11086169,M5615,27.4,27.799999999999997
Chr8,11166293,M5616,27.6,28.0
Chr8,11263423,M5617,27.8,28.2
Chr8,11341783,M5618,28.0,28.4
Chr8,11416279,M5619,28.2,28.599999999999998
Chr8,11490316,M5620,28.4,28.799999999999997
Chr8,11563521,M5621,28.6,29.0
Chr8,11629175,M5622,28.8,29.2
Chr8,11703187,M5623,29.0,29.4
Chr8,11782189,M5624,29.2,29.599999999999998
Chr8,11859354,M5625,29.4,29.799999999999997
Chr8,11933685,M5626,29.6,30.0
Chr8,11946726,M5627,29.8,30.2
Chr8,11956434,M5628,30.0,30.4
Chr8,12186120,M5631,30.6,31.0
Chr8,12248562,M5632,30.8,31.2
Chr8,12351644,M5633,31.0,31.4
Chr8,12434821,M5634,31.2,31.599999999999998
Chr8,12523976,M5635,31.4,31.799999999999997
Chr8,12874688,M5638,32.0,32.4
Chr8,13070041,M5639,32.2,32.6
Chr8,13129781,M5640,32.4,32.8
Chr8,13154634,M5641,32.6,33.0
Chr8,13221613,M5642,32.8,33.199999999999996
Chr8,13295021,M5643,33.0,33.4
Chr8,13443063,M5645,33.4,33.8
Chr8,13530150,M5646,33.6,34.0
Chr8,13620263,M5647,33.8,34.199999999999996
Chr8,13661952,M5648,34.0,34.4
Chr8,13733803,M5649,34.2,34.6
Chr8,13807598,M5650,34.4,34.8
Chr8,13943611,M5652,34.8,35.199999999999996
Chr8,14035306,M5653,35.0,35.4
Chr8,14106138,M5654,35.2,35.6
Chr8,14178865,M5655,35.4,35.8
Chr8,14251601,M5656,35.6,36.0
Chr8,14335426,M5657,35.8,36.199999999999996
Chr8,14409594,M5658,36.0,36.4
Chr8,14486283,M5659,36.2,36.6
Chr8,14700274,M5660,36.4,36.8
Chr8,14917218,M5661,36.6,37.0
Chr8,15109060,M5662,36.8,37.199999999999996
Chr8,15317335,M5663,37.0,37.4
Chr8,15494330,M5664,37.2,37.6
Chr8,15853801,M5666,37.6,38.0
Chr8,16031678,M5667,37.8,38.199999999999996
Chr8,16229170,M5668,38.0,38.4
Chr8,16395495,M5669,38.2,38.6
Chr8,16553240,M5670,38.4,38.8
Chr8,16838890,M5671,38.6,39.0
Chr8,17013405,M5672,38.8,39.199999999999996
Chr8,17192806,M5673,39.0,39.4
Chr8,17344793,M5674,39.2,39.6
Chr8,17449804,M5675,39.4,39.8
Chr8,17570294,M5676,39.6,40.0
Chr8,17676782,M5677,39.8,40.199999999999996
Chr8,17785238,M5678,40.0,40.4
Chr8,18000348,M5680,40.4,40.8
Chr8,18109387,M5681,40.6,41.0
Chr8,18252918,M5682,40.8,41.199999999999996
Chr8,18358989,M5683,41.0,41.4
Chr8,18469192,M5684,41.2,41.6
Chr8,18573626,M5685,41.4,41.8
Chr8,18699216,M5686,41.6,42.0
Chr8,18816198,M5687,41.8,42.199999999999996
Chr8,18959183,M5688,42.0,42.4
Chr8,19096724,M5689,42.2,42.6
Chr8,19224100,M5690,42.4,42.8
Chr8,19373995,M5691,42.6,43.0
Chr8,19505085,M5692,42.8,43.199999999999996
Chr8,19619658,M5693,43.0,43.4
Chr8,19805204,M5694,43.2,43.6
Chr8,19937353,M5695,43.4,43.8
Chr8,20168334,M5697,43.8,44.199999999999996
Chr8,20298874,M5698,44.0,44.4
Chr8,20432934,M5699,44.2,44.6
Chr8,20566242,M5700,44.4,44.8
Chr8,20699560,M5701,44.6,45.0
Chr8,20973167,M5703,45.0,45.4
Chr8,21104098,M5704,45.2,45.6
Chr8,21249242,M5705,45.4,45.8
Chr8,21487052,M5707,45.8,46.199999999999996
Chr8,21620481,M5708,46.0,46.4
Chr8,21752500,M5709,46.2,46.6
Chr8,21887760,M5710,46.4,46.8
Chr8,22158266,M5712,46.8,47.199999999999996
Chr8,22290028,M5713,47.0,47.4
Chr8,22410475,M5714,47.2,47.6
Chr8,22519561,M5715,47.4,47.8
Chr8,22636924,M5716,47.6,48.0
Chr8,22801050,M5718,48.0,48.4
Chr8,22899853,M5719,48.2,48.6
Chr8,22984155,M5720,48.4,48.8
Chr8,23217022,M5721,48.6,49.0
Chr8,23435010,M5722,48.8,49.199999999999996
Chr8,23653336,M5723,49.0,49.4
Chr8,23865088,M5724,49.2,49.6
Chr8,24316383,M5726,49.6,50.0
Chr8,24594328,M5727,49.8,50.199999999999996
Chr8,24850056,M5728,50.0,50.4
Chr8,25112532,M5729,50.2,50.6
Chr8,25377585,M5730,50.4,50.8
Chr8,28549653,M5731,50.6,51.0
Chr8,32176672,M5732,50.8,51.199999999999996
Chr8,34834320,M5733,51.0,51.4
Chr8,37983359,M5734,51.2,51.6
Chr8,41121747,M5735,51.4,51.8
Chr8,44228732,M5736,51.6,52.0
Chr8,50198854,M5738,52.0,52.4
Chr8,59603805,M5739,52.2,52.6
Chr8,67825511,M5741,52.6,53.0
Chr8,71793353,M5742,52.8,53.199999999999996
Chr8,72882702,M5743,53.0,53.4
Chr8,73971430,M5744,53.2,53.6
Chr8,74777585,M5745,53.4,53.8
Chr8,77206255,M5747,53.8,54.199999999999996
Chr8,79457011,M5748,54.0,54.4
Chr8,81762088,M5749,54.2,54.6
Chr8,83993478,M5750,54.4,54.8
Chr8,89823808,M5754,55.2,55.6
Chr8,91165198,M5755,55.4,55.8
Chr8,92504522,M5756,55.6,56.0
Chr8,93757949,M5757,55.8,56.199999999999996
Chr8,94980373,M5758,56.0,56.4
Chr8,96184748,M5759,56.2,56.6
Chr8,97400868,M5760,56.4,56.8
Chr8,99985963,M5762,56.8,57.199999999999996
Chr8,101234137,M5763,57.0,57.4
Chr8,102510171,M5764,57.2,57.6
Chr8,103860226,M5766,57.6,58.0
Chr8,104084268,M5767,57.8,58.199999999999996
Chr8,104839686,M5768,58.0,58.4
Chr8,105486872,M5769,58.2,58.6
Chr8,106129703,M5770,58.4,58.8
Chr8,106829582,M5771,58.6,59.0
Chr8,107468688,M5772,58.8,59.199999999999996
Chr8,108147944,M5773,59.0,59.4
Chr8,109543862,M5775,59.4,59.8
Chr8,110182170,M5776,59.6,60.0
Chr8,110824154,M5777,59.8,60.199999999999996
Chr8,112333469,M5779,60.2,60.6
Chr8,112973621,M5780,60.4,60.8
Chr8,113587646,M5781,60.6,61.0
Chr8,114262659,M5782,60.8,61.199999999999996
Chr8,115740258,M5784,61.2,61.6
Chr8,116627806,M5785,61.4,61.8
Chr8,117337468,M5786,61.6,62.0
Chr8,118080314,M5787,61.8,62.199999999999996
Chr8,118899562,M5788,62.0,62.4
Chr8,119371091,M5789,62.2,62.6
Chr8,119790429,M5790,62.4,62.8
Chr8,120049743,M5791,62.6,63.0
Chr8,120408974,M5792,62.8,63.199999999999996
Chr8,120733452,M5793,63.0,63.4
Chr8,121576517,M5795,63.4,63.8
Chr8,122004889,M5796,63.6,64.0
Chr8,122393159,M5797,63.8,64.2
Chr8,122821505,M5798,64.0,64.4
Chr8,123162035,M5799,64.2,64.60000000000001
Chr8,123493508,M5800,64.4,64.80000000000001
Chr8,123852236,M5801,64.6,65.0
Chr8,124295319,M5802,64.8,65.2
Chr8,124642493,M5803,65.0,65.4
Chr8,125021071,M5804,65.2,65.60000000000001
Chr8,125359642,M5805,65.4,65.80000000000001
Chr8,125910608,M5806,65.6,66.0
Chr8,126276139,M5807,65.8,66.2
Chr8,127314138,M5810,66.4,66.80000000000001
Chr8,127664117,M5811,66.6,67.0
Chr8,129109518,M5813,67.0,67.4
Chr8,131043578,M5814,67.2,67.60000000000001
Chr8,131890970,M5815,67.4,67.80000000000001
Chr8,132729814,M5816,67.6,68.0
Chr8,134111963,M5817,67.8,68.2
Chr8,134568485,M5818,68.0,68.4
Chr8,135060012,M5819,68.2,68.60000000000001
Chr8,135546032,M5820,68.4,68.80000000000001
Chr8,136026975,M5821,68.6,69.0
Chr8,136505465,M5822,68.8,69.2
Chr8,137058142,M5823,69.0,69.4
Chr8,137582196,M5824,69.2,69.60000000000001
Chr8,138121720,M5825,69.4,69.80000000000001
Chr8,139413724,M5826,69.6,70.0
Chr8,140181281,M5827,69.8,70.2
Chr8,141694455,M5829,70.2,70.60000000000001
Chr8,142493542,M5830,70.4,70.80000000000001
Chr8,143063904,M5831,70.6,71.0
Chr8,144234568,M5833,71.0,71.4
Chr8,144752258,M5834,71.2,71.60000000000001
Chr8,145308115,M5835,71.4,71.80000000000001
Chr8,145621322,M5836,71.6,72.0
Chr8,145937192,M5837,71.8,72.2
Chr8,146261378,M5838,72.0,72.4
Chr8,146928708,M5840,72.4,72.80000000000001
Chr8,147258972,M5841,72.6,73.0
Chr8,147552539,M5842,72.8,73.2
Chr8,147869256,M5843,73.0,73.4
Chr8,148177255,M5844,73.2,73.60000000000001
Chr8,148484444,M5845,73.4,73.80000000000001
Chr8,148856146,M5846,73.6,74.0
Chr8,149172311,M5847,73.8,74.2
Chr8,149470746,M5848,74.0,74.4
Chr8,149772656,M5849,74.2,74.60000000000001
Chr8,149979668,M5850,74.4,74.80000000000001
Chr8,150193916,M5851,74.6,75.0
Chr8,150404071,M5852,74.8,75.2
Chr8,150615439,M5853,75.0,75.4
Chr8,151700477,M5858,76.0,76.4
Chr8,151949606,M5859,76.2,76.60000000000001
Chr8,152191482,M5860,76.4,76.80000000000001
Chr8,152457052,M5861,76.6,77.0
Chr8,152972750,M5863,77.0,77.4
Chr8,153225550,M5864,77.2,77.60000000000001
Chr8,153744251,M5866,77.6,78.0
Chr8,153996366,M5867,77.8,78.2
Chr8,154250571,M5868,78.0,78.4
Chr8,154481318,M5869,78.2,78.60000000000001
Chr8,154728125,M5870,78.4,78.80000000000001
Chr8,154972143,M5871,78.6,79.0
Chr8,155218163,M5872,78.8,79.2
Chr8,155463616,M5873,79.0,79.4
Chr8,155714946,M5874,79.2,79.60000000000001
Chr8,155948640,M5875,79.4,79.80000000000001
Chr8,156475528,M5877,79.8,80.2
Chr8,157225258,M5880,80.4,80.80000000000001
Chr8,157456947,M5881,80.6,81.0
Chr8,158125769,M5882,80.8,81.2
Chr8,158769494,M5883,81.0,81.4
Chr8,159412123,M5884,81.2,81.60000000000001
Chr8,159986925,M5885,81.4,81.80000000000001
Chr8,162543607,M5887,81.8,82.2
Chr8,162793128,M5888,82.0,82.4
Chr8,163105790,M5889,82.2,82.60000000000001
Chr8,163553036,M5890,82.4,82.80000000000001
Chr8,163806162,M5892,82.8,83.2
Chr8,163924304,M5893,83.0,83.4
Chr8,163990758,M5894,83.2,83.60000000000001
Chr8,164167326,M5895,83.4,83.80000000000001
Chr8,164298673,M5896,83.6,84.0
Chr8,164420159,M5897,83.8,84.2
Chr8,164557673,M5898,84.0,84.4
Chr8,164716496,M5899,84.2,84.60000000000001
Chr8,164820203,M5900,84.4,84.80000000000001
Chr8,164925108,M5901,84.6,85.0
Chr8,165045272,M5902,84.8,85.2
Chr8,165163981,M5903,85.0,85.4
Chr8,165289960,M5904,85.2,85.60000000000001
Chr8,165408492,M5905,85.4,85.80000000000001
Chr8,165533168,M5906,85.6,86.0
Chr8,165666187,M5907,85.8,86.2
Chr8,165804667,M5908,86.0,86.4
Chr8,165937122,M5909,86.2,86.60000000000001
Chr8,166054878,M5910,86.4,86.80000000000001
Chr8,166176748,M5911,86.6,87.0
Chr8,166385509,M5913,87.0,87.4
Chr8,166527923,M5914,87.2,87.60000000000001
Chr8,166635011,M5915,87.4,87.80000000000001
Chr8,166752784,M5916,87.6,88.0
Chr8,166953285,M5917,87.8,88.2
Chr8,167069228,M5918,88.0,88.4
Chr8,167323259,M5919,88.2,88.60000000000001
Chr8,167550015,M5920,88.4,88.80000000000001
Chr8,167680470,M5921,88.6,89.0
Chr8,167823232,M5922,88.8,89.2
Chr8,167970119,M5923,89.0,89.4
Chr8,168093929,M5924,89.2,89.60000000000001
Chr8,168210010,M5925,89.4,89.80000000000001
Chr8,168311899,M5926,89.6,90.0
Chr8,168464037,M5927,89.8,90.2
Chr8,168511200,M5928,90.0,90.4
Chr8,168609649,M5929,90.2,90.60000000000001
Chr8,168711205,M5930,90.4,90.80000000000001
Chr8,168809822,M5931,90.6,91.0
Chr8,168911664,M5932,90.8,91.2
Chr8,169016824,M5933,91.0,91.4
Chr8,169185532,M5934,91.2,91.60000000000001
Chr8,169418277,M5935,91.4,91.80000000000001
Chr8,169660659,M5936,91.6,92.0
Chr8,169910257,M5937,91.8,92.2
Chr8,170062977,M5938,92.0,92.4
Chr8,170173572,M5940,92.4,92.80000000000001
Chr8,170303752,M5942,92.8,93.2
Chr8,170365893,M5943,93.0,93.4
Chr8,170509716,M5945,93.4,93.80000000000001
Chr8,170572628,M5946,93.6,94.0
Chr8,170643705,M5947,93.8,94.2
Chr8,170762789,M5949,94.2,94.60000000000001
Chr8,170830261,M5950,94.4,94.80000000000001
Chr8,170888673,M5951,94.6,95.0
Chr8,170953082,M5952,94.8,95.2
Chr8,171199274,M5953,95.0,95.4
Chr8,171264314,M5954,95.2,95.60000000000001
Chr8,171328899,M5955,95.4,95.80000000000001
Chr8,171413677,M5956,95.6,96.0
Chr8,171506311,M5957,95.8,96.2
Chr8,171582107,M5958,96.0,96.4
Chr8,171668822,M5959,96.2,96.60000000000001
Chr8,171720893,M5960,96.4,96.80000000000001
Chr8,171742172,M5961,96.6,97.0
Chr8,171763004,M5962,96.8,97.2
Chr8,171783782,M5963,97.0,97.4
Chr8,171804080,M5964,97.2,97.60000000000001
Chr8,171823208,M5965,97.4,97.80000000000001
Chr8,171843986,M5966,97.6,98.0
Chr8,171863396,M5967,97.8,98.2
Chr8,171884161,M5968,98.0,98.4
Chr8,171957078,M5969,98.2,98.60000000000001
Chr8,172024689,M5970,98.4,98.80000000000001
Chr8,172092338,M5971,98.6,99.0
Chr8,172167275,M5972,98.8,99.2
Chr8,172229708,M5973,99.0,99.4
Chr8,172290801,M5974,99.2,99.60000000000001
Chr8,172355919,M5975,99.4,99.80000000000001
Chr8,172509706,M5977,99.8,100.2
Chr8,172569339,M5978,100.0,100.4
Chr8,172630227,M5979,100.2,100.60000000000001
Chr8,172691575,M5980,100.4,100.80000000000001
Chr8,172752810,M5981,100.6,101.0
Chr8,172812457,M5982,100.8,101.2
Chr8,172867608,M5983,101.0,101.4
Chr8,172927669,M5984,101.2,101.60000000000001
Chr8,173055075,M5986,101.6,102.0
Chr8,173112373,M5987,101.8,102.2
Chr8,173146956,M5988,102.0,102.4
Chr8,173291896,M5990,102.4,102.80000000000001
Chr8,173351538,M5991,102.6,103.0
Chr8,173405491,M5992,102.8,103.2
Chr8,173469261,M5993,103.0,103.4
Chr8,173529558,M5994,103.2,103.60000000000001
Chr8,173587895,M5995,103.4,103.80000000000001
Chr8,173654801,M5996,103.6,104.0
Chr8,173806314,M5998,104.0,104.4
Chr8,173879799,M5999,104.2,104.60000000000001
Chr8,173955279,M6000,104.4,104.80000000000001
Chr8,174036735,M6001,104.6,105.0
Chr8,174111789,M6002,104.8,105.2
Chr8,174184782,M6003,105.0,105.4
Chr8,174325888,M6005,105.4,105.80000000000001
Chr8,174405763,M6006,105.6,106.0
Chr8,174478312,M6007,105.8,106.2
Chr8,174552364,M6008,106.0,106.4
Chr8,174699851,M6010,106.4,106.80000000000001
Chr8,174774109,M6011,106.6,107.0
Chr8,174834628,M6012,106.8,107.2
Chr8,174882119,M6013,107.0,107.4
Chr8,174932541,M6014,107.2,107.60000000000001
Chr8,175012330,M6016,107.6,108.0
Chr8,175060065,M6017,107.8,108.2
Chr8,175103445,M6018,108.0,108.4
Chr8,175155536,M6019,108.2,108.60000000000001
Chr8,175204665,M6020,108.4,108.80000000000001
Chr8,175323471,M6023,109.0,109.4
Chr8,175407341,M6025,109.4,109.80000000000001
Chr8,175449554,M6026,109.6,110.0
Chr8,175494317,M6027,109.8,110.2
Chr8,175559379,M6028,110.0,110.4
Chr8,175606998,M6029,110.2,110.60000000000001
Chr8,175654629,M6030,110.4,110.80000000000001
Chr8,175689186,M6031,110.6,111.0
Chr8,175737025,M6032,110.8,111.2
Chr8,175784578,M6033,111.0,111.4
Chr8,175847511,M6035,111.4,111.80000000000001
Chr8,175898394,M6036,111.6,112.0
Chr8,175946127,M6037,111.8,112.2
Chr8,175993863,M6038,112.0,112.4
Chr8,176176842,M6042,112.8,113.2
Chr8,176222519,M6043,113.0,113.4
Chr8,176314475,M6045,113.4,113.80000000000001
Chr8,176362719,M6046,113.6,114.0
Chr8,176411940,M6047,113.8,114.2
Chr8,176477497,M6048,114.0,114.4
Chr8,176556468,M6049,114.2,114.60000000000001
Chr8,176604597,M6050,114.4,114.80000000000001
Chr8,176652332,M6051,114.6,115.0
Chr8,176700061,M6052,114.8,115.2
Chr8,176747853,M6053,115.0,115.4
Chr8,176795371,M6054,115.2,115.60000000000001
Chr8,176850905,M6055,115.4,115.80000000000001
Chr8,176953376,M6057,115.8,116.2
Chr8,177001588,M6058,116.0,116.4
Chr8,177052027,M6059,116.2,116.60000000000001
Chr8,177088759,M6060,116.4,116.80000000000001
Chr8,177137932,M6061,116.6,117.0
Chr8,177178625,M6062,116.8,117.2
Chr8,177217114,M6063,117.0,117.4
Chr8,177280326,M6064,117.2,117.60000000000001
Chr8,177337129,M6065,117.4,117.80000000000001
Chr8,177401966,M6066,117.6,118.0
Chr8,177470535,M6067,117.8,118.2
Chr8,177536545,M6068,118.0,118.4
Chr8,177674342,M6070,118.4,118.80000000000001
Chr8,177774797,M6072,118.8,119.2
Chr8,177834628,M6073,119.0,119.4
Chr8,177863131,M6074,119.2,119.60000000000001
Chr8,177884755,M6075,119.4,119.80000000000001
Chr8,177912926,M6076,119.6,120.0
Chr8,177940847,M6077,119.8,120.2
Chr8,177969017,M6078,120.0,120.4
Chr8,177997464,M6079,120.2,120.60000000000001
Chr8,178025633,M6080,120.4,120.80000000000001
Chr8,178053803,M6081,120.6,121.0
Chr8,178083177,M6082,120.8,121.2
Chr8,178112895,M6083,121.0,121.4
Chr8,178141055,M6084,121.2,121.60000000000001
Chr8,178169295,M6085,121.4,121.80000000000001
Chr8,178197464,M6086,121.6,122.0
Chr8,178225619,M6087,121.8,122.2
Chr8,178287619,M6088,122.0,122.4
Chr8,178315789,M6089,122.2,122.60000000000001
Chr8,178344027,M6090,122.4,122.80000000000001
Chr8,178371464,M6091,122.6,123.0
Chr8,178399648,M6092,122.8,123.2
Chr8,178430038,M6093,123.0,123.4
Chr8,178485026,M6094,123.2,123.60000000000001
Chr8,178536986,M6095,123.4,123.80000000000001
Chr8,178636036,M6097,123.8,124.2
Chr8,178752771,M6099,124.2,124.60000000000001
Chr8,178803598,M6100,124.4,124.80000000000001
Chr8,178864278,M6101,124.6,125.0
Chr8,178914722,M6102,124.8,125.2
Chr8,178965051,M6103,125.0,125.4
Chr8,179016417,M6104,125.2,125.60000000000001
Chr8,179066172,M6105,125.4,125.80000000000001
Chr8,179116799,M6106,125.6,126.0
Chr8,179166559,M6107,125.8,126.2
Chr8,179224188,M6108,126.0,126.4
Chr8,179266841,M6109,126.2,126.60000000000001
Chr8,179306633,M6110,126.4,126.80000000000001
Chr8,179356367,M6111,126.6,127.0
Chr8,179451894,M6113,127.0,127.4
Chr8,179499731,M6114,127.2,127.60000000000001
Chr8,179623391,M6116,127.6,128.0
Chr8,179839212,M6118,128.0,128.4
Chr8,179955152,M6119,128.2,128.6
Chr8,180019005,M6121,128.6,129.0
Chr8,180084147,M6122,128.8,129.20000000000002
Chr8,180150477,M6123,129.0,129.4
Chr8,180220432,M6124,129.2,129.6
Chr8,180298319,M6125,129.4,129.8
Chr8,180354490,M6126,129.6,130.0
Chr8,180408517,M6127,129.8,130.20000000000002
Chr8,180460406,M6128,130.0,130.4
Chr8,180510548,M6129,130.2,130.6
Chr8,180564539,M6130,130.4,130.8
Chr8,180616568,M6131,130.6,131.0
Chr8,180668455,M6132,130.8,131.20000000000002
Chr8,180720626,M6133,131.0,131.4
Chr8,180772493,M6134,131.2,131.6
Chr8,180824870,M6135,131.4,131.8
Chr8,180877929,M6136,131.6,132.0
Chr8,180934243,M6137,131.8,132.20000000000002
Chr8,180992587,M6138,132.0,132.4
Chr8,181044563,M6139,132.2,132.6
Chr8,181147457,M6141,132.6,133.0
Chr8,181198305,M6142,132.8,133.20000000000002
Chr8,181306838,M6144,133.2,133.6
Chr8,181358720,M6145,133.4,133.8
Chr8,181410288,M6146,133.6,134.0
Chr8,181466708,M6147,133.8,134.20000000000002
Chr8,181521750,M6148,134.0,134.4
Chr8,181572655,M6149,134.2,134.6
Chr8,181621866,M6150,134.4,134.8
Chr8,181722807,M6152,134.8,135.20000000000002
Chr8,181774339,M6153,135.0,135.4
Chr8,181884029,M6155,135.4,135.8
Chr8,181939229,M6156,135.6,136.0
Chr8,181998547,M6157,135.8,136.20000000000002
Chr8,182051881,M6158,136.0,136.4
Chr8,182104191,M6159,136.2,136.6
Chr8,182155201,M6160,136.4,136.8
Chr8,182209411,M6161,136.6,137.0
Chr8,182260394,M6162,136.8,137.20000000000002
Chr9,1864613,M6166,-8.6,0.0
Chr9,1948625,M6167,-8.4,0.1999999999999993
Chr9,2045101,M6168,-8.2,0.40000000000000036
Chr9,2132665,M6169,-8.0,0.5999999999999996
Chr9,2217257,M6170,-7.8,0.7999999999999998
Chr9,2561007,M6175,-6.8,1.7999999999999998
Chr9,2646725,M6176,-6.6,2.0
Chr9,2742462,M6177,-6.4,2.1999999999999993
Chr9,2948574,M6180,-5.8,2.8
Chr9,3175919,M6182,-5.4,3.1999999999999993
Chr9,3261427,M6183,-5.2,3.3999999999999995
Chr9,3373209,M6184,-5.0,3.5999999999999996
Chr9,3441187,M6185,-4.8,3.8
Chr9,3513884,M6186,-4.6,4.0
Chr9,3616118,M6187,-4.4,4.199999999999999
Chr9,3701338,M6188,-4.2,4.3999999999999995
Chr9,3796025,M6189,-4.0,4.6
Chr9,3978429,M6191,-3.6,5.0
Chr9,4047435,M6192,-3.4,5.199999999999999
Chr9,4110924,M6193,-3.2,5.3999999999999995
Chr9,4225830,M6194,-3.0,5.6
Chr9,4555417,M6198,-2.2,6.3999999999999995
Chr9,4649610,M6200,-1.8,6.8
Chr9,4716427,M6201,-1.6,7.0
Chr9,4896133,M6203,-1.2,7.3999999999999995
Chr9,5037004,M6205,-0.8,7.8
Chr9,5124874,M6206,-0.6,8.0
Chr9,5212562,M6207,-0.4,8.2
Chr9,5298983,M6208,-0.2,8.4
Chr9,5377226,M6209,1.28e-15,8.600000000000001
Chr9,5458385,M6210,0.2,8.799999999999999
Chr9,5536667,M6211,0.4,9.0
Chr9,5615175,M6212,0.6,9.2
Chr9,5695228,M6213,0.8,9.4
Chr9,5770017,M6214,1.0,9.6
Chr9,5855178,M6215,1.2,9.799999999999999
Chr9,5939496,M6216,1.4,10.0
Chr9,6096021,M6218,1.8,10.4
Chr9,6176125,M6219,2.0,10.6
Chr9,6257785,M6220,2.2,10.8
Chr9,6346456,M6221,2.4,11.0
Chr9,6423113,M6222,2.6,11.2
Chr9,6585912,M6224,3.0,11.6
Chr9,6664367,M6225,3.2,11.8
Chr9,6733965,M6226,3.4,12.0
Chr9,6909275,M6228,3.8,12.399999999999999
Chr9,6985314,M6229,4.0,12.6
Chr9,7160434,M6231,4.4,13.0
Chr9,7354735,M6234,5.0,13.6
Chr9,7433318,M6235,5.2,13.8
Chr9,7513967,M6236,5.4,14.0
Chr9,7597312,M6237,5.6,14.2
Chr9,7683153,M6238,5.8,14.399999999999999
Chr9,7751385,M6239,6.0,14.6
Chr9,7830016,M6240,6.2,14.8
Chr9,7913256,M6241,6.4,15.0
Chr9,7993614,M6242,6.6,15.2
Chr9,8192543,M6245,7.2,15.8
Chr9,8268743,M6246,7.4,16.0
Chr9,8320922,M6247,7.6,16.2
Chr9,8399555,M6248,7.8,16.4
Chr9,8478143,M6249,8.0,16.6
Chr9,8555791,M6250,8.2,16.799999999999997
Chr9,8644908,M6251,8.4,17.0
Chr9,8724546,M6252,8.6,17.2
Chr9,8803043,M6253,8.8,17.4
Chr9,8959871,M6255,9.2,17.799999999999997
Chr9,9025493,M6256,9.4,18.0
Chr9,9104745,M6257,9.6,18.2
Chr9,9187744,M6258,9.8,18.4
Chr9,9277710,M6259,10.0,18.6
Chr9,9344602,M6260,10.2,18.799999999999997
Chr9,9400875,M6261,10.4,19.0
Chr9,9495467,M6262,10.6,19.2
Chr9,9572854,M6263,10.8,19.4
Chr9,9821927,M6265,11.2,19.799999999999997
Chr9,9911086,M6266,11.4,20.0
Chr9,9989242,M6267,11.6,20.2
Chr9,10069237,M6268,11.8,20.4
Chr9,10149939,M6269,12.0,20.6
Chr9,10225542,M6270,12.2,20.799999999999997
Chr9,10304049,M6271,12.4,21.0
Chr9,10506269,M6273,12.8,21.4
Chr9,10634477,M6274,13.0,21.6
Chr9,10738200,M6275,13.2,21.799999999999997
Chr9,10843349,M6276,13.4,22.0
Chr9,11012437,M6278,13.8,22.4
Chr9,11141691,M6279,14.0,22.6
Chr9,11327041,M6281,14.4,23.0
Chr9,11400280,M6282,14.6,23.2
Chr9,11455093,M6283,14.8,23.4
Chr9,11537363,M6284,15.0,23.6
Chr9,11614928,M6285,15.2,23.799999999999997
Chr9,11691437,M6286,15.4,24.0
Chr9,11770731,M6287,15.6,24.2
Chr9,11930653,M6289,16.0,24.6
Chr9,12009137,M6290,16.2,24.799999999999997
Chr9,12055593,M6291,16.4,25.0
Chr9,12142546,M6292,16.6,25.200000000000003
Chr9,12213713,M6293,16.8,25.4
Chr9,12292792,M6294,17.0,25.6
Chr9,12441506,M6296,17.4,26.0
Chr9,12527105,M6297,17.6,26.200000000000003
Chr9,12604700,M6298,17.8,26.4
Chr9,12754398,M6300,18.2,26.799999999999997
Chr9,12841647,M6301,18.4,27.0
Chr9,12877455,M6302,18.6,27.200000000000003
Chr9,12938933,M6303,18.8,27.4
Chr9,13058314,M6305,19.2,27.799999999999997
Chr9,13120021,M6306,19.4,28.0
Chr9,13179369,M6307,19.6,28.200000000000003
Chr9,13235820,M6308,19.8,28.4
Chr9,13364803,M6310,20.2,28.799999999999997
Chr9,13424399,M6311,20.4,29.0
Chr9,13538417,M6312,20.6,29.200000000000003
Chr9,13704937,M6313,20.8,29.4
Chr9,13807551,M6314,21.0,29.6
Chr9,14024895,M6316,21.4,30.0
Chr9,15008349,M6324,23.0,31.6
Chr9,15107695,M6325,23.2,31.799999999999997
Chr9,15331256,M6327,23.6,32.2
Chr9,15460949,M6328,23.8,32.4
Chr9,15588700,M6329,24.0,32.6
Chr9,15713311,M6330,24.2,32.8
Chr9,15831898,M6331,24.4,33.0
Chr9,15966517,M6332,24.6,33.2
Chr9,16202905,M6334,25.0,33.6
Chr9,16474484,M6336,25.4,34.0
Chr9,16593434,M6337,25.6,34.2
Chr9,16734869,M6338,25.8,34.4
Chr9,16867701,M6339,26.0,34.6
Chr9,17012898,M6340,26.2,34.8
Chr9,17112264,M6341,26.4,35.0
Chr9,17235686,M6342,26.6,35.2
Chr9,17326401,M6343,26.8,35.4
Chr9,17409540,M6344,27.0,35.6
Chr9,17492179,M6345,27.2,35.8
Chr9,17577488,M6346,27.4,36.0
Chr9,17659655,M6347,27.6,36.2
Chr9,17743577,M6348,27.8,36.4
Chr9,17826313,M6349,28.0,36.6
Chr9,17911174,M6350,28.2,36.8
Chr9,18002881,M6351,28.4,37.0
Chr9,18073051,M6352,28.6,37.2
Chr9,18143809,M6353,28.8,37.4
Chr9,18214401,M6354,29.0,37.6
Chr9,18276793,M6355,29.2,37.8
Chr9,18350257,M6356,29.4,38.0
Chr9,18423188,M6357,29.6,38.2
Chr9,18502582,M6358,29.8,38.4
Chr9,18569471,M6359,30.0,38.6
Chr9,18841730,M6361,30.4,39.0
Chr9,19036004,M6362,30.6,39.2
Chr9,19239090,M6363,30.8,39.4
Chr9,19431179,M6364,31.0,39.6
Chr9,19949088,M6367,31.6,40.2
Chr9,20090045,M6368,31.8,40.4
Chr9,20252354,M6369,32.0,40.6
Chr9,20582787,M6371,32.4,41.0
Chr9,20661314,M6372,32.6,41.2
Chr9,20724313,M6373,32.8,41.4
Chr9,20851367,M6375,33.2,41.800000000000004
Chr9,20894969,M6376,33.4,42.0
Chr9,20978032,M6377,33.6,42.2
Chr9,21042053,M6378,33.8,42.4
Chr9,21106790,M6379,34.0,42.6
Chr9,21243075,M6381,34.4,43.0
Chr9,21366344,M6382,34.6,43.2
Chr9,21509985,M6383,34.8,43.4
Chr9,21634293,M6384,35.0,43.6
Chr9,21736672,M6385,35.2,43.800000000000004
Chr9,21936023,M6387,35.6,44.2
Chr9,22069620,M6388,35.8,44.4
Chr9,22181011,M6389,36.0,44.6
Chr9,22294537,M6390,36.2,44.800000000000004
Chr9,22420646,M6391,36.4,45.0
Chr9,22517942,M6392,36.6,45.2
Chr9,22633212,M6393,36.8,45.4
Chr9,22749823,M6394,37.0,45.6
Chr9,22861089,M6395,37.2,45.800000000000004
Chr9,22967574,M6396,37.4,46.0
Chr9,23079385,M6397,37.6,46.2
Chr9,23190520,M6398,37.8,46.4
Chr9,23300836,M6399,38.0,46.6
Chr9,23412161,M6400,38.2,46.800000000000004
Chr9,23521701,M6401,38.4,47.0
Chr9,23717948,M6403,38.8,47.4
Chr9,23844599,M6404,39.0,47.6
Chr9,23958787,M6405,39.2,47.800000000000004
Chr9,24359309,M6406,39.4,48.0
Chr9,24753025,M6407,39.6,48.2
Chr9,25129442,M6408,39.8,48.4
Chr9,25244691,M6409,40.0,48.6
Chr9,25419781,M6411,40.4,49.0
Chr9,25516880,M6412,40.6,49.2
Chr9,25607299,M6413,40.8,49.4
Chr9,25699068,M6414,41.0,49.6
Chr9,25788491,M6415,41.2,49.800000000000004
Chr9,25890242,M6416,41.4,50.0
Chr9,25981847,M6417,41.6,50.2
Chr9,26329896,M6418,41.8,50.4
Chr9,26674149,M6419,42.0,50.6
Chr9,27050111,M6420,42.2,50.800000000000004
Chr9,27389680,M6421,42.4,51.0
Chr9,27744846,M6422,42.6,51.2
Chr9,28045834,M6423,42.8,51.4
Chr9,28359902,M6424,43.0,51.6
Chr9,28688814,M6425,43.2,51.800000000000004
Chr9,29012260,M6426,43.4,52.0
Chr9,29345077,M6427,43.6,52.2
Chr9,29648118,M6428,43.8,52.4
Chr9,29962084,M6429,44.0,52.6
Chr9,30227274,M6430,44.2,52.800000000000004
Chr9,31949946,M6431,44.4,53.0
Chr9,35737645,M6432,44.6,53.2
Chr9,40832939,M6434,45.0,53.6
Chr9,50240246,M6435,45.2,53.800000000000004
Chr9,61314244,M6437,45.6,54.2
Chr9,73662207,M6436,45.4,54.0
Chr9,84213788,M6438,45.8,54.4
Chr9,89271890,M6439,46.0,54.6
Chr9,92792769,M6440,46.2,54.800000000000004
Chr9,93980594,M6441,46.4,55.0
Chr9,95145926,M6442,46.6,55.2
Chr9,96320189,M6443,46.8,55.4
Chr9,98715147,M6444,47.0,55.6
Chr9,99347238,M6445,47.2,55.800000000000004
Chr9,99967242,M6446,47.4,56.0
Chr9,100578941,M6447,47.6,56.2
Chr9,101229062,M6448,47.8,56.4
Chr9,101846579,M6449,48.0,56.6
Chr9,102501770,M6450,48.2,56.800000000000004
Chr9,103146502,M6451,48.4,57.0
Chr9,103763534,M6452,48.6,57.2
Chr9,104398707,M6453,48.8,57.4
Chr9,105580510,M6454,49.0,57.6
Chr9,106394642,M6455,49.2,57.800000000000004
Chr9,107094353,M6456,49.4,58.0
Chr9,107613065,M6457,49.6,58.2
Chr9,109132019,M6460,50.2,58.800000000000004
Chr9,109628383,M6461,50.4,59.0
Chr9,110041212,M6462,50.6,59.2
Chr9,111068994,M6464,51.0,59.6
Chr9,112306727,M6468,51.8,60.4
Chr9,112853196,M6469,52.0,60.6
Chr9,113376153,M6470,52.2,60.800000000000004
Chr9,113871804,M6471,52.4,61.0
Chr9,114590637,M6472,52.6,61.2
Chr9,115148905,M6473,52.8,61.4
Chr9,117526810,M6476,53.4,62.0
Chr9,118030046,M6477,53.6,62.2
Chr9,118565797,M6478,53.8,62.4
Chr9,118752875,M6479,54.0,62.6
Chr9,118936868,M6480,54.2,62.800000000000004
Chr9,119118809,M6481,54.4,63.0
Chr9,119433993,M6482,54.6,63.2
Chr9,121260329,M6486,55.4,64.0
Chr9,122837448,M6489,56.0,64.6
Chr9,123255733,M6490,56.2,64.8
Chr9,124230887,M6492,56.6,65.2
Chr9,124839161,M6493,56.8,65.39999999999999
Chr9,125465509,M6494,57.0,65.6
Chr9,126342259,M6495,57.2,65.8
Chr9,127324808,M6496,57.4,66.0
Chr9,127963293,M6497,57.6,66.2
Chr9,128278310,M6498,57.8,66.39999999999999
Chr9,128574846,M6499,58.0,66.6
Chr9,128950683,M6500,58.2,66.8
Chr9,129246302,M6501,58.4,67.0
Chr9,129831944,M6503,58.8,67.39999999999999
Chr9,130129986,M6504,59.0,67.6
Chr9,130423176,M6505,59.2,67.8
Chr9,131287127,M6508,59.8,68.39999999999999
Chr9,131563921,M6509,60.0,68.6
Chr9,131853243,M6510,60.2,68.8
Chr9,132124380,M6511,60.4,69.0
Chr9,132455403,M6512,60.6,69.2
Chr9,132799504,M6513,60.8,69.39999999999999
Chr9,133081312,M6514,61.0,69.6
Chr9,133418994,M6515,61.2,69.8
Chr9,133696432,M6516,61.4,70.0
Chr9,133986732,M6517,61.6,70.2
Chr9,134270114,M6518,61.8,70.39999999999999
Chr9,134829029,M6519,62.0,70.6
Chr9,135359820,M6520,62.2,70.8
Chr9,135937957,M6521,62.4,71.0
Chr9,136454903,M6522,62.6,71.2
Chr9,138360139,M6524,63.0,71.6
Chr9,138926076,M6525,63.2,71.8
Chr9,139130860,M6526,63.4,72.0
Chr9,139529290,M6528,63.8,72.39999999999999
Chr9,139728778,M6529,64.0,72.6
Chr9,139903286,M6530,64.2,72.8
Chr9,139986674,M6531,64.4,73.0
Chr9,140122882,M6532,64.6,73.19999999999999
Chr9,140304362,M6533,64.8,73.39999999999999
Chr9,140633249,M6535,65.2,73.8
Chr9,141409694,M6536,65.4,74.0
Chr9,141562868,M6537,65.6,74.19999999999999
Chr9,141751656,M6538,65.8,74.39999999999999
Chr9,141919011,M6539,66.0,74.6
Chr9,142046963,M6540,66.2,74.8
Chr9,142274799,M6541,66.4,75.0
Chr9,142423083,M6542,66.6,75.19999999999999
Chr9,142600040,M6543,66.8,75.39999999999999
Chr9,142711167,M6544,67.0,75.6
Chr9,142942563,M6546,67.4,76.0
Chr9,143158064,M6548,67.8,76.39999999999999
Chr9,143368407,M6550,68.2,76.8
Chr9,143480356,M6551,68.4,77.0
Chr9,143700196,M6553,68.8,77.39999999999999
Chr9,143937001,M6555,69.2,77.8
Chr9,144063096,M6556,69.4,78.0
Chr9,144199235,M6557,69.6,78.19999999999999
Chr9,144309704,M6558,69.8,78.39999999999999
Chr9,144442242,M6559,70.0,78.6
Chr9,144566958,M6560,70.2,78.8
Chr9,144685098,M6561,70.4,79.0
Chr9,144817682,M6562,70.6,79.19999999999999
Chr9,144931509,M6563,70.8,79.39999999999999
Chr9,145076235,M6564,71.0,79.6
Chr9,145202968,M6565,71.2,79.8
Chr9,145329250,M6566,71.4,80.0
Chr9,145460301,M6567,71.6,80.19999999999999
Chr9,145582531,M6568,71.8,80.39999999999999
Chr9,145704955,M6569,72.0,80.6
Chr9,145830515,M6570,72.2,80.8
Chr9,145995578,M6571,72.4,81.0
Chr9,146119328,M6572,72.6,81.19999999999999
Chr9,146260501,M6573,72.8,81.39999999999999
Chr9,146384843,M6574,73.0,81.6
Chr9,146520777,M6575,73.2,81.8
Chr9,146645048,M6576,73.4,82.0
Chr9,146774222,M6577,73.6,82.19999999999999
Chr9,146910849,M6578,73.8,82.39999999999999
Chr9,147106967,M6579,74.0,82.6
Chr9,147183857,M6580,74.2,82.8
Chr9,147254497,M6581,74.4,83.0
Chr9,147378391,M6583,74.8,83.39999999999999
Chr9,147452416,M6584,75.0,83.6
Chr9,147534544,M6585,75.2,83.8
Chr9,147611406,M6586,75.4,84.0
Chr9,147768738,M6587,75.6,84.19999999999999
Chr9,147799798,M6588,75.8,84.39999999999999
Chr9,147876760,M6589,76.0,84.6
Chr9,147955118,M6590,76.2,84.8
Chr9,148031885,M6591,76.4,85.0
Chr9,148108845,M6592,76.6,85.19999999999999
Chr9,148249404,M6594,77.0,85.6
Chr9,148330984,M6595,77.2,85.8
Chr9,148471750,M6597,77.6,86.19999999999999
Chr9,148498511,M6598,77.8,86.39999999999999
Chr9,148632917,M6599,78.0,86.6
Chr9,148720009,M6600,78.2,86.8
Chr9,148786780,M6601,78.4,87.0
Chr9,148868623,M6602,78.6,87.19999999999999
Chr9,148946819,M6603,78.8,87.39999999999999
Chr9,149047841,M6604,79.0,87.6
Chr9,149112633,M6605,79.2,87.8
Chr9,149189862,M6606,79.4,88.0
Chr9,149267834,M6607,79.6,88.19999999999999
Chr9,149345746,M6608,79.8,88.39999999999999
Chr9,149427009,M6609,80.0,88.6
Chr9,149519901,M6610,80.2,88.8
Chr9,149822605,M6614,81.0,89.6
Chr9,149906287,M6615,81.2,89.8
Chr9,149960258,M6616,81.4,90.0
Chr9,150171390,M6618,81.8,90.39999999999999
Chr9,150249956,M6619,82.0,90.6
Chr9,150332375,M6620,82.2,90.8
Chr9,150407840,M6621,82.4,91.0
Chr9,150498330,M6622,82.6,91.19999999999999
Chr9,150572892,M6623,82.8,91.39999999999999
Chr9,150649666,M6624,83.0,91.6
Chr9,150722365,M6625,83.2,91.8
Chr9,150799266,M6626,83.4,92.0
Chr9,150878587,M6627,83.6,92.19999999999999
Chr9,150955717,M6628,83.8,92.39999999999999
Chr9,151032575,M6629,84.0,92.6
Chr9,151112273,M6630,84.2,92.8
Chr9,151179698,M6631,84.4,93.0
Chr9,151256552,M6632,84.6,93.19999999999999
Chr9,151333221,M6633,84.8,93.39999999999999
Chr9,151409270,M6634,85.0,93.6
Chr9,151485777,M6635,85.2,93.8
Chr9,151562744,M6636,85.4,94.0
Chr9,151679414,M6637,85.6,94.19999999999999
Chr9,151828171,M6638,85.8,94.39999999999999
Chr9,151956232,M6639,86.0,94.6
Chr9,152086343,M6640,86.2,94.8
Chr9,152216358,M6641,86.4,95.0
Chr9,152498848,M6643,86.8,95.39999999999999
Chr9,152809945,M6645,87.2,95.8
Chr9,152892645,M6646,87.4,96.0
Chr9,152985250,M6647,87.6,96.19999999999999
Chr9,153107890,M6648,87.8,96.39999999999999
Chr9,153182586,M6649,88.0,96.6
Chr9,153223451,M6650,88.2,96.8
Chr9,153346984,M6651,88.4,97.0
Chr9,153458436,M6652,88.6,97.19999999999999
Chr9,153566585,M6653,88.8,97.39999999999999
Chr9,153676221,M6654,89.0,97.6
Chr9,153755961,M6655,89.2,97.8
Chr9,153823771,M6656,89.4,98.0
Chr9,153892434,M6657,89.6,98.19999999999999
Chr9,153981469,M6658,89.8,98.39999999999999
Chr9,154070582,M6659,90.0,98.6
Chr9,154157862,M6660,90.2,98.8
Chr9,154245590,M6661,90.4,99.0
Chr9,154334103,M6662,90.6,99.19999999999999
Chr9,154423654,M6663,90.8,99.39999999999999
Chr9,154527925,M6664,91.0,99.6
Chr9,154602770,M6665,91.2,99.8
Chr9,154692167,M6666,91.4,100.0
Chr9,154940746,M6668,91.8,100.39999999999999
Chr9,155153730,M6670,92.2,100.8
Chr9,155207581,M6671,92.4,101.0
Chr9,155302848,M6672,92.6,101.19999999999999
Chr9,155393814,M6673,92.8,101.39999999999999
Chr9,155480777,M6674,93.0,101.6
Chr9,155570303,M6675,93.2,101.8
Chr9,155637043,M6676,93.4,102.0
Chr9,155705291,M6677,93.6,102.19999999999999
Chr9,155763782,M6678,93.8,102.39999999999999
Chr9,155828851,M6679,94.0,102.6
Chr9,155887836,M6680,94.2,102.8
Chr9,155946642,M6681,94.4,103.0
Chr9,156005032,M6682,94.6,103.19999999999999
Chr9,156061738,M6683,94.8,103.39999999999999
Chr9,156152760,M6684,95.0,103.6
Chr9,156222791,M6685,95.2,103.8
Chr9,156300142,M6686,95.4,104.0
Chr9,156374795,M6687,95.6,104.19999999999999
Chr9,156448210,M6688,95.8,104.39999999999999
Chr9,156524939,M6689,96.0,104.6
Chr9,156598720,M6690,96.2,104.8
Chr9,156678848,M6691,96.4,105.0
Chr9,156753749,M6692,96.6,105.19999999999999
Chr9,156826270,M6693,96.8,105.39999999999999
Chr9,156900970,M6694,97.0,105.6
Chr9,156974473,M6695,97.2,105.8
Chr9,157049619,M6696,97.4,106.0
Chr9,157128026,M6697,97.6,106.19999999999999
Chr9,157190279,M6698,97.8,106.39999999999999
Chr9,157270312,M6699,98.0,106.6
Chr9,157449614,M6703,98.8,107.39999999999999
Chr9,157485442,M6704,99.0,107.6
Chr9,157525656,M6705,99.2,107.8
Chr9,157570039,M6706,99.4,108.0
Chr9,157614421,M6707,99.6,108.19999999999999
Chr9,157702495,M6709,100.0,108.6
Chr9,157746888,M6710,100.2,108.8
Chr9,157792323,M6711,100.4,109.0
Chr9,157836494,M6712,100.6,109.19999999999999
Chr9,157921002,M6714,101.0,109.6
Chr9,157947792,M6715,101.2,109.8
Chr9,158005692,M6717,101.6,110.19999999999999
Chr9,158045697,M6720,102.2,110.8
Chr9,158072486,M6721,102.4,111.0
Chr9,158099281,M6722,102.6,111.19999999999999
Chr9,158126075,M6723,102.8,111.39999999999999
Chr9,158176992,M6724,103.0,111.6
Chr9,158235891,M6725,103.2,111.8
Chr9,158302945,M6727,103.6,112.19999999999999
Chr9,158366333,M6728,103.8,112.39999999999999
Chr9,158479175,M6730,104.2,112.8
Chr9,158529911,M6731,104.4,113.0
Chr9,158576449,M6732,104.6,113.19999999999999
Chr9,158620782,M6733,104.8,113.39999999999999
Chr9,158673120,M6734,105.0,113.6
Chr9,158724613,M6736,105.4,114.0
Chr9,158826851,M6737,105.6,114.19999999999999
Chr9,158877589,M6738,105.8,114.39999999999999
Chr9,158928820,M6739,106.0,114.6
Chr9,158978759,M6740,106.2,114.8
Chr9,159029488,M6741,106.4,115.0
Chr9,159080207,M6742,106.6,115.19999999999999
Chr9,159129908,M6743,106.8,115.39999999999999
Chr9,159180867,M6744,107.0,115.6
Chr9,159230930,M6745,107.2,115.8
Chr9,159422655,M6746,107.4,116.0
Chr9,159462235,M6747,107.6,116.19999999999999
Chr9,159503411,M6749,108.0,116.6
Chr9,159586175,M6750,108.2,116.8
Chr9,159629294,M6751,108.4,117.0
Chr9,159667539,M6752,108.6,117.19999999999999
Chr9,159710490,M6753,108.8,117.39999999999999
Chr9,159795022,M6755,109.2,117.8
Chr9,159833277,M6756,109.4,118.0
Chr9,159873607,M6757,109.6,118.19999999999999
Chr9,159913527,M6758,109.8,118.39999999999999
Chr9,159952806,M6759,110.0,118.6
Chr9,159992388,M6760,110.2,118.8
Chr9,160032889,M6761,110.4,119.0
Chr9,160072424,M6762,110.6,119.19999999999999
Chr9,160175801,M6765,111.2,119.8
Chr9,160216891,M6766,111.4,120.0
Chr9,160256499,M6767,111.6,120.19999999999999
Chr9,160336427,M6769,112.0,120.6
Chr9,160376013,M6770,112.2,120.8
Chr9,160415600,M6771,112.4,121.0
Chr9,160455072,M6772,112.6,121.19999999999999
Chr9,160496574,M6773,112.8,121.39999999999999
Chr9,160535158,M6774,113.0,121.6
Chr9,160700879,M6778,113.8,122.39999999999999
Chr9,160739421,M6779,114.0,122.6
Chr9,160779773,M6780,114.2,122.8
Chr9,160819361,M6781,114.4,123.0
Chr9,160858947,M6782,114.6,123.19999999999999
Chr9,160914723,M6783,114.8,123.39999999999999
Chr9,160974379,M6784,115.0,123.6
Chr9,161029393,M6785,115.2,123.8
Chr9,161089549,M6786,115.4,124.0
Chr9,161282230,M6790,116.2,124.8
Chr9,161384666,M6793,116.8,125.39999999999999
Chr9,161461574,M6794,117.0,125.6
Chr9,161501655,M6795,117.2,125.8
Chr9,161557305,M6796,117.4,126.0
Chr9,161614405,M6797,117.6,126.19999999999999
Chr9,161669739,M6798,117.8,126.39999999999999
Chr9,161725764,M6799,118.0,126.6
Chr9,161773654,M6800,118.2,126.8
Chr9,161829619,M6801,118.4,127.0
Chr9,161874281,M6802,118.6,127.19999999999999
Chr9,161940132,M6803,118.8,127.39999999999999
Chr9,162112219,M6806,119.4,128.0
Chr9,162167527,M6807,119.6,128.2
Chr9,162222252,M6808,119.8,128.4
Chr9,162272356,M6809,120.0,128.6
Chr9,162331568,M6810,120.2,128.8
Chr9,162388129,M6811,120.4,129.0
Chr9,162444880,M6812,120.6,129.2
Chr9,162491006,M6813,120.8,129.4
Chr9,162546778,M6814,121.0,129.6
Chr9,162602536,M6815,121.2,129.8
Chr9,162658305,M6816,121.4,130.0
Chr9,162716429,M6817,121.6,130.2
Chr9,162772210,M6818,121.8,130.4
Chr9,162827109,M6819,122.0,130.6
Chr9,162884050,M6820,122.2,130.8
