sample_id	map	chromosome
CFD01_ind001	CFD01	1
CFD01_ind002	CFD01	1
CFD01_ind003	CFD01	1
CFD01_ind004	CFD01	1
CFD01_ind005	CFD01	1
CFD01_ind006	CFD01	1
CFD01_ind007	CFD01	1
CFD01_ind008	CFD01	1
CFD01_ind009	CFD01	1
CFD01_ind010	CFD01	1
CFD01_ind011	CFD01	1
CFD01_ind012	CFD01	1
CFD01_ind013	CFD01	1
CFD01_ind014	CFD01	1
CFD01_ind015	CFD01	1
CFD01_ind016	CFD01	1
CFD01_ind017	CFD01	1
CFD01_ind018	CFD01	1
CFD01_ind019	CFD01	1
CFD01_ind020	CFD01	1
CFD01_ind021	CFD01	1
CFD01_ind022	CFD01	1
CFD01_ind023	CFD01	1
CFD01_ind024	CFD01	1
CFD01_ind025	CFD01	1
CFD01_ind026	CFD01	1
CFD01_ind027	CFD01	1
CFD01_ind028	CFD01	1
CFD01_ind029	CFD01	1
CFD01_ind030	CFD01	1
CFD01_ind031	CFD01	1
CFD01_ind032	CFD01	1
CFD01_ind033	CFD01	1
CFD01_ind034	CFD01	1
CFD01_ind035	CFD01	1
CFD01_ind036	CFD01	1
CFD01_ind037	CFD01	1
CFD01_ind038	CFD01	1
CFD01_ind039	CFD01	1
CFD01_ind040	CFD01	1
CFD01_ind041	CFD01	1
CFD01_ind042	CFD01	1
CFD01_ind043	CFD01	1
CFD01_ind044	CFD01	1
CFD01_ind045	CFD01	1
CFD01_ind046	CFD01	1
CFD01_ind047	CFD01	1
CFD01_ind048	CFD01	1
CFD01_ind049	CFD01	1
CFD01_ind050	CFD01	1
CFD01_ind051	CFD01	1
CFD01_ind052	CFD01	1
CFD01_ind053	CFD01	1
CFD01_ind054	CFD01	1
CFD01_ind055	CFD01	1
CFD01_ind056	CFD01	1
CFD01_ind057	CFD01	1
CFD01_ind058	CFD01	1
CFD01_ind059	CFD01	1
CFD01_ind060	CFD01	1
CFD01_ind061	CFD01	1
CFD01_ind062	CFD01	1
CFD01_ind063	CFD01	1
CFD01_ind064	CFD01	1
CFD01_ind065	CFD01	1
CFD01_ind066	CFD01	1
CFD01_ind067	CFD01	1
CFD01_ind068	CFD01	1
CFD01_ind069	CFD01	1
CFD01_ind070	CFD01	1
CFD01_ind071	CFD01	1
CFD01_ind072	CFD01	1
CFD01_ind073	CFD01	1
CFD01_ind074	CFD01	1
CFD01_ind075	CFD01	1
CFD01_ind076	CFD01	1
CFD01_ind077	CFD01	1
CFD01_ind078	CFD01	1
CFD01_ind079	CFD01	1
CFD01_ind080	CFD01	1
CFD01_ind082	CFD01	1
CFD01_ind083	CFD01	1
CFD01_ind084	CFD01	1
CFD01_ind085	CFD01	1
CFD01_ind086	CFD01	1
CFD01_ind001	CFD01	2
CFD01_ind002	CFD01	2
CFD01_ind003	CFD01	2
CFD01_ind004	CFD01	2
CFD01_ind005	CFD01	2
CFD01_ind006	CFD01	2
CFD01_ind007	CFD01	2
CFD01_ind008	CFD01	2
CFD01_ind009	CFD01	2
CFD01_ind010	CFD01	2
CFD01_ind011	CFD01	2
CFD01_ind012	CFD01	2
CFD01_ind013	CFD01	2
CFD01_ind014	CFD01	2
CFD01_ind015	CFD01	2
CFD01_ind016	CFD01	2
CFD01_ind017	CFD01	2
CFD01_ind018	CFD01	2
CFD01_ind019	CFD01	2
CFD01_ind020	CFD01	2
CFD01_ind021	CFD01	2
CFD01_ind022	CFD01	2
CFD01_ind023	CFD01	2
CFD01_ind024	CFD01	2
CFD01_ind025	CFD01	2
CFD01_ind026	CFD01	2
CFD01_ind027	CFD01	2
CFD01_ind028	CFD01	2
CFD01_ind029	CFD01	2
CFD01_ind030	CFD01	2
CFD01_ind031	CFD01	2
CFD01_ind032	CFD01	2
CFD01_ind033	CFD01	2
CFD01_ind034	CFD01	2
CFD01_ind035	CFD01	2
CFD01_ind036	CFD01	2
CFD01_ind037	CFD01	2
CFD01_ind038	CFD01	2
CFD01_ind039	CFD01	2
CFD01_ind040	CFD01	2
CFD01_ind041	CFD01	2
CFD01_ind042	CFD01	2
CFD01_ind043	CFD01	2
CFD01_ind044	CFD01	2
CFD01_ind045	CFD01	2
CFD01_ind046	CFD01	2
CFD01_ind047	CFD01	2
CFD01_ind048	CFD01	2
CFD01_ind049	CFD01	2
CFD01_ind050	CFD01	2
CFD01_ind051	CFD01	2
CFD01_ind052	CFD01	2
CFD01_ind053	CFD01	2
CFD01_ind054	CFD01	2
CFD01_ind055	CFD01	2
CFD01_ind056	CFD01	2
CFD01_ind057	CFD01	2
CFD01_ind058	CFD01	2
CFD01_ind059	CFD01	2
CFD01_ind060	CFD01	2
CFD01_ind061	CFD01	2
CFD01_ind062	CFD01	2
CFD01_ind063	CFD01	2
CFD01_ind064	CFD01	2
CFD01_ind065	CFD01	2
CFD01_ind066	CFD01	2
CFD01_ind067	CFD01	2
CFD01_ind068	CFD01	2
CFD01_ind069	CFD01	2
CFD01_ind070	CFD01	2
CFD01_ind071	CFD01	2
CFD01_ind072	CFD01	2
CFD01_ind073	CFD01	2
CFD01_ind074	CFD01	2
CFD01_ind075	CFD01	2
CFD01_ind076	CFD01	2
CFD01_ind077	CFD01	2
CFD01_ind078	CFD01	2
CFD01_ind079	CFD01	2
CFD01_ind080	CFD01	2
CFD01_ind082	CFD01	2
CFD01_ind083	CFD01	2
CFD01_ind084	CFD01	2
CFD01_ind085	CFD01	2
CFD01_ind086	CFD01	2
CFD01_ind001	CFD01	3
CFD01_ind002	CFD01	3
CFD01_ind003	CFD01	3
CFD01_ind004	CFD01	3
CFD01_ind005	CFD01	3
CFD01_ind006	CFD01	3
CFD01_ind007	CFD01	3
CFD01_ind008	CFD01	3
CFD01_ind009	CFD01	3
CFD01_ind010	CFD01	3
CFD01_ind011	CFD01	3
CFD01_ind012	CFD01	3
CFD01_ind013	CFD01	3
CFD01_ind014	CFD01	3
CFD01_ind015	CFD01	3
CFD01_ind016	CFD01	3
CFD01_ind017	CFD01	3
CFD01_ind018	CFD01	3
CFD01_ind019	CFD01	3
CFD01_ind020	CFD01	3
CFD01_ind021	CFD01	3
CFD01_ind022	CFD01	3
CFD01_ind023	CFD01	3
CFD01_ind024	CFD01	3
CFD01_ind025	CFD01	3
CFD01_ind026	CFD01	3
CFD01_ind027	CFD01	3
CFD01_ind028	CFD01	3
CFD01_ind029	CFD01	3
CFD01_ind030	CFD01	3
CFD01_ind031	CFD01	3
CFD01_ind032	CFD01	3
CFD01_ind033	CFD01	3
CFD01_ind034	CFD01	3
CFD01_ind035	CFD01	3
CFD01_ind036	CFD01	3
CFD01_ind037	CFD01	3
CFD01_ind038	CFD01	3
CFD01_ind039	CFD01	3
CFD01_ind040	CFD01	3
CFD01_ind041	CFD01	3
CFD01_ind042	CFD01	3
CFD01_ind043	CFD01	3
CFD01_ind044	CFD01	3
CFD01_ind045	CFD01	3
CFD01_ind046	CFD01	3
CFD01_ind047	CFD01	3
CFD01_ind048	CFD01	3
CFD01_ind049	CFD01	3
CFD01_ind050	CFD01	3
CFD01_ind051	CFD01	3
CFD01_ind052	CFD01	3
CFD01_ind053	CFD01	3
CFD01_ind054	CFD01	3
CFD01_ind055	CFD01	3
CFD01_ind056	CFD01	3
CFD01_ind057	CFD01	3
CFD01_ind058	CFD01	3
CFD01_ind059	CFD01	3
CFD01_ind060	CFD01	3
CFD01_ind061	CFD01	3
CFD01_ind062	CFD01	3
CFD01_ind063	CFD01	3
CFD01_ind064	CFD01	3
CFD01_ind065	CFD01	3
CFD01_ind066	CFD01	3
CFD01_ind067	CFD01	3
CFD01_ind068	CFD01	3
CFD01_ind069	CFD01	3
CFD01_ind070	CFD01	3
CFD01_ind071	CFD01	3
CFD01_ind072	CFD01	3
CFD01_ind073	CFD01	3
CFD01_ind074	CFD01	3
CFD01_ind075	CFD01	3
CFD01_ind076	CFD01	3
CFD01_ind077	CFD01	3
CFD01_ind078	CFD01	3
CFD01_ind079	CFD01	3
CFD01_ind080	CFD01	3
CFD01_ind082	CFD01	3
CFD01_ind083	CFD01	3
CFD01_ind084	CFD01	3
CFD01_ind085	CFD01	3
CFD01_ind086	CFD01	3
CFD01_ind001	CFD01	4
CFD01_ind002	CFD01	4
CFD01_ind003	CFD01	4
CFD01_ind004	CFD01	4
CFD01_ind005	CFD01	4
CFD01_ind006	CFD01	4
CFD01_ind007	CFD01	4
CFD01_ind008	CFD01	4
CFD01_ind009	CFD01	4
CFD01_ind010	CFD01	4
CFD01_ind011	CFD01	4
CFD01_ind012	CFD01	4
CFD01_ind013	CFD01	4
CFD01_ind014	CFD01	4
CFD01_ind015	CFD01	4
CFD01_ind016	CFD01	4
CFD01_ind017	CFD01	4
CFD01_ind018	CFD01	4
CFD01_ind019	CFD01	4
CFD01_ind020	CFD01	4
CFD01_ind021	CFD01	4
CFD01_ind022	CFD01	4
CFD01_ind023	CFD01	4
CFD01_ind024	CFD01	4
CFD01_ind025	CFD01	4
CFD01_ind026	CFD01	4
CFD01_ind027	CFD01	4
CFD01_ind028	CFD01	4
CFD01_ind029	CFD01	4
CFD01_ind030	CFD01	4
CFD01_ind031	CFD01	4
CFD01_ind032	CFD01	4
CFD01_ind033	CFD01	4
CFD01_ind034	CFD01	4
CFD01_ind035	CFD01	4
CFD01_ind036	CFD01	4
CFD01_ind037	CFD01	4
CFD01_ind038	CFD01	4
CFD01_ind039	CFD01	4
CFD01_ind040	CFD01	4
CFD01_ind041	CFD01	4
CFD01_ind042	CFD01	4
CFD01_ind043	CFD01	4
CFD01_ind044	CFD01	4
CFD01_ind045	CFD01	4
CFD01_ind046	CFD01	4
CFD01_ind047	CFD01	4
CFD01_ind048	CFD01	4
CFD01_ind049	CFD01	4
CFD01_ind050	CFD01	4
CFD01_ind051	CFD01	4
CFD01_ind052	CFD01	4
CFD01_ind053	CFD01	4
CFD01_ind054	CFD01	4
CFD01_ind055	CFD01	4
CFD01_ind056	CFD01	4
CFD01_ind057	CFD01	4
CFD01_ind058	CFD01	4
CFD01_ind059	CFD01	4
CFD01_ind060	CFD01	4
CFD01_ind061	CFD01	4
CFD01_ind062	CFD01	4
CFD01_ind063	CFD01	4
CFD01_ind064	CFD01	4
CFD01_ind065	CFD01	4
CFD01_ind066	CFD01	4
CFD01_ind067	CFD01	4
CFD01_ind068	CFD01	4
CFD01_ind069	CFD01	4
CFD01_ind070	CFD01	4
CFD01_ind071	CFD01	4
CFD01_ind072	CFD01	4
CFD01_ind073	CFD01	4
CFD01_ind074	CFD01	4
CFD01_ind075	CFD01	4
CFD01_ind076	CFD01	4
CFD01_ind077	CFD01	4
CFD01_ind078	CFD01	4
CFD01_ind079	CFD01	4
CFD01_ind080	CFD01	4
CFD01_ind082	CFD01	4
CFD01_ind083	CFD01	4
CFD01_ind084	CFD01	4
CFD01_ind085	CFD01	4
CFD01_ind086	CFD01	4
CFD01_ind001	CFD01	5
CFD01_ind002	CFD01	5
CFD01_ind003	CFD01	5
CFD01_ind004	CFD01	5
CFD01_ind005	CFD01	5
CFD01_ind006	CFD01	5
CFD01_ind007	CFD01	5
CFD01_ind008	CFD01	5
CFD01_ind009	CFD01	5
CFD01_ind010	CFD01	5
CFD01_ind011	CFD01	5
CFD01_ind012	CFD01	5
CFD01_ind013	CFD01	5
CFD01_ind014	CFD01	5
CFD01_ind015	CFD01	5
CFD01_ind016	CFD01	5
CFD01_ind017	CFD01	5
CFD01_ind018	CFD01	5
CFD01_ind019	CFD01	5
CFD01_ind020	CFD01	5
CFD01_ind021	CFD01	5
CFD01_ind022	CFD01	5
CFD01_ind023	CFD01	5
CFD01_ind024	CFD01	5
CFD01_ind025	CFD01	5
CFD01_ind026	CFD01	5
CFD01_ind027	CFD01	5
CFD01_ind028	CFD01	5
CFD01_ind029	CFD01	5
CFD01_ind030	CFD01	5
CFD01_ind031	CFD01	5
CFD01_ind032	CFD01	5
CFD01_ind033	CFD01	5
CFD01_ind034	CFD01	5
CFD01_ind035	CFD01	5
CFD01_ind036	CFD01	5
CFD01_ind037	CFD01	5
CFD01_ind038	CFD01	5
CFD01_ind039	CFD01	5
CFD01_ind040	CFD01	5
CFD01_ind041	CFD01	5
CFD01_ind042	CFD01	5
CFD01_ind043	CFD01	5
CFD01_ind044	CFD01	5
CFD01_ind045	CFD01	5
CFD01_ind046	CFD01	5
CFD01_ind047	CFD01	5
CFD01_ind048	CFD01	5
CFD01_ind049	CFD01	5
CFD01_ind050	CFD01	5
CFD01_ind051	CFD01	5
CFD01_ind052	CFD01	5
CFD01_ind053	CFD01	5
CFD01_ind054	CFD01	5
CFD01_ind055	CFD01	5
CFD01_ind056	CFD01	5
CFD01_ind057	CFD01	5
CFD01_ind058	CFD01	5
CFD01_ind059	CFD01	5
CFD01_ind060	CFD01	5
CFD01_ind061	CFD01	5
CFD01_ind062	CFD01	5
CFD01_ind063	CFD01	5
CFD01_ind064	CFD01	5
CFD01_ind065	CFD01	5
CFD01_ind066	CFD01	5
CFD01_ind067	CFD01	5
CFD01_ind068	CFD01	5
CFD01_ind069	CFD01	5
CFD01_ind070	CFD01	5
CFD01_ind071	CFD01	5
CFD01_ind072	CFD01	5
CFD01_ind073	CFD01	5
CFD01_ind074	CFD01	5
CFD01_ind075	CFD01	5
CFD01_ind076	CFD01	5
CFD01_ind077	CFD01	5
CFD01_ind078	CFD01	5
CFD01_ind079	CFD01	5
CFD01_ind080	CFD01	5
CFD01_ind082	CFD01	5
CFD01_ind083	CFD01	5
CFD01_ind084	CFD01	5
CFD01_ind085	CFD01	5
CFD01_ind086	CFD01	5
CFD01_ind001	CFD01	6
CFD01_ind002	CFD01	6
CFD01_ind003	CFD01	6
CFD01_ind004	CFD01	6
CFD01_ind005	CFD01	6
CFD01_ind006	CFD01	6
CFD01_ind007	CFD01	6
CFD01_ind008	CFD01	6
CFD01_ind009	CFD01	6
CFD01_ind010	CFD01	6
CFD01_ind011	CFD01	6
CFD01_ind012	CFD01	6
CFD01_ind013	CFD01	6
CFD01_ind014	CFD01	6
CFD01_ind015	CFD01	6
CFD01_ind016	CFD01	6
CFD01_ind017	CFD01	6
CFD01_ind018	CFD01	6
CFD01_ind019	CFD01	6
CFD01_ind020	CFD01	6
CFD01_ind021	CFD01	6
CFD01_ind022	CFD01	6
CFD01_ind023	CFD01	6
CFD01_ind024	CFD01	6
CFD01_ind025	CFD01	6
CFD01_ind026	CFD01	6
CFD01_ind027	CFD01	6
CFD01_ind028	CFD01	6
CFD01_ind029	CFD01	6
CFD01_ind030	CFD01	6
CFD01_ind031	CFD01	6
CFD01_ind032	CFD01	6
CFD01_ind033	CFD01	6
CFD01_ind034	CFD01	6
CFD01_ind035	CFD01	6
CFD01_ind036	CFD01	6
CFD01_ind037	CFD01	6
CFD01_ind038	CFD01	6
CFD01_ind039	CFD01	6
CFD01_ind040	CFD01	6
CFD01_ind041	CFD01	6
CFD01_ind042	CFD01	6
CFD01_ind043	CFD01	6
CFD01_ind044	CFD01	6
CFD01_ind045	CFD01	6
CFD01_ind046	CFD01	6
CFD01_ind047	CFD01	6
CFD01_ind048	CFD01	6
CFD01_ind049	CFD01	6
CFD01_ind050	CFD01	6
CFD01_ind051	CFD01	6
CFD01_ind052	CFD01	6
CFD01_ind053	CFD01	6
CFD01_ind054	CFD01	6
CFD01_ind055	CFD01	6
CFD01_ind056	CFD01	6
CFD01_ind057	CFD01	6
CFD01_ind058	CFD01	6
CFD01_ind059	CFD01	6
CFD01_ind060	CFD01	6
CFD01_ind061	CFD01	6
CFD01_ind062	CFD01	6
CFD01_ind063	CFD01	6
CFD01_ind064	CFD01	6
CFD01_ind065	CFD01	6
CFD01_ind066	CFD01	6
CFD01_ind067	CFD01	6
CFD01_ind068	CFD01	6
CFD01_ind069	CFD01	6
CFD01_ind070	CFD01	6
CFD01_ind071	CFD01	6
CFD01_ind072	CFD01	6
CFD01_ind073	CFD01	6
CFD01_ind074	CFD01	6
CFD01_ind075	CFD01	6
CFD01_ind076	CFD01	6
CFD01_ind077	CFD01	6
CFD01_ind078	CFD01	6
CFD01_ind079	CFD01	6
CFD01_ind080	CFD01	6
CFD01_ind082	CFD01	6
CFD01_ind083	CFD01	6
CFD01_ind084	CFD01	6
CFD01_ind085	CFD01	6
CFD01_ind086	CFD01	6
CFD01_ind001	CFD01	7
CFD01_ind002	CFD01	7
CFD01_ind003	CFD01	7
CFD01_ind004	CFD01	7
CFD01_ind005	CFD01	7
CFD01_ind006	CFD01	7
CFD01_ind007	CFD01	7
CFD01_ind008	CFD01	7
CFD01_ind009	CFD01	7
CFD01_ind010	CFD01	7
CFD01_ind011	CFD01	7
CFD01_ind012	CFD01	7
CFD01_ind013	CFD01	7
CFD01_ind014	CFD01	7
CFD01_ind015	CFD01	7
CFD01_ind016	CFD01	7
CFD01_ind017	CFD01	7
CFD01_ind018	CFD01	7
CFD01_ind019	CFD01	7
CFD01_ind020	CFD01	7
CFD01_ind021	CFD01	7
CFD01_ind022	CFD01	7
CFD01_ind023	CFD01	7
CFD01_ind024	CFD01	7
CFD01_ind025	CFD01	7
CFD01_ind026	CFD01	7
CFD01_ind027	CFD01	7
CFD01_ind028	CFD01	7
CFD01_ind029	CFD01	7
CFD01_ind030	CFD01	7
CFD01_ind031	CFD01	7
CFD01_ind032	CFD01	7
CFD01_ind033	CFD01	7
CFD01_ind034	CFD01	7
CFD01_ind035	CFD01	7
CFD01_ind036	CFD01	7
CFD01_ind037	CFD01	7
CFD01_ind038	CFD01	7
CFD01_ind039	CFD01	7
CFD01_ind040	CFD01	7
CFD01_ind041	CFD01	7
CFD01_ind042	CFD01	7
CFD01_ind043	CFD01	7
CFD01_ind044	CFD01	7
CFD01_ind045	CFD01	7
CFD01_ind046	CFD01	7
CFD01_ind047	CFD01	7
CFD01_ind048	CFD01	7
CFD01_ind049	CFD01	7
CFD01_ind050	CFD01	7
CFD01_ind051	CFD01	7
CFD01_ind052	CFD01	7
CFD01_ind053	CFD01	7
CFD01_ind054	CFD01	7
CFD01_ind055	CFD01	7
CFD01_ind056	CFD01	7
CFD01_ind057	CFD01	7
CFD01_ind058	CFD01	7
CFD01_ind059	CFD01	7
CFD01_ind060	CFD01	7
CFD01_ind061	CFD01	7
CFD01_ind062	CFD01	7
CFD01_ind063	CFD01	7
CFD01_ind064	CFD01	7
CFD01_ind065	CFD01	7
CFD01_ind066	CFD01	7
CFD01_ind067	CFD01	7
CFD01_ind068	CFD01	7
CFD01_ind069	CFD01	7
CFD01_ind070	CFD01	7
CFD01_ind071	CFD01	7
CFD01_ind072	CFD01	7
CFD01_ind073	CFD01	7
CFD01_ind074	CFD01	7
CFD01_ind075	CFD01	7
CFD01_ind076	CFD01	7
CFD01_ind077	CFD01	7
CFD01_ind078	CFD01	7
CFD01_ind079	CFD01	7
CFD01_ind080	CFD01	7
CFD01_ind082	CFD01	7
CFD01_ind083	CFD01	7
CFD01_ind084	CFD01	7
CFD01_ind085	CFD01	7
CFD01_ind086	CFD01	7
CFD01_ind001	CFD01	8
CFD01_ind002	CFD01	8
CFD01_ind003	CFD01	8
CFD01_ind004	CFD01	8
CFD01_ind005	CFD01	8
CFD01_ind006	CFD01	8
CFD01_ind007	CFD01	8
CFD01_ind008	CFD01	8
CFD01_ind009	CFD01	8
CFD01_ind010	CFD01	8
CFD01_ind011	CFD01	8
CFD01_ind012	CFD01	8
CFD01_ind013	CFD01	8
CFD01_ind014	CFD01	8
CFD01_ind015	CFD01	8
CFD01_ind016	CFD01	8
CFD01_ind017	CFD01	8
CFD01_ind018	CFD01	8
CFD01_ind019	CFD01	8
CFD01_ind020	CFD01	8
CFD01_ind021	CFD01	8
CFD01_ind022	CFD01	8
CFD01_ind023	CFD01	8
CFD01_ind024	CFD01	8
CFD01_ind025	CFD01	8
CFD01_ind026	CFD01	8
CFD01_ind027	CFD01	8
CFD01_ind028	CFD01	8
CFD01_ind029	CFD01	8
CFD01_ind030	CFD01	8
CFD01_ind031	CFD01	8
CFD01_ind032	CFD01	8
CFD01_ind033	CFD01	8
CFD01_ind034	CFD01	8
CFD01_ind035	CFD01	8
CFD01_ind036	CFD01	8
CFD01_ind037	CFD01	8
CFD01_ind038	CFD01	8
CFD01_ind039	CFD01	8
CFD01_ind040	CFD01	8
CFD01_ind041	CFD01	8
CFD01_ind042	CFD01	8
CFD01_ind043	CFD01	8
CFD01_ind044	CFD01	8
CFD01_ind045	CFD01	8
CFD01_ind046	CFD01	8
CFD01_ind047	CFD01	8
CFD01_ind048	CFD01	8
CFD01_ind049	CFD01	8
CFD01_ind050	CFD01	8
CFD01_ind051	CFD01	8
CFD01_ind052	CFD01	8
CFD01_ind053	CFD01	8
CFD01_ind054	CFD01	8
CFD01_ind055	CFD01	8
CFD01_ind056	CFD01	8
CFD01_ind057	CFD01	8
CFD01_ind058	CFD01	8
CFD01_ind059	CFD01	8
CFD01_ind060	CFD01	8
CFD01_ind061	CFD01	8
CFD01_ind062	CFD01	8
CFD01_ind063	CFD01	8
CFD01_ind064	CFD01	8
CFD01_ind065	CFD01	8
CFD01_ind066	CFD01	8
CFD01_ind067	CFD01	8
CFD01_ind068	CFD01	8
CFD01_ind069	CFD01	8
CFD01_ind070	CFD01	8
CFD01_ind071	CFD01	8
CFD01_ind072	CFD01	8
CFD01_ind073	CFD01	8
CFD01_ind074	CFD01	8
CFD01_ind075	CFD01	8
CFD01_ind076	CFD01	8
CFD01_ind077	CFD01	8
CFD01_ind078	CFD01	8
CFD01_ind079	CFD01	8
CFD01_ind080	CFD01	8
CFD01_ind082	CFD01	8
CFD01_ind083	CFD01	8
CFD01_ind084	CFD01	8
CFD01_ind085	CFD01	8
CFD01_ind086	CFD01	8
CFD01_ind001	CFD01	9
CFD01_ind002	CFD01	9
CFD01_ind003	CFD01	9
CFD01_ind004	CFD01	9
CFD01_ind005	CFD01	9
CFD01_ind006	CFD01	9
CFD01_ind007	CFD01	9
CFD01_ind008	CFD01	9
CFD01_ind009	CFD01	9
CFD01_ind010	CFD01	9
CFD01_ind011	CFD01	9
CFD01_ind012	CFD01	9
CFD01_ind013	CFD01	9
CFD01_ind014	CFD01	9
CFD01_ind015	CFD01	9
CFD01_ind016	CFD01	9
CFD01_ind017	CFD01	9
CFD01_ind018	CFD01	9
CFD01_ind019	CFD01	9
CFD01_ind020	CFD01	9
CFD01_ind021	CFD01	9
CFD01_ind022	CFD01	9
CFD01_ind023	CFD01	9
CFD01_ind024	CFD01	9
CFD01_ind025	CFD01	9
CFD01_ind026	CFD01	9
CFD01_ind027	CFD01	9
CFD01_ind028	CFD01	9
CFD01_ind029	CFD01	9
CFD01_ind030	CFD01	9
CFD01_ind031	CFD01	9
CFD01_ind032	CFD01	9
CFD01_ind033	CFD01	9
CFD01_ind034	CFD01	9
CFD01_ind035	CFD01	9
CFD01_ind036	CFD01	9
CFD01_ind037	CFD01	9
CFD01_ind038	CFD01	9
CFD01_ind039	CFD01	9
CFD01_ind040	CFD01	9
CFD01_ind041	CFD01	9
CFD01_ind042	CFD01	9
CFD01_ind043	CFD01	9
CFD01_ind044	CFD01	9
CFD01_ind045	CFD01	9
CFD01_ind046	CFD01	9
CFD01_ind047	CFD01	9
CFD01_ind048	CFD01	9
CFD01_ind049	CFD01	9
CFD01_ind050	CFD01	9
CFD01_ind051	CFD01	9
CFD01_ind052	CFD01	9
CFD01_ind053	CFD01	9
CFD01_ind054	CFD01	9
CFD01_ind055	CFD01	9
CFD01_ind056	CFD01	9
CFD01_ind057	CFD01	9
CFD01_ind058	CFD01	9
CFD01_ind059	CFD01	9
CFD01_ind060	CFD01	9
CFD01_ind061	CFD01	9
CFD01_ind062	CFD01	9
CFD01_ind063	CFD01	9
CFD01_ind064	CFD01	9
CFD01_ind065	CFD01	9
CFD01_ind066	CFD01	9
CFD01_ind067	CFD01	9
CFD01_ind068	CFD01	9
CFD01_ind069	CFD01	9
CFD01_ind070	CFD01	9
CFD01_ind071	CFD01	9
CFD01_ind072	CFD01	9
CFD01_ind073	CFD01	9
CFD01_ind074	CFD01	9
CFD01_ind075	CFD01	9
CFD01_ind076	CFD01	9
CFD01_ind077	CFD01	9
CFD01_ind078	CFD01	9
CFD01_ind079	CFD01	9
CFD01_ind080	CFD01	9
CFD01_ind082	CFD01	9
CFD01_ind083	CFD01	9
CFD01_ind084	CFD01	9
CFD01_ind085	CFD01	9
CFD01_ind086	CFD01	9
CFD01_ind001	CFD01	10
CFD01_ind002	CFD01	10
CFD01_ind003	CFD01	10
CFD01_ind004	CFD01	10
CFD01_ind005	CFD01	10
CFD01_ind006	CFD01	10
CFD01_ind007	CFD01	10
CFD01_ind008	CFD01	10
CFD01_ind009	CFD01	10
CFD01_ind010	CFD01	10
CFD01_ind011	CFD01	10
CFD01_ind012	CFD01	10
CFD01_ind013	CFD01	10
CFD01_ind014	CFD01	10
CFD01_ind015	CFD01	10
CFD01_ind016	CFD01	10
CFD01_ind017	CFD01	10
CFD01_ind018	CFD01	10
CFD01_ind019	CFD01	10
CFD01_ind020	CFD01	10
CFD01_ind021	CFD01	10
CFD01_ind022	CFD01	10
CFD01_ind023	CFD01	10
CFD01_ind024	CFD01	10
CFD01_ind025	CFD01	10
CFD01_ind026	CFD01	10
CFD01_ind027	CFD01	10
CFD01_ind028	CFD01	10
CFD01_ind029	CFD01	10
CFD01_ind030	CFD01	10
CFD01_ind031	CFD01	10
CFD01_ind032	CFD01	10
CFD01_ind033	CFD01	10
CFD01_ind034	CFD01	10
CFD01_ind035	CFD01	10
CFD01_ind036	CFD01	10
CFD01_ind037	CFD01	10
CFD01_ind038	CFD01	10
CFD01_ind039	CFD01	10
CFD01_ind040	CFD01	10
CFD01_ind041	CFD01	10
CFD01_ind042	CFD01	10
CFD01_ind043	CFD01	10
CFD01_ind044	CFD01	10
CFD01_ind045	CFD01	10
CFD01_ind046	CFD01	10
CFD01_ind047	CFD01	10
CFD01_ind048	CFD01	10
CFD01_ind049	CFD01	10
CFD01_ind050	CFD01	10
CFD01_ind051	CFD01	10
CFD01_ind052	CFD01	10
CFD01_ind053	CFD01	10
CFD01_ind054	CFD01	10
CFD01_ind055	CFD01	10
CFD01_ind056	CFD01	10
CFD01_ind057	CFD01	10
CFD01_ind058	CFD01	10
CFD01_ind059	CFD01	10
CFD01_ind060	CFD01	10
CFD01_ind061	CFD01	10
CFD01_ind062	CFD01	10
CFD01_ind063	CFD01	10
CFD01_ind064	CFD01	10
CFD01_ind065	CFD01	10
CFD01_ind066	CFD01	10
CFD01_ind067	CFD01	10
CFD01_ind068	CFD01	10
CFD01_ind069	CFD01	10
CFD01_ind070	CFD01	10
CFD01_ind071	CFD01	10
CFD01_ind072	CFD01	10
CFD01_ind073	CFD01	10
CFD01_ind074	CFD01	10
CFD01_ind075	CFD01	10
CFD01_ind076	CFD01	10
CFD01_ind077	CFD01	10
CFD01_ind078	CFD01	10
CFD01_ind079	CFD01	10
CFD01_ind080	CFD01	10
CFD01_ind082	CFD01	10
CFD01_ind083	CFD01	10
CFD01_ind084	CFD01	10
CFD01_ind085	CFD01	10
CFD01_ind086	CFD01	10
CFD02_ind001	CFD02	1
CFD02_ind002	CFD02	1
CFD02_ind003	CFD02	1
CFD02_ind004	CFD02	1
CFD02_ind005	CFD02	1
CFD02_ind006	CFD02	1
CFD02_ind007	CFD02	1
CFD02_ind008	CFD02	1
CFD02_ind009	CFD02	1
CFD02_ind010	CFD02	1
CFD02_ind011	CFD02	1
CFD02_ind012	CFD02	1
CFD02_ind013	CFD02	1
CFD02_ind014	CFD02	1
CFD02_ind015	CFD02	1
CFD02_ind016	CFD02	1
CFD02_ind017	CFD02	1
CFD02_ind018	CFD02	1
CFD02_ind019	CFD02	1
CFD02_ind020	CFD02	1
CFD02_ind021	CFD02	1
CFD02_ind022	CFD02	1
CFD02_ind023	CFD02	1
CFD02_ind024	CFD02	1
CFD02_ind025	CFD02	1
CFD02_ind026	CFD02	1
CFD02_ind027	CFD02	1
CFD02_ind028	CFD02	1
CFD02_ind029	CFD02	1
CFD02_ind030	CFD02	1
CFD02_ind031	CFD02	1
CFD02_ind032	CFD02	1
CFD02_ind033	CFD02	1
CFD02_ind034	CFD02	1
CFD02_ind035	CFD02	1
CFD02_ind036	CFD02	1
CFD02_ind037	CFD02	1
CFD02_ind038	CFD02	1
CFD02_ind039	CFD02	1
CFD02_ind040	CFD02	1
CFD02_ind041	CFD02	1
CFD02_ind042	CFD02	1
CFD02_ind043	CFD02	1
CFD02_ind044	CFD02	1
CFD02_ind045	CFD02	1
CFD02_ind046	CFD02	1
CFD02_ind047	CFD02	1
CFD02_ind048	CFD02	1
CFD02_ind049	CFD02	1
CFD02_ind050	CFD02	1
CFD02_ind051	CFD02	1
CFD02_ind052	CFD02	1
CFD02_ind053	CFD02	1
CFD02_ind054	CFD02	1
CFD02_ind055	CFD02	1
CFD02_ind056	CFD02	1
CFD02_ind057	CFD02	1
CFD02_ind058	CFD02	1
CFD02_ind059	CFD02	1
CFD02_ind060	CFD02	1
CFD02_ind061	CFD02	1
CFD02_ind062	CFD02	1
CFD02_ind063	CFD02	1
CFD02_ind064	CFD02	1
CFD02_ind065	CFD02	1
CFD02_ind066	CFD02	1
CFD02_ind067	CFD02	1
CFD02_ind068	CFD02	1
CFD02_ind069	CFD02	1
CFD02_ind070	CFD02	1
CFD02_ind071	CFD02	1
CFD02_ind072	CFD02	1
CFD02_ind073	CFD02	1
CFD02_ind001	CFD02	2
CFD02_ind002	CFD02	2
CFD02_ind003	CFD02	2
CFD02_ind004	CFD02	2
CFD02_ind005	CFD02	2
CFD02_ind006	CFD02	2
CFD02_ind007	CFD02	2
CFD02_ind008	CFD02	2
CFD02_ind009	CFD02	2
CFD02_ind010	CFD02	2
CFD02_ind011	CFD02	2
CFD02_ind012	CFD02	2
CFD02_ind013	CFD02	2
CFD02_ind014	CFD02	2
CFD02_ind015	CFD02	2
CFD02_ind016	CFD02	2
CFD02_ind017	CFD02	2
CFD02_ind018	CFD02	2
CFD02_ind019	CFD02	2
CFD02_ind020	CFD02	2
CFD02_ind021	CFD02	2
CFD02_ind022	CFD02	2
CFD02_ind023	CFD02	2
CFD02_ind024	CFD02	2
CFD02_ind025	CFD02	2
CFD02_ind026	CFD02	2
CFD02_ind027	CFD02	2
CFD02_ind028	CFD02	2
CFD02_ind029	CFD02	2
CFD02_ind030	CFD02	2
CFD02_ind031	CFD02	2
CFD02_ind032	CFD02	2
CFD02_ind033	CFD02	2
CFD02_ind034	CFD02	2
CFD02_ind035	CFD02	2
CFD02_ind036	CFD02	2
CFD02_ind037	CFD02	2
CFD02_ind038	CFD02	2
CFD02_ind039	CFD02	2
CFD02_ind040	CFD02	2
CFD02_ind041	CFD02	2
CFD02_ind042	CFD02	2
CFD02_ind043	CFD02	2
CFD02_ind044	CFD02	2
CFD02_ind045	CFD02	2
CFD02_ind046	CFD02	2
CFD02_ind047	CFD02	2
CFD02_ind048	CFD02	2
CFD02_ind049	CFD02	2
CFD02_ind050	CFD02	2
CFD02_ind051	CFD02	2
CFD02_ind052	CFD02	2
CFD02_ind053	CFD02	2
CFD02_ind054	CFD02	2
CFD02_ind055	CFD02	2
CFD02_ind056	CFD02	2
CFD02_ind057	CFD02	2
CFD02_ind058	CFD02	2
CFD02_ind059	CFD02	2
CFD02_ind060	CFD02	2
CFD02_ind061	CFD02	2
CFD02_ind062	CFD02	2
CFD02_ind063	CFD02	2
CFD02_ind064	CFD02	2
CFD02_ind065	CFD02	2
CFD02_ind066	CFD02	2
CFD02_ind067	CFD02	2
CFD02_ind068	CFD02	2
CFD02_ind069	CFD02	2
CFD02_ind070	CFD02	2
CFD02_ind071	CFD02	2
CFD02_ind072	CFD02	2
CFD02_ind073	CFD02	2
CFD02_ind001	CFD02	3
CFD02_ind002	CFD02	3
CFD02_ind003	CFD02	3
CFD02_ind004	CFD02	3
CFD02_ind005	CFD02	3
CFD02_ind006	CFD02	3
CFD02_ind007	CFD02	3
CFD02_ind008	CFD02	3
CFD02_ind009	CFD02	3
CFD02_ind010	CFD02	3
CFD02_ind011	CFD02	3
CFD02_ind012	CFD02	3
CFD02_ind013	CFD02	3
CFD02_ind014	CFD02	3
CFD02_ind015	CFD02	3
CFD02_ind016	CFD02	3
CFD02_ind017	CFD02	3
CFD02_ind018	CFD02	3
CFD02_ind019	CFD02	3
CFD02_ind020	CFD02	3
CFD02_ind021	CFD02	3
CFD02_ind022	CFD02	3
CFD02_ind023	CFD02	3
CFD02_ind024	CFD02	3
CFD02_ind025	CFD02	3
CFD02_ind026	CFD02	3
CFD02_ind027	CFD02	3
CFD02_ind028	CFD02	3
CFD02_ind029	CFD02	3
CFD02_ind030	CFD02	3
CFD02_ind031	CFD02	3
CFD02_ind032	CFD02	3
CFD02_ind033	CFD02	3
CFD02_ind034	CFD02	3
CFD02_ind035	CFD02	3
CFD02_ind036	CFD02	3
CFD02_ind037	CFD02	3
CFD02_ind038	CFD02	3
CFD02_ind039	CFD02	3
CFD02_ind040	CFD02	3
CFD02_ind041	CFD02	3
CFD02_ind042	CFD02	3
CFD02_ind043	CFD02	3
CFD02_ind044	CFD02	3
CFD02_ind045	CFD02	3
CFD02_ind046	CFD02	3
CFD02_ind047	CFD02	3
CFD02_ind048	CFD02	3
CFD02_ind049	CFD02	3
CFD02_ind050	CFD02	3
CFD02_ind051	CFD02	3
CFD02_ind052	CFD02	3
CFD02_ind053	CFD02	3
CFD02_ind054	CFD02	3
CFD02_ind055	CFD02	3
CFD02_ind056	CFD02	3
CFD02_ind057	CFD02	3
CFD02_ind058	CFD02	3
CFD02_ind059	CFD02	3
CFD02_ind060	CFD02	3
CFD02_ind061	CFD02	3
CFD02_ind062	CFD02	3
CFD02_ind063	CFD02	3
CFD02_ind064	CFD02	3
CFD02_ind065	CFD02	3
CFD02_ind066	CFD02	3
CFD02_ind067	CFD02	3
CFD02_ind068	CFD02	3
CFD02_ind069	CFD02	3
CFD02_ind070	CFD02	3
CFD02_ind071	CFD02	3
CFD02_ind072	CFD02	3
CFD02_ind073	CFD02	3
CFD02_ind001	CFD02	4
CFD02_ind002	CFD02	4
CFD02_ind003	CFD02	4
CFD02_ind004	CFD02	4
CFD02_ind005	CFD02	4
CFD02_ind006	CFD02	4
CFD02_ind007	CFD02	4
CFD02_ind008	CFD02	4
CFD02_ind009	CFD02	4
CFD02_ind010	CFD02	4
CFD02_ind011	CFD02	4
CFD02_ind012	CFD02	4
CFD02_ind013	CFD02	4
CFD02_ind014	CFD02	4
CFD02_ind015	CFD02	4
CFD02_ind016	CFD02	4
CFD02_ind017	CFD02	4
CFD02_ind018	CFD02	4
CFD02_ind019	CFD02	4
CFD02_ind020	CFD02	4
CFD02_ind021	CFD02	4
CFD02_ind022	CFD02	4
CFD02_ind023	CFD02	4
CFD02_ind024	CFD02	4
CFD02_ind025	CFD02	4
CFD02_ind026	CFD02	4
CFD02_ind027	CFD02	4
CFD02_ind028	CFD02	4
CFD02_ind029	CFD02	4
CFD02_ind030	CFD02	4
CFD02_ind031	CFD02	4
CFD02_ind032	CFD02	4
CFD02_ind033	CFD02	4
CFD02_ind034	CFD02	4
CFD02_ind035	CFD02	4
CFD02_ind036	CFD02	4
CFD02_ind037	CFD02	4
CFD02_ind038	CFD02	4
CFD02_ind039	CFD02	4
CFD02_ind040	CFD02	4
CFD02_ind041	CFD02	4
CFD02_ind042	CFD02	4
CFD02_ind043	CFD02	4
CFD02_ind044	CFD02	4
CFD02_ind045	CFD02	4
CFD02_ind046	CFD02	4
CFD02_ind047	CFD02	4
CFD02_ind048	CFD02	4
CFD02_ind049	CFD02	4
CFD02_ind050	CFD02	4
CFD02_ind051	CFD02	4
CFD02_ind052	CFD02	4
CFD02_ind053	CFD02	4
CFD02_ind054	CFD02	4
CFD02_ind055	CFD02	4
CFD02_ind056	CFD02	4
CFD02_ind057	CFD02	4
CFD02_ind058	CFD02	4
CFD02_ind059	CFD02	4
CFD02_ind060	CFD02	4
CFD02_ind061	CFD02	4
CFD02_ind062	CFD02	4
CFD02_ind063	CFD02	4
CFD02_ind064	CFD02	4
CFD02_ind065	CFD02	4
CFD02_ind066	CFD02	4
CFD02_ind067	CFD02	4
CFD02_ind068	CFD02	4
CFD02_ind069	CFD02	4
CFD02_ind070	CFD02	4
CFD02_ind071	CFD02	4
CFD02_ind072	CFD02	4
CFD02_ind073	CFD02	4
CFD02_ind001	CFD02	5
CFD02_ind002	CFD02	5
CFD02_ind003	CFD02	5
CFD02_ind004	CFD02	5
CFD02_ind005	CFD02	5
CFD02_ind006	CFD02	5
CFD02_ind007	CFD02	5
CFD02_ind008	CFD02	5
CFD02_ind009	CFD02	5
CFD02_ind010	CFD02	5
CFD02_ind011	CFD02	5
CFD02_ind012	CFD02	5
CFD02_ind013	CFD02	5
CFD02_ind014	CFD02	5
CFD02_ind015	CFD02	5
CFD02_ind016	CFD02	5
CFD02_ind017	CFD02	5
CFD02_ind018	CFD02	5
CFD02_ind019	CFD02	5
CFD02_ind020	CFD02	5
CFD02_ind021	CFD02	5
CFD02_ind022	CFD02	5
CFD02_ind023	CFD02	5
CFD02_ind024	CFD02	5
CFD02_ind025	CFD02	5
CFD02_ind026	CFD02	5
CFD02_ind027	CFD02	5
CFD02_ind028	CFD02	5
CFD02_ind029	CFD02	5
CFD02_ind030	CFD02	5
CFD02_ind031	CFD02	5
CFD02_ind032	CFD02	5
CFD02_ind033	CFD02	5
CFD02_ind034	CFD02	5
CFD02_ind035	CFD02	5
CFD02_ind036	CFD02	5
CFD02_ind037	CFD02	5
CFD02_ind038	CFD02	5
CFD02_ind039	CFD02	5
CFD02_ind040	CFD02	5
CFD02_ind041	CFD02	5
CFD02_ind042	CFD02	5
CFD02_ind043	CFD02	5
CFD02_ind044	CFD02	5
CFD02_ind045	CFD02	5
CFD02_ind046	CFD02	5
CFD02_ind047	CFD02	5
CFD02_ind048	CFD02	5
CFD02_ind049	CFD02	5
CFD02_ind050	CFD02	5
CFD02_ind051	CFD02	5
CFD02_ind052	CFD02	5
CFD02_ind053	CFD02	5
CFD02_ind054	CFD02	5
CFD02_ind055	CFD02	5
CFD02_ind056	CFD02	5
CFD02_ind057	CFD02	5
CFD02_ind058	CFD02	5
CFD02_ind059	CFD02	5
CFD02_ind060	CFD02	5
CFD02_ind061	CFD02	5
CFD02_ind062	CFD02	5
CFD02_ind063	CFD02	5
CFD02_ind064	CFD02	5
CFD02_ind065	CFD02	5
CFD02_ind066	CFD02	5
CFD02_ind067	CFD02	5
CFD02_ind068	CFD02	5
CFD02_ind069	CFD02	5
CFD02_ind070	CFD02	5
CFD02_ind071	CFD02	5
CFD02_ind072	CFD02	5
CFD02_ind073	CFD02	5
CFD02_ind001	CFD02	6
CFD02_ind002	CFD02	6
CFD02_ind003	CFD02	6
CFD02_ind004	CFD02	6
CFD02_ind005	CFD02	6
CFD02_ind006	CFD02	6
CFD02_ind007	CFD02	6
CFD02_ind008	CFD02	6
CFD02_ind009	CFD02	6
CFD02_ind010	CFD02	6
CFD02_ind011	CFD02	6
CFD02_ind012	CFD02	6
CFD02_ind013	CFD02	6
CFD02_ind014	CFD02	6
CFD02_ind015	CFD02	6
CFD02_ind016	CFD02	6
CFD02_ind017	CFD02	6
CFD02_ind018	CFD02	6
CFD02_ind019	CFD02	6
CFD02_ind020	CFD02	6
CFD02_ind021	CFD02	6
CFD02_ind022	CFD02	6
CFD02_ind023	CFD02	6
CFD02_ind024	CFD02	6
CFD02_ind025	CFD02	6
CFD02_ind026	CFD02	6
CFD02_ind027	CFD02	6
CFD02_ind028	CFD02	6
CFD02_ind029	CFD02	6
CFD02_ind030	CFD02	6
CFD02_ind031	CFD02	6
CFD02_ind032	CFD02	6
CFD02_ind033	CFD02	6
CFD02_ind034	CFD02	6
CFD02_ind035	CFD02	6
CFD02_ind036	CFD02	6
CFD02_ind037	CFD02	6
CFD02_ind038	CFD02	6
CFD02_ind039	CFD02	6
CFD02_ind040	CFD02	6
CFD02_ind041	CFD02	6
CFD02_ind042	CFD02	6
CFD02_ind043	CFD02	6
CFD02_ind044	CFD02	6
CFD02_ind045	CFD02	6
CFD02_ind046	CFD02	6
CFD02_ind047	CFD02	6
CFD02_ind048	CFD02	6
CFD02_ind049	CFD02	6
CFD02_ind050	CFD02	6
CFD02_ind051	CFD02	6
CFD02_ind052	CFD02	6
CFD02_ind053	CFD02	6
CFD02_ind054	CFD02	6
CFD02_ind055	CFD02	6
CFD02_ind056	CFD02	6
CFD02_ind057	CFD02	6
CFD02_ind058	CFD02	6
CFD02_ind059	CFD02	6
CFD02_ind060	CFD02	6
CFD02_ind061	CFD02	6
CFD02_ind062	CFD02	6
CFD02_ind063	CFD02	6
CFD02_ind064	CFD02	6
CFD02_ind065	CFD02	6
CFD02_ind066	CFD02	6
CFD02_ind067	CFD02	6
CFD02_ind068	CFD02	6
CFD02_ind069	CFD02	6
CFD02_ind070	CFD02	6
CFD02_ind071	CFD02	6
CFD02_ind072	CFD02	6
CFD02_ind073	CFD02	6
CFD02_ind001	CFD02	7
CFD02_ind002	CFD02	7
CFD02_ind003	CFD02	7
CFD02_ind004	CFD02	7
CFD02_ind005	CFD02	7
CFD02_ind006	CFD02	7
CFD02_ind007	CFD02	7
CFD02_ind008	CFD02	7
CFD02_ind009	CFD02	7
CFD02_ind010	CFD02	7
CFD02_ind011	CFD02	7
CFD02_ind012	CFD02	7
CFD02_ind013	CFD02	7
CFD02_ind014	CFD02	7
CFD02_ind015	CFD02	7
CFD02_ind016	CFD02	7
CFD02_ind017	CFD02	7
CFD02_ind018	CFD02	7
CFD02_ind019	CFD02	7
CFD02_ind020	CFD02	7
CFD02_ind021	CFD02	7
CFD02_ind022	CFD02	7
CFD02_ind023	CFD02	7
CFD02_ind024	CFD02	7
CFD02_ind025	CFD02	7
CFD02_ind026	CFD02	7
CFD02_ind027	CFD02	7
CFD02_ind028	CFD02	7
CFD02_ind029	CFD02	7
CFD02_ind030	CFD02	7
CFD02_ind031	CFD02	7
CFD02_ind032	CFD02	7
CFD02_ind033	CFD02	7
CFD02_ind034	CFD02	7
CFD02_ind035	CFD02	7
CFD02_ind036	CFD02	7
CFD02_ind037	CFD02	7
CFD02_ind038	CFD02	7
CFD02_ind039	CFD02	7
CFD02_ind040	CFD02	7
CFD02_ind041	CFD02	7
CFD02_ind042	CFD02	7
CFD02_ind043	CFD02	7
CFD02_ind044	CFD02	7
CFD02_ind045	CFD02	7
CFD02_ind046	CFD02	7
CFD02_ind047	CFD02	7
CFD02_ind048	CFD02	7
CFD02_ind049	CFD02	7
CFD02_ind050	CFD02	7
CFD02_ind051	CFD02	7
CFD02_ind052	CFD02	7
CFD02_ind053	CFD02	7
CFD02_ind054	CFD02	7
CFD02_ind055	CFD02	7
CFD02_ind056	CFD02	7
CFD02_ind057	CFD02	7
CFD02_ind058	CFD02	7
CFD02_ind059	CFD02	7
CFD02_ind060	CFD02	7
CFD02_ind061	CFD02	7
CFD02_ind062	CFD02	7
CFD02_ind063	CFD02	7
CFD02_ind064	CFD02	7
CFD02_ind065	CFD02	7
CFD02_ind066	CFD02	7
CFD02_ind067	CFD02	7
CFD02_ind068	CFD02	7
CFD02_ind069	CFD02	7
CFD02_ind070	CFD02	7
CFD02_ind071	CFD02	7
CFD02_ind072	CFD02	7
CFD02_ind073	CFD02	7
CFD02_ind001	CFD02	8
CFD02_ind002	CFD02	8
CFD02_ind003	CFD02	8
CFD02_ind004	CFD02	8
CFD02_ind005	CFD02	8
CFD02_ind006	CFD02	8
CFD02_ind007	CFD02	8
CFD02_ind008	CFD02	8
CFD02_ind009	CFD02	8
CFD02_ind010	CFD02	8
CFD02_ind011	CFD02	8
CFD02_ind012	CFD02	8
CFD02_ind013	CFD02	8
CFD02_ind014	CFD02	8
CFD02_ind015	CFD02	8
CFD02_ind016	CFD02	8
CFD02_ind017	CFD02	8
CFD02_ind018	CFD02	8
CFD02_ind019	CFD02	8
CFD02_ind020	CFD02	8
CFD02_ind021	CFD02	8
CFD02_ind022	CFD02	8
CFD02_ind023	CFD02	8
CFD02_ind024	CFD02	8
CFD02_ind025	CFD02	8
CFD02_ind026	CFD02	8
CFD02_ind027	CFD02	8
CFD02_ind028	CFD02	8
CFD02_ind029	CFD02	8
CFD02_ind030	CFD02	8
CFD02_ind031	CFD02	8
CFD02_ind032	CFD02	8
CFD02_ind033	CFD02	8
CFD02_ind034	CFD02	8
CFD02_ind035	CFD02	8
CFD02_ind036	CFD02	8
CFD02_ind037	CFD02	8
CFD02_ind038	CFD02	8
CFD02_ind039	CFD02	8
CFD02_ind040	CFD02	8
CFD02_ind041	CFD02	8
CFD02_ind042	CFD02	8
CFD02_ind043	CFD02	8
CFD02_ind044	CFD02	8
CFD02_ind045	CFD02	8
CFD02_ind046	CFD02	8
CFD02_ind047	CFD02	8
CFD02_ind048	CFD02	8
CFD02_ind049	CFD02	8
CFD02_ind050	CFD02	8
CFD02_ind051	CFD02	8
CFD02_ind052	CFD02	8
CFD02_ind053	CFD02	8
CFD02_ind054	CFD02	8
CFD02_ind055	CFD02	8
CFD02_ind056	CFD02	8
CFD02_ind057	CFD02	8
CFD02_ind058	CFD02	8
CFD02_ind059	CFD02	8
CFD02_ind060	CFD02	8
CFD02_ind061	CFD02	8
CFD02_ind062	CFD02	8
CFD02_ind063	CFD02	8
CFD02_ind064	CFD02	8
CFD02_ind065	CFD02	8
CFD02_ind066	CFD02	8
CFD02_ind067	CFD02	8
CFD02_ind068	CFD02	8
CFD02_ind069	CFD02	8
CFD02_ind070	CFD02	8
CFD02_ind071	CFD02	8
CFD02_ind072	CFD02	8
CFD02_ind073	CFD02	8
CFD02_ind001	CFD02	9
CFD02_ind002	CFD02	9
CFD02_ind003	CFD02	9
CFD02_ind004	CFD02	9
CFD02_ind005	CFD02	9
CFD02_ind006	CFD02	9
CFD02_ind007	CFD02	9
CFD02_ind008	CFD02	9
CFD02_ind009	CFD02	9
CFD02_ind010	CFD02	9
CFD02_ind011	CFD02	9
CFD02_ind012	CFD02	9
CFD02_ind013	CFD02	9
CFD02_ind014	CFD02	9
CFD02_ind015	CFD02	9
CFD02_ind016	CFD02	9
CFD02_ind017	CFD02	9
CFD02_ind018	CFD02	9
CFD02_ind019	CFD02	9
CFD02_ind020	CFD02	9
CFD02_ind021	CFD02	9
CFD02_ind022	CFD02	9
CFD02_ind023	CFD02	9
CFD02_ind024	CFD02	9
CFD02_ind025	CFD02	9
CFD02_ind026	CFD02	9
CFD02_ind027	CFD02	9
CFD02_ind028	CFD02	9
CFD02_ind029	CFD02	9
CFD02_ind030	CFD02	9
CFD02_ind031	CFD02	9
CFD02_ind032	CFD02	9
CFD02_ind033	CFD02	9
CFD02_ind034	CFD02	9
CFD02_ind035	CFD02	9
CFD02_ind036	CFD02	9
CFD02_ind037	CFD02	9
CFD02_ind038	CFD02	9
CFD02_ind039	CFD02	9
CFD02_ind040	CFD02	9
CFD02_ind041	CFD02	9
CFD02_ind042	CFD02	9
CFD02_ind043	CFD02	9
CFD02_ind044	CFD02	9
CFD02_ind045	CFD02	9
CFD02_ind046	CFD02	9
CFD02_ind047	CFD02	9
CFD02_ind048	CFD02	9
CFD02_ind049	CFD02	9
CFD02_ind050	CFD02	9
CFD02_ind051	CFD02	9
CFD02_ind052	CFD02	9
CFD02_ind053	CFD02	9
CFD02_ind054	CFD02	9
CFD02_ind055	CFD02	9
CFD02_ind056	CFD02	9
CFD02_ind057	CFD02	9
CFD02_ind058	CFD02	9
CFD02_ind059	CFD02	9
CFD02_ind060	CFD02	9
CFD02_ind061	CFD02	9
CFD02_ind062	CFD02	9
CFD02_ind063	CFD02	9
CFD02_ind064	CFD02	9
CFD02_ind065	CFD02	9
CFD02_ind066	CFD02	9
CFD02_ind067	CFD02	9
CFD02_ind068	CFD02	9
CFD02_ind069	CFD02	9
CFD02_ind070	CFD02	9
CFD02_ind071	CFD02	9
CFD02_ind072	CFD02	9
CFD02_ind073	CFD02	9
CFD02_ind001	CFD02	10
CFD02_ind002	CFD02	10
CFD02_ind003	CFD02	10
CFD02_ind004	CFD02	10
CFD02_ind005	CFD02	10
CFD02_ind006	CFD02	10
CFD02_ind007	CFD02	10
CFD02_ind008	CFD02	10
CFD02_ind009	CFD02	10
CFD02_ind010	CFD02	10
CFD02_ind011	CFD02	10
CFD02_ind012	CFD02	10
CFD02_ind013	CFD02	10
CFD02_ind014	CFD02	10
CFD02_ind015	CFD02	10
CFD02_ind016	CFD02	10
CFD02_ind017	CFD02	10
CFD02_ind018	CFD02	10
CFD02_ind019	CFD02	10
CFD02_ind020	CFD02	10
CFD02_ind021	CFD02	10
CFD02_ind022	CFD02	10
CFD02_ind023	CFD02	10
CFD02_ind024	CFD02	10
CFD02_ind025	CFD02	10
CFD02_ind026	CFD02	10
CFD02_ind027	CFD02	10
CFD02_ind028	CFD02	10
CFD02_ind029	CFD02	10
CFD02_ind030	CFD02	10
CFD02_ind031	CFD02	10
CFD02_ind032	CFD02	10
CFD02_ind033	CFD02	10
CFD02_ind034	CFD02	10
CFD02_ind035	CFD02	10
CFD02_ind036	CFD02	10
CFD02_ind037	CFD02	10
CFD02_ind038	CFD02	10
CFD02_ind039	CFD02	10
CFD02_ind040	CFD02	10
CFD02_ind041	CFD02	10
CFD02_ind042	CFD02	10
CFD02_ind043	CFD02	10
CFD02_ind044	CFD02	10
CFD02_ind045	CFD02	10
CFD02_ind046	CFD02	10
CFD02_ind047	CFD02	10
CFD02_ind048	CFD02	10
CFD02_ind049	CFD02	10
CFD02_ind050	CFD02	10
CFD02_ind051	CFD02	10
CFD02_ind052	CFD02	10
CFD02_ind053	CFD02	10
CFD02_ind054	CFD02	10
CFD02_ind055	CFD02	10
CFD02_ind056	CFD02	10
CFD02_ind057	CFD02	10
CFD02_ind058	CFD02	10
CFD02_ind059	CFD02	10
CFD02_ind060	CFD02	10
CFD02_ind061	CFD02	10
CFD02_ind062	CFD02	10
CFD02_ind063	CFD02	10
CFD02_ind064	CFD02	10
CFD02_ind065	CFD02	10
CFD02_ind066	CFD02	10
CFD02_ind067	CFD02	10
CFD02_ind068	CFD02	10
CFD02_ind069	CFD02	10
CFD02_ind070	CFD02	10
CFD02_ind071	CFD02	10
CFD02_ind072	CFD02	10
CFD02_ind073	CFD02	10
CFD03_ind001	CFD03	1
CFD03_ind002	CFD03	1
CFD03_ind003	CFD03	1
CFD03_ind004	CFD03	1
CFD03_ind005	CFD03	1
CFD03_ind006	CFD03	1
CFD03_ind007	CFD03	1
CFD03_ind008	CFD03	1
CFD03_ind009	CFD03	1
CFD03_ind010	CFD03	1
CFD03_ind011	CFD03	1
CFD03_ind012	CFD03	1
CFD03_ind013	CFD03	1
CFD03_ind014	CFD03	1
CFD03_ind015	CFD03	1
CFD03_ind016	CFD03	1
CFD03_ind017	CFD03	1
CFD03_ind018	CFD03	1
CFD03_ind019	CFD03	1
CFD03_ind020	CFD03	1
CFD03_ind021	CFD03	1
CFD03_ind022	CFD03	1
CFD03_ind023	CFD03	1
CFD03_ind024	CFD03	1
CFD03_ind025	CFD03	1
CFD03_ind026	CFD03	1
CFD03_ind027	CFD03	1
CFD03_ind028	CFD03	1
CFD03_ind029	CFD03	1
CFD03_ind030	CFD03	1
CFD03_ind031	CFD03	1
CFD03_ind032	CFD03	1
CFD03_ind033	CFD03	1
CFD03_ind034	CFD03	1
CFD03_ind035	CFD03	1
CFD03_ind036	CFD03	1
CFD03_ind037	CFD03	1
CFD03_ind038	CFD03	1
CFD03_ind039	CFD03	1
CFD03_ind040	CFD03	1
CFD03_ind041	CFD03	1
CFD03_ind042	CFD03	1
CFD03_ind043	CFD03	1
CFD03_ind044	CFD03	1
CFD03_ind045	CFD03	1
CFD03_ind046	CFD03	1
CFD03_ind047	CFD03	1
CFD03_ind048	CFD03	1
CFD03_ind049	CFD03	1
CFD03_ind050	CFD03	1
CFD03_ind051	CFD03	1
CFD03_ind052	CFD03	1
CFD03_ind053	CFD03	1
CFD03_ind054	CFD03	1
CFD03_ind056	CFD03	1
CFD03_ind057	CFD03	1
CFD03_ind058	CFD03	1
CFD03_ind059	CFD03	1
CFD03_ind060	CFD03	1
CFD03_ind061	CFD03	1
CFD03_ind062	CFD03	1
CFD03_ind063	CFD03	1
CFD03_ind064	CFD03	1
CFD03_ind065	CFD03	1
CFD03_ind066	CFD03	1
CFD03_ind067	CFD03	1
CFD03_ind068	CFD03	1
CFD03_ind069	CFD03	1
CFD03_ind070	CFD03	1
CFD03_ind071	CFD03	1
CFD03_ind072	CFD03	1
CFD03_ind073	CFD03	1
CFD03_ind074	CFD03	1
CFD03_ind075	CFD03	1
CFD03_ind076	CFD03	1
CFD03_ind077	CFD03	1
CFD03_ind078	CFD03	1
CFD03_ind079	CFD03	1
CFD03_ind080	CFD03	1
CFD03_ind081	CFD03	1
CFD03_ind082	CFD03	1
CFD03_ind083	CFD03	1
CFD03_ind084	CFD03	1
CFD03_ind085	CFD03	1
CFD03_ind086	CFD03	1
CFD03_ind087	CFD03	1
CFD03_ind088	CFD03	1
CFD03_ind089	CFD03	1
CFD03_ind090	CFD03	1
CFD03_ind091	CFD03	1
CFD03_ind092	CFD03	1
CFD03_ind093	CFD03	1
CFD03_ind094	CFD03	1
CFD03_ind095	CFD03	1
CFD03_ind096	CFD03	1
CFD03_ind097	CFD03	1
CFD03_ind098	CFD03	1
CFD03_ind099	CFD03	1
CFD03_ind100	CFD03	1
CFD03_ind101	CFD03	1
CFD03_ind102	CFD03	1
CFD03_ind103	CFD03	1
CFD03_ind001	CFD03	2
CFD03_ind002	CFD03	2
CFD03_ind003	CFD03	2
CFD03_ind004	CFD03	2
CFD03_ind005	CFD03	2
CFD03_ind006	CFD03	2
CFD03_ind007	CFD03	2
CFD03_ind008	CFD03	2
CFD03_ind009	CFD03	2
CFD03_ind010	CFD03	2
CFD03_ind011	CFD03	2
CFD03_ind012	CFD03	2
CFD03_ind013	CFD03	2
CFD03_ind014	CFD03	2
CFD03_ind015	CFD03	2
CFD03_ind016	CFD03	2
CFD03_ind017	CFD03	2
CFD03_ind018	CFD03	2
CFD03_ind019	CFD03	2
CFD03_ind020	CFD03	2
CFD03_ind021	CFD03	2
CFD03_ind022	CFD03	2
CFD03_ind023	CFD03	2
CFD03_ind024	CFD03	2
CFD03_ind025	CFD03	2
CFD03_ind026	CFD03	2
CFD03_ind027	CFD03	2
CFD03_ind028	CFD03	2
CFD03_ind029	CFD03	2
CFD03_ind030	CFD03	2
CFD03_ind031	CFD03	2
CFD03_ind032	CFD03	2
CFD03_ind033	CFD03	2
CFD03_ind034	CFD03	2
CFD03_ind035	CFD03	2
CFD03_ind036	CFD03	2
CFD03_ind037	CFD03	2
CFD03_ind038	CFD03	2
CFD03_ind039	CFD03	2
CFD03_ind040	CFD03	2
CFD03_ind041	CFD03	2
CFD03_ind042	CFD03	2
CFD03_ind043	CFD03	2
CFD03_ind044	CFD03	2
CFD03_ind045	CFD03	2
CFD03_ind046	CFD03	2
CFD03_ind047	CFD03	2
CFD03_ind048	CFD03	2
CFD03_ind049	CFD03	2
CFD03_ind050	CFD03	2
CFD03_ind051	CFD03	2
CFD03_ind052	CFD03	2
CFD03_ind053	CFD03	2
CFD03_ind054	CFD03	2
CFD03_ind056	CFD03	2
CFD03_ind057	CFD03	2
CFD03_ind058	CFD03	2
CFD03_ind059	CFD03	2
CFD03_ind060	CFD03	2
CFD03_ind061	CFD03	2
CFD03_ind062	CFD03	2
CFD03_ind063	CFD03	2
CFD03_ind064	CFD03	2
CFD03_ind065	CFD03	2
CFD03_ind066	CFD03	2
CFD03_ind067	CFD03	2
CFD03_ind068	CFD03	2
CFD03_ind069	CFD03	2
CFD03_ind070	CFD03	2
CFD03_ind071	CFD03	2
CFD03_ind072	CFD03	2
CFD03_ind073	CFD03	2
CFD03_ind074	CFD03	2
CFD03_ind075	CFD03	2
CFD03_ind076	CFD03	2
CFD03_ind077	CFD03	2
CFD03_ind078	CFD03	2
CFD03_ind079	CFD03	2
CFD03_ind080	CFD03	2
CFD03_ind081	CFD03	2
CFD03_ind082	CFD03	2
CFD03_ind083	CFD03	2
CFD03_ind084	CFD03	2
CFD03_ind085	CFD03	2
CFD03_ind086	CFD03	2
CFD03_ind087	CFD03	2
CFD03_ind088	CFD03	2
CFD03_ind089	CFD03	2
CFD03_ind090	CFD03	2
CFD03_ind091	CFD03	2
CFD03_ind092	CFD03	2
CFD03_ind093	CFD03	2
CFD03_ind094	CFD03	2
CFD03_ind095	CFD03	2
CFD03_ind096	CFD03	2
CFD03_ind097	CFD03	2
CFD03_ind098	CFD03	2
CFD03_ind099	CFD03	2
CFD03_ind100	CFD03	2
CFD03_ind101	CFD03	2
CFD03_ind102	CFD03	2
CFD03_ind103	CFD03	2
CFD03_ind001	CFD03	3
CFD03_ind002	CFD03	3
CFD03_ind003	CFD03	3
CFD03_ind004	CFD03	3
CFD03_ind005	CFD03	3
CFD03_ind006	CFD03	3
CFD03_ind007	CFD03	3
CFD03_ind008	CFD03	3
CFD03_ind009	CFD03	3
CFD03_ind010	CFD03	3
CFD03_ind011	CFD03	3
CFD03_ind012	CFD03	3
CFD03_ind013	CFD03	3
CFD03_ind014	CFD03	3
CFD03_ind015	CFD03	3
CFD03_ind016	CFD03	3
CFD03_ind017	CFD03	3
CFD03_ind018	CFD03	3
CFD03_ind019	CFD03	3
CFD03_ind020	CFD03	3
CFD03_ind021	CFD03	3
CFD03_ind022	CFD03	3
CFD03_ind023	CFD03	3
CFD03_ind024	CFD03	3
CFD03_ind025	CFD03	3
CFD03_ind026	CFD03	3
CFD03_ind027	CFD03	3
CFD03_ind028	CFD03	3
CFD03_ind029	CFD03	3
CFD03_ind030	CFD03	3
CFD03_ind031	CFD03	3
CFD03_ind032	CFD03	3
CFD03_ind033	CFD03	3
CFD03_ind034	CFD03	3
CFD03_ind035	CFD03	3
CFD03_ind036	CFD03	3
CFD03_ind037	CFD03	3
CFD03_ind038	CFD03	3
CFD03_ind039	CFD03	3
CFD03_ind040	CFD03	3
CFD03_ind041	CFD03	3
CFD03_ind042	CFD03	3
CFD03_ind043	CFD03	3
CFD03_ind044	CFD03	3
CFD03_ind045	CFD03	3
CFD03_ind046	CFD03	3
CFD03_ind047	CFD03	3
CFD03_ind048	CFD03	3
CFD03_ind049	CFD03	3
CFD03_ind050	CFD03	3
CFD03_ind051	CFD03	3
CFD03_ind052	CFD03	3
CFD03_ind053	CFD03	3
CFD03_ind054	CFD03	3
CFD03_ind056	CFD03	3
CFD03_ind057	CFD03	3
CFD03_ind058	CFD03	3
CFD03_ind059	CFD03	3
CFD03_ind060	CFD03	3
CFD03_ind061	CFD03	3
CFD03_ind062	CFD03	3
CFD03_ind063	CFD03	3
CFD03_ind064	CFD03	3
CFD03_ind065	CFD03	3
CFD03_ind066	CFD03	3
CFD03_ind067	CFD03	3
CFD03_ind068	CFD03	3
CFD03_ind069	CFD03	3
CFD03_ind070	CFD03	3
CFD03_ind071	CFD03	3
CFD03_ind072	CFD03	3
CFD03_ind073	CFD03	3
CFD03_ind074	CFD03	3
CFD03_ind075	CFD03	3
CFD03_ind076	CFD03	3
CFD03_ind077	CFD03	3
CFD03_ind078	CFD03	3
CFD03_ind079	CFD03	3
CFD03_ind080	CFD03	3
CFD03_ind081	CFD03	3
CFD03_ind082	CFD03	3
CFD03_ind083	CFD03	3
CFD03_ind084	CFD03	3
CFD03_ind085	CFD03	3
CFD03_ind086	CFD03	3
CFD03_ind087	CFD03	3
CFD03_ind088	CFD03	3
CFD03_ind089	CFD03	3
CFD03_ind090	CFD03	3
CFD03_ind091	CFD03	3
CFD03_ind092	CFD03	3
CFD03_ind093	CFD03	3
CFD03_ind094	CFD03	3
CFD03_ind095	CFD03	3
CFD03_ind096	CFD03	3
CFD03_ind097	CFD03	3
CFD03_ind098	CFD03	3
CFD03_ind099	CFD03	3
CFD03_ind100	CFD03	3
CFD03_ind101	CFD03	3
CFD03_ind102	CFD03	3
CFD03_ind103	CFD03	3
CFD03_ind001	CFD03	4
CFD03_ind002	CFD03	4
CFD03_ind003	CFD03	4
CFD03_ind004	CFD03	4
CFD03_ind005	CFD03	4
CFD03_ind006	CFD03	4
CFD03_ind007	CFD03	4
CFD03_ind008	CFD03	4
CFD03_ind009	CFD03	4
CFD03_ind010	CFD03	4
CFD03_ind011	CFD03	4
CFD03_ind012	CFD03	4
CFD03_ind013	CFD03	4
CFD03_ind014	CFD03	4
CFD03_ind015	CFD03	4
CFD03_ind016	CFD03	4
CFD03_ind017	CFD03	4
CFD03_ind018	CFD03	4
CFD03_ind019	CFD03	4
CFD03_ind020	CFD03	4
CFD03_ind021	CFD03	4
CFD03_ind022	CFD03	4
CFD03_ind023	CFD03	4
CFD03_ind024	CFD03	4
CFD03_ind025	CFD03	4
CFD03_ind026	CFD03	4
CFD03_ind027	CFD03	4
CFD03_ind028	CFD03	4
CFD03_ind029	CFD03	4
CFD03_ind030	CFD03	4
CFD03_ind031	CFD03	4
CFD03_ind032	CFD03	4
CFD03_ind033	CFD03	4
CFD03_ind034	CFD03	4
CFD03_ind035	CFD03	4
CFD03_ind036	CFD03	4
CFD03_ind037	CFD03	4
CFD03_ind038	CFD03	4
CFD03_ind039	CFD03	4
CFD03_ind040	CFD03	4
CFD03_ind041	CFD03	4
CFD03_ind042	CFD03	4
CFD03_ind043	CFD03	4
CFD03_ind044	CFD03	4
CFD03_ind045	CFD03	4
CFD03_ind046	CFD03	4
CFD03_ind047	CFD03	4
CFD03_ind048	CFD03	4
CFD03_ind049	CFD03	4
CFD03_ind050	CFD03	4
CFD03_ind051	CFD03	4
CFD03_ind052	CFD03	4
CFD03_ind053	CFD03	4
CFD03_ind054	CFD03	4
CFD03_ind056	CFD03	4
CFD03_ind057	CFD03	4
CFD03_ind058	CFD03	4
CFD03_ind059	CFD03	4
CFD03_ind060	CFD03	4
CFD03_ind061	CFD03	4
CFD03_ind062	CFD03	4
CFD03_ind063	CFD03	4
CFD03_ind064	CFD03	4
CFD03_ind065	CFD03	4
CFD03_ind066	CFD03	4
CFD03_ind067	CFD03	4
CFD03_ind068	CFD03	4
CFD03_ind069	CFD03	4
CFD03_ind070	CFD03	4
CFD03_ind071	CFD03	4
CFD03_ind072	CFD03	4
CFD03_ind073	CFD03	4
CFD03_ind074	CFD03	4
CFD03_ind075	CFD03	4
CFD03_ind076	CFD03	4
CFD03_ind077	CFD03	4
CFD03_ind078	CFD03	4
CFD03_ind079	CFD03	4
CFD03_ind080	CFD03	4
CFD03_ind081	CFD03	4
CFD03_ind082	CFD03	4
CFD03_ind083	CFD03	4
CFD03_ind084	CFD03	4
CFD03_ind085	CFD03	4
CFD03_ind086	CFD03	4
CFD03_ind087	CFD03	4
CFD03_ind088	CFD03	4
CFD03_ind089	CFD03	4
CFD03_ind090	CFD03	4
CFD03_ind091	CFD03	4
CFD03_ind092	CFD03	4
CFD03_ind093	CFD03	4
CFD03_ind094	CFD03	4
CFD03_ind095	CFD03	4
CFD03_ind096	CFD03	4
CFD03_ind097	CFD03	4
CFD03_ind098	CFD03	4
CFD03_ind099	CFD03	4
CFD03_ind100	CFD03	4
CFD03_ind101	CFD03	4
CFD03_ind102	CFD03	4
CFD03_ind103	CFD03	4
CFD03_ind001	CFD03	5
CFD03_ind002	CFD03	5
CFD03_ind003	CFD03	5
CFD03_ind004	CFD03	5
CFD03_ind005	CFD03	5
CFD03_ind006	CFD03	5
CFD03_ind007	CFD03	5
CFD03_ind008	CFD03	5
CFD03_ind009	CFD03	5
CFD03_ind010	CFD03	5
CFD03_ind011	CFD03	5
CFD03_ind012	CFD03	5
CFD03_ind013	CFD03	5
CFD03_ind014	CFD03	5
CFD03_ind015	CFD03	5
CFD03_ind016	CFD03	5
CFD03_ind017	CFD03	5
CFD03_ind018	CFD03	5
CFD03_ind019	CFD03	5
CFD03_ind020	CFD03	5
CFD03_ind021	CFD03	5
CFD03_ind022	CFD03	5
CFD03_ind023	CFD03	5
CFD03_ind024	CFD03	5
CFD03_ind025	CFD03	5
CFD03_ind026	CFD03	5
CFD03_ind027	CFD03	5
CFD03_ind028	CFD03	5
CFD03_ind029	CFD03	5
CFD03_ind030	CFD03	5
CFD03_ind031	CFD03	5
CFD03_ind032	CFD03	5
CFD03_ind033	CFD03	5
CFD03_ind034	CFD03	5
CFD03_ind035	CFD03	5
CFD03_ind036	CFD03	5
CFD03_ind037	CFD03	5
CFD03_ind038	CFD03	5
CFD03_ind039	CFD03	5
CFD03_ind040	CFD03	5
CFD03_ind041	CFD03	5
CFD03_ind042	CFD03	5
CFD03_ind043	CFD03	5
CFD03_ind044	CFD03	5
CFD03_ind045	CFD03	5
CFD03_ind046	CFD03	5
CFD03_ind047	CFD03	5
CFD03_ind048	CFD03	5
CFD03_ind049	CFD03	5
CFD03_ind050	CFD03	5
CFD03_ind051	CFD03	5
CFD03_ind052	CFD03	5
CFD03_ind053	CFD03	5
CFD03_ind054	CFD03	5
CFD03_ind056	CFD03	5
CFD03_ind057	CFD03	5
CFD03_ind058	CFD03	5
CFD03_ind059	CFD03	5
CFD03_ind060	CFD03	5
CFD03_ind061	CFD03	5
CFD03_ind062	CFD03	5
CFD03_ind063	CFD03	5
CFD03_ind064	CFD03	5
CFD03_ind065	CFD03	5
CFD03_ind066	CFD03	5
CFD03_ind067	CFD03	5
CFD03_ind068	CFD03	5
CFD03_ind069	CFD03	5
CFD03_ind070	CFD03	5
CFD03_ind071	CFD03	5
CFD03_ind072	CFD03	5
CFD03_ind073	CFD03	5
CFD03_ind074	CFD03	5
CFD03_ind075	CFD03	5
CFD03_ind076	CFD03	5
CFD03_ind077	CFD03	5
CFD03_ind078	CFD03	5
CFD03_ind079	CFD03	5
CFD03_ind080	CFD03	5
CFD03_ind081	CFD03	5
CFD03_ind082	CFD03	5
CFD03_ind083	CFD03	5
CFD03_ind084	CFD03	5
CFD03_ind085	CFD03	5
CFD03_ind086	CFD03	5
CFD03_ind087	CFD03	5
CFD03_ind088	CFD03	5
CFD03_ind089	CFD03	5
CFD03_ind090	CFD03	5
CFD03_ind091	CFD03	5
CFD03_ind092	CFD03	5
CFD03_ind093	CFD03	5
CFD03_ind094	CFD03	5
CFD03_ind095	CFD03	5
CFD03_ind096	CFD03	5
CFD03_ind097	CFD03	5
CFD03_ind098	CFD03	5
CFD03_ind099	CFD03	5
CFD03_ind100	CFD03	5
CFD03_ind101	CFD03	5
CFD03_ind102	CFD03	5
CFD03_ind103	CFD03	5
CFD03_ind001	CFD03	6
CFD03_ind002	CFD03	6
CFD03_ind003	CFD03	6
CFD03_ind004	CFD03	6
CFD03_ind005	CFD03	6
CFD03_ind006	CFD03	6
CFD03_ind007	CFD03	6
CFD03_ind008	CFD03	6
CFD03_ind009	CFD03	6
CFD03_ind010	CFD03	6
CFD03_ind011	CFD03	6
CFD03_ind012	CFD03	6
CFD03_ind013	CFD03	6
CFD03_ind014	CFD03	6
CFD03_ind015	CFD03	6
CFD03_ind016	CFD03	6
CFD03_ind017	CFD03	6
CFD03_ind018	CFD03	6
CFD03_ind019	CFD03	6
CFD03_ind020	CFD03	6
CFD03_ind021	CFD03	6
CFD03_ind022	CFD03	6
CFD03_ind023	CFD03	6
CFD03_ind024	CFD03	6
CFD03_ind025	CFD03	6
CFD03_ind026	CFD03	6
CFD03_ind027	CFD03	6
CFD03_ind028	CFD03	6
CFD03_ind029	CFD03	6
CFD03_ind030	CFD03	6
CFD03_ind031	CFD03	6
CFD03_ind032	CFD03	6
CFD03_ind033	CFD03	6
CFD03_ind034	CFD03	6
CFD03_ind035	CFD03	6
CFD03_ind036	CFD03	6
CFD03_ind037	CFD03	6
CFD03_ind038	CFD03	6
CFD03_ind039	CFD03	6
CFD03_ind040	CFD03	6
CFD03_ind041	CFD03	6
CFD03_ind042	CFD03	6
CFD03_ind043	CFD03	6
CFD03_ind044	CFD03	6
CFD03_ind045	CFD03	6
CFD03_ind046	CFD03	6
CFD03_ind047	CFD03	6
CFD03_ind048	CFD03	6
CFD03_ind049	CFD03	6
CFD03_ind050	CFD03	6
CFD03_ind051	CFD03	6
CFD03_ind052	CFD03	6
CFD03_ind053	CFD03	6
CFD03_ind054	CFD03	6
CFD03_ind056	CFD03	6
CFD03_ind057	CFD03	6
CFD03_ind058	CFD03	6
CFD03_ind059	CFD03	6
CFD03_ind060	CFD03	6
CFD03_ind061	CFD03	6
CFD03_ind062	CFD03	6
CFD03_ind063	CFD03	6
CFD03_ind064	CFD03	6
CFD03_ind065	CFD03	6
CFD03_ind066	CFD03	6
CFD03_ind067	CFD03	6
CFD03_ind068	CFD03	6
CFD03_ind069	CFD03	6
CFD03_ind070	CFD03	6
CFD03_ind071	CFD03	6
CFD03_ind072	CFD03	6
CFD03_ind073	CFD03	6
CFD03_ind074	CFD03	6
CFD03_ind075	CFD03	6
CFD03_ind076	CFD03	6
CFD03_ind077	CFD03	6
CFD03_ind078	CFD03	6
CFD03_ind079	CFD03	6
CFD03_ind080	CFD03	6
CFD03_ind081	CFD03	6
CFD03_ind082	CFD03	6
CFD03_ind083	CFD03	6
CFD03_ind084	CFD03	6
CFD03_ind085	CFD03	6
CFD03_ind086	CFD03	6
CFD03_ind087	CFD03	6
CFD03_ind088	CFD03	6
CFD03_ind089	CFD03	6
CFD03_ind090	CFD03	6
CFD03_ind091	CFD03	6
CFD03_ind092	CFD03	6
CFD03_ind093	CFD03	6
CFD03_ind094	CFD03	6
CFD03_ind095	CFD03	6
CFD03_ind096	CFD03	6
CFD03_ind097	CFD03	6
CFD03_ind098	CFD03	6
CFD03_ind099	CFD03	6
CFD03_ind100	CFD03	6
CFD03_ind101	CFD03	6
CFD03_ind102	CFD03	6
CFD03_ind103	CFD03	6
CFD03_ind001	CFD03	7
CFD03_ind002	CFD03	7
CFD03_ind003	CFD03	7
CFD03_ind004	CFD03	7
CFD03_ind005	CFD03	7
CFD03_ind006	CFD03	7
CFD03_ind007	CFD03	7
CFD03_ind008	CFD03	7
CFD03_ind009	CFD03	7
CFD03_ind010	CFD03	7
CFD03_ind011	CFD03	7
CFD03_ind012	CFD03	7
CFD03_ind013	CFD03	7
CFD03_ind014	CFD03	7
CFD03_ind015	CFD03	7
CFD03_ind016	CFD03	7
CFD03_ind017	CFD03	7
CFD03_ind018	CFD03	7
CFD03_ind019	CFD03	7
CFD03_ind020	CFD03	7
CFD03_ind021	CFD03	7
CFD03_ind022	CFD03	7
CFD03_ind023	CFD03	7
CFD03_ind024	CFD03	7
CFD03_ind025	CFD03	7
CFD03_ind026	CFD03	7
CFD03_ind027	CFD03	7
CFD03_ind028	CFD03	7
CFD03_ind029	CFD03	7
CFD03_ind030	CFD03	7
CFD03_ind031	CFD03	7
CFD03_ind032	CFD03	7
CFD03_ind033	CFD03	7
CFD03_ind034	CFD03	7
CFD03_ind035	CFD03	7
CFD03_ind036	CFD03	7
CFD03_ind037	CFD03	7
CFD03_ind038	CFD03	7
CFD03_ind039	CFD03	7
CFD03_ind040	CFD03	7
CFD03_ind041	CFD03	7
CFD03_ind042	CFD03	7
CFD03_ind043	CFD03	7
CFD03_ind044	CFD03	7
CFD03_ind045	CFD03	7
CFD03_ind046	CFD03	7
CFD03_ind047	CFD03	7
CFD03_ind048	CFD03	7
CFD03_ind049	CFD03	7
CFD03_ind050	CFD03	7
CFD03_ind051	CFD03	7
CFD03_ind052	CFD03	7
CFD03_ind053	CFD03	7
CFD03_ind054	CFD03	7
CFD03_ind056	CFD03	7
CFD03_ind057	CFD03	7
CFD03_ind058	CFD03	7
CFD03_ind059	CFD03	7
CFD03_ind060	CFD03	7
CFD03_ind061	CFD03	7
CFD03_ind062	CFD03	7
CFD03_ind063	CFD03	7
CFD03_ind064	CFD03	7
CFD03_ind065	CFD03	7
CFD03_ind066	CFD03	7
CFD03_ind067	CFD03	7
CFD03_ind068	CFD03	7
CFD03_ind069	CFD03	7
CFD03_ind070	CFD03	7
CFD03_ind071	CFD03	7
CFD03_ind072	CFD03	7
CFD03_ind073	CFD03	7
CFD03_ind074	CFD03	7
CFD03_ind075	CFD03	7
CFD03_ind076	CFD03	7
CFD03_ind077	CFD03	7
CFD03_ind078	CFD03	7
CFD03_ind079	CFD03	7
CFD03_ind080	CFD03	7
CFD03_ind081	CFD03	7
CFD03_ind082	CFD03	7
CFD03_ind083	CFD03	7
CFD03_ind084	CFD03	7
CFD03_ind085	CFD03	7
CFD03_ind086	CFD03	7
CFD03_ind087	CFD03	7
CFD03_ind088	CFD03	7
CFD03_ind089	CFD03	7
CFD03_ind090	CFD03	7
CFD03_ind091	CFD03	7
CFD03_ind092	CFD03	7
CFD03_ind093	CFD03	7
CFD03_ind094	CFD03	7
CFD03_ind095	CFD03	7
CFD03_ind096	CFD03	7
CFD03_ind097	CFD03	7
CFD03_ind098	CFD03	7
CFD03_ind099	CFD03	7
CFD03_ind100	CFD03	7
CFD03_ind101	CFD03	7
CFD03_ind102	CFD03	7
CFD03_ind103	CFD03	7
CFD03_ind001	CFD03	8
CFD03_ind002	CFD03	8
CFD03_ind003	CFD03	8
CFD03_ind004	CFD03	8
CFD03_ind005	CFD03	8
CFD03_ind006	CFD03	8
CFD03_ind007	CFD03	8
CFD03_ind008	CFD03	8
CFD03_ind009	CFD03	8
CFD03_ind010	CFD03	8
CFD03_ind011	CFD03	8
CFD03_ind012	CFD03	8
CFD03_ind013	CFD03	8
CFD03_ind014	CFD03	8
CFD03_ind015	CFD03	8
CFD03_ind016	CFD03	8
CFD03_ind017	CFD03	8
CFD03_ind018	CFD03	8
CFD03_ind019	CFD03	8
CFD03_ind020	CFD03	8
CFD03_ind021	CFD03	8
CFD03_ind022	CFD03	8
CFD03_ind023	CFD03	8
CFD03_ind024	CFD03	8
CFD03_ind025	CFD03	8
CFD03_ind026	CFD03	8
CFD03_ind027	CFD03	8
CFD03_ind028	CFD03	8
CFD03_ind029	CFD03	8
CFD03_ind030	CFD03	8
CFD03_ind031	CFD03	8
CFD03_ind032	CFD03	8
CFD03_ind033	CFD03	8
CFD03_ind034	CFD03	8
CFD03_ind035	CFD03	8
CFD03_ind036	CFD03	8
CFD03_ind037	CFD03	8
CFD03_ind038	CFD03	8
CFD03_ind039	CFD03	8
CFD03_ind040	CFD03	8
CFD03_ind041	CFD03	8
CFD03_ind042	CFD03	8
CFD03_ind043	CFD03	8
CFD03_ind044	CFD03	8
CFD03_ind045	CFD03	8
CFD03_ind046	CFD03	8
CFD03_ind047	CFD03	8
CFD03_ind048	CFD03	8
CFD03_ind049	CFD03	8
CFD03_ind050	CFD03	8
CFD03_ind051	CFD03	8
CFD03_ind052	CFD03	8
CFD03_ind053	CFD03	8
CFD03_ind054	CFD03	8
CFD03_ind056	CFD03	8
CFD03_ind057	CFD03	8
CFD03_ind058	CFD03	8
CFD03_ind059	CFD03	8
CFD03_ind060	CFD03	8
CFD03_ind061	CFD03	8
CFD03_ind062	CFD03	8
CFD03_ind063	CFD03	8
CFD03_ind064	CFD03	8
CFD03_ind065	CFD03	8
CFD03_ind066	CFD03	8
CFD03_ind067	CFD03	8
CFD03_ind068	CFD03	8
CFD03_ind069	CFD03	8
CFD03_ind070	CFD03	8
CFD03_ind071	CFD03	8
CFD03_ind072	CFD03	8
CFD03_ind073	CFD03	8
CFD03_ind074	CFD03	8
CFD03_ind075	CFD03	8
CFD03_ind076	CFD03	8
CFD03_ind077	CFD03	8
CFD03_ind078	CFD03	8
CFD03_ind079	CFD03	8
CFD03_ind080	CFD03	8
CFD03_ind081	CFD03	8
CFD03_ind082	CFD03	8
CFD03_ind083	CFD03	8
CFD03_ind084	CFD03	8
CFD03_ind085	CFD03	8
CFD03_ind086	CFD03	8
CFD03_ind087	CFD03	8
CFD03_ind088	CFD03	8
CFD03_ind089	CFD03	8
CFD03_ind090	CFD03	8
CFD03_ind091	CFD03	8
CFD03_ind092	CFD03	8
CFD03_ind093	CFD03	8
CFD03_ind094	CFD03	8
CFD03_ind095	CFD03	8
CFD03_ind096	CFD03	8
CFD03_ind097	CFD03	8
CFD03_ind098	CFD03	8
CFD03_ind099	CFD03	8
CFD03_ind100	CFD03	8
CFD03_ind101	CFD03	8
CFD03_ind102	CFD03	8
CFD03_ind103	CFD03	8
CFD03_ind001	CFD03	9
CFD03_ind002	CFD03	9
CFD03_ind003	CFD03	9
CFD03_ind004	CFD03	9
CFD03_ind005	CFD03	9
CFD03_ind006	CFD03	9
CFD03_ind007	CFD03	9
CFD03_ind008	CFD03	9
CFD03_ind009	CFD03	9
CFD03_ind010	CFD03	9
CFD03_ind011	CFD03	9
CFD03_ind012	CFD03	9
CFD03_ind013	CFD03	9
CFD03_ind014	CFD03	9
CFD03_ind015	CFD03	9
CFD03_ind016	CFD03	9
CFD03_ind017	CFD03	9
CFD03_ind018	CFD03	9
CFD03_ind019	CFD03	9
CFD03_ind020	CFD03	9
CFD03_ind021	CFD03	9
CFD03_ind022	CFD03	9
CFD03_ind023	CFD03	9
CFD03_ind024	CFD03	9
CFD03_ind025	CFD03	9
CFD03_ind026	CFD03	9
CFD03_ind027	CFD03	9
CFD03_ind028	CFD03	9
CFD03_ind029	CFD03	9
CFD03_ind030	CFD03	9
CFD03_ind031	CFD03	9
CFD03_ind032	CFD03	9
CFD03_ind033	CFD03	9
CFD03_ind034	CFD03	9
CFD03_ind035	CFD03	9
CFD03_ind036	CFD03	9
CFD03_ind037	CFD03	9
CFD03_ind038	CFD03	9
CFD03_ind039	CFD03	9
CFD03_ind040	CFD03	9
CFD03_ind041	CFD03	9
CFD03_ind042	CFD03	9
CFD03_ind043	CFD03	9
CFD03_ind044	CFD03	9
CFD03_ind045	CFD03	9
CFD03_ind046	CFD03	9
CFD03_ind047	CFD03	9
CFD03_ind048	CFD03	9
CFD03_ind049	CFD03	9
CFD03_ind050	CFD03	9
CFD03_ind051	CFD03	9
CFD03_ind052	CFD03	9
CFD03_ind053	CFD03	9
CFD03_ind054	CFD03	9
CFD03_ind056	CFD03	9
CFD03_ind057	CFD03	9
CFD03_ind058	CFD03	9
CFD03_ind059	CFD03	9
CFD03_ind060	CFD03	9
CFD03_ind061	CFD03	9
CFD03_ind062	CFD03	9
CFD03_ind063	CFD03	9
CFD03_ind064	CFD03	9
CFD03_ind065	CFD03	9
CFD03_ind066	CFD03	9
CFD03_ind067	CFD03	9
CFD03_ind068	CFD03	9
CFD03_ind069	CFD03	9
CFD03_ind070	CFD03	9
CFD03_ind071	CFD03	9
CFD03_ind072	CFD03	9
CFD03_ind073	CFD03	9
CFD03_ind074	CFD03	9
CFD03_ind075	CFD03	9
CFD03_ind076	CFD03	9
CFD03_ind077	CFD03	9
CFD03_ind078	CFD03	9
CFD03_ind079	CFD03	9
CFD03_ind080	CFD03	9
CFD03_ind081	CFD03	9
CFD03_ind082	CFD03	9
CFD03_ind083	CFD03	9
CFD03_ind084	CFD03	9
CFD03_ind085	CFD03	9
CFD03_ind086	CFD03	9
CFD03_ind087	CFD03	9
CFD03_ind088	CFD03	9
CFD03_ind089	CFD03	9
CFD03_ind090	CFD03	9
CFD03_ind091	CFD03	9
CFD03_ind092	CFD03	9
CFD03_ind093	CFD03	9
CFD03_ind094	CFD03	9
CFD03_ind095	CFD03	9
CFD03_ind096	CFD03	9
CFD03_ind097	CFD03	9
CFD03_ind098	CFD03	9
CFD03_ind099	CFD03	9
CFD03_ind100	CFD03	9
CFD03_ind101	CFD03	9
CFD03_ind102	CFD03	9
CFD03_ind103	CFD03	9
CFD03_ind001	CFD03	10
CFD03_ind002	CFD03	10
CFD03_ind003	CFD03	10
CFD03_ind004	CFD03	10
CFD03_ind005	CFD03	10
CFD03_ind006	CFD03	10
CFD03_ind007	CFD03	10
CFD03_ind008	CFD03	10
CFD03_ind009	CFD03	10
CFD03_ind010	CFD03	10
CFD03_ind011	CFD03	10
CFD03_ind012	CFD03	10
CFD03_ind013	CFD03	10
CFD03_ind014	CFD03	10
CFD03_ind015	CFD03	10
CFD03_ind016	CFD03	10
CFD03_ind017	CFD03	10
CFD03_ind018	CFD03	10
CFD03_ind019	CFD03	10
CFD03_ind020	CFD03	10
CFD03_ind021	CFD03	10
CFD03_ind022	CFD03	10
CFD03_ind023	CFD03	10
CFD03_ind024	CFD03	10
CFD03_ind025	CFD03	10
CFD03_ind026	CFD03	10
CFD03_ind027	CFD03	10
CFD03_ind028	CFD03	10
CFD03_ind029	CFD03	10
CFD03_ind030	CFD03	10
CFD03_ind031	CFD03	10
CFD03_ind032	CFD03	10
CFD03_ind033	CFD03	10
CFD03_ind034	CFD03	10
CFD03_ind035	CFD03	10
CFD03_ind036	CFD03	10
CFD03_ind037	CFD03	10
CFD03_ind038	CFD03	10
CFD03_ind039	CFD03	10
CFD03_ind040	CFD03	10
CFD03_ind041	CFD03	10
CFD03_ind042	CFD03	10
CFD03_ind043	CFD03	10
CFD03_ind044	CFD03	10
CFD03_ind045	CFD03	10
CFD03_ind046	CFD03	10
CFD03_ind047	CFD03	10
CFD03_ind048	CFD03	10
CFD03_ind049	CFD03	10
CFD03_ind050	CFD03	10
CFD03_ind051	CFD03	10
CFD03_ind052	CFD03	10
CFD03_ind053	CFD03	10
CFD03_ind054	CFD03	10
CFD03_ind056	CFD03	10
CFD03_ind057	CFD03	10
CFD03_ind058	CFD03	10
CFD03_ind059	CFD03	10
CFD03_ind060	CFD03	10
CFD03_ind061	CFD03	10
CFD03_ind062	CFD03	10
CFD03_ind063	CFD03	10
CFD03_ind064	CFD03	10
CFD03_ind065	CFD03	10
CFD03_ind066	CFD03	10
CFD03_ind067	CFD03	10
CFD03_ind068	CFD03	10
CFD03_ind069	CFD03	10
CFD03_ind070	CFD03	10
CFD03_ind071	CFD03	10
CFD03_ind072	CFD03	10
CFD03_ind073	CFD03	10
CFD03_ind074	CFD03	10
CFD03_ind075	CFD03	10
CFD03_ind076	CFD03	10
CFD03_ind077	CFD03	10
CFD03_ind078	CFD03	10
CFD03_ind079	CFD03	10
CFD03_ind080	CFD03	10
CFD03_ind081	CFD03	10
CFD03_ind082	CFD03	10
CFD03_ind083	CFD03	10
CFD03_ind084	CFD03	10
CFD03_ind085	CFD03	10
CFD03_ind086	CFD03	10
CFD03_ind087	CFD03	10
CFD03_ind088	CFD03	10
CFD03_ind089	CFD03	10
CFD03_ind090	CFD03	10
CFD03_ind091	CFD03	10
CFD03_ind092	CFD03	10
CFD03_ind093	CFD03	10
CFD03_ind094	CFD03	10
CFD03_ind095	CFD03	10
CFD03_ind096	CFD03	10
CFD03_ind097	CFD03	10
CFD03_ind098	CFD03	10
CFD03_ind099	CFD03	10
CFD03_ind100	CFD03	10
CFD03_ind101	CFD03	10
CFD03_ind102	CFD03	10
CFD03_ind103	CFD03	10
CFD04_ind001	CFD04	1
CFD04_ind002	CFD04	1
CFD04_ind003	CFD04	1
CFD04_ind004	CFD04	1
CFD04_ind005	CFD04	1
CFD04_ind006	CFD04	1
CFD04_ind007	CFD04	1
CFD04_ind008	CFD04	1
CFD04_ind009	CFD04	1
CFD04_ind010	CFD04	1
CFD04_ind011	CFD04	1
CFD04_ind012	CFD04	1
CFD04_ind013	CFD04	1
CFD04_ind014	CFD04	1
CFD04_ind015	CFD04	1
CFD04_ind016	CFD04	1
CFD04_ind017	CFD04	1
CFD04_ind018	CFD04	1
CFD04_ind019	CFD04	1
CFD04_ind020	CFD04	1
CFD04_ind021	CFD04	1
CFD04_ind022	CFD04	1
CFD04_ind023	CFD04	1
CFD04_ind024	CFD04	1
CFD04_ind025	CFD04	1
CFD04_ind026	CFD04	1
CFD04_ind027	CFD04	1
CFD04_ind028	CFD04	1
CFD04_ind029	CFD04	1
CFD04_ind030	CFD04	1
CFD04_ind031	CFD04	1
CFD04_ind032	CFD04	1
CFD04_ind033	CFD04	1
CFD04_ind034	CFD04	1
CFD04_ind035	CFD04	1
CFD04_ind036	CFD04	1
CFD04_ind037	CFD04	1
CFD04_ind038	CFD04	1
CFD04_ind039	CFD04	1
CFD04_ind040	CFD04	1
CFD04_ind041	CFD04	1
CFD04_ind042	CFD04	1
CFD04_ind043	CFD04	1
CFD04_ind044	CFD04	1
CFD04_ind045	CFD04	1
CFD04_ind046	CFD04	1
CFD04_ind047	CFD04	1
CFD04_ind048	CFD04	1
CFD04_ind049	CFD04	1
CFD04_ind050	CFD04	1
CFD04_ind051	CFD04	1
CFD04_ind052	CFD04	1
CFD04_ind053	CFD04	1
CFD04_ind054	CFD04	1
CFD04_ind055	CFD04	1
CFD04_ind056	CFD04	1
CFD04_ind057	CFD04	1
CFD04_ind058	CFD04	1
CFD04_ind059	CFD04	1
CFD04_ind060	CFD04	1
CFD04_ind061	CFD04	1
CFD04_ind062	CFD04	1
CFD04_ind063	CFD04	1
CFD04_ind064	CFD04	1
CFD04_ind065	CFD04	1
CFD04_ind066	CFD04	1
CFD04_ind067	CFD04	1
CFD04_ind068	CFD04	1
CFD04_ind069	CFD04	1
CFD04_ind070	CFD04	1
CFD04_ind071	CFD04	1
CFD04_ind072	CFD04	1
CFD04_ind073	CFD04	1
CFD04_ind074	CFD04	1
CFD04_ind075	CFD04	1
CFD04_ind076	CFD04	1
CFD04_ind077	CFD04	1
CFD04_ind078	CFD04	1
CFD04_ind079	CFD04	1
CFD04_ind080	CFD04	1
CFD04_ind081	CFD04	1
CFD04_ind082	CFD04	1
CFD04_ind083	CFD04	1
CFD04_ind084	CFD04	1
CFD04_ind085	CFD04	1
CFD04_ind086	CFD04	1
CFD04_ind087	CFD04	1
CFD04_ind088	CFD04	1
CFD04_ind089	CFD04	1
CFD04_ind090	CFD04	1
CFD04_ind091	CFD04	1
CFD04_ind092	CFD04	1
CFD04_ind093	CFD04	1
CFD04_ind094	CFD04	1
CFD04_ind095	CFD04	1
CFD04_ind096	CFD04	1
CFD04_ind097	CFD04	1
CFD04_ind098	CFD04	1
CFD04_ind099	CFD04	1
CFD04_ind100	CFD04	1
CFD04_ind101	CFD04	1
CFD04_ind102	CFD04	1
CFD04_ind103	CFD04	1
CFD04_ind104	CFD04	1
CFD04_ind105	CFD04	1
CFD04_ind001	CFD04	2
CFD04_ind002	CFD04	2
CFD04_ind003	CFD04	2
CFD04_ind004	CFD04	2
CFD04_ind005	CFD04	2
CFD04_ind006	CFD04	2
CFD04_ind007	CFD04	2
CFD04_ind008	CFD04	2
CFD04_ind009	CFD04	2
CFD04_ind010	CFD04	2
CFD04_ind011	CFD04	2
CFD04_ind012	CFD04	2
CFD04_ind013	CFD04	2
CFD04_ind014	CFD04	2
CFD04_ind015	CFD04	2
CFD04_ind016	CFD04	2
CFD04_ind017	CFD04	2
CFD04_ind018	CFD04	2
CFD04_ind019	CFD04	2
CFD04_ind020	CFD04	2
CFD04_ind021	CFD04	2
CFD04_ind022	CFD04	2
CFD04_ind023	CFD04	2
CFD04_ind024	CFD04	2
CFD04_ind025	CFD04	2
CFD04_ind026	CFD04	2
CFD04_ind027	CFD04	2
CFD04_ind028	CFD04	2
CFD04_ind029	CFD04	2
CFD04_ind030	CFD04	2
CFD04_ind031	CFD04	2
CFD04_ind032	CFD04	2
CFD04_ind033	CFD04	2
CFD04_ind034	CFD04	2
CFD04_ind035	CFD04	2
CFD04_ind036	CFD04	2
CFD04_ind037	CFD04	2
CFD04_ind038	CFD04	2
CFD04_ind039	CFD04	2
CFD04_ind040	CFD04	2
CFD04_ind041	CFD04	2
CFD04_ind042	CFD04	2
CFD04_ind043	CFD04	2
CFD04_ind044	CFD04	2
CFD04_ind045	CFD04	2
CFD04_ind046	CFD04	2
CFD04_ind047	CFD04	2
CFD04_ind048	CFD04	2
CFD04_ind049	CFD04	2
CFD04_ind050	CFD04	2
CFD04_ind051	CFD04	2
CFD04_ind052	CFD04	2
CFD04_ind053	CFD04	2
CFD04_ind054	CFD04	2
CFD04_ind055	CFD04	2
CFD04_ind056	CFD04	2
CFD04_ind057	CFD04	2
CFD04_ind058	CFD04	2
CFD04_ind059	CFD04	2
CFD04_ind060	CFD04	2
CFD04_ind061	CFD04	2
CFD04_ind062	CFD04	2
CFD04_ind063	CFD04	2
CFD04_ind064	CFD04	2
CFD04_ind065	CFD04	2
CFD04_ind066	CFD04	2
CFD04_ind067	CFD04	2
CFD04_ind068	CFD04	2
CFD04_ind069	CFD04	2
CFD04_ind070	CFD04	2
CFD04_ind071	CFD04	2
CFD04_ind072	CFD04	2
CFD04_ind073	CFD04	2
CFD04_ind074	CFD04	2
CFD04_ind075	CFD04	2
CFD04_ind076	CFD04	2
CFD04_ind077	CFD04	2
CFD04_ind078	CFD04	2
CFD04_ind079	CFD04	2
CFD04_ind080	CFD04	2
CFD04_ind081	CFD04	2
CFD04_ind082	CFD04	2
CFD04_ind083	CFD04	2
CFD04_ind084	CFD04	2
CFD04_ind085	CFD04	2
CFD04_ind086	CFD04	2
CFD04_ind087	CFD04	2
CFD04_ind088	CFD04	2
CFD04_ind089	CFD04	2
CFD04_ind090	CFD04	2
CFD04_ind091	CFD04	2
CFD04_ind092	CFD04	2
CFD04_ind093	CFD04	2
CFD04_ind094	CFD04	2
CFD04_ind095	CFD04	2
CFD04_ind096	CFD04	2
CFD04_ind097	CFD04	2
CFD04_ind098	CFD04	2
CFD04_ind099	CFD04	2
CFD04_ind100	CFD04	2
CFD04_ind101	CFD04	2
CFD04_ind102	CFD04	2
CFD04_ind103	CFD04	2
CFD04_ind104	CFD04	2
CFD04_ind105	CFD04	2
CFD04_ind001	CFD04	3
CFD04_ind002	CFD04	3
CFD04_ind003	CFD04	3
CFD04_ind004	CFD04	3
CFD04_ind005	CFD04	3
CFD04_ind006	CFD04	3
CFD04_ind007	CFD04	3
CFD04_ind008	CFD04	3
CFD04_ind009	CFD04	3
CFD04_ind010	CFD04	3
CFD04_ind011	CFD04	3
CFD04_ind012	CFD04	3
CFD04_ind013	CFD04	3
CFD04_ind014	CFD04	3
CFD04_ind015	CFD04	3
CFD04_ind016	CFD04	3
CFD04_ind017	CFD04	3
CFD04_ind018	CFD04	3
CFD04_ind019	CFD04	3
CFD04_ind020	CFD04	3
CFD04_ind021	CFD04	3
CFD04_ind022	CFD04	3
CFD04_ind023	CFD04	3
CFD04_ind024	CFD04	3
CFD04_ind025	CFD04	3
CFD04_ind026	CFD04	3
CFD04_ind027	CFD04	3
CFD04_ind028	CFD04	3
CFD04_ind029	CFD04	3
CFD04_ind030	CFD04	3
CFD04_ind031	CFD04	3
CFD04_ind032	CFD04	3
CFD04_ind033	CFD04	3
CFD04_ind034	CFD04	3
CFD04_ind035	CFD04	3
CFD04_ind036	CFD04	3
CFD04_ind037	CFD04	3
CFD04_ind038	CFD04	3
CFD04_ind039	CFD04	3
CFD04_ind040	CFD04	3
CFD04_ind041	CFD04	3
CFD04_ind042	CFD04	3
CFD04_ind043	CFD04	3
CFD04_ind044	CFD04	3
CFD04_ind045	CFD04	3
CFD04_ind046	CFD04	3
CFD04_ind047	CFD04	3
CFD04_ind048	CFD04	3
CFD04_ind049	CFD04	3
CFD04_ind050	CFD04	3
CFD04_ind051	CFD04	3
CFD04_ind052	CFD04	3
CFD04_ind053	CFD04	3
CFD04_ind054	CFD04	3
CFD04_ind055	CFD04	3
CFD04_ind056	CFD04	3
CFD04_ind057	CFD04	3
CFD04_ind058	CFD04	3
CFD04_ind059	CFD04	3
CFD04_ind060	CFD04	3
CFD04_ind061	CFD04	3
CFD04_ind062	CFD04	3
CFD04_ind063	CFD04	3
CFD04_ind064	CFD04	3
CFD04_ind065	CFD04	3
CFD04_ind066	CFD04	3
CFD04_ind067	CFD04	3
CFD04_ind068	CFD04	3
CFD04_ind069	CFD04	3
CFD04_ind070	CFD04	3
CFD04_ind071	CFD04	3
CFD04_ind072	CFD04	3
CFD04_ind073	CFD04	3
CFD04_ind074	CFD04	3
CFD04_ind075	CFD04	3
CFD04_ind076	CFD04	3
CFD04_ind077	CFD04	3
CFD04_ind078	CFD04	3
CFD04_ind079	CFD04	3
CFD04_ind080	CFD04	3
CFD04_ind081	CFD04	3
CFD04_ind082	CFD04	3
CFD04_ind083	CFD04	3
CFD04_ind084	CFD04	3
CFD04_ind085	CFD04	3
CFD04_ind086	CFD04	3
CFD04_ind087	CFD04	3
CFD04_ind088	CFD04	3
CFD04_ind089	CFD04	3
CFD04_ind090	CFD04	3
CFD04_ind091	CFD04	3
CFD04_ind092	CFD04	3
CFD04_ind093	CFD04	3
CFD04_ind094	CFD04	3
CFD04_ind095	CFD04	3
CFD04_ind096	CFD04	3
CFD04_ind097	CFD04	3
CFD04_ind098	CFD04	3
CFD04_ind099	CFD04	3
CFD04_ind100	CFD04	3
CFD04_ind101	CFD04	3
CFD04_ind102	CFD04	3
CFD04_ind103	CFD04	3
CFD04_ind104	CFD04	3
CFD04_ind105	CFD04	3
CFD04_ind001	CFD04	4
CFD04_ind002	CFD04	4
CFD04_ind003	CFD04	4
CFD04_ind004	CFD04	4
CFD04_ind005	CFD04	4
CFD04_ind006	CFD04	4
CFD04_ind007	CFD04	4
CFD04_ind008	CFD04	4
CFD04_ind009	CFD04	4
CFD04_ind010	CFD04	4
CFD04_ind011	CFD04	4
CFD04_ind012	CFD04	4
CFD04_ind013	CFD04	4
CFD04_ind014	CFD04	4
CFD04_ind015	CFD04	4
CFD04_ind016	CFD04	4
CFD04_ind017	CFD04	4
CFD04_ind018	CFD04	4
CFD04_ind019	CFD04	4
CFD04_ind020	CFD04	4
CFD04_ind021	CFD04	4
CFD04_ind022	CFD04	4
CFD04_ind023	CFD04	4
CFD04_ind024	CFD04	4
CFD04_ind025	CFD04	4
CFD04_ind026	CFD04	4
CFD04_ind027	CFD04	4
CFD04_ind028	CFD04	4
CFD04_ind029	CFD04	4
CFD04_ind030	CFD04	4
CFD04_ind031	CFD04	4
CFD04_ind032	CFD04	4
CFD04_ind033	CFD04	4
CFD04_ind034	CFD04	4
CFD04_ind035	CFD04	4
CFD04_ind036	CFD04	4
CFD04_ind037	CFD04	4
CFD04_ind038	CFD04	4
CFD04_ind039	CFD04	4
CFD04_ind040	CFD04	4
CFD04_ind041	CFD04	4
CFD04_ind042	CFD04	4
CFD04_ind043	CFD04	4
CFD04_ind044	CFD04	4
CFD04_ind045	CFD04	4
CFD04_ind046	CFD04	4
CFD04_ind047	CFD04	4
CFD04_ind048	CFD04	4
CFD04_ind049	CFD04	4
CFD04_ind050	CFD04	4
CFD04_ind051	CFD04	4
CFD04_ind052	CFD04	4
CFD04_ind053	CFD04	4
CFD04_ind054	CFD04	4
CFD04_ind055	CFD04	4
CFD04_ind056	CFD04	4
CFD04_ind057	CFD04	4
CFD04_ind058	CFD04	4
CFD04_ind059	CFD04	4
CFD04_ind060	CFD04	4
CFD04_ind061	CFD04	4
CFD04_ind062	CFD04	4
CFD04_ind063	CFD04	4
CFD04_ind064	CFD04	4
CFD04_ind065	CFD04	4
CFD04_ind066	CFD04	4
CFD04_ind067	CFD04	4
CFD04_ind068	CFD04	4
CFD04_ind069	CFD04	4
CFD04_ind070	CFD04	4
CFD04_ind071	CFD04	4
CFD04_ind072	CFD04	4
CFD04_ind073	CFD04	4
CFD04_ind074	CFD04	4
CFD04_ind075	CFD04	4
CFD04_ind076	CFD04	4
CFD04_ind077	CFD04	4
CFD04_ind078	CFD04	4
CFD04_ind079	CFD04	4
CFD04_ind080	CFD04	4
CFD04_ind081	CFD04	4
CFD04_ind082	CFD04	4
CFD04_ind083	CFD04	4
CFD04_ind084	CFD04	4
CFD04_ind085	CFD04	4
CFD04_ind086	CFD04	4
CFD04_ind087	CFD04	4
CFD04_ind088	CFD04	4
CFD04_ind089	CFD04	4
CFD04_ind090	CFD04	4
CFD04_ind091	CFD04	4
CFD04_ind092	CFD04	4
CFD04_ind093	CFD04	4
CFD04_ind094	CFD04	4
CFD04_ind095	CFD04	4
CFD04_ind096	CFD04	4
CFD04_ind097	CFD04	4
CFD04_ind098	CFD04	4
CFD04_ind099	CFD04	4
CFD04_ind100	CFD04	4
CFD04_ind101	CFD04	4
CFD04_ind102	CFD04	4
CFD04_ind103	CFD04	4
CFD04_ind104	CFD04	4
CFD04_ind105	CFD04	4
CFD04_ind001	CFD04	5
CFD04_ind002	CFD04	5
CFD04_ind003	CFD04	5
CFD04_ind004	CFD04	5
CFD04_ind005	CFD04	5
CFD04_ind006	CFD04	5
CFD04_ind007	CFD04	5
CFD04_ind008	CFD04	5
CFD04_ind009	CFD04	5
CFD04_ind010	CFD04	5
CFD04_ind011	CFD04	5
CFD04_ind012	CFD04	5
CFD04_ind013	CFD04	5
CFD04_ind014	CFD04	5
CFD04_ind015	CFD04	5
CFD04_ind016	CFD04	5
CFD04_ind017	CFD04	5
CFD04_ind018	CFD04	5
CFD04_ind019	CFD04	5
CFD04_ind020	CFD04	5
CFD04_ind021	CFD04	5
CFD04_ind022	CFD04	5
CFD04_ind023	CFD04	5
CFD04_ind024	CFD04	5
CFD04_ind025	CFD04	5
CFD04_ind026	CFD04	5
CFD04_ind027	CFD04	5
CFD04_ind028	CFD04	5
CFD04_ind029	CFD04	5
CFD04_ind030	CFD04	5
CFD04_ind031	CFD04	5
CFD04_ind032	CFD04	5
CFD04_ind033	CFD04	5
CFD04_ind034	CFD04	5
CFD04_ind035	CFD04	5
CFD04_ind036	CFD04	5
CFD04_ind037	CFD04	5
CFD04_ind038	CFD04	5
CFD04_ind039	CFD04	5
CFD04_ind040	CFD04	5
CFD04_ind041	CFD04	5
CFD04_ind042	CFD04	5
CFD04_ind043	CFD04	5
CFD04_ind044	CFD04	5
CFD04_ind045	CFD04	5
CFD04_ind046	CFD04	5
CFD04_ind047	CFD04	5
CFD04_ind048	CFD04	5
CFD04_ind049	CFD04	5
CFD04_ind050	CFD04	5
CFD04_ind051	CFD04	5
CFD04_ind052	CFD04	5
CFD04_ind053	CFD04	5
CFD04_ind054	CFD04	5
CFD04_ind055	CFD04	5
CFD04_ind056	CFD04	5
CFD04_ind057	CFD04	5
CFD04_ind058	CFD04	5
CFD04_ind059	CFD04	5
CFD04_ind060	CFD04	5
CFD04_ind061	CFD04	5
CFD04_ind062	CFD04	5
CFD04_ind063	CFD04	5
CFD04_ind064	CFD04	5
CFD04_ind065	CFD04	5
CFD04_ind066	CFD04	5
CFD04_ind067	CFD04	5
CFD04_ind068	CFD04	5
CFD04_ind069	CFD04	5
CFD04_ind070	CFD04	5
CFD04_ind071	CFD04	5
CFD04_ind072	CFD04	5
CFD04_ind073	CFD04	5
CFD04_ind074	CFD04	5
CFD04_ind075	CFD04	5
CFD04_ind076	CFD04	5
CFD04_ind077	CFD04	5
CFD04_ind078	CFD04	5
CFD04_ind079	CFD04	5
CFD04_ind080	CFD04	5
CFD04_ind081	CFD04	5
CFD04_ind082	CFD04	5
CFD04_ind083	CFD04	5
CFD04_ind084	CFD04	5
CFD04_ind085	CFD04	5
CFD04_ind086	CFD04	5
CFD04_ind087	CFD04	5
CFD04_ind088	CFD04	5
CFD04_ind089	CFD04	5
CFD04_ind090	CFD04	5
CFD04_ind091	CFD04	5
CFD04_ind092	CFD04	5
CFD04_ind093	CFD04	5
CFD04_ind094	CFD04	5
CFD04_ind095	CFD04	5
CFD04_ind096	CFD04	5
CFD04_ind097	CFD04	5
CFD04_ind098	CFD04	5
CFD04_ind099	CFD04	5
CFD04_ind100	CFD04	5
CFD04_ind101	CFD04	5
CFD04_ind102	CFD04	5
CFD04_ind103	CFD04	5
CFD04_ind104	CFD04	5
CFD04_ind105	CFD04	5
CFD04_ind001	CFD04	6
CFD04_ind002	CFD04	6
CFD04_ind003	CFD04	6
CFD04_ind004	CFD04	6
CFD04_ind005	CFD04	6
CFD04_ind006	CFD04	6
CFD04_ind007	CFD04	6
CFD04_ind008	CFD04	6
CFD04_ind009	CFD04	6
CFD04_ind010	CFD04	6
CFD04_ind011	CFD04	6
CFD04_ind012	CFD04	6
CFD04_ind013	CFD04	6
CFD04_ind014	CFD04	6
CFD04_ind015	CFD04	6
CFD04_ind016	CFD04	6
CFD04_ind017	CFD04	6
CFD04_ind018	CFD04	6
CFD04_ind019	CFD04	6
CFD04_ind020	CFD04	6
CFD04_ind021	CFD04	6
CFD04_ind022	CFD04	6
CFD04_ind023	CFD04	6
CFD04_ind024	CFD04	6
CFD04_ind025	CFD04	6
CFD04_ind026	CFD04	6
CFD04_ind027	CFD04	6
CFD04_ind028	CFD04	6
CFD04_ind029	CFD04	6
CFD04_ind030	CFD04	6
CFD04_ind031	CFD04	6
CFD04_ind032	CFD04	6
CFD04_ind033	CFD04	6
CFD04_ind034	CFD04	6
CFD04_ind035	CFD04	6
CFD04_ind036	CFD04	6
CFD04_ind037	CFD04	6
CFD04_ind038	CFD04	6
CFD04_ind039	CFD04	6
CFD04_ind040	CFD04	6
CFD04_ind041	CFD04	6
CFD04_ind042	CFD04	6
CFD04_ind043	CFD04	6
CFD04_ind044	CFD04	6
CFD04_ind045	CFD04	6
CFD04_ind046	CFD04	6
CFD04_ind047	CFD04	6
CFD04_ind048	CFD04	6
CFD04_ind049	CFD04	6
CFD04_ind050	CFD04	6
CFD04_ind051	CFD04	6
CFD04_ind052	CFD04	6
CFD04_ind053	CFD04	6
CFD04_ind054	CFD04	6
CFD04_ind055	CFD04	6
CFD04_ind056	CFD04	6
CFD04_ind057	CFD04	6
CFD04_ind058	CFD04	6
CFD04_ind059	CFD04	6
CFD04_ind060	CFD04	6
CFD04_ind061	CFD04	6
CFD04_ind062	CFD04	6
CFD04_ind063	CFD04	6
CFD04_ind064	CFD04	6
CFD04_ind065	CFD04	6
CFD04_ind066	CFD04	6
CFD04_ind067	CFD04	6
CFD04_ind068	CFD04	6
CFD04_ind069	CFD04	6
CFD04_ind070	CFD04	6
CFD04_ind071	CFD04	6
CFD04_ind072	CFD04	6
CFD04_ind073	CFD04	6
CFD04_ind074	CFD04	6
CFD04_ind075	CFD04	6
CFD04_ind076	CFD04	6
CFD04_ind077	CFD04	6
CFD04_ind078	CFD04	6
CFD04_ind079	CFD04	6
CFD04_ind080	CFD04	6
CFD04_ind081	CFD04	6
CFD04_ind082	CFD04	6
CFD04_ind083	CFD04	6
CFD04_ind084	CFD04	6
CFD04_ind085	CFD04	6
CFD04_ind086	CFD04	6
CFD04_ind087	CFD04	6
CFD04_ind088	CFD04	6
CFD04_ind089	CFD04	6
CFD04_ind090	CFD04	6
CFD04_ind091	CFD04	6
CFD04_ind092	CFD04	6
CFD04_ind093	CFD04	6
CFD04_ind094	CFD04	6
CFD04_ind095	CFD04	6
CFD04_ind096	CFD04	6
CFD04_ind097	CFD04	6
CFD04_ind098	CFD04	6
CFD04_ind099	CFD04	6
CFD04_ind100	CFD04	6
CFD04_ind101	CFD04	6
CFD04_ind102	CFD04	6
CFD04_ind103	CFD04	6
CFD04_ind104	CFD04	6
CFD04_ind105	CFD04	6
CFD04_ind001	CFD04	7
CFD04_ind002	CFD04	7
CFD04_ind003	CFD04	7
CFD04_ind004	CFD04	7
CFD04_ind005	CFD04	7
CFD04_ind006	CFD04	7
CFD04_ind007	CFD04	7
CFD04_ind008	CFD04	7
CFD04_ind009	CFD04	7
CFD04_ind010	CFD04	7
CFD04_ind011	CFD04	7
CFD04_ind012	CFD04	7
CFD04_ind013	CFD04	7
CFD04_ind014	CFD04	7
CFD04_ind015	CFD04	7
CFD04_ind016	CFD04	7
CFD04_ind017	CFD04	7
CFD04_ind018	CFD04	7
CFD04_ind019	CFD04	7
CFD04_ind020	CFD04	7
CFD04_ind021	CFD04	7
CFD04_ind022	CFD04	7
CFD04_ind023	CFD04	7
CFD04_ind024	CFD04	7
CFD04_ind025	CFD04	7
CFD04_ind026	CFD04	7
CFD04_ind027	CFD04	7
CFD04_ind028	CFD04	7
CFD04_ind029	CFD04	7
CFD04_ind030	CFD04	7
CFD04_ind031	CFD04	7
CFD04_ind032	CFD04	7
CFD04_ind033	CFD04	7
CFD04_ind034	CFD04	7
CFD04_ind035	CFD04	7
CFD04_ind036	CFD04	7
CFD04_ind037	CFD04	7
CFD04_ind038	CFD04	7
CFD04_ind039	CFD04	7
CFD04_ind040	CFD04	7
CFD04_ind041	CFD04	7
CFD04_ind042	CFD04	7
CFD04_ind043	CFD04	7
CFD04_ind044	CFD04	7
CFD04_ind045	CFD04	7
CFD04_ind046	CFD04	7
CFD04_ind047	CFD04	7
CFD04_ind048	CFD04	7
CFD04_ind049	CFD04	7
CFD04_ind050	CFD04	7
CFD04_ind051	CFD04	7
CFD04_ind052	CFD04	7
CFD04_ind053	CFD04	7
CFD04_ind054	CFD04	7
CFD04_ind055	CFD04	7
CFD04_ind056	CFD04	7
CFD04_ind057	CFD04	7
CFD04_ind058	CFD04	7
CFD04_ind059	CFD04	7
CFD04_ind060	CFD04	7
CFD04_ind061	CFD04	7
CFD04_ind062	CFD04	7
CFD04_ind063	CFD04	7
CFD04_ind064	CFD04	7
CFD04_ind065	CFD04	7
CFD04_ind066	CFD04	7
CFD04_ind067	CFD04	7
CFD04_ind068	CFD04	7
CFD04_ind069	CFD04	7
CFD04_ind070	CFD04	7
CFD04_ind071	CFD04	7
CFD04_ind072	CFD04	7
CFD04_ind073	CFD04	7
CFD04_ind074	CFD04	7
CFD04_ind075	CFD04	7
CFD04_ind076	CFD04	7
CFD04_ind077	CFD04	7
CFD04_ind078	CFD04	7
CFD04_ind079	CFD04	7
CFD04_ind080	CFD04	7
CFD04_ind081	CFD04	7
CFD04_ind082	CFD04	7
CFD04_ind083	CFD04	7
CFD04_ind084	CFD04	7
CFD04_ind085	CFD04	7
CFD04_ind086	CFD04	7
CFD04_ind087	CFD04	7
CFD04_ind088	CFD04	7
CFD04_ind089	CFD04	7
CFD04_ind090	CFD04	7
CFD04_ind091	CFD04	7
CFD04_ind092	CFD04	7
CFD04_ind093	CFD04	7
CFD04_ind094	CFD04	7
CFD04_ind095	CFD04	7
CFD04_ind096	CFD04	7
CFD04_ind097	CFD04	7
CFD04_ind098	CFD04	7
CFD04_ind099	CFD04	7
CFD04_ind100	CFD04	7
CFD04_ind101	CFD04	7
CFD04_ind102	CFD04	7
CFD04_ind103	CFD04	7
CFD04_ind104	CFD04	7
CFD04_ind105	CFD04	7
CFD04_ind001	CFD04	8
CFD04_ind002	CFD04	8
CFD04_ind003	CFD04	8
CFD04_ind004	CFD04	8
CFD04_ind005	CFD04	8
CFD04_ind006	CFD04	8
CFD04_ind007	CFD04	8
CFD04_ind008	CFD04	8
CFD04_ind009	CFD04	8
CFD04_ind010	CFD04	8
CFD04_ind011	CFD04	8
CFD04_ind012	CFD04	8
CFD04_ind013	CFD04	8
CFD04_ind014	CFD04	8
CFD04_ind015	CFD04	8
CFD04_ind016	CFD04	8
CFD04_ind017	CFD04	8
CFD04_ind018	CFD04	8
CFD04_ind019	CFD04	8
CFD04_ind020	CFD04	8
CFD04_ind021	CFD04	8
CFD04_ind022	CFD04	8
CFD04_ind023	CFD04	8
CFD04_ind024	CFD04	8
CFD04_ind025	CFD04	8
CFD04_ind026	CFD04	8
CFD04_ind027	CFD04	8
CFD04_ind028	CFD04	8
CFD04_ind029	CFD04	8
CFD04_ind030	CFD04	8
CFD04_ind031	CFD04	8
CFD04_ind032	CFD04	8
CFD04_ind033	CFD04	8
CFD04_ind034	CFD04	8
CFD04_ind035	CFD04	8
CFD04_ind036	CFD04	8
CFD04_ind037	CFD04	8
CFD04_ind038	CFD04	8
CFD04_ind039	CFD04	8
CFD04_ind040	CFD04	8
CFD04_ind041	CFD04	8
CFD04_ind042	CFD04	8
CFD04_ind043	CFD04	8
CFD04_ind044	CFD04	8
CFD04_ind045	CFD04	8
CFD04_ind046	CFD04	8
CFD04_ind047	CFD04	8
CFD04_ind048	CFD04	8
CFD04_ind049	CFD04	8
CFD04_ind050	CFD04	8
CFD04_ind051	CFD04	8
CFD04_ind052	CFD04	8
CFD04_ind053	CFD04	8
CFD04_ind054	CFD04	8
CFD04_ind055	CFD04	8
CFD04_ind056	CFD04	8
CFD04_ind057	CFD04	8
CFD04_ind058	CFD04	8
CFD04_ind059	CFD04	8
CFD04_ind060	CFD04	8
CFD04_ind061	CFD04	8
CFD04_ind062	CFD04	8
CFD04_ind063	CFD04	8
CFD04_ind064	CFD04	8
CFD04_ind065	CFD04	8
CFD04_ind066	CFD04	8
CFD04_ind067	CFD04	8
CFD04_ind068	CFD04	8
CFD04_ind069	CFD04	8
CFD04_ind070	CFD04	8
CFD04_ind071	CFD04	8
CFD04_ind072	CFD04	8
CFD04_ind073	CFD04	8
CFD04_ind074	CFD04	8
CFD04_ind075	CFD04	8
CFD04_ind076	CFD04	8
CFD04_ind077	CFD04	8
CFD04_ind078	CFD04	8
CFD04_ind079	CFD04	8
CFD04_ind080	CFD04	8
CFD04_ind081	CFD04	8
CFD04_ind082	CFD04	8
CFD04_ind083	CFD04	8
CFD04_ind084	CFD04	8
CFD04_ind085	CFD04	8
CFD04_ind086	CFD04	8
CFD04_ind087	CFD04	8
CFD04_ind088	CFD04	8
CFD04_ind089	CFD04	8
CFD04_ind090	CFD04	8
CFD04_ind091	CFD04	8
CFD04_ind092	CFD04	8
CFD04_ind093	CFD04	8
CFD04_ind094	CFD04	8
CFD04_ind095	CFD04	8
CFD04_ind096	CFD04	8
CFD04_ind097	CFD04	8
CFD04_ind098	CFD04	8
CFD04_ind099	CFD04	8
CFD04_ind100	CFD04	8
CFD04_ind101	CFD04	8
CFD04_ind102	CFD04	8
CFD04_ind103	CFD04	8
CFD04_ind104	CFD04	8
CFD04_ind105	CFD04	8
CFD04_ind001	CFD04	9
CFD04_ind002	CFD04	9
CFD04_ind003	CFD04	9
CFD04_ind004	CFD04	9
CFD04_ind005	CFD04	9
CFD04_ind006	CFD04	9
CFD04_ind007	CFD04	9
CFD04_ind008	CFD04	9
CFD04_ind009	CFD04	9
CFD04_ind010	CFD04	9
CFD04_ind011	CFD04	9
CFD04_ind012	CFD04	9
CFD04_ind013	CFD04	9
CFD04_ind014	CFD04	9
CFD04_ind015	CFD04	9
CFD04_ind016	CFD04	9
CFD04_ind017	CFD04	9
CFD04_ind018	CFD04	9
CFD04_ind019	CFD04	9
CFD04_ind020	CFD04	9
CFD04_ind021	CFD04	9
CFD04_ind022	CFD04	9
CFD04_ind023	CFD04	9
CFD04_ind024	CFD04	9
CFD04_ind025	CFD04	9
CFD04_ind026	CFD04	9
CFD04_ind027	CFD04	9
CFD04_ind028	CFD04	9
CFD04_ind029	CFD04	9
CFD04_ind030	CFD04	9
CFD04_ind031	CFD04	9
CFD04_ind032	CFD04	9
CFD04_ind033	CFD04	9
CFD04_ind034	CFD04	9
CFD04_ind035	CFD04	9
CFD04_ind036	CFD04	9
CFD04_ind037	CFD04	9
CFD04_ind038	CFD04	9
CFD04_ind039	CFD04	9
CFD04_ind040	CFD04	9
CFD04_ind041	CFD04	9
CFD04_ind042	CFD04	9
CFD04_ind043	CFD04	9
CFD04_ind044	CFD04	9
CFD04_ind045	CFD04	9
CFD04_ind046	CFD04	9
CFD04_ind047	CFD04	9
CFD04_ind048	CFD04	9
CFD04_ind049	CFD04	9
CFD04_ind050	CFD04	9
CFD04_ind051	CFD04	9
CFD04_ind052	CFD04	9
CFD04_ind053	CFD04	9
CFD04_ind054	CFD04	9
CFD04_ind055	CFD04	9
CFD04_ind056	CFD04	9
CFD04_ind057	CFD04	9
CFD04_ind058	CFD04	9
CFD04_ind059	CFD04	9
CFD04_ind060	CFD04	9
CFD04_ind061	CFD04	9
CFD04_ind062	CFD04	9
CFD04_ind063	CFD04	9
CFD04_ind064	CFD04	9
CFD04_ind065	CFD04	9
CFD04_ind066	CFD04	9
CFD04_ind067	CFD04	9
CFD04_ind068	CFD04	9
CFD04_ind069	CFD04	9
CFD04_ind070	CFD04	9
CFD04_ind071	CFD04	9
CFD04_ind072	CFD04	9
CFD04_ind073	CFD04	9
CFD04_ind074	CFD04	9
CFD04_ind075	CFD04	9
CFD04_ind076	CFD04	9
CFD04_ind077	CFD04	9
CFD04_ind078	CFD04	9
CFD04_ind079	CFD04	9
CFD04_ind080	CFD04	9
CFD04_ind081	CFD04	9
CFD04_ind082	CFD04	9
CFD04_ind083	CFD04	9
CFD04_ind084	CFD04	9
CFD04_ind085	CFD04	9
CFD04_ind086	CFD04	9
CFD04_ind087	CFD04	9
CFD04_ind088	CFD04	9
CFD04_ind089	CFD04	9
CFD04_ind090	CFD04	9
CFD04_ind091	CFD04	9
CFD04_ind092	CFD04	9
CFD04_ind093	CFD04	9
CFD04_ind094	CFD04	9
CFD04_ind095	CFD04	9
CFD04_ind096	CFD04	9
CFD04_ind097	CFD04	9
CFD04_ind098	CFD04	9
CFD04_ind099	CFD04	9
CFD04_ind100	CFD04	9
CFD04_ind101	CFD04	9
CFD04_ind102	CFD04	9
CFD04_ind103	CFD04	9
CFD04_ind104	CFD04	9
CFD04_ind105	CFD04	9
CFD04_ind001	CFD04	10
CFD04_ind002	CFD04	10
CFD04_ind003	CFD04	10
CFD04_ind004	CFD04	10
CFD04_ind005	CFD04	10
CFD04_ind006	CFD04	10
CFD04_ind007	CFD04	10
CFD04_ind008	CFD04	10
CFD04_ind009	CFD04	10
CFD04_ind010	CFD04	10
CFD04_ind011	CFD04	10
CFD04_ind012	CFD04	10
CFD04_ind013	CFD04	10
CFD04_ind014	CFD04	10
CFD04_ind015	CFD04	10
CFD04_ind016	CFD04	10
CFD04_ind017	CFD04	10
CFD04_ind018	CFD04	10
CFD04_ind019	CFD04	10
CFD04_ind020	CFD04	10
CFD04_ind021	CFD04	10
CFD04_ind022	CFD04	10
CFD04_ind023	CFD04	10
CFD04_ind024	CFD04	10
CFD04_ind025	CFD04	10
CFD04_ind026	CFD04	10
CFD04_ind027	CFD04	10
CFD04_ind028	CFD04	10
CFD04_ind029	CFD04	10
CFD04_ind030	CFD04	10
CFD04_ind031	CFD04	10
CFD04_ind032	CFD04	10
CFD04_ind033	CFD04	10
CFD04_ind034	CFD04	10
CFD04_ind035	CFD04	10
CFD04_ind036	CFD04	10
CFD04_ind037	CFD04	10
CFD04_ind038	CFD04	10
CFD04_ind039	CFD04	10
CFD04_ind040	CFD04	10
CFD04_ind041	CFD04	10
CFD04_ind042	CFD04	10
CFD04_ind043	CFD04	10
CFD04_ind044	CFD04	10
CFD04_ind045	CFD04	10
CFD04_ind046	CFD04	10
CFD04_ind047	CFD04	10
CFD04_ind048	CFD04	10
CFD04_ind049	CFD04	10
CFD04_ind050	CFD04	10
CFD04_ind051	CFD04	10
CFD04_ind052	CFD04	10
CFD04_ind053	CFD04	10
CFD04_ind054	CFD04	10
CFD04_ind055	CFD04	10
CFD04_ind056	CFD04	10
CFD04_ind057	CFD04	10
CFD04_ind058	CFD04	10
CFD04_ind059	CFD04	10
CFD04_ind060	CFD04	10
CFD04_ind061	CFD04	10
CFD04_ind062	CFD04	10
CFD04_ind063	CFD04	10
CFD04_ind064	CFD04	10
CFD04_ind065	CFD04	10
CFD04_ind066	CFD04	10
CFD04_ind067	CFD04	10
CFD04_ind068	CFD04	10
CFD04_ind069	CFD04	10
CFD04_ind070	CFD04	10
CFD04_ind071	CFD04	10
CFD04_ind072	CFD04	10
CFD04_ind073	CFD04	10
CFD04_ind074	CFD04	10
CFD04_ind075	CFD04	10
CFD04_ind076	CFD04	10
CFD04_ind077	CFD04	10
CFD04_ind078	CFD04	10
CFD04_ind079	CFD04	10
CFD04_ind080	CFD04	10
CFD04_ind081	CFD04	10
CFD04_ind082	CFD04	10
CFD04_ind083	CFD04	10
CFD04_ind084	CFD04	10
CFD04_ind085	CFD04	10
CFD04_ind086	CFD04	10
CFD04_ind087	CFD04	10
CFD04_ind088	CFD04	10
CFD04_ind089	CFD04	10
CFD04_ind090	CFD04	10
CFD04_ind091	CFD04	10
CFD04_ind092	CFD04	10
CFD04_ind093	CFD04	10
CFD04_ind094	CFD04	10
CFD04_ind095	CFD04	10
CFD04_ind096	CFD04	10
CFD04_ind097	CFD04	10
CFD04_ind098	CFD04	10
CFD04_ind099	CFD04	10
CFD04_ind100	CFD04	10
CFD04_ind101	CFD04	10
CFD04_ind102	CFD04	10
CFD04_ind103	CFD04	10
CFD04_ind104	CFD04	10
CFD04_ind105	CFD04	10
CFD05_ind001	CFD05	1
CFD05_ind002	CFD05	1
CFD05_ind003	CFD05	1
CFD05_ind004	CFD05	1
CFD05_ind005	CFD05	1
CFD05_ind006	CFD05	1
CFD05_ind007	CFD05	1
CFD05_ind008	CFD05	1
CFD05_ind009	CFD05	1
CFD05_ind010	CFD05	1
CFD05_ind011	CFD05	1
CFD05_ind012	CFD05	1
CFD05_ind013	CFD05	1
CFD05_ind014	CFD05	1
CFD05_ind015	CFD05	1
CFD05_ind016	CFD05	1
CFD05_ind017	CFD05	1
CFD05_ind018	CFD05	1
CFD05_ind019	CFD05	1
CFD05_ind020	CFD05	1
CFD05_ind021	CFD05	1
CFD05_ind022	CFD05	1
CFD05_ind023	CFD05	1
CFD05_ind024	CFD05	1
CFD05_ind025	CFD05	1
CFD05_ind026	CFD05	1
CFD05_ind027	CFD05	1
CFD05_ind028	CFD05	1
CFD05_ind029	CFD05	1
CFD05_ind030	CFD05	1
CFD05_ind031	CFD05	1
CFD05_ind032	CFD05	1
CFD05_ind033	CFD05	1
CFD05_ind034	CFD05	1
CFD05_ind035	CFD05	1
CFD05_ind036	CFD05	1
CFD05_ind037	CFD05	1
CFD05_ind038	CFD05	1
CFD05_ind039	CFD05	1
CFD05_ind040	CFD05	1
CFD05_ind041	CFD05	1
CFD05_ind042	CFD05	1
CFD05_ind043	CFD05	1
CFD05_ind044	CFD05	1
CFD05_ind045	CFD05	1
CFD05_ind046	CFD05	1
CFD05_ind047	CFD05	1
CFD05_ind048	CFD05	1
CFD05_ind049	CFD05	1
CFD05_ind050	CFD05	1
CFD05_ind051	CFD05	1
CFD05_ind052	CFD05	1
CFD05_ind053	CFD05	1
CFD05_ind054	CFD05	1
CFD05_ind055	CFD05	1
CFD05_ind056	CFD05	1
CFD05_ind057	CFD05	1
CFD05_ind058	CFD05	1
CFD05_ind059	CFD05	1
CFD05_ind060	CFD05	1
CFD05_ind061	CFD05	1
CFD05_ind062	CFD05	1
CFD05_ind063	CFD05	1
CFD05_ind064	CFD05	1
CFD05_ind065	CFD05	1
CFD05_ind066	CFD05	1
CFD05_ind067	CFD05	1
CFD05_ind068	CFD05	1
CFD05_ind069	CFD05	1
CFD05_ind070	CFD05	1
CFD05_ind071	CFD05	1
CFD05_ind072	CFD05	1
CFD05_ind073	CFD05	1
CFD05_ind074	CFD05	1
CFD05_ind075	CFD05	1
CFD05_ind076	CFD05	1
CFD05_ind077	CFD05	1
CFD05_ind001	CFD05	2
CFD05_ind002	CFD05	2
CFD05_ind003	CFD05	2
CFD05_ind004	CFD05	2
CFD05_ind005	CFD05	2
CFD05_ind006	CFD05	2
CFD05_ind007	CFD05	2
CFD05_ind008	CFD05	2
CFD05_ind009	CFD05	2
CFD05_ind010	CFD05	2
CFD05_ind011	CFD05	2
CFD05_ind012	CFD05	2
CFD05_ind013	CFD05	2
CFD05_ind014	CFD05	2
CFD05_ind015	CFD05	2
CFD05_ind016	CFD05	2
CFD05_ind017	CFD05	2
CFD05_ind018	CFD05	2
CFD05_ind019	CFD05	2
CFD05_ind020	CFD05	2
CFD05_ind021	CFD05	2
CFD05_ind022	CFD05	2
CFD05_ind023	CFD05	2
CFD05_ind024	CFD05	2
CFD05_ind025	CFD05	2
CFD05_ind026	CFD05	2
CFD05_ind027	CFD05	2
CFD05_ind028	CFD05	2
CFD05_ind029	CFD05	2
CFD05_ind030	CFD05	2
CFD05_ind031	CFD05	2
CFD05_ind032	CFD05	2
CFD05_ind033	CFD05	2
CFD05_ind034	CFD05	2
CFD05_ind035	CFD05	2
CFD05_ind036	CFD05	2
CFD05_ind037	CFD05	2
CFD05_ind038	CFD05	2
CFD05_ind039	CFD05	2
CFD05_ind040	CFD05	2
CFD05_ind041	CFD05	2
CFD05_ind042	CFD05	2
CFD05_ind043	CFD05	2
CFD05_ind044	CFD05	2
CFD05_ind045	CFD05	2
CFD05_ind046	CFD05	2
CFD05_ind047	CFD05	2
CFD05_ind048	CFD05	2
CFD05_ind049	CFD05	2
CFD05_ind050	CFD05	2
CFD05_ind051	CFD05	2
CFD05_ind052	CFD05	2
CFD05_ind053	CFD05	2
CFD05_ind054	CFD05	2
CFD05_ind055	CFD05	2
CFD05_ind056	CFD05	2
CFD05_ind057	CFD05	2
CFD05_ind058	CFD05	2
CFD05_ind059	CFD05	2
CFD05_ind060	CFD05	2
CFD05_ind061	CFD05	2
CFD05_ind062	CFD05	2
CFD05_ind063	CFD05	2
CFD05_ind064	CFD05	2
CFD05_ind065	CFD05	2
CFD05_ind066	CFD05	2
CFD05_ind067	CFD05	2
CFD05_ind068	CFD05	2
CFD05_ind069	CFD05	2
CFD05_ind070	CFD05	2
CFD05_ind071	CFD05	2
CFD05_ind072	CFD05	2
CFD05_ind073	CFD05	2
CFD05_ind074	CFD05	2
CFD05_ind075	CFD05	2
CFD05_ind076	CFD05	2
CFD05_ind077	CFD05	2
CFD05_ind001	CFD05	3
CFD05_ind002	CFD05	3
CFD05_ind003	CFD05	3
CFD05_ind004	CFD05	3
CFD05_ind005	CFD05	3
CFD05_ind006	CFD05	3
CFD05_ind007	CFD05	3
CFD05_ind008	CFD05	3
CFD05_ind009	CFD05	3
CFD05_ind010	CFD05	3
CFD05_ind011	CFD05	3
CFD05_ind012	CFD05	3
CFD05_ind013	CFD05	3
CFD05_ind014	CFD05	3
CFD05_ind015	CFD05	3
CFD05_ind016	CFD05	3
CFD05_ind017	CFD05	3
CFD05_ind018	CFD05	3
CFD05_ind019	CFD05	3
CFD05_ind020	CFD05	3
CFD05_ind021	CFD05	3
CFD05_ind022	CFD05	3
CFD05_ind023	CFD05	3
CFD05_ind024	CFD05	3
CFD05_ind025	CFD05	3
CFD05_ind026	CFD05	3
CFD05_ind027	CFD05	3
CFD05_ind028	CFD05	3
CFD05_ind029	CFD05	3
CFD05_ind030	CFD05	3
CFD05_ind031	CFD05	3
CFD05_ind032	CFD05	3
CFD05_ind033	CFD05	3
CFD05_ind034	CFD05	3
CFD05_ind035	CFD05	3
CFD05_ind036	CFD05	3
CFD05_ind037	CFD05	3
CFD05_ind038	CFD05	3
CFD05_ind039	CFD05	3
CFD05_ind040	CFD05	3
CFD05_ind041	CFD05	3
CFD05_ind042	CFD05	3
CFD05_ind043	CFD05	3
CFD05_ind044	CFD05	3
CFD05_ind045	CFD05	3
CFD05_ind046	CFD05	3
CFD05_ind047	CFD05	3
CFD05_ind048	CFD05	3
CFD05_ind049	CFD05	3
CFD05_ind050	CFD05	3
CFD05_ind051	CFD05	3
CFD05_ind052	CFD05	3
CFD05_ind053	CFD05	3
CFD05_ind054	CFD05	3
CFD05_ind055	CFD05	3
CFD05_ind056	CFD05	3
CFD05_ind057	CFD05	3
CFD05_ind058	CFD05	3
CFD05_ind059	CFD05	3
CFD05_ind060	CFD05	3
CFD05_ind061	CFD05	3
CFD05_ind062	CFD05	3
CFD05_ind063	CFD05	3
CFD05_ind064	CFD05	3
CFD05_ind065	CFD05	3
CFD05_ind066	CFD05	3
CFD05_ind067	CFD05	3
CFD05_ind068	CFD05	3
CFD05_ind069	CFD05	3
CFD05_ind070	CFD05	3
CFD05_ind071	CFD05	3
CFD05_ind072	CFD05	3
CFD05_ind073	CFD05	3
CFD05_ind074	CFD05	3
CFD05_ind075	CFD05	3
CFD05_ind076	CFD05	3
CFD05_ind077	CFD05	3
CFD05_ind001	CFD05	4
CFD05_ind002	CFD05	4
CFD05_ind003	CFD05	4
CFD05_ind004	CFD05	4
CFD05_ind005	CFD05	4
CFD05_ind006	CFD05	4
CFD05_ind007	CFD05	4
CFD05_ind008	CFD05	4
CFD05_ind009	CFD05	4
CFD05_ind010	CFD05	4
CFD05_ind011	CFD05	4
CFD05_ind012	CFD05	4
CFD05_ind013	CFD05	4
CFD05_ind014	CFD05	4
CFD05_ind015	CFD05	4
CFD05_ind016	CFD05	4
CFD05_ind017	CFD05	4
CFD05_ind018	CFD05	4
CFD05_ind019	CFD05	4
CFD05_ind020	CFD05	4
CFD05_ind021	CFD05	4
CFD05_ind022	CFD05	4
CFD05_ind023	CFD05	4
CFD05_ind024	CFD05	4
CFD05_ind025	CFD05	4
CFD05_ind026	CFD05	4
CFD05_ind027	CFD05	4
CFD05_ind028	CFD05	4
CFD05_ind029	CFD05	4
CFD05_ind030	CFD05	4
CFD05_ind031	CFD05	4
CFD05_ind032	CFD05	4
CFD05_ind033	CFD05	4
CFD05_ind034	CFD05	4
CFD05_ind035	CFD05	4
CFD05_ind036	CFD05	4
CFD05_ind037	CFD05	4
CFD05_ind038	CFD05	4
CFD05_ind039	CFD05	4
CFD05_ind040	CFD05	4
CFD05_ind041	CFD05	4
CFD05_ind042	CFD05	4
CFD05_ind043	CFD05	4
CFD05_ind044	CFD05	4
CFD05_ind045	CFD05	4
CFD05_ind046	CFD05	4
CFD05_ind047	CFD05	4
CFD05_ind048	CFD05	4
CFD05_ind049	CFD05	4
CFD05_ind050	CFD05	4
CFD05_ind051	CFD05	4
CFD05_ind052	CFD05	4
CFD05_ind053	CFD05	4
CFD05_ind054	CFD05	4
CFD05_ind055	CFD05	4
CFD05_ind056	CFD05	4
CFD05_ind057	CFD05	4
CFD05_ind058	CFD05	4
CFD05_ind059	CFD05	4
CFD05_ind060	CFD05	4
CFD05_ind061	CFD05	4
CFD05_ind062	CFD05	4
CFD05_ind063	CFD05	4
CFD05_ind064	CFD05	4
CFD05_ind065	CFD05	4
CFD05_ind066	CFD05	4
CFD05_ind067	CFD05	4
CFD05_ind068	CFD05	4
CFD05_ind069	CFD05	4
CFD05_ind070	CFD05	4
CFD05_ind071	CFD05	4
CFD05_ind072	CFD05	4
CFD05_ind073	CFD05	4
CFD05_ind074	CFD05	4
CFD05_ind075	CFD05	4
CFD05_ind076	CFD05	4
CFD05_ind077	CFD05	4
CFD05_ind001	CFD05	5
CFD05_ind002	CFD05	5
CFD05_ind003	CFD05	5
CFD05_ind004	CFD05	5
CFD05_ind005	CFD05	5
CFD05_ind006	CFD05	5
CFD05_ind007	CFD05	5
CFD05_ind008	CFD05	5
CFD05_ind009	CFD05	5
CFD05_ind010	CFD05	5
CFD05_ind011	CFD05	5
CFD05_ind012	CFD05	5
CFD05_ind013	CFD05	5
CFD05_ind014	CFD05	5
CFD05_ind015	CFD05	5
CFD05_ind016	CFD05	5
CFD05_ind017	CFD05	5
CFD05_ind018	CFD05	5
CFD05_ind019	CFD05	5
CFD05_ind020	CFD05	5
CFD05_ind021	CFD05	5
CFD05_ind022	CFD05	5
CFD05_ind023	CFD05	5
CFD05_ind024	CFD05	5
CFD05_ind025	CFD05	5
CFD05_ind026	CFD05	5
CFD05_ind027	CFD05	5
CFD05_ind028	CFD05	5
CFD05_ind029	CFD05	5
CFD05_ind030	CFD05	5
CFD05_ind031	CFD05	5
CFD05_ind032	CFD05	5
CFD05_ind033	CFD05	5
CFD05_ind034	CFD05	5
CFD05_ind035	CFD05	5
CFD05_ind036	CFD05	5
CFD05_ind037	CFD05	5
CFD05_ind038	CFD05	5
CFD05_ind039	CFD05	5
CFD05_ind040	CFD05	5
CFD05_ind041	CFD05	5
CFD05_ind042	CFD05	5
CFD05_ind043	CFD05	5
CFD05_ind044	CFD05	5
CFD05_ind045	CFD05	5
CFD05_ind046	CFD05	5
CFD05_ind047	CFD05	5
CFD05_ind048	CFD05	5
CFD05_ind049	CFD05	5
CFD05_ind050	CFD05	5
CFD05_ind051	CFD05	5
CFD05_ind052	CFD05	5
CFD05_ind053	CFD05	5
CFD05_ind054	CFD05	5
CFD05_ind055	CFD05	5
CFD05_ind056	CFD05	5
CFD05_ind057	CFD05	5
CFD05_ind058	CFD05	5
CFD05_ind059	CFD05	5
CFD05_ind060	CFD05	5
CFD05_ind061	CFD05	5
CFD05_ind062	CFD05	5
CFD05_ind063	CFD05	5
CFD05_ind064	CFD05	5
CFD05_ind065	CFD05	5
CFD05_ind066	CFD05	5
CFD05_ind067	CFD05	5
CFD05_ind068	CFD05	5
CFD05_ind069	CFD05	5
CFD05_ind070	CFD05	5
CFD05_ind071	CFD05	5
CFD05_ind072	CFD05	5
CFD05_ind073	CFD05	5
CFD05_ind074	CFD05	5
CFD05_ind075	CFD05	5
CFD05_ind076	CFD05	5
CFD05_ind077	CFD05	5
CFD05_ind001	CFD05	6
CFD05_ind002	CFD05	6
CFD05_ind003	CFD05	6
CFD05_ind004	CFD05	6
CFD05_ind005	CFD05	6
CFD05_ind006	CFD05	6
CFD05_ind007	CFD05	6
CFD05_ind008	CFD05	6
CFD05_ind009	CFD05	6
CFD05_ind010	CFD05	6
CFD05_ind011	CFD05	6
CFD05_ind012	CFD05	6
CFD05_ind013	CFD05	6
CFD05_ind014	CFD05	6
CFD05_ind015	CFD05	6
CFD05_ind016	CFD05	6
CFD05_ind017	CFD05	6
CFD05_ind018	CFD05	6
CFD05_ind019	CFD05	6
CFD05_ind020	CFD05	6
CFD05_ind021	CFD05	6
CFD05_ind022	CFD05	6
CFD05_ind023	CFD05	6
CFD05_ind024	CFD05	6
CFD05_ind025	CFD05	6
CFD05_ind026	CFD05	6
CFD05_ind027	CFD05	6
CFD05_ind028	CFD05	6
CFD05_ind029	CFD05	6
CFD05_ind030	CFD05	6
CFD05_ind031	CFD05	6
CFD05_ind032	CFD05	6
CFD05_ind033	CFD05	6
CFD05_ind034	CFD05	6
CFD05_ind035	CFD05	6
CFD05_ind036	CFD05	6
CFD05_ind037	CFD05	6
CFD05_ind038	CFD05	6
CFD05_ind039	CFD05	6
CFD05_ind040	CFD05	6
CFD05_ind041	CFD05	6
CFD05_ind042	CFD05	6
CFD05_ind043	CFD05	6
CFD05_ind044	CFD05	6
CFD05_ind045	CFD05	6
CFD05_ind046	CFD05	6
CFD05_ind047	CFD05	6
CFD05_ind048	CFD05	6
CFD05_ind049	CFD05	6
CFD05_ind050	CFD05	6
CFD05_ind051	CFD05	6
CFD05_ind052	CFD05	6
CFD05_ind053	CFD05	6
CFD05_ind054	CFD05	6
CFD05_ind055	CFD05	6
CFD05_ind056	CFD05	6
CFD05_ind057	CFD05	6
CFD05_ind058	CFD05	6
CFD05_ind059	CFD05	6
CFD05_ind060	CFD05	6
CFD05_ind061	CFD05	6
CFD05_ind062	CFD05	6
CFD05_ind063	CFD05	6
CFD05_ind064	CFD05	6
CFD05_ind065	CFD05	6
CFD05_ind066	CFD05	6
CFD05_ind067	CFD05	6
CFD05_ind068	CFD05	6
CFD05_ind069	CFD05	6
CFD05_ind070	CFD05	6
CFD05_ind071	CFD05	6
CFD05_ind072	CFD05	6
CFD05_ind073	CFD05	6
CFD05_ind074	CFD05	6
CFD05_ind075	CFD05	6
CFD05_ind076	CFD05	6
CFD05_ind077	CFD05	6
CFD05_ind001	CFD05	7
CFD05_ind002	CFD05	7
CFD05_ind003	CFD05	7
CFD05_ind004	CFD05	7
CFD05_ind005	CFD05	7
CFD05_ind006	CFD05	7
CFD05_ind007	CFD05	7
CFD05_ind008	CFD05	7
CFD05_ind009	CFD05	7
CFD05_ind010	CFD05	7
CFD05_ind011	CFD05	7
CFD05_ind012	CFD05	7
CFD05_ind013	CFD05	7
CFD05_ind014	CFD05	7
CFD05_ind015	CFD05	7
CFD05_ind016	CFD05	7
CFD05_ind017	CFD05	7
CFD05_ind018	CFD05	7
CFD05_ind019	CFD05	7
CFD05_ind020	CFD05	7
CFD05_ind021	CFD05	7
CFD05_ind022	CFD05	7
CFD05_ind023	CFD05	7
CFD05_ind024	CFD05	7
CFD05_ind025	CFD05	7
CFD05_ind026	CFD05	7
CFD05_ind027	CFD05	7
CFD05_ind028	CFD05	7
CFD05_ind029	CFD05	7
CFD05_ind030	CFD05	7
CFD05_ind031	CFD05	7
CFD05_ind032	CFD05	7
CFD05_ind033	CFD05	7
CFD05_ind034	CFD05	7
CFD05_ind035	CFD05	7
CFD05_ind036	CFD05	7
CFD05_ind037	CFD05	7
CFD05_ind038	CFD05	7
CFD05_ind039	CFD05	7
CFD05_ind040	CFD05	7
CFD05_ind041	CFD05	7
CFD05_ind042	CFD05	7
CFD05_ind043	CFD05	7
CFD05_ind044	CFD05	7
CFD05_ind045	CFD05	7
CFD05_ind046	CFD05	7
CFD05_ind047	CFD05	7
CFD05_ind048	CFD05	7
CFD05_ind049	CFD05	7
CFD05_ind050	CFD05	7
CFD05_ind051	CFD05	7
CFD05_ind052	CFD05	7
CFD05_ind053	CFD05	7
CFD05_ind054	CFD05	7
CFD05_ind055	CFD05	7
CFD05_ind056	CFD05	7
CFD05_ind057	CFD05	7
CFD05_ind058	CFD05	7
CFD05_ind059	CFD05	7
CFD05_ind060	CFD05	7
CFD05_ind061	CFD05	7
CFD05_ind062	CFD05	7
CFD05_ind063	CFD05	7
CFD05_ind064	CFD05	7
CFD05_ind065	CFD05	7
CFD05_ind066	CFD05	7
CFD05_ind067	CFD05	7
CFD05_ind068	CFD05	7
CFD05_ind069	CFD05	7
CFD05_ind070	CFD05	7
CFD05_ind071	CFD05	7
CFD05_ind072	CFD05	7
CFD05_ind073	CFD05	7
CFD05_ind074	CFD05	7
CFD05_ind075	CFD05	7
CFD05_ind076	CFD05	7
CFD05_ind077	CFD05	7
CFD05_ind001	CFD05	8
CFD05_ind002	CFD05	8
CFD05_ind003	CFD05	8
CFD05_ind004	CFD05	8
CFD05_ind005	CFD05	8
CFD05_ind006	CFD05	8
CFD05_ind007	CFD05	8
CFD05_ind008	CFD05	8
CFD05_ind009	CFD05	8
CFD05_ind010	CFD05	8
CFD05_ind011	CFD05	8
CFD05_ind012	CFD05	8
CFD05_ind013	CFD05	8
CFD05_ind014	CFD05	8
CFD05_ind015	CFD05	8
CFD05_ind016	CFD05	8
CFD05_ind017	CFD05	8
CFD05_ind018	CFD05	8
CFD05_ind019	CFD05	8
CFD05_ind020	CFD05	8
CFD05_ind021	CFD05	8
CFD05_ind022	CFD05	8
CFD05_ind023	CFD05	8
CFD05_ind024	CFD05	8
CFD05_ind025	CFD05	8
CFD05_ind026	CFD05	8
CFD05_ind027	CFD05	8
CFD05_ind028	CFD05	8
CFD05_ind029	CFD05	8
CFD05_ind030	CFD05	8
CFD05_ind031	CFD05	8
CFD05_ind032	CFD05	8
CFD05_ind033	CFD05	8
CFD05_ind034	CFD05	8
CFD05_ind035	CFD05	8
CFD05_ind036	CFD05	8
CFD05_ind037	CFD05	8
CFD05_ind038	CFD05	8
CFD05_ind039	CFD05	8
CFD05_ind040	CFD05	8
CFD05_ind041	CFD05	8
CFD05_ind042	CFD05	8
CFD05_ind043	CFD05	8
CFD05_ind044	CFD05	8
CFD05_ind045	CFD05	8
CFD05_ind046	CFD05	8
CFD05_ind047	CFD05	8
CFD05_ind048	CFD05	8
CFD05_ind049	CFD05	8
CFD05_ind050	CFD05	8
CFD05_ind051	CFD05	8
CFD05_ind052	CFD05	8
CFD05_ind053	CFD05	8
CFD05_ind054	CFD05	8
CFD05_ind055	CFD05	8
CFD05_ind056	CFD05	8
CFD05_ind057	CFD05	8
CFD05_ind058	CFD05	8
CFD05_ind059	CFD05	8
CFD05_ind060	CFD05	8
CFD05_ind061	CFD05	8
CFD05_ind062	CFD05	8
CFD05_ind063	CFD05	8
CFD05_ind064	CFD05	8
CFD05_ind065	CFD05	8
CFD05_ind066	CFD05	8
CFD05_ind067	CFD05	8
CFD05_ind068	CFD05	8
CFD05_ind069	CFD05	8
CFD05_ind070	CFD05	8
CFD05_ind071	CFD05	8
CFD05_ind072	CFD05	8
CFD05_ind073	CFD05	8
CFD05_ind074	CFD05	8
CFD05_ind075	CFD05	8
CFD05_ind076	CFD05	8
CFD05_ind077	CFD05	8
CFD05_ind001	CFD05	9
CFD05_ind002	CFD05	9
CFD05_ind003	CFD05	9
CFD05_ind004	CFD05	9
CFD05_ind005	CFD05	9
CFD05_ind006	CFD05	9
CFD05_ind007	CFD05	9
CFD05_ind008	CFD05	9
CFD05_ind009	CFD05	9
CFD05_ind010	CFD05	9
CFD05_ind011	CFD05	9
CFD05_ind012	CFD05	9
CFD05_ind013	CFD05	9
CFD05_ind014	CFD05	9
CFD05_ind015	CFD05	9
CFD05_ind016	CFD05	9
CFD05_ind017	CFD05	9
CFD05_ind018	CFD05	9
CFD05_ind019	CFD05	9
CFD05_ind020	CFD05	9
CFD05_ind021	CFD05	9
CFD05_ind022	CFD05	9
CFD05_ind023	CFD05	9
CFD05_ind024	CFD05	9
CFD05_ind025	CFD05	9
CFD05_ind026	CFD05	9
CFD05_ind027	CFD05	9
CFD05_ind028	CFD05	9
CFD05_ind029	CFD05	9
CFD05_ind030	CFD05	9
CFD05_ind031	CFD05	9
CFD05_ind032	CFD05	9
CFD05_ind033	CFD05	9
CFD05_ind034	CFD05	9
CFD05_ind035	CFD05	9
CFD05_ind036	CFD05	9
CFD05_ind037	CFD05	9
CFD05_ind038	CFD05	9
CFD05_ind039	CFD05	9
CFD05_ind040	CFD05	9
CFD05_ind041	CFD05	9
CFD05_ind042	CFD05	9
CFD05_ind043	CFD05	9
CFD05_ind044	CFD05	9
CFD05_ind045	CFD05	9
CFD05_ind046	CFD05	9
CFD05_ind047	CFD05	9
CFD05_ind048	CFD05	9
CFD05_ind049	CFD05	9
CFD05_ind050	CFD05	9
CFD05_ind051	CFD05	9
CFD05_ind052	CFD05	9
CFD05_ind053	CFD05	9
CFD05_ind054	CFD05	9
CFD05_ind055	CFD05	9
CFD05_ind056	CFD05	9
CFD05_ind057	CFD05	9
CFD05_ind058	CFD05	9
CFD05_ind059	CFD05	9
CFD05_ind060	CFD05	9
CFD05_ind061	CFD05	9
CFD05_ind062	CFD05	9
CFD05_ind063	CFD05	9
CFD05_ind064	CFD05	9
CFD05_ind065	CFD05	9
CFD05_ind066	CFD05	9
CFD05_ind067	CFD05	9
CFD05_ind068	CFD05	9
CFD05_ind069	CFD05	9
CFD05_ind070	CFD05	9
CFD05_ind071	CFD05	9
CFD05_ind072	CFD05	9
CFD05_ind073	CFD05	9
CFD05_ind074	CFD05	9
CFD05_ind075	CFD05	9
CFD05_ind076	CFD05	9
CFD05_ind077	CFD05	9
CFD05_ind001	CFD05	10
CFD05_ind002	CFD05	10
CFD05_ind003	CFD05	10
CFD05_ind004	CFD05	10
CFD05_ind005	CFD05	10
CFD05_ind006	CFD05	10
CFD05_ind007	CFD05	10
CFD05_ind008	CFD05	10
CFD05_ind009	CFD05	10
CFD05_ind010	CFD05	10
CFD05_ind011	CFD05	10
CFD05_ind012	CFD05	10
CFD05_ind013	CFD05	10
CFD05_ind014	CFD05	10
CFD05_ind015	CFD05	10
CFD05_ind016	CFD05	10
CFD05_ind017	CFD05	10
CFD05_ind018	CFD05	10
CFD05_ind019	CFD05	10
CFD05_ind020	CFD05	10
CFD05_ind021	CFD05	10
CFD05_ind022	CFD05	10
CFD05_ind023	CFD05	10
CFD05_ind024	CFD05	10
CFD05_ind025	CFD05	10
CFD05_ind026	CFD05	10
CFD05_ind027	CFD05	10
CFD05_ind028	CFD05	10
CFD05_ind029	CFD05	10
CFD05_ind030	CFD05	10
CFD05_ind031	CFD05	10
CFD05_ind032	CFD05	10
CFD05_ind033	CFD05	10
CFD05_ind034	CFD05	10
CFD05_ind035	CFD05	10
CFD05_ind036	CFD05	10
CFD05_ind037	CFD05	10
CFD05_ind038	CFD05	10
CFD05_ind039	CFD05	10
CFD05_ind040	CFD05	10
CFD05_ind041	CFD05	10
CFD05_ind042	CFD05	10
CFD05_ind043	CFD05	10
CFD05_ind044	CFD05	10
CFD05_ind045	CFD05	10
CFD05_ind046	CFD05	10
CFD05_ind047	CFD05	10
CFD05_ind048	CFD05	10
CFD05_ind049	CFD05	10
CFD05_ind050	CFD05	10
CFD05_ind051	CFD05	10
CFD05_ind052	CFD05	10
CFD05_ind053	CFD05	10
CFD05_ind054	CFD05	10
CFD05_ind055	CFD05	10
CFD05_ind056	CFD05	10
CFD05_ind057	CFD05	10
CFD05_ind058	CFD05	10
CFD05_ind059	CFD05	10
CFD05_ind060	CFD05	10
CFD05_ind061	CFD05	10
CFD05_ind062	CFD05	10
CFD05_ind063	CFD05	10
CFD05_ind064	CFD05	10
CFD05_ind065	CFD05	10
CFD05_ind066	CFD05	10
CFD05_ind067	CFD05	10
CFD05_ind068	CFD05	10
CFD05_ind069	CFD05	10
CFD05_ind070	CFD05	10
CFD05_ind071	CFD05	10
CFD05_ind072	CFD05	10
CFD05_ind073	CFD05	10
CFD05_ind074	CFD05	10
CFD05_ind075	CFD05	10
CFD05_ind076	CFD05	10
CFD05_ind077	CFD05	10
CFD06_ind001	CFD06	1
CFD06_ind002	CFD06	1
CFD06_ind003	CFD06	1
CFD06_ind004	CFD06	1
CFD06_ind005	CFD06	1
CFD06_ind006	CFD06	1
CFD06_ind007	CFD06	1
CFD06_ind008	CFD06	1
CFD06_ind009	CFD06	1
CFD06_ind010	CFD06	1
CFD06_ind011	CFD06	1
CFD06_ind012	CFD06	1
CFD06_ind013	CFD06	1
CFD06_ind014	CFD06	1
CFD06_ind015	CFD06	1
CFD06_ind016	CFD06	1
CFD06_ind017	CFD06	1
CFD06_ind018	CFD06	1
CFD06_ind019	CFD06	1
CFD06_ind020	CFD06	1
CFD06_ind021	CFD06	1
CFD06_ind022	CFD06	1
CFD06_ind023	CFD06	1
CFD06_ind024	CFD06	1
CFD06_ind025	CFD06	1
CFD06_ind026	CFD06	1
CFD06_ind027	CFD06	1
CFD06_ind028	CFD06	1
CFD06_ind029	CFD06	1
CFD06_ind030	CFD06	1
CFD06_ind031	CFD06	1
CFD06_ind032	CFD06	1
CFD06_ind033	CFD06	1
CFD06_ind034	CFD06	1
CFD06_ind035	CFD06	1
CFD06_ind036	CFD06	1
CFD06_ind037	CFD06	1
CFD06_ind038	CFD06	1
CFD06_ind039	CFD06	1
CFD06_ind040	CFD06	1
CFD06_ind041	CFD06	1
CFD06_ind042	CFD06	1
CFD06_ind043	CFD06	1
CFD06_ind044	CFD06	1
CFD06_ind045	CFD06	1
CFD06_ind046	CFD06	1
CFD06_ind047	CFD06	1
CFD06_ind048	CFD06	1
CFD06_ind049	CFD06	1
CFD06_ind050	CFD06	1
CFD06_ind051	CFD06	1
CFD06_ind052	CFD06	1
CFD06_ind053	CFD06	1
CFD06_ind054	CFD06	1
CFD06_ind055	CFD06	1
CFD06_ind056	CFD06	1
CFD06_ind057	CFD06	1
CFD06_ind058	CFD06	1
CFD06_ind059	CFD06	1
CFD06_ind060	CFD06	1
CFD06_ind061	CFD06	1
CFD06_ind062	CFD06	1
CFD06_ind063	CFD06	1
CFD06_ind064	CFD06	1
CFD06_ind065	CFD06	1
CFD06_ind066	CFD06	1
CFD06_ind067	CFD06	1
CFD06_ind068	CFD06	1
CFD06_ind069	CFD06	1
CFD06_ind070	CFD06	1
CFD06_ind071	CFD06	1
CFD06_ind072	CFD06	1
CFD06_ind073	CFD06	1
CFD06_ind074	CFD06	1
CFD06_ind075	CFD06	1
CFD06_ind076	CFD06	1
CFD06_ind077	CFD06	1
CFD06_ind078	CFD06	1
CFD06_ind079	CFD06	1
CFD06_ind080	CFD06	1
CFD06_ind081	CFD06	1
CFD06_ind082	CFD06	1
CFD06_ind083	CFD06	1
CFD06_ind084	CFD06	1
CFD06_ind085	CFD06	1
CFD06_ind086	CFD06	1
CFD06_ind087	CFD06	1
CFD06_ind088	CFD06	1
CFD06_ind089	CFD06	1
CFD06_ind090	CFD06	1
CFD06_ind091	CFD06	1
CFD06_ind092	CFD06	1
CFD06_ind093	CFD06	1
CFD06_ind094	CFD06	1
CFD06_ind095	CFD06	1
CFD06_ind096	CFD06	1
CFD06_ind097	CFD06	1
CFD06_ind098	CFD06	1
CFD06_ind099	CFD06	1
CFD06_ind100	CFD06	1
CFD06_ind101	CFD06	1
CFD06_ind102	CFD06	1
CFD06_ind103	CFD06	1
CFD06_ind104	CFD06	1
CFD06_ind105	CFD06	1
CFD06_ind001	CFD06	2
CFD06_ind002	CFD06	2
CFD06_ind003	CFD06	2
CFD06_ind004	CFD06	2
CFD06_ind005	CFD06	2
CFD06_ind006	CFD06	2
CFD06_ind007	CFD06	2
CFD06_ind008	CFD06	2
CFD06_ind009	CFD06	2
CFD06_ind010	CFD06	2
CFD06_ind011	CFD06	2
CFD06_ind012	CFD06	2
CFD06_ind013	CFD06	2
CFD06_ind014	CFD06	2
CFD06_ind015	CFD06	2
CFD06_ind016	CFD06	2
CFD06_ind017	CFD06	2
CFD06_ind018	CFD06	2
CFD06_ind019	CFD06	2
CFD06_ind020	CFD06	2
CFD06_ind021	CFD06	2
CFD06_ind022	CFD06	2
CFD06_ind023	CFD06	2
CFD06_ind024	CFD06	2
CFD06_ind025	CFD06	2
CFD06_ind026	CFD06	2
CFD06_ind027	CFD06	2
CFD06_ind028	CFD06	2
CFD06_ind029	CFD06	2
CFD06_ind030	CFD06	2
CFD06_ind031	CFD06	2
CFD06_ind032	CFD06	2
CFD06_ind033	CFD06	2
CFD06_ind034	CFD06	2
CFD06_ind035	CFD06	2
CFD06_ind036	CFD06	2
CFD06_ind037	CFD06	2
CFD06_ind038	CFD06	2
CFD06_ind039	CFD06	2
CFD06_ind040	CFD06	2
CFD06_ind041	CFD06	2
CFD06_ind042	CFD06	2
CFD06_ind043	CFD06	2
CFD06_ind044	CFD06	2
CFD06_ind045	CFD06	2
CFD06_ind046	CFD06	2
CFD06_ind047	CFD06	2
CFD06_ind048	CFD06	2
CFD06_ind049	CFD06	2
CFD06_ind050	CFD06	2
CFD06_ind051	CFD06	2
CFD06_ind052	CFD06	2
CFD06_ind053	CFD06	2
CFD06_ind054	CFD06	2
CFD06_ind055	CFD06	2
CFD06_ind056	CFD06	2
CFD06_ind057	CFD06	2
CFD06_ind058	CFD06	2
CFD06_ind059	CFD06	2
CFD06_ind060	CFD06	2
CFD06_ind061	CFD06	2
CFD06_ind062	CFD06	2
CFD06_ind063	CFD06	2
CFD06_ind064	CFD06	2
CFD06_ind065	CFD06	2
CFD06_ind066	CFD06	2
CFD06_ind067	CFD06	2
CFD06_ind068	CFD06	2
CFD06_ind069	CFD06	2
CFD06_ind070	CFD06	2
CFD06_ind071	CFD06	2
CFD06_ind072	CFD06	2
CFD06_ind073	CFD06	2
CFD06_ind074	CFD06	2
CFD06_ind075	CFD06	2
CFD06_ind076	CFD06	2
CFD06_ind077	CFD06	2
CFD06_ind078	CFD06	2
CFD06_ind079	CFD06	2
CFD06_ind080	CFD06	2
CFD06_ind081	CFD06	2
CFD06_ind082	CFD06	2
CFD06_ind083	CFD06	2
CFD06_ind084	CFD06	2
CFD06_ind085	CFD06	2
CFD06_ind086	CFD06	2
CFD06_ind087	CFD06	2
CFD06_ind088	CFD06	2
CFD06_ind089	CFD06	2
CFD06_ind090	CFD06	2
CFD06_ind091	CFD06	2
CFD06_ind092	CFD06	2
CFD06_ind093	CFD06	2
CFD06_ind094	CFD06	2
CFD06_ind095	CFD06	2
CFD06_ind096	CFD06	2
CFD06_ind097	CFD06	2
CFD06_ind098	CFD06	2
CFD06_ind099	CFD06	2
CFD06_ind100	CFD06	2
CFD06_ind101	CFD06	2
CFD06_ind102	CFD06	2
CFD06_ind103	CFD06	2
CFD06_ind104	CFD06	2
CFD06_ind105	CFD06	2
CFD06_ind001	CFD06	3
CFD06_ind002	CFD06	3
CFD06_ind003	CFD06	3
CFD06_ind004	CFD06	3
CFD06_ind005	CFD06	3
CFD06_ind006	CFD06	3
CFD06_ind007	CFD06	3
CFD06_ind008	CFD06	3
CFD06_ind009	CFD06	3
CFD06_ind010	CFD06	3
CFD06_ind011	CFD06	3
CFD06_ind012	CFD06	3
CFD06_ind013	CFD06	3
CFD06_ind014	CFD06	3
CFD06_ind015	CFD06	3
CFD06_ind016	CFD06	3
CFD06_ind017	CFD06	3
CFD06_ind018	CFD06	3
CFD06_ind019	CFD06	3
CFD06_ind020	CFD06	3
CFD06_ind021	CFD06	3
CFD06_ind022	CFD06	3
CFD06_ind023	CFD06	3
CFD06_ind024	CFD06	3
CFD06_ind025	CFD06	3
CFD06_ind026	CFD06	3
CFD06_ind027	CFD06	3
CFD06_ind028	CFD06	3
CFD06_ind029	CFD06	3
CFD06_ind030	CFD06	3
CFD06_ind031	CFD06	3
CFD06_ind032	CFD06	3
CFD06_ind033	CFD06	3
CFD06_ind034	CFD06	3
CFD06_ind035	CFD06	3
CFD06_ind036	CFD06	3
CFD06_ind037	CFD06	3
CFD06_ind038	CFD06	3
CFD06_ind039	CFD06	3
CFD06_ind040	CFD06	3
CFD06_ind041	CFD06	3
CFD06_ind042	CFD06	3
CFD06_ind043	CFD06	3
CFD06_ind044	CFD06	3
CFD06_ind045	CFD06	3
CFD06_ind046	CFD06	3
CFD06_ind047	CFD06	3
CFD06_ind048	CFD06	3
CFD06_ind049	CFD06	3
CFD06_ind050	CFD06	3
CFD06_ind051	CFD06	3
CFD06_ind052	CFD06	3
CFD06_ind053	CFD06	3
CFD06_ind054	CFD06	3
CFD06_ind055	CFD06	3
CFD06_ind056	CFD06	3
CFD06_ind057	CFD06	3
CFD06_ind058	CFD06	3
CFD06_ind059	CFD06	3
CFD06_ind060	CFD06	3
CFD06_ind061	CFD06	3
CFD06_ind062	CFD06	3
CFD06_ind063	CFD06	3
CFD06_ind064	CFD06	3
CFD06_ind065	CFD06	3
CFD06_ind066	CFD06	3
CFD06_ind067	CFD06	3
CFD06_ind068	CFD06	3
CFD06_ind069	CFD06	3
CFD06_ind070	CFD06	3
CFD06_ind071	CFD06	3
CFD06_ind072	CFD06	3
CFD06_ind073	CFD06	3
CFD06_ind074	CFD06	3
CFD06_ind075	CFD06	3
CFD06_ind076	CFD06	3
CFD06_ind077	CFD06	3
CFD06_ind078	CFD06	3
CFD06_ind079	CFD06	3
CFD06_ind080	CFD06	3
CFD06_ind081	CFD06	3
CFD06_ind082	CFD06	3
CFD06_ind083	CFD06	3
CFD06_ind084	CFD06	3
CFD06_ind085	CFD06	3
CFD06_ind086	CFD06	3
CFD06_ind087	CFD06	3
CFD06_ind088	CFD06	3
CFD06_ind089	CFD06	3
CFD06_ind090	CFD06	3
CFD06_ind091	CFD06	3
CFD06_ind092	CFD06	3
CFD06_ind093	CFD06	3
CFD06_ind094	CFD06	3
CFD06_ind095	CFD06	3
CFD06_ind096	CFD06	3
CFD06_ind097	CFD06	3
CFD06_ind098	CFD06	3
CFD06_ind099	CFD06	3
CFD06_ind100	CFD06	3
CFD06_ind101	CFD06	3
CFD06_ind102	CFD06	3
CFD06_ind103	CFD06	3
CFD06_ind104	CFD06	3
CFD06_ind105	CFD06	3
CFD06_ind001	CFD06	4
CFD06_ind002	CFD06	4
CFD06_ind003	CFD06	4
CFD06_ind004	CFD06	4
CFD06_ind005	CFD06	4
CFD06_ind006	CFD06	4
CFD06_ind007	CFD06	4
CFD06_ind008	CFD06	4
CFD06_ind009	CFD06	4
CFD06_ind010	CFD06	4
CFD06_ind011	CFD06	4
CFD06_ind012	CFD06	4
CFD06_ind013	CFD06	4
CFD06_ind014	CFD06	4
CFD06_ind015	CFD06	4
CFD06_ind016	CFD06	4
CFD06_ind017	CFD06	4
CFD06_ind018	CFD06	4
CFD06_ind019	CFD06	4
CFD06_ind020	CFD06	4
CFD06_ind021	CFD06	4
CFD06_ind022	CFD06	4
CFD06_ind023	CFD06	4
CFD06_ind024	CFD06	4
CFD06_ind025	CFD06	4
CFD06_ind026	CFD06	4
CFD06_ind027	CFD06	4
CFD06_ind028	CFD06	4
CFD06_ind029	CFD06	4
CFD06_ind030	CFD06	4
CFD06_ind031	CFD06	4
CFD06_ind032	CFD06	4
CFD06_ind033	CFD06	4
CFD06_ind034	CFD06	4
CFD06_ind035	CFD06	4
CFD06_ind036	CFD06	4
CFD06_ind037	CFD06	4
CFD06_ind038	CFD06	4
CFD06_ind039	CFD06	4
CFD06_ind040	CFD06	4
CFD06_ind041	CFD06	4
CFD06_ind042	CFD06	4
CFD06_ind043	CFD06	4
CFD06_ind044	CFD06	4
CFD06_ind045	CFD06	4
CFD06_ind046	CFD06	4
CFD06_ind047	CFD06	4
CFD06_ind048	CFD06	4
CFD06_ind049	CFD06	4
CFD06_ind050	CFD06	4
CFD06_ind051	CFD06	4
CFD06_ind052	CFD06	4
CFD06_ind053	CFD06	4
CFD06_ind054	CFD06	4
CFD06_ind055	CFD06	4
CFD06_ind056	CFD06	4
CFD06_ind057	CFD06	4
CFD06_ind058	CFD06	4
CFD06_ind059	CFD06	4
CFD06_ind060	CFD06	4
CFD06_ind061	CFD06	4
CFD06_ind062	CFD06	4
CFD06_ind063	CFD06	4
CFD06_ind064	CFD06	4
CFD06_ind065	CFD06	4
CFD06_ind066	CFD06	4
CFD06_ind067	CFD06	4
CFD06_ind068	CFD06	4
CFD06_ind069	CFD06	4
CFD06_ind070	CFD06	4
CFD06_ind071	CFD06	4
CFD06_ind072	CFD06	4
CFD06_ind073	CFD06	4
CFD06_ind074	CFD06	4
CFD06_ind075	CFD06	4
CFD06_ind076	CFD06	4
CFD06_ind077	CFD06	4
CFD06_ind078	CFD06	4
CFD06_ind079	CFD06	4
CFD06_ind080	CFD06	4
CFD06_ind081	CFD06	4
CFD06_ind082	CFD06	4
CFD06_ind083	CFD06	4
CFD06_ind084	CFD06	4
CFD06_ind085	CFD06	4
CFD06_ind086	CFD06	4
CFD06_ind087	CFD06	4
CFD06_ind088	CFD06	4
CFD06_ind089	CFD06	4
CFD06_ind090	CFD06	4
CFD06_ind091	CFD06	4
CFD06_ind092	CFD06	4
CFD06_ind093	CFD06	4
CFD06_ind094	CFD06	4
CFD06_ind095	CFD06	4
CFD06_ind096	CFD06	4
CFD06_ind097	CFD06	4
CFD06_ind098	CFD06	4
CFD06_ind099	CFD06	4
CFD06_ind100	CFD06	4
CFD06_ind101	CFD06	4
CFD06_ind102	CFD06	4
CFD06_ind103	CFD06	4
CFD06_ind104	CFD06	4
CFD06_ind105	CFD06	4
CFD06_ind001	CFD06	5
CFD06_ind002	CFD06	5
CFD06_ind003	CFD06	5
CFD06_ind004	CFD06	5
CFD06_ind005	CFD06	5
CFD06_ind006	CFD06	5
CFD06_ind007	CFD06	5
CFD06_ind008	CFD06	5
CFD06_ind009	CFD06	5
CFD06_ind010	CFD06	5
CFD06_ind011	CFD06	5
CFD06_ind012	CFD06	5
CFD06_ind013	CFD06	5
CFD06_ind014	CFD06	5
CFD06_ind015	CFD06	5
CFD06_ind016	CFD06	5
CFD06_ind017	CFD06	5
CFD06_ind018	CFD06	5
CFD06_ind019	CFD06	5
CFD06_ind020	CFD06	5
CFD06_ind021	CFD06	5
CFD06_ind022	CFD06	5
CFD06_ind023	CFD06	5
CFD06_ind024	CFD06	5
CFD06_ind025	CFD06	5
CFD06_ind026	CFD06	5
CFD06_ind027	CFD06	5
CFD06_ind028	CFD06	5
CFD06_ind029	CFD06	5
CFD06_ind030	CFD06	5
CFD06_ind031	CFD06	5
CFD06_ind032	CFD06	5
CFD06_ind033	CFD06	5
CFD06_ind034	CFD06	5
CFD06_ind035	CFD06	5
CFD06_ind036	CFD06	5
CFD06_ind037	CFD06	5
CFD06_ind038	CFD06	5
CFD06_ind039	CFD06	5
CFD06_ind040	CFD06	5
CFD06_ind041	CFD06	5
CFD06_ind042	CFD06	5
CFD06_ind043	CFD06	5
CFD06_ind044	CFD06	5
CFD06_ind045	CFD06	5
CFD06_ind046	CFD06	5
CFD06_ind047	CFD06	5
CFD06_ind048	CFD06	5
CFD06_ind049	CFD06	5
CFD06_ind050	CFD06	5
CFD06_ind051	CFD06	5
CFD06_ind052	CFD06	5
CFD06_ind053	CFD06	5
CFD06_ind054	CFD06	5
CFD06_ind055	CFD06	5
CFD06_ind056	CFD06	5
CFD06_ind057	CFD06	5
CFD06_ind058	CFD06	5
CFD06_ind059	CFD06	5
CFD06_ind060	CFD06	5
CFD06_ind061	CFD06	5
CFD06_ind062	CFD06	5
CFD06_ind063	CFD06	5
CFD06_ind064	CFD06	5
CFD06_ind065	CFD06	5
CFD06_ind066	CFD06	5
CFD06_ind067	CFD06	5
CFD06_ind068	CFD06	5
CFD06_ind069	CFD06	5
CFD06_ind070	CFD06	5
CFD06_ind071	CFD06	5
CFD06_ind072	CFD06	5
CFD06_ind073	CFD06	5
CFD06_ind074	CFD06	5
CFD06_ind075	CFD06	5
CFD06_ind076	CFD06	5
CFD06_ind077	CFD06	5
CFD06_ind078	CFD06	5
CFD06_ind079	CFD06	5
CFD06_ind080	CFD06	5
CFD06_ind081	CFD06	5
CFD06_ind082	CFD06	5
CFD06_ind083	CFD06	5
CFD06_ind084	CFD06	5
CFD06_ind085	CFD06	5
CFD06_ind086	CFD06	5
CFD06_ind087	CFD06	5
CFD06_ind088	CFD06	5
CFD06_ind089	CFD06	5
CFD06_ind090	CFD06	5
CFD06_ind091	CFD06	5
CFD06_ind092	CFD06	5
CFD06_ind093	CFD06	5
CFD06_ind094	CFD06	5
CFD06_ind095	CFD06	5
CFD06_ind096	CFD06	5
CFD06_ind097	CFD06	5
CFD06_ind098	CFD06	5
CFD06_ind099	CFD06	5
CFD06_ind100	CFD06	5
CFD06_ind101	CFD06	5
CFD06_ind102	CFD06	5
CFD06_ind103	CFD06	5
CFD06_ind104	CFD06	5
CFD06_ind105	CFD06	5
CFD06_ind001	CFD06	6
CFD06_ind002	CFD06	6
CFD06_ind003	CFD06	6
CFD06_ind004	CFD06	6
CFD06_ind005	CFD06	6
CFD06_ind006	CFD06	6
CFD06_ind007	CFD06	6
CFD06_ind008	CFD06	6
CFD06_ind009	CFD06	6
CFD06_ind010	CFD06	6
CFD06_ind011	CFD06	6
CFD06_ind012	CFD06	6
CFD06_ind013	CFD06	6
CFD06_ind014	CFD06	6
CFD06_ind015	CFD06	6
CFD06_ind016	CFD06	6
CFD06_ind017	CFD06	6
CFD06_ind018	CFD06	6
CFD06_ind019	CFD06	6
CFD06_ind020	CFD06	6
CFD06_ind021	CFD06	6
CFD06_ind022	CFD06	6
CFD06_ind023	CFD06	6
CFD06_ind024	CFD06	6
CFD06_ind025	CFD06	6
CFD06_ind026	CFD06	6
CFD06_ind027	CFD06	6
CFD06_ind028	CFD06	6
CFD06_ind029	CFD06	6
CFD06_ind030	CFD06	6
CFD06_ind031	CFD06	6
CFD06_ind032	CFD06	6
CFD06_ind033	CFD06	6
CFD06_ind034	CFD06	6
CFD06_ind035	CFD06	6
CFD06_ind036	CFD06	6
CFD06_ind037	CFD06	6
CFD06_ind038	CFD06	6
CFD06_ind039	CFD06	6
CFD06_ind040	CFD06	6
CFD06_ind041	CFD06	6
CFD06_ind042	CFD06	6
CFD06_ind043	CFD06	6
CFD06_ind044	CFD06	6
CFD06_ind045	CFD06	6
CFD06_ind046	CFD06	6
CFD06_ind047	CFD06	6
CFD06_ind048	CFD06	6
CFD06_ind049	CFD06	6
CFD06_ind050	CFD06	6
CFD06_ind051	CFD06	6
CFD06_ind052	CFD06	6
CFD06_ind053	CFD06	6
CFD06_ind054	CFD06	6
CFD06_ind055	CFD06	6
CFD06_ind056	CFD06	6
CFD06_ind057	CFD06	6
CFD06_ind058	CFD06	6
CFD06_ind059	CFD06	6
CFD06_ind060	CFD06	6
CFD06_ind061	CFD06	6
CFD06_ind062	CFD06	6
CFD06_ind063	CFD06	6
CFD06_ind064	CFD06	6
CFD06_ind065	CFD06	6
CFD06_ind066	CFD06	6
CFD06_ind067	CFD06	6
CFD06_ind068	CFD06	6
CFD06_ind069	CFD06	6
CFD06_ind070	CFD06	6
CFD06_ind071	CFD06	6
CFD06_ind072	CFD06	6
CFD06_ind073	CFD06	6
CFD06_ind074	CFD06	6
CFD06_ind075	CFD06	6
CFD06_ind076	CFD06	6
CFD06_ind077	CFD06	6
CFD06_ind078	CFD06	6
CFD06_ind079	CFD06	6
CFD06_ind080	CFD06	6
CFD06_ind081	CFD06	6
CFD06_ind082	CFD06	6
CFD06_ind083	CFD06	6
CFD06_ind084	CFD06	6
CFD06_ind085	CFD06	6
CFD06_ind086	CFD06	6
CFD06_ind087	CFD06	6
CFD06_ind088	CFD06	6
CFD06_ind089	CFD06	6
CFD06_ind090	CFD06	6
CFD06_ind091	CFD06	6
CFD06_ind092	CFD06	6
CFD06_ind093	CFD06	6
CFD06_ind094	CFD06	6
CFD06_ind095	CFD06	6
CFD06_ind096	CFD06	6
CFD06_ind097	CFD06	6
CFD06_ind098	CFD06	6
CFD06_ind099	CFD06	6
CFD06_ind100	CFD06	6
CFD06_ind101	CFD06	6
CFD06_ind102	CFD06	6
CFD06_ind103	CFD06	6
CFD06_ind104	CFD06	6
CFD06_ind105	CFD06	6
CFD06_ind001	CFD06	7
CFD06_ind002	CFD06	7
CFD06_ind003	CFD06	7
CFD06_ind004	CFD06	7
CFD06_ind005	CFD06	7
CFD06_ind006	CFD06	7
CFD06_ind007	CFD06	7
CFD06_ind008	CFD06	7
CFD06_ind009	CFD06	7
CFD06_ind010	CFD06	7
CFD06_ind011	CFD06	7
CFD06_ind012	CFD06	7
CFD06_ind013	CFD06	7
CFD06_ind014	CFD06	7
CFD06_ind015	CFD06	7
CFD06_ind016	CFD06	7
CFD06_ind017	CFD06	7
CFD06_ind018	CFD06	7
CFD06_ind019	CFD06	7
CFD06_ind020	CFD06	7
CFD06_ind021	CFD06	7
CFD06_ind022	CFD06	7
CFD06_ind023	CFD06	7
CFD06_ind024	CFD06	7
CFD06_ind025	CFD06	7
CFD06_ind026	CFD06	7
CFD06_ind027	CFD06	7
CFD06_ind028	CFD06	7
CFD06_ind029	CFD06	7
CFD06_ind030	CFD06	7
CFD06_ind031	CFD06	7
CFD06_ind032	CFD06	7
CFD06_ind033	CFD06	7
CFD06_ind034	CFD06	7
CFD06_ind035	CFD06	7
CFD06_ind036	CFD06	7
CFD06_ind037	CFD06	7
CFD06_ind038	CFD06	7
CFD06_ind039	CFD06	7
CFD06_ind040	CFD06	7
CFD06_ind041	CFD06	7
CFD06_ind042	CFD06	7
CFD06_ind043	CFD06	7
CFD06_ind044	CFD06	7
CFD06_ind045	CFD06	7
CFD06_ind046	CFD06	7
CFD06_ind047	CFD06	7
CFD06_ind048	CFD06	7
CFD06_ind049	CFD06	7
CFD06_ind050	CFD06	7
CFD06_ind051	CFD06	7
CFD06_ind052	CFD06	7
CFD06_ind053	CFD06	7
CFD06_ind054	CFD06	7
CFD06_ind055	CFD06	7
CFD06_ind056	CFD06	7
CFD06_ind057	CFD06	7
CFD06_ind058	CFD06	7
CFD06_ind059	CFD06	7
CFD06_ind060	CFD06	7
CFD06_ind061	CFD06	7
CFD06_ind062	CFD06	7
CFD06_ind063	CFD06	7
CFD06_ind064	CFD06	7
CFD06_ind065	CFD06	7
CFD06_ind066	CFD06	7
CFD06_ind067	CFD06	7
CFD06_ind068	CFD06	7
CFD06_ind069	CFD06	7
CFD06_ind070	CFD06	7
CFD06_ind071	CFD06	7
CFD06_ind072	CFD06	7
CFD06_ind073	CFD06	7
CFD06_ind074	CFD06	7
CFD06_ind075	CFD06	7
CFD06_ind076	CFD06	7
CFD06_ind077	CFD06	7
CFD06_ind078	CFD06	7
CFD06_ind079	CFD06	7
CFD06_ind080	CFD06	7
CFD06_ind081	CFD06	7
CFD06_ind082	CFD06	7
CFD06_ind083	CFD06	7
CFD06_ind084	CFD06	7
CFD06_ind085	CFD06	7
CFD06_ind086	CFD06	7
CFD06_ind087	CFD06	7
CFD06_ind088	CFD06	7
CFD06_ind089	CFD06	7
CFD06_ind090	CFD06	7
CFD06_ind091	CFD06	7
CFD06_ind092	CFD06	7
CFD06_ind093	CFD06	7
CFD06_ind094	CFD06	7
CFD06_ind095	CFD06	7
CFD06_ind096	CFD06	7
CFD06_ind097	CFD06	7
CFD06_ind098	CFD06	7
CFD06_ind099	CFD06	7
CFD06_ind100	CFD06	7
CFD06_ind101	CFD06	7
CFD06_ind102	CFD06	7
CFD06_ind103	CFD06	7
CFD06_ind104	CFD06	7
CFD06_ind105	CFD06	7
CFD06_ind001	CFD06	8
CFD06_ind002	CFD06	8
CFD06_ind003	CFD06	8
CFD06_ind004	CFD06	8
CFD06_ind005	CFD06	8
CFD06_ind006	CFD06	8
CFD06_ind007	CFD06	8
CFD06_ind008	CFD06	8
CFD06_ind009	CFD06	8
CFD06_ind010	CFD06	8
CFD06_ind011	CFD06	8
CFD06_ind012	CFD06	8
CFD06_ind013	CFD06	8
CFD06_ind014	CFD06	8
CFD06_ind015	CFD06	8
CFD06_ind016	CFD06	8
CFD06_ind017	CFD06	8
CFD06_ind018	CFD06	8
CFD06_ind019	CFD06	8
CFD06_ind020	CFD06	8
CFD06_ind021	CFD06	8
CFD06_ind022	CFD06	8
CFD06_ind023	CFD06	8
CFD06_ind024	CFD06	8
CFD06_ind025	CFD06	8
CFD06_ind026	CFD06	8
CFD06_ind027	CFD06	8
CFD06_ind028	CFD06	8
CFD06_ind029	CFD06	8
CFD06_ind030	CFD06	8
CFD06_ind031	CFD06	8
CFD06_ind032	CFD06	8
CFD06_ind033	CFD06	8
CFD06_ind034	CFD06	8
CFD06_ind035	CFD06	8
CFD06_ind036	CFD06	8
CFD06_ind037	CFD06	8
CFD06_ind038	CFD06	8
CFD06_ind039	CFD06	8
CFD06_ind040	CFD06	8
CFD06_ind041	CFD06	8
CFD06_ind042	CFD06	8
CFD06_ind043	CFD06	8
CFD06_ind044	CFD06	8
CFD06_ind045	CFD06	8
CFD06_ind046	CFD06	8
CFD06_ind047	CFD06	8
CFD06_ind048	CFD06	8
CFD06_ind049	CFD06	8
CFD06_ind050	CFD06	8
CFD06_ind051	CFD06	8
CFD06_ind052	CFD06	8
CFD06_ind053	CFD06	8
CFD06_ind054	CFD06	8
CFD06_ind055	CFD06	8
CFD06_ind056	CFD06	8
CFD06_ind057	CFD06	8
CFD06_ind058	CFD06	8
CFD06_ind059	CFD06	8
CFD06_ind060	CFD06	8
CFD06_ind061	CFD06	8
CFD06_ind062	CFD06	8
CFD06_ind063	CFD06	8
CFD06_ind064	CFD06	8
CFD06_ind065	CFD06	8
CFD06_ind066	CFD06	8
CFD06_ind067	CFD06	8
CFD06_ind068	CFD06	8
CFD06_ind069	CFD06	8
CFD06_ind070	CFD06	8
CFD06_ind071	CFD06	8
CFD06_ind072	CFD06	8
CFD06_ind073	CFD06	8
CFD06_ind074	CFD06	8
CFD06_ind075	CFD06	8
CFD06_ind076	CFD06	8
CFD06_ind077	CFD06	8
CFD06_ind078	CFD06	8
CFD06_ind079	CFD06	8
CFD06_ind080	CFD06	8
CFD06_ind081	CFD06	8
CFD06_ind082	CFD06	8
CFD06_ind083	CFD06	8
CFD06_ind084	CFD06	8
CFD06_ind085	CFD06	8
CFD06_ind086	CFD06	8
CFD06_ind087	CFD06	8
CFD06_ind088	CFD06	8
CFD06_ind089	CFD06	8
CFD06_ind090	CFD06	8
CFD06_ind091	CFD06	8
CFD06_ind092	CFD06	8
CFD06_ind093	CFD06	8
CFD06_ind094	CFD06	8
CFD06_ind095	CFD06	8
CFD06_ind096	CFD06	8
CFD06_ind097	CFD06	8
CFD06_ind098	CFD06	8
CFD06_ind099	CFD06	8
CFD06_ind100	CFD06	8
CFD06_ind101	CFD06	8
CFD06_ind102	CFD06	8
CFD06_ind103	CFD06	8
CFD06_ind104	CFD06	8
CFD06_ind105	CFD06	8
CFD06_ind001	CFD06	9
CFD06_ind002	CFD06	9
CFD06_ind003	CFD06	9
CFD06_ind004	CFD06	9
CFD06_ind005	CFD06	9
CFD06_ind006	CFD06	9
CFD06_ind007	CFD06	9
CFD06_ind008	CFD06	9
CFD06_ind009	CFD06	9
CFD06_ind010	CFD06	9
CFD06_ind011	CFD06	9
CFD06_ind012	CFD06	9
CFD06_ind013	CFD06	9
CFD06_ind014	CFD06	9
CFD06_ind015	CFD06	9
CFD06_ind016	CFD06	9
CFD06_ind017	CFD06	9
CFD06_ind018	CFD06	9
CFD06_ind019	CFD06	9
CFD06_ind020	CFD06	9
CFD06_ind021	CFD06	9
CFD06_ind022	CFD06	9
CFD06_ind023	CFD06	9
CFD06_ind024	CFD06	9
CFD06_ind025	CFD06	9
CFD06_ind026	CFD06	9
CFD06_ind027	CFD06	9
CFD06_ind028	CFD06	9
CFD06_ind029	CFD06	9
CFD06_ind030	CFD06	9
CFD06_ind031	CFD06	9
CFD06_ind032	CFD06	9
CFD06_ind033	CFD06	9
CFD06_ind034	CFD06	9
CFD06_ind035	CFD06	9
CFD06_ind036	CFD06	9
CFD06_ind037	CFD06	9
CFD06_ind038	CFD06	9
CFD06_ind039	CFD06	9
CFD06_ind040	CFD06	9
CFD06_ind041	CFD06	9
CFD06_ind042	CFD06	9
CFD06_ind043	CFD06	9
CFD06_ind044	CFD06	9
CFD06_ind045	CFD06	9
CFD06_ind046	CFD06	9
CFD06_ind047	CFD06	9
CFD06_ind048	CFD06	9
CFD06_ind049	CFD06	9
CFD06_ind050	CFD06	9
CFD06_ind051	CFD06	9
CFD06_ind052	CFD06	9
CFD06_ind053	CFD06	9
CFD06_ind054	CFD06	9
CFD06_ind055	CFD06	9
CFD06_ind056	CFD06	9
CFD06_ind057	CFD06	9
CFD06_ind058	CFD06	9
CFD06_ind059	CFD06	9
CFD06_ind060	CFD06	9
CFD06_ind061	CFD06	9
CFD06_ind062	CFD06	9
CFD06_ind063	CFD06	9
CFD06_ind064	CFD06	9
CFD06_ind065	CFD06	9
CFD06_ind066	CFD06	9
CFD06_ind067	CFD06	9
CFD06_ind068	CFD06	9
CFD06_ind069	CFD06	9
CFD06_ind070	CFD06	9
CFD06_ind071	CFD06	9
CFD06_ind072	CFD06	9
CFD06_ind073	CFD06	9
CFD06_ind074	CFD06	9
CFD06_ind075	CFD06	9
CFD06_ind076	CFD06	9
CFD06_ind077	CFD06	9
CFD06_ind078	CFD06	9
CFD06_ind079	CFD06	9
CFD06_ind080	CFD06	9
CFD06_ind081	CFD06	9
CFD06_ind082	CFD06	9
CFD06_ind083	CFD06	9
CFD06_ind084	CFD06	9
CFD06_ind085	CFD06	9
CFD06_ind086	CFD06	9
CFD06_ind087	CFD06	9
CFD06_ind088	CFD06	9
CFD06_ind089	CFD06	9
CFD06_ind090	CFD06	9
CFD06_ind091	CFD06	9
CFD06_ind092	CFD06	9
CFD06_ind093	CFD06	9
CFD06_ind094	CFD06	9
CFD06_ind095	CFD06	9
CFD06_ind096	CFD06	9
CFD06_ind097	CFD06	9
CFD06_ind098	CFD06	9
CFD06_ind099	CFD06	9
CFD06_ind100	CFD06	9
CFD06_ind101	CFD06	9
CFD06_ind102	CFD06	9
CFD06_ind103	CFD06	9
CFD06_ind104	CFD06	9
CFD06_ind105	CFD06	9
CFD06_ind001	CFD06	10
CFD06_ind002	CFD06	10
CFD06_ind003	CFD06	10
CFD06_ind004	CFD06	10
CFD06_ind005	CFD06	10
CFD06_ind006	CFD06	10
CFD06_ind007	CFD06	10
CFD06_ind008	CFD06	10
CFD06_ind009	CFD06	10
CFD06_ind010	CFD06	10
CFD06_ind011	CFD06	10
CFD06_ind012	CFD06	10
CFD06_ind013	CFD06	10
CFD06_ind014	CFD06	10
CFD06_ind015	CFD06	10
CFD06_ind016	CFD06	10
CFD06_ind017	CFD06	10
CFD06_ind018	CFD06	10
CFD06_ind019	CFD06	10
CFD06_ind020	CFD06	10
CFD06_ind021	CFD06	10
CFD06_ind022	CFD06	10
CFD06_ind023	CFD06	10
CFD06_ind024	CFD06	10
CFD06_ind025	CFD06	10
CFD06_ind026	CFD06	10
CFD06_ind027	CFD06	10
CFD06_ind028	CFD06	10
CFD06_ind029	CFD06	10
CFD06_ind030	CFD06	10
CFD06_ind031	CFD06	10
CFD06_ind032	CFD06	10
CFD06_ind033	CFD06	10
CFD06_ind034	CFD06	10
CFD06_ind035	CFD06	10
CFD06_ind036	CFD06	10
CFD06_ind037	CFD06	10
CFD06_ind038	CFD06	10
CFD06_ind039	CFD06	10
CFD06_ind040	CFD06	10
CFD06_ind041	CFD06	10
CFD06_ind042	CFD06	10
CFD06_ind043	CFD06	10
CFD06_ind044	CFD06	10
CFD06_ind045	CFD06	10
CFD06_ind046	CFD06	10
CFD06_ind047	CFD06	10
CFD06_ind048	CFD06	10
CFD06_ind049	CFD06	10
CFD06_ind050	CFD06	10
CFD06_ind051	CFD06	10
CFD06_ind052	CFD06	10
CFD06_ind053	CFD06	10
CFD06_ind054	CFD06	10
CFD06_ind055	CFD06	10
CFD06_ind056	CFD06	10
CFD06_ind057	CFD06	10
CFD06_ind058	CFD06	10
CFD06_ind059	CFD06	10
CFD06_ind060	CFD06	10
CFD06_ind061	CFD06	10
CFD06_ind062	CFD06	10
CFD06_ind063	CFD06	10
CFD06_ind064	CFD06	10
CFD06_ind065	CFD06	10
CFD06_ind066	CFD06	10
CFD06_ind067	CFD06	10
CFD06_ind068	CFD06	10
CFD06_ind069	CFD06	10
CFD06_ind070	CFD06	10
CFD06_ind071	CFD06	10
CFD06_ind072	CFD06	10
CFD06_ind073	CFD06	10
CFD06_ind074	CFD06	10
CFD06_ind075	CFD06	10
CFD06_ind076	CFD06	10
CFD06_ind077	CFD06	10
CFD06_ind078	CFD06	10
CFD06_ind079	CFD06	10
CFD06_ind080	CFD06	10
CFD06_ind081	CFD06	10
CFD06_ind082	CFD06	10
CFD06_ind083	CFD06	10
CFD06_ind084	CFD06	10
CFD06_ind085	CFD06	10
CFD06_ind086	CFD06	10
CFD06_ind087	CFD06	10
CFD06_ind088	CFD06	10
CFD06_ind089	CFD06	10
CFD06_ind090	CFD06	10
CFD06_ind091	CFD06	10
CFD06_ind092	CFD06	10
CFD06_ind093	CFD06	10
CFD06_ind094	CFD06	10
CFD06_ind095	CFD06	10
CFD06_ind096	CFD06	10
CFD06_ind097	CFD06	10
CFD06_ind098	CFD06	10
CFD06_ind099	CFD06	10
CFD06_ind100	CFD06	10
CFD06_ind101	CFD06	10
CFD06_ind102	CFD06	10
CFD06_ind103	CFD06	10
CFD06_ind104	CFD06	10
CFD06_ind105	CFD06	10
CFD07_ind001	CFD07	1
CFD07_ind002	CFD07	1
CFD07_ind003	CFD07	1
CFD07_ind004	CFD07	1
CFD07_ind005	CFD07	1
CFD07_ind006	CFD07	1
CFD07_ind007	CFD07	1
CFD07_ind008	CFD07	1
CFD07_ind009	CFD07	1
CFD07_ind010	CFD07	1
CFD07_ind011	CFD07	1
CFD07_ind012	CFD07	1
CFD07_ind013	CFD07	1
CFD07_ind014	CFD07	1
CFD07_ind015	CFD07	1
CFD07_ind016	CFD07	1
CFD07_ind017	CFD07	1
CFD07_ind018	CFD07	1
CFD07_ind019	CFD07	1
CFD07_ind020	CFD07	1
CFD07_ind021	CFD07	1
CFD07_ind022	CFD07	1
CFD07_ind023	CFD07	1
CFD07_ind024	CFD07	1
CFD07_ind025	CFD07	1
CFD07_ind026	CFD07	1
CFD07_ind027	CFD07	1
CFD07_ind028	CFD07	1
CFD07_ind029	CFD07	1
CFD07_ind030	CFD07	1
CFD07_ind031	CFD07	1
CFD07_ind032	CFD07	1
CFD07_ind033	CFD07	1
CFD07_ind034	CFD07	1
CFD07_ind035	CFD07	1
CFD07_ind036	CFD07	1
CFD07_ind037	CFD07	1
CFD07_ind038	CFD07	1
CFD07_ind039	CFD07	1
CFD07_ind040	CFD07	1
CFD07_ind041	CFD07	1
CFD07_ind042	CFD07	1
CFD07_ind043	CFD07	1
CFD07_ind044	CFD07	1
CFD07_ind045	CFD07	1
CFD07_ind046	CFD07	1
CFD07_ind047	CFD07	1
CFD07_ind048	CFD07	1
CFD07_ind049	CFD07	1
CFD07_ind050	CFD07	1
CFD07_ind051	CFD07	1
CFD07_ind052	CFD07	1
CFD07_ind053	CFD07	1
CFD07_ind054	CFD07	1
CFD07_ind055	CFD07	1
CFD07_ind056	CFD07	1
CFD07_ind057	CFD07	1
CFD07_ind058	CFD07	1
CFD07_ind059	CFD07	1
CFD07_ind060	CFD07	1
CFD07_ind061	CFD07	1
CFD07_ind062	CFD07	1
CFD07_ind063	CFD07	1
CFD07_ind064	CFD07	1
CFD07_ind065	CFD07	1
CFD07_ind066	CFD07	1
CFD07_ind067	CFD07	1
CFD07_ind068	CFD07	1
CFD07_ind069	CFD07	1
CFD07_ind070	CFD07	1
CFD07_ind071	CFD07	1
CFD07_ind072	CFD07	1
CFD07_ind073	CFD07	1
CFD07_ind074	CFD07	1
CFD07_ind075	CFD07	1
CFD07_ind076	CFD07	1
CFD07_ind077	CFD07	1
CFD07_ind078	CFD07	1
CFD07_ind079	CFD07	1
CFD07_ind080	CFD07	1
CFD07_ind081	CFD07	1
CFD07_ind082	CFD07	1
CFD07_ind083	CFD07	1
CFD07_ind084	CFD07	1
CFD07_ind085	CFD07	1
CFD07_ind086	CFD07	1
CFD07_ind087	CFD07	1
CFD07_ind088	CFD07	1
CFD07_ind089	CFD07	1
CFD07_ind090	CFD07	1
CFD07_ind091	CFD07	1
CFD07_ind092	CFD07	1
CFD07_ind093	CFD07	1
CFD07_ind094	CFD07	1
CFD07_ind095	CFD07	1
CFD07_ind096	CFD07	1
CFD07_ind097	CFD07	1
CFD07_ind098	CFD07	1
CFD07_ind099	CFD07	1
CFD07_ind100	CFD07	1
CFD07_ind101	CFD07	1
CFD07_ind102	CFD07	1
CFD07_ind103	CFD07	1
CFD07_ind104	CFD07	1
CFD07_ind105	CFD07	1
CFD07_ind106	CFD07	1
CFD07_ind107	CFD07	1
CFD07_ind108	CFD07	1
CFD07_ind001	CFD07	2
CFD07_ind002	CFD07	2
CFD07_ind003	CFD07	2
CFD07_ind004	CFD07	2
CFD07_ind005	CFD07	2
CFD07_ind006	CFD07	2
CFD07_ind007	CFD07	2
CFD07_ind008	CFD07	2
CFD07_ind009	CFD07	2
CFD07_ind010	CFD07	2
CFD07_ind011	CFD07	2
CFD07_ind012	CFD07	2
CFD07_ind013	CFD07	2
CFD07_ind014	CFD07	2
CFD07_ind015	CFD07	2
CFD07_ind016	CFD07	2
CFD07_ind017	CFD07	2
CFD07_ind018	CFD07	2
CFD07_ind019	CFD07	2
CFD07_ind020	CFD07	2
CFD07_ind021	CFD07	2
CFD07_ind022	CFD07	2
CFD07_ind023	CFD07	2
CFD07_ind024	CFD07	2
CFD07_ind025	CFD07	2
CFD07_ind026	CFD07	2
CFD07_ind027	CFD07	2
CFD07_ind028	CFD07	2
CFD07_ind029	CFD07	2
CFD07_ind030	CFD07	2
CFD07_ind031	CFD07	2
CFD07_ind032	CFD07	2
CFD07_ind033	CFD07	2
CFD07_ind034	CFD07	2
CFD07_ind035	CFD07	2
CFD07_ind036	CFD07	2
CFD07_ind037	CFD07	2
CFD07_ind038	CFD07	2
CFD07_ind039	CFD07	2
CFD07_ind040	CFD07	2
CFD07_ind041	CFD07	2
CFD07_ind042	CFD07	2
CFD07_ind043	CFD07	2
CFD07_ind044	CFD07	2
CFD07_ind045	CFD07	2
CFD07_ind046	CFD07	2
CFD07_ind047	CFD07	2
CFD07_ind048	CFD07	2
CFD07_ind049	CFD07	2
CFD07_ind050	CFD07	2
CFD07_ind051	CFD07	2
CFD07_ind052	CFD07	2
CFD07_ind053	CFD07	2
CFD07_ind054	CFD07	2
CFD07_ind055	CFD07	2
CFD07_ind056	CFD07	2
CFD07_ind057	CFD07	2
CFD07_ind058	CFD07	2
CFD07_ind059	CFD07	2
CFD07_ind060	CFD07	2
CFD07_ind061	CFD07	2
CFD07_ind062	CFD07	2
CFD07_ind063	CFD07	2
CFD07_ind064	CFD07	2
CFD07_ind065	CFD07	2
CFD07_ind066	CFD07	2
CFD07_ind067	CFD07	2
CFD07_ind068	CFD07	2
CFD07_ind069	CFD07	2
CFD07_ind070	CFD07	2
CFD07_ind071	CFD07	2
CFD07_ind072	CFD07	2
CFD07_ind073	CFD07	2
CFD07_ind074	CFD07	2
CFD07_ind075	CFD07	2
CFD07_ind076	CFD07	2
CFD07_ind077	CFD07	2
CFD07_ind078	CFD07	2
CFD07_ind079	CFD07	2
CFD07_ind080	CFD07	2
CFD07_ind081	CFD07	2
CFD07_ind082	CFD07	2
CFD07_ind083	CFD07	2
CFD07_ind084	CFD07	2
CFD07_ind085	CFD07	2
CFD07_ind086	CFD07	2
CFD07_ind087	CFD07	2
CFD07_ind088	CFD07	2
CFD07_ind089	CFD07	2
CFD07_ind090	CFD07	2
CFD07_ind091	CFD07	2
CFD07_ind092	CFD07	2
CFD07_ind093	CFD07	2
CFD07_ind094	CFD07	2
CFD07_ind095	CFD07	2
CFD07_ind096	CFD07	2
CFD07_ind097	CFD07	2
CFD07_ind098	CFD07	2
CFD07_ind099	CFD07	2
CFD07_ind100	CFD07	2
CFD07_ind101	CFD07	2
CFD07_ind102	CFD07	2
CFD07_ind103	CFD07	2
CFD07_ind104	CFD07	2
CFD07_ind105	CFD07	2
CFD07_ind106	CFD07	2
CFD07_ind107	CFD07	2
CFD07_ind108	CFD07	2
CFD07_ind001	CFD07	3
CFD07_ind002	CFD07	3
CFD07_ind003	CFD07	3
CFD07_ind004	CFD07	3
CFD07_ind005	CFD07	3
CFD07_ind006	CFD07	3
CFD07_ind007	CFD07	3
CFD07_ind008	CFD07	3
CFD07_ind009	CFD07	3
CFD07_ind010	CFD07	3
CFD07_ind011	CFD07	3
CFD07_ind012	CFD07	3
CFD07_ind013	CFD07	3
CFD07_ind014	CFD07	3
CFD07_ind015	CFD07	3
CFD07_ind016	CFD07	3
CFD07_ind017	CFD07	3
CFD07_ind018	CFD07	3
CFD07_ind019	CFD07	3
CFD07_ind020	CFD07	3
CFD07_ind021	CFD07	3
CFD07_ind022	CFD07	3
CFD07_ind023	CFD07	3
CFD07_ind024	CFD07	3
CFD07_ind025	CFD07	3
CFD07_ind026	CFD07	3
CFD07_ind027	CFD07	3
CFD07_ind028	CFD07	3
CFD07_ind029	CFD07	3
CFD07_ind030	CFD07	3
CFD07_ind031	CFD07	3
CFD07_ind032	CFD07	3
CFD07_ind033	CFD07	3
CFD07_ind034	CFD07	3
CFD07_ind035	CFD07	3
CFD07_ind036	CFD07	3
CFD07_ind037	CFD07	3
CFD07_ind038	CFD07	3
CFD07_ind039	CFD07	3
CFD07_ind040	CFD07	3
CFD07_ind041	CFD07	3
CFD07_ind042	CFD07	3
CFD07_ind043	CFD07	3
CFD07_ind044	CFD07	3
CFD07_ind045	CFD07	3
CFD07_ind046	CFD07	3
CFD07_ind047	CFD07	3
CFD07_ind048	CFD07	3
CFD07_ind049	CFD07	3
CFD07_ind050	CFD07	3
CFD07_ind051	CFD07	3
CFD07_ind052	CFD07	3
CFD07_ind053	CFD07	3
CFD07_ind054	CFD07	3
CFD07_ind055	CFD07	3
CFD07_ind056	CFD07	3
CFD07_ind057	CFD07	3
CFD07_ind058	CFD07	3
CFD07_ind059	CFD07	3
CFD07_ind060	CFD07	3
CFD07_ind061	CFD07	3
CFD07_ind062	CFD07	3
CFD07_ind063	CFD07	3
CFD07_ind064	CFD07	3
CFD07_ind065	CFD07	3
CFD07_ind066	CFD07	3
CFD07_ind067	CFD07	3
CFD07_ind068	CFD07	3
CFD07_ind069	CFD07	3
CFD07_ind070	CFD07	3
CFD07_ind071	CFD07	3
CFD07_ind072	CFD07	3
CFD07_ind073	CFD07	3
CFD07_ind074	CFD07	3
CFD07_ind075	CFD07	3
CFD07_ind076	CFD07	3
CFD07_ind077	CFD07	3
CFD07_ind078	CFD07	3
CFD07_ind079	CFD07	3
CFD07_ind080	CFD07	3
CFD07_ind081	CFD07	3
CFD07_ind082	CFD07	3
CFD07_ind083	CFD07	3
CFD07_ind084	CFD07	3
CFD07_ind085	CFD07	3
CFD07_ind086	CFD07	3
CFD07_ind087	CFD07	3
CFD07_ind088	CFD07	3
CFD07_ind089	CFD07	3
CFD07_ind090	CFD07	3
CFD07_ind091	CFD07	3
CFD07_ind092	CFD07	3
CFD07_ind093	CFD07	3
CFD07_ind094	CFD07	3
CFD07_ind095	CFD07	3
CFD07_ind096	CFD07	3
CFD07_ind097	CFD07	3
CFD07_ind098	CFD07	3
CFD07_ind099	CFD07	3
CFD07_ind100	CFD07	3
CFD07_ind101	CFD07	3
CFD07_ind102	CFD07	3
CFD07_ind103	CFD07	3
CFD07_ind104	CFD07	3
CFD07_ind105	CFD07	3
CFD07_ind106	CFD07	3
CFD07_ind107	CFD07	3
CFD07_ind108	CFD07	3
CFD07_ind001	CFD07	4
CFD07_ind002	CFD07	4
CFD07_ind003	CFD07	4
CFD07_ind004	CFD07	4
CFD07_ind005	CFD07	4
CFD07_ind006	CFD07	4
CFD07_ind007	CFD07	4
CFD07_ind008	CFD07	4
CFD07_ind009	CFD07	4
CFD07_ind010	CFD07	4
CFD07_ind011	CFD07	4
CFD07_ind012	CFD07	4
CFD07_ind013	CFD07	4
CFD07_ind014	CFD07	4
CFD07_ind015	CFD07	4
CFD07_ind016	CFD07	4
CFD07_ind017	CFD07	4
CFD07_ind018	CFD07	4
CFD07_ind019	CFD07	4
CFD07_ind020	CFD07	4
CFD07_ind021	CFD07	4
CFD07_ind022	CFD07	4
CFD07_ind023	CFD07	4
CFD07_ind024	CFD07	4
CFD07_ind025	CFD07	4
CFD07_ind026	CFD07	4
CFD07_ind027	CFD07	4
CFD07_ind028	CFD07	4
CFD07_ind029	CFD07	4
CFD07_ind030	CFD07	4
CFD07_ind031	CFD07	4
CFD07_ind032	CFD07	4
CFD07_ind033	CFD07	4
CFD07_ind034	CFD07	4
CFD07_ind035	CFD07	4
CFD07_ind036	CFD07	4
CFD07_ind037	CFD07	4
CFD07_ind038	CFD07	4
CFD07_ind039	CFD07	4
CFD07_ind040	CFD07	4
CFD07_ind041	CFD07	4
CFD07_ind042	CFD07	4
CFD07_ind043	CFD07	4
CFD07_ind044	CFD07	4
CFD07_ind045	CFD07	4
CFD07_ind046	CFD07	4
CFD07_ind047	CFD07	4
CFD07_ind048	CFD07	4
CFD07_ind049	CFD07	4
CFD07_ind050	CFD07	4
CFD07_ind051	CFD07	4
CFD07_ind052	CFD07	4
CFD07_ind053	CFD07	4
CFD07_ind054	CFD07	4
CFD07_ind055	CFD07	4
CFD07_ind056	CFD07	4
CFD07_ind057	CFD07	4
CFD07_ind058	CFD07	4
CFD07_ind059	CFD07	4
CFD07_ind060	CFD07	4
CFD07_ind061	CFD07	4
CFD07_ind062	CFD07	4
CFD07_ind063	CFD07	4
CFD07_ind064	CFD07	4
CFD07_ind065	CFD07	4
CFD07_ind066	CFD07	4
CFD07_ind067	CFD07	4
CFD07_ind068	CFD07	4
CFD07_ind069	CFD07	4
CFD07_ind070	CFD07	4
CFD07_ind071	CFD07	4
CFD07_ind072	CFD07	4
CFD07_ind073	CFD07	4
CFD07_ind074	CFD07	4
CFD07_ind075	CFD07	4
CFD07_ind076	CFD07	4
CFD07_ind077	CFD07	4
CFD07_ind078	CFD07	4
CFD07_ind079	CFD07	4
CFD07_ind080	CFD07	4
CFD07_ind081	CFD07	4
CFD07_ind082	CFD07	4
CFD07_ind083	CFD07	4
CFD07_ind084	CFD07	4
CFD07_ind085	CFD07	4
CFD07_ind086	CFD07	4
CFD07_ind087	CFD07	4
CFD07_ind088	CFD07	4
CFD07_ind089	CFD07	4
CFD07_ind090	CFD07	4
CFD07_ind091	CFD07	4
CFD07_ind092	CFD07	4
CFD07_ind093	CFD07	4
CFD07_ind094	CFD07	4
CFD07_ind095	CFD07	4
CFD07_ind096	CFD07	4
CFD07_ind097	CFD07	4
CFD07_ind098	CFD07	4
CFD07_ind099	CFD07	4
CFD07_ind100	CFD07	4
CFD07_ind101	CFD07	4
CFD07_ind102	CFD07	4
CFD07_ind103	CFD07	4
CFD07_ind104	CFD07	4
CFD07_ind105	CFD07	4
CFD07_ind106	CFD07	4
CFD07_ind107	CFD07	4
CFD07_ind108	CFD07	4
CFD07_ind001	CFD07	5
CFD07_ind002	CFD07	5
CFD07_ind003	CFD07	5
CFD07_ind004	CFD07	5
CFD07_ind005	CFD07	5
CFD07_ind006	CFD07	5
CFD07_ind007	CFD07	5
CFD07_ind008	CFD07	5
CFD07_ind009	CFD07	5
CFD07_ind010	CFD07	5
CFD07_ind011	CFD07	5
CFD07_ind012	CFD07	5
CFD07_ind013	CFD07	5
CFD07_ind014	CFD07	5
CFD07_ind015	CFD07	5
CFD07_ind016	CFD07	5
CFD07_ind017	CFD07	5
CFD07_ind018	CFD07	5
CFD07_ind019	CFD07	5
CFD07_ind020	CFD07	5
CFD07_ind021	CFD07	5
CFD07_ind022	CFD07	5
CFD07_ind023	CFD07	5
CFD07_ind024	CFD07	5
CFD07_ind025	CFD07	5
CFD07_ind026	CFD07	5
CFD07_ind027	CFD07	5
CFD07_ind028	CFD07	5
CFD07_ind029	CFD07	5
CFD07_ind030	CFD07	5
CFD07_ind031	CFD07	5
CFD07_ind032	CFD07	5
CFD07_ind033	CFD07	5
CFD07_ind034	CFD07	5
CFD07_ind035	CFD07	5
CFD07_ind036	CFD07	5
CFD07_ind037	CFD07	5
CFD07_ind038	CFD07	5
CFD07_ind039	CFD07	5
CFD07_ind040	CFD07	5
CFD07_ind041	CFD07	5
CFD07_ind042	CFD07	5
CFD07_ind043	CFD07	5
CFD07_ind044	CFD07	5
CFD07_ind045	CFD07	5
CFD07_ind046	CFD07	5
CFD07_ind047	CFD07	5
CFD07_ind048	CFD07	5
CFD07_ind049	CFD07	5
CFD07_ind050	CFD07	5
CFD07_ind051	CFD07	5
CFD07_ind052	CFD07	5
CFD07_ind053	CFD07	5
CFD07_ind054	CFD07	5
CFD07_ind055	CFD07	5
CFD07_ind056	CFD07	5
CFD07_ind057	CFD07	5
CFD07_ind058	CFD07	5
CFD07_ind059	CFD07	5
CFD07_ind060	CFD07	5
CFD07_ind061	CFD07	5
CFD07_ind062	CFD07	5
CFD07_ind063	CFD07	5
CFD07_ind064	CFD07	5
CFD07_ind065	CFD07	5
CFD07_ind066	CFD07	5
CFD07_ind067	CFD07	5
CFD07_ind068	CFD07	5
CFD07_ind069	CFD07	5
CFD07_ind070	CFD07	5
CFD07_ind071	CFD07	5
CFD07_ind072	CFD07	5
CFD07_ind073	CFD07	5
CFD07_ind074	CFD07	5
CFD07_ind075	CFD07	5
CFD07_ind076	CFD07	5
CFD07_ind077	CFD07	5
CFD07_ind078	CFD07	5
CFD07_ind079	CFD07	5
CFD07_ind080	CFD07	5
CFD07_ind081	CFD07	5
CFD07_ind082	CFD07	5
CFD07_ind083	CFD07	5
CFD07_ind084	CFD07	5
CFD07_ind085	CFD07	5
CFD07_ind086	CFD07	5
CFD07_ind087	CFD07	5
CFD07_ind088	CFD07	5
CFD07_ind089	CFD07	5
CFD07_ind090	CFD07	5
CFD07_ind091	CFD07	5
CFD07_ind092	CFD07	5
CFD07_ind093	CFD07	5
CFD07_ind094	CFD07	5
CFD07_ind095	CFD07	5
CFD07_ind096	CFD07	5
CFD07_ind097	CFD07	5
CFD07_ind098	CFD07	5
CFD07_ind099	CFD07	5
CFD07_ind100	CFD07	5
CFD07_ind101	CFD07	5
CFD07_ind102	CFD07	5
CFD07_ind103	CFD07	5
CFD07_ind104	CFD07	5
CFD07_ind105	CFD07	5
CFD07_ind106	CFD07	5
CFD07_ind107	CFD07	5
CFD07_ind108	CFD07	5
CFD07_ind001	CFD07	6
CFD07_ind002	CFD07	6
CFD07_ind003	CFD07	6
CFD07_ind004	CFD07	6
CFD07_ind005	CFD07	6
CFD07_ind006	CFD07	6
CFD07_ind007	CFD07	6
CFD07_ind008	CFD07	6
CFD07_ind009	CFD07	6
CFD07_ind010	CFD07	6
CFD07_ind011	CFD07	6
CFD07_ind012	CFD07	6
CFD07_ind013	CFD07	6
CFD07_ind014	CFD07	6
CFD07_ind015	CFD07	6
CFD07_ind016	CFD07	6
CFD07_ind017	CFD07	6
CFD07_ind018	CFD07	6
CFD07_ind019	CFD07	6
CFD07_ind020	CFD07	6
CFD07_ind021	CFD07	6
CFD07_ind022	CFD07	6
CFD07_ind023	CFD07	6
CFD07_ind024	CFD07	6
CFD07_ind025	CFD07	6
CFD07_ind026	CFD07	6
CFD07_ind027	CFD07	6
CFD07_ind028	CFD07	6
CFD07_ind029	CFD07	6
CFD07_ind030	CFD07	6
CFD07_ind031	CFD07	6
CFD07_ind032	CFD07	6
CFD07_ind033	CFD07	6
CFD07_ind034	CFD07	6
CFD07_ind035	CFD07	6
CFD07_ind036	CFD07	6
CFD07_ind037	CFD07	6
CFD07_ind038	CFD07	6
CFD07_ind039	CFD07	6
CFD07_ind040	CFD07	6
CFD07_ind041	CFD07	6
CFD07_ind042	CFD07	6
CFD07_ind043	CFD07	6
CFD07_ind044	CFD07	6
CFD07_ind045	CFD07	6
CFD07_ind046	CFD07	6
CFD07_ind047	CFD07	6
CFD07_ind048	CFD07	6
CFD07_ind049	CFD07	6
CFD07_ind050	CFD07	6
CFD07_ind051	CFD07	6
CFD07_ind052	CFD07	6
CFD07_ind053	CFD07	6
CFD07_ind054	CFD07	6
CFD07_ind055	CFD07	6
CFD07_ind056	CFD07	6
CFD07_ind057	CFD07	6
CFD07_ind058	CFD07	6
CFD07_ind059	CFD07	6
CFD07_ind060	CFD07	6
CFD07_ind061	CFD07	6
CFD07_ind062	CFD07	6
CFD07_ind063	CFD07	6
CFD07_ind064	CFD07	6
CFD07_ind065	CFD07	6
CFD07_ind066	CFD07	6
CFD07_ind067	CFD07	6
CFD07_ind068	CFD07	6
CFD07_ind069	CFD07	6
CFD07_ind070	CFD07	6
CFD07_ind071	CFD07	6
CFD07_ind072	CFD07	6
CFD07_ind073	CFD07	6
CFD07_ind074	CFD07	6
CFD07_ind075	CFD07	6
CFD07_ind076	CFD07	6
CFD07_ind077	CFD07	6
CFD07_ind078	CFD07	6
CFD07_ind079	CFD07	6
CFD07_ind080	CFD07	6
CFD07_ind081	CFD07	6
CFD07_ind082	CFD07	6
CFD07_ind083	CFD07	6
CFD07_ind084	CFD07	6
CFD07_ind085	CFD07	6
CFD07_ind086	CFD07	6
CFD07_ind087	CFD07	6
CFD07_ind088	CFD07	6
CFD07_ind089	CFD07	6
CFD07_ind090	CFD07	6
CFD07_ind091	CFD07	6
CFD07_ind092	CFD07	6
CFD07_ind093	CFD07	6
CFD07_ind094	CFD07	6
CFD07_ind095	CFD07	6
CFD07_ind096	CFD07	6
CFD07_ind097	CFD07	6
CFD07_ind098	CFD07	6
CFD07_ind099	CFD07	6
CFD07_ind100	CFD07	6
CFD07_ind101	CFD07	6
CFD07_ind102	CFD07	6
CFD07_ind103	CFD07	6
CFD07_ind104	CFD07	6
CFD07_ind105	CFD07	6
CFD07_ind106	CFD07	6
CFD07_ind107	CFD07	6
CFD07_ind108	CFD07	6
CFD07_ind001	CFD07	7
CFD07_ind002	CFD07	7
CFD07_ind003	CFD07	7
CFD07_ind004	CFD07	7
CFD07_ind005	CFD07	7
CFD07_ind006	CFD07	7
CFD07_ind007	CFD07	7
CFD07_ind008	CFD07	7
CFD07_ind009	CFD07	7
CFD07_ind010	CFD07	7
CFD07_ind011	CFD07	7
CFD07_ind012	CFD07	7
CFD07_ind013	CFD07	7
CFD07_ind014	CFD07	7
CFD07_ind015	CFD07	7
CFD07_ind016	CFD07	7
CFD07_ind017	CFD07	7
CFD07_ind018	CFD07	7
CFD07_ind019	CFD07	7
CFD07_ind020	CFD07	7
CFD07_ind021	CFD07	7
CFD07_ind022	CFD07	7
CFD07_ind023	CFD07	7
CFD07_ind024	CFD07	7
CFD07_ind025	CFD07	7
CFD07_ind026	CFD07	7
CFD07_ind027	CFD07	7
CFD07_ind028	CFD07	7
CFD07_ind029	CFD07	7
CFD07_ind030	CFD07	7
CFD07_ind031	CFD07	7
CFD07_ind032	CFD07	7
CFD07_ind033	CFD07	7
CFD07_ind034	CFD07	7
CFD07_ind035	CFD07	7
CFD07_ind036	CFD07	7
CFD07_ind037	CFD07	7
CFD07_ind038	CFD07	7
CFD07_ind039	CFD07	7
CFD07_ind040	CFD07	7
CFD07_ind041	CFD07	7
CFD07_ind042	CFD07	7
CFD07_ind043	CFD07	7
CFD07_ind044	CFD07	7
CFD07_ind045	CFD07	7
CFD07_ind046	CFD07	7
CFD07_ind047	CFD07	7
CFD07_ind048	CFD07	7
CFD07_ind049	CFD07	7
CFD07_ind050	CFD07	7
CFD07_ind051	CFD07	7
CFD07_ind052	CFD07	7
CFD07_ind053	CFD07	7
CFD07_ind054	CFD07	7
CFD07_ind055	CFD07	7
CFD07_ind056	CFD07	7
CFD07_ind057	CFD07	7
CFD07_ind058	CFD07	7
CFD07_ind059	CFD07	7
CFD07_ind060	CFD07	7
CFD07_ind061	CFD07	7
CFD07_ind062	CFD07	7
CFD07_ind063	CFD07	7
CFD07_ind064	CFD07	7
CFD07_ind065	CFD07	7
CFD07_ind066	CFD07	7
CFD07_ind067	CFD07	7
CFD07_ind068	CFD07	7
CFD07_ind069	CFD07	7
CFD07_ind070	CFD07	7
CFD07_ind071	CFD07	7
CFD07_ind072	CFD07	7
CFD07_ind073	CFD07	7
CFD07_ind074	CFD07	7
CFD07_ind075	CFD07	7
CFD07_ind076	CFD07	7
CFD07_ind077	CFD07	7
CFD07_ind078	CFD07	7
CFD07_ind079	CFD07	7
CFD07_ind080	CFD07	7
CFD07_ind081	CFD07	7
CFD07_ind082	CFD07	7
CFD07_ind083	CFD07	7
CFD07_ind084	CFD07	7
CFD07_ind085	CFD07	7
CFD07_ind086	CFD07	7
CFD07_ind087	CFD07	7
CFD07_ind088	CFD07	7
CFD07_ind089	CFD07	7
CFD07_ind090	CFD07	7
CFD07_ind091	CFD07	7
CFD07_ind092	CFD07	7
CFD07_ind093	CFD07	7
CFD07_ind094	CFD07	7
CFD07_ind095	CFD07	7
CFD07_ind096	CFD07	7
CFD07_ind097	CFD07	7
CFD07_ind098	CFD07	7
CFD07_ind099	CFD07	7
CFD07_ind100	CFD07	7
CFD07_ind101	CFD07	7
CFD07_ind102	CFD07	7
CFD07_ind103	CFD07	7
CFD07_ind104	CFD07	7
CFD07_ind105	CFD07	7
CFD07_ind106	CFD07	7
CFD07_ind107	CFD07	7
CFD07_ind108	CFD07	7
CFD07_ind001	CFD07	8
CFD07_ind002	CFD07	8
CFD07_ind003	CFD07	8
CFD07_ind004	CFD07	8
CFD07_ind005	CFD07	8
CFD07_ind006	CFD07	8
CFD07_ind007	CFD07	8
CFD07_ind008	CFD07	8
CFD07_ind009	CFD07	8
CFD07_ind010	CFD07	8
CFD07_ind011	CFD07	8
CFD07_ind012	CFD07	8
CFD07_ind013	CFD07	8
CFD07_ind014	CFD07	8
CFD07_ind015	CFD07	8
CFD07_ind016	CFD07	8
CFD07_ind017	CFD07	8
CFD07_ind018	CFD07	8
CFD07_ind019	CFD07	8
CFD07_ind020	CFD07	8
CFD07_ind021	CFD07	8
CFD07_ind022	CFD07	8
CFD07_ind023	CFD07	8
CFD07_ind024	CFD07	8
CFD07_ind025	CFD07	8
CFD07_ind026	CFD07	8
CFD07_ind027	CFD07	8
CFD07_ind028	CFD07	8
CFD07_ind029	CFD07	8
CFD07_ind030	CFD07	8
CFD07_ind031	CFD07	8
CFD07_ind032	CFD07	8
CFD07_ind033	CFD07	8
CFD07_ind034	CFD07	8
CFD07_ind035	CFD07	8
CFD07_ind036	CFD07	8
CFD07_ind037	CFD07	8
CFD07_ind038	CFD07	8
CFD07_ind039	CFD07	8
CFD07_ind040	CFD07	8
CFD07_ind041	CFD07	8
CFD07_ind042	CFD07	8
CFD07_ind043	CFD07	8
CFD07_ind044	CFD07	8
CFD07_ind045	CFD07	8
CFD07_ind046	CFD07	8
CFD07_ind047	CFD07	8
CFD07_ind048	CFD07	8
CFD07_ind049	CFD07	8
CFD07_ind050	CFD07	8
CFD07_ind051	CFD07	8
CFD07_ind052	CFD07	8
CFD07_ind053	CFD07	8
CFD07_ind054	CFD07	8
CFD07_ind055	CFD07	8
CFD07_ind056	CFD07	8
CFD07_ind057	CFD07	8
CFD07_ind058	CFD07	8
CFD07_ind059	CFD07	8
CFD07_ind060	CFD07	8
CFD07_ind061	CFD07	8
CFD07_ind062	CFD07	8
CFD07_ind063	CFD07	8
CFD07_ind064	CFD07	8
CFD07_ind065	CFD07	8
CFD07_ind066	CFD07	8
CFD07_ind067	CFD07	8
CFD07_ind068	CFD07	8
CFD07_ind069	CFD07	8
CFD07_ind070	CFD07	8
CFD07_ind071	CFD07	8
CFD07_ind072	CFD07	8
CFD07_ind073	CFD07	8
CFD07_ind074	CFD07	8
CFD07_ind075	CFD07	8
CFD07_ind076	CFD07	8
CFD07_ind077	CFD07	8
CFD07_ind078	CFD07	8
CFD07_ind079	CFD07	8
CFD07_ind080	CFD07	8
CFD07_ind081	CFD07	8
CFD07_ind082	CFD07	8
CFD07_ind083	CFD07	8
CFD07_ind084	CFD07	8
CFD07_ind085	CFD07	8
CFD07_ind086	CFD07	8
CFD07_ind087	CFD07	8
CFD07_ind088	CFD07	8
CFD07_ind089	CFD07	8
CFD07_ind090	CFD07	8
CFD07_ind091	CFD07	8
CFD07_ind092	CFD07	8
CFD07_ind093	CFD07	8
CFD07_ind094	CFD07	8
CFD07_ind095	CFD07	8
CFD07_ind096	CFD07	8
CFD07_ind097	CFD07	8
CFD07_ind098	CFD07	8
CFD07_ind099	CFD07	8
CFD07_ind100	CFD07	8
CFD07_ind101	CFD07	8
CFD07_ind102	CFD07	8
CFD07_ind103	CFD07	8
CFD07_ind104	CFD07	8
CFD07_ind105	CFD07	8
CFD07_ind106	CFD07	8
CFD07_ind107	CFD07	8
CFD07_ind108	CFD07	8
CFD07_ind001	CFD07	9
CFD07_ind002	CFD07	9
CFD07_ind003	CFD07	9
CFD07_ind004	CFD07	9
CFD07_ind005	CFD07	9
CFD07_ind006	CFD07	9
CFD07_ind007	CFD07	9
CFD07_ind008	CFD07	9
CFD07_ind009	CFD07	9
CFD07_ind010	CFD07	9
CFD07_ind011	CFD07	9
CFD07_ind012	CFD07	9
CFD07_ind013	CFD07	9
CFD07_ind014	CFD07	9
CFD07_ind015	CFD07	9
CFD07_ind016	CFD07	9
CFD07_ind017	CFD07	9
CFD07_ind018	CFD07	9
CFD07_ind019	CFD07	9
CFD07_ind020	CFD07	9
CFD07_ind021	CFD07	9
CFD07_ind022	CFD07	9
CFD07_ind023	CFD07	9
CFD07_ind024	CFD07	9
CFD07_ind025	CFD07	9
CFD07_ind026	CFD07	9
CFD07_ind027	CFD07	9
CFD07_ind028	CFD07	9
CFD07_ind029	CFD07	9
CFD07_ind030	CFD07	9
CFD07_ind031	CFD07	9
CFD07_ind032	CFD07	9
CFD07_ind033	CFD07	9
CFD07_ind034	CFD07	9
CFD07_ind035	CFD07	9
CFD07_ind036	CFD07	9
CFD07_ind037	CFD07	9
CFD07_ind038	CFD07	9
CFD07_ind039	CFD07	9
CFD07_ind040	CFD07	9
CFD07_ind041	CFD07	9
CFD07_ind042	CFD07	9
CFD07_ind043	CFD07	9
CFD07_ind044	CFD07	9
CFD07_ind045	CFD07	9
CFD07_ind046	CFD07	9
CFD07_ind047	CFD07	9
CFD07_ind048	CFD07	9
CFD07_ind049	CFD07	9
CFD07_ind050	CFD07	9
CFD07_ind051	CFD07	9
CFD07_ind052	CFD07	9
CFD07_ind053	CFD07	9
CFD07_ind054	CFD07	9
CFD07_ind055	CFD07	9
CFD07_ind056	CFD07	9
CFD07_ind057	CFD07	9
CFD07_ind058	CFD07	9
CFD07_ind059	CFD07	9
CFD07_ind060	CFD07	9
CFD07_ind061	CFD07	9
CFD07_ind062	CFD07	9
CFD07_ind063	CFD07	9
CFD07_ind064	CFD07	9
CFD07_ind065	CFD07	9
CFD07_ind066	CFD07	9
CFD07_ind067	CFD07	9
CFD07_ind068	CFD07	9
CFD07_ind069	CFD07	9
CFD07_ind070	CFD07	9
CFD07_ind071	CFD07	9
CFD07_ind072	CFD07	9
CFD07_ind073	CFD07	9
CFD07_ind074	CFD07	9
CFD07_ind075	CFD07	9
CFD07_ind076	CFD07	9
CFD07_ind077	CFD07	9
CFD07_ind078	CFD07	9
CFD07_ind079	CFD07	9
CFD07_ind080	CFD07	9
CFD07_ind081	CFD07	9
CFD07_ind082	CFD07	9
CFD07_ind083	CFD07	9
CFD07_ind084	CFD07	9
CFD07_ind085	CFD07	9
CFD07_ind086	CFD07	9
CFD07_ind087	CFD07	9
CFD07_ind088	CFD07	9
CFD07_ind089	CFD07	9
CFD07_ind090	CFD07	9
CFD07_ind091	CFD07	9
CFD07_ind092	CFD07	9
CFD07_ind093	CFD07	9
CFD07_ind094	CFD07	9
CFD07_ind095	CFD07	9
CFD07_ind096	CFD07	9
CFD07_ind097	CFD07	9
CFD07_ind098	CFD07	9
CFD07_ind099	CFD07	9
CFD07_ind100	CFD07	9
CFD07_ind101	CFD07	9
CFD07_ind102	CFD07	9
CFD07_ind103	CFD07	9
CFD07_ind104	CFD07	9
CFD07_ind105	CFD07	9
CFD07_ind106	CFD07	9
CFD07_ind107	CFD07	9
CFD07_ind108	CFD07	9
CFD07_ind001	CFD07	10
CFD07_ind002	CFD07	10
CFD07_ind003	CFD07	10
CFD07_ind004	CFD07	10
CFD07_ind005	CFD07	10
CFD07_ind006	CFD07	10
CFD07_ind007	CFD07	10
CFD07_ind008	CFD07	10
CFD07_ind009	CFD07	10
CFD07_ind010	CFD07	10
CFD07_ind011	CFD07	10
CFD07_ind012	CFD07	10
CFD07_ind013	CFD07	10
CFD07_ind014	CFD07	10
CFD07_ind015	CFD07	10
CFD07_ind016	CFD07	10
CFD07_ind017	CFD07	10
CFD07_ind018	CFD07	10
CFD07_ind019	CFD07	10
CFD07_ind020	CFD07	10
CFD07_ind021	CFD07	10
CFD07_ind022	CFD07	10
CFD07_ind023	CFD07	10
CFD07_ind024	CFD07	10
CFD07_ind025	CFD07	10
CFD07_ind026	CFD07	10
CFD07_ind027	CFD07	10
CFD07_ind028	CFD07	10
CFD07_ind029	CFD07	10
CFD07_ind030	CFD07	10
CFD07_ind031	CFD07	10
CFD07_ind032	CFD07	10
CFD07_ind033	CFD07	10
CFD07_ind034	CFD07	10
CFD07_ind035	CFD07	10
CFD07_ind036	CFD07	10
CFD07_ind037	CFD07	10
CFD07_ind038	CFD07	10
CFD07_ind039	CFD07	10
CFD07_ind040	CFD07	10
CFD07_ind041	CFD07	10
CFD07_ind042	CFD07	10
CFD07_ind043	CFD07	10
CFD07_ind044	CFD07	10
CFD07_ind045	CFD07	10
CFD07_ind046	CFD07	10
CFD07_ind047	CFD07	10
CFD07_ind048	CFD07	10
CFD07_ind049	CFD07	10
CFD07_ind050	CFD07	10
CFD07_ind051	CFD07	10
CFD07_ind052	CFD07	10
CFD07_ind053	CFD07	10
CFD07_ind054	CFD07	10
CFD07_ind055	CFD07	10
CFD07_ind056	CFD07	10
CFD07_ind057	CFD07	10
CFD07_ind058	CFD07	10
CFD07_ind059	CFD07	10
CFD07_ind060	CFD07	10
CFD07_ind061	CFD07	10
CFD07_ind062	CFD07	10
CFD07_ind063	CFD07	10
CFD07_ind064	CFD07	10
CFD07_ind065	CFD07	10
CFD07_ind066	CFD07	10
CFD07_ind067	CFD07	10
CFD07_ind068	CFD07	10
CFD07_ind069	CFD07	10
CFD07_ind070	CFD07	10
CFD07_ind071	CFD07	10
CFD07_ind072	CFD07	10
CFD07_ind073	CFD07	10
CFD07_ind074	CFD07	10
CFD07_ind075	CFD07	10
CFD07_ind076	CFD07	10
CFD07_ind077	CFD07	10
CFD07_ind078	CFD07	10
CFD07_ind079	CFD07	10
CFD07_ind080	CFD07	10
CFD07_ind081	CFD07	10
CFD07_ind082	CFD07	10
CFD07_ind083	CFD07	10
CFD07_ind084	CFD07	10
CFD07_ind085	CFD07	10
CFD07_ind086	CFD07	10
CFD07_ind087	CFD07	10
CFD07_ind088	CFD07	10
CFD07_ind089	CFD07	10
CFD07_ind090	CFD07	10
CFD07_ind091	CFD07	10
CFD07_ind092	CFD07	10
CFD07_ind093	CFD07	10
CFD07_ind094	CFD07	10
CFD07_ind095	CFD07	10
CFD07_ind096	CFD07	10
CFD07_ind097	CFD07	10
CFD07_ind098	CFD07	10
CFD07_ind099	CFD07	10
CFD07_ind100	CFD07	10
CFD07_ind101	CFD07	10
CFD07_ind102	CFD07	10
CFD07_ind103	CFD07	10
CFD07_ind104	CFD07	10
CFD07_ind105	CFD07	10
CFD07_ind106	CFD07	10
CFD07_ind107	CFD07	10
CFD07_ind108	CFD07	10
CFD09_ind001	CFD09	1
CFD09_ind002	CFD09	1
CFD09_ind003	CFD09	1
CFD09_ind004	CFD09	1
CFD09_ind005	CFD09	1
CFD09_ind006	CFD09	1
CFD09_ind007	CFD09	1
CFD09_ind008	CFD09	1
CFD09_ind009	CFD09	1
CFD09_ind010	CFD09	1
CFD09_ind011	CFD09	1
CFD09_ind012	CFD09	1
CFD09_ind013	CFD09	1
CFD09_ind014	CFD09	1
CFD09_ind015	CFD09	1
CFD09_ind016	CFD09	1
CFD09_ind017	CFD09	1
CFD09_ind018	CFD09	1
CFD09_ind019	CFD09	1
CFD09_ind020	CFD09	1
CFD09_ind021	CFD09	1
CFD09_ind022	CFD09	1
CFD09_ind023	CFD09	1
CFD09_ind024	CFD09	1
CFD09_ind025	CFD09	1
CFD09_ind026	CFD09	1
CFD09_ind027	CFD09	1
CFD09_ind028	CFD09	1
CFD09_ind029	CFD09	1
CFD09_ind030	CFD09	1
CFD09_ind031	CFD09	1
CFD09_ind032	CFD09	1
CFD09_ind033	CFD09	1
CFD09_ind034	CFD09	1
CFD09_ind035	CFD09	1
CFD09_ind036	CFD09	1
CFD09_ind037	CFD09	1
CFD09_ind038	CFD09	1
CFD09_ind039	CFD09	1
CFD09_ind040	CFD09	1
CFD09_ind041	CFD09	1
CFD09_ind042	CFD09	1
CFD09_ind043	CFD09	1
CFD09_ind044	CFD09	1
CFD09_ind045	CFD09	1
CFD09_ind046	CFD09	1
CFD09_ind047	CFD09	1
CFD09_ind048	CFD09	1
CFD09_ind049	CFD09	1
CFD09_ind050	CFD09	1
CFD09_ind051	CFD09	1
CFD09_ind052	CFD09	1
CFD09_ind053	CFD09	1
CFD09_ind054	CFD09	1
CFD09_ind055	CFD09	1
CFD09_ind056	CFD09	1
CFD09_ind057	CFD09	1
CFD09_ind058	CFD09	1
CFD09_ind059	CFD09	1
CFD09_ind060	CFD09	1
CFD09_ind061	CFD09	1
CFD09_ind062	CFD09	1
CFD09_ind063	CFD09	1
CFD09_ind001	CFD09	2
CFD09_ind002	CFD09	2
CFD09_ind003	CFD09	2
CFD09_ind004	CFD09	2
CFD09_ind005	CFD09	2
CFD09_ind006	CFD09	2
CFD09_ind007	CFD09	2
CFD09_ind008	CFD09	2
CFD09_ind009	CFD09	2
CFD09_ind010	CFD09	2
CFD09_ind011	CFD09	2
CFD09_ind012	CFD09	2
CFD09_ind013	CFD09	2
CFD09_ind014	CFD09	2
CFD09_ind015	CFD09	2
CFD09_ind016	CFD09	2
CFD09_ind017	CFD09	2
CFD09_ind018	CFD09	2
CFD09_ind019	CFD09	2
CFD09_ind020	CFD09	2
CFD09_ind021	CFD09	2
CFD09_ind022	CFD09	2
CFD09_ind023	CFD09	2
CFD09_ind024	CFD09	2
CFD09_ind025	CFD09	2
CFD09_ind026	CFD09	2
CFD09_ind027	CFD09	2
CFD09_ind028	CFD09	2
CFD09_ind029	CFD09	2
CFD09_ind030	CFD09	2
CFD09_ind031	CFD09	2
CFD09_ind032	CFD09	2
CFD09_ind033	CFD09	2
CFD09_ind034	CFD09	2
CFD09_ind035	CFD09	2
CFD09_ind036	CFD09	2
CFD09_ind037	CFD09	2
CFD09_ind038	CFD09	2
CFD09_ind039	CFD09	2
CFD09_ind040	CFD09	2
CFD09_ind041	CFD09	2
CFD09_ind042	CFD09	2
CFD09_ind043	CFD09	2
CFD09_ind044	CFD09	2
CFD09_ind045	CFD09	2
CFD09_ind046	CFD09	2
CFD09_ind047	CFD09	2
CFD09_ind048	CFD09	2
CFD09_ind049	CFD09	2
CFD09_ind050	CFD09	2
CFD09_ind051	CFD09	2
CFD09_ind052	CFD09	2
CFD09_ind053	CFD09	2
CFD09_ind054	CFD09	2
CFD09_ind055	CFD09	2
CFD09_ind056	CFD09	2
CFD09_ind057	CFD09	2
CFD09_ind058	CFD09	2
CFD09_ind059	CFD09	2
CFD09_ind060	CFD09	2
CFD09_ind061	CFD09	2
CFD09_ind062	CFD09	2
CFD09_ind063	CFD09	2
CFD09_ind001	CFD09	3
CFD09_ind002	CFD09	3
CFD09_ind003	CFD09	3
CFD09_ind004	CFD09	3
CFD09_ind005	CFD09	3
CFD09_ind006	CFD09	3
CFD09_ind007	CFD09	3
CFD09_ind008	CFD09	3
CFD09_ind009	CFD09	3
CFD09_ind010	CFD09	3
CFD09_ind011	CFD09	3
CFD09_ind012	CFD09	3
CFD09_ind013	CFD09	3
CFD09_ind014	CFD09	3
CFD09_ind015	CFD09	3
CFD09_ind016	CFD09	3
CFD09_ind017	CFD09	3
CFD09_ind018	CFD09	3
CFD09_ind019	CFD09	3
CFD09_ind020	CFD09	3
CFD09_ind021	CFD09	3
CFD09_ind022	CFD09	3
CFD09_ind023	CFD09	3
CFD09_ind024	CFD09	3
CFD09_ind025	CFD09	3
CFD09_ind026	CFD09	3
CFD09_ind027	CFD09	3
CFD09_ind028	CFD09	3
CFD09_ind029	CFD09	3
CFD09_ind030	CFD09	3
CFD09_ind031	CFD09	3
CFD09_ind032	CFD09	3
CFD09_ind033	CFD09	3
CFD09_ind034	CFD09	3
CFD09_ind035	CFD09	3
CFD09_ind036	CFD09	3
CFD09_ind037	CFD09	3
CFD09_ind038	CFD09	3
CFD09_ind039	CFD09	3
CFD09_ind040	CFD09	3
CFD09_ind041	CFD09	3
CFD09_ind042	CFD09	3
CFD09_ind043	CFD09	3
CFD09_ind044	CFD09	3
CFD09_ind045	CFD09	3
CFD09_ind046	CFD09	3
CFD09_ind047	CFD09	3
CFD09_ind048	CFD09	3
CFD09_ind049	CFD09	3
CFD09_ind050	CFD09	3
CFD09_ind051	CFD09	3
CFD09_ind052	CFD09	3
CFD09_ind053	CFD09	3
CFD09_ind054	CFD09	3
CFD09_ind055	CFD09	3
CFD09_ind056	CFD09	3
CFD09_ind057	CFD09	3
CFD09_ind058	CFD09	3
CFD09_ind059	CFD09	3
CFD09_ind060	CFD09	3
CFD09_ind061	CFD09	3
CFD09_ind062	CFD09	3
CFD09_ind063	CFD09	3
CFD09_ind001	CFD09	4
CFD09_ind002	CFD09	4
CFD09_ind003	CFD09	4
CFD09_ind004	CFD09	4
CFD09_ind005	CFD09	4
CFD09_ind006	CFD09	4
CFD09_ind007	CFD09	4
CFD09_ind008	CFD09	4
CFD09_ind009	CFD09	4
CFD09_ind010	CFD09	4
CFD09_ind011	CFD09	4
CFD09_ind012	CFD09	4
CFD09_ind013	CFD09	4
CFD09_ind014	CFD09	4
CFD09_ind015	CFD09	4
CFD09_ind016	CFD09	4
CFD09_ind017	CFD09	4
CFD09_ind018	CFD09	4
CFD09_ind019	CFD09	4
CFD09_ind020	CFD09	4
CFD09_ind021	CFD09	4
CFD09_ind022	CFD09	4
CFD09_ind023	CFD09	4
CFD09_ind024	CFD09	4
CFD09_ind025	CFD09	4
CFD09_ind026	CFD09	4
CFD09_ind027	CFD09	4
CFD09_ind028	CFD09	4
CFD09_ind029	CFD09	4
CFD09_ind030	CFD09	4
CFD09_ind031	CFD09	4
CFD09_ind032	CFD09	4
CFD09_ind033	CFD09	4
CFD09_ind034	CFD09	4
CFD09_ind035	CFD09	4
CFD09_ind036	CFD09	4
CFD09_ind037	CFD09	4
CFD09_ind038	CFD09	4
CFD09_ind039	CFD09	4
CFD09_ind040	CFD09	4
CFD09_ind041	CFD09	4
CFD09_ind042	CFD09	4
CFD09_ind043	CFD09	4
CFD09_ind044	CFD09	4
CFD09_ind045	CFD09	4
CFD09_ind046	CFD09	4
CFD09_ind047	CFD09	4
CFD09_ind048	CFD09	4
CFD09_ind049	CFD09	4
CFD09_ind050	CFD09	4
CFD09_ind051	CFD09	4
CFD09_ind052	CFD09	4
CFD09_ind053	CFD09	4
CFD09_ind054	CFD09	4
CFD09_ind055	CFD09	4
CFD09_ind056	CFD09	4
CFD09_ind057	CFD09	4
CFD09_ind058	CFD09	4
CFD09_ind059	CFD09	4
CFD09_ind060	CFD09	4
CFD09_ind061	CFD09	4
CFD09_ind062	CFD09	4
CFD09_ind063	CFD09	4
CFD09_ind001	CFD09	5
CFD09_ind002	CFD09	5
CFD09_ind003	CFD09	5
CFD09_ind004	CFD09	5
CFD09_ind005	CFD09	5
CFD09_ind006	CFD09	5
CFD09_ind007	CFD09	5
CFD09_ind008	CFD09	5
CFD09_ind009	CFD09	5
CFD09_ind010	CFD09	5
CFD09_ind011	CFD09	5
CFD09_ind012	CFD09	5
CFD09_ind013	CFD09	5
CFD09_ind014	CFD09	5
CFD09_ind015	CFD09	5
CFD09_ind016	CFD09	5
CFD09_ind017	CFD09	5
CFD09_ind018	CFD09	5
CFD09_ind019	CFD09	5
CFD09_ind020	CFD09	5
CFD09_ind021	CFD09	5
CFD09_ind022	CFD09	5
CFD09_ind023	CFD09	5
CFD09_ind024	CFD09	5
CFD09_ind025	CFD09	5
CFD09_ind026	CFD09	5
CFD09_ind027	CFD09	5
CFD09_ind028	CFD09	5
CFD09_ind029	CFD09	5
CFD09_ind030	CFD09	5
CFD09_ind031	CFD09	5
CFD09_ind032	CFD09	5
CFD09_ind033	CFD09	5
CFD09_ind034	CFD09	5
CFD09_ind035	CFD09	5
CFD09_ind036	CFD09	5
CFD09_ind037	CFD09	5
CFD09_ind038	CFD09	5
CFD09_ind039	CFD09	5
CFD09_ind040	CFD09	5
CFD09_ind041	CFD09	5
CFD09_ind042	CFD09	5
CFD09_ind043	CFD09	5
CFD09_ind044	CFD09	5
CFD09_ind045	CFD09	5
CFD09_ind046	CFD09	5
CFD09_ind047	CFD09	5
CFD09_ind048	CFD09	5
CFD09_ind049	CFD09	5
CFD09_ind050	CFD09	5
CFD09_ind051	CFD09	5
CFD09_ind052	CFD09	5
CFD09_ind053	CFD09	5
CFD09_ind054	CFD09	5
CFD09_ind055	CFD09	5
CFD09_ind056	CFD09	5
CFD09_ind057	CFD09	5
CFD09_ind058	CFD09	5
CFD09_ind059	CFD09	5
CFD09_ind060	CFD09	5
CFD09_ind061	CFD09	5
CFD09_ind062	CFD09	5
CFD09_ind063	CFD09	5
CFD09_ind001	CFD09	6
CFD09_ind002	CFD09	6
CFD09_ind003	CFD09	6
CFD09_ind004	CFD09	6
CFD09_ind005	CFD09	6
CFD09_ind006	CFD09	6
CFD09_ind007	CFD09	6
CFD09_ind008	CFD09	6
CFD09_ind009	CFD09	6
CFD09_ind010	CFD09	6
CFD09_ind011	CFD09	6
CFD09_ind012	CFD09	6
CFD09_ind013	CFD09	6
CFD09_ind014	CFD09	6
CFD09_ind015	CFD09	6
CFD09_ind016	CFD09	6
CFD09_ind017	CFD09	6
CFD09_ind018	CFD09	6
CFD09_ind019	CFD09	6
CFD09_ind020	CFD09	6
CFD09_ind021	CFD09	6
CFD09_ind022	CFD09	6
CFD09_ind023	CFD09	6
CFD09_ind024	CFD09	6
CFD09_ind025	CFD09	6
CFD09_ind026	CFD09	6
CFD09_ind027	CFD09	6
CFD09_ind028	CFD09	6
CFD09_ind029	CFD09	6
CFD09_ind030	CFD09	6
CFD09_ind031	CFD09	6
CFD09_ind032	CFD09	6
CFD09_ind033	CFD09	6
CFD09_ind034	CFD09	6
CFD09_ind035	CFD09	6
CFD09_ind036	CFD09	6
CFD09_ind037	CFD09	6
CFD09_ind038	CFD09	6
CFD09_ind039	CFD09	6
CFD09_ind040	CFD09	6
CFD09_ind041	CFD09	6
CFD09_ind042	CFD09	6
CFD09_ind043	CFD09	6
CFD09_ind044	CFD09	6
CFD09_ind045	CFD09	6
CFD09_ind046	CFD09	6
CFD09_ind047	CFD09	6
CFD09_ind048	CFD09	6
CFD09_ind049	CFD09	6
CFD09_ind050	CFD09	6
CFD09_ind051	CFD09	6
CFD09_ind052	CFD09	6
CFD09_ind053	CFD09	6
CFD09_ind054	CFD09	6
CFD09_ind055	CFD09	6
CFD09_ind056	CFD09	6
CFD09_ind057	CFD09	6
CFD09_ind058	CFD09	6
CFD09_ind059	CFD09	6
CFD09_ind060	CFD09	6
CFD09_ind061	CFD09	6
CFD09_ind062	CFD09	6
CFD09_ind063	CFD09	6
CFD09_ind001	CFD09	7
CFD09_ind002	CFD09	7
CFD09_ind003	CFD09	7
CFD09_ind004	CFD09	7
CFD09_ind005	CFD09	7
CFD09_ind006	CFD09	7
CFD09_ind007	CFD09	7
CFD09_ind008	CFD09	7
CFD09_ind009	CFD09	7
CFD09_ind010	CFD09	7
CFD09_ind011	CFD09	7
CFD09_ind012	CFD09	7
CFD09_ind013	CFD09	7
CFD09_ind014	CFD09	7
CFD09_ind015	CFD09	7
CFD09_ind016	CFD09	7
CFD09_ind017	CFD09	7
CFD09_ind018	CFD09	7
CFD09_ind019	CFD09	7
CFD09_ind020	CFD09	7
CFD09_ind021	CFD09	7
CFD09_ind022	CFD09	7
CFD09_ind023	CFD09	7
CFD09_ind024	CFD09	7
CFD09_ind025	CFD09	7
CFD09_ind026	CFD09	7
CFD09_ind027	CFD09	7
CFD09_ind028	CFD09	7
CFD09_ind029	CFD09	7
CFD09_ind030	CFD09	7
CFD09_ind031	CFD09	7
CFD09_ind032	CFD09	7
CFD09_ind033	CFD09	7
CFD09_ind034	CFD09	7
CFD09_ind035	CFD09	7
CFD09_ind036	CFD09	7
CFD09_ind037	CFD09	7
CFD09_ind038	CFD09	7
CFD09_ind039	CFD09	7
CFD09_ind040	CFD09	7
CFD09_ind041	CFD09	7
CFD09_ind042	CFD09	7
CFD09_ind043	CFD09	7
CFD09_ind044	CFD09	7
CFD09_ind045	CFD09	7
CFD09_ind046	CFD09	7
CFD09_ind047	CFD09	7
CFD09_ind048	CFD09	7
CFD09_ind049	CFD09	7
CFD09_ind050	CFD09	7
CFD09_ind051	CFD09	7
CFD09_ind052	CFD09	7
CFD09_ind053	CFD09	7
CFD09_ind054	CFD09	7
CFD09_ind055	CFD09	7
CFD09_ind056	CFD09	7
CFD09_ind057	CFD09	7
CFD09_ind058	CFD09	7
CFD09_ind059	CFD09	7
CFD09_ind060	CFD09	7
CFD09_ind061	CFD09	7
CFD09_ind062	CFD09	7
CFD09_ind063	CFD09	7
CFD09_ind001	CFD09	8
CFD09_ind002	CFD09	8
CFD09_ind003	CFD09	8
CFD09_ind004	CFD09	8
CFD09_ind005	CFD09	8
CFD09_ind006	CFD09	8
CFD09_ind007	CFD09	8
CFD09_ind008	CFD09	8
CFD09_ind009	CFD09	8
CFD09_ind010	CFD09	8
CFD09_ind011	CFD09	8
CFD09_ind012	CFD09	8
CFD09_ind013	CFD09	8
CFD09_ind014	CFD09	8
CFD09_ind015	CFD09	8
CFD09_ind016	CFD09	8
CFD09_ind017	CFD09	8
CFD09_ind018	CFD09	8
CFD09_ind019	CFD09	8
CFD09_ind020	CFD09	8
CFD09_ind021	CFD09	8
CFD09_ind022	CFD09	8
CFD09_ind023	CFD09	8
CFD09_ind024	CFD09	8
CFD09_ind025	CFD09	8
CFD09_ind026	CFD09	8
CFD09_ind027	CFD09	8
CFD09_ind028	CFD09	8
CFD09_ind029	CFD09	8
CFD09_ind030	CFD09	8
CFD09_ind031	CFD09	8
CFD09_ind032	CFD09	8
CFD09_ind033	CFD09	8
CFD09_ind034	CFD09	8
CFD09_ind035	CFD09	8
CFD09_ind036	CFD09	8
CFD09_ind037	CFD09	8
CFD09_ind038	CFD09	8
CFD09_ind039	CFD09	8
CFD09_ind040	CFD09	8
CFD09_ind041	CFD09	8
CFD09_ind042	CFD09	8
CFD09_ind043	CFD09	8
CFD09_ind044	CFD09	8
CFD09_ind045	CFD09	8
CFD09_ind046	CFD09	8
CFD09_ind047	CFD09	8
CFD09_ind048	CFD09	8
CFD09_ind049	CFD09	8
CFD09_ind050	CFD09	8
CFD09_ind051	CFD09	8
CFD09_ind052	CFD09	8
CFD09_ind053	CFD09	8
CFD09_ind054	CFD09	8
CFD09_ind055	CFD09	8
CFD09_ind056	CFD09	8
CFD09_ind057	CFD09	8
CFD09_ind058	CFD09	8
CFD09_ind059	CFD09	8
CFD09_ind060	CFD09	8
CFD09_ind061	CFD09	8
CFD09_ind062	CFD09	8
CFD09_ind063	CFD09	8
CFD09_ind001	CFD09	9
CFD09_ind002	CFD09	9
CFD09_ind003	CFD09	9
CFD09_ind004	CFD09	9
CFD09_ind005	CFD09	9
CFD09_ind006	CFD09	9
CFD09_ind007	CFD09	9
CFD09_ind008	CFD09	9
CFD09_ind009	CFD09	9
CFD09_ind010	CFD09	9
CFD09_ind011	CFD09	9
CFD09_ind012	CFD09	9
CFD09_ind013	CFD09	9
CFD09_ind014	CFD09	9
CFD09_ind015	CFD09	9
CFD09_ind016	CFD09	9
CFD09_ind017	CFD09	9
CFD09_ind018	CFD09	9
CFD09_ind019	CFD09	9
CFD09_ind020	CFD09	9
CFD09_ind021	CFD09	9
CFD09_ind022	CFD09	9
CFD09_ind023	CFD09	9
CFD09_ind024	CFD09	9
CFD09_ind025	CFD09	9
CFD09_ind026	CFD09	9
CFD09_ind027	CFD09	9
CFD09_ind028	CFD09	9
CFD09_ind029	CFD09	9
CFD09_ind030	CFD09	9
CFD09_ind031	CFD09	9
CFD09_ind032	CFD09	9
CFD09_ind033	CFD09	9
CFD09_ind034	CFD09	9
CFD09_ind035	CFD09	9
CFD09_ind036	CFD09	9
CFD09_ind037	CFD09	9
CFD09_ind038	CFD09	9
CFD09_ind039	CFD09	9
CFD09_ind040	CFD09	9
CFD09_ind041	CFD09	9
CFD09_ind042	CFD09	9
CFD09_ind043	CFD09	9
CFD09_ind044	CFD09	9
CFD09_ind045	CFD09	9
CFD09_ind046	CFD09	9
CFD09_ind047	CFD09	9
CFD09_ind048	CFD09	9
CFD09_ind049	CFD09	9
CFD09_ind050	CFD09	9
CFD09_ind051	CFD09	9
CFD09_ind052	CFD09	9
CFD09_ind053	CFD09	9
CFD09_ind054	CFD09	9
CFD09_ind055	CFD09	9
CFD09_ind056	CFD09	9
CFD09_ind057	CFD09	9
CFD09_ind058	CFD09	9
CFD09_ind059	CFD09	9
CFD09_ind060	CFD09	9
CFD09_ind061	CFD09	9
CFD09_ind062	CFD09	9
CFD09_ind063	CFD09	9
CFD09_ind001	CFD09	10
CFD09_ind002	CFD09	10
CFD09_ind003	CFD09	10
CFD09_ind004	CFD09	10
CFD09_ind005	CFD09	10
CFD09_ind006	CFD09	10
CFD09_ind007	CFD09	10
CFD09_ind008	CFD09	10
CFD09_ind009	CFD09	10
CFD09_ind010	CFD09	10
CFD09_ind011	CFD09	10
CFD09_ind012	CFD09	10
CFD09_ind013	CFD09	10
CFD09_ind014	CFD09	10
CFD09_ind015	CFD09	10
CFD09_ind016	CFD09	10
CFD09_ind017	CFD09	10
CFD09_ind018	CFD09	10
CFD09_ind019	CFD09	10
CFD09_ind020	CFD09	10
CFD09_ind021	CFD09	10
CFD09_ind022	CFD09	10
CFD09_ind023	CFD09	10
CFD09_ind024	CFD09	10
CFD09_ind025	CFD09	10
CFD09_ind026	CFD09	10
CFD09_ind027	CFD09	10
CFD09_ind028	CFD09	10
CFD09_ind029	CFD09	10
CFD09_ind030	CFD09	10
CFD09_ind031	CFD09	10
CFD09_ind032	CFD09	10
CFD09_ind033	CFD09	10
CFD09_ind034	CFD09	10
CFD09_ind035	CFD09	10
CFD09_ind036	CFD09	10
CFD09_ind037	CFD09	10
CFD09_ind038	CFD09	10
CFD09_ind039	CFD09	10
CFD09_ind040	CFD09	10
CFD09_ind041	CFD09	10
CFD09_ind042	CFD09	10
CFD09_ind043	CFD09	10
CFD09_ind044	CFD09	10
CFD09_ind045	CFD09	10
CFD09_ind046	CFD09	10
CFD09_ind047	CFD09	10
CFD09_ind048	CFD09	10
CFD09_ind049	CFD09	10
CFD09_ind050	CFD09	10
CFD09_ind051	CFD09	10
CFD09_ind052	CFD09	10
CFD09_ind053	CFD09	10
CFD09_ind054	CFD09	10
CFD09_ind055	CFD09	10
CFD09_ind056	CFD09	10
CFD09_ind057	CFD09	10
CFD09_ind058	CFD09	10
CFD09_ind059	CFD09	10
CFD09_ind060	CFD09	10
CFD09_ind061	CFD09	10
CFD09_ind062	CFD09	10
CFD09_ind063	CFD09	10
CFD10_ind001	CFD10	1
CFD10_ind002	CFD10	1
CFD10_ind003	CFD10	1
CFD10_ind004	CFD10	1
CFD10_ind005	CFD10	1
CFD10_ind006	CFD10	1
CFD10_ind007	CFD10	1
CFD10_ind008	CFD10	1
CFD10_ind009	CFD10	1
CFD10_ind010	CFD10	1
CFD10_ind011	CFD10	1
CFD10_ind012	CFD10	1
CFD10_ind013	CFD10	1
CFD10_ind014	CFD10	1
CFD10_ind015	CFD10	1
CFD10_ind016	CFD10	1
CFD10_ind017	CFD10	1
CFD10_ind018	CFD10	1
CFD10_ind019	CFD10	1
CFD10_ind020	CFD10	1
CFD10_ind021	CFD10	1
CFD10_ind022	CFD10	1
CFD10_ind023	CFD10	1
CFD10_ind024	CFD10	1
CFD10_ind025	CFD10	1
CFD10_ind026	CFD10	1
CFD10_ind027	CFD10	1
CFD10_ind028	CFD10	1
CFD10_ind029	CFD10	1
CFD10_ind030	CFD10	1
CFD10_ind031	CFD10	1
CFD10_ind032	CFD10	1
CFD10_ind033	CFD10	1
CFD10_ind034	CFD10	1
CFD10_ind035	CFD10	1
CFD10_ind036	CFD10	1
CFD10_ind037	CFD10	1
CFD10_ind038	CFD10	1
CFD10_ind039	CFD10	1
CFD10_ind040	CFD10	1
CFD10_ind041	CFD10	1
CFD10_ind042	CFD10	1
CFD10_ind043	CFD10	1
CFD10_ind044	CFD10	1
CFD10_ind045	CFD10	1
CFD10_ind046	CFD10	1
CFD10_ind047	CFD10	1
CFD10_ind048	CFD10	1
CFD10_ind049	CFD10	1
CFD10_ind050	CFD10	1
CFD10_ind051	CFD10	1
CFD10_ind052	CFD10	1
CFD10_ind053	CFD10	1
CFD10_ind054	CFD10	1
CFD10_ind055	CFD10	1
CFD10_ind056	CFD10	1
CFD10_ind057	CFD10	1
CFD10_ind058	CFD10	1
CFD10_ind059	CFD10	1
CFD10_ind060	CFD10	1
CFD10_ind061	CFD10	1
CFD10_ind062	CFD10	1
CFD10_ind063	CFD10	1
CFD10_ind064	CFD10	1
CFD10_ind065	CFD10	1
CFD10_ind066	CFD10	1
CFD10_ind067	CFD10	1
CFD10_ind068	CFD10	1
CFD10_ind069	CFD10	1
CFD10_ind070	CFD10	1
CFD10_ind071	CFD10	1
CFD10_ind072	CFD10	1
CFD10_ind073	CFD10	1
CFD10_ind074	CFD10	1
CFD10_ind075	CFD10	1
CFD10_ind076	CFD10	1
CFD10_ind077	CFD10	1
CFD10_ind078	CFD10	1
CFD10_ind079	CFD10	1
CFD10_ind080	CFD10	1
CFD10_ind081	CFD10	1
CFD10_ind082	CFD10	1
CFD10_ind083	CFD10	1
CFD10_ind084	CFD10	1
CFD10_ind085	CFD10	1
CFD10_ind086	CFD10	1
CFD10_ind087	CFD10	1
CFD10_ind088	CFD10	1
CFD10_ind089	CFD10	1
CFD10_ind090	CFD10	1
CFD10_ind091	CFD10	1
CFD10_ind092	CFD10	1
CFD10_ind093	CFD10	1
CFD10_ind094	CFD10	1
CFD10_ind095	CFD10	1
CFD10_ind096	CFD10	1
CFD10_ind097	CFD10	1
CFD10_ind098	CFD10	1
CFD10_ind099	CFD10	1
CFD10_ind001	CFD10	2
CFD10_ind002	CFD10	2
CFD10_ind003	CFD10	2
CFD10_ind004	CFD10	2
CFD10_ind005	CFD10	2
CFD10_ind006	CFD10	2
CFD10_ind007	CFD10	2
CFD10_ind008	CFD10	2
CFD10_ind009	CFD10	2
CFD10_ind010	CFD10	2
CFD10_ind011	CFD10	2
CFD10_ind012	CFD10	2
CFD10_ind013	CFD10	2
CFD10_ind014	CFD10	2
CFD10_ind015	CFD10	2
CFD10_ind016	CFD10	2
CFD10_ind017	CFD10	2
CFD10_ind018	CFD10	2
CFD10_ind019	CFD10	2
CFD10_ind020	CFD10	2
CFD10_ind021	CFD10	2
CFD10_ind022	CFD10	2
CFD10_ind023	CFD10	2
CFD10_ind024	CFD10	2
CFD10_ind025	CFD10	2
CFD10_ind026	CFD10	2
CFD10_ind027	CFD10	2
CFD10_ind028	CFD10	2
CFD10_ind029	CFD10	2
CFD10_ind030	CFD10	2
CFD10_ind031	CFD10	2
CFD10_ind032	CFD10	2
CFD10_ind033	CFD10	2
CFD10_ind034	CFD10	2
CFD10_ind035	CFD10	2
CFD10_ind036	CFD10	2
CFD10_ind037	CFD10	2
CFD10_ind038	CFD10	2
CFD10_ind039	CFD10	2
CFD10_ind040	CFD10	2
CFD10_ind041	CFD10	2
CFD10_ind042	CFD10	2
CFD10_ind043	CFD10	2
CFD10_ind044	CFD10	2
CFD10_ind045	CFD10	2
CFD10_ind046	CFD10	2
CFD10_ind047	CFD10	2
CFD10_ind048	CFD10	2
CFD10_ind049	CFD10	2
CFD10_ind050	CFD10	2
CFD10_ind051	CFD10	2
CFD10_ind052	CFD10	2
CFD10_ind053	CFD10	2
CFD10_ind054	CFD10	2
CFD10_ind055	CFD10	2
CFD10_ind056	CFD10	2
CFD10_ind057	CFD10	2
CFD10_ind058	CFD10	2
CFD10_ind059	CFD10	2
CFD10_ind060	CFD10	2
CFD10_ind061	CFD10	2
CFD10_ind062	CFD10	2
CFD10_ind063	CFD10	2
CFD10_ind064	CFD10	2
CFD10_ind065	CFD10	2
CFD10_ind066	CFD10	2
CFD10_ind067	CFD10	2
CFD10_ind068	CFD10	2
CFD10_ind069	CFD10	2
CFD10_ind070	CFD10	2
CFD10_ind071	CFD10	2
CFD10_ind072	CFD10	2
CFD10_ind073	CFD10	2
CFD10_ind074	CFD10	2
CFD10_ind075	CFD10	2
CFD10_ind076	CFD10	2
CFD10_ind077	CFD10	2
CFD10_ind078	CFD10	2
CFD10_ind079	CFD10	2
CFD10_ind080	CFD10	2
CFD10_ind081	CFD10	2
CFD10_ind082	CFD10	2
CFD10_ind083	CFD10	2
CFD10_ind084	CFD10	2
CFD10_ind085	CFD10	2
CFD10_ind086	CFD10	2
CFD10_ind087	CFD10	2
CFD10_ind088	CFD10	2
CFD10_ind089	CFD10	2
CFD10_ind090	CFD10	2
CFD10_ind091	CFD10	2
CFD10_ind092	CFD10	2
CFD10_ind093	CFD10	2
CFD10_ind094	CFD10	2
CFD10_ind095	CFD10	2
CFD10_ind096	CFD10	2
CFD10_ind097	CFD10	2
CFD10_ind098	CFD10	2
CFD10_ind099	CFD10	2
CFD10_ind001	CFD10	3
CFD10_ind002	CFD10	3
CFD10_ind003	CFD10	3
CFD10_ind004	CFD10	3
CFD10_ind005	CFD10	3
CFD10_ind006	CFD10	3
CFD10_ind007	CFD10	3
CFD10_ind008	CFD10	3
CFD10_ind009	CFD10	3
CFD10_ind010	CFD10	3
CFD10_ind011	CFD10	3
CFD10_ind012	CFD10	3
CFD10_ind013	CFD10	3
CFD10_ind014	CFD10	3
CFD10_ind015	CFD10	3
CFD10_ind016	CFD10	3
CFD10_ind017	CFD10	3
CFD10_ind018	CFD10	3
CFD10_ind019	CFD10	3
CFD10_ind020	CFD10	3
CFD10_ind021	CFD10	3
CFD10_ind022	CFD10	3
CFD10_ind023	CFD10	3
CFD10_ind024	CFD10	3
CFD10_ind025	CFD10	3
CFD10_ind026	CFD10	3
CFD10_ind027	CFD10	3
CFD10_ind028	CFD10	3
CFD10_ind029	CFD10	3
CFD10_ind030	CFD10	3
CFD10_ind031	CFD10	3
CFD10_ind032	CFD10	3
CFD10_ind033	CFD10	3
CFD10_ind034	CFD10	3
CFD10_ind035	CFD10	3
CFD10_ind036	CFD10	3
CFD10_ind037	CFD10	3
CFD10_ind038	CFD10	3
CFD10_ind039	CFD10	3
CFD10_ind040	CFD10	3
CFD10_ind041	CFD10	3
CFD10_ind042	CFD10	3
CFD10_ind043	CFD10	3
CFD10_ind044	CFD10	3
CFD10_ind045	CFD10	3
CFD10_ind046	CFD10	3
CFD10_ind047	CFD10	3
CFD10_ind048	CFD10	3
CFD10_ind049	CFD10	3
CFD10_ind050	CFD10	3
CFD10_ind051	CFD10	3
CFD10_ind052	CFD10	3
CFD10_ind053	CFD10	3
CFD10_ind054	CFD10	3
CFD10_ind055	CFD10	3
CFD10_ind056	CFD10	3
CFD10_ind057	CFD10	3
CFD10_ind058	CFD10	3
CFD10_ind059	CFD10	3
CFD10_ind060	CFD10	3
CFD10_ind061	CFD10	3
CFD10_ind062	CFD10	3
CFD10_ind063	CFD10	3
CFD10_ind064	CFD10	3
CFD10_ind065	CFD10	3
CFD10_ind066	CFD10	3
CFD10_ind067	CFD10	3
CFD10_ind068	CFD10	3
CFD10_ind069	CFD10	3
CFD10_ind070	CFD10	3
CFD10_ind071	CFD10	3
CFD10_ind072	CFD10	3
CFD10_ind073	CFD10	3
CFD10_ind074	CFD10	3
CFD10_ind075	CFD10	3
CFD10_ind076	CFD10	3
CFD10_ind077	CFD10	3
CFD10_ind078	CFD10	3
CFD10_ind079	CFD10	3
CFD10_ind080	CFD10	3
CFD10_ind081	CFD10	3
CFD10_ind082	CFD10	3
CFD10_ind083	CFD10	3
CFD10_ind084	CFD10	3
CFD10_ind085	CFD10	3
CFD10_ind086	CFD10	3
CFD10_ind087	CFD10	3
CFD10_ind088	CFD10	3
CFD10_ind089	CFD10	3
CFD10_ind090	CFD10	3
CFD10_ind091	CFD10	3
CFD10_ind092	CFD10	3
CFD10_ind093	CFD10	3
CFD10_ind094	CFD10	3
CFD10_ind095	CFD10	3
CFD10_ind096	CFD10	3
CFD10_ind097	CFD10	3
CFD10_ind098	CFD10	3
CFD10_ind099	CFD10	3
CFD10_ind001	CFD10	4
CFD10_ind002	CFD10	4
CFD10_ind003	CFD10	4
CFD10_ind004	CFD10	4
CFD10_ind005	CFD10	4
CFD10_ind006	CFD10	4
CFD10_ind007	CFD10	4
CFD10_ind008	CFD10	4
CFD10_ind009	CFD10	4
CFD10_ind010	CFD10	4
CFD10_ind011	CFD10	4
CFD10_ind012	CFD10	4
CFD10_ind013	CFD10	4
CFD10_ind014	CFD10	4
CFD10_ind015	CFD10	4
CFD10_ind016	CFD10	4
CFD10_ind017	CFD10	4
CFD10_ind018	CFD10	4
CFD10_ind019	CFD10	4
CFD10_ind020	CFD10	4
CFD10_ind021	CFD10	4
CFD10_ind022	CFD10	4
CFD10_ind023	CFD10	4
CFD10_ind024	CFD10	4
CFD10_ind025	CFD10	4
CFD10_ind026	CFD10	4
CFD10_ind027	CFD10	4
CFD10_ind028	CFD10	4
CFD10_ind029	CFD10	4
CFD10_ind030	CFD10	4
CFD10_ind031	CFD10	4
CFD10_ind032	CFD10	4
CFD10_ind033	CFD10	4
CFD10_ind034	CFD10	4
CFD10_ind035	CFD10	4
CFD10_ind036	CFD10	4
CFD10_ind037	CFD10	4
CFD10_ind038	CFD10	4
CFD10_ind039	CFD10	4
CFD10_ind040	CFD10	4
CFD10_ind041	CFD10	4
CFD10_ind042	CFD10	4
CFD10_ind043	CFD10	4
CFD10_ind044	CFD10	4
CFD10_ind045	CFD10	4
CFD10_ind046	CFD10	4
CFD10_ind047	CFD10	4
CFD10_ind048	CFD10	4
CFD10_ind049	CFD10	4
CFD10_ind050	CFD10	4
CFD10_ind051	CFD10	4
CFD10_ind052	CFD10	4
CFD10_ind053	CFD10	4
CFD10_ind054	CFD10	4
CFD10_ind055	CFD10	4
CFD10_ind056	CFD10	4
CFD10_ind057	CFD10	4
CFD10_ind058	CFD10	4
CFD10_ind059	CFD10	4
CFD10_ind060	CFD10	4
CFD10_ind061	CFD10	4
CFD10_ind062	CFD10	4
CFD10_ind063	CFD10	4
CFD10_ind064	CFD10	4
CFD10_ind065	CFD10	4
CFD10_ind066	CFD10	4
CFD10_ind067	CFD10	4
CFD10_ind068	CFD10	4
CFD10_ind069	CFD10	4
CFD10_ind070	CFD10	4
CFD10_ind071	CFD10	4
CFD10_ind072	CFD10	4
CFD10_ind073	CFD10	4
CFD10_ind074	CFD10	4
CFD10_ind075	CFD10	4
CFD10_ind076	CFD10	4
CFD10_ind077	CFD10	4
CFD10_ind078	CFD10	4
CFD10_ind079	CFD10	4
CFD10_ind080	CFD10	4
CFD10_ind081	CFD10	4
CFD10_ind082	CFD10	4
CFD10_ind083	CFD10	4
CFD10_ind084	CFD10	4
CFD10_ind085	CFD10	4
CFD10_ind086	CFD10	4
CFD10_ind087	CFD10	4
CFD10_ind088	CFD10	4
CFD10_ind089	CFD10	4
CFD10_ind090	CFD10	4
CFD10_ind091	CFD10	4
CFD10_ind092	CFD10	4
CFD10_ind093	CFD10	4
CFD10_ind094	CFD10	4
CFD10_ind095	CFD10	4
CFD10_ind096	CFD10	4
CFD10_ind097	CFD10	4
CFD10_ind098	CFD10	4
CFD10_ind099	CFD10	4
CFD10_ind001	CFD10	5
CFD10_ind002	CFD10	5
CFD10_ind003	CFD10	5
CFD10_ind004	CFD10	5
CFD10_ind005	CFD10	5
CFD10_ind006	CFD10	5
CFD10_ind007	CFD10	5
CFD10_ind008	CFD10	5
CFD10_ind009	CFD10	5
CFD10_ind010	CFD10	5
CFD10_ind011	CFD10	5
CFD10_ind012	CFD10	5
CFD10_ind013	CFD10	5
CFD10_ind014	CFD10	5
CFD10_ind015	CFD10	5
CFD10_ind016	CFD10	5
CFD10_ind017	CFD10	5
CFD10_ind018	CFD10	5
CFD10_ind019	CFD10	5
CFD10_ind020	CFD10	5
CFD10_ind021	CFD10	5
CFD10_ind022	CFD10	5
CFD10_ind023	CFD10	5
CFD10_ind024	CFD10	5
CFD10_ind025	CFD10	5
CFD10_ind026	CFD10	5
CFD10_ind027	CFD10	5
CFD10_ind028	CFD10	5
CFD10_ind029	CFD10	5
CFD10_ind030	CFD10	5
CFD10_ind031	CFD10	5
CFD10_ind032	CFD10	5
CFD10_ind033	CFD10	5
CFD10_ind034	CFD10	5
CFD10_ind035	CFD10	5
CFD10_ind036	CFD10	5
CFD10_ind037	CFD10	5
CFD10_ind038	CFD10	5
CFD10_ind039	CFD10	5
CFD10_ind040	CFD10	5
CFD10_ind041	CFD10	5
CFD10_ind042	CFD10	5
CFD10_ind043	CFD10	5
CFD10_ind044	CFD10	5
CFD10_ind045	CFD10	5
CFD10_ind046	CFD10	5
CFD10_ind047	CFD10	5
CFD10_ind048	CFD10	5
CFD10_ind049	CFD10	5
CFD10_ind050	CFD10	5
CFD10_ind051	CFD10	5
CFD10_ind052	CFD10	5
CFD10_ind053	CFD10	5
CFD10_ind054	CFD10	5
CFD10_ind055	CFD10	5
CFD10_ind056	CFD10	5
CFD10_ind057	CFD10	5
CFD10_ind058	CFD10	5
CFD10_ind059	CFD10	5
CFD10_ind060	CFD10	5
CFD10_ind061	CFD10	5
CFD10_ind062	CFD10	5
CFD10_ind063	CFD10	5
CFD10_ind064	CFD10	5
CFD10_ind065	CFD10	5
CFD10_ind066	CFD10	5
CFD10_ind067	CFD10	5
CFD10_ind068	CFD10	5
CFD10_ind069	CFD10	5
CFD10_ind070	CFD10	5
CFD10_ind071	CFD10	5
CFD10_ind072	CFD10	5
CFD10_ind073	CFD10	5
CFD10_ind074	CFD10	5
CFD10_ind075	CFD10	5
CFD10_ind076	CFD10	5
CFD10_ind077	CFD10	5
CFD10_ind078	CFD10	5
CFD10_ind079	CFD10	5
CFD10_ind080	CFD10	5
CFD10_ind081	CFD10	5
CFD10_ind082	CFD10	5
CFD10_ind083	CFD10	5
CFD10_ind084	CFD10	5
CFD10_ind085	CFD10	5
CFD10_ind086	CFD10	5
CFD10_ind087	CFD10	5
CFD10_ind088	CFD10	5
CFD10_ind089	CFD10	5
CFD10_ind090	CFD10	5
CFD10_ind091	CFD10	5
CFD10_ind092	CFD10	5
CFD10_ind093	CFD10	5
CFD10_ind094	CFD10	5
CFD10_ind095	CFD10	5
CFD10_ind096	CFD10	5
CFD10_ind097	CFD10	5
CFD10_ind098	CFD10	5
CFD10_ind099	CFD10	5
CFD10_ind001	CFD10	6
CFD10_ind002	CFD10	6
CFD10_ind003	CFD10	6
CFD10_ind004	CFD10	6
CFD10_ind005	CFD10	6
CFD10_ind006	CFD10	6
CFD10_ind007	CFD10	6
CFD10_ind008	CFD10	6
CFD10_ind009	CFD10	6
CFD10_ind010	CFD10	6
CFD10_ind011	CFD10	6
CFD10_ind012	CFD10	6
CFD10_ind013	CFD10	6
CFD10_ind014	CFD10	6
CFD10_ind015	CFD10	6
CFD10_ind016	CFD10	6
CFD10_ind017	CFD10	6
CFD10_ind018	CFD10	6
CFD10_ind019	CFD10	6
CFD10_ind020	CFD10	6
CFD10_ind021	CFD10	6
CFD10_ind022	CFD10	6
CFD10_ind023	CFD10	6
CFD10_ind024	CFD10	6
CFD10_ind025	CFD10	6
CFD10_ind026	CFD10	6
CFD10_ind027	CFD10	6
CFD10_ind028	CFD10	6
CFD10_ind029	CFD10	6
CFD10_ind030	CFD10	6
CFD10_ind031	CFD10	6
CFD10_ind032	CFD10	6
CFD10_ind033	CFD10	6
CFD10_ind034	CFD10	6
CFD10_ind035	CFD10	6
CFD10_ind036	CFD10	6
CFD10_ind037	CFD10	6
CFD10_ind038	CFD10	6
CFD10_ind039	CFD10	6
CFD10_ind040	CFD10	6
CFD10_ind041	CFD10	6
CFD10_ind042	CFD10	6
CFD10_ind043	CFD10	6
CFD10_ind044	CFD10	6
CFD10_ind045	CFD10	6
CFD10_ind046	CFD10	6
CFD10_ind047	CFD10	6
CFD10_ind048	CFD10	6
CFD10_ind049	CFD10	6
CFD10_ind050	CFD10	6
CFD10_ind051	CFD10	6
CFD10_ind052	CFD10	6
CFD10_ind053	CFD10	6
CFD10_ind054	CFD10	6
CFD10_ind055	CFD10	6
CFD10_ind056	CFD10	6
CFD10_ind057	CFD10	6
CFD10_ind058	CFD10	6
CFD10_ind059	CFD10	6
CFD10_ind060	CFD10	6
CFD10_ind061	CFD10	6
CFD10_ind062	CFD10	6
CFD10_ind063	CFD10	6
CFD10_ind064	CFD10	6
CFD10_ind065	CFD10	6
CFD10_ind066	CFD10	6
CFD10_ind067	CFD10	6
CFD10_ind068	CFD10	6
CFD10_ind069	CFD10	6
CFD10_ind070	CFD10	6
CFD10_ind071	CFD10	6
CFD10_ind072	CFD10	6
CFD10_ind073	CFD10	6
CFD10_ind074	CFD10	6
CFD10_ind075	CFD10	6
CFD10_ind076	CFD10	6
CFD10_ind077	CFD10	6
CFD10_ind078	CFD10	6
CFD10_ind079	CFD10	6
CFD10_ind080	CFD10	6
CFD10_ind081	CFD10	6
CFD10_ind082	CFD10	6
CFD10_ind083	CFD10	6
CFD10_ind084	CFD10	6
CFD10_ind085	CFD10	6
CFD10_ind086	CFD10	6
CFD10_ind087	CFD10	6
CFD10_ind088	CFD10	6
CFD10_ind089	CFD10	6
CFD10_ind090	CFD10	6
CFD10_ind091	CFD10	6
CFD10_ind092	CFD10	6
CFD10_ind093	CFD10	6
CFD10_ind094	CFD10	6
CFD10_ind095	CFD10	6
CFD10_ind096	CFD10	6
CFD10_ind097	CFD10	6
CFD10_ind098	CFD10	6
CFD10_ind099	CFD10	6
CFD10_ind001	CFD10	7
CFD10_ind002	CFD10	7
CFD10_ind003	CFD10	7
CFD10_ind004	CFD10	7
CFD10_ind005	CFD10	7
CFD10_ind006	CFD10	7
CFD10_ind007	CFD10	7
CFD10_ind008	CFD10	7
CFD10_ind009	CFD10	7
CFD10_ind010	CFD10	7
CFD10_ind011	CFD10	7
CFD10_ind012	CFD10	7
CFD10_ind013	CFD10	7
CFD10_ind014	CFD10	7
CFD10_ind015	CFD10	7
CFD10_ind016	CFD10	7
CFD10_ind017	CFD10	7
CFD10_ind018	CFD10	7
CFD10_ind019	CFD10	7
CFD10_ind020	CFD10	7
CFD10_ind021	CFD10	7
CFD10_ind022	CFD10	7
CFD10_ind023	CFD10	7
CFD10_ind024	CFD10	7
CFD10_ind025	CFD10	7
CFD10_ind026	CFD10	7
CFD10_ind027	CFD10	7
CFD10_ind028	CFD10	7
CFD10_ind029	CFD10	7
CFD10_ind030	CFD10	7
CFD10_ind031	CFD10	7
CFD10_ind032	CFD10	7
CFD10_ind033	CFD10	7
CFD10_ind034	CFD10	7
CFD10_ind035	CFD10	7
CFD10_ind036	CFD10	7
CFD10_ind037	CFD10	7
CFD10_ind038	CFD10	7
CFD10_ind039	CFD10	7
CFD10_ind040	CFD10	7
CFD10_ind041	CFD10	7
CFD10_ind042	CFD10	7
CFD10_ind043	CFD10	7
CFD10_ind044	CFD10	7
CFD10_ind045	CFD10	7
CFD10_ind046	CFD10	7
CFD10_ind047	CFD10	7
CFD10_ind048	CFD10	7
CFD10_ind049	CFD10	7
CFD10_ind050	CFD10	7
CFD10_ind051	CFD10	7
CFD10_ind052	CFD10	7
CFD10_ind053	CFD10	7
CFD10_ind054	CFD10	7
CFD10_ind055	CFD10	7
CFD10_ind056	CFD10	7
CFD10_ind057	CFD10	7
CFD10_ind058	CFD10	7
CFD10_ind059	CFD10	7
CFD10_ind060	CFD10	7
CFD10_ind061	CFD10	7
CFD10_ind062	CFD10	7
CFD10_ind063	CFD10	7
CFD10_ind064	CFD10	7
CFD10_ind065	CFD10	7
CFD10_ind066	CFD10	7
CFD10_ind067	CFD10	7
CFD10_ind068	CFD10	7
CFD10_ind069	CFD10	7
CFD10_ind070	CFD10	7
CFD10_ind071	CFD10	7
CFD10_ind072	CFD10	7
CFD10_ind073	CFD10	7
CFD10_ind074	CFD10	7
CFD10_ind075	CFD10	7
CFD10_ind076	CFD10	7
CFD10_ind077	CFD10	7
CFD10_ind078	CFD10	7
CFD10_ind079	CFD10	7
CFD10_ind080	CFD10	7
CFD10_ind081	CFD10	7
CFD10_ind082	CFD10	7
CFD10_ind083	CFD10	7
CFD10_ind084	CFD10	7
CFD10_ind085	CFD10	7
CFD10_ind086	CFD10	7
CFD10_ind087	CFD10	7
CFD10_ind088	CFD10	7
CFD10_ind089	CFD10	7
CFD10_ind090	CFD10	7
CFD10_ind091	CFD10	7
CFD10_ind092	CFD10	7
CFD10_ind093	CFD10	7
CFD10_ind094	CFD10	7
CFD10_ind095	CFD10	7
CFD10_ind096	CFD10	7
CFD10_ind097	CFD10	7
CFD10_ind098	CFD10	7
CFD10_ind099	CFD10	7
CFD10_ind001	CFD10	8
CFD10_ind002	CFD10	8
CFD10_ind003	CFD10	8
CFD10_ind004	CFD10	8
CFD10_ind005	CFD10	8
CFD10_ind006	CFD10	8
CFD10_ind007	CFD10	8
CFD10_ind008	CFD10	8
CFD10_ind009	CFD10	8
CFD10_ind010	CFD10	8
CFD10_ind011	CFD10	8
CFD10_ind012	CFD10	8
CFD10_ind013	CFD10	8
CFD10_ind014	CFD10	8
CFD10_ind015	CFD10	8
CFD10_ind016	CFD10	8
CFD10_ind017	CFD10	8
CFD10_ind018	CFD10	8
CFD10_ind019	CFD10	8
CFD10_ind020	CFD10	8
CFD10_ind021	CFD10	8
CFD10_ind022	CFD10	8
CFD10_ind023	CFD10	8
CFD10_ind024	CFD10	8
CFD10_ind025	CFD10	8
CFD10_ind026	CFD10	8
CFD10_ind027	CFD10	8
CFD10_ind028	CFD10	8
CFD10_ind029	CFD10	8
CFD10_ind030	CFD10	8
CFD10_ind031	CFD10	8
CFD10_ind032	CFD10	8
CFD10_ind033	CFD10	8
CFD10_ind034	CFD10	8
CFD10_ind035	CFD10	8
CFD10_ind036	CFD10	8
CFD10_ind037	CFD10	8
CFD10_ind038	CFD10	8
CFD10_ind039	CFD10	8
CFD10_ind040	CFD10	8
CFD10_ind041	CFD10	8
CFD10_ind042	CFD10	8
CFD10_ind043	CFD10	8
CFD10_ind044	CFD10	8
CFD10_ind045	CFD10	8
CFD10_ind046	CFD10	8
CFD10_ind047	CFD10	8
CFD10_ind048	CFD10	8
CFD10_ind049	CFD10	8
CFD10_ind050	CFD10	8
CFD10_ind051	CFD10	8
CFD10_ind052	CFD10	8
CFD10_ind053	CFD10	8
CFD10_ind054	CFD10	8
CFD10_ind055	CFD10	8
CFD10_ind056	CFD10	8
CFD10_ind057	CFD10	8
CFD10_ind058	CFD10	8
CFD10_ind059	CFD10	8
CFD10_ind060	CFD10	8
CFD10_ind061	CFD10	8
CFD10_ind062	CFD10	8
CFD10_ind063	CFD10	8
CFD10_ind064	CFD10	8
CFD10_ind065	CFD10	8
CFD10_ind066	CFD10	8
CFD10_ind067	CFD10	8
CFD10_ind068	CFD10	8
CFD10_ind069	CFD10	8
CFD10_ind070	CFD10	8
CFD10_ind071	CFD10	8
CFD10_ind072	CFD10	8
CFD10_ind073	CFD10	8
CFD10_ind074	CFD10	8
CFD10_ind075	CFD10	8
CFD10_ind076	CFD10	8
CFD10_ind077	CFD10	8
CFD10_ind078	CFD10	8
CFD10_ind079	CFD10	8
CFD10_ind080	CFD10	8
CFD10_ind081	CFD10	8
CFD10_ind082	CFD10	8
CFD10_ind083	CFD10	8
CFD10_ind084	CFD10	8
CFD10_ind085	CFD10	8
CFD10_ind086	CFD10	8
CFD10_ind087	CFD10	8
CFD10_ind088	CFD10	8
CFD10_ind089	CFD10	8
CFD10_ind090	CFD10	8
CFD10_ind091	CFD10	8
CFD10_ind092	CFD10	8
CFD10_ind093	CFD10	8
CFD10_ind094	CFD10	8
CFD10_ind095	CFD10	8
CFD10_ind096	CFD10	8
CFD10_ind097	CFD10	8
CFD10_ind098	CFD10	8
CFD10_ind099	CFD10	8
CFD10_ind001	CFD10	9
CFD10_ind002	CFD10	9
CFD10_ind003	CFD10	9
CFD10_ind004	CFD10	9
CFD10_ind005	CFD10	9
CFD10_ind006	CFD10	9
CFD10_ind007	CFD10	9
CFD10_ind008	CFD10	9
CFD10_ind009	CFD10	9
CFD10_ind010	CFD10	9
CFD10_ind011	CFD10	9
CFD10_ind012	CFD10	9
CFD10_ind013	CFD10	9
CFD10_ind014	CFD10	9
CFD10_ind015	CFD10	9
CFD10_ind016	CFD10	9
CFD10_ind017	CFD10	9
CFD10_ind018	CFD10	9
CFD10_ind019	CFD10	9
CFD10_ind020	CFD10	9
CFD10_ind021	CFD10	9
CFD10_ind022	CFD10	9
CFD10_ind023	CFD10	9
CFD10_ind024	CFD10	9
CFD10_ind025	CFD10	9
CFD10_ind026	CFD10	9
CFD10_ind027	CFD10	9
CFD10_ind028	CFD10	9
CFD10_ind029	CFD10	9
CFD10_ind030	CFD10	9
CFD10_ind031	CFD10	9
CFD10_ind032	CFD10	9
CFD10_ind033	CFD10	9
CFD10_ind034	CFD10	9
CFD10_ind035	CFD10	9
CFD10_ind036	CFD10	9
CFD10_ind037	CFD10	9
CFD10_ind038	CFD10	9
CFD10_ind039	CFD10	9
CFD10_ind040	CFD10	9
CFD10_ind041	CFD10	9
CFD10_ind042	CFD10	9
CFD10_ind043	CFD10	9
CFD10_ind044	CFD10	9
CFD10_ind045	CFD10	9
CFD10_ind046	CFD10	9
CFD10_ind047	CFD10	9
CFD10_ind048	CFD10	9
CFD10_ind049	CFD10	9
CFD10_ind050	CFD10	9
CFD10_ind051	CFD10	9
CFD10_ind052	CFD10	9
CFD10_ind053	CFD10	9
CFD10_ind054	CFD10	9
CFD10_ind055	CFD10	9
CFD10_ind056	CFD10	9
CFD10_ind057	CFD10	9
CFD10_ind058	CFD10	9
CFD10_ind059	CFD10	9
CFD10_ind060	CFD10	9
CFD10_ind061	CFD10	9
CFD10_ind062	CFD10	9
CFD10_ind063	CFD10	9
CFD10_ind064	CFD10	9
CFD10_ind065	CFD10	9
CFD10_ind066	CFD10	9
CFD10_ind067	CFD10	9
CFD10_ind068	CFD10	9
CFD10_ind069	CFD10	9
CFD10_ind070	CFD10	9
CFD10_ind071	CFD10	9
CFD10_ind072	CFD10	9
CFD10_ind073	CFD10	9
CFD10_ind074	CFD10	9
CFD10_ind075	CFD10	9
CFD10_ind076	CFD10	9
CFD10_ind077	CFD10	9
CFD10_ind078	CFD10	9
CFD10_ind079	CFD10	9
CFD10_ind080	CFD10	9
CFD10_ind081	CFD10	9
CFD10_ind082	CFD10	9
CFD10_ind083	CFD10	9
CFD10_ind084	CFD10	9
CFD10_ind085	CFD10	9
CFD10_ind086	CFD10	9
CFD10_ind087	CFD10	9
CFD10_ind088	CFD10	9
CFD10_ind089	CFD10	9
CFD10_ind090	CFD10	9
CFD10_ind091	CFD10	9
CFD10_ind092	CFD10	9
CFD10_ind093	CFD10	9
CFD10_ind094	CFD10	9
CFD10_ind095	CFD10	9
CFD10_ind096	CFD10	9
CFD10_ind097	CFD10	9
CFD10_ind098	CFD10	9
CFD10_ind099	CFD10	9
CFD10_ind001	CFD10	10
CFD10_ind002	CFD10	10
CFD10_ind003	CFD10	10
CFD10_ind004	CFD10	10
CFD10_ind005	CFD10	10
CFD10_ind006	CFD10	10
CFD10_ind007	CFD10	10
CFD10_ind008	CFD10	10
CFD10_ind009	CFD10	10
CFD10_ind010	CFD10	10
CFD10_ind011	CFD10	10
CFD10_ind012	CFD10	10
CFD10_ind013	CFD10	10
CFD10_ind014	CFD10	10
CFD10_ind015	CFD10	10
CFD10_ind016	CFD10	10
CFD10_ind017	CFD10	10
CFD10_ind018	CFD10	10
CFD10_ind019	CFD10	10
CFD10_ind020	CFD10	10
CFD10_ind021	CFD10	10
CFD10_ind022	CFD10	10
CFD10_ind023	CFD10	10
CFD10_ind024	CFD10	10
CFD10_ind025	CFD10	10
CFD10_ind026	CFD10	10
CFD10_ind027	CFD10	10
CFD10_ind028	CFD10	10
CFD10_ind029	CFD10	10
CFD10_ind030	CFD10	10
CFD10_ind031	CFD10	10
CFD10_ind032	CFD10	10
CFD10_ind033	CFD10	10
CFD10_ind034	CFD10	10
CFD10_ind035	CFD10	10
CFD10_ind036	CFD10	10
CFD10_ind037	CFD10	10
CFD10_ind038	CFD10	10
CFD10_ind039	CFD10	10
CFD10_ind040	CFD10	10
CFD10_ind041	CFD10	10
CFD10_ind042	CFD10	10
CFD10_ind043	CFD10	10
CFD10_ind044	CFD10	10
CFD10_ind045	CFD10	10
CFD10_ind046	CFD10	10
CFD10_ind047	CFD10	10
CFD10_ind048	CFD10	10
CFD10_ind049	CFD10	10
CFD10_ind050	CFD10	10
CFD10_ind051	CFD10	10
CFD10_ind052	CFD10	10
CFD10_ind053	CFD10	10
CFD10_ind054	CFD10	10
CFD10_ind055	CFD10	10
CFD10_ind056	CFD10	10
CFD10_ind057	CFD10	10
CFD10_ind058	CFD10	10
CFD10_ind059	CFD10	10
CFD10_ind060	CFD10	10
CFD10_ind061	CFD10	10
CFD10_ind062	CFD10	10
CFD10_ind063	CFD10	10
CFD10_ind064	CFD10	10
CFD10_ind065	CFD10	10
CFD10_ind066	CFD10	10
CFD10_ind067	CFD10	10
CFD10_ind068	CFD10	10
CFD10_ind069	CFD10	10
CFD10_ind070	CFD10	10
CFD10_ind071	CFD10	10
CFD10_ind072	CFD10	10
CFD10_ind073	CFD10	10
CFD10_ind074	CFD10	10
CFD10_ind075	CFD10	10
CFD10_ind076	CFD10	10
CFD10_ind077	CFD10	10
CFD10_ind078	CFD10	10
CFD10_ind079	CFD10	10
CFD10_ind080	CFD10	10
CFD10_ind081	CFD10	10
CFD10_ind082	CFD10	10
CFD10_ind083	CFD10	10
CFD10_ind084	CFD10	10
CFD10_ind085	CFD10	10
CFD10_ind086	CFD10	10
CFD10_ind087	CFD10	10
CFD10_ind088	CFD10	10
CFD10_ind089	CFD10	10
CFD10_ind090	CFD10	10
CFD10_ind091	CFD10	10
CFD10_ind092	CFD10	10
CFD10_ind093	CFD10	10
CFD10_ind094	CFD10	10
CFD10_ind095	CFD10	10
CFD10_ind096	CFD10	10
CFD10_ind097	CFD10	10
CFD10_ind098	CFD10	10
CFD10_ind099	CFD10	10
CFD11_ind001	CFD11	1
CFD11_ind002	CFD11	1
CFD11_ind003	CFD11	1
CFD11_ind004	CFD11	1
CFD11_ind006	CFD11	1
CFD11_ind007	CFD11	1
CFD11_ind008	CFD11	1
CFD11_ind009	CFD11	1
CFD11_ind010	CFD11	1
CFD11_ind011	CFD11	1
CFD11_ind012	CFD11	1
CFD11_ind013	CFD11	1
CFD11_ind014	CFD11	1
CFD11_ind015	CFD11	1
CFD11_ind016	CFD11	1
CFD11_ind017	CFD11	1
CFD11_ind018	CFD11	1
CFD11_ind019	CFD11	1
CFD11_ind020	CFD11	1
CFD11_ind021	CFD11	1
CFD11_ind022	CFD11	1
CFD11_ind023	CFD11	1
CFD11_ind024	CFD11	1
CFD11_ind025	CFD11	1
CFD11_ind026	CFD11	1
CFD11_ind027	CFD11	1
CFD11_ind028	CFD11	1
CFD11_ind029	CFD11	1
CFD11_ind030	CFD11	1
CFD11_ind031	CFD11	1
CFD11_ind032	CFD11	1
CFD11_ind033	CFD11	1
CFD11_ind034	CFD11	1
CFD11_ind035	CFD11	1
CFD11_ind036	CFD11	1
CFD11_ind037	CFD11	1
CFD11_ind038	CFD11	1
CFD11_ind039	CFD11	1
CFD11_ind040	CFD11	1
CFD11_ind041	CFD11	1
CFD11_ind042	CFD11	1
CFD11_ind043	CFD11	1
CFD11_ind044	CFD11	1
CFD11_ind045	CFD11	1
CFD11_ind046	CFD11	1
CFD11_ind047	CFD11	1
CFD11_ind048	CFD11	1
CFD11_ind049	CFD11	1
CFD11_ind050	CFD11	1
CFD11_ind051	CFD11	1
CFD11_ind052	CFD11	1
CFD11_ind053	CFD11	1
CFD11_ind054	CFD11	1
CFD11_ind055	CFD11	1
CFD11_ind056	CFD11	1
CFD11_ind057	CFD11	1
CFD11_ind058	CFD11	1
CFD11_ind059	CFD11	1
CFD11_ind060	CFD11	1
CFD11_ind061	CFD11	1
CFD11_ind062	CFD11	1
CFD11_ind063	CFD11	1
CFD11_ind064	CFD11	1
CFD11_ind065	CFD11	1
CFD11_ind066	CFD11	1
CFD11_ind067	CFD11	1
CFD11_ind068	CFD11	1
CFD11_ind069	CFD11	1
CFD11_ind070	CFD11	1
CFD11_ind071	CFD11	1
CFD11_ind072	CFD11	1
CFD11_ind073	CFD11	1
CFD11_ind074	CFD11	1
CFD11_ind075	CFD11	1
CFD11_ind076	CFD11	1
CFD11_ind077	CFD11	1
CFD11_ind078	CFD11	1
CFD11_ind079	CFD11	1
CFD11_ind080	CFD11	1
CFD11_ind081	CFD11	1
CFD11_ind082	CFD11	1
CFD11_ind083	CFD11	1
CFD11_ind084	CFD11	1
CFD11_ind085	CFD11	1
CFD11_ind086	CFD11	1
CFD11_ind001	CFD11	2
CFD11_ind002	CFD11	2
CFD11_ind003	CFD11	2
CFD11_ind004	CFD11	2
CFD11_ind006	CFD11	2
CFD11_ind007	CFD11	2
CFD11_ind008	CFD11	2
CFD11_ind009	CFD11	2
CFD11_ind010	CFD11	2
CFD11_ind011	CFD11	2
CFD11_ind012	CFD11	2
CFD11_ind013	CFD11	2
CFD11_ind014	CFD11	2
CFD11_ind015	CFD11	2
CFD11_ind016	CFD11	2
CFD11_ind017	CFD11	2
CFD11_ind018	CFD11	2
CFD11_ind019	CFD11	2
CFD11_ind020	CFD11	2
CFD11_ind021	CFD11	2
CFD11_ind022	CFD11	2
CFD11_ind023	CFD11	2
CFD11_ind024	CFD11	2
CFD11_ind025	CFD11	2
CFD11_ind026	CFD11	2
CFD11_ind027	CFD11	2
CFD11_ind028	CFD11	2
CFD11_ind029	CFD11	2
CFD11_ind030	CFD11	2
CFD11_ind031	CFD11	2
CFD11_ind032	CFD11	2
CFD11_ind033	CFD11	2
CFD11_ind034	CFD11	2
CFD11_ind035	CFD11	2
CFD11_ind036	CFD11	2
CFD11_ind037	CFD11	2
CFD11_ind038	CFD11	2
CFD11_ind039	CFD11	2
CFD11_ind040	CFD11	2
CFD11_ind041	CFD11	2
CFD11_ind042	CFD11	2
CFD11_ind043	CFD11	2
CFD11_ind044	CFD11	2
CFD11_ind045	CFD11	2
CFD11_ind046	CFD11	2
CFD11_ind047	CFD11	2
CFD11_ind048	CFD11	2
CFD11_ind049	CFD11	2
CFD11_ind050	CFD11	2
CFD11_ind051	CFD11	2
CFD11_ind052	CFD11	2
CFD11_ind053	CFD11	2
CFD11_ind054	CFD11	2
CFD11_ind055	CFD11	2
CFD11_ind056	CFD11	2
CFD11_ind057	CFD11	2
CFD11_ind058	CFD11	2
CFD11_ind059	CFD11	2
CFD11_ind060	CFD11	2
CFD11_ind061	CFD11	2
CFD11_ind062	CFD11	2
CFD11_ind063	CFD11	2
CFD11_ind064	CFD11	2
CFD11_ind065	CFD11	2
CFD11_ind066	CFD11	2
CFD11_ind067	CFD11	2
CFD11_ind068	CFD11	2
CFD11_ind069	CFD11	2
CFD11_ind070	CFD11	2
CFD11_ind071	CFD11	2
CFD11_ind072	CFD11	2
CFD11_ind073	CFD11	2
CFD11_ind074	CFD11	2
CFD11_ind075	CFD11	2
CFD11_ind076	CFD11	2
CFD11_ind077	CFD11	2
CFD11_ind078	CFD11	2
CFD11_ind079	CFD11	2
CFD11_ind080	CFD11	2
CFD11_ind081	CFD11	2
CFD11_ind082	CFD11	2
CFD11_ind083	CFD11	2
CFD11_ind084	CFD11	2
CFD11_ind085	CFD11	2
CFD11_ind086	CFD11	2
CFD11_ind001	CFD11	3
CFD11_ind002	CFD11	3
CFD11_ind003	CFD11	3
CFD11_ind004	CFD11	3
CFD11_ind006	CFD11	3
CFD11_ind007	CFD11	3
CFD11_ind008	CFD11	3
CFD11_ind009	CFD11	3
CFD11_ind010	CFD11	3
CFD11_ind011	CFD11	3
CFD11_ind012	CFD11	3
CFD11_ind013	CFD11	3
CFD11_ind014	CFD11	3
CFD11_ind015	CFD11	3
CFD11_ind016	CFD11	3
CFD11_ind017	CFD11	3
CFD11_ind018	CFD11	3
CFD11_ind019	CFD11	3
CFD11_ind020	CFD11	3
CFD11_ind021	CFD11	3
CFD11_ind022	CFD11	3
CFD11_ind023	CFD11	3
CFD11_ind024	CFD11	3
CFD11_ind025	CFD11	3
CFD11_ind026	CFD11	3
CFD11_ind027	CFD11	3
CFD11_ind028	CFD11	3
CFD11_ind029	CFD11	3
CFD11_ind030	CFD11	3
CFD11_ind031	CFD11	3
CFD11_ind032	CFD11	3
CFD11_ind033	CFD11	3
CFD11_ind034	CFD11	3
CFD11_ind035	CFD11	3
CFD11_ind036	CFD11	3
CFD11_ind037	CFD11	3
CFD11_ind038	CFD11	3
CFD11_ind039	CFD11	3
CFD11_ind040	CFD11	3
CFD11_ind041	CFD11	3
CFD11_ind042	CFD11	3
CFD11_ind043	CFD11	3
CFD11_ind044	CFD11	3
CFD11_ind045	CFD11	3
CFD11_ind046	CFD11	3
CFD11_ind047	CFD11	3
CFD11_ind048	CFD11	3
CFD11_ind049	CFD11	3
CFD11_ind050	CFD11	3
CFD11_ind051	CFD11	3
CFD11_ind052	CFD11	3
CFD11_ind053	CFD11	3
CFD11_ind054	CFD11	3
CFD11_ind055	CFD11	3
CFD11_ind056	CFD11	3
CFD11_ind057	CFD11	3
CFD11_ind058	CFD11	3
CFD11_ind059	CFD11	3
CFD11_ind060	CFD11	3
CFD11_ind061	CFD11	3
CFD11_ind062	CFD11	3
CFD11_ind063	CFD11	3
CFD11_ind064	CFD11	3
CFD11_ind065	CFD11	3
CFD11_ind066	CFD11	3
CFD11_ind067	CFD11	3
CFD11_ind068	CFD11	3
CFD11_ind069	CFD11	3
CFD11_ind070	CFD11	3
CFD11_ind071	CFD11	3
CFD11_ind072	CFD11	3
CFD11_ind073	CFD11	3
CFD11_ind074	CFD11	3
CFD11_ind075	CFD11	3
CFD11_ind076	CFD11	3
CFD11_ind077	CFD11	3
CFD11_ind078	CFD11	3
CFD11_ind079	CFD11	3
CFD11_ind080	CFD11	3
CFD11_ind081	CFD11	3
CFD11_ind082	CFD11	3
CFD11_ind083	CFD11	3
CFD11_ind084	CFD11	3
CFD11_ind085	CFD11	3
CFD11_ind086	CFD11	3
CFD11_ind001	CFD11	4
CFD11_ind002	CFD11	4
CFD11_ind003	CFD11	4
CFD11_ind004	CFD11	4
CFD11_ind006	CFD11	4
CFD11_ind007	CFD11	4
CFD11_ind008	CFD11	4
CFD11_ind009	CFD11	4
CFD11_ind010	CFD11	4
CFD11_ind011	CFD11	4
CFD11_ind012	CFD11	4
CFD11_ind013	CFD11	4
CFD11_ind014	CFD11	4
CFD11_ind015	CFD11	4
CFD11_ind016	CFD11	4
CFD11_ind017	CFD11	4
CFD11_ind018	CFD11	4
CFD11_ind019	CFD11	4
CFD11_ind020	CFD11	4
CFD11_ind021	CFD11	4
CFD11_ind022	CFD11	4
CFD11_ind023	CFD11	4
CFD11_ind024	CFD11	4
CFD11_ind025	CFD11	4
CFD11_ind026	CFD11	4
CFD11_ind027	CFD11	4
CFD11_ind028	CFD11	4
CFD11_ind029	CFD11	4
CFD11_ind030	CFD11	4
CFD11_ind031	CFD11	4
CFD11_ind032	CFD11	4
CFD11_ind033	CFD11	4
CFD11_ind034	CFD11	4
CFD11_ind035	CFD11	4
CFD11_ind036	CFD11	4
CFD11_ind037	CFD11	4
CFD11_ind038	CFD11	4
CFD11_ind039	CFD11	4
CFD11_ind040	CFD11	4
CFD11_ind041	CFD11	4
CFD11_ind042	CFD11	4
CFD11_ind043	CFD11	4
CFD11_ind044	CFD11	4
CFD11_ind045	CFD11	4
CFD11_ind046	CFD11	4
CFD11_ind047	CFD11	4
CFD11_ind048	CFD11	4
CFD11_ind049	CFD11	4
CFD11_ind050	CFD11	4
CFD11_ind051	CFD11	4
CFD11_ind052	CFD11	4
CFD11_ind053	CFD11	4
CFD11_ind054	CFD11	4
CFD11_ind055	CFD11	4
CFD11_ind056	CFD11	4
CFD11_ind057	CFD11	4
CFD11_ind058	CFD11	4
CFD11_ind059	CFD11	4
CFD11_ind060	CFD11	4
CFD11_ind061	CFD11	4
CFD11_ind062	CFD11	4
CFD11_ind063	CFD11	4
CFD11_ind064	CFD11	4
CFD11_ind065	CFD11	4
CFD11_ind066	CFD11	4
CFD11_ind067	CFD11	4
CFD11_ind068	CFD11	4
CFD11_ind069	CFD11	4
CFD11_ind070	CFD11	4
CFD11_ind071	CFD11	4
CFD11_ind072	CFD11	4
CFD11_ind073	CFD11	4
CFD11_ind074	CFD11	4
CFD11_ind075	CFD11	4
CFD11_ind076	CFD11	4
CFD11_ind077	CFD11	4
CFD11_ind078	CFD11	4
CFD11_ind079	CFD11	4
CFD11_ind080	CFD11	4
CFD11_ind081	CFD11	4
CFD11_ind082	CFD11	4
CFD11_ind083	CFD11	4
CFD11_ind084	CFD11	4
CFD11_ind085	CFD11	4
CFD11_ind086	CFD11	4
CFD11_ind001	CFD11	5
CFD11_ind002	CFD11	5
CFD11_ind003	CFD11	5
CFD11_ind004	CFD11	5
CFD11_ind006	CFD11	5
CFD11_ind007	CFD11	5
CFD11_ind008	CFD11	5
CFD11_ind009	CFD11	5
CFD11_ind010	CFD11	5
CFD11_ind011	CFD11	5
CFD11_ind012	CFD11	5
CFD11_ind013	CFD11	5
CFD11_ind014	CFD11	5
CFD11_ind015	CFD11	5
CFD11_ind016	CFD11	5
CFD11_ind017	CFD11	5
CFD11_ind018	CFD11	5
CFD11_ind019	CFD11	5
CFD11_ind020	CFD11	5
CFD11_ind021	CFD11	5
CFD11_ind022	CFD11	5
CFD11_ind023	CFD11	5
CFD11_ind024	CFD11	5
CFD11_ind025	CFD11	5
CFD11_ind026	CFD11	5
CFD11_ind027	CFD11	5
CFD11_ind028	CFD11	5
CFD11_ind029	CFD11	5
CFD11_ind030	CFD11	5
CFD11_ind031	CFD11	5
CFD11_ind032	CFD11	5
CFD11_ind033	CFD11	5
CFD11_ind034	CFD11	5
CFD11_ind035	CFD11	5
CFD11_ind036	CFD11	5
CFD11_ind037	CFD11	5
CFD11_ind038	CFD11	5
CFD11_ind039	CFD11	5
CFD11_ind040	CFD11	5
CFD11_ind041	CFD11	5
CFD11_ind042	CFD11	5
CFD11_ind043	CFD11	5
CFD11_ind044	CFD11	5
CFD11_ind045	CFD11	5
CFD11_ind046	CFD11	5
CFD11_ind047	CFD11	5
CFD11_ind048	CFD11	5
CFD11_ind049	CFD11	5
CFD11_ind050	CFD11	5
CFD11_ind051	CFD11	5
CFD11_ind052	CFD11	5
CFD11_ind053	CFD11	5
CFD11_ind054	CFD11	5
CFD11_ind055	CFD11	5
CFD11_ind056	CFD11	5
CFD11_ind057	CFD11	5
CFD11_ind058	CFD11	5
CFD11_ind059	CFD11	5
CFD11_ind060	CFD11	5
CFD11_ind061	CFD11	5
CFD11_ind062	CFD11	5
CFD11_ind063	CFD11	5
CFD11_ind064	CFD11	5
CFD11_ind065	CFD11	5
CFD11_ind066	CFD11	5
CFD11_ind067	CFD11	5
CFD11_ind068	CFD11	5
CFD11_ind069	CFD11	5
CFD11_ind070	CFD11	5
CFD11_ind071	CFD11	5
CFD11_ind072	CFD11	5
CFD11_ind073	CFD11	5
CFD11_ind074	CFD11	5
CFD11_ind075	CFD11	5
CFD11_ind076	CFD11	5
CFD11_ind077	CFD11	5
CFD11_ind078	CFD11	5
CFD11_ind079	CFD11	5
CFD11_ind080	CFD11	5
CFD11_ind081	CFD11	5
CFD11_ind082	CFD11	5
CFD11_ind083	CFD11	5
CFD11_ind084	CFD11	5
CFD11_ind085	CFD11	5
CFD11_ind086	CFD11	5
CFD11_ind001	CFD11	6
CFD11_ind002	CFD11	6
CFD11_ind003	CFD11	6
CFD11_ind004	CFD11	6
CFD11_ind006	CFD11	6
CFD11_ind007	CFD11	6
CFD11_ind008	CFD11	6
CFD11_ind009	CFD11	6
CFD11_ind010	CFD11	6
CFD11_ind011	CFD11	6
CFD11_ind012	CFD11	6
CFD11_ind013	CFD11	6
CFD11_ind014	CFD11	6
CFD11_ind015	CFD11	6
CFD11_ind016	CFD11	6
CFD11_ind017	CFD11	6
CFD11_ind018	CFD11	6
CFD11_ind019	CFD11	6
CFD11_ind020	CFD11	6
CFD11_ind021	CFD11	6
CFD11_ind022	CFD11	6
CFD11_ind023	CFD11	6
CFD11_ind024	CFD11	6
CFD11_ind025	CFD11	6
CFD11_ind026	CFD11	6
CFD11_ind027	CFD11	6
CFD11_ind028	CFD11	6
CFD11_ind029	CFD11	6
CFD11_ind030	CFD11	6
CFD11_ind031	CFD11	6
CFD11_ind032	CFD11	6
CFD11_ind033	CFD11	6
CFD11_ind034	CFD11	6
CFD11_ind035	CFD11	6
CFD11_ind036	CFD11	6
CFD11_ind037	CFD11	6
CFD11_ind038	CFD11	6
CFD11_ind039	CFD11	6
CFD11_ind040	CFD11	6
CFD11_ind041	CFD11	6
CFD11_ind042	CFD11	6
CFD11_ind043	CFD11	6
CFD11_ind044	CFD11	6
CFD11_ind045	CFD11	6
CFD11_ind046	CFD11	6
CFD11_ind047	CFD11	6
CFD11_ind048	CFD11	6
CFD11_ind049	CFD11	6
CFD11_ind050	CFD11	6
CFD11_ind051	CFD11	6
CFD11_ind052	CFD11	6
CFD11_ind053	CFD11	6
CFD11_ind054	CFD11	6
CFD11_ind055	CFD11	6
CFD11_ind056	CFD11	6
CFD11_ind057	CFD11	6
CFD11_ind058	CFD11	6
CFD11_ind059	CFD11	6
CFD11_ind060	CFD11	6
CFD11_ind061	CFD11	6
CFD11_ind062	CFD11	6
CFD11_ind063	CFD11	6
CFD11_ind064	CFD11	6
CFD11_ind065	CFD11	6
CFD11_ind066	CFD11	6
CFD11_ind067	CFD11	6
CFD11_ind068	CFD11	6
CFD11_ind069	CFD11	6
CFD11_ind070	CFD11	6
CFD11_ind071	CFD11	6
CFD11_ind072	CFD11	6
CFD11_ind073	CFD11	6
CFD11_ind074	CFD11	6
CFD11_ind075	CFD11	6
CFD11_ind076	CFD11	6
CFD11_ind077	CFD11	6
CFD11_ind078	CFD11	6
CFD11_ind079	CFD11	6
CFD11_ind080	CFD11	6
CFD11_ind081	CFD11	6
CFD11_ind082	CFD11	6
CFD11_ind083	CFD11	6
CFD11_ind084	CFD11	6
CFD11_ind085	CFD11	6
CFD11_ind086	CFD11	6
CFD11_ind001	CFD11	7
CFD11_ind002	CFD11	7
CFD11_ind003	CFD11	7
CFD11_ind004	CFD11	7
CFD11_ind006	CFD11	7
CFD11_ind007	CFD11	7
CFD11_ind008	CFD11	7
CFD11_ind009	CFD11	7
CFD11_ind010	CFD11	7
CFD11_ind011	CFD11	7
CFD11_ind012	CFD11	7
CFD11_ind013	CFD11	7
CFD11_ind014	CFD11	7
CFD11_ind015	CFD11	7
CFD11_ind016	CFD11	7
CFD11_ind017	CFD11	7
CFD11_ind018	CFD11	7
CFD11_ind019	CFD11	7
CFD11_ind020	CFD11	7
CFD11_ind021	CFD11	7
CFD11_ind022	CFD11	7
CFD11_ind023	CFD11	7
CFD11_ind024	CFD11	7
CFD11_ind025	CFD11	7
CFD11_ind026	CFD11	7
CFD11_ind027	CFD11	7
CFD11_ind028	CFD11	7
CFD11_ind029	CFD11	7
CFD11_ind030	CFD11	7
CFD11_ind031	CFD11	7
CFD11_ind032	CFD11	7
CFD11_ind033	CFD11	7
CFD11_ind034	CFD11	7
CFD11_ind035	CFD11	7
CFD11_ind036	CFD11	7
CFD11_ind037	CFD11	7
CFD11_ind038	CFD11	7
CFD11_ind039	CFD11	7
CFD11_ind040	CFD11	7
CFD11_ind041	CFD11	7
CFD11_ind042	CFD11	7
CFD11_ind043	CFD11	7
CFD11_ind044	CFD11	7
CFD11_ind045	CFD11	7
CFD11_ind046	CFD11	7
CFD11_ind047	CFD11	7
CFD11_ind048	CFD11	7
CFD11_ind049	CFD11	7
CFD11_ind050	CFD11	7
CFD11_ind051	CFD11	7
CFD11_ind052	CFD11	7
CFD11_ind053	CFD11	7
CFD11_ind054	CFD11	7
CFD11_ind055	CFD11	7
CFD11_ind056	CFD11	7
CFD11_ind057	CFD11	7
CFD11_ind058	CFD11	7
CFD11_ind059	CFD11	7
CFD11_ind060	CFD11	7
CFD11_ind061	CFD11	7
CFD11_ind062	CFD11	7
CFD11_ind063	CFD11	7
CFD11_ind064	CFD11	7
CFD11_ind065	CFD11	7
CFD11_ind066	CFD11	7
CFD11_ind067	CFD11	7
CFD11_ind068	CFD11	7
CFD11_ind069	CFD11	7
CFD11_ind070	CFD11	7
CFD11_ind071	CFD11	7
CFD11_ind072	CFD11	7
CFD11_ind073	CFD11	7
CFD11_ind074	CFD11	7
CFD11_ind075	CFD11	7
CFD11_ind076	CFD11	7
CFD11_ind077	CFD11	7
CFD11_ind078	CFD11	7
CFD11_ind079	CFD11	7
CFD11_ind080	CFD11	7
CFD11_ind081	CFD11	7
CFD11_ind082	CFD11	7
CFD11_ind083	CFD11	7
CFD11_ind084	CFD11	7
CFD11_ind085	CFD11	7
CFD11_ind086	CFD11	7
CFD11_ind001	CFD11	8
CFD11_ind002	CFD11	8
CFD11_ind003	CFD11	8
CFD11_ind004	CFD11	8
CFD11_ind006	CFD11	8
CFD11_ind007	CFD11	8
CFD11_ind008	CFD11	8
CFD11_ind009	CFD11	8
CFD11_ind010	CFD11	8
CFD11_ind011	CFD11	8
CFD11_ind012	CFD11	8
CFD11_ind013	CFD11	8
CFD11_ind014	CFD11	8
CFD11_ind015	CFD11	8
CFD11_ind016	CFD11	8
CFD11_ind017	CFD11	8
CFD11_ind018	CFD11	8
CFD11_ind019	CFD11	8
CFD11_ind020	CFD11	8
CFD11_ind021	CFD11	8
CFD11_ind022	CFD11	8
CFD11_ind023	CFD11	8
CFD11_ind024	CFD11	8
CFD11_ind025	CFD11	8
CFD11_ind026	CFD11	8
CFD11_ind027	CFD11	8
CFD11_ind028	CFD11	8
CFD11_ind029	CFD11	8
CFD11_ind030	CFD11	8
CFD11_ind031	CFD11	8
CFD11_ind032	CFD11	8
CFD11_ind033	CFD11	8
CFD11_ind034	CFD11	8
CFD11_ind035	CFD11	8
CFD11_ind036	CFD11	8
CFD11_ind037	CFD11	8
CFD11_ind038	CFD11	8
CFD11_ind039	CFD11	8
CFD11_ind040	CFD11	8
CFD11_ind041	CFD11	8
CFD11_ind042	CFD11	8
CFD11_ind043	CFD11	8
CFD11_ind044	CFD11	8
CFD11_ind045	CFD11	8
CFD11_ind046	CFD11	8
CFD11_ind047	CFD11	8
CFD11_ind048	CFD11	8
CFD11_ind049	CFD11	8
CFD11_ind050	CFD11	8
CFD11_ind051	CFD11	8
CFD11_ind052	CFD11	8
CFD11_ind053	CFD11	8
CFD11_ind054	CFD11	8
CFD11_ind055	CFD11	8
CFD11_ind056	CFD11	8
CFD11_ind057	CFD11	8
CFD11_ind058	CFD11	8
CFD11_ind059	CFD11	8
CFD11_ind060	CFD11	8
CFD11_ind061	CFD11	8
CFD11_ind062	CFD11	8
CFD11_ind063	CFD11	8
CFD11_ind064	CFD11	8
CFD11_ind065	CFD11	8
CFD11_ind066	CFD11	8
CFD11_ind067	CFD11	8
CFD11_ind068	CFD11	8
CFD11_ind069	CFD11	8
CFD11_ind070	CFD11	8
CFD11_ind071	CFD11	8
CFD11_ind072	CFD11	8
CFD11_ind073	CFD11	8
CFD11_ind074	CFD11	8
CFD11_ind075	CFD11	8
CFD11_ind076	CFD11	8
CFD11_ind077	CFD11	8
CFD11_ind078	CFD11	8
CFD11_ind079	CFD11	8
CFD11_ind080	CFD11	8
CFD11_ind081	CFD11	8
CFD11_ind082	CFD11	8
CFD11_ind083	CFD11	8
CFD11_ind084	CFD11	8
CFD11_ind085	CFD11	8
CFD11_ind086	CFD11	8
CFD11_ind001	CFD11	9
CFD11_ind002	CFD11	9
CFD11_ind003	CFD11	9
CFD11_ind004	CFD11	9
CFD11_ind006	CFD11	9
CFD11_ind007	CFD11	9
CFD11_ind008	CFD11	9
CFD11_ind009	CFD11	9
CFD11_ind010	CFD11	9
CFD11_ind011	CFD11	9
CFD11_ind012	CFD11	9
CFD11_ind013	CFD11	9
CFD11_ind014	CFD11	9
CFD11_ind015	CFD11	9
CFD11_ind016	CFD11	9
CFD11_ind017	CFD11	9
CFD11_ind018	CFD11	9
CFD11_ind019	CFD11	9
CFD11_ind020	CFD11	9
CFD11_ind021	CFD11	9
CFD11_ind022	CFD11	9
CFD11_ind023	CFD11	9
CFD11_ind024	CFD11	9
CFD11_ind025	CFD11	9
CFD11_ind026	CFD11	9
CFD11_ind027	CFD11	9
CFD11_ind028	CFD11	9
CFD11_ind029	CFD11	9
CFD11_ind030	CFD11	9
CFD11_ind031	CFD11	9
CFD11_ind032	CFD11	9
CFD11_ind033	CFD11	9
CFD11_ind034	CFD11	9
CFD11_ind035	CFD11	9
CFD11_ind036	CFD11	9
CFD11_ind037	CFD11	9
CFD11_ind038	CFD11	9
CFD11_ind039	CFD11	9
CFD11_ind040	CFD11	9
CFD11_ind041	CFD11	9
CFD11_ind042	CFD11	9
CFD11_ind043	CFD11	9
CFD11_ind044	CFD11	9
CFD11_ind045	CFD11	9
CFD11_ind046	CFD11	9
CFD11_ind047	CFD11	9
CFD11_ind048	CFD11	9
CFD11_ind049	CFD11	9
CFD11_ind050	CFD11	9
CFD11_ind051	CFD11	9
CFD11_ind052	CFD11	9
CFD11_ind053	CFD11	9
CFD11_ind054	CFD11	9
CFD11_ind055	CFD11	9
CFD11_ind056	CFD11	9
CFD11_ind057	CFD11	9
CFD11_ind058	CFD11	9
CFD11_ind059	CFD11	9
CFD11_ind060	CFD11	9
CFD11_ind061	CFD11	9
CFD11_ind062	CFD11	9
CFD11_ind063	CFD11	9
CFD11_ind064	CFD11	9
CFD11_ind065	CFD11	9
CFD11_ind066	CFD11	9
CFD11_ind067	CFD11	9
CFD11_ind068	CFD11	9
CFD11_ind069	CFD11	9
CFD11_ind070	CFD11	9
CFD11_ind071	CFD11	9
CFD11_ind072	CFD11	9
CFD11_ind073	CFD11	9
CFD11_ind074	CFD11	9
CFD11_ind075	CFD11	9
CFD11_ind076	CFD11	9
CFD11_ind077	CFD11	9
CFD11_ind078	CFD11	9
CFD11_ind079	CFD11	9
CFD11_ind080	CFD11	9
CFD11_ind081	CFD11	9
CFD11_ind082	CFD11	9
CFD11_ind083	CFD11	9
CFD11_ind084	CFD11	9
CFD11_ind085	CFD11	9
CFD11_ind086	CFD11	9
CFD11_ind001	CFD11	10
CFD11_ind002	CFD11	10
CFD11_ind003	CFD11	10
CFD11_ind004	CFD11	10
CFD11_ind006	CFD11	10
CFD11_ind007	CFD11	10
CFD11_ind008	CFD11	10
CFD11_ind009	CFD11	10
CFD11_ind010	CFD11	10
CFD11_ind011	CFD11	10
CFD11_ind012	CFD11	10
CFD11_ind013	CFD11	10
CFD11_ind014	CFD11	10
CFD11_ind015	CFD11	10
CFD11_ind016	CFD11	10
CFD11_ind017	CFD11	10
CFD11_ind018	CFD11	10
CFD11_ind019	CFD11	10
CFD11_ind020	CFD11	10
CFD11_ind021	CFD11	10
CFD11_ind022	CFD11	10
CFD11_ind023	CFD11	10
CFD11_ind024	CFD11	10
CFD11_ind025	CFD11	10
CFD11_ind026	CFD11	10
CFD11_ind027	CFD11	10
CFD11_ind028	CFD11	10
CFD11_ind029	CFD11	10
CFD11_ind030	CFD11	10
CFD11_ind031	CFD11	10
CFD11_ind032	CFD11	10
CFD11_ind033	CFD11	10
CFD11_ind034	CFD11	10
CFD11_ind035	CFD11	10
CFD11_ind036	CFD11	10
CFD11_ind037	CFD11	10
CFD11_ind038	CFD11	10
CFD11_ind039	CFD11	10
CFD11_ind040	CFD11	10
CFD11_ind041	CFD11	10
CFD11_ind042	CFD11	10
CFD11_ind043	CFD11	10
CFD11_ind044	CFD11	10
CFD11_ind045	CFD11	10
CFD11_ind046	CFD11	10
CFD11_ind047	CFD11	10
CFD11_ind048	CFD11	10
CFD11_ind049	CFD11	10
CFD11_ind050	CFD11	10
CFD11_ind051	CFD11	10
CFD11_ind052	CFD11	10
CFD11_ind053	CFD11	10
CFD11_ind054	CFD11	10
CFD11_ind055	CFD11	10
CFD11_ind056	CFD11	10
CFD11_ind057	CFD11	10
CFD11_ind058	CFD11	10
CFD11_ind059	CFD11	10
CFD11_ind060	CFD11	10
CFD11_ind061	CFD11	10
CFD11_ind062	CFD11	10
CFD11_ind063	CFD11	10
CFD11_ind064	CFD11	10
CFD11_ind065	CFD11	10
CFD11_ind066	CFD11	10
CFD11_ind067	CFD11	10
CFD11_ind068	CFD11	10
CFD11_ind069	CFD11	10
CFD11_ind070	CFD11	10
CFD11_ind071	CFD11	10
CFD11_ind072	CFD11	10
CFD11_ind073	CFD11	10
CFD11_ind074	CFD11	10
CFD11_ind075	CFD11	10
CFD11_ind076	CFD11	10
CFD11_ind077	CFD11	10
CFD11_ind078	CFD11	10
CFD11_ind079	CFD11	10
CFD11_ind080	CFD11	10
CFD11_ind081	CFD11	10
CFD11_ind082	CFD11	10
CFD11_ind083	CFD11	10
CFD11_ind084	CFD11	10
CFD11_ind085	CFD11	10
CFD11_ind086	CFD11	10
CFD12_ind001	CFD12	1
CFD12_ind002	CFD12	1
CFD12_ind003	CFD12	1
CFD12_ind004	CFD12	1
CFD12_ind005	CFD12	1
CFD12_ind006	CFD12	1
CFD12_ind007	CFD12	1
CFD12_ind008	CFD12	1
CFD12_ind009	CFD12	1
CFD12_ind010	CFD12	1
CFD12_ind011	CFD12	1
CFD12_ind012	CFD12	1
CFD12_ind013	CFD12	1
CFD12_ind014	CFD12	1
CFD12_ind015	CFD12	1
CFD12_ind016	CFD12	1
CFD12_ind017	CFD12	1
CFD12_ind018	CFD12	1
CFD12_ind019	CFD12	1
CFD12_ind020	CFD12	1
CFD12_ind021	CFD12	1
CFD12_ind022	CFD12	1
CFD12_ind023	CFD12	1
CFD12_ind024	CFD12	1
CFD12_ind025	CFD12	1
CFD12_ind026	CFD12	1
CFD12_ind027	CFD12	1
CFD12_ind028	CFD12	1
CFD12_ind029	CFD12	1
CFD12_ind030	CFD12	1
CFD12_ind031	CFD12	1
CFD12_ind032	CFD12	1
CFD12_ind033	CFD12	1
CFD12_ind034	CFD12	1
CFD12_ind035	CFD12	1
CFD12_ind036	CFD12	1
CFD12_ind037	CFD12	1
CFD12_ind038	CFD12	1
CFD12_ind039	CFD12	1
CFD12_ind040	CFD12	1
CFD12_ind041	CFD12	1
CFD12_ind042	CFD12	1
CFD12_ind043	CFD12	1
CFD12_ind044	CFD12	1
CFD12_ind045	CFD12	1
CFD12_ind046	CFD12	1
CFD12_ind047	CFD12	1
CFD12_ind048	CFD12	1
CFD12_ind049	CFD12	1
CFD12_ind050	CFD12	1
CFD12_ind051	CFD12	1
CFD12_ind052	CFD12	1
CFD12_ind053	CFD12	1
CFD12_ind054	CFD12	1
CFD12_ind055	CFD12	1
CFD12_ind056	CFD12	1
CFD12_ind057	CFD12	1
CFD12_ind058	CFD12	1
CFD12_ind059	CFD12	1
CFD12_ind060	CFD12	1
CFD12_ind061	CFD12	1
CFD12_ind062	CFD12	1
CFD12_ind063	CFD12	1
CFD12_ind064	CFD12	1
CFD12_ind065	CFD12	1
CFD12_ind066	CFD12	1
CFD12_ind067	CFD12	1
CFD12_ind068	CFD12	1
CFD12_ind069	CFD12	1
CFD12_ind070	CFD12	1
CFD12_ind071	CFD12	1
CFD12_ind072	CFD12	1
CFD12_ind073	CFD12	1
CFD12_ind074	CFD12	1
CFD12_ind075	CFD12	1
CFD12_ind076	CFD12	1
CFD12_ind077	CFD12	1
CFD12_ind078	CFD12	1
CFD12_ind079	CFD12	1
CFD12_ind080	CFD12	1
CFD12_ind081	CFD12	1
CFD12_ind082	CFD12	1
CFD12_ind083	CFD12	1
CFD12_ind084	CFD12	1
CFD12_ind085	CFD12	1
CFD12_ind086	CFD12	1
CFD12_ind087	CFD12	1
CFD12_ind088	CFD12	1
CFD12_ind089	CFD12	1
CFD12_ind090	CFD12	1
CFD12_ind091	CFD12	1
CFD12_ind092	CFD12	1
CFD12_ind093	CFD12	1
CFD12_ind094	CFD12	1
CFD12_ind095	CFD12	1
CFD12_ind096	CFD12	1
CFD12_ind097	CFD12	1
CFD12_ind098	CFD12	1
CFD12_ind099	CFD12	1
CFD12_ind100	CFD12	1
CFD12_ind001	CFD12	2
CFD12_ind002	CFD12	2
CFD12_ind003	CFD12	2
CFD12_ind004	CFD12	2
CFD12_ind005	CFD12	2
CFD12_ind006	CFD12	2
CFD12_ind007	CFD12	2
CFD12_ind008	CFD12	2
CFD12_ind009	CFD12	2
CFD12_ind010	CFD12	2
CFD12_ind011	CFD12	2
CFD12_ind012	CFD12	2
CFD12_ind013	CFD12	2
CFD12_ind014	CFD12	2
CFD12_ind015	CFD12	2
CFD12_ind016	CFD12	2
CFD12_ind017	CFD12	2
CFD12_ind018	CFD12	2
CFD12_ind019	CFD12	2
CFD12_ind020	CFD12	2
CFD12_ind021	CFD12	2
CFD12_ind022	CFD12	2
CFD12_ind023	CFD12	2
CFD12_ind024	CFD12	2
CFD12_ind025	CFD12	2
CFD12_ind026	CFD12	2
CFD12_ind027	CFD12	2
CFD12_ind028	CFD12	2
CFD12_ind029	CFD12	2
CFD12_ind030	CFD12	2
CFD12_ind031	CFD12	2
CFD12_ind032	CFD12	2
CFD12_ind033	CFD12	2
CFD12_ind034	CFD12	2
CFD12_ind035	CFD12	2
CFD12_ind036	CFD12	2
CFD12_ind037	CFD12	2
CFD12_ind038	CFD12	2
CFD12_ind039	CFD12	2
CFD12_ind040	CFD12	2
CFD12_ind041	CFD12	2
CFD12_ind042	CFD12	2
CFD12_ind043	CFD12	2
CFD12_ind044	CFD12	2
CFD12_ind045	CFD12	2
CFD12_ind046	CFD12	2
CFD12_ind047	CFD12	2
CFD12_ind048	CFD12	2
CFD12_ind049	CFD12	2
CFD12_ind050	CFD12	2
CFD12_ind051	CFD12	2
CFD12_ind052	CFD12	2
CFD12_ind053	CFD12	2
CFD12_ind054	CFD12	2
CFD12_ind055	CFD12	2
CFD12_ind056	CFD12	2
CFD12_ind057	CFD12	2
CFD12_ind058	CFD12	2
CFD12_ind059	CFD12	2
CFD12_ind060	CFD12	2
CFD12_ind061	CFD12	2
CFD12_ind062	CFD12	2
CFD12_ind063	CFD12	2
CFD12_ind064	CFD12	2
CFD12_ind065	CFD12	2
CFD12_ind066	CFD12	2
CFD12_ind067	CFD12	2
CFD12_ind068	CFD12	2
CFD12_ind069	CFD12	2
CFD12_ind070	CFD12	2
CFD12_ind071	CFD12	2
CFD12_ind072	CFD12	2
CFD12_ind073	CFD12	2
CFD12_ind074	CFD12	2
CFD12_ind075	CFD12	2
CFD12_ind076	CFD12	2
CFD12_ind077	CFD12	2
CFD12_ind078	CFD12	2
CFD12_ind079	CFD12	2
CFD12_ind080	CFD12	2
CFD12_ind081	CFD12	2
CFD12_ind082	CFD12	2
CFD12_ind083	CFD12	2
CFD12_ind084	CFD12	2
CFD12_ind085	CFD12	2
CFD12_ind086	CFD12	2
CFD12_ind087	CFD12	2
CFD12_ind088	CFD12	2
CFD12_ind089	CFD12	2
CFD12_ind090	CFD12	2
CFD12_ind091	CFD12	2
CFD12_ind092	CFD12	2
CFD12_ind093	CFD12	2
CFD12_ind094	CFD12	2
CFD12_ind095	CFD12	2
CFD12_ind096	CFD12	2
CFD12_ind097	CFD12	2
CFD12_ind098	CFD12	2
CFD12_ind099	CFD12	2
CFD12_ind100	CFD12	2
CFD12_ind001	CFD12	3
CFD12_ind002	CFD12	3
CFD12_ind003	CFD12	3
CFD12_ind004	CFD12	3
CFD12_ind005	CFD12	3
CFD12_ind006	CFD12	3
CFD12_ind007	CFD12	3
CFD12_ind008	CFD12	3
CFD12_ind009	CFD12	3
CFD12_ind010	CFD12	3
CFD12_ind011	CFD12	3
CFD12_ind012	CFD12	3
CFD12_ind013	CFD12	3
CFD12_ind014	CFD12	3
CFD12_ind015	CFD12	3
CFD12_ind016	CFD12	3
CFD12_ind017	CFD12	3
CFD12_ind018	CFD12	3
CFD12_ind019	CFD12	3
CFD12_ind020	CFD12	3
CFD12_ind021	CFD12	3
CFD12_ind022	CFD12	3
CFD12_ind023	CFD12	3
CFD12_ind024	CFD12	3
CFD12_ind025	CFD12	3
CFD12_ind026	CFD12	3
CFD12_ind027	CFD12	3
CFD12_ind028	CFD12	3
CFD12_ind029	CFD12	3
CFD12_ind030	CFD12	3
CFD12_ind031	CFD12	3
CFD12_ind032	CFD12	3
CFD12_ind033	CFD12	3
CFD12_ind034	CFD12	3
CFD12_ind035	CFD12	3
CFD12_ind036	CFD12	3
CFD12_ind037	CFD12	3
CFD12_ind038	CFD12	3
CFD12_ind039	CFD12	3
CFD12_ind040	CFD12	3
CFD12_ind041	CFD12	3
CFD12_ind042	CFD12	3
CFD12_ind043	CFD12	3
CFD12_ind044	CFD12	3
CFD12_ind045	CFD12	3
CFD12_ind046	CFD12	3
CFD12_ind047	CFD12	3
CFD12_ind048	CFD12	3
CFD12_ind049	CFD12	3
CFD12_ind050	CFD12	3
CFD12_ind051	CFD12	3
CFD12_ind052	CFD12	3
CFD12_ind053	CFD12	3
CFD12_ind054	CFD12	3
CFD12_ind055	CFD12	3
CFD12_ind056	CFD12	3
CFD12_ind057	CFD12	3
CFD12_ind058	CFD12	3
CFD12_ind059	CFD12	3
CFD12_ind060	CFD12	3
CFD12_ind061	CFD12	3
CFD12_ind062	CFD12	3
CFD12_ind063	CFD12	3
CFD12_ind064	CFD12	3
CFD12_ind065	CFD12	3
CFD12_ind066	CFD12	3
CFD12_ind067	CFD12	3
CFD12_ind068	CFD12	3
CFD12_ind069	CFD12	3
CFD12_ind070	CFD12	3
CFD12_ind071	CFD12	3
CFD12_ind072	CFD12	3
CFD12_ind073	CFD12	3
CFD12_ind074	CFD12	3
CFD12_ind075	CFD12	3
CFD12_ind076	CFD12	3
CFD12_ind077	CFD12	3
CFD12_ind078	CFD12	3
CFD12_ind079	CFD12	3
CFD12_ind080	CFD12	3
CFD12_ind081	CFD12	3
CFD12_ind082	CFD12	3
CFD12_ind083	CFD12	3
CFD12_ind084	CFD12	3
CFD12_ind085	CFD12	3
CFD12_ind086	CFD12	3
CFD12_ind087	CFD12	3
CFD12_ind088	CFD12	3
CFD12_ind089	CFD12	3
CFD12_ind090	CFD12	3
CFD12_ind091	CFD12	3
CFD12_ind092	CFD12	3
CFD12_ind093	CFD12	3
CFD12_ind094	CFD12	3
CFD12_ind095	CFD12	3
CFD12_ind096	CFD12	3
CFD12_ind097	CFD12	3
CFD12_ind098	CFD12	3
CFD12_ind099	CFD12	3
CFD12_ind100	CFD12	3
CFD12_ind001	CFD12	4
CFD12_ind002	CFD12	4
CFD12_ind003	CFD12	4
CFD12_ind004	CFD12	4
CFD12_ind005	CFD12	4
CFD12_ind006	CFD12	4
CFD12_ind007	CFD12	4
CFD12_ind008	CFD12	4
CFD12_ind009	CFD12	4
CFD12_ind010	CFD12	4
CFD12_ind011	CFD12	4
CFD12_ind012	CFD12	4
CFD12_ind013	CFD12	4
CFD12_ind014	CFD12	4
CFD12_ind015	CFD12	4
CFD12_ind016	CFD12	4
CFD12_ind017	CFD12	4
CFD12_ind018	CFD12	4
CFD12_ind019	CFD12	4
CFD12_ind020	CFD12	4
CFD12_ind021	CFD12	4
CFD12_ind022	CFD12	4
CFD12_ind023	CFD12	4
CFD12_ind024	CFD12	4
CFD12_ind025	CFD12	4
CFD12_ind026	CFD12	4
CFD12_ind027	CFD12	4
CFD12_ind028	CFD12	4
CFD12_ind029	CFD12	4
CFD12_ind030	CFD12	4
CFD12_ind031	CFD12	4
CFD12_ind032	CFD12	4
CFD12_ind033	CFD12	4
CFD12_ind034	CFD12	4
CFD12_ind035	CFD12	4
CFD12_ind036	CFD12	4
CFD12_ind037	CFD12	4
CFD12_ind038	CFD12	4
CFD12_ind039	CFD12	4
CFD12_ind040	CFD12	4
CFD12_ind041	CFD12	4
CFD12_ind042	CFD12	4
CFD12_ind043	CFD12	4
CFD12_ind044	CFD12	4
CFD12_ind045	CFD12	4
CFD12_ind046	CFD12	4
CFD12_ind047	CFD12	4
CFD12_ind048	CFD12	4
CFD12_ind049	CFD12	4
CFD12_ind050	CFD12	4
CFD12_ind051	CFD12	4
CFD12_ind052	CFD12	4
CFD12_ind053	CFD12	4
CFD12_ind054	CFD12	4
CFD12_ind055	CFD12	4
CFD12_ind056	CFD12	4
CFD12_ind057	CFD12	4
CFD12_ind058	CFD12	4
CFD12_ind059	CFD12	4
CFD12_ind060	CFD12	4
CFD12_ind061	CFD12	4
CFD12_ind062	CFD12	4
CFD12_ind063	CFD12	4
CFD12_ind064	CFD12	4
CFD12_ind065	CFD12	4
CFD12_ind066	CFD12	4
CFD12_ind067	CFD12	4
CFD12_ind068	CFD12	4
CFD12_ind069	CFD12	4
CFD12_ind070	CFD12	4
CFD12_ind071	CFD12	4
CFD12_ind072	CFD12	4
CFD12_ind073	CFD12	4
CFD12_ind074	CFD12	4
CFD12_ind075	CFD12	4
CFD12_ind076	CFD12	4
CFD12_ind077	CFD12	4
CFD12_ind078	CFD12	4
CFD12_ind079	CFD12	4
CFD12_ind080	CFD12	4
CFD12_ind081	CFD12	4
CFD12_ind082	CFD12	4
CFD12_ind083	CFD12	4
CFD12_ind084	CFD12	4
CFD12_ind085	CFD12	4
CFD12_ind086	CFD12	4
CFD12_ind087	CFD12	4
CFD12_ind088	CFD12	4
CFD12_ind089	CFD12	4
CFD12_ind090	CFD12	4
CFD12_ind091	CFD12	4
CFD12_ind092	CFD12	4
CFD12_ind093	CFD12	4
CFD12_ind094	CFD12	4
CFD12_ind095	CFD12	4
CFD12_ind096	CFD12	4
CFD12_ind097	CFD12	4
CFD12_ind098	CFD12	4
CFD12_ind099	CFD12	4
CFD12_ind100	CFD12	4
CFD12_ind001	CFD12	5
CFD12_ind002	CFD12	5
CFD12_ind003	CFD12	5
CFD12_ind004	CFD12	5
CFD12_ind005	CFD12	5
CFD12_ind006	CFD12	5
CFD12_ind007	CFD12	5
CFD12_ind008	CFD12	5
CFD12_ind009	CFD12	5
CFD12_ind010	CFD12	5
CFD12_ind011	CFD12	5
CFD12_ind012	CFD12	5
CFD12_ind013	CFD12	5
CFD12_ind014	CFD12	5
CFD12_ind015	CFD12	5
CFD12_ind016	CFD12	5
CFD12_ind017	CFD12	5
CFD12_ind018	CFD12	5
CFD12_ind019	CFD12	5
CFD12_ind020	CFD12	5
CFD12_ind021	CFD12	5
CFD12_ind022	CFD12	5
CFD12_ind023	CFD12	5
CFD12_ind024	CFD12	5
CFD12_ind025	CFD12	5
CFD12_ind026	CFD12	5
CFD12_ind027	CFD12	5
CFD12_ind028	CFD12	5
CFD12_ind029	CFD12	5
CFD12_ind030	CFD12	5
CFD12_ind031	CFD12	5
CFD12_ind032	CFD12	5
CFD12_ind033	CFD12	5
CFD12_ind034	CFD12	5
CFD12_ind035	CFD12	5
CFD12_ind036	CFD12	5
CFD12_ind037	CFD12	5
CFD12_ind038	CFD12	5
CFD12_ind039	CFD12	5
CFD12_ind040	CFD12	5
CFD12_ind041	CFD12	5
CFD12_ind042	CFD12	5
CFD12_ind043	CFD12	5
CFD12_ind044	CFD12	5
CFD12_ind045	CFD12	5
CFD12_ind046	CFD12	5
CFD12_ind047	CFD12	5
CFD12_ind048	CFD12	5
CFD12_ind049	CFD12	5
CFD12_ind050	CFD12	5
CFD12_ind051	CFD12	5
CFD12_ind052	CFD12	5
CFD12_ind053	CFD12	5
CFD12_ind054	CFD12	5
CFD12_ind055	CFD12	5
CFD12_ind056	CFD12	5
CFD12_ind057	CFD12	5
CFD12_ind058	CFD12	5
CFD12_ind059	CFD12	5
CFD12_ind060	CFD12	5
CFD12_ind061	CFD12	5
CFD12_ind062	CFD12	5
CFD12_ind063	CFD12	5
CFD12_ind064	CFD12	5
CFD12_ind065	CFD12	5
CFD12_ind066	CFD12	5
CFD12_ind067	CFD12	5
CFD12_ind068	CFD12	5
CFD12_ind069	CFD12	5
CFD12_ind070	CFD12	5
CFD12_ind071	CFD12	5
CFD12_ind072	CFD12	5
CFD12_ind073	CFD12	5
CFD12_ind074	CFD12	5
CFD12_ind075	CFD12	5
CFD12_ind076	CFD12	5
CFD12_ind077	CFD12	5
CFD12_ind078	CFD12	5
CFD12_ind079	CFD12	5
CFD12_ind080	CFD12	5
CFD12_ind081	CFD12	5
CFD12_ind082	CFD12	5
CFD12_ind083	CFD12	5
CFD12_ind084	CFD12	5
CFD12_ind085	CFD12	5
CFD12_ind086	CFD12	5
CFD12_ind087	CFD12	5
CFD12_ind088	CFD12	5
CFD12_ind089	CFD12	5
CFD12_ind090	CFD12	5
CFD12_ind091	CFD12	5
CFD12_ind092	CFD12	5
CFD12_ind093	CFD12	5
CFD12_ind094	CFD12	5
CFD12_ind095	CFD12	5
CFD12_ind096	CFD12	5
CFD12_ind097	CFD12	5
CFD12_ind098	CFD12	5
CFD12_ind099	CFD12	5
CFD12_ind100	CFD12	5
CFD12_ind001	CFD12	6
CFD12_ind002	CFD12	6
CFD12_ind003	CFD12	6
CFD12_ind004	CFD12	6
CFD12_ind005	CFD12	6
CFD12_ind006	CFD12	6
CFD12_ind007	CFD12	6
CFD12_ind008	CFD12	6
CFD12_ind009	CFD12	6
CFD12_ind010	CFD12	6
CFD12_ind011	CFD12	6
CFD12_ind012	CFD12	6
CFD12_ind013	CFD12	6
CFD12_ind014	CFD12	6
CFD12_ind015	CFD12	6
CFD12_ind016	CFD12	6
CFD12_ind017	CFD12	6
CFD12_ind018	CFD12	6
CFD12_ind019	CFD12	6
CFD12_ind020	CFD12	6
CFD12_ind021	CFD12	6
CFD12_ind022	CFD12	6
CFD12_ind023	CFD12	6
CFD12_ind024	CFD12	6
CFD12_ind025	CFD12	6
CFD12_ind026	CFD12	6
CFD12_ind027	CFD12	6
CFD12_ind028	CFD12	6
CFD12_ind029	CFD12	6
CFD12_ind030	CFD12	6
CFD12_ind031	CFD12	6
CFD12_ind032	CFD12	6
CFD12_ind033	CFD12	6
CFD12_ind034	CFD12	6
CFD12_ind035	CFD12	6
CFD12_ind036	CFD12	6
CFD12_ind037	CFD12	6
CFD12_ind038	CFD12	6
CFD12_ind039	CFD12	6
CFD12_ind040	CFD12	6
CFD12_ind041	CFD12	6
CFD12_ind042	CFD12	6
CFD12_ind043	CFD12	6
CFD12_ind044	CFD12	6
CFD12_ind045	CFD12	6
CFD12_ind046	CFD12	6
CFD12_ind047	CFD12	6
CFD12_ind048	CFD12	6
CFD12_ind049	CFD12	6
CFD12_ind050	CFD12	6
CFD12_ind051	CFD12	6
CFD12_ind052	CFD12	6
CFD12_ind053	CFD12	6
CFD12_ind054	CFD12	6
CFD12_ind055	CFD12	6
CFD12_ind056	CFD12	6
CFD12_ind057	CFD12	6
CFD12_ind058	CFD12	6
CFD12_ind059	CFD12	6
CFD12_ind060	CFD12	6
CFD12_ind061	CFD12	6
CFD12_ind062	CFD12	6
CFD12_ind063	CFD12	6
CFD12_ind064	CFD12	6
CFD12_ind065	CFD12	6
CFD12_ind066	CFD12	6
CFD12_ind067	CFD12	6
CFD12_ind068	CFD12	6
CFD12_ind069	CFD12	6
CFD12_ind070	CFD12	6
CFD12_ind071	CFD12	6
CFD12_ind072	CFD12	6
CFD12_ind073	CFD12	6
CFD12_ind074	CFD12	6
CFD12_ind075	CFD12	6
CFD12_ind076	CFD12	6
CFD12_ind077	CFD12	6
CFD12_ind078	CFD12	6
CFD12_ind079	CFD12	6
CFD12_ind080	CFD12	6
CFD12_ind081	CFD12	6
CFD12_ind082	CFD12	6
CFD12_ind083	CFD12	6
CFD12_ind084	CFD12	6
CFD12_ind085	CFD12	6
CFD12_ind086	CFD12	6
CFD12_ind087	CFD12	6
CFD12_ind088	CFD12	6
CFD12_ind089	CFD12	6
CFD12_ind090	CFD12	6
CFD12_ind091	CFD12	6
CFD12_ind092	CFD12	6
CFD12_ind093	CFD12	6
CFD12_ind094	CFD12	6
CFD12_ind095	CFD12	6
CFD12_ind096	CFD12	6
CFD12_ind097	CFD12	6
CFD12_ind098	CFD12	6
CFD12_ind099	CFD12	6
CFD12_ind100	CFD12	6
CFD12_ind001	CFD12	7
CFD12_ind002	CFD12	7
CFD12_ind003	CFD12	7
CFD12_ind004	CFD12	7
CFD12_ind005	CFD12	7
CFD12_ind006	CFD12	7
CFD12_ind007	CFD12	7
CFD12_ind008	CFD12	7
CFD12_ind009	CFD12	7
CFD12_ind010	CFD12	7
CFD12_ind011	CFD12	7
CFD12_ind012	CFD12	7
CFD12_ind013	CFD12	7
CFD12_ind014	CFD12	7
CFD12_ind015	CFD12	7
CFD12_ind016	CFD12	7
CFD12_ind017	CFD12	7
CFD12_ind018	CFD12	7
CFD12_ind019	CFD12	7
CFD12_ind020	CFD12	7
CFD12_ind021	CFD12	7
CFD12_ind022	CFD12	7
CFD12_ind023	CFD12	7
CFD12_ind024	CFD12	7
CFD12_ind025	CFD12	7
CFD12_ind026	CFD12	7
CFD12_ind027	CFD12	7
CFD12_ind028	CFD12	7
CFD12_ind029	CFD12	7
CFD12_ind030	CFD12	7
CFD12_ind031	CFD12	7
CFD12_ind032	CFD12	7
CFD12_ind033	CFD12	7
CFD12_ind034	CFD12	7
CFD12_ind035	CFD12	7
CFD12_ind036	CFD12	7
CFD12_ind037	CFD12	7
CFD12_ind038	CFD12	7
CFD12_ind039	CFD12	7
CFD12_ind040	CFD12	7
CFD12_ind041	CFD12	7
CFD12_ind042	CFD12	7
CFD12_ind043	CFD12	7
CFD12_ind044	CFD12	7
CFD12_ind045	CFD12	7
CFD12_ind046	CFD12	7
CFD12_ind047	CFD12	7
CFD12_ind048	CFD12	7
CFD12_ind049	CFD12	7
CFD12_ind050	CFD12	7
CFD12_ind051	CFD12	7
CFD12_ind052	CFD12	7
CFD12_ind053	CFD12	7
CFD12_ind054	CFD12	7
CFD12_ind055	CFD12	7
CFD12_ind056	CFD12	7
CFD12_ind057	CFD12	7
CFD12_ind058	CFD12	7
CFD12_ind059	CFD12	7
CFD12_ind060	CFD12	7
CFD12_ind061	CFD12	7
CFD12_ind062	CFD12	7
CFD12_ind063	CFD12	7
CFD12_ind064	CFD12	7
CFD12_ind065	CFD12	7
CFD12_ind066	CFD12	7
CFD12_ind067	CFD12	7
CFD12_ind068	CFD12	7
CFD12_ind069	CFD12	7
CFD12_ind070	CFD12	7
CFD12_ind071	CFD12	7
CFD12_ind072	CFD12	7
CFD12_ind073	CFD12	7
CFD12_ind074	CFD12	7
CFD12_ind075	CFD12	7
CFD12_ind076	CFD12	7
CFD12_ind077	CFD12	7
CFD12_ind078	CFD12	7
CFD12_ind079	CFD12	7
CFD12_ind080	CFD12	7
CFD12_ind081	CFD12	7
CFD12_ind082	CFD12	7
CFD12_ind083	CFD12	7
CFD12_ind084	CFD12	7
CFD12_ind085	CFD12	7
CFD12_ind086	CFD12	7
CFD12_ind087	CFD12	7
CFD12_ind088	CFD12	7
CFD12_ind089	CFD12	7
CFD12_ind090	CFD12	7
CFD12_ind091	CFD12	7
CFD12_ind092	CFD12	7
CFD12_ind093	CFD12	7
CFD12_ind094	CFD12	7
CFD12_ind095	CFD12	7
CFD12_ind096	CFD12	7
CFD12_ind097	CFD12	7
CFD12_ind098	CFD12	7
CFD12_ind099	CFD12	7
CFD12_ind100	CFD12	7
CFD12_ind001	CFD12	8
CFD12_ind002	CFD12	8
CFD12_ind003	CFD12	8
CFD12_ind004	CFD12	8
CFD12_ind005	CFD12	8
CFD12_ind006	CFD12	8
CFD12_ind007	CFD12	8
CFD12_ind008	CFD12	8
CFD12_ind009	CFD12	8
CFD12_ind010	CFD12	8
CFD12_ind011	CFD12	8
CFD12_ind012	CFD12	8
CFD12_ind013	CFD12	8
CFD12_ind014	CFD12	8
CFD12_ind015	CFD12	8
CFD12_ind016	CFD12	8
CFD12_ind017	CFD12	8
CFD12_ind018	CFD12	8
CFD12_ind019	CFD12	8
CFD12_ind020	CFD12	8
CFD12_ind021	CFD12	8
CFD12_ind022	CFD12	8
CFD12_ind023	CFD12	8
CFD12_ind024	CFD12	8
CFD12_ind025	CFD12	8
CFD12_ind026	CFD12	8
CFD12_ind027	CFD12	8
CFD12_ind028	CFD12	8
CFD12_ind029	CFD12	8
CFD12_ind030	CFD12	8
CFD12_ind031	CFD12	8
CFD12_ind032	CFD12	8
CFD12_ind033	CFD12	8
CFD12_ind034	CFD12	8
CFD12_ind035	CFD12	8
CFD12_ind036	CFD12	8
CFD12_ind037	CFD12	8
CFD12_ind038	CFD12	8
CFD12_ind039	CFD12	8
CFD12_ind040	CFD12	8
CFD12_ind041	CFD12	8
CFD12_ind042	CFD12	8
CFD12_ind043	CFD12	8
CFD12_ind044	CFD12	8
CFD12_ind045	CFD12	8
CFD12_ind046	CFD12	8
CFD12_ind047	CFD12	8
CFD12_ind048	CFD12	8
CFD12_ind049	CFD12	8
CFD12_ind050	CFD12	8
CFD12_ind051	CFD12	8
CFD12_ind052	CFD12	8
CFD12_ind053	CFD12	8
CFD12_ind054	CFD12	8
CFD12_ind055	CFD12	8
CFD12_ind056	CFD12	8
CFD12_ind057	CFD12	8
CFD12_ind058	CFD12	8
CFD12_ind059	CFD12	8
CFD12_ind060	CFD12	8
CFD12_ind061	CFD12	8
CFD12_ind062	CFD12	8
CFD12_ind063	CFD12	8
CFD12_ind064	CFD12	8
CFD12_ind065	CFD12	8
CFD12_ind066	CFD12	8
CFD12_ind067	CFD12	8
CFD12_ind068	CFD12	8
CFD12_ind069	CFD12	8
CFD12_ind070	CFD12	8
CFD12_ind071	CFD12	8
CFD12_ind072	CFD12	8
CFD12_ind073	CFD12	8
CFD12_ind074	CFD12	8
CFD12_ind075	CFD12	8
CFD12_ind076	CFD12	8
CFD12_ind077	CFD12	8
CFD12_ind078	CFD12	8
CFD12_ind079	CFD12	8
CFD12_ind080	CFD12	8
CFD12_ind081	CFD12	8
CFD12_ind082	CFD12	8
CFD12_ind083	CFD12	8
CFD12_ind084	CFD12	8
CFD12_ind085	CFD12	8
CFD12_ind086	CFD12	8
CFD12_ind087	CFD12	8
CFD12_ind088	CFD12	8
CFD12_ind089	CFD12	8
CFD12_ind090	CFD12	8
CFD12_ind091	CFD12	8
CFD12_ind092	CFD12	8
CFD12_ind093	CFD12	8
CFD12_ind094	CFD12	8
CFD12_ind095	CFD12	8
CFD12_ind096	CFD12	8
CFD12_ind097	CFD12	8
CFD12_ind098	CFD12	8
CFD12_ind099	CFD12	8
CFD12_ind100	CFD12	8
CFD12_ind001	CFD12	9
CFD12_ind002	CFD12	9
CFD12_ind003	CFD12	9
CFD12_ind004	CFD12	9
CFD12_ind005	CFD12	9
CFD12_ind006	CFD12	9
CFD12_ind007	CFD12	9
CFD12_ind008	CFD12	9
CFD12_ind009	CFD12	9
CFD12_ind010	CFD12	9
CFD12_ind011	CFD12	9
CFD12_ind012	CFD12	9
CFD12_ind013	CFD12	9
CFD12_ind014	CFD12	9
CFD12_ind015	CFD12	9
CFD12_ind016	CFD12	9
CFD12_ind017	CFD12	9
CFD12_ind018	CFD12	9
CFD12_ind019	CFD12	9
CFD12_ind020	CFD12	9
CFD12_ind021	CFD12	9
CFD12_ind022	CFD12	9
CFD12_ind023	CFD12	9
CFD12_ind024	CFD12	9
CFD12_ind025	CFD12	9
CFD12_ind026	CFD12	9
CFD12_ind027	CFD12	9
CFD12_ind028	CFD12	9
CFD12_ind029	CFD12	9
CFD12_ind030	CFD12	9
CFD12_ind031	CFD12	9
CFD12_ind032	CFD12	9
CFD12_ind033	CFD12	9
CFD12_ind034	CFD12	9
CFD12_ind035	CFD12	9
CFD12_ind036	CFD12	9
CFD12_ind037	CFD12	9
CFD12_ind038	CFD12	9
CFD12_ind039	CFD12	9
CFD12_ind040	CFD12	9
CFD12_ind041	CFD12	9
CFD12_ind042	CFD12	9
CFD12_ind043	CFD12	9
CFD12_ind044	CFD12	9
CFD12_ind045	CFD12	9
CFD12_ind046	CFD12	9
CFD12_ind047	CFD12	9
CFD12_ind048	CFD12	9
CFD12_ind049	CFD12	9
CFD12_ind050	CFD12	9
CFD12_ind051	CFD12	9
CFD12_ind052	CFD12	9
CFD12_ind053	CFD12	9
CFD12_ind054	CFD12	9
CFD12_ind055	CFD12	9
CFD12_ind056	CFD12	9
CFD12_ind057	CFD12	9
CFD12_ind058	CFD12	9
CFD12_ind059	CFD12	9
CFD12_ind060	CFD12	9
CFD12_ind061	CFD12	9
CFD12_ind062	CFD12	9
CFD12_ind063	CFD12	9
CFD12_ind064	CFD12	9
CFD12_ind065	CFD12	9
CFD12_ind066	CFD12	9
CFD12_ind067	CFD12	9
CFD12_ind068	CFD12	9
CFD12_ind069	CFD12	9
CFD12_ind070	CFD12	9
CFD12_ind071	CFD12	9
CFD12_ind072	CFD12	9
CFD12_ind073	CFD12	9
CFD12_ind074	CFD12	9
CFD12_ind075	CFD12	9
CFD12_ind076	CFD12	9
CFD12_ind077	CFD12	9
CFD12_ind078	CFD12	9
CFD12_ind079	CFD12	9
CFD12_ind080	CFD12	9
CFD12_ind081	CFD12	9
CFD12_ind082	CFD12	9
CFD12_ind083	CFD12	9
CFD12_ind084	CFD12	9
CFD12_ind085	CFD12	9
CFD12_ind086	CFD12	9
CFD12_ind087	CFD12	9
CFD12_ind088	CFD12	9
CFD12_ind089	CFD12	9
CFD12_ind090	CFD12	9
CFD12_ind091	CFD12	9
CFD12_ind092	CFD12	9
CFD12_ind093	CFD12	9
CFD12_ind094	CFD12	9
CFD12_ind095	CFD12	9
CFD12_ind096	CFD12	9
CFD12_ind097	CFD12	9
CFD12_ind098	CFD12	9
CFD12_ind099	CFD12	9
CFD12_ind100	CFD12	9
CFD12_ind001	CFD12	10
CFD12_ind002	CFD12	10
CFD12_ind003	CFD12	10
CFD12_ind004	CFD12	10
CFD12_ind005	CFD12	10
CFD12_ind006	CFD12	10
CFD12_ind007	CFD12	10
CFD12_ind008	CFD12	10
CFD12_ind009	CFD12	10
CFD12_ind010	CFD12	10
CFD12_ind011	CFD12	10
CFD12_ind012	CFD12	10
CFD12_ind013	CFD12	10
CFD12_ind014	CFD12	10
CFD12_ind015	CFD12	10
CFD12_ind016	CFD12	10
CFD12_ind017	CFD12	10
CFD12_ind018	CFD12	10
CFD12_ind019	CFD12	10
CFD12_ind020	CFD12	10
CFD12_ind021	CFD12	10
CFD12_ind022	CFD12	10
CFD12_ind023	CFD12	10
CFD12_ind024	CFD12	10
CFD12_ind025	CFD12	10
CFD12_ind026	CFD12	10
CFD12_ind027	CFD12	10
CFD12_ind028	CFD12	10
CFD12_ind029	CFD12	10
CFD12_ind030	CFD12	10
CFD12_ind031	CFD12	10
CFD12_ind032	CFD12	10
CFD12_ind033	CFD12	10
CFD12_ind034	CFD12	10
CFD12_ind035	CFD12	10
CFD12_ind036	CFD12	10
CFD12_ind037	CFD12	10
CFD12_ind038	CFD12	10
CFD12_ind039	CFD12	10
CFD12_ind040	CFD12	10
CFD12_ind041	CFD12	10
CFD12_ind042	CFD12	10
CFD12_ind043	CFD12	10
CFD12_ind044	CFD12	10
CFD12_ind045	CFD12	10
CFD12_ind046	CFD12	10
CFD12_ind047	CFD12	10
CFD12_ind048	CFD12	10
CFD12_ind049	CFD12	10
CFD12_ind050	CFD12	10
CFD12_ind051	CFD12	10
CFD12_ind052	CFD12	10
CFD12_ind053	CFD12	10
CFD12_ind054	CFD12	10
CFD12_ind055	CFD12	10
CFD12_ind056	CFD12	10
CFD12_ind057	CFD12	10
CFD12_ind058	CFD12	10
CFD12_ind059	CFD12	10
CFD12_ind060	CFD12	10
CFD12_ind061	CFD12	10
CFD12_ind062	CFD12	10
CFD12_ind063	CFD12	10
CFD12_ind064	CFD12	10
CFD12_ind065	CFD12	10
CFD12_ind066	CFD12	10
CFD12_ind067	CFD12	10
CFD12_ind068	CFD12	10
CFD12_ind069	CFD12	10
CFD12_ind070	CFD12	10
CFD12_ind071	CFD12	10
CFD12_ind072	CFD12	10
CFD12_ind073	CFD12	10
CFD12_ind074	CFD12	10
CFD12_ind075	CFD12	10
CFD12_ind076	CFD12	10
CFD12_ind077	CFD12	10
CFD12_ind078	CFD12	10
CFD12_ind079	CFD12	10
CFD12_ind080	CFD12	10
CFD12_ind081	CFD12	10
CFD12_ind082	CFD12	10
CFD12_ind083	CFD12	10
CFD12_ind084	CFD12	10
CFD12_ind085	CFD12	10
CFD12_ind086	CFD12	10
CFD12_ind087	CFD12	10
CFD12_ind088	CFD12	10
CFD12_ind089	CFD12	10
CFD12_ind090	CFD12	10
CFD12_ind091	CFD12	10
CFD12_ind092	CFD12	10
CFD12_ind093	CFD12	10
CFD12_ind094	CFD12	10
CFD12_ind095	CFD12	10
CFD12_ind096	CFD12	10
CFD12_ind097	CFD12	10
CFD12_ind098	CFD12	10
CFD12_ind099	CFD12	10
CFD12_ind100	CFD12	10
CFF01_ind001	CFF01	1
CFF01_ind002	CFF01	1
CFF01_ind003	CFF01	1
CFF01_ind004	CFF01	1
CFF01_ind005	CFF01	1
CFF01_ind006	CFF01	1
CFF01_ind007	CFF01	1
CFF01_ind008	CFF01	1
CFF01_ind009	CFF01	1
CFF01_ind010	CFF01	1
CFF01_ind011	CFF01	1
CFF01_ind012	CFF01	1
CFF01_ind013	CFF01	1
CFF01_ind014	CFF01	1
CFF01_ind015	CFF01	1
CFF01_ind016	CFF01	1
CFF01_ind017	CFF01	1
CFF01_ind018	CFF01	1
CFF01_ind019	CFF01	1
CFF01_ind020	CFF01	1
CFF01_ind021	CFF01	1
CFF01_ind023	CFF01	1
CFF01_ind024	CFF01	1
CFF01_ind025	CFF01	1
CFF01_ind026	CFF01	1
CFF01_ind027	CFF01	1
CFF01_ind028	CFF01	1
CFF01_ind029	CFF01	1
CFF01_ind030	CFF01	1
CFF01_ind031	CFF01	1
CFF01_ind032	CFF01	1
CFF01_ind033	CFF01	1
CFF01_ind034	CFF01	1
CFF01_ind035	CFF01	1
CFF01_ind036	CFF01	1
CFF01_ind037	CFF01	1
CFF01_ind038	CFF01	1
CFF01_ind039	CFF01	1
CFF01_ind040	CFF01	1
CFF01_ind041	CFF01	1
CFF01_ind042	CFF01	1
CFF01_ind043	CFF01	1
CFF01_ind044	CFF01	1
CFF01_ind045	CFF01	1
CFF01_ind046	CFF01	1
CFF01_ind047	CFF01	1
CFF01_ind048	CFF01	1
CFF01_ind049	CFF01	1
CFF01_ind050	CFF01	1
CFF01_ind051	CFF01	1
CFF01_ind052	CFF01	1
CFF01_ind053	CFF01	1
CFF01_ind054	CFF01	1
CFF01_ind055	CFF01	1
CFF01_ind056	CFF01	1
CFF01_ind057	CFF01	1
CFF01_ind058	CFF01	1
CFF01_ind059	CFF01	1
CFF01_ind060	CFF01	1
CFF01_ind061	CFF01	1
CFF01_ind062	CFF01	1
CFF01_ind063	CFF01	1
CFF01_ind064	CFF01	1
CFF01_ind065	CFF01	1
CFF01_ind066	CFF01	1
CFF01_ind067	CFF01	1
CFF01_ind068	CFF01	1
CFF01_ind069	CFF01	1
CFF01_ind070	CFF01	1
CFF01_ind071	CFF01	1
CFF01_ind072	CFF01	1
CFF01_ind073	CFF01	1
CFF01_ind074	CFF01	1
CFF01_ind075	CFF01	1
CFF01_ind076	CFF01	1
CFF01_ind077	CFF01	1
CFF01_ind078	CFF01	1
CFF01_ind079	CFF01	1
CFF01_ind080	CFF01	1
CFF01_ind081	CFF01	1
CFF01_ind082	CFF01	1
CFF01_ind083	CFF01	1
CFF01_ind084	CFF01	1
CFF01_ind085	CFF01	1
CFF01_ind086	CFF01	1
CFF01_ind087	CFF01	1
CFF01_ind088	CFF01	1
CFF01_ind089	CFF01	1
CFF01_ind090	CFF01	1
CFF01_ind091	CFF01	1
CFF01_ind092	CFF01	1
CFF01_ind093	CFF01	1
CFF01_ind094	CFF01	1
CFF01_ind095	CFF01	1
CFF01_ind096	CFF01	1
CFF01_ind097	CFF01	1
CFF01_ind098	CFF01	1
CFF01_ind099	CFF01	1
CFF01_ind001	CFF01	2
CFF01_ind002	CFF01	2
CFF01_ind003	CFF01	2
CFF01_ind004	CFF01	2
CFF01_ind005	CFF01	2
CFF01_ind006	CFF01	2
CFF01_ind007	CFF01	2
CFF01_ind008	CFF01	2
CFF01_ind009	CFF01	2
CFF01_ind010	CFF01	2
CFF01_ind011	CFF01	2
CFF01_ind012	CFF01	2
CFF01_ind013	CFF01	2
CFF01_ind014	CFF01	2
CFF01_ind015	CFF01	2
CFF01_ind016	CFF01	2
CFF01_ind017	CFF01	2
CFF01_ind018	CFF01	2
CFF01_ind019	CFF01	2
CFF01_ind020	CFF01	2
CFF01_ind021	CFF01	2
CFF01_ind023	CFF01	2
CFF01_ind024	CFF01	2
CFF01_ind025	CFF01	2
CFF01_ind026	CFF01	2
CFF01_ind027	CFF01	2
CFF01_ind028	CFF01	2
CFF01_ind029	CFF01	2
CFF01_ind030	CFF01	2
CFF01_ind031	CFF01	2
CFF01_ind032	CFF01	2
CFF01_ind033	CFF01	2
CFF01_ind034	CFF01	2
CFF01_ind035	CFF01	2
CFF01_ind036	CFF01	2
CFF01_ind037	CFF01	2
CFF01_ind038	CFF01	2
CFF01_ind039	CFF01	2
CFF01_ind040	CFF01	2
CFF01_ind041	CFF01	2
CFF01_ind042	CFF01	2
CFF01_ind043	CFF01	2
CFF01_ind044	CFF01	2
CFF01_ind045	CFF01	2
CFF01_ind046	CFF01	2
CFF01_ind047	CFF01	2
CFF01_ind048	CFF01	2
CFF01_ind049	CFF01	2
CFF01_ind050	CFF01	2
CFF01_ind051	CFF01	2
CFF01_ind052	CFF01	2
CFF01_ind053	CFF01	2
CFF01_ind054	CFF01	2
CFF01_ind055	CFF01	2
CFF01_ind056	CFF01	2
CFF01_ind057	CFF01	2
CFF01_ind058	CFF01	2
CFF01_ind059	CFF01	2
CFF01_ind060	CFF01	2
CFF01_ind061	CFF01	2
CFF01_ind062	CFF01	2
CFF01_ind063	CFF01	2
CFF01_ind064	CFF01	2
CFF01_ind065	CFF01	2
CFF01_ind066	CFF01	2
CFF01_ind067	CFF01	2
CFF01_ind068	CFF01	2
CFF01_ind069	CFF01	2
CFF01_ind070	CFF01	2
CFF01_ind071	CFF01	2
CFF01_ind072	CFF01	2
CFF01_ind073	CFF01	2
CFF01_ind074	CFF01	2
CFF01_ind075	CFF01	2
CFF01_ind076	CFF01	2
CFF01_ind077	CFF01	2
CFF01_ind078	CFF01	2
CFF01_ind079	CFF01	2
CFF01_ind080	CFF01	2
CFF01_ind081	CFF01	2
CFF01_ind082	CFF01	2
CFF01_ind083	CFF01	2
CFF01_ind084	CFF01	2
CFF01_ind085	CFF01	2
CFF01_ind086	CFF01	2
CFF01_ind087	CFF01	2
CFF01_ind088	CFF01	2
CFF01_ind089	CFF01	2
CFF01_ind090	CFF01	2
CFF01_ind091	CFF01	2
CFF01_ind092	CFF01	2
CFF01_ind093	CFF01	2
CFF01_ind094	CFF01	2
CFF01_ind095	CFF01	2
CFF01_ind096	CFF01	2
CFF01_ind097	CFF01	2
CFF01_ind098	CFF01	2
CFF01_ind099	CFF01	2
CFF01_ind001	CFF01	3
CFF01_ind002	CFF01	3
CFF01_ind003	CFF01	3
CFF01_ind004	CFF01	3
CFF01_ind005	CFF01	3
CFF01_ind006	CFF01	3
CFF01_ind007	CFF01	3
CFF01_ind008	CFF01	3
CFF01_ind009	CFF01	3
CFF01_ind010	CFF01	3
CFF01_ind011	CFF01	3
CFF01_ind012	CFF01	3
CFF01_ind013	CFF01	3
CFF01_ind014	CFF01	3
CFF01_ind015	CFF01	3
CFF01_ind016	CFF01	3
CFF01_ind017	CFF01	3
CFF01_ind018	CFF01	3
CFF01_ind019	CFF01	3
CFF01_ind020	CFF01	3
CFF01_ind021	CFF01	3
CFF01_ind023	CFF01	3
CFF01_ind024	CFF01	3
CFF01_ind025	CFF01	3
CFF01_ind026	CFF01	3
CFF01_ind027	CFF01	3
CFF01_ind028	CFF01	3
CFF01_ind029	CFF01	3
CFF01_ind030	CFF01	3
CFF01_ind031	CFF01	3
CFF01_ind032	CFF01	3
CFF01_ind033	CFF01	3
CFF01_ind034	CFF01	3
CFF01_ind035	CFF01	3
CFF01_ind036	CFF01	3
CFF01_ind037	CFF01	3
CFF01_ind038	CFF01	3
CFF01_ind039	CFF01	3
CFF01_ind040	CFF01	3
CFF01_ind041	CFF01	3
CFF01_ind042	CFF01	3
CFF01_ind043	CFF01	3
CFF01_ind044	CFF01	3
CFF01_ind045	CFF01	3
CFF01_ind046	CFF01	3
CFF01_ind047	CFF01	3
CFF01_ind048	CFF01	3
CFF01_ind049	CFF01	3
CFF01_ind050	CFF01	3
CFF01_ind051	CFF01	3
CFF01_ind052	CFF01	3
CFF01_ind053	CFF01	3
CFF01_ind054	CFF01	3
CFF01_ind055	CFF01	3
CFF01_ind056	CFF01	3
CFF01_ind057	CFF01	3
CFF01_ind058	CFF01	3
CFF01_ind059	CFF01	3
CFF01_ind060	CFF01	3
CFF01_ind061	CFF01	3
CFF01_ind062	CFF01	3
CFF01_ind063	CFF01	3
CFF01_ind064	CFF01	3
CFF01_ind065	CFF01	3
CFF01_ind066	CFF01	3
CFF01_ind067	CFF01	3
CFF01_ind068	CFF01	3
CFF01_ind069	CFF01	3
CFF01_ind070	CFF01	3
CFF01_ind071	CFF01	3
CFF01_ind072	CFF01	3
CFF01_ind073	CFF01	3
CFF01_ind074	CFF01	3
CFF01_ind075	CFF01	3
CFF01_ind076	CFF01	3
CFF01_ind077	CFF01	3
CFF01_ind078	CFF01	3
CFF01_ind079	CFF01	3
CFF01_ind080	CFF01	3
CFF01_ind081	CFF01	3
CFF01_ind082	CFF01	3
CFF01_ind083	CFF01	3
CFF01_ind084	CFF01	3
CFF01_ind085	CFF01	3
CFF01_ind086	CFF01	3
CFF01_ind087	CFF01	3
CFF01_ind088	CFF01	3
CFF01_ind089	CFF01	3
CFF01_ind090	CFF01	3
CFF01_ind091	CFF01	3
CFF01_ind092	CFF01	3
CFF01_ind093	CFF01	3
CFF01_ind094	CFF01	3
CFF01_ind095	CFF01	3
CFF01_ind096	CFF01	3
CFF01_ind097	CFF01	3
CFF01_ind098	CFF01	3
CFF01_ind099	CFF01	3
CFF01_ind001	CFF01	4
CFF01_ind002	CFF01	4
CFF01_ind003	CFF01	4
CFF01_ind004	CFF01	4
CFF01_ind005	CFF01	4
CFF01_ind006	CFF01	4
CFF01_ind007	CFF01	4
CFF01_ind008	CFF01	4
CFF01_ind009	CFF01	4
CFF01_ind010	CFF01	4
CFF01_ind011	CFF01	4
CFF01_ind012	CFF01	4
CFF01_ind013	CFF01	4
CFF01_ind014	CFF01	4
CFF01_ind015	CFF01	4
CFF01_ind016	CFF01	4
CFF01_ind017	CFF01	4
CFF01_ind018	CFF01	4
CFF01_ind019	CFF01	4
CFF01_ind020	CFF01	4
CFF01_ind021	CFF01	4
CFF01_ind023	CFF01	4
CFF01_ind024	CFF01	4
CFF01_ind025	CFF01	4
CFF01_ind026	CFF01	4
CFF01_ind027	CFF01	4
CFF01_ind028	CFF01	4
CFF01_ind029	CFF01	4
CFF01_ind030	CFF01	4
CFF01_ind031	CFF01	4
CFF01_ind032	CFF01	4
CFF01_ind033	CFF01	4
CFF01_ind034	CFF01	4
CFF01_ind035	CFF01	4
CFF01_ind036	CFF01	4
CFF01_ind037	CFF01	4
CFF01_ind038	CFF01	4
CFF01_ind039	CFF01	4
CFF01_ind040	CFF01	4
CFF01_ind041	CFF01	4
CFF01_ind042	CFF01	4
CFF01_ind043	CFF01	4
CFF01_ind044	CFF01	4
CFF01_ind045	CFF01	4
CFF01_ind046	CFF01	4
CFF01_ind047	CFF01	4
CFF01_ind048	CFF01	4
CFF01_ind049	CFF01	4
CFF01_ind050	CFF01	4
CFF01_ind051	CFF01	4
CFF01_ind052	CFF01	4
CFF01_ind053	CFF01	4
CFF01_ind054	CFF01	4
CFF01_ind055	CFF01	4
CFF01_ind056	CFF01	4
CFF01_ind057	CFF01	4
CFF01_ind058	CFF01	4
CFF01_ind059	CFF01	4
CFF01_ind060	CFF01	4
CFF01_ind061	CFF01	4
CFF01_ind062	CFF01	4
CFF01_ind063	CFF01	4
CFF01_ind064	CFF01	4
CFF01_ind065	CFF01	4
CFF01_ind066	CFF01	4
CFF01_ind067	CFF01	4
CFF01_ind068	CFF01	4
CFF01_ind069	CFF01	4
CFF01_ind070	CFF01	4
CFF01_ind071	CFF01	4
CFF01_ind072	CFF01	4
CFF01_ind073	CFF01	4
CFF01_ind074	CFF01	4
CFF01_ind075	CFF01	4
CFF01_ind076	CFF01	4
CFF01_ind077	CFF01	4
CFF01_ind078	CFF01	4
CFF01_ind079	CFF01	4
CFF01_ind080	CFF01	4
CFF01_ind081	CFF01	4
CFF01_ind082	CFF01	4
CFF01_ind083	CFF01	4
CFF01_ind084	CFF01	4
CFF01_ind085	CFF01	4
CFF01_ind086	CFF01	4
CFF01_ind087	CFF01	4
CFF01_ind088	CFF01	4
CFF01_ind089	CFF01	4
CFF01_ind090	CFF01	4
CFF01_ind091	CFF01	4
CFF01_ind092	CFF01	4
CFF01_ind093	CFF01	4
CFF01_ind094	CFF01	4
CFF01_ind095	CFF01	4
CFF01_ind096	CFF01	4
CFF01_ind097	CFF01	4
CFF01_ind098	CFF01	4
CFF01_ind099	CFF01	4
CFF01_ind001	CFF01	5
CFF01_ind002	CFF01	5
CFF01_ind003	CFF01	5
CFF01_ind004	CFF01	5
CFF01_ind005	CFF01	5
CFF01_ind006	CFF01	5
CFF01_ind007	CFF01	5
CFF01_ind008	CFF01	5
CFF01_ind009	CFF01	5
CFF01_ind010	CFF01	5
CFF01_ind011	CFF01	5
CFF01_ind012	CFF01	5
CFF01_ind013	CFF01	5
CFF01_ind014	CFF01	5
CFF01_ind015	CFF01	5
CFF01_ind016	CFF01	5
CFF01_ind017	CFF01	5
CFF01_ind018	CFF01	5
CFF01_ind019	CFF01	5
CFF01_ind020	CFF01	5
CFF01_ind021	CFF01	5
CFF01_ind023	CFF01	5
CFF01_ind024	CFF01	5
CFF01_ind025	CFF01	5
CFF01_ind026	CFF01	5
CFF01_ind027	CFF01	5
CFF01_ind028	CFF01	5
CFF01_ind029	CFF01	5
CFF01_ind030	CFF01	5
CFF01_ind031	CFF01	5
CFF01_ind032	CFF01	5
CFF01_ind033	CFF01	5
CFF01_ind034	CFF01	5
CFF01_ind035	CFF01	5
CFF01_ind036	CFF01	5
CFF01_ind037	CFF01	5
CFF01_ind038	CFF01	5
CFF01_ind039	CFF01	5
CFF01_ind040	CFF01	5
CFF01_ind041	CFF01	5
CFF01_ind042	CFF01	5
CFF01_ind043	CFF01	5
CFF01_ind044	CFF01	5
CFF01_ind045	CFF01	5
CFF01_ind046	CFF01	5
CFF01_ind047	CFF01	5
CFF01_ind048	CFF01	5
CFF01_ind049	CFF01	5
CFF01_ind050	CFF01	5
CFF01_ind051	CFF01	5
CFF01_ind052	CFF01	5
CFF01_ind053	CFF01	5
CFF01_ind054	CFF01	5
CFF01_ind055	CFF01	5
CFF01_ind056	CFF01	5
CFF01_ind057	CFF01	5
CFF01_ind058	CFF01	5
CFF01_ind059	CFF01	5
CFF01_ind060	CFF01	5
CFF01_ind061	CFF01	5
CFF01_ind062	CFF01	5
CFF01_ind063	CFF01	5
CFF01_ind064	CFF01	5
CFF01_ind065	CFF01	5
CFF01_ind066	CFF01	5
CFF01_ind067	CFF01	5
CFF01_ind068	CFF01	5
CFF01_ind069	CFF01	5
CFF01_ind070	CFF01	5
CFF01_ind071	CFF01	5
CFF01_ind072	CFF01	5
CFF01_ind073	CFF01	5
CFF01_ind074	CFF01	5
CFF01_ind075	CFF01	5
CFF01_ind076	CFF01	5
CFF01_ind077	CFF01	5
CFF01_ind078	CFF01	5
CFF01_ind079	CFF01	5
CFF01_ind080	CFF01	5
CFF01_ind081	CFF01	5
CFF01_ind082	CFF01	5
CFF01_ind083	CFF01	5
CFF01_ind084	CFF01	5
CFF01_ind085	CFF01	5
CFF01_ind086	CFF01	5
CFF01_ind087	CFF01	5
CFF01_ind088	CFF01	5
CFF01_ind089	CFF01	5
CFF01_ind090	CFF01	5
CFF01_ind091	CFF01	5
CFF01_ind092	CFF01	5
CFF01_ind093	CFF01	5
CFF01_ind094	CFF01	5
CFF01_ind095	CFF01	5
CFF01_ind096	CFF01	5
CFF01_ind097	CFF01	5
CFF01_ind098	CFF01	5
CFF01_ind099	CFF01	5
CFF01_ind001	CFF01	6
CFF01_ind002	CFF01	6
CFF01_ind003	CFF01	6
CFF01_ind004	CFF01	6
CFF01_ind005	CFF01	6
CFF01_ind006	CFF01	6
CFF01_ind007	CFF01	6
CFF01_ind008	CFF01	6
CFF01_ind009	CFF01	6
CFF01_ind010	CFF01	6
CFF01_ind011	CFF01	6
CFF01_ind012	CFF01	6
CFF01_ind013	CFF01	6
CFF01_ind014	CFF01	6
CFF01_ind015	CFF01	6
CFF01_ind016	CFF01	6
CFF01_ind017	CFF01	6
CFF01_ind018	CFF01	6
CFF01_ind019	CFF01	6
CFF01_ind020	CFF01	6
CFF01_ind021	CFF01	6
CFF01_ind023	CFF01	6
CFF01_ind024	CFF01	6
CFF01_ind025	CFF01	6
CFF01_ind026	CFF01	6
CFF01_ind027	CFF01	6
CFF01_ind028	CFF01	6
CFF01_ind029	CFF01	6
CFF01_ind030	CFF01	6
CFF01_ind031	CFF01	6
CFF01_ind032	CFF01	6
CFF01_ind033	CFF01	6
CFF01_ind034	CFF01	6
CFF01_ind035	CFF01	6
CFF01_ind036	CFF01	6
CFF01_ind037	CFF01	6
CFF01_ind038	CFF01	6
CFF01_ind039	CFF01	6
CFF01_ind040	CFF01	6
CFF01_ind041	CFF01	6
CFF01_ind042	CFF01	6
CFF01_ind043	CFF01	6
CFF01_ind044	CFF01	6
CFF01_ind045	CFF01	6
CFF01_ind046	CFF01	6
CFF01_ind047	CFF01	6
CFF01_ind048	CFF01	6
CFF01_ind049	CFF01	6
CFF01_ind050	CFF01	6
CFF01_ind051	CFF01	6
CFF01_ind052	CFF01	6
CFF01_ind053	CFF01	6
CFF01_ind054	CFF01	6
CFF01_ind055	CFF01	6
CFF01_ind056	CFF01	6
CFF01_ind057	CFF01	6
CFF01_ind058	CFF01	6
CFF01_ind059	CFF01	6
CFF01_ind060	CFF01	6
CFF01_ind061	CFF01	6
CFF01_ind062	CFF01	6
CFF01_ind063	CFF01	6
CFF01_ind064	CFF01	6
CFF01_ind065	CFF01	6
CFF01_ind066	CFF01	6
CFF01_ind067	CFF01	6
CFF01_ind068	CFF01	6
CFF01_ind069	CFF01	6
CFF01_ind070	CFF01	6
CFF01_ind071	CFF01	6
CFF01_ind072	CFF01	6
CFF01_ind073	CFF01	6
CFF01_ind074	CFF01	6
CFF01_ind075	CFF01	6
CFF01_ind076	CFF01	6
CFF01_ind077	CFF01	6
CFF01_ind078	CFF01	6
CFF01_ind079	CFF01	6
CFF01_ind080	CFF01	6
CFF01_ind081	CFF01	6
CFF01_ind082	CFF01	6
CFF01_ind083	CFF01	6
CFF01_ind084	CFF01	6
CFF01_ind085	CFF01	6
CFF01_ind086	CFF01	6
CFF01_ind087	CFF01	6
CFF01_ind088	CFF01	6
CFF01_ind089	CFF01	6
CFF01_ind090	CFF01	6
CFF01_ind091	CFF01	6
CFF01_ind092	CFF01	6
CFF01_ind093	CFF01	6
CFF01_ind094	CFF01	6
CFF01_ind095	CFF01	6
CFF01_ind096	CFF01	6
CFF01_ind097	CFF01	6
CFF01_ind098	CFF01	6
CFF01_ind099	CFF01	6
CFF01_ind001	CFF01	7
CFF01_ind002	CFF01	7
CFF01_ind003	CFF01	7
CFF01_ind004	CFF01	7
CFF01_ind005	CFF01	7
CFF01_ind006	CFF01	7
CFF01_ind007	CFF01	7
CFF01_ind008	CFF01	7
CFF01_ind009	CFF01	7
CFF01_ind010	CFF01	7
CFF01_ind011	CFF01	7
CFF01_ind012	CFF01	7
CFF01_ind013	CFF01	7
CFF01_ind014	CFF01	7
CFF01_ind015	CFF01	7
CFF01_ind016	CFF01	7
CFF01_ind017	CFF01	7
CFF01_ind018	CFF01	7
CFF01_ind019	CFF01	7
CFF01_ind020	CFF01	7
CFF01_ind021	CFF01	7
CFF01_ind023	CFF01	7
CFF01_ind024	CFF01	7
CFF01_ind025	CFF01	7
CFF01_ind026	CFF01	7
CFF01_ind027	CFF01	7
CFF01_ind028	CFF01	7
CFF01_ind029	CFF01	7
CFF01_ind030	CFF01	7
CFF01_ind031	CFF01	7
CFF01_ind032	CFF01	7
CFF01_ind033	CFF01	7
CFF01_ind034	CFF01	7
CFF01_ind035	CFF01	7
CFF01_ind036	CFF01	7
CFF01_ind037	CFF01	7
CFF01_ind038	CFF01	7
CFF01_ind039	CFF01	7
CFF01_ind040	CFF01	7
CFF01_ind041	CFF01	7
CFF01_ind042	CFF01	7
CFF01_ind043	CFF01	7
CFF01_ind044	CFF01	7
CFF01_ind045	CFF01	7
CFF01_ind046	CFF01	7
CFF01_ind047	CFF01	7
CFF01_ind048	CFF01	7
CFF01_ind049	CFF01	7
CFF01_ind050	CFF01	7
CFF01_ind051	CFF01	7
CFF01_ind052	CFF01	7
CFF01_ind053	CFF01	7
CFF01_ind054	CFF01	7
CFF01_ind055	CFF01	7
CFF01_ind056	CFF01	7
CFF01_ind057	CFF01	7
CFF01_ind058	CFF01	7
CFF01_ind059	CFF01	7
CFF01_ind060	CFF01	7
CFF01_ind061	CFF01	7
CFF01_ind062	CFF01	7
CFF01_ind063	CFF01	7
CFF01_ind064	CFF01	7
CFF01_ind065	CFF01	7
CFF01_ind066	CFF01	7
CFF01_ind067	CFF01	7
CFF01_ind068	CFF01	7
CFF01_ind069	CFF01	7
CFF01_ind070	CFF01	7
CFF01_ind071	CFF01	7
CFF01_ind072	CFF01	7
CFF01_ind073	CFF01	7
CFF01_ind074	CFF01	7
CFF01_ind075	CFF01	7
CFF01_ind076	CFF01	7
CFF01_ind077	CFF01	7
CFF01_ind078	CFF01	7
CFF01_ind079	CFF01	7
CFF01_ind080	CFF01	7
CFF01_ind081	CFF01	7
CFF01_ind082	CFF01	7
CFF01_ind083	CFF01	7
CFF01_ind084	CFF01	7
CFF01_ind085	CFF01	7
CFF01_ind086	CFF01	7
CFF01_ind087	CFF01	7
CFF01_ind088	CFF01	7
CFF01_ind089	CFF01	7
CFF01_ind090	CFF01	7
CFF01_ind091	CFF01	7
CFF01_ind092	CFF01	7
CFF01_ind093	CFF01	7
CFF01_ind094	CFF01	7
CFF01_ind095	CFF01	7
CFF01_ind096	CFF01	7
CFF01_ind097	CFF01	7
CFF01_ind098	CFF01	7
CFF01_ind099	CFF01	7
CFF01_ind001	CFF01	8
CFF01_ind002	CFF01	8
CFF01_ind003	CFF01	8
CFF01_ind004	CFF01	8
CFF01_ind005	CFF01	8
CFF01_ind006	CFF01	8
CFF01_ind007	CFF01	8
CFF01_ind008	CFF01	8
CFF01_ind009	CFF01	8
CFF01_ind010	CFF01	8
CFF01_ind011	CFF01	8
CFF01_ind012	CFF01	8
CFF01_ind013	CFF01	8
CFF01_ind014	CFF01	8
CFF01_ind015	CFF01	8
CFF01_ind016	CFF01	8
CFF01_ind017	CFF01	8
CFF01_ind018	CFF01	8
CFF01_ind019	CFF01	8
CFF01_ind020	CFF01	8
CFF01_ind021	CFF01	8
CFF01_ind023	CFF01	8
CFF01_ind024	CFF01	8
CFF01_ind025	CFF01	8
CFF01_ind026	CFF01	8
CFF01_ind027	CFF01	8
CFF01_ind028	CFF01	8
CFF01_ind029	CFF01	8
CFF01_ind030	CFF01	8
CFF01_ind031	CFF01	8
CFF01_ind032	CFF01	8
CFF01_ind033	CFF01	8
CFF01_ind034	CFF01	8
CFF01_ind035	CFF01	8
CFF01_ind036	CFF01	8
CFF01_ind037	CFF01	8
CFF01_ind038	CFF01	8
CFF01_ind039	CFF01	8
CFF01_ind040	CFF01	8
CFF01_ind041	CFF01	8
CFF01_ind042	CFF01	8
CFF01_ind043	CFF01	8
CFF01_ind044	CFF01	8
CFF01_ind045	CFF01	8
CFF01_ind046	CFF01	8
CFF01_ind047	CFF01	8
CFF01_ind048	CFF01	8
CFF01_ind049	CFF01	8
CFF01_ind050	CFF01	8
CFF01_ind051	CFF01	8
CFF01_ind052	CFF01	8
CFF01_ind053	CFF01	8
CFF01_ind054	CFF01	8
CFF01_ind055	CFF01	8
CFF01_ind056	CFF01	8
CFF01_ind057	CFF01	8
CFF01_ind058	CFF01	8
CFF01_ind059	CFF01	8
CFF01_ind060	CFF01	8
CFF01_ind061	CFF01	8
CFF01_ind062	CFF01	8
CFF01_ind063	CFF01	8
CFF01_ind064	CFF01	8
CFF01_ind065	CFF01	8
CFF01_ind066	CFF01	8
CFF01_ind067	CFF01	8
CFF01_ind068	CFF01	8
CFF01_ind069	CFF01	8
CFF01_ind070	CFF01	8
CFF01_ind071	CFF01	8
CFF01_ind072	CFF01	8
CFF01_ind073	CFF01	8
CFF01_ind074	CFF01	8
CFF01_ind075	CFF01	8
CFF01_ind076	CFF01	8
CFF01_ind077	CFF01	8
CFF01_ind078	CFF01	8
CFF01_ind079	CFF01	8
CFF01_ind080	CFF01	8
CFF01_ind081	CFF01	8
CFF01_ind082	CFF01	8
CFF01_ind083	CFF01	8
CFF01_ind084	CFF01	8
CFF01_ind085	CFF01	8
CFF01_ind086	CFF01	8
CFF01_ind087	CFF01	8
CFF01_ind088	CFF01	8
CFF01_ind089	CFF01	8
CFF01_ind090	CFF01	8
CFF01_ind091	CFF01	8
CFF01_ind092	CFF01	8
CFF01_ind093	CFF01	8
CFF01_ind094	CFF01	8
CFF01_ind095	CFF01	8
CFF01_ind096	CFF01	8
CFF01_ind097	CFF01	8
CFF01_ind098	CFF01	8
CFF01_ind099	CFF01	8
CFF01_ind001	CFF01	9
CFF01_ind002	CFF01	9
CFF01_ind003	CFF01	9
CFF01_ind004	CFF01	9
CFF01_ind005	CFF01	9
CFF01_ind006	CFF01	9
CFF01_ind007	CFF01	9
CFF01_ind008	CFF01	9
CFF01_ind009	CFF01	9
CFF01_ind010	CFF01	9
CFF01_ind011	CFF01	9
CFF01_ind012	CFF01	9
CFF01_ind013	CFF01	9
CFF01_ind014	CFF01	9
CFF01_ind015	CFF01	9
CFF01_ind016	CFF01	9
CFF01_ind017	CFF01	9
CFF01_ind018	CFF01	9
CFF01_ind019	CFF01	9
CFF01_ind020	CFF01	9
CFF01_ind021	CFF01	9
CFF01_ind023	CFF01	9
CFF01_ind024	CFF01	9
CFF01_ind025	CFF01	9
CFF01_ind026	CFF01	9
CFF01_ind027	CFF01	9
CFF01_ind028	CFF01	9
CFF01_ind029	CFF01	9
CFF01_ind030	CFF01	9
CFF01_ind031	CFF01	9
CFF01_ind032	CFF01	9
CFF01_ind033	CFF01	9
CFF01_ind034	CFF01	9
CFF01_ind035	CFF01	9
CFF01_ind036	CFF01	9
CFF01_ind037	CFF01	9
CFF01_ind038	CFF01	9
CFF01_ind039	CFF01	9
CFF01_ind040	CFF01	9
CFF01_ind041	CFF01	9
CFF01_ind042	CFF01	9
CFF01_ind043	CFF01	9
CFF01_ind044	CFF01	9
CFF01_ind045	CFF01	9
CFF01_ind046	CFF01	9
CFF01_ind047	CFF01	9
CFF01_ind048	CFF01	9
CFF01_ind049	CFF01	9
CFF01_ind050	CFF01	9
CFF01_ind051	CFF01	9
CFF01_ind052	CFF01	9
CFF01_ind053	CFF01	9
CFF01_ind054	CFF01	9
CFF01_ind055	CFF01	9
CFF01_ind056	CFF01	9
CFF01_ind057	CFF01	9
CFF01_ind058	CFF01	9
CFF01_ind059	CFF01	9
CFF01_ind060	CFF01	9
CFF01_ind061	CFF01	9
CFF01_ind062	CFF01	9
CFF01_ind063	CFF01	9
CFF01_ind064	CFF01	9
CFF01_ind065	CFF01	9
CFF01_ind066	CFF01	9
CFF01_ind067	CFF01	9
CFF01_ind068	CFF01	9
CFF01_ind069	CFF01	9
CFF01_ind070	CFF01	9
CFF01_ind071	CFF01	9
CFF01_ind072	CFF01	9
CFF01_ind073	CFF01	9
CFF01_ind074	CFF01	9
CFF01_ind075	CFF01	9
CFF01_ind076	CFF01	9
CFF01_ind077	CFF01	9
CFF01_ind078	CFF01	9
CFF01_ind079	CFF01	9
CFF01_ind080	CFF01	9
CFF01_ind081	CFF01	9
CFF01_ind082	CFF01	9
CFF01_ind083	CFF01	9
CFF01_ind084	CFF01	9
CFF01_ind085	CFF01	9
CFF01_ind086	CFF01	9
CFF01_ind087	CFF01	9
CFF01_ind088	CFF01	9
CFF01_ind089	CFF01	9
CFF01_ind090	CFF01	9
CFF01_ind091	CFF01	9
CFF01_ind092	CFF01	9
CFF01_ind093	CFF01	9
CFF01_ind094	CFF01	9
CFF01_ind095	CFF01	9
CFF01_ind096	CFF01	9
CFF01_ind097	CFF01	9
CFF01_ind098	CFF01	9
CFF01_ind099	CFF01	9
CFF01_ind001	CFF01	10
CFF01_ind002	CFF01	10
CFF01_ind003	CFF01	10
CFF01_ind004	CFF01	10
CFF01_ind005	CFF01	10
CFF01_ind006	CFF01	10
CFF01_ind007	CFF01	10
CFF01_ind008	CFF01	10
CFF01_ind009	CFF01	10
CFF01_ind010	CFF01	10
CFF01_ind011	CFF01	10
CFF01_ind012	CFF01	10
CFF01_ind013	CFF01	10
CFF01_ind014	CFF01	10
CFF01_ind015	CFF01	10
CFF01_ind016	CFF01	10
CFF01_ind017	CFF01	10
CFF01_ind018	CFF01	10
CFF01_ind019	CFF01	10
CFF01_ind020	CFF01	10
CFF01_ind021	CFF01	10
CFF01_ind023	CFF01	10
CFF01_ind024	CFF01	10
CFF01_ind025	CFF01	10
CFF01_ind026	CFF01	10
CFF01_ind027	CFF01	10
CFF01_ind028	CFF01	10
CFF01_ind029	CFF01	10
CFF01_ind030	CFF01	10
CFF01_ind031	CFF01	10
CFF01_ind032	CFF01	10
CFF01_ind033	CFF01	10
CFF01_ind034	CFF01	10
CFF01_ind035	CFF01	10
CFF01_ind036	CFF01	10
CFF01_ind037	CFF01	10
CFF01_ind038	CFF01	10
CFF01_ind039	CFF01	10
CFF01_ind040	CFF01	10
CFF01_ind041	CFF01	10
CFF01_ind042	CFF01	10
CFF01_ind043	CFF01	10
CFF01_ind044	CFF01	10
CFF01_ind045	CFF01	10
CFF01_ind046	CFF01	10
CFF01_ind047	CFF01	10
CFF01_ind048	CFF01	10
CFF01_ind049	CFF01	10
CFF01_ind050	CFF01	10
CFF01_ind051	CFF01	10
CFF01_ind052	CFF01	10
CFF01_ind053	CFF01	10
CFF01_ind054	CFF01	10
CFF01_ind055	CFF01	10
CFF01_ind056	CFF01	10
CFF01_ind057	CFF01	10
CFF01_ind058	CFF01	10
CFF01_ind059	CFF01	10
CFF01_ind060	CFF01	10
CFF01_ind061	CFF01	10
CFF01_ind062	CFF01	10
CFF01_ind063	CFF01	10
CFF01_ind064	CFF01	10
CFF01_ind065	CFF01	10
CFF01_ind066	CFF01	10
CFF01_ind067	CFF01	10
CFF01_ind068	CFF01	10
CFF01_ind069	CFF01	10
CFF01_ind070	CFF01	10
CFF01_ind071	CFF01	10
CFF01_ind072	CFF01	10
CFF01_ind073	CFF01	10
CFF01_ind074	CFF01	10
CFF01_ind075	CFF01	10
CFF01_ind076	CFF01	10
CFF01_ind077	CFF01	10
CFF01_ind078	CFF01	10
CFF01_ind079	CFF01	10
CFF01_ind080	CFF01	10
CFF01_ind081	CFF01	10
CFF01_ind082	CFF01	10
CFF01_ind083	CFF01	10
CFF01_ind084	CFF01	10
CFF01_ind085	CFF01	10
CFF01_ind086	CFF01	10
CFF01_ind087	CFF01	10
CFF01_ind088	CFF01	10
CFF01_ind089	CFF01	10
CFF01_ind090	CFF01	10
CFF01_ind091	CFF01	10
CFF01_ind092	CFF01	10
CFF01_ind093	CFF01	10
CFF01_ind094	CFF01	10
CFF01_ind095	CFF01	10
CFF01_ind096	CFF01	10
CFF01_ind097	CFF01	10
CFF01_ind098	CFF01	10
CFF01_ind099	CFF01	10
CFF02_ind001	CFF02	1
CFF02_ind002	CFF02	1
CFF02_ind003	CFF02	1
CFF02_ind004	CFF02	1
CFF02_ind005	CFF02	1
CFF02_ind006	CFF02	1
CFF02_ind007	CFF02	1
CFF02_ind008	CFF02	1
CFF02_ind009	CFF02	1
CFF02_ind010	CFF02	1
CFF02_ind011	CFF02	1
CFF02_ind012	CFF02	1
CFF02_ind013	CFF02	1
CFF02_ind014	CFF02	1
CFF02_ind015	CFF02	1
CFF02_ind016	CFF02	1
CFF02_ind017	CFF02	1
CFF02_ind018	CFF02	1
CFF02_ind019	CFF02	1
CFF02_ind020	CFF02	1
CFF02_ind021	CFF02	1
CFF02_ind022	CFF02	1
CFF02_ind023	CFF02	1
CFF02_ind024	CFF02	1
CFF02_ind025	CFF02	1
CFF02_ind026	CFF02	1
CFF02_ind027	CFF02	1
CFF02_ind028	CFF02	1
CFF02_ind029	CFF02	1
CFF02_ind030	CFF02	1
CFF02_ind031	CFF02	1
CFF02_ind032	CFF02	1
CFF02_ind033	CFF02	1
CFF02_ind034	CFF02	1
CFF02_ind035	CFF02	1
CFF02_ind036	CFF02	1
CFF02_ind037	CFF02	1
CFF02_ind038	CFF02	1
CFF02_ind039	CFF02	1
CFF02_ind040	CFF02	1
CFF02_ind041	CFF02	1
CFF02_ind042	CFF02	1
CFF02_ind043	CFF02	1
CFF02_ind044	CFF02	1
CFF02_ind045	CFF02	1
CFF02_ind046	CFF02	1
CFF02_ind047	CFF02	1
CFF02_ind048	CFF02	1
CFF02_ind049	CFF02	1
CFF02_ind050	CFF02	1
CFF02_ind051	CFF02	1
CFF02_ind052	CFF02	1
CFF02_ind053	CFF02	1
CFF02_ind054	CFF02	1
CFF02_ind055	CFF02	1
CFF02_ind056	CFF02	1
CFF02_ind057	CFF02	1
CFF02_ind058	CFF02	1
CFF02_ind059	CFF02	1
CFF02_ind060	CFF02	1
CFF02_ind061	CFF02	1
CFF02_ind062	CFF02	1
CFF02_ind063	CFF02	1
CFF02_ind064	CFF02	1
CFF02_ind065	CFF02	1
CFF02_ind066	CFF02	1
CFF02_ind067	CFF02	1
CFF02_ind068	CFF02	1
CFF02_ind069	CFF02	1
CFF02_ind070	CFF02	1
CFF02_ind071	CFF02	1
CFF02_ind072	CFF02	1
CFF02_ind073	CFF02	1
CFF02_ind074	CFF02	1
CFF02_ind075	CFF02	1
CFF02_ind076	CFF02	1
CFF02_ind077	CFF02	1
CFF02_ind078	CFF02	1
CFF02_ind079	CFF02	1
CFF02_ind080	CFF02	1
CFF02_ind081	CFF02	1
CFF02_ind082	CFF02	1
CFF02_ind083	CFF02	1
CFF02_ind084	CFF02	1
CFF02_ind085	CFF02	1
CFF02_ind086	CFF02	1
CFF02_ind087	CFF02	1
CFF02_ind088	CFF02	1
CFF02_ind089	CFF02	1
CFF02_ind090	CFF02	1
CFF02_ind091	CFF02	1
CFF02_ind092	CFF02	1
CFF02_ind093	CFF02	1
CFF02_ind094	CFF02	1
CFF02_ind095	CFF02	1
CFF02_ind096	CFF02	1
CFF02_ind097	CFF02	1
CFF02_ind098	CFF02	1
CFF02_ind099	CFF02	1
CFF02_ind100	CFF02	1
CFF02_ind101	CFF02	1
CFF02_ind102	CFF02	1
CFF02_ind103	CFF02	1
CFF02_ind104	CFF02	1
CFF02_ind105	CFF02	1
CFF02_ind106	CFF02	1
CFF02_ind107	CFF02	1
CFF02_ind108	CFF02	1
CFF02_ind109	CFF02	1
CFF02_ind110	CFF02	1
CFF02_ind111	CFF02	1
CFF02_ind112	CFF02	1
CFF02_ind113	CFF02	1
CFF02_ind114	CFF02	1
CFF02_ind115	CFF02	1
CFF02_ind116	CFF02	1
CFF02_ind117	CFF02	1
CFF02_ind118	CFF02	1
CFF02_ind119	CFF02	1
CFF02_ind120	CFF02	1
CFF02_ind001	CFF02	2
CFF02_ind002	CFF02	2
CFF02_ind003	CFF02	2
CFF02_ind004	CFF02	2
CFF02_ind005	CFF02	2
CFF02_ind006	CFF02	2
CFF02_ind007	CFF02	2
CFF02_ind008	CFF02	2
CFF02_ind009	CFF02	2
CFF02_ind010	CFF02	2
CFF02_ind011	CFF02	2
CFF02_ind012	CFF02	2
CFF02_ind013	CFF02	2
CFF02_ind014	CFF02	2
CFF02_ind015	CFF02	2
CFF02_ind016	CFF02	2
CFF02_ind017	CFF02	2
CFF02_ind018	CFF02	2
CFF02_ind019	CFF02	2
CFF02_ind020	CFF02	2
CFF02_ind021	CFF02	2
CFF02_ind022	CFF02	2
CFF02_ind023	CFF02	2
CFF02_ind024	CFF02	2
CFF02_ind025	CFF02	2
CFF02_ind026	CFF02	2
CFF02_ind027	CFF02	2
CFF02_ind028	CFF02	2
CFF02_ind029	CFF02	2
CFF02_ind030	CFF02	2
CFF02_ind031	CFF02	2
CFF02_ind032	CFF02	2
CFF02_ind033	CFF02	2
CFF02_ind034	CFF02	2
CFF02_ind035	CFF02	2
CFF02_ind036	CFF02	2
CFF02_ind037	CFF02	2
CFF02_ind038	CFF02	2
CFF02_ind039	CFF02	2
CFF02_ind040	CFF02	2
CFF02_ind041	CFF02	2
CFF02_ind042	CFF02	2
CFF02_ind043	CFF02	2
CFF02_ind044	CFF02	2
CFF02_ind045	CFF02	2
CFF02_ind046	CFF02	2
CFF02_ind047	CFF02	2
CFF02_ind048	CFF02	2
CFF02_ind049	CFF02	2
CFF02_ind050	CFF02	2
CFF02_ind051	CFF02	2
CFF02_ind052	CFF02	2
CFF02_ind053	CFF02	2
CFF02_ind054	CFF02	2
CFF02_ind055	CFF02	2
CFF02_ind056	CFF02	2
CFF02_ind057	CFF02	2
CFF02_ind058	CFF02	2
CFF02_ind059	CFF02	2
CFF02_ind060	CFF02	2
CFF02_ind061	CFF02	2
CFF02_ind062	CFF02	2
CFF02_ind063	CFF02	2
CFF02_ind064	CFF02	2
CFF02_ind065	CFF02	2
CFF02_ind066	CFF02	2
CFF02_ind067	CFF02	2
CFF02_ind068	CFF02	2
CFF02_ind069	CFF02	2
CFF02_ind070	CFF02	2
CFF02_ind071	CFF02	2
CFF02_ind072	CFF02	2
CFF02_ind073	CFF02	2
CFF02_ind074	CFF02	2
CFF02_ind075	CFF02	2
CFF02_ind076	CFF02	2
CFF02_ind077	CFF02	2
CFF02_ind078	CFF02	2
CFF02_ind079	CFF02	2
CFF02_ind080	CFF02	2
CFF02_ind081	CFF02	2
CFF02_ind082	CFF02	2
CFF02_ind083	CFF02	2
CFF02_ind084	CFF02	2
CFF02_ind085	CFF02	2
CFF02_ind086	CFF02	2
CFF02_ind087	CFF02	2
CFF02_ind088	CFF02	2
CFF02_ind089	CFF02	2
CFF02_ind090	CFF02	2
CFF02_ind091	CFF02	2
CFF02_ind092	CFF02	2
CFF02_ind093	CFF02	2
CFF02_ind094	CFF02	2
CFF02_ind095	CFF02	2
CFF02_ind096	CFF02	2
CFF02_ind097	CFF02	2
CFF02_ind098	CFF02	2
CFF02_ind099	CFF02	2
CFF02_ind100	CFF02	2
CFF02_ind101	CFF02	2
CFF02_ind102	CFF02	2
CFF02_ind103	CFF02	2
CFF02_ind104	CFF02	2
CFF02_ind105	CFF02	2
CFF02_ind106	CFF02	2
CFF02_ind107	CFF02	2
CFF02_ind108	CFF02	2
CFF02_ind109	CFF02	2
CFF02_ind110	CFF02	2
CFF02_ind111	CFF02	2
CFF02_ind112	CFF02	2
CFF02_ind113	CFF02	2
CFF02_ind114	CFF02	2
CFF02_ind115	CFF02	2
CFF02_ind116	CFF02	2
CFF02_ind117	CFF02	2
CFF02_ind118	CFF02	2
CFF02_ind119	CFF02	2
CFF02_ind120	CFF02	2
CFF02_ind001	CFF02	3
CFF02_ind002	CFF02	3
CFF02_ind003	CFF02	3
CFF02_ind004	CFF02	3
CFF02_ind005	CFF02	3
CFF02_ind006	CFF02	3
CFF02_ind007	CFF02	3
CFF02_ind008	CFF02	3
CFF02_ind009	CFF02	3
CFF02_ind010	CFF02	3
CFF02_ind011	CFF02	3
CFF02_ind012	CFF02	3
CFF02_ind013	CFF02	3
CFF02_ind014	CFF02	3
CFF02_ind015	CFF02	3
CFF02_ind016	CFF02	3
CFF02_ind017	CFF02	3
CFF02_ind018	CFF02	3
CFF02_ind019	CFF02	3
CFF02_ind020	CFF02	3
CFF02_ind021	CFF02	3
CFF02_ind022	CFF02	3
CFF02_ind023	CFF02	3
CFF02_ind024	CFF02	3
CFF02_ind025	CFF02	3
CFF02_ind026	CFF02	3
CFF02_ind027	CFF02	3
CFF02_ind028	CFF02	3
CFF02_ind029	CFF02	3
CFF02_ind030	CFF02	3
CFF02_ind031	CFF02	3
CFF02_ind032	CFF02	3
CFF02_ind033	CFF02	3
CFF02_ind034	CFF02	3
CFF02_ind035	CFF02	3
CFF02_ind036	CFF02	3
CFF02_ind037	CFF02	3
CFF02_ind038	CFF02	3
CFF02_ind039	CFF02	3
CFF02_ind040	CFF02	3
CFF02_ind041	CFF02	3
CFF02_ind042	CFF02	3
CFF02_ind043	CFF02	3
CFF02_ind044	CFF02	3
CFF02_ind045	CFF02	3
CFF02_ind046	CFF02	3
CFF02_ind047	CFF02	3
CFF02_ind048	CFF02	3
CFF02_ind049	CFF02	3
CFF02_ind050	CFF02	3
CFF02_ind051	CFF02	3
CFF02_ind052	CFF02	3
CFF02_ind053	CFF02	3
CFF02_ind054	CFF02	3
CFF02_ind055	CFF02	3
CFF02_ind056	CFF02	3
CFF02_ind057	CFF02	3
CFF02_ind058	CFF02	3
CFF02_ind059	CFF02	3
CFF02_ind060	CFF02	3
CFF02_ind061	CFF02	3
CFF02_ind062	CFF02	3
CFF02_ind063	CFF02	3
CFF02_ind064	CFF02	3
CFF02_ind065	CFF02	3
CFF02_ind066	CFF02	3
CFF02_ind067	CFF02	3
CFF02_ind068	CFF02	3
CFF02_ind069	CFF02	3
CFF02_ind070	CFF02	3
CFF02_ind071	CFF02	3
CFF02_ind072	CFF02	3
CFF02_ind073	CFF02	3
CFF02_ind074	CFF02	3
CFF02_ind075	CFF02	3
CFF02_ind076	CFF02	3
CFF02_ind077	CFF02	3
CFF02_ind078	CFF02	3
CFF02_ind079	CFF02	3
CFF02_ind080	CFF02	3
CFF02_ind081	CFF02	3
CFF02_ind082	CFF02	3
CFF02_ind083	CFF02	3
CFF02_ind084	CFF02	3
CFF02_ind085	CFF02	3
CFF02_ind086	CFF02	3
CFF02_ind087	CFF02	3
CFF02_ind088	CFF02	3
CFF02_ind089	CFF02	3
CFF02_ind090	CFF02	3
CFF02_ind091	CFF02	3
CFF02_ind092	CFF02	3
CFF02_ind093	CFF02	3
CFF02_ind094	CFF02	3
CFF02_ind095	CFF02	3
CFF02_ind096	CFF02	3
CFF02_ind097	CFF02	3
CFF02_ind098	CFF02	3
CFF02_ind099	CFF02	3
CFF02_ind100	CFF02	3
CFF02_ind101	CFF02	3
CFF02_ind102	CFF02	3
CFF02_ind103	CFF02	3
CFF02_ind104	CFF02	3
CFF02_ind105	CFF02	3
CFF02_ind106	CFF02	3
CFF02_ind107	CFF02	3
CFF02_ind108	CFF02	3
CFF02_ind109	CFF02	3
CFF02_ind110	CFF02	3
CFF02_ind111	CFF02	3
CFF02_ind112	CFF02	3
CFF02_ind113	CFF02	3
CFF02_ind114	CFF02	3
CFF02_ind115	CFF02	3
CFF02_ind116	CFF02	3
CFF02_ind117	CFF02	3
CFF02_ind118	CFF02	3
CFF02_ind119	CFF02	3
CFF02_ind120	CFF02	3
CFF02_ind001	CFF02	4
CFF02_ind002	CFF02	4
CFF02_ind003	CFF02	4
CFF02_ind004	CFF02	4
CFF02_ind005	CFF02	4
CFF02_ind006	CFF02	4
CFF02_ind007	CFF02	4
CFF02_ind008	CFF02	4
CFF02_ind009	CFF02	4
CFF02_ind010	CFF02	4
CFF02_ind011	CFF02	4
CFF02_ind012	CFF02	4
CFF02_ind013	CFF02	4
CFF02_ind014	CFF02	4
CFF02_ind015	CFF02	4
CFF02_ind016	CFF02	4
CFF02_ind017	CFF02	4
CFF02_ind018	CFF02	4
CFF02_ind019	CFF02	4
CFF02_ind020	CFF02	4
CFF02_ind021	CFF02	4
CFF02_ind022	CFF02	4
CFF02_ind023	CFF02	4
CFF02_ind024	CFF02	4
CFF02_ind025	CFF02	4
CFF02_ind026	CFF02	4
CFF02_ind027	CFF02	4
CFF02_ind028	CFF02	4
CFF02_ind029	CFF02	4
CFF02_ind030	CFF02	4
CFF02_ind031	CFF02	4
CFF02_ind032	CFF02	4
CFF02_ind033	CFF02	4
CFF02_ind034	CFF02	4
CFF02_ind035	CFF02	4
CFF02_ind036	CFF02	4
CFF02_ind037	CFF02	4
CFF02_ind038	CFF02	4
CFF02_ind039	CFF02	4
CFF02_ind040	CFF02	4
CFF02_ind041	CFF02	4
CFF02_ind042	CFF02	4
CFF02_ind043	CFF02	4
CFF02_ind044	CFF02	4
CFF02_ind045	CFF02	4
CFF02_ind046	CFF02	4
CFF02_ind047	CFF02	4
CFF02_ind048	CFF02	4
CFF02_ind049	CFF02	4
CFF02_ind050	CFF02	4
CFF02_ind051	CFF02	4
CFF02_ind052	CFF02	4
CFF02_ind053	CFF02	4
CFF02_ind054	CFF02	4
CFF02_ind055	CFF02	4
CFF02_ind056	CFF02	4
CFF02_ind057	CFF02	4
CFF02_ind058	CFF02	4
CFF02_ind059	CFF02	4
CFF02_ind060	CFF02	4
CFF02_ind061	CFF02	4
CFF02_ind062	CFF02	4
CFF02_ind063	CFF02	4
CFF02_ind064	CFF02	4
CFF02_ind065	CFF02	4
CFF02_ind066	CFF02	4
CFF02_ind067	CFF02	4
CFF02_ind068	CFF02	4
CFF02_ind069	CFF02	4
CFF02_ind070	CFF02	4
CFF02_ind071	CFF02	4
CFF02_ind072	CFF02	4
CFF02_ind073	CFF02	4
CFF02_ind074	CFF02	4
CFF02_ind075	CFF02	4
CFF02_ind076	CFF02	4
CFF02_ind077	CFF02	4
CFF02_ind078	CFF02	4
CFF02_ind079	CFF02	4
CFF02_ind080	CFF02	4
CFF02_ind081	CFF02	4
CFF02_ind082	CFF02	4
CFF02_ind083	CFF02	4
CFF02_ind084	CFF02	4
CFF02_ind085	CFF02	4
CFF02_ind086	CFF02	4
CFF02_ind087	CFF02	4
CFF02_ind088	CFF02	4
CFF02_ind089	CFF02	4
CFF02_ind090	CFF02	4
CFF02_ind091	CFF02	4
CFF02_ind092	CFF02	4
CFF02_ind093	CFF02	4
CFF02_ind094	CFF02	4
CFF02_ind095	CFF02	4
CFF02_ind096	CFF02	4
CFF02_ind097	CFF02	4
CFF02_ind098	CFF02	4
CFF02_ind099	CFF02	4
CFF02_ind100	CFF02	4
CFF02_ind101	CFF02	4
CFF02_ind102	CFF02	4
CFF02_ind103	CFF02	4
CFF02_ind104	CFF02	4
CFF02_ind105	CFF02	4
CFF02_ind106	CFF02	4
CFF02_ind107	CFF02	4
CFF02_ind108	CFF02	4
CFF02_ind109	CFF02	4
CFF02_ind110	CFF02	4
CFF02_ind111	CFF02	4
CFF02_ind112	CFF02	4
CFF02_ind113	CFF02	4
CFF02_ind114	CFF02	4
CFF02_ind115	CFF02	4
CFF02_ind116	CFF02	4
CFF02_ind117	CFF02	4
CFF02_ind118	CFF02	4
CFF02_ind119	CFF02	4
CFF02_ind120	CFF02	4
CFF02_ind001	CFF02	5
CFF02_ind002	CFF02	5
CFF02_ind003	CFF02	5
CFF02_ind004	CFF02	5
CFF02_ind005	CFF02	5
CFF02_ind006	CFF02	5
CFF02_ind007	CFF02	5
CFF02_ind008	CFF02	5
CFF02_ind009	CFF02	5
CFF02_ind010	CFF02	5
CFF02_ind011	CFF02	5
CFF02_ind012	CFF02	5
CFF02_ind013	CFF02	5
CFF02_ind014	CFF02	5
CFF02_ind015	CFF02	5
CFF02_ind016	CFF02	5
CFF02_ind017	CFF02	5
CFF02_ind018	CFF02	5
CFF02_ind019	CFF02	5
CFF02_ind020	CFF02	5
CFF02_ind021	CFF02	5
CFF02_ind022	CFF02	5
CFF02_ind023	CFF02	5
CFF02_ind024	CFF02	5
CFF02_ind025	CFF02	5
CFF02_ind026	CFF02	5
CFF02_ind027	CFF02	5
CFF02_ind028	CFF02	5
CFF02_ind029	CFF02	5
CFF02_ind030	CFF02	5
CFF02_ind031	CFF02	5
CFF02_ind032	CFF02	5
CFF02_ind033	CFF02	5
CFF02_ind034	CFF02	5
CFF02_ind035	CFF02	5
CFF02_ind036	CFF02	5
CFF02_ind037	CFF02	5
CFF02_ind038	CFF02	5
CFF02_ind039	CFF02	5
CFF02_ind040	CFF02	5
CFF02_ind041	CFF02	5
CFF02_ind042	CFF02	5
CFF02_ind043	CFF02	5
CFF02_ind044	CFF02	5
CFF02_ind045	CFF02	5
CFF02_ind046	CFF02	5
CFF02_ind047	CFF02	5
CFF02_ind048	CFF02	5
CFF02_ind049	CFF02	5
CFF02_ind050	CFF02	5
CFF02_ind051	CFF02	5
CFF02_ind052	CFF02	5
CFF02_ind053	CFF02	5
CFF02_ind054	CFF02	5
CFF02_ind055	CFF02	5
CFF02_ind056	CFF02	5
CFF02_ind057	CFF02	5
CFF02_ind058	CFF02	5
CFF02_ind059	CFF02	5
CFF02_ind060	CFF02	5
CFF02_ind061	CFF02	5
CFF02_ind062	CFF02	5
CFF02_ind063	CFF02	5
CFF02_ind064	CFF02	5
CFF02_ind065	CFF02	5
CFF02_ind066	CFF02	5
CFF02_ind067	CFF02	5
CFF02_ind068	CFF02	5
CFF02_ind069	CFF02	5
CFF02_ind070	CFF02	5
CFF02_ind071	CFF02	5
CFF02_ind072	CFF02	5
CFF02_ind073	CFF02	5
CFF02_ind074	CFF02	5
CFF02_ind075	CFF02	5
CFF02_ind076	CFF02	5
CFF02_ind077	CFF02	5
CFF02_ind078	CFF02	5
CFF02_ind079	CFF02	5
CFF02_ind080	CFF02	5
CFF02_ind081	CFF02	5
CFF02_ind082	CFF02	5
CFF02_ind083	CFF02	5
CFF02_ind084	CFF02	5
CFF02_ind085	CFF02	5
CFF02_ind086	CFF02	5
CFF02_ind087	CFF02	5
CFF02_ind088	CFF02	5
CFF02_ind089	CFF02	5
CFF02_ind090	CFF02	5
CFF02_ind091	CFF02	5
CFF02_ind092	CFF02	5
CFF02_ind093	CFF02	5
CFF02_ind094	CFF02	5
CFF02_ind095	CFF02	5
CFF02_ind096	CFF02	5
CFF02_ind097	CFF02	5
CFF02_ind098	CFF02	5
CFF02_ind099	CFF02	5
CFF02_ind100	CFF02	5
CFF02_ind101	CFF02	5
CFF02_ind102	CFF02	5
CFF02_ind103	CFF02	5
CFF02_ind104	CFF02	5
CFF02_ind105	CFF02	5
CFF02_ind106	CFF02	5
CFF02_ind107	CFF02	5
CFF02_ind108	CFF02	5
CFF02_ind109	CFF02	5
CFF02_ind110	CFF02	5
CFF02_ind111	CFF02	5
CFF02_ind112	CFF02	5
CFF02_ind113	CFF02	5
CFF02_ind114	CFF02	5
CFF02_ind115	CFF02	5
CFF02_ind116	CFF02	5
CFF02_ind117	CFF02	5
CFF02_ind118	CFF02	5
CFF02_ind119	CFF02	5
CFF02_ind120	CFF02	5
CFF02_ind001	CFF02	6
CFF02_ind002	CFF02	6
CFF02_ind003	CFF02	6
CFF02_ind004	CFF02	6
CFF02_ind005	CFF02	6
CFF02_ind006	CFF02	6
CFF02_ind007	CFF02	6
CFF02_ind008	CFF02	6
CFF02_ind009	CFF02	6
CFF02_ind010	CFF02	6
CFF02_ind011	CFF02	6
CFF02_ind012	CFF02	6
CFF02_ind013	CFF02	6
CFF02_ind014	CFF02	6
CFF02_ind015	CFF02	6
CFF02_ind016	CFF02	6
CFF02_ind017	CFF02	6
CFF02_ind018	CFF02	6
CFF02_ind019	CFF02	6
CFF02_ind020	CFF02	6
CFF02_ind021	CFF02	6
CFF02_ind022	CFF02	6
CFF02_ind023	CFF02	6
CFF02_ind024	CFF02	6
CFF02_ind025	CFF02	6
CFF02_ind026	CFF02	6
CFF02_ind027	CFF02	6
CFF02_ind028	CFF02	6
CFF02_ind029	CFF02	6
CFF02_ind030	CFF02	6
CFF02_ind031	CFF02	6
CFF02_ind032	CFF02	6
CFF02_ind033	CFF02	6
CFF02_ind034	CFF02	6
CFF02_ind035	CFF02	6
CFF02_ind036	CFF02	6
CFF02_ind037	CFF02	6
CFF02_ind038	CFF02	6
CFF02_ind039	CFF02	6
CFF02_ind040	CFF02	6
CFF02_ind041	CFF02	6
CFF02_ind042	CFF02	6
CFF02_ind043	CFF02	6
CFF02_ind044	CFF02	6
CFF02_ind045	CFF02	6
CFF02_ind046	CFF02	6
CFF02_ind047	CFF02	6
CFF02_ind048	CFF02	6
CFF02_ind049	CFF02	6
CFF02_ind050	CFF02	6
CFF02_ind051	CFF02	6
CFF02_ind052	CFF02	6
CFF02_ind053	CFF02	6
CFF02_ind054	CFF02	6
CFF02_ind055	CFF02	6
CFF02_ind056	CFF02	6
CFF02_ind057	CFF02	6
CFF02_ind058	CFF02	6
CFF02_ind059	CFF02	6
CFF02_ind060	CFF02	6
CFF02_ind061	CFF02	6
CFF02_ind062	CFF02	6
CFF02_ind063	CFF02	6
CFF02_ind064	CFF02	6
CFF02_ind065	CFF02	6
CFF02_ind066	CFF02	6
CFF02_ind067	CFF02	6
CFF02_ind068	CFF02	6
CFF02_ind069	CFF02	6
CFF02_ind070	CFF02	6
CFF02_ind071	CFF02	6
CFF02_ind072	CFF02	6
CFF02_ind073	CFF02	6
CFF02_ind074	CFF02	6
CFF02_ind075	CFF02	6
CFF02_ind076	CFF02	6
CFF02_ind077	CFF02	6
CFF02_ind078	CFF02	6
CFF02_ind079	CFF02	6
CFF02_ind080	CFF02	6
CFF02_ind081	CFF02	6
CFF02_ind082	CFF02	6
CFF02_ind083	CFF02	6
CFF02_ind084	CFF02	6
CFF02_ind085	CFF02	6
CFF02_ind086	CFF02	6
CFF02_ind087	CFF02	6
CFF02_ind088	CFF02	6
CFF02_ind089	CFF02	6
CFF02_ind090	CFF02	6
CFF02_ind091	CFF02	6
CFF02_ind092	CFF02	6
CFF02_ind093	CFF02	6
CFF02_ind094	CFF02	6
CFF02_ind095	CFF02	6
CFF02_ind096	CFF02	6
CFF02_ind097	CFF02	6
CFF02_ind098	CFF02	6
CFF02_ind099	CFF02	6
CFF02_ind100	CFF02	6
CFF02_ind101	CFF02	6
CFF02_ind102	CFF02	6
CFF02_ind103	CFF02	6
CFF02_ind104	CFF02	6
CFF02_ind105	CFF02	6
CFF02_ind106	CFF02	6
CFF02_ind107	CFF02	6
CFF02_ind108	CFF02	6
CFF02_ind109	CFF02	6
CFF02_ind110	CFF02	6
CFF02_ind111	CFF02	6
CFF02_ind112	CFF02	6
CFF02_ind113	CFF02	6
CFF02_ind114	CFF02	6
CFF02_ind115	CFF02	6
CFF02_ind116	CFF02	6
CFF02_ind117	CFF02	6
CFF02_ind118	CFF02	6
CFF02_ind119	CFF02	6
CFF02_ind120	CFF02	6
CFF02_ind001	CFF02	7
CFF02_ind002	CFF02	7
CFF02_ind003	CFF02	7
CFF02_ind004	CFF02	7
CFF02_ind005	CFF02	7
CFF02_ind006	CFF02	7
CFF02_ind007	CFF02	7
CFF02_ind008	CFF02	7
CFF02_ind009	CFF02	7
CFF02_ind010	CFF02	7
CFF02_ind011	CFF02	7
CFF02_ind012	CFF02	7
CFF02_ind013	CFF02	7
CFF02_ind014	CFF02	7
CFF02_ind015	CFF02	7
CFF02_ind016	CFF02	7
CFF02_ind017	CFF02	7
CFF02_ind018	CFF02	7
CFF02_ind019	CFF02	7
CFF02_ind020	CFF02	7
CFF02_ind021	CFF02	7
CFF02_ind022	CFF02	7
CFF02_ind023	CFF02	7
CFF02_ind024	CFF02	7
CFF02_ind025	CFF02	7
CFF02_ind026	CFF02	7
CFF02_ind027	CFF02	7
CFF02_ind028	CFF02	7
CFF02_ind029	CFF02	7
CFF02_ind030	CFF02	7
CFF02_ind031	CFF02	7
CFF02_ind032	CFF02	7
CFF02_ind033	CFF02	7
CFF02_ind034	CFF02	7
CFF02_ind035	CFF02	7
CFF02_ind036	CFF02	7
CFF02_ind037	CFF02	7
CFF02_ind038	CFF02	7
CFF02_ind039	CFF02	7
CFF02_ind040	CFF02	7
CFF02_ind041	CFF02	7
CFF02_ind042	CFF02	7
CFF02_ind043	CFF02	7
CFF02_ind044	CFF02	7
CFF02_ind045	CFF02	7
CFF02_ind046	CFF02	7
CFF02_ind047	CFF02	7
CFF02_ind048	CFF02	7
CFF02_ind049	CFF02	7
CFF02_ind050	CFF02	7
CFF02_ind051	CFF02	7
CFF02_ind052	CFF02	7
CFF02_ind053	CFF02	7
CFF02_ind054	CFF02	7
CFF02_ind055	CFF02	7
CFF02_ind056	CFF02	7
CFF02_ind057	CFF02	7
CFF02_ind058	CFF02	7
CFF02_ind059	CFF02	7
CFF02_ind060	CFF02	7
CFF02_ind061	CFF02	7
CFF02_ind062	CFF02	7
CFF02_ind063	CFF02	7
CFF02_ind064	CFF02	7
CFF02_ind065	CFF02	7
CFF02_ind066	CFF02	7
CFF02_ind067	CFF02	7
CFF02_ind068	CFF02	7
CFF02_ind069	CFF02	7
CFF02_ind070	CFF02	7
CFF02_ind071	CFF02	7
CFF02_ind072	CFF02	7
CFF02_ind073	CFF02	7
CFF02_ind074	CFF02	7
CFF02_ind075	CFF02	7
CFF02_ind076	CFF02	7
CFF02_ind077	CFF02	7
CFF02_ind078	CFF02	7
CFF02_ind079	CFF02	7
CFF02_ind080	CFF02	7
CFF02_ind081	CFF02	7
CFF02_ind082	CFF02	7
CFF02_ind083	CFF02	7
CFF02_ind084	CFF02	7
CFF02_ind085	CFF02	7
CFF02_ind086	CFF02	7
CFF02_ind087	CFF02	7
CFF02_ind088	CFF02	7
CFF02_ind089	CFF02	7
CFF02_ind090	CFF02	7
CFF02_ind091	CFF02	7
CFF02_ind092	CFF02	7
CFF02_ind093	CFF02	7
CFF02_ind094	CFF02	7
CFF02_ind095	CFF02	7
CFF02_ind096	CFF02	7
CFF02_ind097	CFF02	7
CFF02_ind098	CFF02	7
CFF02_ind099	CFF02	7
CFF02_ind100	CFF02	7
CFF02_ind101	CFF02	7
CFF02_ind102	CFF02	7
CFF02_ind103	CFF02	7
CFF02_ind104	CFF02	7
CFF02_ind105	CFF02	7
CFF02_ind106	CFF02	7
CFF02_ind107	CFF02	7
CFF02_ind108	CFF02	7
CFF02_ind109	CFF02	7
CFF02_ind110	CFF02	7
CFF02_ind111	CFF02	7
CFF02_ind112	CFF02	7
CFF02_ind113	CFF02	7
CFF02_ind114	CFF02	7
CFF02_ind115	CFF02	7
CFF02_ind116	CFF02	7
CFF02_ind117	CFF02	7
CFF02_ind118	CFF02	7
CFF02_ind119	CFF02	7
CFF02_ind120	CFF02	7
CFF02_ind001	CFF02	8
CFF02_ind002	CFF02	8
CFF02_ind003	CFF02	8
CFF02_ind004	CFF02	8
CFF02_ind005	CFF02	8
CFF02_ind006	CFF02	8
CFF02_ind007	CFF02	8
CFF02_ind008	CFF02	8
CFF02_ind009	CFF02	8
CFF02_ind010	CFF02	8
CFF02_ind011	CFF02	8
CFF02_ind012	CFF02	8
CFF02_ind013	CFF02	8
CFF02_ind014	CFF02	8
CFF02_ind015	CFF02	8
CFF02_ind016	CFF02	8
CFF02_ind017	CFF02	8
CFF02_ind018	CFF02	8
CFF02_ind019	CFF02	8
CFF02_ind020	CFF02	8
CFF02_ind021	CFF02	8
CFF02_ind022	CFF02	8
CFF02_ind023	CFF02	8
CFF02_ind024	CFF02	8
CFF02_ind025	CFF02	8
CFF02_ind026	CFF02	8
CFF02_ind027	CFF02	8
CFF02_ind028	CFF02	8
CFF02_ind029	CFF02	8
CFF02_ind030	CFF02	8
CFF02_ind031	CFF02	8
CFF02_ind032	CFF02	8
CFF02_ind033	CFF02	8
CFF02_ind034	CFF02	8
CFF02_ind035	CFF02	8
CFF02_ind036	CFF02	8
CFF02_ind037	CFF02	8
CFF02_ind038	CFF02	8
CFF02_ind039	CFF02	8
CFF02_ind040	CFF02	8
CFF02_ind041	CFF02	8
CFF02_ind042	CFF02	8
CFF02_ind043	CFF02	8
CFF02_ind044	CFF02	8
CFF02_ind045	CFF02	8
CFF02_ind046	CFF02	8
CFF02_ind047	CFF02	8
CFF02_ind048	CFF02	8
CFF02_ind049	CFF02	8
CFF02_ind050	CFF02	8
CFF02_ind051	CFF02	8
CFF02_ind052	CFF02	8
CFF02_ind053	CFF02	8
CFF02_ind054	CFF02	8
CFF02_ind055	CFF02	8
CFF02_ind056	CFF02	8
CFF02_ind057	CFF02	8
CFF02_ind058	CFF02	8
CFF02_ind059	CFF02	8
CFF02_ind060	CFF02	8
CFF02_ind061	CFF02	8
CFF02_ind062	CFF02	8
CFF02_ind063	CFF02	8
CFF02_ind064	CFF02	8
CFF02_ind065	CFF02	8
CFF02_ind066	CFF02	8
CFF02_ind067	CFF02	8
CFF02_ind068	CFF02	8
CFF02_ind069	CFF02	8
CFF02_ind070	CFF02	8
CFF02_ind071	CFF02	8
CFF02_ind072	CFF02	8
CFF02_ind073	CFF02	8
CFF02_ind074	CFF02	8
CFF02_ind075	CFF02	8
CFF02_ind076	CFF02	8
CFF02_ind077	CFF02	8
CFF02_ind078	CFF02	8
CFF02_ind079	CFF02	8
CFF02_ind080	CFF02	8
CFF02_ind081	CFF02	8
CFF02_ind082	CFF02	8
CFF02_ind083	CFF02	8
CFF02_ind084	CFF02	8
CFF02_ind085	CFF02	8
CFF02_ind086	CFF02	8
CFF02_ind087	CFF02	8
CFF02_ind088	CFF02	8
CFF02_ind089	CFF02	8
CFF02_ind090	CFF02	8
CFF02_ind091	CFF02	8
CFF02_ind092	CFF02	8
CFF02_ind093	CFF02	8
CFF02_ind094	CFF02	8
CFF02_ind095	CFF02	8
CFF02_ind096	CFF02	8
CFF02_ind097	CFF02	8
CFF02_ind098	CFF02	8
CFF02_ind099	CFF02	8
CFF02_ind100	CFF02	8
CFF02_ind101	CFF02	8
CFF02_ind102	CFF02	8
CFF02_ind103	CFF02	8
CFF02_ind104	CFF02	8
CFF02_ind105	CFF02	8
CFF02_ind106	CFF02	8
CFF02_ind107	CFF02	8
CFF02_ind108	CFF02	8
CFF02_ind109	CFF02	8
CFF02_ind110	CFF02	8
CFF02_ind111	CFF02	8
CFF02_ind112	CFF02	8
CFF02_ind113	CFF02	8
CFF02_ind114	CFF02	8
CFF02_ind115	CFF02	8
CFF02_ind116	CFF02	8
CFF02_ind117	CFF02	8
CFF02_ind118	CFF02	8
CFF02_ind119	CFF02	8
CFF02_ind120	CFF02	8
CFF02_ind001	CFF02	9
CFF02_ind002	CFF02	9
CFF02_ind003	CFF02	9
CFF02_ind004	CFF02	9
CFF02_ind005	CFF02	9
CFF02_ind006	CFF02	9
CFF02_ind007	CFF02	9
CFF02_ind008	CFF02	9
CFF02_ind009	CFF02	9
CFF02_ind010	CFF02	9
CFF02_ind011	CFF02	9
CFF02_ind012	CFF02	9
CFF02_ind013	CFF02	9
CFF02_ind014	CFF02	9
CFF02_ind015	CFF02	9
CFF02_ind016	CFF02	9
CFF02_ind017	CFF02	9
CFF02_ind018	CFF02	9
CFF02_ind019	CFF02	9
CFF02_ind020	CFF02	9
CFF02_ind021	CFF02	9
CFF02_ind022	CFF02	9
CFF02_ind023	CFF02	9
CFF02_ind024	CFF02	9
CFF02_ind025	CFF02	9
CFF02_ind026	CFF02	9
CFF02_ind027	CFF02	9
CFF02_ind028	CFF02	9
CFF02_ind029	CFF02	9
CFF02_ind030	CFF02	9
CFF02_ind031	CFF02	9
CFF02_ind032	CFF02	9
CFF02_ind033	CFF02	9
CFF02_ind034	CFF02	9
CFF02_ind035	CFF02	9
CFF02_ind036	CFF02	9
CFF02_ind037	CFF02	9
CFF02_ind038	CFF02	9
CFF02_ind039	CFF02	9
CFF02_ind040	CFF02	9
CFF02_ind041	CFF02	9
CFF02_ind042	CFF02	9
CFF02_ind043	CFF02	9
CFF02_ind044	CFF02	9
CFF02_ind045	CFF02	9
CFF02_ind046	CFF02	9
CFF02_ind047	CFF02	9
CFF02_ind048	CFF02	9
CFF02_ind049	CFF02	9
CFF02_ind050	CFF02	9
CFF02_ind051	CFF02	9
CFF02_ind052	CFF02	9
CFF02_ind053	CFF02	9
CFF02_ind054	CFF02	9
CFF02_ind055	CFF02	9
CFF02_ind056	CFF02	9
CFF02_ind057	CFF02	9
CFF02_ind058	CFF02	9
CFF02_ind059	CFF02	9
CFF02_ind060	CFF02	9
CFF02_ind061	CFF02	9
CFF02_ind062	CFF02	9
CFF02_ind063	CFF02	9
CFF02_ind064	CFF02	9
CFF02_ind065	CFF02	9
CFF02_ind066	CFF02	9
CFF02_ind067	CFF02	9
CFF02_ind068	CFF02	9
CFF02_ind069	CFF02	9
CFF02_ind070	CFF02	9
CFF02_ind071	CFF02	9
CFF02_ind072	CFF02	9
CFF02_ind073	CFF02	9
CFF02_ind074	CFF02	9
CFF02_ind075	CFF02	9
CFF02_ind076	CFF02	9
CFF02_ind077	CFF02	9
CFF02_ind078	CFF02	9
CFF02_ind079	CFF02	9
CFF02_ind080	CFF02	9
CFF02_ind081	CFF02	9
CFF02_ind082	CFF02	9
CFF02_ind083	CFF02	9
CFF02_ind084	CFF02	9
CFF02_ind085	CFF02	9
CFF02_ind086	CFF02	9
CFF02_ind087	CFF02	9
CFF02_ind088	CFF02	9
CFF02_ind089	CFF02	9
CFF02_ind090	CFF02	9
CFF02_ind091	CFF02	9
CFF02_ind092	CFF02	9
CFF02_ind093	CFF02	9
CFF02_ind094	CFF02	9
CFF02_ind095	CFF02	9
CFF02_ind096	CFF02	9
CFF02_ind097	CFF02	9
CFF02_ind098	CFF02	9
CFF02_ind099	CFF02	9
CFF02_ind100	CFF02	9
CFF02_ind101	CFF02	9
CFF02_ind102	CFF02	9
CFF02_ind103	CFF02	9
CFF02_ind104	CFF02	9
CFF02_ind105	CFF02	9
CFF02_ind106	CFF02	9
CFF02_ind107	CFF02	9
CFF02_ind108	CFF02	9
CFF02_ind109	CFF02	9
CFF02_ind110	CFF02	9
CFF02_ind111	CFF02	9
CFF02_ind112	CFF02	9
CFF02_ind113	CFF02	9
CFF02_ind114	CFF02	9
CFF02_ind115	CFF02	9
CFF02_ind116	CFF02	9
CFF02_ind117	CFF02	9
CFF02_ind118	CFF02	9
CFF02_ind119	CFF02	9
CFF02_ind120	CFF02	9
CFF02_ind001	CFF02	10
CFF02_ind002	CFF02	10
CFF02_ind003	CFF02	10
CFF02_ind004	CFF02	10
CFF02_ind005	CFF02	10
CFF02_ind006	CFF02	10
CFF02_ind007	CFF02	10
CFF02_ind008	CFF02	10
CFF02_ind009	CFF02	10
CFF02_ind010	CFF02	10
CFF02_ind011	CFF02	10
CFF02_ind012	CFF02	10
CFF02_ind013	CFF02	10
CFF02_ind014	CFF02	10
CFF02_ind015	CFF02	10
CFF02_ind016	CFF02	10
CFF02_ind017	CFF02	10
CFF02_ind018	CFF02	10
CFF02_ind019	CFF02	10
CFF02_ind020	CFF02	10
CFF02_ind021	CFF02	10
CFF02_ind022	CFF02	10
CFF02_ind023	CFF02	10
CFF02_ind024	CFF02	10
CFF02_ind025	CFF02	10
CFF02_ind026	CFF02	10
CFF02_ind027	CFF02	10
CFF02_ind028	CFF02	10
CFF02_ind029	CFF02	10
CFF02_ind030	CFF02	10
CFF02_ind031	CFF02	10
CFF02_ind032	CFF02	10
CFF02_ind033	CFF02	10
CFF02_ind034	CFF02	10
CFF02_ind035	CFF02	10
CFF02_ind036	CFF02	10
CFF02_ind037	CFF02	10
CFF02_ind038	CFF02	10
CFF02_ind039	CFF02	10
CFF02_ind040	CFF02	10
CFF02_ind041	CFF02	10
CFF02_ind042	CFF02	10
CFF02_ind043	CFF02	10
CFF02_ind044	CFF02	10
CFF02_ind045	CFF02	10
CFF02_ind046	CFF02	10
CFF02_ind047	CFF02	10
CFF02_ind048	CFF02	10
CFF02_ind049	CFF02	10
CFF02_ind050	CFF02	10
CFF02_ind051	CFF02	10
CFF02_ind052	CFF02	10
CFF02_ind053	CFF02	10
CFF02_ind054	CFF02	10
CFF02_ind055	CFF02	10
CFF02_ind056	CFF02	10
CFF02_ind057	CFF02	10
CFF02_ind058	CFF02	10
CFF02_ind059	CFF02	10
CFF02_ind060	CFF02	10
CFF02_ind061	CFF02	10
CFF02_ind062	CFF02	10
CFF02_ind063	CFF02	10
CFF02_ind064	CFF02	10
CFF02_ind065	CFF02	10
CFF02_ind066	CFF02	10
CFF02_ind067	CFF02	10
CFF02_ind068	CFF02	10
CFF02_ind069	CFF02	10
CFF02_ind070	CFF02	10
CFF02_ind071	CFF02	10
CFF02_ind072	CFF02	10
CFF02_ind073	CFF02	10
CFF02_ind074	CFF02	10
CFF02_ind075	CFF02	10
CFF02_ind076	CFF02	10
CFF02_ind077	CFF02	10
CFF02_ind078	CFF02	10
CFF02_ind079	CFF02	10
CFF02_ind080	CFF02	10
CFF02_ind081	CFF02	10
CFF02_ind082	CFF02	10
CFF02_ind083	CFF02	10
CFF02_ind084	CFF02	10
CFF02_ind085	CFF02	10
CFF02_ind086	CFF02	10
CFF02_ind087	CFF02	10
CFF02_ind088	CFF02	10
CFF02_ind089	CFF02	10
CFF02_ind090	CFF02	10
CFF02_ind091	CFF02	10
CFF02_ind092	CFF02	10
CFF02_ind093	CFF02	10
CFF02_ind094	CFF02	10
CFF02_ind095	CFF02	10
CFF02_ind096	CFF02	10
CFF02_ind097	CFF02	10
CFF02_ind098	CFF02	10
CFF02_ind099	CFF02	10
CFF02_ind100	CFF02	10
CFF02_ind101	CFF02	10
CFF02_ind102	CFF02	10
CFF02_ind103	CFF02	10
CFF02_ind104	CFF02	10
CFF02_ind105	CFF02	10
CFF02_ind106	CFF02	10
CFF02_ind107	CFF02	10
CFF02_ind108	CFF02	10
CFF02_ind109	CFF02	10
CFF02_ind110	CFF02	10
CFF02_ind111	CFF02	10
CFF02_ind112	CFF02	10
CFF02_ind113	CFF02	10
CFF02_ind114	CFF02	10
CFF02_ind115	CFF02	10
CFF02_ind116	CFF02	10
CFF02_ind117	CFF02	10
CFF02_ind118	CFF02	10
CFF02_ind119	CFF02	10
CFF02_ind120	CFF02	10
CFF03_ind001	CFF03	1
CFF03_ind002	CFF03	1
CFF03_ind003	CFF03	1
CFF03_ind004	CFF03	1
CFF03_ind006	CFF03	1
CFF03_ind007	CFF03	1
CFF03_ind008	CFF03	1
CFF03_ind009	CFF03	1
CFF03_ind010	CFF03	1
CFF03_ind011	CFF03	1
CFF03_ind012	CFF03	1
CFF03_ind013	CFF03	1
CFF03_ind014	CFF03	1
CFF03_ind015	CFF03	1
CFF03_ind016	CFF03	1
CFF03_ind017	CFF03	1
CFF03_ind018	CFF03	1
CFF03_ind019	CFF03	1
CFF03_ind020	CFF03	1
CFF03_ind021	CFF03	1
CFF03_ind022	CFF03	1
CFF03_ind023	CFF03	1
CFF03_ind024	CFF03	1
CFF03_ind025	CFF03	1
CFF03_ind026	CFF03	1
CFF03_ind027	CFF03	1
CFF03_ind028	CFF03	1
CFF03_ind029	CFF03	1
CFF03_ind030	CFF03	1
CFF03_ind031	CFF03	1
CFF03_ind032	CFF03	1
CFF03_ind033	CFF03	1
CFF03_ind034	CFF03	1
CFF03_ind035	CFF03	1
CFF03_ind036	CFF03	1
CFF03_ind037	CFF03	1
CFF03_ind038	CFF03	1
CFF03_ind039	CFF03	1
CFF03_ind040	CFF03	1
CFF03_ind041	CFF03	1
CFF03_ind042	CFF03	1
CFF03_ind043	CFF03	1
CFF03_ind044	CFF03	1
CFF03_ind045	CFF03	1
CFF03_ind046	CFF03	1
CFF03_ind047	CFF03	1
CFF03_ind048	CFF03	1
CFF03_ind049	CFF03	1
CFF03_ind050	CFF03	1
CFF03_ind051	CFF03	1
CFF03_ind052	CFF03	1
CFF03_ind053	CFF03	1
CFF03_ind054	CFF03	1
CFF03_ind055	CFF03	1
CFF03_ind056	CFF03	1
CFF03_ind057	CFF03	1
CFF03_ind058	CFF03	1
CFF03_ind059	CFF03	1
CFF03_ind060	CFF03	1
CFF03_ind061	CFF03	1
CFF03_ind062	CFF03	1
CFF03_ind063	CFF03	1
CFF03_ind064	CFF03	1
CFF03_ind065	CFF03	1
CFF03_ind066	CFF03	1
CFF03_ind067	CFF03	1
CFF03_ind068	CFF03	1
CFF03_ind069	CFF03	1
CFF03_ind070	CFF03	1
CFF03_ind071	CFF03	1
CFF03_ind072	CFF03	1
CFF03_ind073	CFF03	1
CFF03_ind074	CFF03	1
CFF03_ind075	CFF03	1
CFF03_ind076	CFF03	1
CFF03_ind077	CFF03	1
CFF03_ind078	CFF03	1
CFF03_ind079	CFF03	1
CFF03_ind080	CFF03	1
CFF03_ind081	CFF03	1
CFF03_ind082	CFF03	1
CFF03_ind083	CFF03	1
CFF03_ind084	CFF03	1
CFF03_ind085	CFF03	1
CFF03_ind086	CFF03	1
CFF03_ind087	CFF03	1
CFF03_ind088	CFF03	1
CFF03_ind089	CFF03	1
CFF03_ind090	CFF03	1
CFF03_ind091	CFF03	1
CFF03_ind092	CFF03	1
CFF03_ind093	CFF03	1
CFF03_ind094	CFF03	1
CFF03_ind095	CFF03	1
CFF03_ind096	CFF03	1
CFF03_ind097	CFF03	1
CFF03_ind098	CFF03	1
CFF03_ind099	CFF03	1
CFF03_ind100	CFF03	1
CFF03_ind101	CFF03	1
CFF03_ind102	CFF03	1
CFF03_ind103	CFF03	1
CFF03_ind104	CFF03	1
CFF03_ind105	CFF03	1
CFF03_ind106	CFF03	1
CFF03_ind107	CFF03	1
CFF03_ind108	CFF03	1
CFF03_ind110	CFF03	1
CFF03_ind111	CFF03	1
CFF03_ind112	CFF03	1
CFF03_ind001	CFF03	2
CFF03_ind002	CFF03	2
CFF03_ind003	CFF03	2
CFF03_ind004	CFF03	2
CFF03_ind006	CFF03	2
CFF03_ind007	CFF03	2
CFF03_ind008	CFF03	2
CFF03_ind009	CFF03	2
CFF03_ind010	CFF03	2
CFF03_ind011	CFF03	2
CFF03_ind012	CFF03	2
CFF03_ind013	CFF03	2
CFF03_ind014	CFF03	2
CFF03_ind015	CFF03	2
CFF03_ind016	CFF03	2
CFF03_ind017	CFF03	2
CFF03_ind018	CFF03	2
CFF03_ind019	CFF03	2
CFF03_ind020	CFF03	2
CFF03_ind021	CFF03	2
CFF03_ind022	CFF03	2
CFF03_ind023	CFF03	2
CFF03_ind024	CFF03	2
CFF03_ind025	CFF03	2
CFF03_ind026	CFF03	2
CFF03_ind027	CFF03	2
CFF03_ind028	CFF03	2
CFF03_ind029	CFF03	2
CFF03_ind030	CFF03	2
CFF03_ind031	CFF03	2
CFF03_ind032	CFF03	2
CFF03_ind033	CFF03	2
CFF03_ind034	CFF03	2
CFF03_ind035	CFF03	2
CFF03_ind036	CFF03	2
CFF03_ind037	CFF03	2
CFF03_ind038	CFF03	2
CFF03_ind039	CFF03	2
CFF03_ind040	CFF03	2
CFF03_ind041	CFF03	2
CFF03_ind042	CFF03	2
CFF03_ind043	CFF03	2
CFF03_ind044	CFF03	2
CFF03_ind045	CFF03	2
CFF03_ind046	CFF03	2
CFF03_ind047	CFF03	2
CFF03_ind048	CFF03	2
CFF03_ind049	CFF03	2
CFF03_ind050	CFF03	2
CFF03_ind051	CFF03	2
CFF03_ind052	CFF03	2
CFF03_ind053	CFF03	2
CFF03_ind054	CFF03	2
CFF03_ind055	CFF03	2
CFF03_ind056	CFF03	2
CFF03_ind057	CFF03	2
CFF03_ind058	CFF03	2
CFF03_ind059	CFF03	2
CFF03_ind060	CFF03	2
CFF03_ind061	CFF03	2
CFF03_ind062	CFF03	2
CFF03_ind063	CFF03	2
CFF03_ind064	CFF03	2
CFF03_ind065	CFF03	2
CFF03_ind066	CFF03	2
CFF03_ind067	CFF03	2
CFF03_ind068	CFF03	2
CFF03_ind069	CFF03	2
CFF03_ind070	CFF03	2
CFF03_ind071	CFF03	2
CFF03_ind072	CFF03	2
CFF03_ind073	CFF03	2
CFF03_ind074	CFF03	2
CFF03_ind075	CFF03	2
CFF03_ind076	CFF03	2
CFF03_ind077	CFF03	2
CFF03_ind078	CFF03	2
CFF03_ind079	CFF03	2
CFF03_ind080	CFF03	2
CFF03_ind081	CFF03	2
CFF03_ind082	CFF03	2
CFF03_ind083	CFF03	2
CFF03_ind084	CFF03	2
CFF03_ind085	CFF03	2
CFF03_ind086	CFF03	2
CFF03_ind087	CFF03	2
CFF03_ind088	CFF03	2
CFF03_ind089	CFF03	2
CFF03_ind090	CFF03	2
CFF03_ind091	CFF03	2
CFF03_ind092	CFF03	2
CFF03_ind093	CFF03	2
CFF03_ind094	CFF03	2
CFF03_ind095	CFF03	2
CFF03_ind096	CFF03	2
CFF03_ind097	CFF03	2
CFF03_ind098	CFF03	2
CFF03_ind099	CFF03	2
CFF03_ind100	CFF03	2
CFF03_ind101	CFF03	2
CFF03_ind102	CFF03	2
CFF03_ind103	CFF03	2
CFF03_ind104	CFF03	2
CFF03_ind105	CFF03	2
CFF03_ind106	CFF03	2
CFF03_ind107	CFF03	2
CFF03_ind108	CFF03	2
CFF03_ind110	CFF03	2
CFF03_ind111	CFF03	2
CFF03_ind112	CFF03	2
CFF03_ind001	CFF03	3
CFF03_ind002	CFF03	3
CFF03_ind003	CFF03	3
CFF03_ind004	CFF03	3
CFF03_ind006	CFF03	3
CFF03_ind007	CFF03	3
CFF03_ind008	CFF03	3
CFF03_ind009	CFF03	3
CFF03_ind010	CFF03	3
CFF03_ind011	CFF03	3
CFF03_ind012	CFF03	3
CFF03_ind013	CFF03	3
CFF03_ind014	CFF03	3
CFF03_ind015	CFF03	3
CFF03_ind016	CFF03	3
CFF03_ind017	CFF03	3
CFF03_ind018	CFF03	3
CFF03_ind019	CFF03	3
CFF03_ind020	CFF03	3
CFF03_ind021	CFF03	3
CFF03_ind022	CFF03	3
CFF03_ind023	CFF03	3
CFF03_ind024	CFF03	3
CFF03_ind025	CFF03	3
CFF03_ind026	CFF03	3
CFF03_ind027	CFF03	3
CFF03_ind028	CFF03	3
CFF03_ind029	CFF03	3
CFF03_ind030	CFF03	3
CFF03_ind031	CFF03	3
CFF03_ind032	CFF03	3
CFF03_ind033	CFF03	3
CFF03_ind034	CFF03	3
CFF03_ind035	CFF03	3
CFF03_ind036	CFF03	3
CFF03_ind037	CFF03	3
CFF03_ind038	CFF03	3
CFF03_ind039	CFF03	3
CFF03_ind040	CFF03	3
CFF03_ind041	CFF03	3
CFF03_ind042	CFF03	3
CFF03_ind043	CFF03	3
CFF03_ind044	CFF03	3
CFF03_ind045	CFF03	3
CFF03_ind046	CFF03	3
CFF03_ind047	CFF03	3
CFF03_ind048	CFF03	3
CFF03_ind049	CFF03	3
CFF03_ind050	CFF03	3
CFF03_ind051	CFF03	3
CFF03_ind052	CFF03	3
CFF03_ind053	CFF03	3
CFF03_ind054	CFF03	3
CFF03_ind055	CFF03	3
CFF03_ind056	CFF03	3
CFF03_ind057	CFF03	3
CFF03_ind058	CFF03	3
CFF03_ind059	CFF03	3
CFF03_ind060	CFF03	3
CFF03_ind061	CFF03	3
CFF03_ind062	CFF03	3
CFF03_ind063	CFF03	3
CFF03_ind064	CFF03	3
CFF03_ind065	CFF03	3
CFF03_ind066	CFF03	3
CFF03_ind067	CFF03	3
CFF03_ind068	CFF03	3
CFF03_ind069	CFF03	3
CFF03_ind070	CFF03	3
CFF03_ind071	CFF03	3
CFF03_ind072	CFF03	3
CFF03_ind073	CFF03	3
CFF03_ind074	CFF03	3
CFF03_ind075	CFF03	3
CFF03_ind076	CFF03	3
CFF03_ind077	CFF03	3
CFF03_ind078	CFF03	3
CFF03_ind079	CFF03	3
CFF03_ind080	CFF03	3
CFF03_ind081	CFF03	3
CFF03_ind082	CFF03	3
CFF03_ind083	CFF03	3
CFF03_ind084	CFF03	3
CFF03_ind085	CFF03	3
CFF03_ind086	CFF03	3
CFF03_ind087	CFF03	3
CFF03_ind088	CFF03	3
CFF03_ind089	CFF03	3
CFF03_ind090	CFF03	3
CFF03_ind091	CFF03	3
CFF03_ind092	CFF03	3
CFF03_ind093	CFF03	3
CFF03_ind094	CFF03	3
CFF03_ind095	CFF03	3
CFF03_ind096	CFF03	3
CFF03_ind097	CFF03	3
CFF03_ind098	CFF03	3
CFF03_ind099	CFF03	3
CFF03_ind100	CFF03	3
CFF03_ind101	CFF03	3
CFF03_ind102	CFF03	3
CFF03_ind103	CFF03	3
CFF03_ind104	CFF03	3
CFF03_ind105	CFF03	3
CFF03_ind106	CFF03	3
CFF03_ind107	CFF03	3
CFF03_ind108	CFF03	3
CFF03_ind110	CFF03	3
CFF03_ind111	CFF03	3
CFF03_ind112	CFF03	3
CFF03_ind001	CFF03	4
CFF03_ind002	CFF03	4
CFF03_ind003	CFF03	4
CFF03_ind004	CFF03	4
CFF03_ind006	CFF03	4
CFF03_ind007	CFF03	4
CFF03_ind008	CFF03	4
CFF03_ind009	CFF03	4
CFF03_ind010	CFF03	4
CFF03_ind011	CFF03	4
CFF03_ind012	CFF03	4
CFF03_ind013	CFF03	4
CFF03_ind014	CFF03	4
CFF03_ind015	CFF03	4
CFF03_ind016	CFF03	4
CFF03_ind017	CFF03	4
CFF03_ind018	CFF03	4
CFF03_ind019	CFF03	4
CFF03_ind020	CFF03	4
CFF03_ind021	CFF03	4
CFF03_ind022	CFF03	4
CFF03_ind023	CFF03	4
CFF03_ind024	CFF03	4
CFF03_ind025	CFF03	4
CFF03_ind026	CFF03	4
CFF03_ind027	CFF03	4
CFF03_ind028	CFF03	4
CFF03_ind029	CFF03	4
CFF03_ind030	CFF03	4
CFF03_ind031	CFF03	4
CFF03_ind032	CFF03	4
CFF03_ind033	CFF03	4
CFF03_ind034	CFF03	4
CFF03_ind035	CFF03	4
CFF03_ind036	CFF03	4
CFF03_ind037	CFF03	4
CFF03_ind038	CFF03	4
CFF03_ind039	CFF03	4
CFF03_ind040	CFF03	4
CFF03_ind041	CFF03	4
CFF03_ind042	CFF03	4
CFF03_ind043	CFF03	4
CFF03_ind044	CFF03	4
CFF03_ind045	CFF03	4
CFF03_ind046	CFF03	4
CFF03_ind047	CFF03	4
CFF03_ind048	CFF03	4
CFF03_ind049	CFF03	4
CFF03_ind050	CFF03	4
CFF03_ind051	CFF03	4
CFF03_ind052	CFF03	4
CFF03_ind053	CFF03	4
CFF03_ind054	CFF03	4
CFF03_ind055	CFF03	4
CFF03_ind056	CFF03	4
CFF03_ind057	CFF03	4
CFF03_ind058	CFF03	4
CFF03_ind059	CFF03	4
CFF03_ind060	CFF03	4
CFF03_ind061	CFF03	4
CFF03_ind062	CFF03	4
CFF03_ind063	CFF03	4
CFF03_ind064	CFF03	4
CFF03_ind065	CFF03	4
CFF03_ind066	CFF03	4
CFF03_ind067	CFF03	4
CFF03_ind068	CFF03	4
CFF03_ind069	CFF03	4
CFF03_ind070	CFF03	4
CFF03_ind071	CFF03	4
CFF03_ind072	CFF03	4
CFF03_ind073	CFF03	4
CFF03_ind074	CFF03	4
CFF03_ind075	CFF03	4
CFF03_ind076	CFF03	4
CFF03_ind077	CFF03	4
CFF03_ind078	CFF03	4
CFF03_ind079	CFF03	4
CFF03_ind080	CFF03	4
CFF03_ind081	CFF03	4
CFF03_ind082	CFF03	4
CFF03_ind083	CFF03	4
CFF03_ind084	CFF03	4
CFF03_ind085	CFF03	4
CFF03_ind086	CFF03	4
CFF03_ind087	CFF03	4
CFF03_ind088	CFF03	4
CFF03_ind089	CFF03	4
CFF03_ind090	CFF03	4
CFF03_ind091	CFF03	4
CFF03_ind092	CFF03	4
CFF03_ind093	CFF03	4
CFF03_ind094	CFF03	4
CFF03_ind095	CFF03	4
CFF03_ind096	CFF03	4
CFF03_ind097	CFF03	4
CFF03_ind098	CFF03	4
CFF03_ind099	CFF03	4
CFF03_ind100	CFF03	4
CFF03_ind101	CFF03	4
CFF03_ind102	CFF03	4
CFF03_ind103	CFF03	4
CFF03_ind104	CFF03	4
CFF03_ind105	CFF03	4
CFF03_ind106	CFF03	4
CFF03_ind107	CFF03	4
CFF03_ind108	CFF03	4
CFF03_ind110	CFF03	4
CFF03_ind111	CFF03	4
CFF03_ind112	CFF03	4
CFF03_ind001	CFF03	5
CFF03_ind002	CFF03	5
CFF03_ind003	CFF03	5
CFF03_ind004	CFF03	5
CFF03_ind006	CFF03	5
CFF03_ind007	CFF03	5
CFF03_ind008	CFF03	5
CFF03_ind009	CFF03	5
CFF03_ind010	CFF03	5
CFF03_ind011	CFF03	5
CFF03_ind012	CFF03	5
CFF03_ind013	CFF03	5
CFF03_ind014	CFF03	5
CFF03_ind015	CFF03	5
CFF03_ind016	CFF03	5
CFF03_ind017	CFF03	5
CFF03_ind018	CFF03	5
CFF03_ind019	CFF03	5
CFF03_ind020	CFF03	5
CFF03_ind021	CFF03	5
CFF03_ind022	CFF03	5
CFF03_ind023	CFF03	5
CFF03_ind024	CFF03	5
CFF03_ind025	CFF03	5
CFF03_ind026	CFF03	5
CFF03_ind027	CFF03	5
CFF03_ind028	CFF03	5
CFF03_ind029	CFF03	5
CFF03_ind030	CFF03	5
CFF03_ind031	CFF03	5
CFF03_ind032	CFF03	5
CFF03_ind033	CFF03	5
CFF03_ind034	CFF03	5
CFF03_ind035	CFF03	5
CFF03_ind036	CFF03	5
CFF03_ind037	CFF03	5
CFF03_ind038	CFF03	5
CFF03_ind039	CFF03	5
CFF03_ind040	CFF03	5
CFF03_ind041	CFF03	5
CFF03_ind042	CFF03	5
CFF03_ind043	CFF03	5
CFF03_ind044	CFF03	5
CFF03_ind045	CFF03	5
CFF03_ind046	CFF03	5
CFF03_ind047	CFF03	5
CFF03_ind048	CFF03	5
CFF03_ind049	CFF03	5
CFF03_ind050	CFF03	5
CFF03_ind051	CFF03	5
CFF03_ind052	CFF03	5
CFF03_ind053	CFF03	5
CFF03_ind054	CFF03	5
CFF03_ind055	CFF03	5
CFF03_ind056	CFF03	5
CFF03_ind057	CFF03	5
CFF03_ind058	CFF03	5
CFF03_ind059	CFF03	5
CFF03_ind060	CFF03	5
CFF03_ind061	CFF03	5
CFF03_ind062	CFF03	5
CFF03_ind063	CFF03	5
CFF03_ind064	CFF03	5
CFF03_ind065	CFF03	5
CFF03_ind066	CFF03	5
CFF03_ind067	CFF03	5
CFF03_ind068	CFF03	5
CFF03_ind069	CFF03	5
CFF03_ind070	CFF03	5
CFF03_ind071	CFF03	5
CFF03_ind072	CFF03	5
CFF03_ind073	CFF03	5
CFF03_ind074	CFF03	5
CFF03_ind075	CFF03	5
CFF03_ind076	CFF03	5
CFF03_ind077	CFF03	5
CFF03_ind078	CFF03	5
CFF03_ind079	CFF03	5
CFF03_ind080	CFF03	5
CFF03_ind081	CFF03	5
CFF03_ind082	CFF03	5
CFF03_ind083	CFF03	5
CFF03_ind084	CFF03	5
CFF03_ind085	CFF03	5
CFF03_ind086	CFF03	5
CFF03_ind087	CFF03	5
CFF03_ind088	CFF03	5
CFF03_ind089	CFF03	5
CFF03_ind090	CFF03	5
CFF03_ind091	CFF03	5
CFF03_ind092	CFF03	5
CFF03_ind093	CFF03	5
CFF03_ind094	CFF03	5
CFF03_ind095	CFF03	5
CFF03_ind096	CFF03	5
CFF03_ind097	CFF03	5
CFF03_ind098	CFF03	5
CFF03_ind099	CFF03	5
CFF03_ind100	CFF03	5
CFF03_ind101	CFF03	5
CFF03_ind102	CFF03	5
CFF03_ind103	CFF03	5
CFF03_ind104	CFF03	5
CFF03_ind105	CFF03	5
CFF03_ind106	CFF03	5
CFF03_ind107	CFF03	5
CFF03_ind108	CFF03	5
CFF03_ind110	CFF03	5
CFF03_ind111	CFF03	5
CFF03_ind112	CFF03	5
CFF03_ind001	CFF03	6
CFF03_ind002	CFF03	6
CFF03_ind003	CFF03	6
CFF03_ind004	CFF03	6
CFF03_ind006	CFF03	6
CFF03_ind007	CFF03	6
CFF03_ind008	CFF03	6
CFF03_ind009	CFF03	6
CFF03_ind010	CFF03	6
CFF03_ind011	CFF03	6
CFF03_ind012	CFF03	6
CFF03_ind013	CFF03	6
CFF03_ind014	CFF03	6
CFF03_ind015	CFF03	6
CFF03_ind016	CFF03	6
CFF03_ind017	CFF03	6
CFF03_ind018	CFF03	6
CFF03_ind019	CFF03	6
CFF03_ind020	CFF03	6
CFF03_ind021	CFF03	6
CFF03_ind022	CFF03	6
CFF03_ind023	CFF03	6
CFF03_ind024	CFF03	6
CFF03_ind025	CFF03	6
CFF03_ind026	CFF03	6
CFF03_ind027	CFF03	6
CFF03_ind028	CFF03	6
CFF03_ind029	CFF03	6
CFF03_ind030	CFF03	6
CFF03_ind031	CFF03	6
CFF03_ind032	CFF03	6
CFF03_ind033	CFF03	6
CFF03_ind034	CFF03	6
CFF03_ind035	CFF03	6
CFF03_ind036	CFF03	6
CFF03_ind037	CFF03	6
CFF03_ind038	CFF03	6
CFF03_ind039	CFF03	6
CFF03_ind040	CFF03	6
CFF03_ind041	CFF03	6
CFF03_ind042	CFF03	6
CFF03_ind043	CFF03	6
CFF03_ind044	CFF03	6
CFF03_ind045	CFF03	6
CFF03_ind046	CFF03	6
CFF03_ind047	CFF03	6
CFF03_ind048	CFF03	6
CFF03_ind049	CFF03	6
CFF03_ind050	CFF03	6
CFF03_ind051	CFF03	6
CFF03_ind052	CFF03	6
CFF03_ind053	CFF03	6
CFF03_ind054	CFF03	6
CFF03_ind055	CFF03	6
CFF03_ind056	CFF03	6
CFF03_ind057	CFF03	6
CFF03_ind058	CFF03	6
CFF03_ind059	CFF03	6
CFF03_ind060	CFF03	6
CFF03_ind061	CFF03	6
CFF03_ind062	CFF03	6
CFF03_ind063	CFF03	6
CFF03_ind064	CFF03	6
CFF03_ind065	CFF03	6
CFF03_ind066	CFF03	6
CFF03_ind067	CFF03	6
CFF03_ind068	CFF03	6
CFF03_ind069	CFF03	6
CFF03_ind070	CFF03	6
CFF03_ind071	CFF03	6
CFF03_ind072	CFF03	6
CFF03_ind073	CFF03	6
CFF03_ind074	CFF03	6
CFF03_ind075	CFF03	6
CFF03_ind076	CFF03	6
CFF03_ind077	CFF03	6
CFF03_ind078	CFF03	6
CFF03_ind079	CFF03	6
CFF03_ind080	CFF03	6
CFF03_ind081	CFF03	6
CFF03_ind082	CFF03	6
CFF03_ind083	CFF03	6
CFF03_ind084	CFF03	6
CFF03_ind085	CFF03	6
CFF03_ind086	CFF03	6
CFF03_ind087	CFF03	6
CFF03_ind088	CFF03	6
CFF03_ind089	CFF03	6
CFF03_ind090	CFF03	6
CFF03_ind091	CFF03	6
CFF03_ind092	CFF03	6
CFF03_ind093	CFF03	6
CFF03_ind094	CFF03	6
CFF03_ind095	CFF03	6
CFF03_ind096	CFF03	6
CFF03_ind097	CFF03	6
CFF03_ind098	CFF03	6
CFF03_ind099	CFF03	6
CFF03_ind100	CFF03	6
CFF03_ind101	CFF03	6
CFF03_ind102	CFF03	6
CFF03_ind103	CFF03	6
CFF03_ind104	CFF03	6
CFF03_ind105	CFF03	6
CFF03_ind106	CFF03	6
CFF03_ind107	CFF03	6
CFF03_ind108	CFF03	6
CFF03_ind110	CFF03	6
CFF03_ind111	CFF03	6
CFF03_ind112	CFF03	6
CFF03_ind001	CFF03	7
CFF03_ind002	CFF03	7
CFF03_ind003	CFF03	7
CFF03_ind004	CFF03	7
CFF03_ind006	CFF03	7
CFF03_ind007	CFF03	7
CFF03_ind008	CFF03	7
CFF03_ind009	CFF03	7
CFF03_ind010	CFF03	7
CFF03_ind011	CFF03	7
CFF03_ind012	CFF03	7
CFF03_ind013	CFF03	7
CFF03_ind014	CFF03	7
CFF03_ind015	CFF03	7
CFF03_ind016	CFF03	7
CFF03_ind017	CFF03	7
CFF03_ind018	CFF03	7
CFF03_ind019	CFF03	7
CFF03_ind020	CFF03	7
CFF03_ind021	CFF03	7
CFF03_ind022	CFF03	7
CFF03_ind023	CFF03	7
CFF03_ind024	CFF03	7
CFF03_ind025	CFF03	7
CFF03_ind026	CFF03	7
CFF03_ind027	CFF03	7
CFF03_ind028	CFF03	7
CFF03_ind029	CFF03	7
CFF03_ind030	CFF03	7
CFF03_ind031	CFF03	7
CFF03_ind032	CFF03	7
CFF03_ind033	CFF03	7
CFF03_ind034	CFF03	7
CFF03_ind035	CFF03	7
CFF03_ind036	CFF03	7
CFF03_ind037	CFF03	7
CFF03_ind038	CFF03	7
CFF03_ind039	CFF03	7
CFF03_ind040	CFF03	7
CFF03_ind041	CFF03	7
CFF03_ind042	CFF03	7
CFF03_ind043	CFF03	7
CFF03_ind044	CFF03	7
CFF03_ind045	CFF03	7
CFF03_ind046	CFF03	7
CFF03_ind047	CFF03	7
CFF03_ind048	CFF03	7
CFF03_ind049	CFF03	7
CFF03_ind050	CFF03	7
CFF03_ind051	CFF03	7
CFF03_ind052	CFF03	7
CFF03_ind053	CFF03	7
CFF03_ind054	CFF03	7
CFF03_ind055	CFF03	7
CFF03_ind056	CFF03	7
CFF03_ind057	CFF03	7
CFF03_ind058	CFF03	7
CFF03_ind059	CFF03	7
CFF03_ind060	CFF03	7
CFF03_ind061	CFF03	7
CFF03_ind062	CFF03	7
CFF03_ind063	CFF03	7
CFF03_ind064	CFF03	7
CFF03_ind065	CFF03	7
CFF03_ind066	CFF03	7
CFF03_ind067	CFF03	7
CFF03_ind068	CFF03	7
CFF03_ind069	CFF03	7
CFF03_ind070	CFF03	7
CFF03_ind071	CFF03	7
CFF03_ind072	CFF03	7
CFF03_ind073	CFF03	7
CFF03_ind074	CFF03	7
CFF03_ind075	CFF03	7
CFF03_ind076	CFF03	7
CFF03_ind077	CFF03	7
CFF03_ind078	CFF03	7
CFF03_ind079	CFF03	7
CFF03_ind080	CFF03	7
CFF03_ind081	CFF03	7
CFF03_ind082	CFF03	7
CFF03_ind083	CFF03	7
CFF03_ind084	CFF03	7
CFF03_ind085	CFF03	7
CFF03_ind086	CFF03	7
CFF03_ind087	CFF03	7
CFF03_ind088	CFF03	7
CFF03_ind089	CFF03	7
CFF03_ind090	CFF03	7
CFF03_ind091	CFF03	7
CFF03_ind092	CFF03	7
CFF03_ind093	CFF03	7
CFF03_ind094	CFF03	7
CFF03_ind095	CFF03	7
CFF03_ind096	CFF03	7
CFF03_ind097	CFF03	7
CFF03_ind098	CFF03	7
CFF03_ind099	CFF03	7
CFF03_ind100	CFF03	7
CFF03_ind101	CFF03	7
CFF03_ind102	CFF03	7
CFF03_ind103	CFF03	7
CFF03_ind104	CFF03	7
CFF03_ind105	CFF03	7
CFF03_ind106	CFF03	7
CFF03_ind107	CFF03	7
CFF03_ind108	CFF03	7
CFF03_ind110	CFF03	7
CFF03_ind111	CFF03	7
CFF03_ind112	CFF03	7
CFF03_ind001	CFF03	8
CFF03_ind002	CFF03	8
CFF03_ind003	CFF03	8
CFF03_ind004	CFF03	8
CFF03_ind006	CFF03	8
CFF03_ind007	CFF03	8
CFF03_ind008	CFF03	8
CFF03_ind009	CFF03	8
CFF03_ind010	CFF03	8
CFF03_ind011	CFF03	8
CFF03_ind012	CFF03	8
CFF03_ind013	CFF03	8
CFF03_ind014	CFF03	8
CFF03_ind015	CFF03	8
CFF03_ind016	CFF03	8
CFF03_ind017	CFF03	8
CFF03_ind018	CFF03	8
CFF03_ind019	CFF03	8
CFF03_ind020	CFF03	8
CFF03_ind021	CFF03	8
CFF03_ind022	CFF03	8
CFF03_ind023	CFF03	8
CFF03_ind024	CFF03	8
CFF03_ind025	CFF03	8
CFF03_ind026	CFF03	8
CFF03_ind027	CFF03	8
CFF03_ind028	CFF03	8
CFF03_ind029	CFF03	8
CFF03_ind030	CFF03	8
CFF03_ind031	CFF03	8
CFF03_ind032	CFF03	8
CFF03_ind033	CFF03	8
CFF03_ind034	CFF03	8
CFF03_ind035	CFF03	8
CFF03_ind036	CFF03	8
CFF03_ind037	CFF03	8
CFF03_ind038	CFF03	8
CFF03_ind039	CFF03	8
CFF03_ind040	CFF03	8
CFF03_ind041	CFF03	8
CFF03_ind042	CFF03	8
CFF03_ind043	CFF03	8
CFF03_ind044	CFF03	8
CFF03_ind045	CFF03	8
CFF03_ind046	CFF03	8
CFF03_ind047	CFF03	8
CFF03_ind048	CFF03	8
CFF03_ind049	CFF03	8
CFF03_ind050	CFF03	8
CFF03_ind051	CFF03	8
CFF03_ind052	CFF03	8
CFF03_ind053	CFF03	8
CFF03_ind054	CFF03	8
CFF03_ind055	CFF03	8
CFF03_ind056	CFF03	8
CFF03_ind057	CFF03	8
CFF03_ind058	CFF03	8
CFF03_ind059	CFF03	8
CFF03_ind060	CFF03	8
CFF03_ind061	CFF03	8
CFF03_ind062	CFF03	8
CFF03_ind063	CFF03	8
CFF03_ind064	CFF03	8
CFF03_ind065	CFF03	8
CFF03_ind066	CFF03	8
CFF03_ind067	CFF03	8
CFF03_ind068	CFF03	8
CFF03_ind069	CFF03	8
CFF03_ind070	CFF03	8
CFF03_ind071	CFF03	8
CFF03_ind072	CFF03	8
CFF03_ind073	CFF03	8
CFF03_ind074	CFF03	8
CFF03_ind075	CFF03	8
CFF03_ind076	CFF03	8
CFF03_ind077	CFF03	8
CFF03_ind078	CFF03	8
CFF03_ind079	CFF03	8
CFF03_ind080	CFF03	8
CFF03_ind081	CFF03	8
CFF03_ind082	CFF03	8
CFF03_ind083	CFF03	8
CFF03_ind084	CFF03	8
CFF03_ind085	CFF03	8
CFF03_ind086	CFF03	8
CFF03_ind087	CFF03	8
CFF03_ind088	CFF03	8
CFF03_ind089	CFF03	8
CFF03_ind090	CFF03	8
CFF03_ind091	CFF03	8
CFF03_ind092	CFF03	8
CFF03_ind093	CFF03	8
CFF03_ind094	CFF03	8
CFF03_ind095	CFF03	8
CFF03_ind096	CFF03	8
CFF03_ind097	CFF03	8
CFF03_ind098	CFF03	8
CFF03_ind099	CFF03	8
CFF03_ind100	CFF03	8
CFF03_ind101	CFF03	8
CFF03_ind102	CFF03	8
CFF03_ind103	CFF03	8
CFF03_ind104	CFF03	8
CFF03_ind105	CFF03	8
CFF03_ind106	CFF03	8
CFF03_ind107	CFF03	8
CFF03_ind108	CFF03	8
CFF03_ind110	CFF03	8
CFF03_ind111	CFF03	8
CFF03_ind112	CFF03	8
CFF03_ind001	CFF03	9
CFF03_ind002	CFF03	9
CFF03_ind003	CFF03	9
CFF03_ind004	CFF03	9
CFF03_ind006	CFF03	9
CFF03_ind007	CFF03	9
CFF03_ind008	CFF03	9
CFF03_ind009	CFF03	9
CFF03_ind010	CFF03	9
CFF03_ind011	CFF03	9
CFF03_ind012	CFF03	9
CFF03_ind013	CFF03	9
CFF03_ind014	CFF03	9
CFF03_ind015	CFF03	9
CFF03_ind016	CFF03	9
CFF03_ind017	CFF03	9
CFF03_ind018	CFF03	9
CFF03_ind019	CFF03	9
CFF03_ind020	CFF03	9
CFF03_ind021	CFF03	9
CFF03_ind022	CFF03	9
CFF03_ind023	CFF03	9
CFF03_ind024	CFF03	9
CFF03_ind025	CFF03	9
CFF03_ind026	CFF03	9
CFF03_ind027	CFF03	9
CFF03_ind028	CFF03	9
CFF03_ind029	CFF03	9
CFF03_ind030	CFF03	9
CFF03_ind031	CFF03	9
CFF03_ind032	CFF03	9
CFF03_ind033	CFF03	9
CFF03_ind034	CFF03	9
CFF03_ind035	CFF03	9
CFF03_ind036	CFF03	9
CFF03_ind037	CFF03	9
CFF03_ind038	CFF03	9
CFF03_ind039	CFF03	9
CFF03_ind040	CFF03	9
CFF03_ind041	CFF03	9
CFF03_ind042	CFF03	9
CFF03_ind043	CFF03	9
CFF03_ind044	CFF03	9
CFF03_ind045	CFF03	9
CFF03_ind046	CFF03	9
CFF03_ind047	CFF03	9
CFF03_ind048	CFF03	9
CFF03_ind049	CFF03	9
CFF03_ind050	CFF03	9
CFF03_ind051	CFF03	9
CFF03_ind052	CFF03	9
CFF03_ind053	CFF03	9
CFF03_ind054	CFF03	9
CFF03_ind055	CFF03	9
CFF03_ind056	CFF03	9
CFF03_ind057	CFF03	9
CFF03_ind058	CFF03	9
CFF03_ind059	CFF03	9
CFF03_ind060	CFF03	9
CFF03_ind061	CFF03	9
CFF03_ind062	CFF03	9
CFF03_ind063	CFF03	9
CFF03_ind064	CFF03	9
CFF03_ind065	CFF03	9
CFF03_ind066	CFF03	9
CFF03_ind067	CFF03	9
CFF03_ind068	CFF03	9
CFF03_ind069	CFF03	9
CFF03_ind070	CFF03	9
CFF03_ind071	CFF03	9
CFF03_ind072	CFF03	9
CFF03_ind073	CFF03	9
CFF03_ind074	CFF03	9
CFF03_ind075	CFF03	9
CFF03_ind076	CFF03	9
CFF03_ind077	CFF03	9
CFF03_ind078	CFF03	9
CFF03_ind079	CFF03	9
CFF03_ind080	CFF03	9
CFF03_ind081	CFF03	9
CFF03_ind082	CFF03	9
CFF03_ind083	CFF03	9
CFF03_ind084	CFF03	9
CFF03_ind085	CFF03	9
CFF03_ind086	CFF03	9
CFF03_ind087	CFF03	9
CFF03_ind088	CFF03	9
CFF03_ind089	CFF03	9
CFF03_ind090	CFF03	9
CFF03_ind091	CFF03	9
CFF03_ind092	CFF03	9
CFF03_ind093	CFF03	9
CFF03_ind094	CFF03	9
CFF03_ind095	CFF03	9
CFF03_ind096	CFF03	9
CFF03_ind097	CFF03	9
CFF03_ind098	CFF03	9
CFF03_ind099	CFF03	9
CFF03_ind100	CFF03	9
CFF03_ind101	CFF03	9
CFF03_ind102	CFF03	9
CFF03_ind103	CFF03	9
CFF03_ind104	CFF03	9
CFF03_ind105	CFF03	9
CFF03_ind106	CFF03	9
CFF03_ind107	CFF03	9
CFF03_ind108	CFF03	9
CFF03_ind110	CFF03	9
CFF03_ind111	CFF03	9
CFF03_ind112	CFF03	9
CFF03_ind001	CFF03	10
CFF03_ind002	CFF03	10
CFF03_ind003	CFF03	10
CFF03_ind004	CFF03	10
CFF03_ind006	CFF03	10
CFF03_ind007	CFF03	10
CFF03_ind008	CFF03	10
CFF03_ind009	CFF03	10
CFF03_ind010	CFF03	10
CFF03_ind011	CFF03	10
CFF03_ind012	CFF03	10
CFF03_ind013	CFF03	10
CFF03_ind014	CFF03	10
CFF03_ind015	CFF03	10
CFF03_ind016	CFF03	10
CFF03_ind017	CFF03	10
CFF03_ind018	CFF03	10
CFF03_ind019	CFF03	10
CFF03_ind020	CFF03	10
CFF03_ind021	CFF03	10
CFF03_ind022	CFF03	10
CFF03_ind023	CFF03	10
CFF03_ind024	CFF03	10
CFF03_ind025	CFF03	10
CFF03_ind026	CFF03	10
CFF03_ind027	CFF03	10
CFF03_ind028	CFF03	10
CFF03_ind029	CFF03	10
CFF03_ind030	CFF03	10
CFF03_ind031	CFF03	10
CFF03_ind032	CFF03	10
CFF03_ind033	CFF03	10
CFF03_ind034	CFF03	10
CFF03_ind035	CFF03	10
CFF03_ind036	CFF03	10
CFF03_ind037	CFF03	10
CFF03_ind038	CFF03	10
CFF03_ind039	CFF03	10
CFF03_ind040	CFF03	10
CFF03_ind041	CFF03	10
CFF03_ind042	CFF03	10
CFF03_ind043	CFF03	10
CFF03_ind044	CFF03	10
CFF03_ind045	CFF03	10
CFF03_ind046	CFF03	10
CFF03_ind047	CFF03	10
CFF03_ind048	CFF03	10
CFF03_ind049	CFF03	10
CFF03_ind050	CFF03	10
CFF03_ind051	CFF03	10
CFF03_ind052	CFF03	10
CFF03_ind053	CFF03	10
CFF03_ind054	CFF03	10
CFF03_ind055	CFF03	10
CFF03_ind056	CFF03	10
CFF03_ind057	CFF03	10
CFF03_ind058	CFF03	10
CFF03_ind059	CFF03	10
CFF03_ind060	CFF03	10
CFF03_ind061	CFF03	10
CFF03_ind062	CFF03	10
CFF03_ind063	CFF03	10
CFF03_ind064	CFF03	10
CFF03_ind065	CFF03	10
CFF03_ind066	CFF03	10
CFF03_ind067	CFF03	10
CFF03_ind068	CFF03	10
CFF03_ind069	CFF03	10
CFF03_ind070	CFF03	10
CFF03_ind071	CFF03	10
CFF03_ind072	CFF03	10
CFF03_ind073	CFF03	10
CFF03_ind074	CFF03	10
CFF03_ind075	CFF03	10
CFF03_ind076	CFF03	10
CFF03_ind077	CFF03	10
CFF03_ind078	CFF03	10
CFF03_ind079	CFF03	10
CFF03_ind080	CFF03	10
CFF03_ind081	CFF03	10
CFF03_ind082	CFF03	10
CFF03_ind083	CFF03	10
CFF03_ind084	CFF03	10
CFF03_ind085	CFF03	10
CFF03_ind086	CFF03	10
CFF03_ind087	CFF03	10
CFF03_ind088	CFF03	10
CFF03_ind089	CFF03	10
CFF03_ind090	CFF03	10
CFF03_ind091	CFF03	10
CFF03_ind092	CFF03	10
CFF03_ind093	CFF03	10
CFF03_ind094	CFF03	10
CFF03_ind095	CFF03	10
CFF03_ind096	CFF03	10
CFF03_ind097	CFF03	10
CFF03_ind098	CFF03	10
CFF03_ind099	CFF03	10
CFF03_ind100	CFF03	10
CFF03_ind101	CFF03	10
CFF03_ind102	CFF03	10
CFF03_ind103	CFF03	10
CFF03_ind104	CFF03	10
CFF03_ind105	CFF03	10
CFF03_ind106	CFF03	10
CFF03_ind107	CFF03	10
CFF03_ind108	CFF03	10
CFF03_ind110	CFF03	10
CFF03_ind111	CFF03	10
CFF03_ind112	CFF03	10
CFF04_ind001	CFF04	1
CFF04_ind002	CFF04	1
CFF04_ind003	CFF04	1
CFF04_ind004	CFF04	1
CFF04_ind005	CFF04	1
CFF04_ind006	CFF04	1
CFF04_ind007	CFF04	1
CFF04_ind008	CFF04	1
CFF04_ind009	CFF04	1
CFF04_ind010	CFF04	1
CFF04_ind011	CFF04	1
CFF04_ind012	CFF04	1
CFF04_ind013	CFF04	1
CFF04_ind014	CFF04	1
CFF04_ind015	CFF04	1
CFF04_ind016	CFF04	1
CFF04_ind017	CFF04	1
CFF04_ind018	CFF04	1
CFF04_ind019	CFF04	1
CFF04_ind020	CFF04	1
CFF04_ind021	CFF04	1
CFF04_ind022	CFF04	1
CFF04_ind023	CFF04	1
CFF04_ind024	CFF04	1
CFF04_ind025	CFF04	1
CFF04_ind026	CFF04	1
CFF04_ind027	CFF04	1
CFF04_ind028	CFF04	1
CFF04_ind029	CFF04	1
CFF04_ind030	CFF04	1
CFF04_ind031	CFF04	1
CFF04_ind032	CFF04	1
CFF04_ind033	CFF04	1
CFF04_ind034	CFF04	1
CFF04_ind035	CFF04	1
CFF04_ind036	CFF04	1
CFF04_ind037	CFF04	1
CFF04_ind038	CFF04	1
CFF04_ind039	CFF04	1
CFF04_ind040	CFF04	1
CFF04_ind041	CFF04	1
CFF04_ind042	CFF04	1
CFF04_ind043	CFF04	1
CFF04_ind044	CFF04	1
CFF04_ind045	CFF04	1
CFF04_ind046	CFF04	1
CFF04_ind047	CFF04	1
CFF04_ind048	CFF04	1
CFF04_ind049	CFF04	1
CFF04_ind050	CFF04	1
CFF04_ind051	CFF04	1
CFF04_ind052	CFF04	1
CFF04_ind053	CFF04	1
CFF04_ind001	CFF04	2
CFF04_ind002	CFF04	2
CFF04_ind003	CFF04	2
CFF04_ind004	CFF04	2
CFF04_ind005	CFF04	2
CFF04_ind006	CFF04	2
CFF04_ind007	CFF04	2
CFF04_ind008	CFF04	2
CFF04_ind009	CFF04	2
CFF04_ind010	CFF04	2
CFF04_ind011	CFF04	2
CFF04_ind012	CFF04	2
CFF04_ind013	CFF04	2
CFF04_ind014	CFF04	2
CFF04_ind015	CFF04	2
CFF04_ind016	CFF04	2
CFF04_ind017	CFF04	2
CFF04_ind018	CFF04	2
CFF04_ind019	CFF04	2
CFF04_ind020	CFF04	2
CFF04_ind021	CFF04	2
CFF04_ind022	CFF04	2
CFF04_ind023	CFF04	2
CFF04_ind024	CFF04	2
CFF04_ind025	CFF04	2
CFF04_ind026	CFF04	2
CFF04_ind027	CFF04	2
CFF04_ind028	CFF04	2
CFF04_ind029	CFF04	2
CFF04_ind030	CFF04	2
CFF04_ind031	CFF04	2
CFF04_ind032	CFF04	2
CFF04_ind033	CFF04	2
CFF04_ind034	CFF04	2
CFF04_ind035	CFF04	2
CFF04_ind036	CFF04	2
CFF04_ind037	CFF04	2
CFF04_ind038	CFF04	2
CFF04_ind039	CFF04	2
CFF04_ind040	CFF04	2
CFF04_ind041	CFF04	2
CFF04_ind042	CFF04	2
CFF04_ind043	CFF04	2
CFF04_ind044	CFF04	2
CFF04_ind045	CFF04	2
CFF04_ind046	CFF04	2
CFF04_ind047	CFF04	2
CFF04_ind048	CFF04	2
CFF04_ind049	CFF04	2
CFF04_ind050	CFF04	2
CFF04_ind051	CFF04	2
CFF04_ind052	CFF04	2
CFF04_ind053	CFF04	2
CFF04_ind001	CFF04	3
CFF04_ind002	CFF04	3
CFF04_ind003	CFF04	3
CFF04_ind004	CFF04	3
CFF04_ind005	CFF04	3
CFF04_ind006	CFF04	3
CFF04_ind007	CFF04	3
CFF04_ind008	CFF04	3
CFF04_ind009	CFF04	3
CFF04_ind010	CFF04	3
CFF04_ind011	CFF04	3
CFF04_ind012	CFF04	3
CFF04_ind013	CFF04	3
CFF04_ind014	CFF04	3
CFF04_ind015	CFF04	3
CFF04_ind016	CFF04	3
CFF04_ind017	CFF04	3
CFF04_ind018	CFF04	3
CFF04_ind019	CFF04	3
CFF04_ind020	CFF04	3
CFF04_ind021	CFF04	3
CFF04_ind022	CFF04	3
CFF04_ind023	CFF04	3
CFF04_ind024	CFF04	3
CFF04_ind025	CFF04	3
CFF04_ind026	CFF04	3
CFF04_ind027	CFF04	3
CFF04_ind028	CFF04	3
CFF04_ind029	CFF04	3
CFF04_ind030	CFF04	3
CFF04_ind031	CFF04	3
CFF04_ind032	CFF04	3
CFF04_ind033	CFF04	3
CFF04_ind034	CFF04	3
CFF04_ind035	CFF04	3
CFF04_ind036	CFF04	3
CFF04_ind037	CFF04	3
CFF04_ind038	CFF04	3
CFF04_ind039	CFF04	3
CFF04_ind040	CFF04	3
CFF04_ind041	CFF04	3
CFF04_ind042	CFF04	3
CFF04_ind043	CFF04	3
CFF04_ind044	CFF04	3
CFF04_ind045	CFF04	3
CFF04_ind046	CFF04	3
CFF04_ind047	CFF04	3
CFF04_ind048	CFF04	3
CFF04_ind049	CFF04	3
CFF04_ind050	CFF04	3
CFF04_ind051	CFF04	3
CFF04_ind052	CFF04	3
CFF04_ind053	CFF04	3
CFF04_ind001	CFF04	4
CFF04_ind002	CFF04	4
CFF04_ind003	CFF04	4
CFF04_ind004	CFF04	4
CFF04_ind005	CFF04	4
CFF04_ind006	CFF04	4
CFF04_ind007	CFF04	4
CFF04_ind008	CFF04	4
CFF04_ind009	CFF04	4
CFF04_ind010	CFF04	4
CFF04_ind011	CFF04	4
CFF04_ind012	CFF04	4
CFF04_ind013	CFF04	4
CFF04_ind014	CFF04	4
CFF04_ind015	CFF04	4
CFF04_ind016	CFF04	4
CFF04_ind017	CFF04	4
CFF04_ind018	CFF04	4
CFF04_ind019	CFF04	4
CFF04_ind020	CFF04	4
CFF04_ind021	CFF04	4
CFF04_ind022	CFF04	4
CFF04_ind023	CFF04	4
CFF04_ind024	CFF04	4
CFF04_ind025	CFF04	4
CFF04_ind026	CFF04	4
CFF04_ind027	CFF04	4
CFF04_ind028	CFF04	4
CFF04_ind029	CFF04	4
CFF04_ind030	CFF04	4
CFF04_ind031	CFF04	4
CFF04_ind032	CFF04	4
CFF04_ind033	CFF04	4
CFF04_ind034	CFF04	4
CFF04_ind035	CFF04	4
CFF04_ind036	CFF04	4
CFF04_ind037	CFF04	4
CFF04_ind038	CFF04	4
CFF04_ind039	CFF04	4
CFF04_ind040	CFF04	4
CFF04_ind041	CFF04	4
CFF04_ind042	CFF04	4
CFF04_ind043	CFF04	4
CFF04_ind044	CFF04	4
CFF04_ind045	CFF04	4
CFF04_ind046	CFF04	4
CFF04_ind047	CFF04	4
CFF04_ind048	CFF04	4
CFF04_ind049	CFF04	4
CFF04_ind050	CFF04	4
CFF04_ind051	CFF04	4
CFF04_ind052	CFF04	4
CFF04_ind053	CFF04	4
CFF04_ind001	CFF04	5
CFF04_ind002	CFF04	5
CFF04_ind003	CFF04	5
CFF04_ind004	CFF04	5
CFF04_ind005	CFF04	5
CFF04_ind006	CFF04	5
CFF04_ind007	CFF04	5
CFF04_ind008	CFF04	5
CFF04_ind009	CFF04	5
CFF04_ind010	CFF04	5
CFF04_ind011	CFF04	5
CFF04_ind012	CFF04	5
CFF04_ind013	CFF04	5
CFF04_ind014	CFF04	5
CFF04_ind015	CFF04	5
CFF04_ind016	CFF04	5
CFF04_ind017	CFF04	5
CFF04_ind018	CFF04	5
CFF04_ind019	CFF04	5
CFF04_ind020	CFF04	5
CFF04_ind021	CFF04	5
CFF04_ind022	CFF04	5
CFF04_ind023	CFF04	5
CFF04_ind024	CFF04	5
CFF04_ind025	CFF04	5
CFF04_ind026	CFF04	5
CFF04_ind027	CFF04	5
CFF04_ind028	CFF04	5
CFF04_ind029	CFF04	5
CFF04_ind030	CFF04	5
CFF04_ind031	CFF04	5
CFF04_ind032	CFF04	5
CFF04_ind033	CFF04	5
CFF04_ind034	CFF04	5
CFF04_ind035	CFF04	5
CFF04_ind036	CFF04	5
CFF04_ind037	CFF04	5
CFF04_ind038	CFF04	5
CFF04_ind039	CFF04	5
CFF04_ind040	CFF04	5
CFF04_ind041	CFF04	5
CFF04_ind042	CFF04	5
CFF04_ind043	CFF04	5
CFF04_ind044	CFF04	5
CFF04_ind045	CFF04	5
CFF04_ind046	CFF04	5
CFF04_ind047	CFF04	5
CFF04_ind048	CFF04	5
CFF04_ind049	CFF04	5
CFF04_ind050	CFF04	5
CFF04_ind051	CFF04	5
CFF04_ind052	CFF04	5
CFF04_ind053	CFF04	5
CFF04_ind001	CFF04	6
CFF04_ind002	CFF04	6
CFF04_ind003	CFF04	6
CFF04_ind004	CFF04	6
CFF04_ind005	CFF04	6
CFF04_ind006	CFF04	6
CFF04_ind007	CFF04	6
CFF04_ind008	CFF04	6
CFF04_ind009	CFF04	6
CFF04_ind010	CFF04	6
CFF04_ind011	CFF04	6
CFF04_ind012	CFF04	6
CFF04_ind013	CFF04	6
CFF04_ind014	CFF04	6
CFF04_ind015	CFF04	6
CFF04_ind016	CFF04	6
CFF04_ind017	CFF04	6
CFF04_ind018	CFF04	6
CFF04_ind019	CFF04	6
CFF04_ind020	CFF04	6
CFF04_ind021	CFF04	6
CFF04_ind022	CFF04	6
CFF04_ind023	CFF04	6
CFF04_ind024	CFF04	6
CFF04_ind025	CFF04	6
CFF04_ind026	CFF04	6
CFF04_ind027	CFF04	6
CFF04_ind028	CFF04	6
CFF04_ind029	CFF04	6
CFF04_ind030	CFF04	6
CFF04_ind031	CFF04	6
CFF04_ind032	CFF04	6
CFF04_ind033	CFF04	6
CFF04_ind034	CFF04	6
CFF04_ind035	CFF04	6
CFF04_ind036	CFF04	6
CFF04_ind037	CFF04	6
CFF04_ind038	CFF04	6
CFF04_ind039	CFF04	6
CFF04_ind040	CFF04	6
CFF04_ind041	CFF04	6
CFF04_ind042	CFF04	6
CFF04_ind043	CFF04	6
CFF04_ind044	CFF04	6
CFF04_ind045	CFF04	6
CFF04_ind046	CFF04	6
CFF04_ind047	CFF04	6
CFF04_ind048	CFF04	6
CFF04_ind049	CFF04	6
CFF04_ind050	CFF04	6
CFF04_ind051	CFF04	6
CFF04_ind052	CFF04	6
CFF04_ind053	CFF04	6
CFF04_ind001	CFF04	7
CFF04_ind002	CFF04	7
CFF04_ind003	CFF04	7
CFF04_ind004	CFF04	7
CFF04_ind005	CFF04	7
CFF04_ind006	CFF04	7
CFF04_ind007	CFF04	7
CFF04_ind008	CFF04	7
CFF04_ind009	CFF04	7
CFF04_ind010	CFF04	7
CFF04_ind011	CFF04	7
CFF04_ind012	CFF04	7
CFF04_ind013	CFF04	7
CFF04_ind014	CFF04	7
CFF04_ind015	CFF04	7
CFF04_ind016	CFF04	7
CFF04_ind017	CFF04	7
CFF04_ind018	CFF04	7
CFF04_ind019	CFF04	7
CFF04_ind020	CFF04	7
CFF04_ind021	CFF04	7
CFF04_ind022	CFF04	7
CFF04_ind023	CFF04	7
CFF04_ind024	CFF04	7
CFF04_ind025	CFF04	7
CFF04_ind026	CFF04	7
CFF04_ind027	CFF04	7
CFF04_ind028	CFF04	7
CFF04_ind029	CFF04	7
CFF04_ind030	CFF04	7
CFF04_ind031	CFF04	7
CFF04_ind032	CFF04	7
CFF04_ind033	CFF04	7
CFF04_ind034	CFF04	7
CFF04_ind035	CFF04	7
CFF04_ind036	CFF04	7
CFF04_ind037	CFF04	7
CFF04_ind038	CFF04	7
CFF04_ind039	CFF04	7
CFF04_ind040	CFF04	7
CFF04_ind041	CFF04	7
CFF04_ind042	CFF04	7
CFF04_ind043	CFF04	7
CFF04_ind044	CFF04	7
CFF04_ind045	CFF04	7
CFF04_ind046	CFF04	7
CFF04_ind047	CFF04	7
CFF04_ind048	CFF04	7
CFF04_ind049	CFF04	7
CFF04_ind050	CFF04	7
CFF04_ind051	CFF04	7
CFF04_ind052	CFF04	7
CFF04_ind053	CFF04	7
CFF04_ind001	CFF04	8
CFF04_ind002	CFF04	8
CFF04_ind003	CFF04	8
CFF04_ind004	CFF04	8
CFF04_ind005	CFF04	8
CFF04_ind006	CFF04	8
CFF04_ind007	CFF04	8
CFF04_ind008	CFF04	8
CFF04_ind009	CFF04	8
CFF04_ind010	CFF04	8
CFF04_ind011	CFF04	8
CFF04_ind012	CFF04	8
CFF04_ind013	CFF04	8
CFF04_ind014	CFF04	8
CFF04_ind015	CFF04	8
CFF04_ind016	CFF04	8
CFF04_ind017	CFF04	8
CFF04_ind018	CFF04	8
CFF04_ind019	CFF04	8
CFF04_ind020	CFF04	8
CFF04_ind021	CFF04	8
CFF04_ind022	CFF04	8
CFF04_ind023	CFF04	8
CFF04_ind024	CFF04	8
CFF04_ind025	CFF04	8
CFF04_ind026	CFF04	8
CFF04_ind027	CFF04	8
CFF04_ind028	CFF04	8
CFF04_ind029	CFF04	8
CFF04_ind030	CFF04	8
CFF04_ind031	CFF04	8
CFF04_ind032	CFF04	8
CFF04_ind033	CFF04	8
CFF04_ind034	CFF04	8
CFF04_ind035	CFF04	8
CFF04_ind036	CFF04	8
CFF04_ind037	CFF04	8
CFF04_ind038	CFF04	8
CFF04_ind039	CFF04	8
CFF04_ind040	CFF04	8
CFF04_ind041	CFF04	8
CFF04_ind042	CFF04	8
CFF04_ind043	CFF04	8
CFF04_ind044	CFF04	8
CFF04_ind045	CFF04	8
CFF04_ind046	CFF04	8
CFF04_ind047	CFF04	8
CFF04_ind048	CFF04	8
CFF04_ind049	CFF04	8
CFF04_ind050	CFF04	8
CFF04_ind051	CFF04	8
CFF04_ind052	CFF04	8
CFF04_ind053	CFF04	8
CFF04_ind001	CFF04	9
CFF04_ind002	CFF04	9
CFF04_ind003	CFF04	9
CFF04_ind004	CFF04	9
CFF04_ind005	CFF04	9
CFF04_ind006	CFF04	9
CFF04_ind007	CFF04	9
CFF04_ind008	CFF04	9
CFF04_ind009	CFF04	9
CFF04_ind010	CFF04	9
CFF04_ind011	CFF04	9
CFF04_ind012	CFF04	9
CFF04_ind013	CFF04	9
CFF04_ind014	CFF04	9
CFF04_ind015	CFF04	9
CFF04_ind016	CFF04	9
CFF04_ind017	CFF04	9
CFF04_ind018	CFF04	9
CFF04_ind019	CFF04	9
CFF04_ind020	CFF04	9
CFF04_ind021	CFF04	9
CFF04_ind022	CFF04	9
CFF04_ind023	CFF04	9
CFF04_ind024	CFF04	9
CFF04_ind025	CFF04	9
CFF04_ind026	CFF04	9
CFF04_ind027	CFF04	9
CFF04_ind028	CFF04	9
CFF04_ind029	CFF04	9
CFF04_ind030	CFF04	9
CFF04_ind031	CFF04	9
CFF04_ind032	CFF04	9
CFF04_ind033	CFF04	9
CFF04_ind034	CFF04	9
CFF04_ind035	CFF04	9
CFF04_ind036	CFF04	9
CFF04_ind037	CFF04	9
CFF04_ind038	CFF04	9
CFF04_ind039	CFF04	9
CFF04_ind040	CFF04	9
CFF04_ind041	CFF04	9
CFF04_ind042	CFF04	9
CFF04_ind043	CFF04	9
CFF04_ind044	CFF04	9
CFF04_ind045	CFF04	9
CFF04_ind046	CFF04	9
CFF04_ind047	CFF04	9
CFF04_ind048	CFF04	9
CFF04_ind049	CFF04	9
CFF04_ind050	CFF04	9
CFF04_ind051	CFF04	9
CFF04_ind052	CFF04	9
CFF04_ind053	CFF04	9
CFF04_ind001	CFF04	10
CFF04_ind002	CFF04	10
CFF04_ind003	CFF04	10
CFF04_ind004	CFF04	10
CFF04_ind005	CFF04	10
CFF04_ind006	CFF04	10
CFF04_ind007	CFF04	10
CFF04_ind008	CFF04	10
CFF04_ind009	CFF04	10
CFF04_ind010	CFF04	10
CFF04_ind011	CFF04	10
CFF04_ind012	CFF04	10
CFF04_ind013	CFF04	10
CFF04_ind014	CFF04	10
CFF04_ind015	CFF04	10
CFF04_ind016	CFF04	10
CFF04_ind017	CFF04	10
CFF04_ind018	CFF04	10
CFF04_ind019	CFF04	10
CFF04_ind020	CFF04	10
CFF04_ind021	CFF04	10
CFF04_ind022	CFF04	10
CFF04_ind023	CFF04	10
CFF04_ind024	CFF04	10
CFF04_ind025	CFF04	10
CFF04_ind026	CFF04	10
CFF04_ind027	CFF04	10
CFF04_ind028	CFF04	10
CFF04_ind029	CFF04	10
CFF04_ind030	CFF04	10
CFF04_ind031	CFF04	10
CFF04_ind032	CFF04	10
CFF04_ind033	CFF04	10
CFF04_ind034	CFF04	10
CFF04_ind035	CFF04	10
CFF04_ind036	CFF04	10
CFF04_ind037	CFF04	10
CFF04_ind038	CFF04	10
CFF04_ind039	CFF04	10
CFF04_ind040	CFF04	10
CFF04_ind041	CFF04	10
CFF04_ind042	CFF04	10
CFF04_ind043	CFF04	10
CFF04_ind044	CFF04	10
CFF04_ind045	CFF04	10
CFF04_ind046	CFF04	10
CFF04_ind047	CFF04	10
CFF04_ind048	CFF04	10
CFF04_ind049	CFF04	10
CFF04_ind050	CFF04	10
CFF04_ind051	CFF04	10
CFF04_ind052	CFF04	10
CFF04_ind053	CFF04	10
CFF06_ind001	CFF06	1
CFF06_ind002	CFF06	1
CFF06_ind003	CFF06	1
CFF06_ind004	CFF06	1
CFF06_ind005	CFF06	1
CFF06_ind006	CFF06	1
CFF06_ind007	CFF06	1
CFF06_ind008	CFF06	1
CFF06_ind009	CFF06	1
CFF06_ind010	CFF06	1
CFF06_ind011	CFF06	1
CFF06_ind012	CFF06	1
CFF06_ind013	CFF06	1
CFF06_ind014	CFF06	1
CFF06_ind015	CFF06	1
CFF06_ind016	CFF06	1
CFF06_ind017	CFF06	1
CFF06_ind018	CFF06	1
CFF06_ind019	CFF06	1
CFF06_ind020	CFF06	1
CFF06_ind021	CFF06	1
CFF06_ind022	CFF06	1
CFF06_ind023	CFF06	1
CFF06_ind024	CFF06	1
CFF06_ind025	CFF06	1
CFF06_ind026	CFF06	1
CFF06_ind027	CFF06	1
CFF06_ind028	CFF06	1
CFF06_ind029	CFF06	1
CFF06_ind030	CFF06	1
CFF06_ind031	CFF06	1
CFF06_ind032	CFF06	1
CFF06_ind033	CFF06	1
CFF06_ind034	CFF06	1
CFF06_ind035	CFF06	1
CFF06_ind036	CFF06	1
CFF06_ind037	CFF06	1
CFF06_ind038	CFF06	1
CFF06_ind039	CFF06	1
CFF06_ind040	CFF06	1
CFF06_ind041	CFF06	1
CFF06_ind042	CFF06	1
CFF06_ind043	CFF06	1
CFF06_ind044	CFF06	1
CFF06_ind045	CFF06	1
CFF06_ind046	CFF06	1
CFF06_ind048	CFF06	1
CFF06_ind049	CFF06	1
CFF06_ind050	CFF06	1
CFF06_ind001	CFF06	2
CFF06_ind002	CFF06	2
CFF06_ind003	CFF06	2
CFF06_ind004	CFF06	2
CFF06_ind005	CFF06	2
CFF06_ind006	CFF06	2
CFF06_ind007	CFF06	2
CFF06_ind008	CFF06	2
CFF06_ind009	CFF06	2
CFF06_ind010	CFF06	2
CFF06_ind011	CFF06	2
CFF06_ind012	CFF06	2
CFF06_ind013	CFF06	2
CFF06_ind014	CFF06	2
CFF06_ind015	CFF06	2
CFF06_ind016	CFF06	2
CFF06_ind017	CFF06	2
CFF06_ind018	CFF06	2
CFF06_ind019	CFF06	2
CFF06_ind020	CFF06	2
CFF06_ind021	CFF06	2
CFF06_ind022	CFF06	2
CFF06_ind023	CFF06	2
CFF06_ind024	CFF06	2
CFF06_ind025	CFF06	2
CFF06_ind026	CFF06	2
CFF06_ind027	CFF06	2
CFF06_ind028	CFF06	2
CFF06_ind029	CFF06	2
CFF06_ind030	CFF06	2
CFF06_ind031	CFF06	2
CFF06_ind032	CFF06	2
CFF06_ind033	CFF06	2
CFF06_ind034	CFF06	2
CFF06_ind035	CFF06	2
CFF06_ind036	CFF06	2
CFF06_ind037	CFF06	2
CFF06_ind038	CFF06	2
CFF06_ind039	CFF06	2
CFF06_ind040	CFF06	2
CFF06_ind041	CFF06	2
CFF06_ind042	CFF06	2
CFF06_ind043	CFF06	2
CFF06_ind044	CFF06	2
CFF06_ind045	CFF06	2
CFF06_ind046	CFF06	2
CFF06_ind048	CFF06	2
CFF06_ind049	CFF06	2
CFF06_ind050	CFF06	2
CFF06_ind001	CFF06	3
CFF06_ind002	CFF06	3
CFF06_ind003	CFF06	3
CFF06_ind004	CFF06	3
CFF06_ind005	CFF06	3
CFF06_ind006	CFF06	3
CFF06_ind007	CFF06	3
CFF06_ind008	CFF06	3
CFF06_ind009	CFF06	3
CFF06_ind010	CFF06	3
CFF06_ind011	CFF06	3
CFF06_ind012	CFF06	3
CFF06_ind013	CFF06	3
CFF06_ind014	CFF06	3
CFF06_ind015	CFF06	3
CFF06_ind016	CFF06	3
CFF06_ind017	CFF06	3
CFF06_ind018	CFF06	3
CFF06_ind019	CFF06	3
CFF06_ind020	CFF06	3
CFF06_ind021	CFF06	3
CFF06_ind022	CFF06	3
CFF06_ind023	CFF06	3
CFF06_ind024	CFF06	3
CFF06_ind025	CFF06	3
CFF06_ind026	CFF06	3
CFF06_ind027	CFF06	3
CFF06_ind028	CFF06	3
CFF06_ind029	CFF06	3
CFF06_ind030	CFF06	3
CFF06_ind031	CFF06	3
CFF06_ind032	CFF06	3
CFF06_ind033	CFF06	3
CFF06_ind034	CFF06	3
CFF06_ind035	CFF06	3
CFF06_ind036	CFF06	3
CFF06_ind037	CFF06	3
CFF06_ind038	CFF06	3
CFF06_ind039	CFF06	3
CFF06_ind040	CFF06	3
CFF06_ind041	CFF06	3
CFF06_ind042	CFF06	3
CFF06_ind043	CFF06	3
CFF06_ind044	CFF06	3
CFF06_ind045	CFF06	3
CFF06_ind046	CFF06	3
CFF06_ind048	CFF06	3
CFF06_ind049	CFF06	3
CFF06_ind050	CFF06	3
CFF06_ind001	CFF06	4
CFF06_ind002	CFF06	4
CFF06_ind003	CFF06	4
CFF06_ind004	CFF06	4
CFF06_ind005	CFF06	4
CFF06_ind006	CFF06	4
CFF06_ind007	CFF06	4
CFF06_ind008	CFF06	4
CFF06_ind009	CFF06	4
CFF06_ind010	CFF06	4
CFF06_ind011	CFF06	4
CFF06_ind012	CFF06	4
CFF06_ind013	CFF06	4
CFF06_ind014	CFF06	4
CFF06_ind015	CFF06	4
CFF06_ind016	CFF06	4
CFF06_ind017	CFF06	4
CFF06_ind018	CFF06	4
CFF06_ind019	CFF06	4
CFF06_ind020	CFF06	4
CFF06_ind021	CFF06	4
CFF06_ind022	CFF06	4
CFF06_ind023	CFF06	4
CFF06_ind024	CFF06	4
CFF06_ind025	CFF06	4
CFF06_ind026	CFF06	4
CFF06_ind027	CFF06	4
CFF06_ind028	CFF06	4
CFF06_ind029	CFF06	4
CFF06_ind030	CFF06	4
CFF06_ind031	CFF06	4
CFF06_ind032	CFF06	4
CFF06_ind033	CFF06	4
CFF06_ind034	CFF06	4
CFF06_ind035	CFF06	4
CFF06_ind036	CFF06	4
CFF06_ind037	CFF06	4
CFF06_ind038	CFF06	4
CFF06_ind039	CFF06	4
CFF06_ind040	CFF06	4
CFF06_ind041	CFF06	4
CFF06_ind042	CFF06	4
CFF06_ind043	CFF06	4
CFF06_ind044	CFF06	4
CFF06_ind045	CFF06	4
CFF06_ind046	CFF06	4
CFF06_ind048	CFF06	4
CFF06_ind049	CFF06	4
CFF06_ind050	CFF06	4
CFF06_ind001	CFF06	5
CFF06_ind002	CFF06	5
CFF06_ind003	CFF06	5
CFF06_ind004	CFF06	5
CFF06_ind005	CFF06	5
CFF06_ind006	CFF06	5
CFF06_ind007	CFF06	5
CFF06_ind008	CFF06	5
CFF06_ind009	CFF06	5
CFF06_ind010	CFF06	5
CFF06_ind011	CFF06	5
CFF06_ind012	CFF06	5
CFF06_ind013	CFF06	5
CFF06_ind014	CFF06	5
CFF06_ind015	CFF06	5
CFF06_ind016	CFF06	5
CFF06_ind017	CFF06	5
CFF06_ind018	CFF06	5
CFF06_ind019	CFF06	5
CFF06_ind020	CFF06	5
CFF06_ind021	CFF06	5
CFF06_ind022	CFF06	5
CFF06_ind023	CFF06	5
CFF06_ind024	CFF06	5
CFF06_ind025	CFF06	5
CFF06_ind026	CFF06	5
CFF06_ind027	CFF06	5
CFF06_ind028	CFF06	5
CFF06_ind029	CFF06	5
CFF06_ind030	CFF06	5
CFF06_ind031	CFF06	5
CFF06_ind032	CFF06	5
CFF06_ind033	CFF06	5
CFF06_ind034	CFF06	5
CFF06_ind035	CFF06	5
CFF06_ind036	CFF06	5
CFF06_ind037	CFF06	5
CFF06_ind038	CFF06	5
CFF06_ind039	CFF06	5
CFF06_ind040	CFF06	5
CFF06_ind041	CFF06	5
CFF06_ind042	CFF06	5
CFF06_ind043	CFF06	5
CFF06_ind044	CFF06	5
CFF06_ind045	CFF06	5
CFF06_ind046	CFF06	5
CFF06_ind048	CFF06	5
CFF06_ind049	CFF06	5
CFF06_ind050	CFF06	5
CFF06_ind001	CFF06	6
CFF06_ind002	CFF06	6
CFF06_ind003	CFF06	6
CFF06_ind004	CFF06	6
CFF06_ind005	CFF06	6
CFF06_ind006	CFF06	6
CFF06_ind007	CFF06	6
CFF06_ind008	CFF06	6
CFF06_ind009	CFF06	6
CFF06_ind010	CFF06	6
CFF06_ind011	CFF06	6
CFF06_ind012	CFF06	6
CFF06_ind013	CFF06	6
CFF06_ind014	CFF06	6
CFF06_ind015	CFF06	6
CFF06_ind016	CFF06	6
CFF06_ind017	CFF06	6
CFF06_ind018	CFF06	6
CFF06_ind019	CFF06	6
CFF06_ind020	CFF06	6
CFF06_ind021	CFF06	6
CFF06_ind022	CFF06	6
CFF06_ind023	CFF06	6
CFF06_ind024	CFF06	6
CFF06_ind025	CFF06	6
CFF06_ind026	CFF06	6
CFF06_ind027	CFF06	6
CFF06_ind028	CFF06	6
CFF06_ind029	CFF06	6
CFF06_ind030	CFF06	6
CFF06_ind031	CFF06	6
CFF06_ind032	CFF06	6
CFF06_ind033	CFF06	6
CFF06_ind034	CFF06	6
CFF06_ind035	CFF06	6
CFF06_ind036	CFF06	6
CFF06_ind037	CFF06	6
CFF06_ind038	CFF06	6
CFF06_ind039	CFF06	6
CFF06_ind040	CFF06	6
CFF06_ind041	CFF06	6
CFF06_ind042	CFF06	6
CFF06_ind043	CFF06	6
CFF06_ind044	CFF06	6
CFF06_ind045	CFF06	6
CFF06_ind046	CFF06	6
CFF06_ind048	CFF06	6
CFF06_ind049	CFF06	6
CFF06_ind050	CFF06	6
CFF06_ind001	CFF06	7
CFF06_ind002	CFF06	7
CFF06_ind003	CFF06	7
CFF06_ind004	CFF06	7
CFF06_ind005	CFF06	7
CFF06_ind006	CFF06	7
CFF06_ind007	CFF06	7
CFF06_ind008	CFF06	7
CFF06_ind009	CFF06	7
CFF06_ind010	CFF06	7
CFF06_ind011	CFF06	7
CFF06_ind012	CFF06	7
CFF06_ind013	CFF06	7
CFF06_ind014	CFF06	7
CFF06_ind015	CFF06	7
CFF06_ind016	CFF06	7
CFF06_ind017	CFF06	7
CFF06_ind018	CFF06	7
CFF06_ind019	CFF06	7
CFF06_ind020	CFF06	7
CFF06_ind021	CFF06	7
CFF06_ind022	CFF06	7
CFF06_ind023	CFF06	7
CFF06_ind024	CFF06	7
CFF06_ind025	CFF06	7
CFF06_ind026	CFF06	7
CFF06_ind027	CFF06	7
CFF06_ind028	CFF06	7
CFF06_ind029	CFF06	7
CFF06_ind030	CFF06	7
CFF06_ind031	CFF06	7
CFF06_ind032	CFF06	7
CFF06_ind033	CFF06	7
CFF06_ind034	CFF06	7
CFF06_ind035	CFF06	7
CFF06_ind036	CFF06	7
CFF06_ind037	CFF06	7
CFF06_ind038	CFF06	7
CFF06_ind039	CFF06	7
CFF06_ind040	CFF06	7
CFF06_ind041	CFF06	7
CFF06_ind042	CFF06	7
CFF06_ind043	CFF06	7
CFF06_ind044	CFF06	7
CFF06_ind045	CFF06	7
CFF06_ind046	CFF06	7
CFF06_ind048	CFF06	7
CFF06_ind049	CFF06	7
CFF06_ind050	CFF06	7
CFF06_ind001	CFF06	8
CFF06_ind002	CFF06	8
CFF06_ind003	CFF06	8
CFF06_ind004	CFF06	8
CFF06_ind005	CFF06	8
CFF06_ind006	CFF06	8
CFF06_ind007	CFF06	8
CFF06_ind008	CFF06	8
CFF06_ind009	CFF06	8
CFF06_ind010	CFF06	8
CFF06_ind011	CFF06	8
CFF06_ind012	CFF06	8
CFF06_ind013	CFF06	8
CFF06_ind014	CFF06	8
CFF06_ind015	CFF06	8
CFF06_ind016	CFF06	8
CFF06_ind017	CFF06	8
CFF06_ind018	CFF06	8
CFF06_ind019	CFF06	8
CFF06_ind020	CFF06	8
CFF06_ind021	CFF06	8
CFF06_ind022	CFF06	8
CFF06_ind023	CFF06	8
CFF06_ind024	CFF06	8
CFF06_ind025	CFF06	8
CFF06_ind026	CFF06	8
CFF06_ind027	CFF06	8
CFF06_ind028	CFF06	8
CFF06_ind029	CFF06	8
CFF06_ind030	CFF06	8
CFF06_ind031	CFF06	8
CFF06_ind032	CFF06	8
CFF06_ind033	CFF06	8
CFF06_ind034	CFF06	8
CFF06_ind035	CFF06	8
CFF06_ind036	CFF06	8
CFF06_ind037	CFF06	8
CFF06_ind038	CFF06	8
CFF06_ind039	CFF06	8
CFF06_ind040	CFF06	8
CFF06_ind041	CFF06	8
CFF06_ind042	CFF06	8
CFF06_ind043	CFF06	8
CFF06_ind044	CFF06	8
CFF06_ind045	CFF06	8
CFF06_ind046	CFF06	8
CFF06_ind048	CFF06	8
CFF06_ind049	CFF06	8
CFF06_ind050	CFF06	8
CFF06_ind001	CFF06	9
CFF06_ind002	CFF06	9
CFF06_ind003	CFF06	9
CFF06_ind004	CFF06	9
CFF06_ind005	CFF06	9
CFF06_ind006	CFF06	9
CFF06_ind007	CFF06	9
CFF06_ind008	CFF06	9
CFF06_ind009	CFF06	9
CFF06_ind010	CFF06	9
CFF06_ind011	CFF06	9
CFF06_ind012	CFF06	9
CFF06_ind013	CFF06	9
CFF06_ind014	CFF06	9
CFF06_ind015	CFF06	9
CFF06_ind016	CFF06	9
CFF06_ind017	CFF06	9
CFF06_ind018	CFF06	9
CFF06_ind019	CFF06	9
CFF06_ind020	CFF06	9
CFF06_ind021	CFF06	9
CFF06_ind022	CFF06	9
CFF06_ind023	CFF06	9
CFF06_ind024	CFF06	9
CFF06_ind025	CFF06	9
CFF06_ind026	CFF06	9
CFF06_ind027	CFF06	9
CFF06_ind028	CFF06	9
CFF06_ind029	CFF06	9
CFF06_ind030	CFF06	9
CFF06_ind031	CFF06	9
CFF06_ind032	CFF06	9
CFF06_ind033	CFF06	9
CFF06_ind034	CFF06	9
CFF06_ind035	CFF06	9
CFF06_ind036	CFF06	9
CFF06_ind037	CFF06	9
CFF06_ind038	CFF06	9
CFF06_ind039	CFF06	9
CFF06_ind040	CFF06	9
CFF06_ind041	CFF06	9
CFF06_ind042	CFF06	9
CFF06_ind043	CFF06	9
CFF06_ind044	CFF06	9
CFF06_ind045	CFF06	9
CFF06_ind046	CFF06	9
CFF06_ind048	CFF06	9
CFF06_ind049	CFF06	9
CFF06_ind050	CFF06	9
CFF06_ind001	CFF06	10
CFF06_ind002	CFF06	10
CFF06_ind003	CFF06	10
CFF06_ind004	CFF06	10
CFF06_ind005	CFF06	10
CFF06_ind006	CFF06	10
CFF06_ind007	CFF06	10
CFF06_ind008	CFF06	10
CFF06_ind009	CFF06	10
CFF06_ind010	CFF06	10
CFF06_ind011	CFF06	10
CFF06_ind012	CFF06	10
CFF06_ind013	CFF06	10
CFF06_ind014	CFF06	10
CFF06_ind015	CFF06	10
CFF06_ind016	CFF06	10
CFF06_ind017	CFF06	10
CFF06_ind018	CFF06	10
CFF06_ind019	CFF06	10
CFF06_ind020	CFF06	10
CFF06_ind021	CFF06	10
CFF06_ind022	CFF06	10
CFF06_ind023	CFF06	10
CFF06_ind024	CFF06	10
CFF06_ind025	CFF06	10
CFF06_ind026	CFF06	10
CFF06_ind027	CFF06	10
CFF06_ind028	CFF06	10
CFF06_ind029	CFF06	10
CFF06_ind030	CFF06	10
CFF06_ind031	CFF06	10
CFF06_ind032	CFF06	10
CFF06_ind033	CFF06	10
CFF06_ind034	CFF06	10
CFF06_ind035	CFF06	10
CFF06_ind036	CFF06	10
CFF06_ind037	CFF06	10
CFF06_ind038	CFF06	10
CFF06_ind039	CFF06	10
CFF06_ind040	CFF06	10
CFF06_ind041	CFF06	10
CFF06_ind042	CFF06	10
CFF06_ind043	CFF06	10
CFF06_ind044	CFF06	10
CFF06_ind045	CFF06	10
CFF06_ind046	CFF06	10
CFF06_ind048	CFF06	10
CFF06_ind049	CFF06	10
CFF06_ind050	CFF06	10
CFF07_ind001	CFF07	1
CFF07_ind002	CFF07	1
CFF07_ind003	CFF07	1
CFF07_ind004	CFF07	1
CFF07_ind005	CFF07	1
CFF07_ind006	CFF07	1
CFF07_ind007	CFF07	1
CFF07_ind008	CFF07	1
CFF07_ind009	CFF07	1
CFF07_ind010	CFF07	1
CFF07_ind011	CFF07	1
CFF07_ind012	CFF07	1
CFF07_ind013	CFF07	1
CFF07_ind014	CFF07	1
CFF07_ind015	CFF07	1
CFF07_ind016	CFF07	1
CFF07_ind017	CFF07	1
CFF07_ind018	CFF07	1
CFF07_ind019	CFF07	1
CFF07_ind020	CFF07	1
CFF07_ind021	CFF07	1
CFF07_ind022	CFF07	1
CFF07_ind023	CFF07	1
CFF07_ind024	CFF07	1
CFF07_ind025	CFF07	1
CFF07_ind026	CFF07	1
CFF07_ind027	CFF07	1
CFF07_ind028	CFF07	1
CFF07_ind029	CFF07	1
CFF07_ind030	CFF07	1
CFF07_ind031	CFF07	1
CFF07_ind032	CFF07	1
CFF07_ind033	CFF07	1
CFF07_ind034	CFF07	1
CFF07_ind035	CFF07	1
CFF07_ind036	CFF07	1
CFF07_ind037	CFF07	1
CFF07_ind038	CFF07	1
CFF07_ind039	CFF07	1
CFF07_ind040	CFF07	1
CFF07_ind041	CFF07	1
CFF07_ind042	CFF07	1
CFF07_ind043	CFF07	1
CFF07_ind044	CFF07	1
CFF07_ind045	CFF07	1
CFF07_ind046	CFF07	1
CFF07_ind047	CFF07	1
CFF07_ind048	CFF07	1
CFF07_ind049	CFF07	1
CFF07_ind050	CFF07	1
CFF07_ind051	CFF07	1
CFF07_ind052	CFF07	1
CFF07_ind053	CFF07	1
CFF07_ind054	CFF07	1
CFF07_ind055	CFF07	1
CFF07_ind056	CFF07	1
CFF07_ind057	CFF07	1
CFF07_ind058	CFF07	1
CFF07_ind059	CFF07	1
CFF07_ind060	CFF07	1
CFF07_ind061	CFF07	1
CFF07_ind062	CFF07	1
CFF07_ind063	CFF07	1
CFF07_ind064	CFF07	1
CFF07_ind065	CFF07	1
CFF07_ind066	CFF07	1
CFF07_ind067	CFF07	1
CFF07_ind068	CFF07	1
CFF07_ind069	CFF07	1
CFF07_ind070	CFF07	1
CFF07_ind071	CFF07	1
CFF07_ind072	CFF07	1
CFF07_ind073	CFF07	1
CFF07_ind074	CFF07	1
CFF07_ind075	CFF07	1
CFF07_ind076	CFF07	1
CFF07_ind077	CFF07	1
CFF07_ind078	CFF07	1
CFF07_ind079	CFF07	1
CFF07_ind080	CFF07	1
CFF07_ind081	CFF07	1
CFF07_ind082	CFF07	1
CFF07_ind083	CFF07	1
CFF07_ind084	CFF07	1
CFF07_ind085	CFF07	1
CFF07_ind086	CFF07	1
CFF07_ind087	CFF07	1
CFF07_ind088	CFF07	1
CFF07_ind089	CFF07	1
CFF07_ind090	CFF07	1
CFF07_ind091	CFF07	1
CFF07_ind092	CFF07	1
CFF07_ind093	CFF07	1
CFF07_ind094	CFF07	1
CFF07_ind095	CFF07	1
CFF07_ind096	CFF07	1
CFF07_ind097	CFF07	1
CFF07_ind098	CFF07	1
CFF07_ind099	CFF07	1
CFF07_ind100	CFF07	1
CFF07_ind101	CFF07	1
CFF07_ind102	CFF07	1
CFF07_ind103	CFF07	1
CFF07_ind104	CFF07	1
CFF07_ind105	CFF07	1
CFF07_ind106	CFF07	1
CFF07_ind107	CFF07	1
CFF07_ind108	CFF07	1
CFF07_ind109	CFF07	1
CFF07_ind110	CFF07	1
CFF07_ind111	CFF07	1
CFF07_ind112	CFF07	1
CFF07_ind113	CFF07	1
CFF07_ind114	CFF07	1
CFF07_ind115	CFF07	1
CFF07_ind116	CFF07	1
CFF07_ind117	CFF07	1
CFF07_ind118	CFF07	1
CFF07_ind119	CFF07	1
CFF07_ind120	CFF07	1
CFF07_ind121	CFF07	1
CFF07_ind122	CFF07	1
CFF07_ind123	CFF07	1
CFF07_ind124	CFF07	1
CFF07_ind125	CFF07	1
CFF07_ind126	CFF07	1
CFF07_ind127	CFF07	1
CFF07_ind128	CFF07	1
CFF07_ind129	CFF07	1
CFF07_ind001	CFF07	2
CFF07_ind002	CFF07	2
CFF07_ind003	CFF07	2
CFF07_ind004	CFF07	2
CFF07_ind005	CFF07	2
CFF07_ind006	CFF07	2
CFF07_ind007	CFF07	2
CFF07_ind008	CFF07	2
CFF07_ind009	CFF07	2
CFF07_ind010	CFF07	2
CFF07_ind011	CFF07	2
CFF07_ind012	CFF07	2
CFF07_ind013	CFF07	2
CFF07_ind014	CFF07	2
CFF07_ind015	CFF07	2
CFF07_ind016	CFF07	2
CFF07_ind017	CFF07	2
CFF07_ind018	CFF07	2
CFF07_ind019	CFF07	2
CFF07_ind020	CFF07	2
CFF07_ind021	CFF07	2
CFF07_ind022	CFF07	2
CFF07_ind023	CFF07	2
CFF07_ind024	CFF07	2
CFF07_ind025	CFF07	2
CFF07_ind026	CFF07	2
CFF07_ind027	CFF07	2
CFF07_ind028	CFF07	2
CFF07_ind029	CFF07	2
CFF07_ind030	CFF07	2
CFF07_ind031	CFF07	2
CFF07_ind032	CFF07	2
CFF07_ind033	CFF07	2
CFF07_ind034	CFF07	2
CFF07_ind035	CFF07	2
CFF07_ind036	CFF07	2
CFF07_ind037	CFF07	2
CFF07_ind038	CFF07	2
CFF07_ind039	CFF07	2
CFF07_ind040	CFF07	2
CFF07_ind041	CFF07	2
CFF07_ind042	CFF07	2
CFF07_ind043	CFF07	2
CFF07_ind044	CFF07	2
CFF07_ind045	CFF07	2
CFF07_ind046	CFF07	2
CFF07_ind047	CFF07	2
CFF07_ind048	CFF07	2
CFF07_ind049	CFF07	2
CFF07_ind050	CFF07	2
CFF07_ind051	CFF07	2
CFF07_ind052	CFF07	2
CFF07_ind053	CFF07	2
CFF07_ind054	CFF07	2
CFF07_ind055	CFF07	2
CFF07_ind056	CFF07	2
CFF07_ind057	CFF07	2
CFF07_ind058	CFF07	2
CFF07_ind059	CFF07	2
CFF07_ind060	CFF07	2
CFF07_ind061	CFF07	2
CFF07_ind062	CFF07	2
CFF07_ind063	CFF07	2
CFF07_ind064	CFF07	2
CFF07_ind065	CFF07	2
CFF07_ind066	CFF07	2
CFF07_ind067	CFF07	2
CFF07_ind068	CFF07	2
CFF07_ind069	CFF07	2
CFF07_ind070	CFF07	2
CFF07_ind071	CFF07	2
CFF07_ind072	CFF07	2
CFF07_ind073	CFF07	2
CFF07_ind074	CFF07	2
CFF07_ind075	CFF07	2
CFF07_ind076	CFF07	2
CFF07_ind077	CFF07	2
CFF07_ind078	CFF07	2
CFF07_ind079	CFF07	2
CFF07_ind080	CFF07	2
CFF07_ind081	CFF07	2
CFF07_ind082	CFF07	2
CFF07_ind083	CFF07	2
CFF07_ind084	CFF07	2
CFF07_ind085	CFF07	2
CFF07_ind086	CFF07	2
CFF07_ind087	CFF07	2
CFF07_ind088	CFF07	2
CFF07_ind089	CFF07	2
CFF07_ind090	CFF07	2
CFF07_ind091	CFF07	2
CFF07_ind092	CFF07	2
CFF07_ind093	CFF07	2
CFF07_ind094	CFF07	2
CFF07_ind095	CFF07	2
CFF07_ind096	CFF07	2
CFF07_ind097	CFF07	2
CFF07_ind098	CFF07	2
CFF07_ind099	CFF07	2
CFF07_ind100	CFF07	2
CFF07_ind101	CFF07	2
CFF07_ind102	CFF07	2
CFF07_ind103	CFF07	2
CFF07_ind104	CFF07	2
CFF07_ind105	CFF07	2
CFF07_ind106	CFF07	2
CFF07_ind107	CFF07	2
CFF07_ind108	CFF07	2
CFF07_ind109	CFF07	2
CFF07_ind110	CFF07	2
CFF07_ind111	CFF07	2
CFF07_ind112	CFF07	2
CFF07_ind113	CFF07	2
CFF07_ind114	CFF07	2
CFF07_ind115	CFF07	2
CFF07_ind116	CFF07	2
CFF07_ind117	CFF07	2
CFF07_ind118	CFF07	2
CFF07_ind119	CFF07	2
CFF07_ind120	CFF07	2
CFF07_ind121	CFF07	2
CFF07_ind122	CFF07	2
CFF07_ind123	CFF07	2
CFF07_ind124	CFF07	2
CFF07_ind125	CFF07	2
CFF07_ind126	CFF07	2
CFF07_ind127	CFF07	2
CFF07_ind128	CFF07	2
CFF07_ind129	CFF07	2
CFF07_ind001	CFF07	3
CFF07_ind002	CFF07	3
CFF07_ind003	CFF07	3
CFF07_ind004	CFF07	3
CFF07_ind005	CFF07	3
CFF07_ind006	CFF07	3
CFF07_ind007	CFF07	3
CFF07_ind008	CFF07	3
CFF07_ind009	CFF07	3
CFF07_ind010	CFF07	3
CFF07_ind011	CFF07	3
CFF07_ind012	CFF07	3
CFF07_ind013	CFF07	3
CFF07_ind014	CFF07	3
CFF07_ind015	CFF07	3
CFF07_ind016	CFF07	3
CFF07_ind017	CFF07	3
CFF07_ind018	CFF07	3
CFF07_ind019	CFF07	3
CFF07_ind020	CFF07	3
CFF07_ind021	CFF07	3
CFF07_ind022	CFF07	3
CFF07_ind023	CFF07	3
CFF07_ind024	CFF07	3
CFF07_ind025	CFF07	3
CFF07_ind026	CFF07	3
CFF07_ind027	CFF07	3
CFF07_ind028	CFF07	3
CFF07_ind029	CFF07	3
CFF07_ind030	CFF07	3
CFF07_ind031	CFF07	3
CFF07_ind032	CFF07	3
CFF07_ind033	CFF07	3
CFF07_ind034	CFF07	3
CFF07_ind035	CFF07	3
CFF07_ind036	CFF07	3
CFF07_ind037	CFF07	3
CFF07_ind038	CFF07	3
CFF07_ind039	CFF07	3
CFF07_ind040	CFF07	3
CFF07_ind041	CFF07	3
CFF07_ind042	CFF07	3
CFF07_ind043	CFF07	3
CFF07_ind044	CFF07	3
CFF07_ind045	CFF07	3
CFF07_ind046	CFF07	3
CFF07_ind047	CFF07	3
CFF07_ind048	CFF07	3
CFF07_ind049	CFF07	3
CFF07_ind050	CFF07	3
CFF07_ind051	CFF07	3
CFF07_ind052	CFF07	3
CFF07_ind053	CFF07	3
CFF07_ind054	CFF07	3
CFF07_ind055	CFF07	3
CFF07_ind056	CFF07	3
CFF07_ind057	CFF07	3
CFF07_ind058	CFF07	3
CFF07_ind059	CFF07	3
CFF07_ind060	CFF07	3
CFF07_ind061	CFF07	3
CFF07_ind062	CFF07	3
CFF07_ind063	CFF07	3
CFF07_ind064	CFF07	3
CFF07_ind065	CFF07	3
CFF07_ind066	CFF07	3
CFF07_ind067	CFF07	3
CFF07_ind068	CFF07	3
CFF07_ind069	CFF07	3
CFF07_ind070	CFF07	3
CFF07_ind071	CFF07	3
CFF07_ind072	CFF07	3
CFF07_ind073	CFF07	3
CFF07_ind074	CFF07	3
CFF07_ind075	CFF07	3
CFF07_ind076	CFF07	3
CFF07_ind077	CFF07	3
CFF07_ind078	CFF07	3
CFF07_ind079	CFF07	3
CFF07_ind080	CFF07	3
CFF07_ind081	CFF07	3
CFF07_ind082	CFF07	3
CFF07_ind083	CFF07	3
CFF07_ind084	CFF07	3
CFF07_ind085	CFF07	3
CFF07_ind086	CFF07	3
CFF07_ind087	CFF07	3
CFF07_ind088	CFF07	3
CFF07_ind089	CFF07	3
CFF07_ind090	CFF07	3
CFF07_ind091	CFF07	3
CFF07_ind092	CFF07	3
CFF07_ind093	CFF07	3
CFF07_ind094	CFF07	3
CFF07_ind095	CFF07	3
CFF07_ind096	CFF07	3
CFF07_ind097	CFF07	3
CFF07_ind098	CFF07	3
CFF07_ind099	CFF07	3
CFF07_ind100	CFF07	3
CFF07_ind101	CFF07	3
CFF07_ind102	CFF07	3
CFF07_ind103	CFF07	3
CFF07_ind104	CFF07	3
CFF07_ind105	CFF07	3
CFF07_ind106	CFF07	3
CFF07_ind107	CFF07	3
CFF07_ind108	CFF07	3
CFF07_ind109	CFF07	3
CFF07_ind110	CFF07	3
CFF07_ind111	CFF07	3
CFF07_ind112	CFF07	3
CFF07_ind113	CFF07	3
CFF07_ind114	CFF07	3
CFF07_ind115	CFF07	3
CFF07_ind116	CFF07	3
CFF07_ind117	CFF07	3
CFF07_ind118	CFF07	3
CFF07_ind119	CFF07	3
CFF07_ind120	CFF07	3
CFF07_ind121	CFF07	3
CFF07_ind122	CFF07	3
CFF07_ind123	CFF07	3
CFF07_ind124	CFF07	3
CFF07_ind125	CFF07	3
CFF07_ind126	CFF07	3
CFF07_ind127	CFF07	3
CFF07_ind128	CFF07	3
CFF07_ind129	CFF07	3
CFF07_ind001	CFF07	4
CFF07_ind002	CFF07	4
CFF07_ind003	CFF07	4
CFF07_ind004	CFF07	4
CFF07_ind005	CFF07	4
CFF07_ind006	CFF07	4
CFF07_ind007	CFF07	4
CFF07_ind008	CFF07	4
CFF07_ind009	CFF07	4
CFF07_ind010	CFF07	4
CFF07_ind011	CFF07	4
CFF07_ind012	CFF07	4
CFF07_ind013	CFF07	4
CFF07_ind014	CFF07	4
CFF07_ind015	CFF07	4
CFF07_ind016	CFF07	4
CFF07_ind017	CFF07	4
CFF07_ind018	CFF07	4
CFF07_ind019	CFF07	4
CFF07_ind020	CFF07	4
CFF07_ind021	CFF07	4
CFF07_ind022	CFF07	4
CFF07_ind023	CFF07	4
CFF07_ind024	CFF07	4
CFF07_ind025	CFF07	4
CFF07_ind026	CFF07	4
CFF07_ind027	CFF07	4
CFF07_ind028	CFF07	4
CFF07_ind029	CFF07	4
CFF07_ind030	CFF07	4
CFF07_ind031	CFF07	4
CFF07_ind032	CFF07	4
CFF07_ind033	CFF07	4
CFF07_ind034	CFF07	4
CFF07_ind035	CFF07	4
CFF07_ind036	CFF07	4
CFF07_ind037	CFF07	4
CFF07_ind038	CFF07	4
CFF07_ind039	CFF07	4
CFF07_ind040	CFF07	4
CFF07_ind041	CFF07	4
CFF07_ind042	CFF07	4
CFF07_ind043	CFF07	4
CFF07_ind044	CFF07	4
CFF07_ind045	CFF07	4
CFF07_ind046	CFF07	4
CFF07_ind047	CFF07	4
CFF07_ind048	CFF07	4
CFF07_ind049	CFF07	4
CFF07_ind050	CFF07	4
CFF07_ind051	CFF07	4
CFF07_ind052	CFF07	4
CFF07_ind053	CFF07	4
CFF07_ind054	CFF07	4
CFF07_ind055	CFF07	4
CFF07_ind056	CFF07	4
CFF07_ind057	CFF07	4
CFF07_ind058	CFF07	4
CFF07_ind059	CFF07	4
CFF07_ind060	CFF07	4
CFF07_ind061	CFF07	4
CFF07_ind062	CFF07	4
CFF07_ind063	CFF07	4
CFF07_ind064	CFF07	4
CFF07_ind065	CFF07	4
CFF07_ind066	CFF07	4
CFF07_ind067	CFF07	4
CFF07_ind068	CFF07	4
CFF07_ind069	CFF07	4
CFF07_ind070	CFF07	4
CFF07_ind071	CFF07	4
CFF07_ind072	CFF07	4
CFF07_ind073	CFF07	4
CFF07_ind074	CFF07	4
CFF07_ind075	CFF07	4
CFF07_ind076	CFF07	4
CFF07_ind077	CFF07	4
CFF07_ind078	CFF07	4
CFF07_ind079	CFF07	4
CFF07_ind080	CFF07	4
CFF07_ind081	CFF07	4
CFF07_ind082	CFF07	4
CFF07_ind083	CFF07	4
CFF07_ind084	CFF07	4
CFF07_ind085	CFF07	4
CFF07_ind086	CFF07	4
CFF07_ind087	CFF07	4
CFF07_ind088	CFF07	4
CFF07_ind089	CFF07	4
CFF07_ind090	CFF07	4
CFF07_ind091	CFF07	4
CFF07_ind092	CFF07	4
CFF07_ind093	CFF07	4
CFF07_ind094	CFF07	4
CFF07_ind095	CFF07	4
CFF07_ind096	CFF07	4
CFF07_ind097	CFF07	4
CFF07_ind098	CFF07	4
CFF07_ind099	CFF07	4
CFF07_ind100	CFF07	4
CFF07_ind101	CFF07	4
CFF07_ind102	CFF07	4
CFF07_ind103	CFF07	4
CFF07_ind104	CFF07	4
CFF07_ind105	CFF07	4
CFF07_ind106	CFF07	4
CFF07_ind107	CFF07	4
CFF07_ind108	CFF07	4
CFF07_ind109	CFF07	4
CFF07_ind110	CFF07	4
CFF07_ind111	CFF07	4
CFF07_ind112	CFF07	4
CFF07_ind113	CFF07	4
CFF07_ind114	CFF07	4
CFF07_ind115	CFF07	4
CFF07_ind116	CFF07	4
CFF07_ind117	CFF07	4
CFF07_ind118	CFF07	4
CFF07_ind119	CFF07	4
CFF07_ind120	CFF07	4
CFF07_ind121	CFF07	4
CFF07_ind122	CFF07	4
CFF07_ind123	CFF07	4
CFF07_ind124	CFF07	4
CFF07_ind125	CFF07	4
CFF07_ind126	CFF07	4
CFF07_ind127	CFF07	4
CFF07_ind128	CFF07	4
CFF07_ind129	CFF07	4
CFF07_ind001	CFF07	5
CFF07_ind002	CFF07	5
CFF07_ind003	CFF07	5
CFF07_ind004	CFF07	5
CFF07_ind005	CFF07	5
CFF07_ind006	CFF07	5
CFF07_ind007	CFF07	5
CFF07_ind008	CFF07	5
CFF07_ind009	CFF07	5
CFF07_ind010	CFF07	5
CFF07_ind011	CFF07	5
CFF07_ind012	CFF07	5
CFF07_ind013	CFF07	5
CFF07_ind014	CFF07	5
CFF07_ind015	CFF07	5
CFF07_ind016	CFF07	5
CFF07_ind017	CFF07	5
CFF07_ind018	CFF07	5
CFF07_ind019	CFF07	5
CFF07_ind020	CFF07	5
CFF07_ind021	CFF07	5
CFF07_ind022	CFF07	5
CFF07_ind023	CFF07	5
CFF07_ind024	CFF07	5
CFF07_ind025	CFF07	5
CFF07_ind026	CFF07	5
CFF07_ind027	CFF07	5
CFF07_ind028	CFF07	5
CFF07_ind029	CFF07	5
CFF07_ind030	CFF07	5
CFF07_ind031	CFF07	5
CFF07_ind032	CFF07	5
CFF07_ind033	CFF07	5
CFF07_ind034	CFF07	5
CFF07_ind035	CFF07	5
CFF07_ind036	CFF07	5
CFF07_ind037	CFF07	5
CFF07_ind038	CFF07	5
CFF07_ind039	CFF07	5
CFF07_ind040	CFF07	5
CFF07_ind041	CFF07	5
CFF07_ind042	CFF07	5
CFF07_ind043	CFF07	5
CFF07_ind044	CFF07	5
CFF07_ind045	CFF07	5
CFF07_ind046	CFF07	5
CFF07_ind047	CFF07	5
CFF07_ind048	CFF07	5
CFF07_ind049	CFF07	5
CFF07_ind050	CFF07	5
CFF07_ind051	CFF07	5
CFF07_ind052	CFF07	5
CFF07_ind053	CFF07	5
CFF07_ind054	CFF07	5
CFF07_ind055	CFF07	5
CFF07_ind056	CFF07	5
CFF07_ind057	CFF07	5
CFF07_ind058	CFF07	5
CFF07_ind059	CFF07	5
CFF07_ind060	CFF07	5
CFF07_ind061	CFF07	5
CFF07_ind062	CFF07	5
CFF07_ind063	CFF07	5
CFF07_ind064	CFF07	5
CFF07_ind065	CFF07	5
CFF07_ind066	CFF07	5
CFF07_ind067	CFF07	5
CFF07_ind068	CFF07	5
CFF07_ind069	CFF07	5
CFF07_ind070	CFF07	5
CFF07_ind071	CFF07	5
CFF07_ind072	CFF07	5
CFF07_ind073	CFF07	5
CFF07_ind074	CFF07	5
CFF07_ind075	CFF07	5
CFF07_ind076	CFF07	5
CFF07_ind077	CFF07	5
CFF07_ind078	CFF07	5
CFF07_ind079	CFF07	5
CFF07_ind080	CFF07	5
CFF07_ind081	CFF07	5
CFF07_ind082	CFF07	5
CFF07_ind083	CFF07	5
CFF07_ind084	CFF07	5
CFF07_ind085	CFF07	5
CFF07_ind086	CFF07	5
CFF07_ind087	CFF07	5
CFF07_ind088	CFF07	5
CFF07_ind089	CFF07	5
CFF07_ind090	CFF07	5
CFF07_ind091	CFF07	5
CFF07_ind092	CFF07	5
CFF07_ind093	CFF07	5
CFF07_ind094	CFF07	5
CFF07_ind095	CFF07	5
CFF07_ind096	CFF07	5
CFF07_ind097	CFF07	5
CFF07_ind098	CFF07	5
CFF07_ind099	CFF07	5
CFF07_ind100	CFF07	5
CFF07_ind101	CFF07	5
CFF07_ind102	CFF07	5
CFF07_ind103	CFF07	5
CFF07_ind104	CFF07	5
CFF07_ind105	CFF07	5
CFF07_ind106	CFF07	5
CFF07_ind107	CFF07	5
CFF07_ind108	CFF07	5
CFF07_ind109	CFF07	5
CFF07_ind110	CFF07	5
CFF07_ind111	CFF07	5
CFF07_ind112	CFF07	5
CFF07_ind113	CFF07	5
CFF07_ind114	CFF07	5
CFF07_ind115	CFF07	5
CFF07_ind116	CFF07	5
CFF07_ind117	CFF07	5
CFF07_ind118	CFF07	5
CFF07_ind119	CFF07	5
CFF07_ind120	CFF07	5
CFF07_ind121	CFF07	5
CFF07_ind122	CFF07	5
CFF07_ind123	CFF07	5
CFF07_ind124	CFF07	5
CFF07_ind125	CFF07	5
CFF07_ind126	CFF07	5
CFF07_ind127	CFF07	5
CFF07_ind128	CFF07	5
CFF07_ind129	CFF07	5
CFF07_ind001	CFF07	6
CFF07_ind002	CFF07	6
CFF07_ind003	CFF07	6
CFF07_ind004	CFF07	6
CFF07_ind005	CFF07	6
CFF07_ind006	CFF07	6
CFF07_ind007	CFF07	6
CFF07_ind008	CFF07	6
CFF07_ind009	CFF07	6
CFF07_ind010	CFF07	6
CFF07_ind011	CFF07	6
CFF07_ind012	CFF07	6
CFF07_ind013	CFF07	6
CFF07_ind014	CFF07	6
CFF07_ind015	CFF07	6
CFF07_ind016	CFF07	6
CFF07_ind017	CFF07	6
CFF07_ind018	CFF07	6
CFF07_ind019	CFF07	6
CFF07_ind020	CFF07	6
CFF07_ind021	CFF07	6
CFF07_ind022	CFF07	6
CFF07_ind023	CFF07	6
CFF07_ind024	CFF07	6
CFF07_ind025	CFF07	6
CFF07_ind026	CFF07	6
CFF07_ind027	CFF07	6
CFF07_ind028	CFF07	6
CFF07_ind029	CFF07	6
CFF07_ind030	CFF07	6
CFF07_ind031	CFF07	6
CFF07_ind032	CFF07	6
CFF07_ind033	CFF07	6
CFF07_ind034	CFF07	6
CFF07_ind035	CFF07	6
CFF07_ind036	CFF07	6
CFF07_ind037	CFF07	6
CFF07_ind038	CFF07	6
CFF07_ind039	CFF07	6
CFF07_ind040	CFF07	6
CFF07_ind041	CFF07	6
CFF07_ind042	CFF07	6
CFF07_ind043	CFF07	6
CFF07_ind044	CFF07	6
CFF07_ind045	CFF07	6
CFF07_ind046	CFF07	6
CFF07_ind047	CFF07	6
CFF07_ind048	CFF07	6
CFF07_ind049	CFF07	6
CFF07_ind050	CFF07	6
CFF07_ind051	CFF07	6
CFF07_ind052	CFF07	6
CFF07_ind053	CFF07	6
CFF07_ind054	CFF07	6
CFF07_ind055	CFF07	6
CFF07_ind056	CFF07	6
CFF07_ind057	CFF07	6
CFF07_ind058	CFF07	6
CFF07_ind059	CFF07	6
CFF07_ind060	CFF07	6
CFF07_ind061	CFF07	6
CFF07_ind062	CFF07	6
CFF07_ind063	CFF07	6
CFF07_ind064	CFF07	6
CFF07_ind065	CFF07	6
CFF07_ind066	CFF07	6
CFF07_ind067	CFF07	6
CFF07_ind068	CFF07	6
CFF07_ind069	CFF07	6
CFF07_ind070	CFF07	6
CFF07_ind071	CFF07	6
CFF07_ind072	CFF07	6
CFF07_ind073	CFF07	6
CFF07_ind074	CFF07	6
CFF07_ind075	CFF07	6
CFF07_ind076	CFF07	6
CFF07_ind077	CFF07	6
CFF07_ind078	CFF07	6
CFF07_ind079	CFF07	6
CFF07_ind080	CFF07	6
CFF07_ind081	CFF07	6
CFF07_ind082	CFF07	6
CFF07_ind083	CFF07	6
CFF07_ind084	CFF07	6
CFF07_ind085	CFF07	6
CFF07_ind086	CFF07	6
CFF07_ind087	CFF07	6
CFF07_ind088	CFF07	6
CFF07_ind089	CFF07	6
CFF07_ind090	CFF07	6
CFF07_ind091	CFF07	6
CFF07_ind092	CFF07	6
CFF07_ind093	CFF07	6
CFF07_ind094	CFF07	6
CFF07_ind095	CFF07	6
CFF07_ind096	CFF07	6
CFF07_ind097	CFF07	6
CFF07_ind098	CFF07	6
CFF07_ind099	CFF07	6
CFF07_ind100	CFF07	6
CFF07_ind101	CFF07	6
CFF07_ind102	CFF07	6
CFF07_ind103	CFF07	6
CFF07_ind104	CFF07	6
CFF07_ind105	CFF07	6
CFF07_ind106	CFF07	6
CFF07_ind107	CFF07	6
CFF07_ind108	CFF07	6
CFF07_ind109	CFF07	6
CFF07_ind110	CFF07	6
CFF07_ind111	CFF07	6
CFF07_ind112	CFF07	6
CFF07_ind113	CFF07	6
CFF07_ind114	CFF07	6
CFF07_ind115	CFF07	6
CFF07_ind116	CFF07	6
CFF07_ind117	CFF07	6
CFF07_ind118	CFF07	6
CFF07_ind119	CFF07	6
CFF07_ind120	CFF07	6
CFF07_ind121	CFF07	6
CFF07_ind122	CFF07	6
CFF07_ind123	CFF07	6
CFF07_ind124	CFF07	6
CFF07_ind125	CFF07	6
CFF07_ind126	CFF07	6
CFF07_ind127	CFF07	6
CFF07_ind128	CFF07	6
CFF07_ind129	CFF07	6
CFF07_ind001	CFF07	7
CFF07_ind002	CFF07	7
CFF07_ind003	CFF07	7
CFF07_ind004	CFF07	7
CFF07_ind005	CFF07	7
CFF07_ind006	CFF07	7
CFF07_ind007	CFF07	7
CFF07_ind008	CFF07	7
CFF07_ind009	CFF07	7
CFF07_ind010	CFF07	7
CFF07_ind011	CFF07	7
CFF07_ind012	CFF07	7
CFF07_ind013	CFF07	7
CFF07_ind014	CFF07	7
CFF07_ind015	CFF07	7
CFF07_ind016	CFF07	7
CFF07_ind017	CFF07	7
CFF07_ind018	CFF07	7
CFF07_ind019	CFF07	7
CFF07_ind020	CFF07	7
CFF07_ind021	CFF07	7
CFF07_ind022	CFF07	7
CFF07_ind023	CFF07	7
CFF07_ind024	CFF07	7
CFF07_ind025	CFF07	7
CFF07_ind026	CFF07	7
CFF07_ind027	CFF07	7
CFF07_ind028	CFF07	7
CFF07_ind029	CFF07	7
CFF07_ind030	CFF07	7
CFF07_ind031	CFF07	7
CFF07_ind032	CFF07	7
CFF07_ind033	CFF07	7
CFF07_ind034	CFF07	7
CFF07_ind035	CFF07	7
CFF07_ind036	CFF07	7
CFF07_ind037	CFF07	7
CFF07_ind038	CFF07	7
CFF07_ind039	CFF07	7
CFF07_ind040	CFF07	7
CFF07_ind041	CFF07	7
CFF07_ind042	CFF07	7
CFF07_ind043	CFF07	7
CFF07_ind044	CFF07	7
CFF07_ind045	CFF07	7
CFF07_ind046	CFF07	7
CFF07_ind047	CFF07	7
CFF07_ind048	CFF07	7
CFF07_ind049	CFF07	7
CFF07_ind050	CFF07	7
CFF07_ind051	CFF07	7
CFF07_ind052	CFF07	7
CFF07_ind053	CFF07	7
CFF07_ind054	CFF07	7
CFF07_ind055	CFF07	7
CFF07_ind056	CFF07	7
CFF07_ind057	CFF07	7
CFF07_ind058	CFF07	7
CFF07_ind059	CFF07	7
CFF07_ind060	CFF07	7
CFF07_ind061	CFF07	7
CFF07_ind062	CFF07	7
CFF07_ind063	CFF07	7
CFF07_ind064	CFF07	7
CFF07_ind065	CFF07	7
CFF07_ind066	CFF07	7
CFF07_ind067	CFF07	7
CFF07_ind068	CFF07	7
CFF07_ind069	CFF07	7
CFF07_ind070	CFF07	7
CFF07_ind071	CFF07	7
CFF07_ind072	CFF07	7
CFF07_ind073	CFF07	7
CFF07_ind074	CFF07	7
CFF07_ind075	CFF07	7
CFF07_ind076	CFF07	7
CFF07_ind077	CFF07	7
CFF07_ind078	CFF07	7
CFF07_ind079	CFF07	7
CFF07_ind080	CFF07	7
CFF07_ind081	CFF07	7
CFF07_ind082	CFF07	7
CFF07_ind083	CFF07	7
CFF07_ind084	CFF07	7
CFF07_ind085	CFF07	7
CFF07_ind086	CFF07	7
CFF07_ind087	CFF07	7
CFF07_ind088	CFF07	7
CFF07_ind089	CFF07	7
CFF07_ind090	CFF07	7
CFF07_ind091	CFF07	7
CFF07_ind092	CFF07	7
CFF07_ind093	CFF07	7
CFF07_ind094	CFF07	7
CFF07_ind095	CFF07	7
CFF07_ind096	CFF07	7
CFF07_ind097	CFF07	7
CFF07_ind098	CFF07	7
CFF07_ind099	CFF07	7
CFF07_ind100	CFF07	7
CFF07_ind101	CFF07	7
CFF07_ind102	CFF07	7
CFF07_ind103	CFF07	7
CFF07_ind104	CFF07	7
CFF07_ind105	CFF07	7
CFF07_ind106	CFF07	7
CFF07_ind107	CFF07	7
CFF07_ind108	CFF07	7
CFF07_ind109	CFF07	7
CFF07_ind110	CFF07	7
CFF07_ind111	CFF07	7
CFF07_ind112	CFF07	7
CFF07_ind113	CFF07	7
CFF07_ind114	CFF07	7
CFF07_ind115	CFF07	7
CFF07_ind116	CFF07	7
CFF07_ind117	CFF07	7
CFF07_ind118	CFF07	7
CFF07_ind119	CFF07	7
CFF07_ind120	CFF07	7
CFF07_ind121	CFF07	7
CFF07_ind122	CFF07	7
CFF07_ind123	CFF07	7
CFF07_ind124	CFF07	7
CFF07_ind125	CFF07	7
CFF07_ind126	CFF07	7
CFF07_ind127	CFF07	7
CFF07_ind128	CFF07	7
CFF07_ind129	CFF07	7
CFF07_ind001	CFF07	8
CFF07_ind002	CFF07	8
CFF07_ind003	CFF07	8
CFF07_ind004	CFF07	8
CFF07_ind005	CFF07	8
CFF07_ind006	CFF07	8
CFF07_ind007	CFF07	8
CFF07_ind008	CFF07	8
CFF07_ind009	CFF07	8
CFF07_ind010	CFF07	8
CFF07_ind011	CFF07	8
CFF07_ind012	CFF07	8
CFF07_ind013	CFF07	8
CFF07_ind014	CFF07	8
CFF07_ind015	CFF07	8
CFF07_ind016	CFF07	8
CFF07_ind017	CFF07	8
CFF07_ind018	CFF07	8
CFF07_ind019	CFF07	8
CFF07_ind020	CFF07	8
CFF07_ind021	CFF07	8
CFF07_ind022	CFF07	8
CFF07_ind023	CFF07	8
CFF07_ind024	CFF07	8
CFF07_ind025	CFF07	8
CFF07_ind026	CFF07	8
CFF07_ind027	CFF07	8
CFF07_ind028	CFF07	8
CFF07_ind029	CFF07	8
CFF07_ind030	CFF07	8
CFF07_ind031	CFF07	8
CFF07_ind032	CFF07	8
CFF07_ind033	CFF07	8
CFF07_ind034	CFF07	8
CFF07_ind035	CFF07	8
CFF07_ind036	CFF07	8
CFF07_ind037	CFF07	8
CFF07_ind038	CFF07	8
CFF07_ind039	CFF07	8
CFF07_ind040	CFF07	8
CFF07_ind041	CFF07	8
CFF07_ind042	CFF07	8
CFF07_ind043	CFF07	8
CFF07_ind044	CFF07	8
CFF07_ind045	CFF07	8
CFF07_ind046	CFF07	8
CFF07_ind047	CFF07	8
CFF07_ind048	CFF07	8
CFF07_ind049	CFF07	8
CFF07_ind050	CFF07	8
CFF07_ind051	CFF07	8
CFF07_ind052	CFF07	8
CFF07_ind053	CFF07	8
CFF07_ind054	CFF07	8
CFF07_ind055	CFF07	8
CFF07_ind056	CFF07	8
CFF07_ind057	CFF07	8
CFF07_ind058	CFF07	8
CFF07_ind059	CFF07	8
CFF07_ind060	CFF07	8
CFF07_ind061	CFF07	8
CFF07_ind062	CFF07	8
CFF07_ind063	CFF07	8
CFF07_ind064	CFF07	8
CFF07_ind065	CFF07	8
CFF07_ind066	CFF07	8
CFF07_ind067	CFF07	8
CFF07_ind068	CFF07	8
CFF07_ind069	CFF07	8
CFF07_ind070	CFF07	8
CFF07_ind071	CFF07	8
CFF07_ind072	CFF07	8
CFF07_ind073	CFF07	8
CFF07_ind074	CFF07	8
CFF07_ind075	CFF07	8
CFF07_ind076	CFF07	8
CFF07_ind077	CFF07	8
CFF07_ind078	CFF07	8
CFF07_ind079	CFF07	8
CFF07_ind080	CFF07	8
CFF07_ind081	CFF07	8
CFF07_ind082	CFF07	8
CFF07_ind083	CFF07	8
CFF07_ind084	CFF07	8
CFF07_ind085	CFF07	8
CFF07_ind086	CFF07	8
CFF07_ind087	CFF07	8
CFF07_ind088	CFF07	8
CFF07_ind089	CFF07	8
CFF07_ind090	CFF07	8
CFF07_ind091	CFF07	8
CFF07_ind092	CFF07	8
CFF07_ind093	CFF07	8
CFF07_ind094	CFF07	8
CFF07_ind095	CFF07	8
CFF07_ind096	CFF07	8
CFF07_ind097	CFF07	8
CFF07_ind098	CFF07	8
CFF07_ind099	CFF07	8
CFF07_ind100	CFF07	8
CFF07_ind101	CFF07	8
CFF07_ind102	CFF07	8
CFF07_ind103	CFF07	8
CFF07_ind104	CFF07	8
CFF07_ind105	CFF07	8
CFF07_ind106	CFF07	8
CFF07_ind107	CFF07	8
CFF07_ind108	CFF07	8
CFF07_ind109	CFF07	8
CFF07_ind110	CFF07	8
CFF07_ind111	CFF07	8
CFF07_ind112	CFF07	8
CFF07_ind113	CFF07	8
CFF07_ind114	CFF07	8
CFF07_ind115	CFF07	8
CFF07_ind116	CFF07	8
CFF07_ind117	CFF07	8
CFF07_ind118	CFF07	8
CFF07_ind119	CFF07	8
CFF07_ind120	CFF07	8
CFF07_ind121	CFF07	8
CFF07_ind122	CFF07	8
CFF07_ind123	CFF07	8
CFF07_ind124	CFF07	8
CFF07_ind125	CFF07	8
CFF07_ind126	CFF07	8
CFF07_ind127	CFF07	8
CFF07_ind128	CFF07	8
CFF07_ind129	CFF07	8
CFF07_ind001	CFF07	9
CFF07_ind002	CFF07	9
CFF07_ind003	CFF07	9
CFF07_ind004	CFF07	9
CFF07_ind005	CFF07	9
CFF07_ind006	CFF07	9
CFF07_ind007	CFF07	9
CFF07_ind008	CFF07	9
CFF07_ind009	CFF07	9
CFF07_ind010	CFF07	9
CFF07_ind011	CFF07	9
CFF07_ind012	CFF07	9
CFF07_ind013	CFF07	9
CFF07_ind014	CFF07	9
CFF07_ind015	CFF07	9
CFF07_ind016	CFF07	9
CFF07_ind017	CFF07	9
CFF07_ind018	CFF07	9
CFF07_ind019	CFF07	9
CFF07_ind020	CFF07	9
CFF07_ind021	CFF07	9
CFF07_ind022	CFF07	9
CFF07_ind023	CFF07	9
CFF07_ind024	CFF07	9
CFF07_ind025	CFF07	9
CFF07_ind026	CFF07	9
CFF07_ind027	CFF07	9
CFF07_ind028	CFF07	9
CFF07_ind029	CFF07	9
CFF07_ind030	CFF07	9
CFF07_ind031	CFF07	9
CFF07_ind032	CFF07	9
CFF07_ind033	CFF07	9
CFF07_ind034	CFF07	9
CFF07_ind035	CFF07	9
CFF07_ind036	CFF07	9
CFF07_ind037	CFF07	9
CFF07_ind038	CFF07	9
CFF07_ind039	CFF07	9
CFF07_ind040	CFF07	9
CFF07_ind041	CFF07	9
CFF07_ind042	CFF07	9
CFF07_ind043	CFF07	9
CFF07_ind044	CFF07	9
CFF07_ind045	CFF07	9
CFF07_ind046	CFF07	9
CFF07_ind047	CFF07	9
CFF07_ind048	CFF07	9
CFF07_ind049	CFF07	9
CFF07_ind050	CFF07	9
CFF07_ind051	CFF07	9
CFF07_ind052	CFF07	9
CFF07_ind053	CFF07	9
CFF07_ind054	CFF07	9
CFF07_ind055	CFF07	9
CFF07_ind056	CFF07	9
CFF07_ind057	CFF07	9
CFF07_ind058	CFF07	9
CFF07_ind059	CFF07	9
CFF07_ind060	CFF07	9
CFF07_ind061	CFF07	9
CFF07_ind062	CFF07	9
CFF07_ind063	CFF07	9
CFF07_ind064	CFF07	9
CFF07_ind065	CFF07	9
CFF07_ind066	CFF07	9
CFF07_ind067	CFF07	9
CFF07_ind068	CFF07	9
CFF07_ind069	CFF07	9
CFF07_ind070	CFF07	9
CFF07_ind071	CFF07	9
CFF07_ind072	CFF07	9
CFF07_ind073	CFF07	9
CFF07_ind074	CFF07	9
CFF07_ind075	CFF07	9
CFF07_ind076	CFF07	9
CFF07_ind077	CFF07	9
CFF07_ind078	CFF07	9
CFF07_ind079	CFF07	9
CFF07_ind080	CFF07	9
CFF07_ind081	CFF07	9
CFF07_ind082	CFF07	9
CFF07_ind083	CFF07	9
CFF07_ind084	CFF07	9
CFF07_ind085	CFF07	9
CFF07_ind086	CFF07	9
CFF07_ind087	CFF07	9
CFF07_ind088	CFF07	9
CFF07_ind089	CFF07	9
CFF07_ind090	CFF07	9
CFF07_ind091	CFF07	9
CFF07_ind092	CFF07	9
CFF07_ind093	CFF07	9
CFF07_ind094	CFF07	9
CFF07_ind095	CFF07	9
CFF07_ind096	CFF07	9
CFF07_ind097	CFF07	9
CFF07_ind098	CFF07	9
CFF07_ind099	CFF07	9
CFF07_ind100	CFF07	9
CFF07_ind101	CFF07	9
CFF07_ind102	CFF07	9
CFF07_ind103	CFF07	9
CFF07_ind104	CFF07	9
CFF07_ind105	CFF07	9
CFF07_ind106	CFF07	9
CFF07_ind107	CFF07	9
CFF07_ind108	CFF07	9
CFF07_ind109	CFF07	9
CFF07_ind110	CFF07	9
CFF07_ind111	CFF07	9
CFF07_ind112	CFF07	9
CFF07_ind113	CFF07	9
CFF07_ind114	CFF07	9
CFF07_ind115	CFF07	9
CFF07_ind116	CFF07	9
CFF07_ind117	CFF07	9
CFF07_ind118	CFF07	9
CFF07_ind119	CFF07	9
CFF07_ind120	CFF07	9
CFF07_ind121	CFF07	9
CFF07_ind122	CFF07	9
CFF07_ind123	CFF07	9
CFF07_ind124	CFF07	9
CFF07_ind125	CFF07	9
CFF07_ind126	CFF07	9
CFF07_ind127	CFF07	9
CFF07_ind128	CFF07	9
CFF07_ind129	CFF07	9
CFF07_ind001	CFF07	10
CFF07_ind002	CFF07	10
CFF07_ind003	CFF07	10
CFF07_ind004	CFF07	10
CFF07_ind005	CFF07	10
CFF07_ind006	CFF07	10
CFF07_ind007	CFF07	10
CFF07_ind008	CFF07	10
CFF07_ind009	CFF07	10
CFF07_ind010	CFF07	10
CFF07_ind011	CFF07	10
CFF07_ind012	CFF07	10
CFF07_ind013	CFF07	10
CFF07_ind014	CFF07	10
CFF07_ind015	CFF07	10
CFF07_ind016	CFF07	10
CFF07_ind017	CFF07	10
CFF07_ind018	CFF07	10
CFF07_ind019	CFF07	10
CFF07_ind020	CFF07	10
CFF07_ind021	CFF07	10
CFF07_ind022	CFF07	10
CFF07_ind023	CFF07	10
CFF07_ind024	CFF07	10
CFF07_ind025	CFF07	10
CFF07_ind026	CFF07	10
CFF07_ind027	CFF07	10
CFF07_ind028	CFF07	10
CFF07_ind029	CFF07	10
CFF07_ind030	CFF07	10
CFF07_ind031	CFF07	10
CFF07_ind032	CFF07	10
CFF07_ind033	CFF07	10
CFF07_ind034	CFF07	10
CFF07_ind035	CFF07	10
CFF07_ind036	CFF07	10
CFF07_ind037	CFF07	10
CFF07_ind038	CFF07	10
CFF07_ind039	CFF07	10
CFF07_ind040	CFF07	10
CFF07_ind041	CFF07	10
CFF07_ind042	CFF07	10
CFF07_ind043	CFF07	10
CFF07_ind044	CFF07	10
CFF07_ind045	CFF07	10
CFF07_ind046	CFF07	10
CFF07_ind047	CFF07	10
CFF07_ind048	CFF07	10
CFF07_ind049	CFF07	10
CFF07_ind050	CFF07	10
CFF07_ind051	CFF07	10
CFF07_ind052	CFF07	10
CFF07_ind053	CFF07	10
CFF07_ind054	CFF07	10
CFF07_ind055	CFF07	10
CFF07_ind056	CFF07	10
CFF07_ind057	CFF07	10
CFF07_ind058	CFF07	10
CFF07_ind059	CFF07	10
CFF07_ind060	CFF07	10
CFF07_ind061	CFF07	10
CFF07_ind062	CFF07	10
CFF07_ind063	CFF07	10
CFF07_ind064	CFF07	10
CFF07_ind065	CFF07	10
CFF07_ind066	CFF07	10
CFF07_ind067	CFF07	10
CFF07_ind068	CFF07	10
CFF07_ind069	CFF07	10
CFF07_ind070	CFF07	10
CFF07_ind071	CFF07	10
CFF07_ind072	CFF07	10
CFF07_ind073	CFF07	10
CFF07_ind074	CFF07	10
CFF07_ind075	CFF07	10
CFF07_ind076	CFF07	10
CFF07_ind077	CFF07	10
CFF07_ind078	CFF07	10
CFF07_ind079	CFF07	10
CFF07_ind080	CFF07	10
CFF07_ind081	CFF07	10
CFF07_ind082	CFF07	10
CFF07_ind083	CFF07	10
CFF07_ind084	CFF07	10
CFF07_ind085	CFF07	10
CFF07_ind086	CFF07	10
CFF07_ind087	CFF07	10
CFF07_ind088	CFF07	10
CFF07_ind089	CFF07	10
CFF07_ind090	CFF07	10
CFF07_ind091	CFF07	10
CFF07_ind092	CFF07	10
CFF07_ind093	CFF07	10
CFF07_ind094	CFF07	10
CFF07_ind095	CFF07	10
CFF07_ind096	CFF07	10
CFF07_ind097	CFF07	10
CFF07_ind098	CFF07	10
CFF07_ind099	CFF07	10
CFF07_ind100	CFF07	10
CFF07_ind101	CFF07	10
CFF07_ind102	CFF07	10
CFF07_ind103	CFF07	10
CFF07_ind104	CFF07	10
CFF07_ind105	CFF07	10
CFF07_ind106	CFF07	10
CFF07_ind107	CFF07	10
CFF07_ind108	CFF07	10
CFF07_ind109	CFF07	10
CFF07_ind110	CFF07	10
CFF07_ind111	CFF07	10
CFF07_ind112	CFF07	10
CFF07_ind113	CFF07	10
CFF07_ind114	CFF07	10
CFF07_ind115	CFF07	10
CFF07_ind116	CFF07	10
CFF07_ind117	CFF07	10
CFF07_ind118	CFF07	10
CFF07_ind119	CFF07	10
CFF07_ind120	CFF07	10
CFF07_ind121	CFF07	10
CFF07_ind122	CFF07	10
CFF07_ind123	CFF07	10
CFF07_ind124	CFF07	10
CFF07_ind125	CFF07	10
CFF07_ind126	CFF07	10
CFF07_ind127	CFF07	10
CFF07_ind128	CFF07	10
CFF07_ind129	CFF07	10
CFF08_ind001	CFF08	1
CFF08_ind002	CFF08	1
CFF08_ind003	CFF08	1
CFF08_ind004	CFF08	1
CFF08_ind005	CFF08	1
CFF08_ind006	CFF08	1
CFF08_ind007	CFF08	1
CFF08_ind008	CFF08	1
CFF08_ind009	CFF08	1
CFF08_ind010	CFF08	1
CFF08_ind011	CFF08	1
CFF08_ind012	CFF08	1
CFF08_ind013	CFF08	1
CFF08_ind014	CFF08	1
CFF08_ind015	CFF08	1
CFF08_ind016	CFF08	1
CFF08_ind017	CFF08	1
CFF08_ind018	CFF08	1
CFF08_ind019	CFF08	1
CFF08_ind020	CFF08	1
CFF08_ind021	CFF08	1
CFF08_ind022	CFF08	1
CFF08_ind023	CFF08	1
CFF08_ind024	CFF08	1
CFF08_ind025	CFF08	1
CFF08_ind026	CFF08	1
CFF08_ind027	CFF08	1
CFF08_ind028	CFF08	1
CFF08_ind029	CFF08	1
CFF08_ind030	CFF08	1
CFF08_ind031	CFF08	1
CFF08_ind032	CFF08	1
CFF08_ind033	CFF08	1
CFF08_ind034	CFF08	1
CFF08_ind035	CFF08	1
CFF08_ind036	CFF08	1
CFF08_ind037	CFF08	1
CFF08_ind038	CFF08	1
CFF08_ind039	CFF08	1
CFF08_ind040	CFF08	1
CFF08_ind041	CFF08	1
CFF08_ind042	CFF08	1
CFF08_ind043	CFF08	1
CFF08_ind044	CFF08	1
CFF08_ind045	CFF08	1
CFF08_ind046	CFF08	1
CFF08_ind047	CFF08	1
CFF08_ind048	CFF08	1
CFF08_ind049	CFF08	1
CFF08_ind050	CFF08	1
CFF08_ind051	CFF08	1
CFF08_ind052	CFF08	1
CFF08_ind053	CFF08	1
CFF08_ind054	CFF08	1
CFF08_ind055	CFF08	1
CFF08_ind056	CFF08	1
CFF08_ind057	CFF08	1
CFF08_ind058	CFF08	1
CFF08_ind059	CFF08	1
CFF08_ind060	CFF08	1
CFF08_ind061	CFF08	1
CFF08_ind062	CFF08	1
CFF08_ind063	CFF08	1
CFF08_ind064	CFF08	1
CFF08_ind065	CFF08	1
CFF08_ind066	CFF08	1
CFF08_ind067	CFF08	1
CFF08_ind068	CFF08	1
CFF08_ind069	CFF08	1
CFF08_ind070	CFF08	1
CFF08_ind071	CFF08	1
CFF08_ind072	CFF08	1
CFF08_ind073	CFF08	1
CFF08_ind074	CFF08	1
CFF08_ind075	CFF08	1
CFF08_ind076	CFF08	1
CFF08_ind077	CFF08	1
CFF08_ind001	CFF08	2
CFF08_ind002	CFF08	2
CFF08_ind003	CFF08	2
CFF08_ind004	CFF08	2
CFF08_ind005	CFF08	2
CFF08_ind006	CFF08	2
CFF08_ind007	CFF08	2
CFF08_ind008	CFF08	2
CFF08_ind009	CFF08	2
CFF08_ind010	CFF08	2
CFF08_ind011	CFF08	2
CFF08_ind012	CFF08	2
CFF08_ind013	CFF08	2
CFF08_ind014	CFF08	2
CFF08_ind015	CFF08	2
CFF08_ind016	CFF08	2
CFF08_ind017	CFF08	2
CFF08_ind018	CFF08	2
CFF08_ind019	CFF08	2
CFF08_ind020	CFF08	2
CFF08_ind021	CFF08	2
CFF08_ind022	CFF08	2
CFF08_ind023	CFF08	2
CFF08_ind024	CFF08	2
CFF08_ind025	CFF08	2
CFF08_ind026	CFF08	2
CFF08_ind027	CFF08	2
CFF08_ind028	CFF08	2
CFF08_ind029	CFF08	2
CFF08_ind030	CFF08	2
CFF08_ind031	CFF08	2
CFF08_ind032	CFF08	2
CFF08_ind033	CFF08	2
CFF08_ind034	CFF08	2
CFF08_ind035	CFF08	2
CFF08_ind036	CFF08	2
CFF08_ind037	CFF08	2
CFF08_ind038	CFF08	2
CFF08_ind039	CFF08	2
CFF08_ind040	CFF08	2
CFF08_ind041	CFF08	2
CFF08_ind042	CFF08	2
CFF08_ind043	CFF08	2
CFF08_ind044	CFF08	2
CFF08_ind045	CFF08	2
CFF08_ind046	CFF08	2
CFF08_ind047	CFF08	2
CFF08_ind048	CFF08	2
CFF08_ind049	CFF08	2
CFF08_ind050	CFF08	2
CFF08_ind051	CFF08	2
CFF08_ind052	CFF08	2
CFF08_ind053	CFF08	2
CFF08_ind054	CFF08	2
CFF08_ind055	CFF08	2
CFF08_ind056	CFF08	2
CFF08_ind057	CFF08	2
CFF08_ind058	CFF08	2
CFF08_ind059	CFF08	2
CFF08_ind060	CFF08	2
CFF08_ind061	CFF08	2
CFF08_ind062	CFF08	2
CFF08_ind063	CFF08	2
CFF08_ind064	CFF08	2
CFF08_ind065	CFF08	2
CFF08_ind066	CFF08	2
CFF08_ind067	CFF08	2
CFF08_ind068	CFF08	2
CFF08_ind069	CFF08	2
CFF08_ind070	CFF08	2
CFF08_ind071	CFF08	2
CFF08_ind072	CFF08	2
CFF08_ind073	CFF08	2
CFF08_ind074	CFF08	2
CFF08_ind075	CFF08	2
CFF08_ind076	CFF08	2
CFF08_ind077	CFF08	2
CFF08_ind001	CFF08	3
CFF08_ind002	CFF08	3
CFF08_ind003	CFF08	3
CFF08_ind004	CFF08	3
CFF08_ind005	CFF08	3
CFF08_ind006	CFF08	3
CFF08_ind007	CFF08	3
CFF08_ind008	CFF08	3
CFF08_ind009	CFF08	3
CFF08_ind010	CFF08	3
CFF08_ind011	CFF08	3
CFF08_ind012	CFF08	3
CFF08_ind013	CFF08	3
CFF08_ind014	CFF08	3
CFF08_ind015	CFF08	3
CFF08_ind016	CFF08	3
CFF08_ind017	CFF08	3
CFF08_ind018	CFF08	3
CFF08_ind019	CFF08	3
CFF08_ind020	CFF08	3
CFF08_ind021	CFF08	3
CFF08_ind022	CFF08	3
CFF08_ind023	CFF08	3
CFF08_ind024	CFF08	3
CFF08_ind025	CFF08	3
CFF08_ind026	CFF08	3
CFF08_ind027	CFF08	3
CFF08_ind028	CFF08	3
CFF08_ind029	CFF08	3
CFF08_ind030	CFF08	3
CFF08_ind031	CFF08	3
CFF08_ind032	CFF08	3
CFF08_ind033	CFF08	3
CFF08_ind034	CFF08	3
CFF08_ind035	CFF08	3
CFF08_ind036	CFF08	3
CFF08_ind037	CFF08	3
CFF08_ind038	CFF08	3
CFF08_ind039	CFF08	3
CFF08_ind040	CFF08	3
CFF08_ind041	CFF08	3
CFF08_ind042	CFF08	3
CFF08_ind043	CFF08	3
CFF08_ind044	CFF08	3
CFF08_ind045	CFF08	3
CFF08_ind046	CFF08	3
CFF08_ind047	CFF08	3
CFF08_ind048	CFF08	3
CFF08_ind049	CFF08	3
CFF08_ind050	CFF08	3
CFF08_ind051	CFF08	3
CFF08_ind052	CFF08	3
CFF08_ind053	CFF08	3
CFF08_ind054	CFF08	3
CFF08_ind055	CFF08	3
CFF08_ind056	CFF08	3
CFF08_ind057	CFF08	3
CFF08_ind058	CFF08	3
CFF08_ind059	CFF08	3
CFF08_ind060	CFF08	3
CFF08_ind061	CFF08	3
CFF08_ind062	CFF08	3
CFF08_ind063	CFF08	3
CFF08_ind064	CFF08	3
CFF08_ind065	CFF08	3
CFF08_ind066	CFF08	3
CFF08_ind067	CFF08	3
CFF08_ind068	CFF08	3
CFF08_ind069	CFF08	3
CFF08_ind070	CFF08	3
CFF08_ind071	CFF08	3
CFF08_ind072	CFF08	3
CFF08_ind073	CFF08	3
CFF08_ind074	CFF08	3
CFF08_ind075	CFF08	3
CFF08_ind076	CFF08	3
CFF08_ind077	CFF08	3
CFF08_ind001	CFF08	4
CFF08_ind002	CFF08	4
CFF08_ind003	CFF08	4
CFF08_ind004	CFF08	4
CFF08_ind005	CFF08	4
CFF08_ind006	CFF08	4
CFF08_ind007	CFF08	4
CFF08_ind008	CFF08	4
CFF08_ind009	CFF08	4
CFF08_ind010	CFF08	4
CFF08_ind011	CFF08	4
CFF08_ind012	CFF08	4
CFF08_ind013	CFF08	4
CFF08_ind014	CFF08	4
CFF08_ind015	CFF08	4
CFF08_ind016	CFF08	4
CFF08_ind017	CFF08	4
CFF08_ind018	CFF08	4
CFF08_ind019	CFF08	4
CFF08_ind020	CFF08	4
CFF08_ind021	CFF08	4
CFF08_ind022	CFF08	4
CFF08_ind023	CFF08	4
CFF08_ind024	CFF08	4
CFF08_ind025	CFF08	4
CFF08_ind026	CFF08	4
CFF08_ind027	CFF08	4
CFF08_ind028	CFF08	4
CFF08_ind029	CFF08	4
CFF08_ind030	CFF08	4
CFF08_ind031	CFF08	4
CFF08_ind032	CFF08	4
CFF08_ind033	CFF08	4
CFF08_ind034	CFF08	4
CFF08_ind035	CFF08	4
CFF08_ind036	CFF08	4
CFF08_ind037	CFF08	4
CFF08_ind038	CFF08	4
CFF08_ind039	CFF08	4
CFF08_ind040	CFF08	4
CFF08_ind041	CFF08	4
CFF08_ind042	CFF08	4
CFF08_ind043	CFF08	4
CFF08_ind044	CFF08	4
CFF08_ind045	CFF08	4
CFF08_ind046	CFF08	4
CFF08_ind047	CFF08	4
CFF08_ind048	CFF08	4
CFF08_ind049	CFF08	4
CFF08_ind050	CFF08	4
CFF08_ind051	CFF08	4
CFF08_ind052	CFF08	4
CFF08_ind053	CFF08	4
CFF08_ind054	CFF08	4
CFF08_ind055	CFF08	4
CFF08_ind056	CFF08	4
CFF08_ind057	CFF08	4
CFF08_ind058	CFF08	4
CFF08_ind059	CFF08	4
CFF08_ind060	CFF08	4
CFF08_ind061	CFF08	4
CFF08_ind062	CFF08	4
CFF08_ind063	CFF08	4
CFF08_ind064	CFF08	4
CFF08_ind065	CFF08	4
CFF08_ind066	CFF08	4
CFF08_ind067	CFF08	4
CFF08_ind068	CFF08	4
CFF08_ind069	CFF08	4
CFF08_ind070	CFF08	4
CFF08_ind071	CFF08	4
CFF08_ind072	CFF08	4
CFF08_ind073	CFF08	4
CFF08_ind074	CFF08	4
CFF08_ind075	CFF08	4
CFF08_ind076	CFF08	4
CFF08_ind077	CFF08	4
CFF08_ind001	CFF08	5
CFF08_ind002	CFF08	5
CFF08_ind003	CFF08	5
CFF08_ind004	CFF08	5
CFF08_ind005	CFF08	5
CFF08_ind006	CFF08	5
CFF08_ind007	CFF08	5
CFF08_ind008	CFF08	5
CFF08_ind009	CFF08	5
CFF08_ind010	CFF08	5
CFF08_ind011	CFF08	5
CFF08_ind012	CFF08	5
CFF08_ind013	CFF08	5
CFF08_ind014	CFF08	5
CFF08_ind015	CFF08	5
CFF08_ind016	CFF08	5
CFF08_ind017	CFF08	5
CFF08_ind018	CFF08	5
CFF08_ind019	CFF08	5
CFF08_ind020	CFF08	5
CFF08_ind021	CFF08	5
CFF08_ind022	CFF08	5
CFF08_ind023	CFF08	5
CFF08_ind024	CFF08	5
CFF08_ind025	CFF08	5
CFF08_ind026	CFF08	5
CFF08_ind027	CFF08	5
CFF08_ind028	CFF08	5
CFF08_ind029	CFF08	5
CFF08_ind030	CFF08	5
CFF08_ind031	CFF08	5
CFF08_ind032	CFF08	5
CFF08_ind033	CFF08	5
CFF08_ind034	CFF08	5
CFF08_ind035	CFF08	5
CFF08_ind036	CFF08	5
CFF08_ind037	CFF08	5
CFF08_ind038	CFF08	5
CFF08_ind039	CFF08	5
CFF08_ind040	CFF08	5
CFF08_ind041	CFF08	5
CFF08_ind042	CFF08	5
CFF08_ind043	CFF08	5
CFF08_ind044	CFF08	5
CFF08_ind045	CFF08	5
CFF08_ind046	CFF08	5
CFF08_ind047	CFF08	5
CFF08_ind048	CFF08	5
CFF08_ind049	CFF08	5
CFF08_ind050	CFF08	5
CFF08_ind051	CFF08	5
CFF08_ind052	CFF08	5
CFF08_ind053	CFF08	5
CFF08_ind054	CFF08	5
CFF08_ind055	CFF08	5
CFF08_ind056	CFF08	5
CFF08_ind057	CFF08	5
CFF08_ind058	CFF08	5
CFF08_ind059	CFF08	5
CFF08_ind060	CFF08	5
CFF08_ind061	CFF08	5
CFF08_ind062	CFF08	5
CFF08_ind063	CFF08	5
CFF08_ind064	CFF08	5
CFF08_ind065	CFF08	5
CFF08_ind066	CFF08	5
CFF08_ind067	CFF08	5
CFF08_ind068	CFF08	5
CFF08_ind069	CFF08	5
CFF08_ind070	CFF08	5
CFF08_ind071	CFF08	5
CFF08_ind072	CFF08	5
CFF08_ind073	CFF08	5
CFF08_ind074	CFF08	5
CFF08_ind075	CFF08	5
CFF08_ind076	CFF08	5
CFF08_ind077	CFF08	5
CFF08_ind001	CFF08	6
CFF08_ind002	CFF08	6
CFF08_ind003	CFF08	6
CFF08_ind004	CFF08	6
CFF08_ind005	CFF08	6
CFF08_ind006	CFF08	6
CFF08_ind007	CFF08	6
CFF08_ind008	CFF08	6
CFF08_ind009	CFF08	6
CFF08_ind010	CFF08	6
CFF08_ind011	CFF08	6
CFF08_ind012	CFF08	6
CFF08_ind013	CFF08	6
CFF08_ind014	CFF08	6
CFF08_ind015	CFF08	6
CFF08_ind016	CFF08	6
CFF08_ind017	CFF08	6
CFF08_ind018	CFF08	6
CFF08_ind019	CFF08	6
CFF08_ind020	CFF08	6
CFF08_ind021	CFF08	6
CFF08_ind022	CFF08	6
CFF08_ind023	CFF08	6
CFF08_ind024	CFF08	6
CFF08_ind025	CFF08	6
CFF08_ind026	CFF08	6
CFF08_ind027	CFF08	6
CFF08_ind028	CFF08	6
CFF08_ind029	CFF08	6
CFF08_ind030	CFF08	6
CFF08_ind031	CFF08	6
CFF08_ind032	CFF08	6
CFF08_ind033	CFF08	6
CFF08_ind034	CFF08	6
CFF08_ind035	CFF08	6
CFF08_ind036	CFF08	6
CFF08_ind037	CFF08	6
CFF08_ind038	CFF08	6
CFF08_ind039	CFF08	6
CFF08_ind040	CFF08	6
CFF08_ind041	CFF08	6
CFF08_ind042	CFF08	6
CFF08_ind043	CFF08	6
CFF08_ind044	CFF08	6
CFF08_ind045	CFF08	6
CFF08_ind046	CFF08	6
CFF08_ind047	CFF08	6
CFF08_ind048	CFF08	6
CFF08_ind049	CFF08	6
CFF08_ind050	CFF08	6
CFF08_ind051	CFF08	6
CFF08_ind052	CFF08	6
CFF08_ind053	CFF08	6
CFF08_ind054	CFF08	6
CFF08_ind055	CFF08	6
CFF08_ind056	CFF08	6
CFF08_ind057	CFF08	6
CFF08_ind058	CFF08	6
CFF08_ind059	CFF08	6
CFF08_ind060	CFF08	6
CFF08_ind061	CFF08	6
CFF08_ind062	CFF08	6
CFF08_ind063	CFF08	6
CFF08_ind064	CFF08	6
CFF08_ind065	CFF08	6
CFF08_ind066	CFF08	6
CFF08_ind067	CFF08	6
CFF08_ind068	CFF08	6
CFF08_ind069	CFF08	6
CFF08_ind070	CFF08	6
CFF08_ind071	CFF08	6
CFF08_ind072	CFF08	6
CFF08_ind073	CFF08	6
CFF08_ind074	CFF08	6
CFF08_ind075	CFF08	6
CFF08_ind076	CFF08	6
CFF08_ind077	CFF08	6
CFF08_ind001	CFF08	7
CFF08_ind002	CFF08	7
CFF08_ind003	CFF08	7
CFF08_ind004	CFF08	7
CFF08_ind005	CFF08	7
CFF08_ind006	CFF08	7
CFF08_ind007	CFF08	7
CFF08_ind008	CFF08	7
CFF08_ind009	CFF08	7
CFF08_ind010	CFF08	7
CFF08_ind011	CFF08	7
CFF08_ind012	CFF08	7
CFF08_ind013	CFF08	7
CFF08_ind014	CFF08	7
CFF08_ind015	CFF08	7
CFF08_ind016	CFF08	7
CFF08_ind017	CFF08	7
CFF08_ind018	CFF08	7
CFF08_ind019	CFF08	7
CFF08_ind020	CFF08	7
CFF08_ind021	CFF08	7
CFF08_ind022	CFF08	7
CFF08_ind023	CFF08	7
CFF08_ind024	CFF08	7
CFF08_ind025	CFF08	7
CFF08_ind026	CFF08	7
CFF08_ind027	CFF08	7
CFF08_ind028	CFF08	7
CFF08_ind029	CFF08	7
CFF08_ind030	CFF08	7
CFF08_ind031	CFF08	7
CFF08_ind032	CFF08	7
CFF08_ind033	CFF08	7
CFF08_ind034	CFF08	7
CFF08_ind035	CFF08	7
CFF08_ind036	CFF08	7
CFF08_ind037	CFF08	7
CFF08_ind038	CFF08	7
CFF08_ind039	CFF08	7
CFF08_ind040	CFF08	7
CFF08_ind041	CFF08	7
CFF08_ind042	CFF08	7
CFF08_ind043	CFF08	7
CFF08_ind044	CFF08	7
CFF08_ind045	CFF08	7
CFF08_ind046	CFF08	7
CFF08_ind047	CFF08	7
CFF08_ind048	CFF08	7
CFF08_ind049	CFF08	7
CFF08_ind050	CFF08	7
CFF08_ind051	CFF08	7
CFF08_ind052	CFF08	7
CFF08_ind053	CFF08	7
CFF08_ind054	CFF08	7
CFF08_ind055	CFF08	7
CFF08_ind056	CFF08	7
CFF08_ind057	CFF08	7
CFF08_ind058	CFF08	7
CFF08_ind059	CFF08	7
CFF08_ind060	CFF08	7
CFF08_ind061	CFF08	7
CFF08_ind062	CFF08	7
CFF08_ind063	CFF08	7
CFF08_ind064	CFF08	7
CFF08_ind065	CFF08	7
CFF08_ind066	CFF08	7
CFF08_ind067	CFF08	7
CFF08_ind068	CFF08	7
CFF08_ind069	CFF08	7
CFF08_ind070	CFF08	7
CFF08_ind071	CFF08	7
CFF08_ind072	CFF08	7
CFF08_ind073	CFF08	7
CFF08_ind074	CFF08	7
CFF08_ind075	CFF08	7
CFF08_ind076	CFF08	7
CFF08_ind077	CFF08	7
CFF08_ind001	CFF08	8
CFF08_ind002	CFF08	8
CFF08_ind003	CFF08	8
CFF08_ind004	CFF08	8
CFF08_ind005	CFF08	8
CFF08_ind006	CFF08	8
CFF08_ind007	CFF08	8
CFF08_ind008	CFF08	8
CFF08_ind009	CFF08	8
CFF08_ind010	CFF08	8
CFF08_ind011	CFF08	8
CFF08_ind012	CFF08	8
CFF08_ind013	CFF08	8
CFF08_ind014	CFF08	8
CFF08_ind015	CFF08	8
CFF08_ind016	CFF08	8
CFF08_ind017	CFF08	8
CFF08_ind018	CFF08	8
CFF08_ind019	CFF08	8
CFF08_ind020	CFF08	8
CFF08_ind021	CFF08	8
CFF08_ind022	CFF08	8
CFF08_ind023	CFF08	8
CFF08_ind024	CFF08	8
CFF08_ind025	CFF08	8
CFF08_ind026	CFF08	8
CFF08_ind027	CFF08	8
CFF08_ind028	CFF08	8
CFF08_ind029	CFF08	8
CFF08_ind030	CFF08	8
CFF08_ind031	CFF08	8
CFF08_ind032	CFF08	8
CFF08_ind033	CFF08	8
CFF08_ind034	CFF08	8
CFF08_ind035	CFF08	8
CFF08_ind036	CFF08	8
CFF08_ind037	CFF08	8
CFF08_ind038	CFF08	8
CFF08_ind039	CFF08	8
CFF08_ind040	CFF08	8
CFF08_ind041	CFF08	8
CFF08_ind042	CFF08	8
CFF08_ind043	CFF08	8
CFF08_ind044	CFF08	8
CFF08_ind045	CFF08	8
CFF08_ind046	CFF08	8
CFF08_ind047	CFF08	8
CFF08_ind048	CFF08	8
CFF08_ind049	CFF08	8
CFF08_ind050	CFF08	8
CFF08_ind051	CFF08	8
CFF08_ind052	CFF08	8
CFF08_ind053	CFF08	8
CFF08_ind054	CFF08	8
CFF08_ind055	CFF08	8
CFF08_ind056	CFF08	8
CFF08_ind057	CFF08	8
CFF08_ind058	CFF08	8
CFF08_ind059	CFF08	8
CFF08_ind060	CFF08	8
CFF08_ind061	CFF08	8
CFF08_ind062	CFF08	8
CFF08_ind063	CFF08	8
CFF08_ind064	CFF08	8
CFF08_ind065	CFF08	8
CFF08_ind066	CFF08	8
CFF08_ind067	CFF08	8
CFF08_ind068	CFF08	8
CFF08_ind069	CFF08	8
CFF08_ind070	CFF08	8
CFF08_ind071	CFF08	8
CFF08_ind072	CFF08	8
CFF08_ind073	CFF08	8
CFF08_ind074	CFF08	8
CFF08_ind075	CFF08	8
CFF08_ind076	CFF08	8
CFF08_ind077	CFF08	8
CFF08_ind001	CFF08	9
CFF08_ind002	CFF08	9
CFF08_ind003	CFF08	9
CFF08_ind004	CFF08	9
CFF08_ind005	CFF08	9
CFF08_ind006	CFF08	9
CFF08_ind007	CFF08	9
CFF08_ind008	CFF08	9
CFF08_ind009	CFF08	9
CFF08_ind010	CFF08	9
CFF08_ind011	CFF08	9
CFF08_ind012	CFF08	9
CFF08_ind013	CFF08	9
CFF08_ind014	CFF08	9
CFF08_ind015	CFF08	9
CFF08_ind016	CFF08	9
CFF08_ind017	CFF08	9
CFF08_ind018	CFF08	9
CFF08_ind019	CFF08	9
CFF08_ind020	CFF08	9
CFF08_ind021	CFF08	9
CFF08_ind022	CFF08	9
CFF08_ind023	CFF08	9
CFF08_ind024	CFF08	9
CFF08_ind025	CFF08	9
CFF08_ind026	CFF08	9
CFF08_ind027	CFF08	9
CFF08_ind028	CFF08	9
CFF08_ind029	CFF08	9
CFF08_ind030	CFF08	9
CFF08_ind031	CFF08	9
CFF08_ind032	CFF08	9
CFF08_ind033	CFF08	9
CFF08_ind034	CFF08	9
CFF08_ind035	CFF08	9
CFF08_ind036	CFF08	9
CFF08_ind037	CFF08	9
CFF08_ind038	CFF08	9
CFF08_ind039	CFF08	9
CFF08_ind040	CFF08	9
CFF08_ind041	CFF08	9
CFF08_ind042	CFF08	9
CFF08_ind043	CFF08	9
CFF08_ind044	CFF08	9
CFF08_ind045	CFF08	9
CFF08_ind046	CFF08	9
CFF08_ind047	CFF08	9
CFF08_ind048	CFF08	9
CFF08_ind049	CFF08	9
CFF08_ind050	CFF08	9
CFF08_ind051	CFF08	9
CFF08_ind052	CFF08	9
CFF08_ind053	CFF08	9
CFF08_ind054	CFF08	9
CFF08_ind055	CFF08	9
CFF08_ind056	CFF08	9
CFF08_ind057	CFF08	9
CFF08_ind058	CFF08	9
CFF08_ind059	CFF08	9
CFF08_ind060	CFF08	9
CFF08_ind061	CFF08	9
CFF08_ind062	CFF08	9
CFF08_ind063	CFF08	9
CFF08_ind064	CFF08	9
CFF08_ind065	CFF08	9
CFF08_ind066	CFF08	9
CFF08_ind067	CFF08	9
CFF08_ind068	CFF08	9
CFF08_ind069	CFF08	9
CFF08_ind070	CFF08	9
CFF08_ind071	CFF08	9
CFF08_ind072	CFF08	9
CFF08_ind073	CFF08	9
CFF08_ind074	CFF08	9
CFF08_ind075	CFF08	9
CFF08_ind076	CFF08	9
CFF08_ind077	CFF08	9
CFF08_ind001	CFF08	10
CFF08_ind002	CFF08	10
CFF08_ind003	CFF08	10
CFF08_ind004	CFF08	10
CFF08_ind005	CFF08	10
CFF08_ind006	CFF08	10
CFF08_ind007	CFF08	10
CFF08_ind008	CFF08	10
CFF08_ind009	CFF08	10
CFF08_ind010	CFF08	10
CFF08_ind011	CFF08	10
CFF08_ind012	CFF08	10
CFF08_ind013	CFF08	10
CFF08_ind014	CFF08	10
CFF08_ind015	CFF08	10
CFF08_ind016	CFF08	10
CFF08_ind017	CFF08	10
CFF08_ind018	CFF08	10
CFF08_ind019	CFF08	10
CFF08_ind020	CFF08	10
CFF08_ind021	CFF08	10
CFF08_ind022	CFF08	10
CFF08_ind023	CFF08	10
CFF08_ind024	CFF08	10
CFF08_ind025	CFF08	10
CFF08_ind026	CFF08	10
CFF08_ind027	CFF08	10
CFF08_ind028	CFF08	10
CFF08_ind029	CFF08	10
CFF08_ind030	CFF08	10
CFF08_ind031	CFF08	10
CFF08_ind032	CFF08	10
CFF08_ind033	CFF08	10
CFF08_ind034	CFF08	10
CFF08_ind035	CFF08	10
CFF08_ind036	CFF08	10
CFF08_ind037	CFF08	10
CFF08_ind038	CFF08	10
CFF08_ind039	CFF08	10
CFF08_ind040	CFF08	10
CFF08_ind041	CFF08	10
CFF08_ind042	CFF08	10
CFF08_ind043	CFF08	10
CFF08_ind044	CFF08	10
CFF08_ind045	CFF08	10
CFF08_ind046	CFF08	10
CFF08_ind047	CFF08	10
CFF08_ind048	CFF08	10
CFF08_ind049	CFF08	10
CFF08_ind050	CFF08	10
CFF08_ind051	CFF08	10
CFF08_ind052	CFF08	10
CFF08_ind053	CFF08	10
CFF08_ind054	CFF08	10
CFF08_ind055	CFF08	10
CFF08_ind056	CFF08	10
CFF08_ind057	CFF08	10
CFF08_ind058	CFF08	10
CFF08_ind059	CFF08	10
CFF08_ind060	CFF08	10
CFF08_ind061	CFF08	10
CFF08_ind062	CFF08	10
CFF08_ind063	CFF08	10
CFF08_ind064	CFF08	10
CFF08_ind065	CFF08	10
CFF08_ind066	CFF08	10
CFF08_ind067	CFF08	10
CFF08_ind068	CFF08	10
CFF08_ind069	CFF08	10
CFF08_ind070	CFF08	10
CFF08_ind071	CFF08	10
CFF08_ind072	CFF08	10
CFF08_ind073	CFF08	10
CFF08_ind074	CFF08	10
CFF08_ind075	CFF08	10
CFF08_ind076	CFF08	10
CFF08_ind077	CFF08	10
CFF09_ind001	CFF09	1
CFF09_ind002	CFF09	1
CFF09_ind003	CFF09	1
CFF09_ind004	CFF09	1
CFF09_ind005	CFF09	1
CFF09_ind006	CFF09	1
CFF09_ind007	CFF09	1
CFF09_ind008	CFF09	1
CFF09_ind009	CFF09	1
CFF09_ind010	CFF09	1
CFF09_ind011	CFF09	1
CFF09_ind012	CFF09	1
CFF09_ind013	CFF09	1
CFF09_ind014	CFF09	1
CFF09_ind015	CFF09	1
CFF09_ind016	CFF09	1
CFF09_ind017	CFF09	1
CFF09_ind018	CFF09	1
CFF09_ind019	CFF09	1
CFF09_ind020	CFF09	1
CFF09_ind021	CFF09	1
CFF09_ind022	CFF09	1
CFF09_ind023	CFF09	1
CFF09_ind024	CFF09	1
CFF09_ind025	CFF09	1
CFF09_ind026	CFF09	1
CFF09_ind027	CFF09	1
CFF09_ind028	CFF09	1
CFF09_ind029	CFF09	1
CFF09_ind030	CFF09	1
CFF09_ind031	CFF09	1
CFF09_ind032	CFF09	1
CFF09_ind033	CFF09	1
CFF09_ind034	CFF09	1
CFF09_ind035	CFF09	1
CFF09_ind036	CFF09	1
CFF09_ind037	CFF09	1
CFF09_ind038	CFF09	1
CFF09_ind039	CFF09	1
CFF09_ind040	CFF09	1
CFF09_ind041	CFF09	1
CFF09_ind042	CFF09	1
CFF09_ind043	CFF09	1
CFF09_ind044	CFF09	1
CFF09_ind045	CFF09	1
CFF09_ind046	CFF09	1
CFF09_ind047	CFF09	1
CFF09_ind048	CFF09	1
CFF09_ind049	CFF09	1
CFF09_ind051	CFF09	1
CFF09_ind052	CFF09	1
CFF09_ind053	CFF09	1
CFF09_ind054	CFF09	1
CFF09_ind055	CFF09	1
CFF09_ind056	CFF09	1
CFF09_ind057	CFF09	1
CFF09_ind058	CFF09	1
CFF09_ind059	CFF09	1
CFF09_ind060	CFF09	1
CFF09_ind061	CFF09	1
CFF09_ind062	CFF09	1
CFF09_ind063	CFF09	1
CFF09_ind064	CFF09	1
CFF09_ind065	CFF09	1
CFF09_ind066	CFF09	1
CFF09_ind067	CFF09	1
CFF09_ind068	CFF09	1
CFF09_ind069	CFF09	1
CFF09_ind070	CFF09	1
CFF09_ind071	CFF09	1
CFF09_ind072	CFF09	1
CFF09_ind073	CFF09	1
CFF09_ind074	CFF09	1
CFF09_ind075	CFF09	1
CFF09_ind076	CFF09	1
CFF09_ind077	CFF09	1
CFF09_ind078	CFF09	1
CFF09_ind079	CFF09	1
CFF09_ind080	CFF09	1
CFF09_ind081	CFF09	1
CFF09_ind082	CFF09	1
CFF09_ind083	CFF09	1
CFF09_ind084	CFF09	1
CFF09_ind085	CFF09	1
CFF09_ind086	CFF09	1
CFF09_ind087	CFF09	1
CFF09_ind088	CFF09	1
CFF09_ind089	CFF09	1
CFF09_ind090	CFF09	1
CFF09_ind091	CFF09	1
CFF09_ind092	CFF09	1
CFF09_ind093	CFF09	1
CFF09_ind094	CFF09	1
CFF09_ind095	CFF09	1
CFF09_ind096	CFF09	1
CFF09_ind097	CFF09	1
CFF09_ind098	CFF09	1
CFF09_ind099	CFF09	1
CFF09_ind100	CFF09	1
CFF09_ind101	CFF09	1
CFF09_ind102	CFF09	1
CFF09_ind103	CFF09	1
CFF09_ind104	CFF09	1
CFF09_ind105	CFF09	1
CFF09_ind106	CFF09	1
CFF09_ind107	CFF09	1
CFF09_ind108	CFF09	1
CFF09_ind109	CFF09	1
CFF09_ind110	CFF09	1
CFF09_ind111	CFF09	1
CFF09_ind112	CFF09	1
CFF09_ind113	CFF09	1
CFF09_ind114	CFF09	1
CFF09_ind115	CFF09	1
CFF09_ind116	CFF09	1
CFF09_ind117	CFF09	1
CFF09_ind118	CFF09	1
CFF09_ind119	CFF09	1
CFF09_ind120	CFF09	1
CFF09_ind121	CFF09	1
CFF09_ind122	CFF09	1
CFF09_ind123	CFF09	1
CFF09_ind124	CFF09	1
CFF09_ind125	CFF09	1
CFF09_ind126	CFF09	1
CFF09_ind127	CFF09	1
CFF09_ind128	CFF09	1
CFF09_ind129	CFF09	1
CFF09_ind130	CFF09	1
CFF09_ind131	CFF09	1
CFF09_ind132	CFF09	1
CFF09_ind133	CFF09	1
CFF09_ind134	CFF09	1
CFF09_ind001	CFF09	2
CFF09_ind002	CFF09	2
CFF09_ind003	CFF09	2
CFF09_ind004	CFF09	2
CFF09_ind005	CFF09	2
CFF09_ind006	CFF09	2
CFF09_ind007	CFF09	2
CFF09_ind008	CFF09	2
CFF09_ind009	CFF09	2
CFF09_ind010	CFF09	2
CFF09_ind011	CFF09	2
CFF09_ind012	CFF09	2
CFF09_ind013	CFF09	2
CFF09_ind014	CFF09	2
CFF09_ind015	CFF09	2
CFF09_ind016	CFF09	2
CFF09_ind017	CFF09	2
CFF09_ind018	CFF09	2
CFF09_ind019	CFF09	2
CFF09_ind020	CFF09	2
CFF09_ind021	CFF09	2
CFF09_ind022	CFF09	2
CFF09_ind023	CFF09	2
CFF09_ind024	CFF09	2
CFF09_ind025	CFF09	2
CFF09_ind026	CFF09	2
CFF09_ind027	CFF09	2
CFF09_ind028	CFF09	2
CFF09_ind029	CFF09	2
CFF09_ind030	CFF09	2
CFF09_ind031	CFF09	2
CFF09_ind032	CFF09	2
CFF09_ind033	CFF09	2
CFF09_ind034	CFF09	2
CFF09_ind035	CFF09	2
CFF09_ind036	CFF09	2
CFF09_ind037	CFF09	2
CFF09_ind038	CFF09	2
CFF09_ind039	CFF09	2
CFF09_ind040	CFF09	2
CFF09_ind041	CFF09	2
CFF09_ind042	CFF09	2
CFF09_ind043	CFF09	2
CFF09_ind044	CFF09	2
CFF09_ind045	CFF09	2
CFF09_ind046	CFF09	2
CFF09_ind047	CFF09	2
CFF09_ind048	CFF09	2
CFF09_ind049	CFF09	2
CFF09_ind051	CFF09	2
CFF09_ind052	CFF09	2
CFF09_ind053	CFF09	2
CFF09_ind054	CFF09	2
CFF09_ind055	CFF09	2
CFF09_ind056	CFF09	2
CFF09_ind057	CFF09	2
CFF09_ind058	CFF09	2
CFF09_ind059	CFF09	2
CFF09_ind060	CFF09	2
CFF09_ind061	CFF09	2
CFF09_ind062	CFF09	2
CFF09_ind063	CFF09	2
CFF09_ind064	CFF09	2
CFF09_ind065	CFF09	2
CFF09_ind066	CFF09	2
CFF09_ind067	CFF09	2
CFF09_ind068	CFF09	2
CFF09_ind069	CFF09	2
CFF09_ind070	CFF09	2
CFF09_ind071	CFF09	2
CFF09_ind072	CFF09	2
CFF09_ind073	CFF09	2
CFF09_ind074	CFF09	2
CFF09_ind075	CFF09	2
CFF09_ind076	CFF09	2
CFF09_ind077	CFF09	2
CFF09_ind078	CFF09	2
CFF09_ind079	CFF09	2
CFF09_ind080	CFF09	2
CFF09_ind081	CFF09	2
CFF09_ind082	CFF09	2
CFF09_ind083	CFF09	2
CFF09_ind084	CFF09	2
CFF09_ind085	CFF09	2
CFF09_ind086	CFF09	2
CFF09_ind087	CFF09	2
CFF09_ind088	CFF09	2
CFF09_ind089	CFF09	2
CFF09_ind090	CFF09	2
CFF09_ind091	CFF09	2
CFF09_ind092	CFF09	2
CFF09_ind093	CFF09	2
CFF09_ind094	CFF09	2
CFF09_ind095	CFF09	2
CFF09_ind096	CFF09	2
CFF09_ind097	CFF09	2
CFF09_ind098	CFF09	2
CFF09_ind099	CFF09	2
CFF09_ind100	CFF09	2
CFF09_ind101	CFF09	2
CFF09_ind102	CFF09	2
CFF09_ind103	CFF09	2
CFF09_ind104	CFF09	2
CFF09_ind105	CFF09	2
CFF09_ind106	CFF09	2
CFF09_ind107	CFF09	2
CFF09_ind108	CFF09	2
CFF09_ind109	CFF09	2
CFF09_ind110	CFF09	2
CFF09_ind111	CFF09	2
CFF09_ind112	CFF09	2
CFF09_ind113	CFF09	2
CFF09_ind114	CFF09	2
CFF09_ind115	CFF09	2
CFF09_ind116	CFF09	2
CFF09_ind117	CFF09	2
CFF09_ind118	CFF09	2
CFF09_ind119	CFF09	2
CFF09_ind120	CFF09	2
CFF09_ind121	CFF09	2
CFF09_ind122	CFF09	2
CFF09_ind123	CFF09	2
CFF09_ind124	CFF09	2
CFF09_ind125	CFF09	2
CFF09_ind126	CFF09	2
CFF09_ind127	CFF09	2
CFF09_ind128	CFF09	2
CFF09_ind129	CFF09	2
CFF09_ind130	CFF09	2
CFF09_ind131	CFF09	2
CFF09_ind132	CFF09	2
CFF09_ind133	CFF09	2
CFF09_ind134	CFF09	2
CFF09_ind001	CFF09	3
CFF09_ind002	CFF09	3
CFF09_ind003	CFF09	3
CFF09_ind004	CFF09	3
CFF09_ind005	CFF09	3
CFF09_ind006	CFF09	3
CFF09_ind007	CFF09	3
CFF09_ind008	CFF09	3
CFF09_ind009	CFF09	3
CFF09_ind010	CFF09	3
CFF09_ind011	CFF09	3
CFF09_ind012	CFF09	3
CFF09_ind013	CFF09	3
CFF09_ind014	CFF09	3
CFF09_ind015	CFF09	3
CFF09_ind016	CFF09	3
CFF09_ind017	CFF09	3
CFF09_ind018	CFF09	3
CFF09_ind019	CFF09	3
CFF09_ind020	CFF09	3
CFF09_ind021	CFF09	3
CFF09_ind022	CFF09	3
CFF09_ind023	CFF09	3
CFF09_ind024	CFF09	3
CFF09_ind025	CFF09	3
CFF09_ind026	CFF09	3
CFF09_ind027	CFF09	3
CFF09_ind028	CFF09	3
CFF09_ind029	CFF09	3
CFF09_ind030	CFF09	3
CFF09_ind031	CFF09	3
CFF09_ind032	CFF09	3
CFF09_ind033	CFF09	3
CFF09_ind034	CFF09	3
CFF09_ind035	CFF09	3
CFF09_ind036	CFF09	3
CFF09_ind037	CFF09	3
CFF09_ind038	CFF09	3
CFF09_ind039	CFF09	3
CFF09_ind040	CFF09	3
CFF09_ind041	CFF09	3
CFF09_ind042	CFF09	3
CFF09_ind043	CFF09	3
CFF09_ind044	CFF09	3
CFF09_ind045	CFF09	3
CFF09_ind046	CFF09	3
CFF09_ind047	CFF09	3
CFF09_ind048	CFF09	3
CFF09_ind049	CFF09	3
CFF09_ind051	CFF09	3
CFF09_ind052	CFF09	3
CFF09_ind053	CFF09	3
CFF09_ind054	CFF09	3
CFF09_ind055	CFF09	3
CFF09_ind056	CFF09	3
CFF09_ind057	CFF09	3
CFF09_ind058	CFF09	3
CFF09_ind059	CFF09	3
CFF09_ind060	CFF09	3
CFF09_ind061	CFF09	3
CFF09_ind062	CFF09	3
CFF09_ind063	CFF09	3
CFF09_ind064	CFF09	3
CFF09_ind065	CFF09	3
CFF09_ind066	CFF09	3
CFF09_ind067	CFF09	3
CFF09_ind068	CFF09	3
CFF09_ind069	CFF09	3
CFF09_ind070	CFF09	3
CFF09_ind071	CFF09	3
CFF09_ind072	CFF09	3
CFF09_ind073	CFF09	3
CFF09_ind074	CFF09	3
CFF09_ind075	CFF09	3
CFF09_ind076	CFF09	3
CFF09_ind077	CFF09	3
CFF09_ind078	CFF09	3
CFF09_ind079	CFF09	3
CFF09_ind080	CFF09	3
CFF09_ind081	CFF09	3
CFF09_ind082	CFF09	3
CFF09_ind083	CFF09	3
CFF09_ind084	CFF09	3
CFF09_ind085	CFF09	3
CFF09_ind086	CFF09	3
CFF09_ind087	CFF09	3
CFF09_ind088	CFF09	3
CFF09_ind089	CFF09	3
CFF09_ind090	CFF09	3
CFF09_ind091	CFF09	3
CFF09_ind092	CFF09	3
CFF09_ind093	CFF09	3
CFF09_ind094	CFF09	3
CFF09_ind095	CFF09	3
CFF09_ind096	CFF09	3
CFF09_ind097	CFF09	3
CFF09_ind098	CFF09	3
CFF09_ind099	CFF09	3
CFF09_ind100	CFF09	3
CFF09_ind101	CFF09	3
CFF09_ind102	CFF09	3
CFF09_ind103	CFF09	3
CFF09_ind104	CFF09	3
CFF09_ind105	CFF09	3
CFF09_ind106	CFF09	3
CFF09_ind107	CFF09	3
CFF09_ind108	CFF09	3
CFF09_ind109	CFF09	3
CFF09_ind110	CFF09	3
CFF09_ind111	CFF09	3
CFF09_ind112	CFF09	3
CFF09_ind113	CFF09	3
CFF09_ind114	CFF09	3
CFF09_ind115	CFF09	3
CFF09_ind116	CFF09	3
CFF09_ind117	CFF09	3
CFF09_ind118	CFF09	3
CFF09_ind119	CFF09	3
CFF09_ind120	CFF09	3
CFF09_ind121	CFF09	3
CFF09_ind122	CFF09	3
CFF09_ind123	CFF09	3
CFF09_ind124	CFF09	3
CFF09_ind125	CFF09	3
CFF09_ind126	CFF09	3
CFF09_ind127	CFF09	3
CFF09_ind128	CFF09	3
CFF09_ind129	CFF09	3
CFF09_ind130	CFF09	3
CFF09_ind131	CFF09	3
CFF09_ind132	CFF09	3
CFF09_ind133	CFF09	3
CFF09_ind134	CFF09	3
CFF09_ind001	CFF09	4
CFF09_ind002	CFF09	4
CFF09_ind003	CFF09	4
CFF09_ind004	CFF09	4
CFF09_ind005	CFF09	4
CFF09_ind006	CFF09	4
CFF09_ind007	CFF09	4
CFF09_ind008	CFF09	4
CFF09_ind009	CFF09	4
CFF09_ind010	CFF09	4
CFF09_ind011	CFF09	4
CFF09_ind012	CFF09	4
CFF09_ind013	CFF09	4
CFF09_ind014	CFF09	4
CFF09_ind015	CFF09	4
CFF09_ind016	CFF09	4
CFF09_ind017	CFF09	4
CFF09_ind018	CFF09	4
CFF09_ind019	CFF09	4
CFF09_ind020	CFF09	4
CFF09_ind021	CFF09	4
CFF09_ind022	CFF09	4
CFF09_ind023	CFF09	4
CFF09_ind024	CFF09	4
CFF09_ind025	CFF09	4
CFF09_ind026	CFF09	4
CFF09_ind027	CFF09	4
CFF09_ind028	CFF09	4
CFF09_ind029	CFF09	4
CFF09_ind030	CFF09	4
CFF09_ind031	CFF09	4
CFF09_ind032	CFF09	4
CFF09_ind033	CFF09	4
CFF09_ind034	CFF09	4
CFF09_ind035	CFF09	4
CFF09_ind036	CFF09	4
CFF09_ind037	CFF09	4
CFF09_ind038	CFF09	4
CFF09_ind039	CFF09	4
CFF09_ind040	CFF09	4
CFF09_ind041	CFF09	4
CFF09_ind042	CFF09	4
CFF09_ind043	CFF09	4
CFF09_ind044	CFF09	4
CFF09_ind045	CFF09	4
CFF09_ind046	CFF09	4
CFF09_ind047	CFF09	4
CFF09_ind048	CFF09	4
CFF09_ind049	CFF09	4
CFF09_ind051	CFF09	4
CFF09_ind052	CFF09	4
CFF09_ind053	CFF09	4
CFF09_ind054	CFF09	4
CFF09_ind055	CFF09	4
CFF09_ind056	CFF09	4
CFF09_ind057	CFF09	4
CFF09_ind058	CFF09	4
CFF09_ind059	CFF09	4
CFF09_ind060	CFF09	4
CFF09_ind061	CFF09	4
CFF09_ind062	CFF09	4
CFF09_ind063	CFF09	4
CFF09_ind064	CFF09	4
CFF09_ind065	CFF09	4
CFF09_ind066	CFF09	4
CFF09_ind067	CFF09	4
CFF09_ind068	CFF09	4
CFF09_ind069	CFF09	4
CFF09_ind070	CFF09	4
CFF09_ind071	CFF09	4
CFF09_ind072	CFF09	4
CFF09_ind073	CFF09	4
CFF09_ind074	CFF09	4
CFF09_ind075	CFF09	4
CFF09_ind076	CFF09	4
CFF09_ind077	CFF09	4
CFF09_ind078	CFF09	4
CFF09_ind079	CFF09	4
CFF09_ind080	CFF09	4
CFF09_ind081	CFF09	4
CFF09_ind082	CFF09	4
CFF09_ind083	CFF09	4
CFF09_ind084	CFF09	4
CFF09_ind085	CFF09	4
CFF09_ind086	CFF09	4
CFF09_ind087	CFF09	4
CFF09_ind088	CFF09	4
CFF09_ind089	CFF09	4
CFF09_ind090	CFF09	4
CFF09_ind091	CFF09	4
CFF09_ind092	CFF09	4
CFF09_ind093	CFF09	4
CFF09_ind094	CFF09	4
CFF09_ind095	CFF09	4
CFF09_ind096	CFF09	4
CFF09_ind097	CFF09	4
CFF09_ind098	CFF09	4
CFF09_ind099	CFF09	4
CFF09_ind100	CFF09	4
CFF09_ind101	CFF09	4
CFF09_ind102	CFF09	4
CFF09_ind103	CFF09	4
CFF09_ind104	CFF09	4
CFF09_ind105	CFF09	4
CFF09_ind106	CFF09	4
CFF09_ind107	CFF09	4
CFF09_ind108	CFF09	4
CFF09_ind109	CFF09	4
CFF09_ind110	CFF09	4
CFF09_ind111	CFF09	4
CFF09_ind112	CFF09	4
CFF09_ind113	CFF09	4
CFF09_ind114	CFF09	4
CFF09_ind115	CFF09	4
CFF09_ind116	CFF09	4
CFF09_ind117	CFF09	4
CFF09_ind118	CFF09	4
CFF09_ind119	CFF09	4
CFF09_ind120	CFF09	4
CFF09_ind121	CFF09	4
CFF09_ind122	CFF09	4
CFF09_ind123	CFF09	4
CFF09_ind124	CFF09	4
CFF09_ind125	CFF09	4
CFF09_ind126	CFF09	4
CFF09_ind127	CFF09	4
CFF09_ind128	CFF09	4
CFF09_ind129	CFF09	4
CFF09_ind130	CFF09	4
CFF09_ind131	CFF09	4
CFF09_ind132	CFF09	4
CFF09_ind133	CFF09	4
CFF09_ind134	CFF09	4
CFF09_ind001	CFF09	5
CFF09_ind002	CFF09	5
CFF09_ind003	CFF09	5
CFF09_ind004	CFF09	5
CFF09_ind005	CFF09	5
CFF09_ind006	CFF09	5
CFF09_ind007	CFF09	5
CFF09_ind008	CFF09	5
CFF09_ind009	CFF09	5
CFF09_ind010	CFF09	5
CFF09_ind011	CFF09	5
CFF09_ind012	CFF09	5
CFF09_ind013	CFF09	5
CFF09_ind014	CFF09	5
CFF09_ind015	CFF09	5
CFF09_ind016	CFF09	5
CFF09_ind017	CFF09	5
CFF09_ind018	CFF09	5
CFF09_ind019	CFF09	5
CFF09_ind020	CFF09	5
CFF09_ind021	CFF09	5
CFF09_ind022	CFF09	5
CFF09_ind023	CFF09	5
CFF09_ind024	CFF09	5
CFF09_ind025	CFF09	5
CFF09_ind026	CFF09	5
CFF09_ind027	CFF09	5
CFF09_ind028	CFF09	5
CFF09_ind029	CFF09	5
CFF09_ind030	CFF09	5
CFF09_ind031	CFF09	5
CFF09_ind032	CFF09	5
CFF09_ind033	CFF09	5
CFF09_ind034	CFF09	5
CFF09_ind035	CFF09	5
CFF09_ind036	CFF09	5
CFF09_ind037	CFF09	5
CFF09_ind038	CFF09	5
CFF09_ind039	CFF09	5
CFF09_ind040	CFF09	5
CFF09_ind041	CFF09	5
CFF09_ind042	CFF09	5
CFF09_ind043	CFF09	5
CFF09_ind044	CFF09	5
CFF09_ind045	CFF09	5
CFF09_ind046	CFF09	5
CFF09_ind047	CFF09	5
CFF09_ind048	CFF09	5
CFF09_ind049	CFF09	5
CFF09_ind051	CFF09	5
CFF09_ind052	CFF09	5
CFF09_ind053	CFF09	5
CFF09_ind054	CFF09	5
CFF09_ind055	CFF09	5
CFF09_ind056	CFF09	5
CFF09_ind057	CFF09	5
CFF09_ind058	CFF09	5
CFF09_ind059	CFF09	5
CFF09_ind060	CFF09	5
CFF09_ind061	CFF09	5
CFF09_ind062	CFF09	5
CFF09_ind063	CFF09	5
CFF09_ind064	CFF09	5
CFF09_ind065	CFF09	5
CFF09_ind066	CFF09	5
CFF09_ind067	CFF09	5
CFF09_ind068	CFF09	5
CFF09_ind069	CFF09	5
CFF09_ind070	CFF09	5
CFF09_ind071	CFF09	5
CFF09_ind072	CFF09	5
CFF09_ind073	CFF09	5
CFF09_ind074	CFF09	5
CFF09_ind075	CFF09	5
CFF09_ind076	CFF09	5
CFF09_ind077	CFF09	5
CFF09_ind078	CFF09	5
CFF09_ind079	CFF09	5
CFF09_ind080	CFF09	5
CFF09_ind081	CFF09	5
CFF09_ind082	CFF09	5
CFF09_ind083	CFF09	5
CFF09_ind084	CFF09	5
CFF09_ind085	CFF09	5
CFF09_ind086	CFF09	5
CFF09_ind087	CFF09	5
CFF09_ind088	CFF09	5
CFF09_ind089	CFF09	5
CFF09_ind090	CFF09	5
CFF09_ind091	CFF09	5
CFF09_ind092	CFF09	5
CFF09_ind093	CFF09	5
CFF09_ind094	CFF09	5
CFF09_ind095	CFF09	5
CFF09_ind096	CFF09	5
CFF09_ind097	CFF09	5
CFF09_ind098	CFF09	5
CFF09_ind099	CFF09	5
CFF09_ind100	CFF09	5
CFF09_ind101	CFF09	5
CFF09_ind102	CFF09	5
CFF09_ind103	CFF09	5
CFF09_ind104	CFF09	5
CFF09_ind105	CFF09	5
CFF09_ind106	CFF09	5
CFF09_ind107	CFF09	5
CFF09_ind108	CFF09	5
CFF09_ind109	CFF09	5
CFF09_ind110	CFF09	5
CFF09_ind111	CFF09	5
CFF09_ind112	CFF09	5
CFF09_ind113	CFF09	5
CFF09_ind114	CFF09	5
CFF09_ind115	CFF09	5
CFF09_ind116	CFF09	5
CFF09_ind117	CFF09	5
CFF09_ind118	CFF09	5
CFF09_ind119	CFF09	5
CFF09_ind120	CFF09	5
CFF09_ind121	CFF09	5
CFF09_ind122	CFF09	5
CFF09_ind123	CFF09	5
CFF09_ind124	CFF09	5
CFF09_ind125	CFF09	5
CFF09_ind126	CFF09	5
CFF09_ind127	CFF09	5
CFF09_ind128	CFF09	5
CFF09_ind129	CFF09	5
CFF09_ind130	CFF09	5
CFF09_ind131	CFF09	5
CFF09_ind132	CFF09	5
CFF09_ind133	CFF09	5
CFF09_ind134	CFF09	5
CFF09_ind001	CFF09	6
CFF09_ind002	CFF09	6
CFF09_ind003	CFF09	6
CFF09_ind004	CFF09	6
CFF09_ind005	CFF09	6
CFF09_ind006	CFF09	6
CFF09_ind007	CFF09	6
CFF09_ind008	CFF09	6
CFF09_ind009	CFF09	6
CFF09_ind010	CFF09	6
CFF09_ind011	CFF09	6
CFF09_ind012	CFF09	6
CFF09_ind013	CFF09	6
CFF09_ind014	CFF09	6
CFF09_ind015	CFF09	6
CFF09_ind016	CFF09	6
CFF09_ind017	CFF09	6
CFF09_ind018	CFF09	6
CFF09_ind019	CFF09	6
CFF09_ind020	CFF09	6
CFF09_ind021	CFF09	6
CFF09_ind022	CFF09	6
CFF09_ind023	CFF09	6
CFF09_ind024	CFF09	6
CFF09_ind025	CFF09	6
CFF09_ind026	CFF09	6
CFF09_ind027	CFF09	6
CFF09_ind028	CFF09	6
CFF09_ind029	CFF09	6
CFF09_ind030	CFF09	6
CFF09_ind031	CFF09	6
CFF09_ind032	CFF09	6
CFF09_ind033	CFF09	6
CFF09_ind034	CFF09	6
CFF09_ind035	CFF09	6
CFF09_ind036	CFF09	6
CFF09_ind037	CFF09	6
CFF09_ind038	CFF09	6
CFF09_ind039	CFF09	6
CFF09_ind040	CFF09	6
CFF09_ind041	CFF09	6
CFF09_ind042	CFF09	6
CFF09_ind043	CFF09	6
CFF09_ind044	CFF09	6
CFF09_ind045	CFF09	6
CFF09_ind046	CFF09	6
CFF09_ind047	CFF09	6
CFF09_ind048	CFF09	6
CFF09_ind049	CFF09	6
CFF09_ind051	CFF09	6
CFF09_ind052	CFF09	6
CFF09_ind053	CFF09	6
CFF09_ind054	CFF09	6
CFF09_ind055	CFF09	6
CFF09_ind056	CFF09	6
CFF09_ind057	CFF09	6
CFF09_ind058	CFF09	6
CFF09_ind059	CFF09	6
CFF09_ind060	CFF09	6
CFF09_ind061	CFF09	6
CFF09_ind062	CFF09	6
CFF09_ind063	CFF09	6
CFF09_ind064	CFF09	6
CFF09_ind065	CFF09	6
CFF09_ind066	CFF09	6
CFF09_ind067	CFF09	6
CFF09_ind068	CFF09	6
CFF09_ind069	CFF09	6
CFF09_ind070	CFF09	6
CFF09_ind071	CFF09	6
CFF09_ind072	CFF09	6
CFF09_ind073	CFF09	6
CFF09_ind074	CFF09	6
CFF09_ind075	CFF09	6
CFF09_ind076	CFF09	6
CFF09_ind077	CFF09	6
CFF09_ind078	CFF09	6
CFF09_ind079	CFF09	6
CFF09_ind080	CFF09	6
CFF09_ind081	CFF09	6
CFF09_ind082	CFF09	6
CFF09_ind083	CFF09	6
CFF09_ind084	CFF09	6
CFF09_ind085	CFF09	6
CFF09_ind086	CFF09	6
CFF09_ind087	CFF09	6
CFF09_ind088	CFF09	6
CFF09_ind089	CFF09	6
CFF09_ind090	CFF09	6
CFF09_ind091	CFF09	6
CFF09_ind092	CFF09	6
CFF09_ind093	CFF09	6
CFF09_ind094	CFF09	6
CFF09_ind095	CFF09	6
CFF09_ind096	CFF09	6
CFF09_ind097	CFF09	6
CFF09_ind098	CFF09	6
CFF09_ind099	CFF09	6
CFF09_ind100	CFF09	6
CFF09_ind101	CFF09	6
CFF09_ind102	CFF09	6
CFF09_ind103	CFF09	6
CFF09_ind104	CFF09	6
CFF09_ind105	CFF09	6
CFF09_ind106	CFF09	6
CFF09_ind107	CFF09	6
CFF09_ind108	CFF09	6
CFF09_ind109	CFF09	6
CFF09_ind110	CFF09	6
CFF09_ind111	CFF09	6
CFF09_ind112	CFF09	6
CFF09_ind113	CFF09	6
CFF09_ind114	CFF09	6
CFF09_ind115	CFF09	6
CFF09_ind116	CFF09	6
CFF09_ind117	CFF09	6
CFF09_ind118	CFF09	6
CFF09_ind119	CFF09	6
CFF09_ind120	CFF09	6
CFF09_ind121	CFF09	6
CFF09_ind122	CFF09	6
CFF09_ind123	CFF09	6
CFF09_ind124	CFF09	6
CFF09_ind125	CFF09	6
CFF09_ind126	CFF09	6
CFF09_ind127	CFF09	6
CFF09_ind128	CFF09	6
CFF09_ind129	CFF09	6
CFF09_ind130	CFF09	6
CFF09_ind131	CFF09	6
CFF09_ind132	CFF09	6
CFF09_ind133	CFF09	6
CFF09_ind134	CFF09	6
CFF09_ind001	CFF09	7
CFF09_ind002	CFF09	7
CFF09_ind003	CFF09	7
CFF09_ind004	CFF09	7
CFF09_ind005	CFF09	7
CFF09_ind006	CFF09	7
CFF09_ind007	CFF09	7
CFF09_ind008	CFF09	7
CFF09_ind009	CFF09	7
CFF09_ind010	CFF09	7
CFF09_ind011	CFF09	7
CFF09_ind012	CFF09	7
CFF09_ind013	CFF09	7
CFF09_ind014	CFF09	7
CFF09_ind015	CFF09	7
CFF09_ind016	CFF09	7
CFF09_ind017	CFF09	7
CFF09_ind018	CFF09	7
CFF09_ind019	CFF09	7
CFF09_ind020	CFF09	7
CFF09_ind021	CFF09	7
CFF09_ind022	CFF09	7
CFF09_ind023	CFF09	7
CFF09_ind024	CFF09	7
CFF09_ind025	CFF09	7
CFF09_ind026	CFF09	7
CFF09_ind027	CFF09	7
CFF09_ind028	CFF09	7
CFF09_ind029	CFF09	7
CFF09_ind030	CFF09	7
CFF09_ind031	CFF09	7
CFF09_ind032	CFF09	7
CFF09_ind033	CFF09	7
CFF09_ind034	CFF09	7
CFF09_ind035	CFF09	7
CFF09_ind036	CFF09	7
CFF09_ind037	CFF09	7
CFF09_ind038	CFF09	7
CFF09_ind039	CFF09	7
CFF09_ind040	CFF09	7
CFF09_ind041	CFF09	7
CFF09_ind042	CFF09	7
CFF09_ind043	CFF09	7
CFF09_ind044	CFF09	7
CFF09_ind045	CFF09	7
CFF09_ind046	CFF09	7
CFF09_ind047	CFF09	7
CFF09_ind048	CFF09	7
CFF09_ind049	CFF09	7
CFF09_ind051	CFF09	7
CFF09_ind052	CFF09	7
CFF09_ind053	CFF09	7
CFF09_ind054	CFF09	7
CFF09_ind055	CFF09	7
CFF09_ind056	CFF09	7
CFF09_ind057	CFF09	7
CFF09_ind058	CFF09	7
CFF09_ind059	CFF09	7
CFF09_ind060	CFF09	7
CFF09_ind061	CFF09	7
CFF09_ind062	CFF09	7
CFF09_ind063	CFF09	7
CFF09_ind064	CFF09	7
CFF09_ind065	CFF09	7
CFF09_ind066	CFF09	7
CFF09_ind067	CFF09	7
CFF09_ind068	CFF09	7
CFF09_ind069	CFF09	7
CFF09_ind070	CFF09	7
CFF09_ind071	CFF09	7
CFF09_ind072	CFF09	7
CFF09_ind073	CFF09	7
CFF09_ind074	CFF09	7
CFF09_ind075	CFF09	7
CFF09_ind076	CFF09	7
CFF09_ind077	CFF09	7
CFF09_ind078	CFF09	7
CFF09_ind079	CFF09	7
CFF09_ind080	CFF09	7
CFF09_ind081	CFF09	7
CFF09_ind082	CFF09	7
CFF09_ind083	CFF09	7
CFF09_ind084	CFF09	7
CFF09_ind085	CFF09	7
CFF09_ind086	CFF09	7
CFF09_ind087	CFF09	7
CFF09_ind088	CFF09	7
CFF09_ind089	CFF09	7
CFF09_ind090	CFF09	7
CFF09_ind091	CFF09	7
CFF09_ind092	CFF09	7
CFF09_ind093	CFF09	7
CFF09_ind094	CFF09	7
CFF09_ind095	CFF09	7
CFF09_ind096	CFF09	7
CFF09_ind097	CFF09	7
CFF09_ind098	CFF09	7
CFF09_ind099	CFF09	7
CFF09_ind100	CFF09	7
CFF09_ind101	CFF09	7
CFF09_ind102	CFF09	7
CFF09_ind103	CFF09	7
CFF09_ind104	CFF09	7
CFF09_ind105	CFF09	7
CFF09_ind106	CFF09	7
CFF09_ind107	CFF09	7
CFF09_ind108	CFF09	7
CFF09_ind109	CFF09	7
CFF09_ind110	CFF09	7
CFF09_ind111	CFF09	7
CFF09_ind112	CFF09	7
CFF09_ind113	CFF09	7
CFF09_ind114	CFF09	7
CFF09_ind115	CFF09	7
CFF09_ind116	CFF09	7
CFF09_ind117	CFF09	7
CFF09_ind118	CFF09	7
CFF09_ind119	CFF09	7
CFF09_ind120	CFF09	7
CFF09_ind121	CFF09	7
CFF09_ind122	CFF09	7
CFF09_ind123	CFF09	7
CFF09_ind124	CFF09	7
CFF09_ind125	CFF09	7
CFF09_ind126	CFF09	7
CFF09_ind127	CFF09	7
CFF09_ind128	CFF09	7
CFF09_ind129	CFF09	7
CFF09_ind130	CFF09	7
CFF09_ind131	CFF09	7
CFF09_ind132	CFF09	7
CFF09_ind133	CFF09	7
CFF09_ind134	CFF09	7
CFF09_ind001	CFF09	8
CFF09_ind002	CFF09	8
CFF09_ind003	CFF09	8
CFF09_ind004	CFF09	8
CFF09_ind005	CFF09	8
CFF09_ind006	CFF09	8
CFF09_ind007	CFF09	8
CFF09_ind008	CFF09	8
CFF09_ind009	CFF09	8
CFF09_ind010	CFF09	8
CFF09_ind011	CFF09	8
CFF09_ind012	CFF09	8
CFF09_ind013	CFF09	8
CFF09_ind014	CFF09	8
CFF09_ind015	CFF09	8
CFF09_ind016	CFF09	8
CFF09_ind017	CFF09	8
CFF09_ind018	CFF09	8
CFF09_ind019	CFF09	8
CFF09_ind020	CFF09	8
CFF09_ind021	CFF09	8
CFF09_ind022	CFF09	8
CFF09_ind023	CFF09	8
CFF09_ind024	CFF09	8
CFF09_ind025	CFF09	8
CFF09_ind026	CFF09	8
CFF09_ind027	CFF09	8
CFF09_ind028	CFF09	8
CFF09_ind029	CFF09	8
CFF09_ind030	CFF09	8
CFF09_ind031	CFF09	8
CFF09_ind032	CFF09	8
CFF09_ind033	CFF09	8
CFF09_ind034	CFF09	8
CFF09_ind035	CFF09	8
CFF09_ind036	CFF09	8
CFF09_ind037	CFF09	8
CFF09_ind038	CFF09	8
CFF09_ind039	CFF09	8
CFF09_ind040	CFF09	8
CFF09_ind041	CFF09	8
CFF09_ind042	CFF09	8
CFF09_ind043	CFF09	8
CFF09_ind044	CFF09	8
CFF09_ind045	CFF09	8
CFF09_ind046	CFF09	8
CFF09_ind047	CFF09	8
CFF09_ind048	CFF09	8
CFF09_ind049	CFF09	8
CFF09_ind051	CFF09	8
CFF09_ind052	CFF09	8
CFF09_ind053	CFF09	8
CFF09_ind054	CFF09	8
CFF09_ind055	CFF09	8
CFF09_ind056	CFF09	8
CFF09_ind057	CFF09	8
CFF09_ind058	CFF09	8
CFF09_ind059	CFF09	8
CFF09_ind060	CFF09	8
CFF09_ind061	CFF09	8
CFF09_ind062	CFF09	8
CFF09_ind063	CFF09	8
CFF09_ind064	CFF09	8
CFF09_ind065	CFF09	8
CFF09_ind066	CFF09	8
CFF09_ind067	CFF09	8
CFF09_ind068	CFF09	8
CFF09_ind069	CFF09	8
CFF09_ind070	CFF09	8
CFF09_ind071	CFF09	8
CFF09_ind072	CFF09	8
CFF09_ind073	CFF09	8
CFF09_ind074	CFF09	8
CFF09_ind075	CFF09	8
CFF09_ind076	CFF09	8
CFF09_ind077	CFF09	8
CFF09_ind078	CFF09	8
CFF09_ind079	CFF09	8
CFF09_ind080	CFF09	8
CFF09_ind081	CFF09	8
CFF09_ind082	CFF09	8
CFF09_ind083	CFF09	8
CFF09_ind084	CFF09	8
CFF09_ind085	CFF09	8
CFF09_ind086	CFF09	8
CFF09_ind087	CFF09	8
CFF09_ind088	CFF09	8
CFF09_ind089	CFF09	8
CFF09_ind090	CFF09	8
CFF09_ind091	CFF09	8
CFF09_ind092	CFF09	8
CFF09_ind093	CFF09	8
CFF09_ind094	CFF09	8
CFF09_ind095	CFF09	8
CFF09_ind096	CFF09	8
CFF09_ind097	CFF09	8
CFF09_ind098	CFF09	8
CFF09_ind099	CFF09	8
CFF09_ind100	CFF09	8
CFF09_ind101	CFF09	8
CFF09_ind102	CFF09	8
CFF09_ind103	CFF09	8
CFF09_ind104	CFF09	8
CFF09_ind105	CFF09	8
CFF09_ind106	CFF09	8
CFF09_ind107	CFF09	8
CFF09_ind108	CFF09	8
CFF09_ind109	CFF09	8
CFF09_ind110	CFF09	8
CFF09_ind111	CFF09	8
CFF09_ind112	CFF09	8
CFF09_ind113	CFF09	8
CFF09_ind114	CFF09	8
CFF09_ind115	CFF09	8
CFF09_ind116	CFF09	8
CFF09_ind117	CFF09	8
CFF09_ind118	CFF09	8
CFF09_ind119	CFF09	8
CFF09_ind120	CFF09	8
CFF09_ind121	CFF09	8
CFF09_ind122	CFF09	8
CFF09_ind123	CFF09	8
CFF09_ind124	CFF09	8
CFF09_ind125	CFF09	8
CFF09_ind126	CFF09	8
CFF09_ind127	CFF09	8
CFF09_ind128	CFF09	8
CFF09_ind129	CFF09	8
CFF09_ind130	CFF09	8
CFF09_ind131	CFF09	8
CFF09_ind132	CFF09	8
CFF09_ind133	CFF09	8
CFF09_ind134	CFF09	8
CFF09_ind001	CFF09	9
CFF09_ind002	CFF09	9
CFF09_ind003	CFF09	9
CFF09_ind004	CFF09	9
CFF09_ind005	CFF09	9
CFF09_ind006	CFF09	9
CFF09_ind007	CFF09	9
CFF09_ind008	CFF09	9
CFF09_ind009	CFF09	9
CFF09_ind010	CFF09	9
CFF09_ind011	CFF09	9
CFF09_ind012	CFF09	9
CFF09_ind013	CFF09	9
CFF09_ind014	CFF09	9
CFF09_ind015	CFF09	9
CFF09_ind016	CFF09	9
CFF09_ind017	CFF09	9
CFF09_ind018	CFF09	9
CFF09_ind019	CFF09	9
CFF09_ind020	CFF09	9
CFF09_ind021	CFF09	9
CFF09_ind022	CFF09	9
CFF09_ind023	CFF09	9
CFF09_ind024	CFF09	9
CFF09_ind025	CFF09	9
CFF09_ind026	CFF09	9
CFF09_ind027	CFF09	9
CFF09_ind028	CFF09	9
CFF09_ind029	CFF09	9
CFF09_ind030	CFF09	9
CFF09_ind031	CFF09	9
CFF09_ind032	CFF09	9
CFF09_ind033	CFF09	9
CFF09_ind034	CFF09	9
CFF09_ind035	CFF09	9
CFF09_ind036	CFF09	9
CFF09_ind037	CFF09	9
CFF09_ind038	CFF09	9
CFF09_ind039	CFF09	9
CFF09_ind040	CFF09	9
CFF09_ind041	CFF09	9
CFF09_ind042	CFF09	9
CFF09_ind043	CFF09	9
CFF09_ind044	CFF09	9
CFF09_ind045	CFF09	9
CFF09_ind046	CFF09	9
CFF09_ind047	CFF09	9
CFF09_ind048	CFF09	9
CFF09_ind049	CFF09	9
CFF09_ind051	CFF09	9
CFF09_ind052	CFF09	9
CFF09_ind053	CFF09	9
CFF09_ind054	CFF09	9
CFF09_ind055	CFF09	9
CFF09_ind056	CFF09	9
CFF09_ind057	CFF09	9
CFF09_ind058	CFF09	9
CFF09_ind059	CFF09	9
CFF09_ind060	CFF09	9
CFF09_ind061	CFF09	9
CFF09_ind062	CFF09	9
CFF09_ind063	CFF09	9
CFF09_ind064	CFF09	9
CFF09_ind065	CFF09	9
CFF09_ind066	CFF09	9
CFF09_ind067	CFF09	9
CFF09_ind068	CFF09	9
CFF09_ind069	CFF09	9
CFF09_ind070	CFF09	9
CFF09_ind071	CFF09	9
CFF09_ind072	CFF09	9
CFF09_ind073	CFF09	9
CFF09_ind074	CFF09	9
CFF09_ind075	CFF09	9
CFF09_ind076	CFF09	9
CFF09_ind077	CFF09	9
CFF09_ind078	CFF09	9
CFF09_ind079	CFF09	9
CFF09_ind080	CFF09	9
CFF09_ind081	CFF09	9
CFF09_ind082	CFF09	9
CFF09_ind083	CFF09	9
CFF09_ind084	CFF09	9
CFF09_ind085	CFF09	9
CFF09_ind086	CFF09	9
CFF09_ind087	CFF09	9
CFF09_ind088	CFF09	9
CFF09_ind089	CFF09	9
CFF09_ind090	CFF09	9
CFF09_ind091	CFF09	9
CFF09_ind092	CFF09	9
CFF09_ind093	CFF09	9
CFF09_ind094	CFF09	9
CFF09_ind095	CFF09	9
CFF09_ind096	CFF09	9
CFF09_ind097	CFF09	9
CFF09_ind098	CFF09	9
CFF09_ind099	CFF09	9
CFF09_ind100	CFF09	9
CFF09_ind101	CFF09	9
CFF09_ind102	CFF09	9
CFF09_ind103	CFF09	9
CFF09_ind104	CFF09	9
CFF09_ind105	CFF09	9
CFF09_ind106	CFF09	9
CFF09_ind107	CFF09	9
CFF09_ind108	CFF09	9
CFF09_ind109	CFF09	9
CFF09_ind110	CFF09	9
CFF09_ind111	CFF09	9
CFF09_ind112	CFF09	9
CFF09_ind113	CFF09	9
CFF09_ind114	CFF09	9
CFF09_ind115	CFF09	9
CFF09_ind116	CFF09	9
CFF09_ind117	CFF09	9
CFF09_ind118	CFF09	9
CFF09_ind119	CFF09	9
CFF09_ind120	CFF09	9
CFF09_ind121	CFF09	9
CFF09_ind122	CFF09	9
CFF09_ind123	CFF09	9
CFF09_ind124	CFF09	9
CFF09_ind125	CFF09	9
CFF09_ind126	CFF09	9
CFF09_ind127	CFF09	9
CFF09_ind128	CFF09	9
CFF09_ind129	CFF09	9
CFF09_ind130	CFF09	9
CFF09_ind131	CFF09	9
CFF09_ind132	CFF09	9
CFF09_ind133	CFF09	9
CFF09_ind134	CFF09	9
CFF09_ind001	CFF09	10
CFF09_ind002	CFF09	10
CFF09_ind003	CFF09	10
CFF09_ind004	CFF09	10
CFF09_ind005	CFF09	10
CFF09_ind006	CFF09	10
CFF09_ind007	CFF09	10
CFF09_ind008	CFF09	10
CFF09_ind009	CFF09	10
CFF09_ind010	CFF09	10
CFF09_ind011	CFF09	10
CFF09_ind012	CFF09	10
CFF09_ind013	CFF09	10
CFF09_ind014	CFF09	10
CFF09_ind015	CFF09	10
CFF09_ind016	CFF09	10
CFF09_ind017	CFF09	10
CFF09_ind018	CFF09	10
CFF09_ind019	CFF09	10
CFF09_ind020	CFF09	10
CFF09_ind021	CFF09	10
CFF09_ind022	CFF09	10
CFF09_ind023	CFF09	10
CFF09_ind024	CFF09	10
CFF09_ind025	CFF09	10
CFF09_ind026	CFF09	10
CFF09_ind027	CFF09	10
CFF09_ind028	CFF09	10
CFF09_ind029	CFF09	10
CFF09_ind030	CFF09	10
CFF09_ind031	CFF09	10
CFF09_ind032	CFF09	10
CFF09_ind033	CFF09	10
CFF09_ind034	CFF09	10
CFF09_ind035	CFF09	10
CFF09_ind036	CFF09	10
CFF09_ind037	CFF09	10
CFF09_ind038	CFF09	10
CFF09_ind039	CFF09	10
CFF09_ind040	CFF09	10
CFF09_ind041	CFF09	10
CFF09_ind042	CFF09	10
CFF09_ind043	CFF09	10
CFF09_ind044	CFF09	10
CFF09_ind045	CFF09	10
CFF09_ind046	CFF09	10
CFF09_ind047	CFF09	10
CFF09_ind048	CFF09	10
CFF09_ind049	CFF09	10
CFF09_ind051	CFF09	10
CFF09_ind052	CFF09	10
CFF09_ind053	CFF09	10
CFF09_ind054	CFF09	10
CFF09_ind055	CFF09	10
CFF09_ind056	CFF09	10
CFF09_ind057	CFF09	10
CFF09_ind058	CFF09	10
CFF09_ind059	CFF09	10
CFF09_ind060	CFF09	10
CFF09_ind061	CFF09	10
CFF09_ind062	CFF09	10
CFF09_ind063	CFF09	10
CFF09_ind064	CFF09	10
CFF09_ind065	CFF09	10
CFF09_ind066	CFF09	10
CFF09_ind067	CFF09	10
CFF09_ind068	CFF09	10
CFF09_ind069	CFF09	10
CFF09_ind070	CFF09	10
CFF09_ind071	CFF09	10
CFF09_ind072	CFF09	10
CFF09_ind073	CFF09	10
CFF09_ind074	CFF09	10
CFF09_ind075	CFF09	10
CFF09_ind076	CFF09	10
CFF09_ind077	CFF09	10
CFF09_ind078	CFF09	10
CFF09_ind079	CFF09	10
CFF09_ind080	CFF09	10
CFF09_ind081	CFF09	10
CFF09_ind082	CFF09	10
CFF09_ind083	CFF09	10
CFF09_ind084	CFF09	10
CFF09_ind085	CFF09	10
CFF09_ind086	CFF09	10
CFF09_ind087	CFF09	10
CFF09_ind088	CFF09	10
CFF09_ind089	CFF09	10
CFF09_ind090	CFF09	10
CFF09_ind091	CFF09	10
CFF09_ind092	CFF09	10
CFF09_ind093	CFF09	10
CFF09_ind094	CFF09	10
CFF09_ind095	CFF09	10
CFF09_ind096	CFF09	10
CFF09_ind097	CFF09	10
CFF09_ind098	CFF09	10
CFF09_ind099	CFF09	10
CFF09_ind100	CFF09	10
CFF09_ind101	CFF09	10
CFF09_ind102	CFF09	10
CFF09_ind103	CFF09	10
CFF09_ind104	CFF09	10
CFF09_ind105	CFF09	10
CFF09_ind106	CFF09	10
CFF09_ind107	CFF09	10
CFF09_ind108	CFF09	10
CFF09_ind109	CFF09	10
CFF09_ind110	CFF09	10
CFF09_ind111	CFF09	10
CFF09_ind112	CFF09	10
CFF09_ind113	CFF09	10
CFF09_ind114	CFF09	10
CFF09_ind115	CFF09	10
CFF09_ind116	CFF09	10
CFF09_ind117	CFF09	10
CFF09_ind118	CFF09	10
CFF09_ind119	CFF09	10
CFF09_ind120	CFF09	10
CFF09_ind121	CFF09	10
CFF09_ind122	CFF09	10
CFF09_ind123	CFF09	10
CFF09_ind124	CFF09	10
CFF09_ind125	CFF09	10
CFF09_ind126	CFF09	10
CFF09_ind127	CFF09	10
CFF09_ind128	CFF09	10
CFF09_ind129	CFF09	10
CFF09_ind130	CFF09	10
CFF09_ind131	CFF09	10
CFF09_ind132	CFF09	10
CFF09_ind133	CFF09	10
CFF09_ind134	CFF09	10
CFF10_ind001	CFF10	1
CFF10_ind002	CFF10	1
CFF10_ind003	CFF10	1
CFF10_ind004	CFF10	1
CFF10_ind005	CFF10	1
CFF10_ind006	CFF10	1
CFF10_ind007	CFF10	1
CFF10_ind008	CFF10	1
CFF10_ind009	CFF10	1
CFF10_ind010	CFF10	1
CFF10_ind011	CFF10	1
CFF10_ind012	CFF10	1
CFF10_ind014	CFF10	1
CFF10_ind015	CFF10	1
CFF10_ind016	CFF10	1
CFF10_ind017	CFF10	1
CFF10_ind018	CFF10	1
CFF10_ind019	CFF10	1
CFF10_ind020	CFF10	1
CFF10_ind021	CFF10	1
CFF10_ind022	CFF10	1
CFF10_ind023	CFF10	1
CFF10_ind024	CFF10	1
CFF10_ind025	CFF10	1
CFF10_ind026	CFF10	1
CFF10_ind027	CFF10	1
CFF10_ind028	CFF10	1
CFF10_ind029	CFF10	1
CFF10_ind030	CFF10	1
CFF10_ind031	CFF10	1
CFF10_ind032	CFF10	1
CFF10_ind033	CFF10	1
CFF10_ind034	CFF10	1
CFF10_ind035	CFF10	1
CFF10_ind036	CFF10	1
CFF10_ind037	CFF10	1
CFF10_ind038	CFF10	1
CFF10_ind039	CFF10	1
CFF10_ind040	CFF10	1
CFF10_ind041	CFF10	1
CFF10_ind042	CFF10	1
CFF10_ind043	CFF10	1
CFF10_ind044	CFF10	1
CFF10_ind045	CFF10	1
CFF10_ind046	CFF10	1
CFF10_ind047	CFF10	1
CFF10_ind048	CFF10	1
CFF10_ind049	CFF10	1
CFF10_ind050	CFF10	1
CFF10_ind051	CFF10	1
CFF10_ind052	CFF10	1
CFF10_ind053	CFF10	1
CFF10_ind054	CFF10	1
CFF10_ind055	CFF10	1
CFF10_ind056	CFF10	1
CFF10_ind057	CFF10	1
CFF10_ind058	CFF10	1
CFF10_ind059	CFF10	1
CFF10_ind060	CFF10	1
CFF10_ind061	CFF10	1
CFF10_ind062	CFF10	1
CFF10_ind063	CFF10	1
CFF10_ind064	CFF10	1
CFF10_ind065	CFF10	1
CFF10_ind066	CFF10	1
CFF10_ind067	CFF10	1
CFF10_ind068	CFF10	1
CFF10_ind069	CFF10	1
CFF10_ind070	CFF10	1
CFF10_ind071	CFF10	1
CFF10_ind072	CFF10	1
CFF10_ind073	CFF10	1
CFF10_ind074	CFF10	1
CFF10_ind075	CFF10	1
CFF10_ind076	CFF10	1
CFF10_ind077	CFF10	1
CFF10_ind078	CFF10	1
CFF10_ind079	CFF10	1
CFF10_ind080	CFF10	1
CFF10_ind081	CFF10	1
CFF10_ind082	CFF10	1
CFF10_ind083	CFF10	1
CFF10_ind084	CFF10	1
CFF10_ind087	CFF10	1
CFF10_ind088	CFF10	1
CFF10_ind089	CFF10	1
CFF10_ind090	CFF10	1
CFF10_ind091	CFF10	1
CFF10_ind092	CFF10	1
CFF10_ind093	CFF10	1
CFF10_ind094	CFF10	1
CFF10_ind095	CFF10	1
CFF10_ind096	CFF10	1
CFF10_ind097	CFF10	1
CFF10_ind098	CFF10	1
CFF10_ind099	CFF10	1
CFF10_ind100	CFF10	1
CFF10_ind101	CFF10	1
CFF10_ind102	CFF10	1
CFF10_ind103	CFF10	1
CFF10_ind104	CFF10	1
CFF10_ind105	CFF10	1
CFF10_ind106	CFF10	1
CFF10_ind107	CFF10	1
CFF10_ind108	CFF10	1
CFF10_ind001	CFF10	2
CFF10_ind002	CFF10	2
CFF10_ind003	CFF10	2
CFF10_ind004	CFF10	2
CFF10_ind005	CFF10	2
CFF10_ind006	CFF10	2
CFF10_ind007	CFF10	2
CFF10_ind008	CFF10	2
CFF10_ind009	CFF10	2
CFF10_ind010	CFF10	2
CFF10_ind011	CFF10	2
CFF10_ind012	CFF10	2
CFF10_ind014	CFF10	2
CFF10_ind015	CFF10	2
CFF10_ind016	CFF10	2
CFF10_ind017	CFF10	2
CFF10_ind018	CFF10	2
CFF10_ind019	CFF10	2
CFF10_ind020	CFF10	2
CFF10_ind021	CFF10	2
CFF10_ind022	CFF10	2
CFF10_ind023	CFF10	2
CFF10_ind024	CFF10	2
CFF10_ind025	CFF10	2
CFF10_ind026	CFF10	2
CFF10_ind027	CFF10	2
CFF10_ind028	CFF10	2
CFF10_ind029	CFF10	2
CFF10_ind030	CFF10	2
CFF10_ind031	CFF10	2
CFF10_ind032	CFF10	2
CFF10_ind033	CFF10	2
CFF10_ind034	CFF10	2
CFF10_ind035	CFF10	2
CFF10_ind036	CFF10	2
CFF10_ind037	CFF10	2
CFF10_ind038	CFF10	2
CFF10_ind039	CFF10	2
CFF10_ind040	CFF10	2
CFF10_ind041	CFF10	2
CFF10_ind042	CFF10	2
CFF10_ind043	CFF10	2
CFF10_ind044	CFF10	2
CFF10_ind045	CFF10	2
CFF10_ind046	CFF10	2
CFF10_ind047	CFF10	2
CFF10_ind048	CFF10	2
CFF10_ind049	CFF10	2
CFF10_ind050	CFF10	2
CFF10_ind051	CFF10	2
CFF10_ind052	CFF10	2
CFF10_ind053	CFF10	2
CFF10_ind054	CFF10	2
CFF10_ind055	CFF10	2
CFF10_ind056	CFF10	2
CFF10_ind057	CFF10	2
CFF10_ind058	CFF10	2
CFF10_ind059	CFF10	2
CFF10_ind060	CFF10	2
CFF10_ind061	CFF10	2
CFF10_ind062	CFF10	2
CFF10_ind063	CFF10	2
CFF10_ind064	CFF10	2
CFF10_ind065	CFF10	2
CFF10_ind066	CFF10	2
CFF10_ind067	CFF10	2
CFF10_ind068	CFF10	2
CFF10_ind069	CFF10	2
CFF10_ind070	CFF10	2
CFF10_ind071	CFF10	2
CFF10_ind072	CFF10	2
CFF10_ind073	CFF10	2
CFF10_ind074	CFF10	2
CFF10_ind075	CFF10	2
CFF10_ind076	CFF10	2
CFF10_ind077	CFF10	2
CFF10_ind078	CFF10	2
CFF10_ind079	CFF10	2
CFF10_ind080	CFF10	2
CFF10_ind081	CFF10	2
CFF10_ind082	CFF10	2
CFF10_ind083	CFF10	2
CFF10_ind084	CFF10	2
CFF10_ind087	CFF10	2
CFF10_ind088	CFF10	2
CFF10_ind089	CFF10	2
CFF10_ind090	CFF10	2
CFF10_ind091	CFF10	2
CFF10_ind092	CFF10	2
CFF10_ind093	CFF10	2
CFF10_ind094	CFF10	2
CFF10_ind095	CFF10	2
CFF10_ind096	CFF10	2
CFF10_ind097	CFF10	2
CFF10_ind098	CFF10	2
CFF10_ind099	CFF10	2
CFF10_ind100	CFF10	2
CFF10_ind101	CFF10	2
CFF10_ind102	CFF10	2
CFF10_ind103	CFF10	2
CFF10_ind104	CFF10	2
CFF10_ind105	CFF10	2
CFF10_ind106	CFF10	2
CFF10_ind107	CFF10	2
CFF10_ind108	CFF10	2
CFF10_ind001	CFF10	3
CFF10_ind002	CFF10	3
CFF10_ind003	CFF10	3
CFF10_ind004	CFF10	3
CFF10_ind005	CFF10	3
CFF10_ind006	CFF10	3
CFF10_ind007	CFF10	3
CFF10_ind008	CFF10	3
CFF10_ind009	CFF10	3
CFF10_ind010	CFF10	3
CFF10_ind011	CFF10	3
CFF10_ind012	CFF10	3
CFF10_ind014	CFF10	3
CFF10_ind015	CFF10	3
CFF10_ind016	CFF10	3
CFF10_ind017	CFF10	3
CFF10_ind018	CFF10	3
CFF10_ind019	CFF10	3
CFF10_ind020	CFF10	3
CFF10_ind021	CFF10	3
CFF10_ind022	CFF10	3
CFF10_ind023	CFF10	3
CFF10_ind024	CFF10	3
CFF10_ind025	CFF10	3
CFF10_ind026	CFF10	3
CFF10_ind027	CFF10	3
CFF10_ind028	CFF10	3
CFF10_ind029	CFF10	3
CFF10_ind030	CFF10	3
CFF10_ind031	CFF10	3
CFF10_ind032	CFF10	3
CFF10_ind033	CFF10	3
CFF10_ind034	CFF10	3
CFF10_ind035	CFF10	3
CFF10_ind036	CFF10	3
CFF10_ind037	CFF10	3
CFF10_ind038	CFF10	3
CFF10_ind039	CFF10	3
CFF10_ind040	CFF10	3
CFF10_ind041	CFF10	3
CFF10_ind042	CFF10	3
CFF10_ind043	CFF10	3
CFF10_ind044	CFF10	3
CFF10_ind045	CFF10	3
CFF10_ind046	CFF10	3
CFF10_ind047	CFF10	3
CFF10_ind048	CFF10	3
CFF10_ind049	CFF10	3
CFF10_ind050	CFF10	3
CFF10_ind051	CFF10	3
CFF10_ind052	CFF10	3
CFF10_ind053	CFF10	3
CFF10_ind054	CFF10	3
CFF10_ind055	CFF10	3
CFF10_ind056	CFF10	3
CFF10_ind057	CFF10	3
CFF10_ind058	CFF10	3
CFF10_ind059	CFF10	3
CFF10_ind060	CFF10	3
CFF10_ind061	CFF10	3
CFF10_ind062	CFF10	3
CFF10_ind063	CFF10	3
CFF10_ind064	CFF10	3
CFF10_ind065	CFF10	3
CFF10_ind066	CFF10	3
CFF10_ind067	CFF10	3
CFF10_ind068	CFF10	3
CFF10_ind069	CFF10	3
CFF10_ind070	CFF10	3
CFF10_ind071	CFF10	3
CFF10_ind072	CFF10	3
CFF10_ind073	CFF10	3
CFF10_ind074	CFF10	3
CFF10_ind075	CFF10	3
CFF10_ind076	CFF10	3
CFF10_ind077	CFF10	3
CFF10_ind078	CFF10	3
CFF10_ind079	CFF10	3
CFF10_ind080	CFF10	3
CFF10_ind081	CFF10	3
CFF10_ind082	CFF10	3
CFF10_ind083	CFF10	3
CFF10_ind084	CFF10	3
CFF10_ind087	CFF10	3
CFF10_ind088	CFF10	3
CFF10_ind089	CFF10	3
CFF10_ind090	CFF10	3
CFF10_ind091	CFF10	3
CFF10_ind092	CFF10	3
CFF10_ind093	CFF10	3
CFF10_ind094	CFF10	3
CFF10_ind095	CFF10	3
CFF10_ind096	CFF10	3
CFF10_ind097	CFF10	3
CFF10_ind098	CFF10	3
CFF10_ind099	CFF10	3
CFF10_ind100	CFF10	3
CFF10_ind101	CFF10	3
CFF10_ind102	CFF10	3
CFF10_ind103	CFF10	3
CFF10_ind104	CFF10	3
CFF10_ind105	CFF10	3
CFF10_ind106	CFF10	3
CFF10_ind107	CFF10	3
CFF10_ind108	CFF10	3
CFF10_ind001	CFF10	4
CFF10_ind002	CFF10	4
CFF10_ind003	CFF10	4
CFF10_ind004	CFF10	4
CFF10_ind005	CFF10	4
CFF10_ind006	CFF10	4
CFF10_ind007	CFF10	4
CFF10_ind008	CFF10	4
CFF10_ind009	CFF10	4
CFF10_ind010	CFF10	4
CFF10_ind011	CFF10	4
CFF10_ind012	CFF10	4
CFF10_ind014	CFF10	4
CFF10_ind015	CFF10	4
CFF10_ind016	CFF10	4
CFF10_ind017	CFF10	4
CFF10_ind018	CFF10	4
CFF10_ind019	CFF10	4
CFF10_ind020	CFF10	4
CFF10_ind021	CFF10	4
CFF10_ind022	CFF10	4
CFF10_ind023	CFF10	4
CFF10_ind024	CFF10	4
CFF10_ind025	CFF10	4
CFF10_ind026	CFF10	4
CFF10_ind027	CFF10	4
CFF10_ind028	CFF10	4
CFF10_ind029	CFF10	4
CFF10_ind030	CFF10	4
CFF10_ind031	CFF10	4
CFF10_ind032	CFF10	4
CFF10_ind033	CFF10	4
CFF10_ind034	CFF10	4
CFF10_ind035	CFF10	4
CFF10_ind036	CFF10	4
CFF10_ind037	CFF10	4
CFF10_ind038	CFF10	4
CFF10_ind039	CFF10	4
CFF10_ind040	CFF10	4
CFF10_ind041	CFF10	4
CFF10_ind042	CFF10	4
CFF10_ind043	CFF10	4
CFF10_ind044	CFF10	4
CFF10_ind045	CFF10	4
CFF10_ind046	CFF10	4
CFF10_ind047	CFF10	4
CFF10_ind048	CFF10	4
CFF10_ind049	CFF10	4
CFF10_ind050	CFF10	4
CFF10_ind051	CFF10	4
CFF10_ind052	CFF10	4
CFF10_ind053	CFF10	4
CFF10_ind054	CFF10	4
CFF10_ind055	CFF10	4
CFF10_ind056	CFF10	4
CFF10_ind057	CFF10	4
CFF10_ind058	CFF10	4
CFF10_ind059	CFF10	4
CFF10_ind060	CFF10	4
CFF10_ind061	CFF10	4
CFF10_ind062	CFF10	4
CFF10_ind063	CFF10	4
CFF10_ind064	CFF10	4
CFF10_ind065	CFF10	4
CFF10_ind066	CFF10	4
CFF10_ind067	CFF10	4
CFF10_ind068	CFF10	4
CFF10_ind069	CFF10	4
CFF10_ind070	CFF10	4
CFF10_ind071	CFF10	4
CFF10_ind072	CFF10	4
CFF10_ind073	CFF10	4
CFF10_ind074	CFF10	4
CFF10_ind075	CFF10	4
CFF10_ind076	CFF10	4
CFF10_ind077	CFF10	4
CFF10_ind078	CFF10	4
CFF10_ind079	CFF10	4
CFF10_ind080	CFF10	4
CFF10_ind081	CFF10	4
CFF10_ind082	CFF10	4
CFF10_ind083	CFF10	4
CFF10_ind084	CFF10	4
CFF10_ind087	CFF10	4
CFF10_ind088	CFF10	4
CFF10_ind089	CFF10	4
CFF10_ind090	CFF10	4
CFF10_ind091	CFF10	4
CFF10_ind092	CFF10	4
CFF10_ind093	CFF10	4
CFF10_ind094	CFF10	4
CFF10_ind095	CFF10	4
CFF10_ind096	CFF10	4
CFF10_ind097	CFF10	4
CFF10_ind098	CFF10	4
CFF10_ind099	CFF10	4
CFF10_ind100	CFF10	4
CFF10_ind101	CFF10	4
CFF10_ind102	CFF10	4
CFF10_ind103	CFF10	4
CFF10_ind104	CFF10	4
CFF10_ind105	CFF10	4
CFF10_ind106	CFF10	4
CFF10_ind107	CFF10	4
CFF10_ind108	CFF10	4
CFF10_ind001	CFF10	5
CFF10_ind002	CFF10	5
CFF10_ind003	CFF10	5
CFF10_ind004	CFF10	5
CFF10_ind005	CFF10	5
CFF10_ind006	CFF10	5
CFF10_ind007	CFF10	5
CFF10_ind008	CFF10	5
CFF10_ind009	CFF10	5
CFF10_ind010	CFF10	5
CFF10_ind011	CFF10	5
CFF10_ind012	CFF10	5
CFF10_ind014	CFF10	5
CFF10_ind015	CFF10	5
CFF10_ind016	CFF10	5
CFF10_ind017	CFF10	5
CFF10_ind018	CFF10	5
CFF10_ind019	CFF10	5
CFF10_ind020	CFF10	5
CFF10_ind021	CFF10	5
CFF10_ind022	CFF10	5
CFF10_ind023	CFF10	5
CFF10_ind024	CFF10	5
CFF10_ind025	CFF10	5
CFF10_ind026	CFF10	5
CFF10_ind027	CFF10	5
CFF10_ind028	CFF10	5
CFF10_ind029	CFF10	5
CFF10_ind030	CFF10	5
CFF10_ind031	CFF10	5
CFF10_ind032	CFF10	5
CFF10_ind033	CFF10	5
CFF10_ind034	CFF10	5
CFF10_ind035	CFF10	5
CFF10_ind036	CFF10	5
CFF10_ind037	CFF10	5
CFF10_ind038	CFF10	5
CFF10_ind039	CFF10	5
CFF10_ind040	CFF10	5
CFF10_ind041	CFF10	5
CFF10_ind042	CFF10	5
CFF10_ind043	CFF10	5
CFF10_ind044	CFF10	5
CFF10_ind045	CFF10	5
CFF10_ind046	CFF10	5
CFF10_ind047	CFF10	5
CFF10_ind048	CFF10	5
CFF10_ind049	CFF10	5
CFF10_ind050	CFF10	5
CFF10_ind051	CFF10	5
CFF10_ind052	CFF10	5
CFF10_ind053	CFF10	5
CFF10_ind054	CFF10	5
CFF10_ind055	CFF10	5
CFF10_ind056	CFF10	5
CFF10_ind057	CFF10	5
CFF10_ind058	CFF10	5
CFF10_ind059	CFF10	5
CFF10_ind060	CFF10	5
CFF10_ind061	CFF10	5
CFF10_ind062	CFF10	5
CFF10_ind063	CFF10	5
CFF10_ind064	CFF10	5
CFF10_ind065	CFF10	5
CFF10_ind066	CFF10	5
CFF10_ind067	CFF10	5
CFF10_ind068	CFF10	5
CFF10_ind069	CFF10	5
CFF10_ind070	CFF10	5
CFF10_ind071	CFF10	5
CFF10_ind072	CFF10	5
CFF10_ind073	CFF10	5
CFF10_ind074	CFF10	5
CFF10_ind075	CFF10	5
CFF10_ind076	CFF10	5
CFF10_ind077	CFF10	5
CFF10_ind078	CFF10	5
CFF10_ind079	CFF10	5
CFF10_ind080	CFF10	5
CFF10_ind081	CFF10	5
CFF10_ind082	CFF10	5
CFF10_ind083	CFF10	5
CFF10_ind084	CFF10	5
CFF10_ind087	CFF10	5
CFF10_ind088	CFF10	5
CFF10_ind089	CFF10	5
CFF10_ind090	CFF10	5
CFF10_ind091	CFF10	5
CFF10_ind092	CFF10	5
CFF10_ind093	CFF10	5
CFF10_ind094	CFF10	5
CFF10_ind095	CFF10	5
CFF10_ind096	CFF10	5
CFF10_ind097	CFF10	5
CFF10_ind098	CFF10	5
CFF10_ind099	CFF10	5
CFF10_ind100	CFF10	5
CFF10_ind101	CFF10	5
CFF10_ind102	CFF10	5
CFF10_ind103	CFF10	5
CFF10_ind104	CFF10	5
CFF10_ind105	CFF10	5
CFF10_ind106	CFF10	5
CFF10_ind107	CFF10	5
CFF10_ind108	CFF10	5
CFF10_ind001	CFF10	6
CFF10_ind002	CFF10	6
CFF10_ind003	CFF10	6
CFF10_ind004	CFF10	6
CFF10_ind005	CFF10	6
CFF10_ind006	CFF10	6
CFF10_ind007	CFF10	6
CFF10_ind008	CFF10	6
CFF10_ind009	CFF10	6
CFF10_ind010	CFF10	6
CFF10_ind011	CFF10	6
CFF10_ind012	CFF10	6
CFF10_ind014	CFF10	6
CFF10_ind015	CFF10	6
CFF10_ind016	CFF10	6
CFF10_ind017	CFF10	6
CFF10_ind018	CFF10	6
CFF10_ind019	CFF10	6
CFF10_ind020	CFF10	6
CFF10_ind021	CFF10	6
CFF10_ind022	CFF10	6
CFF10_ind023	CFF10	6
CFF10_ind024	CFF10	6
CFF10_ind025	CFF10	6
CFF10_ind026	CFF10	6
CFF10_ind027	CFF10	6
CFF10_ind028	CFF10	6
CFF10_ind029	CFF10	6
CFF10_ind030	CFF10	6
CFF10_ind031	CFF10	6
CFF10_ind032	CFF10	6
CFF10_ind033	CFF10	6
CFF10_ind034	CFF10	6
CFF10_ind035	CFF10	6
CFF10_ind036	CFF10	6
CFF10_ind037	CFF10	6
CFF10_ind038	CFF10	6
CFF10_ind039	CFF10	6
CFF10_ind040	CFF10	6
CFF10_ind041	CFF10	6
CFF10_ind042	CFF10	6
CFF10_ind043	CFF10	6
CFF10_ind044	CFF10	6
CFF10_ind045	CFF10	6
CFF10_ind046	CFF10	6
CFF10_ind047	CFF10	6
CFF10_ind048	CFF10	6
CFF10_ind049	CFF10	6
CFF10_ind050	CFF10	6
CFF10_ind051	CFF10	6
CFF10_ind052	CFF10	6
CFF10_ind053	CFF10	6
CFF10_ind054	CFF10	6
CFF10_ind055	CFF10	6
CFF10_ind056	CFF10	6
CFF10_ind057	CFF10	6
CFF10_ind058	CFF10	6
CFF10_ind059	CFF10	6
CFF10_ind060	CFF10	6
CFF10_ind061	CFF10	6
CFF10_ind062	CFF10	6
CFF10_ind063	CFF10	6
CFF10_ind064	CFF10	6
CFF10_ind065	CFF10	6
CFF10_ind066	CFF10	6
CFF10_ind067	CFF10	6
CFF10_ind068	CFF10	6
CFF10_ind069	CFF10	6
CFF10_ind070	CFF10	6
CFF10_ind071	CFF10	6
CFF10_ind072	CFF10	6
CFF10_ind073	CFF10	6
CFF10_ind074	CFF10	6
CFF10_ind075	CFF10	6
CFF10_ind076	CFF10	6
CFF10_ind077	CFF10	6
CFF10_ind078	CFF10	6
CFF10_ind079	CFF10	6
CFF10_ind080	CFF10	6
CFF10_ind081	CFF10	6
CFF10_ind082	CFF10	6
CFF10_ind083	CFF10	6
CFF10_ind084	CFF10	6
CFF10_ind087	CFF10	6
CFF10_ind088	CFF10	6
CFF10_ind089	CFF10	6
CFF10_ind090	CFF10	6
CFF10_ind091	CFF10	6
CFF10_ind092	CFF10	6
CFF10_ind093	CFF10	6
CFF10_ind094	CFF10	6
CFF10_ind095	CFF10	6
CFF10_ind096	CFF10	6
CFF10_ind097	CFF10	6
CFF10_ind098	CFF10	6
CFF10_ind099	CFF10	6
CFF10_ind100	CFF10	6
CFF10_ind101	CFF10	6
CFF10_ind102	CFF10	6
CFF10_ind103	CFF10	6
CFF10_ind104	CFF10	6
CFF10_ind105	CFF10	6
CFF10_ind106	CFF10	6
CFF10_ind107	CFF10	6
CFF10_ind108	CFF10	6
CFF10_ind001	CFF10	7
CFF10_ind002	CFF10	7
CFF10_ind003	CFF10	7
CFF10_ind004	CFF10	7
CFF10_ind005	CFF10	7
CFF10_ind006	CFF10	7
CFF10_ind007	CFF10	7
CFF10_ind008	CFF10	7
CFF10_ind009	CFF10	7
CFF10_ind010	CFF10	7
CFF10_ind011	CFF10	7
CFF10_ind012	CFF10	7
CFF10_ind014	CFF10	7
CFF10_ind015	CFF10	7
CFF10_ind016	CFF10	7
CFF10_ind017	CFF10	7
CFF10_ind018	CFF10	7
CFF10_ind019	CFF10	7
CFF10_ind020	CFF10	7
CFF10_ind021	CFF10	7
CFF10_ind022	CFF10	7
CFF10_ind023	CFF10	7
CFF10_ind024	CFF10	7
CFF10_ind025	CFF10	7
CFF10_ind026	CFF10	7
CFF10_ind027	CFF10	7
CFF10_ind028	CFF10	7
CFF10_ind029	CFF10	7
CFF10_ind030	CFF10	7
CFF10_ind031	CFF10	7
CFF10_ind032	CFF10	7
CFF10_ind033	CFF10	7
CFF10_ind034	CFF10	7
CFF10_ind035	CFF10	7
CFF10_ind036	CFF10	7
CFF10_ind037	CFF10	7
CFF10_ind038	CFF10	7
CFF10_ind039	CFF10	7
CFF10_ind040	CFF10	7
CFF10_ind041	CFF10	7
CFF10_ind042	CFF10	7
CFF10_ind043	CFF10	7
CFF10_ind044	CFF10	7
CFF10_ind045	CFF10	7
CFF10_ind046	CFF10	7
CFF10_ind047	CFF10	7
CFF10_ind048	CFF10	7
CFF10_ind049	CFF10	7
CFF10_ind050	CFF10	7
CFF10_ind051	CFF10	7
CFF10_ind052	CFF10	7
CFF10_ind053	CFF10	7
CFF10_ind054	CFF10	7
CFF10_ind055	CFF10	7
CFF10_ind056	CFF10	7
CFF10_ind057	CFF10	7
CFF10_ind058	CFF10	7
CFF10_ind059	CFF10	7
CFF10_ind060	CFF10	7
CFF10_ind061	CFF10	7
CFF10_ind062	CFF10	7
CFF10_ind063	CFF10	7
CFF10_ind064	CFF10	7
CFF10_ind065	CFF10	7
CFF10_ind066	CFF10	7
CFF10_ind067	CFF10	7
CFF10_ind068	CFF10	7
CFF10_ind069	CFF10	7
CFF10_ind070	CFF10	7
CFF10_ind071	CFF10	7
CFF10_ind072	CFF10	7
CFF10_ind073	CFF10	7
CFF10_ind074	CFF10	7
CFF10_ind075	CFF10	7
CFF10_ind076	CFF10	7
CFF10_ind077	CFF10	7
CFF10_ind078	CFF10	7
CFF10_ind079	CFF10	7
CFF10_ind080	CFF10	7
CFF10_ind081	CFF10	7
CFF10_ind082	CFF10	7
CFF10_ind083	CFF10	7
CFF10_ind084	CFF10	7
CFF10_ind087	CFF10	7
CFF10_ind088	CFF10	7
CFF10_ind089	CFF10	7
CFF10_ind090	CFF10	7
CFF10_ind091	CFF10	7
CFF10_ind092	CFF10	7
CFF10_ind093	CFF10	7
CFF10_ind094	CFF10	7
CFF10_ind095	CFF10	7
CFF10_ind096	CFF10	7
CFF10_ind097	CFF10	7
CFF10_ind098	CFF10	7
CFF10_ind099	CFF10	7
CFF10_ind100	CFF10	7
CFF10_ind101	CFF10	7
CFF10_ind102	CFF10	7
CFF10_ind103	CFF10	7
CFF10_ind104	CFF10	7
CFF10_ind105	CFF10	7
CFF10_ind106	CFF10	7
CFF10_ind107	CFF10	7
CFF10_ind108	CFF10	7
CFF10_ind001	CFF10	8
CFF10_ind002	CFF10	8
CFF10_ind003	CFF10	8
CFF10_ind004	CFF10	8
CFF10_ind005	CFF10	8
CFF10_ind006	CFF10	8
CFF10_ind007	CFF10	8
CFF10_ind008	CFF10	8
CFF10_ind009	CFF10	8
CFF10_ind010	CFF10	8
CFF10_ind011	CFF10	8
CFF10_ind012	CFF10	8
CFF10_ind014	CFF10	8
CFF10_ind015	CFF10	8
CFF10_ind016	CFF10	8
CFF10_ind017	CFF10	8
CFF10_ind018	CFF10	8
CFF10_ind019	CFF10	8
CFF10_ind020	CFF10	8
CFF10_ind021	CFF10	8
CFF10_ind022	CFF10	8
CFF10_ind023	CFF10	8
CFF10_ind024	CFF10	8
CFF10_ind025	CFF10	8
CFF10_ind026	CFF10	8
CFF10_ind027	CFF10	8
CFF10_ind028	CFF10	8
CFF10_ind029	CFF10	8
CFF10_ind030	CFF10	8
CFF10_ind031	CFF10	8
CFF10_ind032	CFF10	8
CFF10_ind033	CFF10	8
CFF10_ind034	CFF10	8
CFF10_ind035	CFF10	8
CFF10_ind036	CFF10	8
CFF10_ind037	CFF10	8
CFF10_ind038	CFF10	8
CFF10_ind039	CFF10	8
CFF10_ind040	CFF10	8
CFF10_ind041	CFF10	8
CFF10_ind042	CFF10	8
CFF10_ind043	CFF10	8
CFF10_ind044	CFF10	8
CFF10_ind045	CFF10	8
CFF10_ind046	CFF10	8
CFF10_ind047	CFF10	8
CFF10_ind048	CFF10	8
CFF10_ind049	CFF10	8
CFF10_ind050	CFF10	8
CFF10_ind051	CFF10	8
CFF10_ind052	CFF10	8
CFF10_ind053	CFF10	8
CFF10_ind054	CFF10	8
CFF10_ind055	CFF10	8
CFF10_ind056	CFF10	8
CFF10_ind057	CFF10	8
CFF10_ind058	CFF10	8
CFF10_ind059	CFF10	8
CFF10_ind060	CFF10	8
CFF10_ind061	CFF10	8
CFF10_ind062	CFF10	8
CFF10_ind063	CFF10	8
CFF10_ind064	CFF10	8
CFF10_ind065	CFF10	8
CFF10_ind066	CFF10	8
CFF10_ind067	CFF10	8
CFF10_ind068	CFF10	8
CFF10_ind069	CFF10	8
CFF10_ind070	CFF10	8
CFF10_ind071	CFF10	8
CFF10_ind072	CFF10	8
CFF10_ind073	CFF10	8
CFF10_ind074	CFF10	8
CFF10_ind075	CFF10	8
CFF10_ind076	CFF10	8
CFF10_ind077	CFF10	8
CFF10_ind078	CFF10	8
CFF10_ind079	CFF10	8
CFF10_ind080	CFF10	8
CFF10_ind081	CFF10	8
CFF10_ind082	CFF10	8
CFF10_ind083	CFF10	8
CFF10_ind084	CFF10	8
CFF10_ind087	CFF10	8
CFF10_ind088	CFF10	8
CFF10_ind089	CFF10	8
CFF10_ind090	CFF10	8
CFF10_ind091	CFF10	8
CFF10_ind092	CFF10	8
CFF10_ind093	CFF10	8
CFF10_ind094	CFF10	8
CFF10_ind095	CFF10	8
CFF10_ind096	CFF10	8
CFF10_ind097	CFF10	8
CFF10_ind098	CFF10	8
CFF10_ind099	CFF10	8
CFF10_ind100	CFF10	8
CFF10_ind101	CFF10	8
CFF10_ind102	CFF10	8
CFF10_ind103	CFF10	8
CFF10_ind104	CFF10	8
CFF10_ind105	CFF10	8
CFF10_ind106	CFF10	8
CFF10_ind107	CFF10	8
CFF10_ind108	CFF10	8
CFF10_ind001	CFF10	9
CFF10_ind002	CFF10	9
CFF10_ind003	CFF10	9
CFF10_ind004	CFF10	9
CFF10_ind005	CFF10	9
CFF10_ind006	CFF10	9
CFF10_ind007	CFF10	9
CFF10_ind008	CFF10	9
CFF10_ind009	CFF10	9
CFF10_ind010	CFF10	9
CFF10_ind011	CFF10	9
CFF10_ind012	CFF10	9
CFF10_ind014	CFF10	9
CFF10_ind015	CFF10	9
CFF10_ind016	CFF10	9
CFF10_ind017	CFF10	9
CFF10_ind018	CFF10	9
CFF10_ind019	CFF10	9
CFF10_ind020	CFF10	9
CFF10_ind021	CFF10	9
CFF10_ind022	CFF10	9
CFF10_ind023	CFF10	9
CFF10_ind024	CFF10	9
CFF10_ind025	CFF10	9
CFF10_ind026	CFF10	9
CFF10_ind027	CFF10	9
CFF10_ind028	CFF10	9
CFF10_ind029	CFF10	9
CFF10_ind030	CFF10	9
CFF10_ind031	CFF10	9
CFF10_ind032	CFF10	9
CFF10_ind033	CFF10	9
CFF10_ind034	CFF10	9
CFF10_ind035	CFF10	9
CFF10_ind036	CFF10	9
CFF10_ind037	CFF10	9
CFF10_ind038	CFF10	9
CFF10_ind039	CFF10	9
CFF10_ind040	CFF10	9
CFF10_ind041	CFF10	9
CFF10_ind042	CFF10	9
CFF10_ind043	CFF10	9
CFF10_ind044	CFF10	9
CFF10_ind045	CFF10	9
CFF10_ind046	CFF10	9
CFF10_ind047	CFF10	9
CFF10_ind048	CFF10	9
CFF10_ind049	CFF10	9
CFF10_ind050	CFF10	9
CFF10_ind051	CFF10	9
CFF10_ind052	CFF10	9
CFF10_ind053	CFF10	9
CFF10_ind054	CFF10	9
CFF10_ind055	CFF10	9
CFF10_ind056	CFF10	9
CFF10_ind057	CFF10	9
CFF10_ind058	CFF10	9
CFF10_ind059	CFF10	9
CFF10_ind060	CFF10	9
CFF10_ind061	CFF10	9
CFF10_ind062	CFF10	9
CFF10_ind063	CFF10	9
CFF10_ind064	CFF10	9
CFF10_ind065	CFF10	9
CFF10_ind066	CFF10	9
CFF10_ind067	CFF10	9
CFF10_ind068	CFF10	9
CFF10_ind069	CFF10	9
CFF10_ind070	CFF10	9
CFF10_ind071	CFF10	9
CFF10_ind072	CFF10	9
CFF10_ind073	CFF10	9
CFF10_ind074	CFF10	9
CFF10_ind075	CFF10	9
CFF10_ind076	CFF10	9
CFF10_ind077	CFF10	9
CFF10_ind078	CFF10	9
CFF10_ind079	CFF10	9
CFF10_ind080	CFF10	9
CFF10_ind081	CFF10	9
CFF10_ind082	CFF10	9
CFF10_ind083	CFF10	9
CFF10_ind084	CFF10	9
CFF10_ind087	CFF10	9
CFF10_ind088	CFF10	9
CFF10_ind089	CFF10	9
CFF10_ind090	CFF10	9
CFF10_ind091	CFF10	9
CFF10_ind092	CFF10	9
CFF10_ind093	CFF10	9
CFF10_ind094	CFF10	9
CFF10_ind095	CFF10	9
CFF10_ind096	CFF10	9
CFF10_ind097	CFF10	9
CFF10_ind098	CFF10	9
CFF10_ind099	CFF10	9
CFF10_ind100	CFF10	9
CFF10_ind101	CFF10	9
CFF10_ind102	CFF10	9
CFF10_ind103	CFF10	9
CFF10_ind104	CFF10	9
CFF10_ind105	CFF10	9
CFF10_ind106	CFF10	9
CFF10_ind107	CFF10	9
CFF10_ind108	CFF10	9
CFF10_ind001	CFF10	10
CFF10_ind002	CFF10	10
CFF10_ind003	CFF10	10
CFF10_ind004	CFF10	10
CFF10_ind005	CFF10	10
CFF10_ind006	CFF10	10
CFF10_ind007	CFF10	10
CFF10_ind008	CFF10	10
CFF10_ind009	CFF10	10
CFF10_ind010	CFF10	10
CFF10_ind011	CFF10	10
CFF10_ind012	CFF10	10
CFF10_ind014	CFF10	10
CFF10_ind015	CFF10	10
CFF10_ind016	CFF10	10
CFF10_ind017	CFF10	10
CFF10_ind018	CFF10	10
CFF10_ind019	CFF10	10
CFF10_ind020	CFF10	10
CFF10_ind021	CFF10	10
CFF10_ind022	CFF10	10
CFF10_ind023	CFF10	10
CFF10_ind024	CFF10	10
CFF10_ind025	CFF10	10
CFF10_ind026	CFF10	10
CFF10_ind027	CFF10	10
CFF10_ind028	CFF10	10
CFF10_ind029	CFF10	10
CFF10_ind030	CFF10	10
CFF10_ind031	CFF10	10
CFF10_ind032	CFF10	10
CFF10_ind033	CFF10	10
CFF10_ind034	CFF10	10
CFF10_ind035	CFF10	10
CFF10_ind036	CFF10	10
CFF10_ind037	CFF10	10
CFF10_ind038	CFF10	10
CFF10_ind039	CFF10	10
CFF10_ind040	CFF10	10
CFF10_ind041	CFF10	10
CFF10_ind042	CFF10	10
CFF10_ind043	CFF10	10
CFF10_ind044	CFF10	10
CFF10_ind045	CFF10	10
CFF10_ind046	CFF10	10
CFF10_ind047	CFF10	10
CFF10_ind048	CFF10	10
CFF10_ind049	CFF10	10
CFF10_ind050	CFF10	10
CFF10_ind051	CFF10	10
CFF10_ind052	CFF10	10
CFF10_ind053	CFF10	10
CFF10_ind054	CFF10	10
CFF10_ind055	CFF10	10
CFF10_ind056	CFF10	10
CFF10_ind057	CFF10	10
CFF10_ind058	CFF10	10
CFF10_ind059	CFF10	10
CFF10_ind060	CFF10	10
CFF10_ind061	CFF10	10
CFF10_ind062	CFF10	10
CFF10_ind063	CFF10	10
CFF10_ind064	CFF10	10
CFF10_ind065	CFF10	10
CFF10_ind066	CFF10	10
CFF10_ind067	CFF10	10
CFF10_ind068	CFF10	10
CFF10_ind069	CFF10	10
CFF10_ind070	CFF10	10
CFF10_ind071	CFF10	10
CFF10_ind072	CFF10	10
CFF10_ind073	CFF10	10
CFF10_ind074	CFF10	10
CFF10_ind075	CFF10	10
CFF10_ind076	CFF10	10
CFF10_ind077	CFF10	10
CFF10_ind078	CFF10	10
CFF10_ind079	CFF10	10
CFF10_ind080	CFF10	10
CFF10_ind081	CFF10	10
CFF10_ind082	CFF10	10
CFF10_ind083	CFF10	10
CFF10_ind084	CFF10	10
CFF10_ind087	CFF10	10
CFF10_ind088	CFF10	10
CFF10_ind089	CFF10	10
CFF10_ind090	CFF10	10
CFF10_ind091	CFF10	10
CFF10_ind092	CFF10	10
CFF10_ind093	CFF10	10
CFF10_ind094	CFF10	10
CFF10_ind095	CFF10	10
CFF10_ind096	CFF10	10
CFF10_ind097	CFF10	10
CFF10_ind098	CFF10	10
CFF10_ind099	CFF10	10
CFF10_ind100	CFF10	10
CFF10_ind101	CFF10	10
CFF10_ind102	CFF10	10
CFF10_ind103	CFF10	10
CFF10_ind104	CFF10	10
CFF10_ind105	CFF10	10
CFF10_ind106	CFF10	10
CFF10_ind107	CFF10	10
CFF10_ind108	CFF10	10
CFF12_ind001	CFF12	1
CFF12_ind002	CFF12	1
CFF12_ind003	CFF12	1
CFF12_ind004	CFF12	1
CFF12_ind005	CFF12	1
CFF12_ind006	CFF12	1
CFF12_ind008	CFF12	1
CFF12_ind009	CFF12	1
CFF12_ind011	CFF12	1
CFF12_ind012	CFF12	1
CFF12_ind013	CFF12	1
CFF12_ind014	CFF12	1
CFF12_ind015	CFF12	1
CFF12_ind016	CFF12	1
CFF12_ind017	CFF12	1
CFF12_ind018	CFF12	1
CFF12_ind019	CFF12	1
CFF12_ind020	CFF12	1
CFF12_ind021	CFF12	1
CFF12_ind022	CFF12	1
CFF12_ind023	CFF12	1
CFF12_ind024	CFF12	1
CFF12_ind025	CFF12	1
CFF12_ind026	CFF12	1
CFF12_ind027	CFF12	1
CFF12_ind028	CFF12	1
CFF12_ind029	CFF12	1
CFF12_ind030	CFF12	1
CFF12_ind031	CFF12	1
CFF12_ind032	CFF12	1
CFF12_ind033	CFF12	1
CFF12_ind034	CFF12	1
CFF12_ind035	CFF12	1
CFF12_ind036	CFF12	1
CFF12_ind037	CFF12	1
CFF12_ind038	CFF12	1
CFF12_ind039	CFF12	1
CFF12_ind040	CFF12	1
CFF12_ind041	CFF12	1
CFF12_ind042	CFF12	1
CFF12_ind043	CFF12	1
CFF12_ind044	CFF12	1
CFF12_ind045	CFF12	1
CFF12_ind046	CFF12	1
CFF12_ind047	CFF12	1
CFF12_ind048	CFF12	1
CFF12_ind049	CFF12	1
CFF12_ind050	CFF12	1
CFF12_ind051	CFF12	1
CFF12_ind052	CFF12	1
CFF12_ind053	CFF12	1
CFF12_ind054	CFF12	1
CFF12_ind055	CFF12	1
CFF12_ind056	CFF12	1
CFF12_ind057	CFF12	1
CFF12_ind058	CFF12	1
CFF12_ind059	CFF12	1
CFF12_ind060	CFF12	1
CFF12_ind062	CFF12	1
CFF12_ind063	CFF12	1
CFF12_ind064	CFF12	1
CFF12_ind065	CFF12	1
CFF12_ind066	CFF12	1
CFF12_ind067	CFF12	1
CFF12_ind068	CFF12	1
CFF12_ind069	CFF12	1
CFF12_ind070	CFF12	1
CFF12_ind071	CFF12	1
CFF12_ind072	CFF12	1
CFF12_ind073	CFF12	1
CFF12_ind074	CFF12	1
CFF12_ind075	CFF12	1
CFF12_ind076	CFF12	1
CFF12_ind077	CFF12	1
CFF12_ind078	CFF12	1
CFF12_ind079	CFF12	1
CFF12_ind080	CFF12	1
CFF12_ind082	CFF12	1
CFF12_ind083	CFF12	1
CFF12_ind084	CFF12	1
CFF12_ind085	CFF12	1
CFF12_ind086	CFF12	1
CFF12_ind087	CFF12	1
CFF12_ind088	CFF12	1
CFF12_ind089	CFF12	1
CFF12_ind090	CFF12	1
CFF12_ind091	CFF12	1
CFF12_ind092	CFF12	1
CFF12_ind093	CFF12	1
CFF12_ind094	CFF12	1
CFF12_ind095	CFF12	1
CFF12_ind096	CFF12	1
CFF12_ind097	CFF12	1
CFF12_ind098	CFF12	1
CFF12_ind099	CFF12	1
CFF12_ind100	CFF12	1
CFF12_ind101	CFF12	1
CFF12_ind102	CFF12	1
CFF12_ind103	CFF12	1
CFF12_ind104	CFF12	1
CFF12_ind105	CFF12	1
CFF12_ind106	CFF12	1
CFF12_ind107	CFF12	1
CFF12_ind108	CFF12	1
CFF12_ind109	CFF12	1
CFF12_ind110	CFF12	1
CFF12_ind111	CFF12	1
CFF12_ind112	CFF12	1
CFF12_ind113	CFF12	1
CFF12_ind114	CFF12	1
CFF12_ind001	CFF12	2
CFF12_ind002	CFF12	2
CFF12_ind003	CFF12	2
CFF12_ind004	CFF12	2
CFF12_ind005	CFF12	2
CFF12_ind006	CFF12	2
CFF12_ind008	CFF12	2
CFF12_ind009	CFF12	2
CFF12_ind011	CFF12	2
CFF12_ind012	CFF12	2
CFF12_ind013	CFF12	2
CFF12_ind014	CFF12	2
CFF12_ind015	CFF12	2
CFF12_ind016	CFF12	2
CFF12_ind017	CFF12	2
CFF12_ind018	CFF12	2
CFF12_ind019	CFF12	2
CFF12_ind020	CFF12	2
CFF12_ind021	CFF12	2
CFF12_ind022	CFF12	2
CFF12_ind023	CFF12	2
CFF12_ind024	CFF12	2
CFF12_ind025	CFF12	2
CFF12_ind026	CFF12	2
CFF12_ind027	CFF12	2
CFF12_ind028	CFF12	2
CFF12_ind029	CFF12	2
CFF12_ind030	CFF12	2
CFF12_ind031	CFF12	2
CFF12_ind032	CFF12	2
CFF12_ind033	CFF12	2
CFF12_ind034	CFF12	2
CFF12_ind035	CFF12	2
CFF12_ind036	CFF12	2
CFF12_ind037	CFF12	2
CFF12_ind038	CFF12	2
CFF12_ind039	CFF12	2
CFF12_ind040	CFF12	2
CFF12_ind041	CFF12	2
CFF12_ind042	CFF12	2
CFF12_ind043	CFF12	2
CFF12_ind044	CFF12	2
CFF12_ind045	CFF12	2
CFF12_ind046	CFF12	2
CFF12_ind047	CFF12	2
CFF12_ind048	CFF12	2
CFF12_ind049	CFF12	2
CFF12_ind050	CFF12	2
CFF12_ind051	CFF12	2
CFF12_ind052	CFF12	2
CFF12_ind053	CFF12	2
CFF12_ind054	CFF12	2
CFF12_ind055	CFF12	2
CFF12_ind056	CFF12	2
CFF12_ind057	CFF12	2
CFF12_ind058	CFF12	2
CFF12_ind059	CFF12	2
CFF12_ind060	CFF12	2
CFF12_ind062	CFF12	2
CFF12_ind063	CFF12	2
CFF12_ind064	CFF12	2
CFF12_ind065	CFF12	2
CFF12_ind066	CFF12	2
CFF12_ind067	CFF12	2
CFF12_ind068	CFF12	2
CFF12_ind069	CFF12	2
CFF12_ind070	CFF12	2
CFF12_ind071	CFF12	2
CFF12_ind072	CFF12	2
CFF12_ind073	CFF12	2
CFF12_ind074	CFF12	2
CFF12_ind075	CFF12	2
CFF12_ind076	CFF12	2
CFF12_ind077	CFF12	2
CFF12_ind078	CFF12	2
CFF12_ind079	CFF12	2
CFF12_ind080	CFF12	2
CFF12_ind082	CFF12	2
CFF12_ind083	CFF12	2
CFF12_ind084	CFF12	2
CFF12_ind085	CFF12	2
CFF12_ind086	CFF12	2
CFF12_ind087	CFF12	2
CFF12_ind088	CFF12	2
CFF12_ind089	CFF12	2
CFF12_ind090	CFF12	2
CFF12_ind091	CFF12	2
CFF12_ind092	CFF12	2
CFF12_ind093	CFF12	2
CFF12_ind094	CFF12	2
CFF12_ind095	CFF12	2
CFF12_ind096	CFF12	2
CFF12_ind097	CFF12	2
CFF12_ind098	CFF12	2
CFF12_ind099	CFF12	2
CFF12_ind100	CFF12	2
CFF12_ind101	CFF12	2
CFF12_ind102	CFF12	2
CFF12_ind103	CFF12	2
CFF12_ind104	CFF12	2
CFF12_ind105	CFF12	2
CFF12_ind106	CFF12	2
CFF12_ind107	CFF12	2
CFF12_ind108	CFF12	2
CFF12_ind109	CFF12	2
CFF12_ind110	CFF12	2
CFF12_ind111	CFF12	2
CFF12_ind112	CFF12	2
CFF12_ind113	CFF12	2
CFF12_ind114	CFF12	2
CFF12_ind001	CFF12	3
CFF12_ind002	CFF12	3
CFF12_ind003	CFF12	3
CFF12_ind004	CFF12	3
CFF12_ind005	CFF12	3
CFF12_ind006	CFF12	3
CFF12_ind008	CFF12	3
CFF12_ind009	CFF12	3
CFF12_ind011	CFF12	3
CFF12_ind012	CFF12	3
CFF12_ind013	CFF12	3
CFF12_ind014	CFF12	3
CFF12_ind015	CFF12	3
CFF12_ind016	CFF12	3
CFF12_ind017	CFF12	3
CFF12_ind018	CFF12	3
CFF12_ind019	CFF12	3
CFF12_ind020	CFF12	3
CFF12_ind021	CFF12	3
CFF12_ind022	CFF12	3
CFF12_ind023	CFF12	3
CFF12_ind024	CFF12	3
CFF12_ind025	CFF12	3
CFF12_ind026	CFF12	3
CFF12_ind027	CFF12	3
CFF12_ind028	CFF12	3
CFF12_ind029	CFF12	3
CFF12_ind030	CFF12	3
CFF12_ind031	CFF12	3
CFF12_ind032	CFF12	3
CFF12_ind033	CFF12	3
CFF12_ind034	CFF12	3
CFF12_ind035	CFF12	3
CFF12_ind036	CFF12	3
CFF12_ind037	CFF12	3
CFF12_ind038	CFF12	3
CFF12_ind039	CFF12	3
CFF12_ind040	CFF12	3
CFF12_ind041	CFF12	3
CFF12_ind042	CFF12	3
CFF12_ind043	CFF12	3
CFF12_ind044	CFF12	3
CFF12_ind045	CFF12	3
CFF12_ind046	CFF12	3
CFF12_ind047	CFF12	3
CFF12_ind048	CFF12	3
CFF12_ind049	CFF12	3
CFF12_ind050	CFF12	3
CFF12_ind051	CFF12	3
CFF12_ind052	CFF12	3
CFF12_ind053	CFF12	3
CFF12_ind054	CFF12	3
CFF12_ind055	CFF12	3
CFF12_ind056	CFF12	3
CFF12_ind057	CFF12	3
CFF12_ind058	CFF12	3
CFF12_ind059	CFF12	3
CFF12_ind060	CFF12	3
CFF12_ind062	CFF12	3
CFF12_ind063	CFF12	3
CFF12_ind064	CFF12	3
CFF12_ind065	CFF12	3
CFF12_ind066	CFF12	3
CFF12_ind067	CFF12	3
CFF12_ind068	CFF12	3
CFF12_ind069	CFF12	3
CFF12_ind070	CFF12	3
CFF12_ind071	CFF12	3
CFF12_ind072	CFF12	3
CFF12_ind073	CFF12	3
CFF12_ind074	CFF12	3
CFF12_ind075	CFF12	3
CFF12_ind076	CFF12	3
CFF12_ind077	CFF12	3
CFF12_ind078	CFF12	3
CFF12_ind079	CFF12	3
CFF12_ind080	CFF12	3
CFF12_ind082	CFF12	3
CFF12_ind083	CFF12	3
CFF12_ind084	CFF12	3
CFF12_ind085	CFF12	3
CFF12_ind086	CFF12	3
CFF12_ind087	CFF12	3
CFF12_ind088	CFF12	3
CFF12_ind089	CFF12	3
CFF12_ind090	CFF12	3
CFF12_ind091	CFF12	3
CFF12_ind092	CFF12	3
CFF12_ind093	CFF12	3
CFF12_ind094	CFF12	3
CFF12_ind095	CFF12	3
CFF12_ind096	CFF12	3
CFF12_ind097	CFF12	3
CFF12_ind098	CFF12	3
CFF12_ind099	CFF12	3
CFF12_ind100	CFF12	3
CFF12_ind101	CFF12	3
CFF12_ind102	CFF12	3
CFF12_ind103	CFF12	3
CFF12_ind104	CFF12	3
CFF12_ind105	CFF12	3
CFF12_ind106	CFF12	3
CFF12_ind107	CFF12	3
CFF12_ind108	CFF12	3
CFF12_ind109	CFF12	3
CFF12_ind110	CFF12	3
CFF12_ind111	CFF12	3
CFF12_ind112	CFF12	3
CFF12_ind113	CFF12	3
CFF12_ind114	CFF12	3
CFF12_ind001	CFF12	4
CFF12_ind002	CFF12	4
CFF12_ind003	CFF12	4
CFF12_ind004	CFF12	4
CFF12_ind005	CFF12	4
CFF12_ind006	CFF12	4
CFF12_ind008	CFF12	4
CFF12_ind009	CFF12	4
CFF12_ind011	CFF12	4
CFF12_ind012	CFF12	4
CFF12_ind013	CFF12	4
CFF12_ind014	CFF12	4
CFF12_ind015	CFF12	4
CFF12_ind016	CFF12	4
CFF12_ind017	CFF12	4
CFF12_ind018	CFF12	4
CFF12_ind019	CFF12	4
CFF12_ind020	CFF12	4
CFF12_ind021	CFF12	4
CFF12_ind022	CFF12	4
CFF12_ind023	CFF12	4
CFF12_ind024	CFF12	4
CFF12_ind025	CFF12	4
CFF12_ind026	CFF12	4
CFF12_ind027	CFF12	4
CFF12_ind028	CFF12	4
CFF12_ind029	CFF12	4
CFF12_ind030	CFF12	4
CFF12_ind031	CFF12	4
CFF12_ind032	CFF12	4
CFF12_ind033	CFF12	4
CFF12_ind034	CFF12	4
CFF12_ind035	CFF12	4
CFF12_ind036	CFF12	4
CFF12_ind037	CFF12	4
CFF12_ind038	CFF12	4
CFF12_ind039	CFF12	4
CFF12_ind040	CFF12	4
CFF12_ind041	CFF12	4
CFF12_ind042	CFF12	4
CFF12_ind043	CFF12	4
CFF12_ind044	CFF12	4
CFF12_ind045	CFF12	4
CFF12_ind046	CFF12	4
CFF12_ind047	CFF12	4
CFF12_ind048	CFF12	4
CFF12_ind049	CFF12	4
CFF12_ind050	CFF12	4
CFF12_ind051	CFF12	4
CFF12_ind052	CFF12	4
CFF12_ind053	CFF12	4
CFF12_ind054	CFF12	4
CFF12_ind055	CFF12	4
CFF12_ind056	CFF12	4
CFF12_ind057	CFF12	4
CFF12_ind058	CFF12	4
CFF12_ind059	CFF12	4
CFF12_ind060	CFF12	4
CFF12_ind062	CFF12	4
CFF12_ind063	CFF12	4
CFF12_ind064	CFF12	4
CFF12_ind065	CFF12	4
CFF12_ind066	CFF12	4
CFF12_ind067	CFF12	4
CFF12_ind068	CFF12	4
CFF12_ind069	CFF12	4
CFF12_ind070	CFF12	4
CFF12_ind071	CFF12	4
CFF12_ind072	CFF12	4
CFF12_ind073	CFF12	4
CFF12_ind074	CFF12	4
CFF12_ind075	CFF12	4
CFF12_ind076	CFF12	4
CFF12_ind077	CFF12	4
CFF12_ind078	CFF12	4
CFF12_ind079	CFF12	4
CFF12_ind080	CFF12	4
CFF12_ind082	CFF12	4
CFF12_ind083	CFF12	4
CFF12_ind084	CFF12	4
CFF12_ind085	CFF12	4
CFF12_ind086	CFF12	4
CFF12_ind087	CFF12	4
CFF12_ind088	CFF12	4
CFF12_ind089	CFF12	4
CFF12_ind090	CFF12	4
CFF12_ind091	CFF12	4
CFF12_ind092	CFF12	4
CFF12_ind093	CFF12	4
CFF12_ind094	CFF12	4
CFF12_ind095	CFF12	4
CFF12_ind096	CFF12	4
CFF12_ind097	CFF12	4
CFF12_ind098	CFF12	4
CFF12_ind099	CFF12	4
CFF12_ind100	CFF12	4
CFF12_ind101	CFF12	4
CFF12_ind102	CFF12	4
CFF12_ind103	CFF12	4
CFF12_ind104	CFF12	4
CFF12_ind105	CFF12	4
CFF12_ind106	CFF12	4
CFF12_ind107	CFF12	4
CFF12_ind108	CFF12	4
CFF12_ind109	CFF12	4
CFF12_ind110	CFF12	4
CFF12_ind111	CFF12	4
CFF12_ind112	CFF12	4
CFF12_ind113	CFF12	4
CFF12_ind114	CFF12	4
CFF12_ind001	CFF12	5
CFF12_ind002	CFF12	5
CFF12_ind003	CFF12	5
CFF12_ind004	CFF12	5
CFF12_ind005	CFF12	5
CFF12_ind006	CFF12	5
CFF12_ind008	CFF12	5
CFF12_ind009	CFF12	5
CFF12_ind011	CFF12	5
CFF12_ind012	CFF12	5
CFF12_ind013	CFF12	5
CFF12_ind014	CFF12	5
CFF12_ind015	CFF12	5
CFF12_ind016	CFF12	5
CFF12_ind017	CFF12	5
CFF12_ind018	CFF12	5
CFF12_ind019	CFF12	5
CFF12_ind020	CFF12	5
CFF12_ind021	CFF12	5
CFF12_ind022	CFF12	5
CFF12_ind023	CFF12	5
CFF12_ind024	CFF12	5
CFF12_ind025	CFF12	5
CFF12_ind026	CFF12	5
CFF12_ind027	CFF12	5
CFF12_ind028	CFF12	5
CFF12_ind029	CFF12	5
CFF12_ind030	CFF12	5
CFF12_ind031	CFF12	5
CFF12_ind032	CFF12	5
CFF12_ind033	CFF12	5
CFF12_ind034	CFF12	5
CFF12_ind035	CFF12	5
CFF12_ind036	CFF12	5
CFF12_ind037	CFF12	5
CFF12_ind038	CFF12	5
CFF12_ind039	CFF12	5
CFF12_ind040	CFF12	5
CFF12_ind041	CFF12	5
CFF12_ind042	CFF12	5
CFF12_ind043	CFF12	5
CFF12_ind044	CFF12	5
CFF12_ind045	CFF12	5
CFF12_ind046	CFF12	5
CFF12_ind047	CFF12	5
CFF12_ind048	CFF12	5
CFF12_ind049	CFF12	5
CFF12_ind050	CFF12	5
CFF12_ind051	CFF12	5
CFF12_ind052	CFF12	5
CFF12_ind053	CFF12	5
CFF12_ind054	CFF12	5
CFF12_ind055	CFF12	5
CFF12_ind056	CFF12	5
CFF12_ind057	CFF12	5
CFF12_ind058	CFF12	5
CFF12_ind059	CFF12	5
CFF12_ind060	CFF12	5
CFF12_ind062	CFF12	5
CFF12_ind063	CFF12	5
CFF12_ind064	CFF12	5
CFF12_ind065	CFF12	5
CFF12_ind066	CFF12	5
CFF12_ind067	CFF12	5
CFF12_ind068	CFF12	5
CFF12_ind069	CFF12	5
CFF12_ind070	CFF12	5
CFF12_ind071	CFF12	5
CFF12_ind072	CFF12	5
CFF12_ind073	CFF12	5
CFF12_ind074	CFF12	5
CFF12_ind075	CFF12	5
CFF12_ind076	CFF12	5
CFF12_ind077	CFF12	5
CFF12_ind078	CFF12	5
CFF12_ind079	CFF12	5
CFF12_ind080	CFF12	5
CFF12_ind082	CFF12	5
CFF12_ind083	CFF12	5
CFF12_ind084	CFF12	5
CFF12_ind085	CFF12	5
CFF12_ind086	CFF12	5
CFF12_ind087	CFF12	5
CFF12_ind088	CFF12	5
CFF12_ind089	CFF12	5
CFF12_ind090	CFF12	5
CFF12_ind091	CFF12	5
CFF12_ind092	CFF12	5
CFF12_ind093	CFF12	5
CFF12_ind094	CFF12	5
CFF12_ind095	CFF12	5
CFF12_ind096	CFF12	5
CFF12_ind097	CFF12	5
CFF12_ind098	CFF12	5
CFF12_ind099	CFF12	5
CFF12_ind100	CFF12	5
CFF12_ind101	CFF12	5
CFF12_ind102	CFF12	5
CFF12_ind103	CFF12	5
CFF12_ind104	CFF12	5
CFF12_ind105	CFF12	5
CFF12_ind106	CFF12	5
CFF12_ind107	CFF12	5
CFF12_ind108	CFF12	5
CFF12_ind109	CFF12	5
CFF12_ind110	CFF12	5
CFF12_ind111	CFF12	5
CFF12_ind112	CFF12	5
CFF12_ind113	CFF12	5
CFF12_ind114	CFF12	5
CFF12_ind001	CFF12	6
CFF12_ind002	CFF12	6
CFF12_ind003	CFF12	6
CFF12_ind004	CFF12	6
CFF12_ind005	CFF12	6
CFF12_ind006	CFF12	6
CFF12_ind008	CFF12	6
CFF12_ind009	CFF12	6
CFF12_ind011	CFF12	6
CFF12_ind012	CFF12	6
CFF12_ind013	CFF12	6
CFF12_ind014	CFF12	6
CFF12_ind015	CFF12	6
CFF12_ind016	CFF12	6
CFF12_ind017	CFF12	6
CFF12_ind018	CFF12	6
CFF12_ind019	CFF12	6
CFF12_ind020	CFF12	6
CFF12_ind021	CFF12	6
CFF12_ind022	CFF12	6
CFF12_ind023	CFF12	6
CFF12_ind024	CFF12	6
CFF12_ind025	CFF12	6
CFF12_ind026	CFF12	6
CFF12_ind027	CFF12	6
CFF12_ind028	CFF12	6
CFF12_ind029	CFF12	6
CFF12_ind030	CFF12	6
CFF12_ind031	CFF12	6
CFF12_ind032	CFF12	6
CFF12_ind033	CFF12	6
CFF12_ind034	CFF12	6
CFF12_ind035	CFF12	6
CFF12_ind036	CFF12	6
CFF12_ind037	CFF12	6
CFF12_ind038	CFF12	6
CFF12_ind039	CFF12	6
CFF12_ind040	CFF12	6
CFF12_ind041	CFF12	6
CFF12_ind042	CFF12	6
CFF12_ind043	CFF12	6
CFF12_ind044	CFF12	6
CFF12_ind045	CFF12	6
CFF12_ind046	CFF12	6
CFF12_ind047	CFF12	6
CFF12_ind048	CFF12	6
CFF12_ind049	CFF12	6
CFF12_ind050	CFF12	6
CFF12_ind051	CFF12	6
CFF12_ind052	CFF12	6
CFF12_ind053	CFF12	6
CFF12_ind054	CFF12	6
CFF12_ind055	CFF12	6
CFF12_ind056	CFF12	6
CFF12_ind057	CFF12	6
CFF12_ind058	CFF12	6
CFF12_ind059	CFF12	6
CFF12_ind060	CFF12	6
CFF12_ind062	CFF12	6
CFF12_ind063	CFF12	6
CFF12_ind064	CFF12	6
CFF12_ind065	CFF12	6
CFF12_ind066	CFF12	6
CFF12_ind067	CFF12	6
CFF12_ind068	CFF12	6
CFF12_ind069	CFF12	6
CFF12_ind070	CFF12	6
CFF12_ind071	CFF12	6
CFF12_ind072	CFF12	6
CFF12_ind073	CFF12	6
CFF12_ind074	CFF12	6
CFF12_ind075	CFF12	6
CFF12_ind076	CFF12	6
CFF12_ind077	CFF12	6
CFF12_ind078	CFF12	6
CFF12_ind079	CFF12	6
CFF12_ind080	CFF12	6
CFF12_ind082	CFF12	6
CFF12_ind083	CFF12	6
CFF12_ind084	CFF12	6
CFF12_ind085	CFF12	6
CFF12_ind086	CFF12	6
CFF12_ind087	CFF12	6
CFF12_ind088	CFF12	6
CFF12_ind089	CFF12	6
CFF12_ind090	CFF12	6
CFF12_ind091	CFF12	6
CFF12_ind092	CFF12	6
CFF12_ind093	CFF12	6
CFF12_ind094	CFF12	6
CFF12_ind095	CFF12	6
CFF12_ind096	CFF12	6
CFF12_ind097	CFF12	6
CFF12_ind098	CFF12	6
CFF12_ind099	CFF12	6
CFF12_ind100	CFF12	6
CFF12_ind101	CFF12	6
CFF12_ind102	CFF12	6
CFF12_ind103	CFF12	6
CFF12_ind104	CFF12	6
CFF12_ind105	CFF12	6
CFF12_ind106	CFF12	6
CFF12_ind107	CFF12	6
CFF12_ind108	CFF12	6
CFF12_ind109	CFF12	6
CFF12_ind110	CFF12	6
CFF12_ind111	CFF12	6
CFF12_ind112	CFF12	6
CFF12_ind113	CFF12	6
CFF12_ind114	CFF12	6
CFF12_ind001	CFF12	7
CFF12_ind002	CFF12	7
CFF12_ind003	CFF12	7
CFF12_ind004	CFF12	7
CFF12_ind005	CFF12	7
CFF12_ind006	CFF12	7
CFF12_ind008	CFF12	7
CFF12_ind009	CFF12	7
CFF12_ind011	CFF12	7
CFF12_ind012	CFF12	7
CFF12_ind013	CFF12	7
CFF12_ind014	CFF12	7
CFF12_ind015	CFF12	7
CFF12_ind016	CFF12	7
CFF12_ind017	CFF12	7
CFF12_ind018	CFF12	7
CFF12_ind019	CFF12	7
CFF12_ind020	CFF12	7
CFF12_ind021	CFF12	7
CFF12_ind022	CFF12	7
CFF12_ind023	CFF12	7
CFF12_ind024	CFF12	7
CFF12_ind025	CFF12	7
CFF12_ind026	CFF12	7
CFF12_ind027	CFF12	7
CFF12_ind028	CFF12	7
CFF12_ind029	CFF12	7
CFF12_ind030	CFF12	7
CFF12_ind031	CFF12	7
CFF12_ind032	CFF12	7
CFF12_ind033	CFF12	7
CFF12_ind034	CFF12	7
CFF12_ind035	CFF12	7
CFF12_ind036	CFF12	7
CFF12_ind037	CFF12	7
CFF12_ind038	CFF12	7
CFF12_ind039	CFF12	7
CFF12_ind040	CFF12	7
CFF12_ind041	CFF12	7
CFF12_ind042	CFF12	7
CFF12_ind043	CFF12	7
CFF12_ind044	CFF12	7
CFF12_ind045	CFF12	7
CFF12_ind046	CFF12	7
CFF12_ind047	CFF12	7
CFF12_ind048	CFF12	7
CFF12_ind049	CFF12	7
CFF12_ind050	CFF12	7
CFF12_ind051	CFF12	7
CFF12_ind052	CFF12	7
CFF12_ind053	CFF12	7
CFF12_ind054	CFF12	7
CFF12_ind055	CFF12	7
CFF12_ind056	CFF12	7
CFF12_ind057	CFF12	7
CFF12_ind058	CFF12	7
CFF12_ind059	CFF12	7
CFF12_ind060	CFF12	7
CFF12_ind062	CFF12	7
CFF12_ind063	CFF12	7
CFF12_ind064	CFF12	7
CFF12_ind065	CFF12	7
CFF12_ind066	CFF12	7
CFF12_ind067	CFF12	7
CFF12_ind068	CFF12	7
CFF12_ind069	CFF12	7
CFF12_ind070	CFF12	7
CFF12_ind071	CFF12	7
CFF12_ind072	CFF12	7
CFF12_ind073	CFF12	7
CFF12_ind074	CFF12	7
CFF12_ind075	CFF12	7
CFF12_ind076	CFF12	7
CFF12_ind077	CFF12	7
CFF12_ind078	CFF12	7
CFF12_ind079	CFF12	7
CFF12_ind080	CFF12	7
CFF12_ind082	CFF12	7
CFF12_ind083	CFF12	7
CFF12_ind084	CFF12	7
CFF12_ind085	CFF12	7
CFF12_ind086	CFF12	7
CFF12_ind087	CFF12	7
CFF12_ind088	CFF12	7
CFF12_ind089	CFF12	7
CFF12_ind090	CFF12	7
CFF12_ind091	CFF12	7
CFF12_ind092	CFF12	7
CFF12_ind093	CFF12	7
CFF12_ind094	CFF12	7
CFF12_ind095	CFF12	7
CFF12_ind096	CFF12	7
CFF12_ind097	CFF12	7
CFF12_ind098	CFF12	7
CFF12_ind099	CFF12	7
CFF12_ind100	CFF12	7
CFF12_ind101	CFF12	7
CFF12_ind102	CFF12	7
CFF12_ind103	CFF12	7
CFF12_ind104	CFF12	7
CFF12_ind105	CFF12	7
CFF12_ind106	CFF12	7
CFF12_ind107	CFF12	7
CFF12_ind108	CFF12	7
CFF12_ind109	CFF12	7
CFF12_ind110	CFF12	7
CFF12_ind111	CFF12	7
CFF12_ind112	CFF12	7
CFF12_ind113	CFF12	7
CFF12_ind114	CFF12	7
CFF12_ind001	CFF12	8
CFF12_ind002	CFF12	8
CFF12_ind003	CFF12	8
CFF12_ind004	CFF12	8
CFF12_ind005	CFF12	8
CFF12_ind006	CFF12	8
CFF12_ind008	CFF12	8
CFF12_ind009	CFF12	8
CFF12_ind011	CFF12	8
CFF12_ind012	CFF12	8
CFF12_ind013	CFF12	8
CFF12_ind014	CFF12	8
CFF12_ind015	CFF12	8
CFF12_ind016	CFF12	8
CFF12_ind017	CFF12	8
CFF12_ind018	CFF12	8
CFF12_ind019	CFF12	8
CFF12_ind020	CFF12	8
CFF12_ind021	CFF12	8
CFF12_ind022	CFF12	8
CFF12_ind023	CFF12	8
CFF12_ind024	CFF12	8
CFF12_ind025	CFF12	8
CFF12_ind026	CFF12	8
CFF12_ind027	CFF12	8
CFF12_ind028	CFF12	8
CFF12_ind029	CFF12	8
CFF12_ind030	CFF12	8
CFF12_ind031	CFF12	8
CFF12_ind032	CFF12	8
CFF12_ind033	CFF12	8
CFF12_ind034	CFF12	8
CFF12_ind035	CFF12	8
CFF12_ind036	CFF12	8
CFF12_ind037	CFF12	8
CFF12_ind038	CFF12	8
CFF12_ind039	CFF12	8
CFF12_ind040	CFF12	8
CFF12_ind041	CFF12	8
CFF12_ind042	CFF12	8
CFF12_ind043	CFF12	8
CFF12_ind044	CFF12	8
CFF12_ind045	CFF12	8
CFF12_ind046	CFF12	8
CFF12_ind047	CFF12	8
CFF12_ind048	CFF12	8
CFF12_ind049	CFF12	8
CFF12_ind050	CFF12	8
CFF12_ind051	CFF12	8
CFF12_ind052	CFF12	8
CFF12_ind053	CFF12	8
CFF12_ind054	CFF12	8
CFF12_ind055	CFF12	8
CFF12_ind056	CFF12	8
CFF12_ind057	CFF12	8
CFF12_ind058	CFF12	8
CFF12_ind059	CFF12	8
CFF12_ind060	CFF12	8
CFF12_ind062	CFF12	8
CFF12_ind063	CFF12	8
CFF12_ind064	CFF12	8
CFF12_ind065	CFF12	8
CFF12_ind066	CFF12	8
CFF12_ind067	CFF12	8
CFF12_ind068	CFF12	8
CFF12_ind069	CFF12	8
CFF12_ind070	CFF12	8
CFF12_ind071	CFF12	8
CFF12_ind072	CFF12	8
CFF12_ind073	CFF12	8
CFF12_ind074	CFF12	8
CFF12_ind075	CFF12	8
CFF12_ind076	CFF12	8
CFF12_ind077	CFF12	8
CFF12_ind078	CFF12	8
CFF12_ind079	CFF12	8
CFF12_ind080	CFF12	8
CFF12_ind082	CFF12	8
CFF12_ind083	CFF12	8
CFF12_ind084	CFF12	8
CFF12_ind085	CFF12	8
CFF12_ind086	CFF12	8
CFF12_ind087	CFF12	8
CFF12_ind088	CFF12	8
CFF12_ind089	CFF12	8
CFF12_ind090	CFF12	8
CFF12_ind091	CFF12	8
CFF12_ind092	CFF12	8
CFF12_ind093	CFF12	8
CFF12_ind094	CFF12	8
CFF12_ind095	CFF12	8
CFF12_ind096	CFF12	8
CFF12_ind097	CFF12	8
CFF12_ind098	CFF12	8
CFF12_ind099	CFF12	8
CFF12_ind100	CFF12	8
CFF12_ind101	CFF12	8
CFF12_ind102	CFF12	8
CFF12_ind103	CFF12	8
CFF12_ind104	CFF12	8
CFF12_ind105	CFF12	8
CFF12_ind106	CFF12	8
CFF12_ind107	CFF12	8
CFF12_ind108	CFF12	8
CFF12_ind109	CFF12	8
CFF12_ind110	CFF12	8
CFF12_ind111	CFF12	8
CFF12_ind112	CFF12	8
CFF12_ind113	CFF12	8
CFF12_ind114	CFF12	8
CFF12_ind001	CFF12	9
CFF12_ind002	CFF12	9
CFF12_ind003	CFF12	9
CFF12_ind004	CFF12	9
CFF12_ind005	CFF12	9
CFF12_ind006	CFF12	9
CFF12_ind008	CFF12	9
CFF12_ind009	CFF12	9
CFF12_ind011	CFF12	9
CFF12_ind012	CFF12	9
CFF12_ind013	CFF12	9
CFF12_ind014	CFF12	9
CFF12_ind015	CFF12	9
CFF12_ind016	CFF12	9
CFF12_ind017	CFF12	9
CFF12_ind018	CFF12	9
CFF12_ind019	CFF12	9
CFF12_ind020	CFF12	9
CFF12_ind021	CFF12	9
CFF12_ind022	CFF12	9
CFF12_ind023	CFF12	9
CFF12_ind024	CFF12	9
CFF12_ind025	CFF12	9
CFF12_ind026	CFF12	9
CFF12_ind027	CFF12	9
CFF12_ind028	CFF12	9
CFF12_ind029	CFF12	9
CFF12_ind030	CFF12	9
CFF12_ind031	CFF12	9
CFF12_ind032	CFF12	9
CFF12_ind033	CFF12	9
CFF12_ind034	CFF12	9
CFF12_ind035	CFF12	9
CFF12_ind036	CFF12	9
CFF12_ind037	CFF12	9
CFF12_ind038	CFF12	9
CFF12_ind039	CFF12	9
CFF12_ind040	CFF12	9
CFF12_ind041	CFF12	9
CFF12_ind042	CFF12	9
CFF12_ind043	CFF12	9
CFF12_ind044	CFF12	9
CFF12_ind045	CFF12	9
CFF12_ind046	CFF12	9
CFF12_ind047	CFF12	9
CFF12_ind048	CFF12	9
CFF12_ind049	CFF12	9
CFF12_ind050	CFF12	9
CFF12_ind051	CFF12	9
CFF12_ind052	CFF12	9
CFF12_ind053	CFF12	9
CFF12_ind054	CFF12	9
CFF12_ind055	CFF12	9
CFF12_ind056	CFF12	9
CFF12_ind057	CFF12	9
CFF12_ind058	CFF12	9
CFF12_ind059	CFF12	9
CFF12_ind060	CFF12	9
CFF12_ind062	CFF12	9
CFF12_ind063	CFF12	9
CFF12_ind064	CFF12	9
CFF12_ind065	CFF12	9
CFF12_ind066	CFF12	9
CFF12_ind067	CFF12	9
CFF12_ind068	CFF12	9
CFF12_ind069	CFF12	9
CFF12_ind070	CFF12	9
CFF12_ind071	CFF12	9
CFF12_ind072	CFF12	9
CFF12_ind073	CFF12	9
CFF12_ind074	CFF12	9
CFF12_ind075	CFF12	9
CFF12_ind076	CFF12	9
CFF12_ind077	CFF12	9
CFF12_ind078	CFF12	9
CFF12_ind079	CFF12	9
CFF12_ind080	CFF12	9
CFF12_ind082	CFF12	9
CFF12_ind083	CFF12	9
CFF12_ind084	CFF12	9
CFF12_ind085	CFF12	9
CFF12_ind086	CFF12	9
CFF12_ind087	CFF12	9
CFF12_ind088	CFF12	9
CFF12_ind089	CFF12	9
CFF12_ind090	CFF12	9
CFF12_ind091	CFF12	9
CFF12_ind092	CFF12	9
CFF12_ind093	CFF12	9
CFF12_ind094	CFF12	9
CFF12_ind095	CFF12	9
CFF12_ind096	CFF12	9
CFF12_ind097	CFF12	9
CFF12_ind098	CFF12	9
CFF12_ind099	CFF12	9
CFF12_ind100	CFF12	9
CFF12_ind101	CFF12	9
CFF12_ind102	CFF12	9
CFF12_ind103	CFF12	9
CFF12_ind104	CFF12	9
CFF12_ind105	CFF12	9
CFF12_ind106	CFF12	9
CFF12_ind107	CFF12	9
CFF12_ind108	CFF12	9
CFF12_ind109	CFF12	9
CFF12_ind110	CFF12	9
CFF12_ind111	CFF12	9
CFF12_ind112	CFF12	9
CFF12_ind113	CFF12	9
CFF12_ind114	CFF12	9
CFF12_ind001	CFF12	10
CFF12_ind002	CFF12	10
CFF12_ind003	CFF12	10
CFF12_ind004	CFF12	10
CFF12_ind005	CFF12	10
CFF12_ind006	CFF12	10
CFF12_ind008	CFF12	10
CFF12_ind009	CFF12	10
CFF12_ind011	CFF12	10
CFF12_ind012	CFF12	10
CFF12_ind013	CFF12	10
CFF12_ind014	CFF12	10
CFF12_ind015	CFF12	10
CFF12_ind016	CFF12	10
CFF12_ind017	CFF12	10
CFF12_ind018	CFF12	10
CFF12_ind019	CFF12	10
CFF12_ind020	CFF12	10
CFF12_ind021	CFF12	10
CFF12_ind022	CFF12	10
CFF12_ind023	CFF12	10
CFF12_ind024	CFF12	10
CFF12_ind025	CFF12	10
CFF12_ind026	CFF12	10
CFF12_ind027	CFF12	10
CFF12_ind028	CFF12	10
CFF12_ind029	CFF12	10
CFF12_ind030	CFF12	10
CFF12_ind031	CFF12	10
CFF12_ind032	CFF12	10
CFF12_ind033	CFF12	10
CFF12_ind034	CFF12	10
CFF12_ind035	CFF12	10
CFF12_ind036	CFF12	10
CFF12_ind037	CFF12	10
CFF12_ind038	CFF12	10
CFF12_ind039	CFF12	10
CFF12_ind040	CFF12	10
CFF12_ind041	CFF12	10
CFF12_ind042	CFF12	10
CFF12_ind043	CFF12	10
CFF12_ind044	CFF12	10
CFF12_ind045	CFF12	10
CFF12_ind046	CFF12	10
CFF12_ind047	CFF12	10
CFF12_ind048	CFF12	10
CFF12_ind049	CFF12	10
CFF12_ind050	CFF12	10
CFF12_ind051	CFF12	10
CFF12_ind052	CFF12	10
CFF12_ind053	CFF12	10
CFF12_ind054	CFF12	10
CFF12_ind055	CFF12	10
CFF12_ind056	CFF12	10
CFF12_ind057	CFF12	10
CFF12_ind058	CFF12	10
CFF12_ind059	CFF12	10
CFF12_ind060	CFF12	10
CFF12_ind062	CFF12	10
CFF12_ind063	CFF12	10
CFF12_ind064	CFF12	10
CFF12_ind065	CFF12	10
CFF12_ind066	CFF12	10
CFF12_ind067	CFF12	10
CFF12_ind068	CFF12	10
CFF12_ind069	CFF12	10
CFF12_ind070	CFF12	10
CFF12_ind071	CFF12	10
CFF12_ind072	CFF12	10
CFF12_ind073	CFF12	10
CFF12_ind074	CFF12	10
CFF12_ind075	CFF12	10
CFF12_ind076	CFF12	10
CFF12_ind077	CFF12	10
CFF12_ind078	CFF12	10
CFF12_ind079	CFF12	10
CFF12_ind080	CFF12	10
CFF12_ind082	CFF12	10
CFF12_ind083	CFF12	10
CFF12_ind084	CFF12	10
CFF12_ind085	CFF12	10
CFF12_ind086	CFF12	10
CFF12_ind087	CFF12	10
CFF12_ind088	CFF12	10
CFF12_ind089	CFF12	10
CFF12_ind090	CFF12	10
CFF12_ind091	CFF12	10
CFF12_ind092	CFF12	10
CFF12_ind093	CFF12	10
CFF12_ind094	CFF12	10
CFF12_ind095	CFF12	10
CFF12_ind096	CFF12	10
CFF12_ind097	CFF12	10
CFF12_ind098	CFF12	10
CFF12_ind099	CFF12	10
CFF12_ind100	CFF12	10
CFF12_ind101	CFF12	10
CFF12_ind102	CFF12	10
CFF12_ind103	CFF12	10
CFF12_ind104	CFF12	10
CFF12_ind105	CFF12	10
CFF12_ind106	CFF12	10
CFF12_ind107	CFF12	10
CFF12_ind108	CFF12	10
CFF12_ind109	CFF12	10
CFF12_ind110	CFF12	10
CFF12_ind111	CFF12	10
CFF12_ind112	CFF12	10
CFF12_ind113	CFF12	10
CFF12_ind114	CFF12	10
CFF13_ind001	CFF13	1
CFF13_ind002	CFF13	1
CFF13_ind003	CFF13	1
CFF13_ind004	CFF13	1
CFF13_ind005	CFF13	1
CFF13_ind006	CFF13	1
CFF13_ind007	CFF13	1
CFF13_ind008	CFF13	1
CFF13_ind009	CFF13	1
CFF13_ind010	CFF13	1
CFF13_ind011	CFF13	1
CFF13_ind012	CFF13	1
CFF13_ind013	CFF13	1
CFF13_ind014	CFF13	1
CFF13_ind015	CFF13	1
CFF13_ind016	CFF13	1
CFF13_ind017	CFF13	1
CFF13_ind018	CFF13	1
CFF13_ind019	CFF13	1
CFF13_ind020	CFF13	1
CFF13_ind021	CFF13	1
CFF13_ind023	CFF13	1
CFF13_ind024	CFF13	1
CFF13_ind025	CFF13	1
CFF13_ind026	CFF13	1
CFF13_ind027	CFF13	1
CFF13_ind028	CFF13	1
CFF13_ind029	CFF13	1
CFF13_ind030	CFF13	1
CFF13_ind031	CFF13	1
CFF13_ind032	CFF13	1
CFF13_ind033	CFF13	1
CFF13_ind034	CFF13	1
CFF13_ind035	CFF13	1
CFF13_ind036	CFF13	1
CFF13_ind037	CFF13	1
CFF13_ind038	CFF13	1
CFF13_ind039	CFF13	1
CFF13_ind040	CFF13	1
CFF13_ind041	CFF13	1
CFF13_ind042	CFF13	1
CFF13_ind043	CFF13	1
CFF13_ind047	CFF13	1
CFF13_ind048	CFF13	1
CFF13_ind049	CFF13	1
CFF13_ind050	CFF13	1
CFF13_ind051	CFF13	1
CFF13_ind052	CFF13	1
CFF13_ind053	CFF13	1
CFF13_ind054	CFF13	1
CFF13_ind055	CFF13	1
CFF13_ind056	CFF13	1
CFF13_ind057	CFF13	1
CFF13_ind058	CFF13	1
CFF13_ind059	CFF13	1
CFF13_ind060	CFF13	1
CFF13_ind061	CFF13	1
CFF13_ind062	CFF13	1
CFF13_ind063	CFF13	1
CFF13_ind064	CFF13	1
CFF13_ind065	CFF13	1
CFF13_ind066	CFF13	1
CFF13_ind067	CFF13	1
CFF13_ind069	CFF13	1
CFF13_ind070	CFF13	1
CFF13_ind071	CFF13	1
CFF13_ind072	CFF13	1
CFF13_ind073	CFF13	1
CFF13_ind074	CFF13	1
CFF13_ind075	CFF13	1
CFF13_ind077	CFF13	1
CFF13_ind078	CFF13	1
CFF13_ind079	CFF13	1
CFF13_ind080	CFF13	1
CFF13_ind081	CFF13	1
CFF13_ind082	CFF13	1
CFF13_ind083	CFF13	1
CFF13_ind084	CFF13	1
CFF13_ind085	CFF13	1
CFF13_ind086	CFF13	1
CFF13_ind087	CFF13	1
CFF13_ind088	CFF13	1
CFF13_ind089	CFF13	1
CFF13_ind090	CFF13	1
CFF13_ind092	CFF13	1
CFF13_ind093	CFF13	1
CFF13_ind094	CFF13	1
CFF13_ind095	CFF13	1
CFF13_ind096	CFF13	1
CFF13_ind098	CFF13	1
CFF13_ind099	CFF13	1
CFF13_ind100	CFF13	1
CFF13_ind101	CFF13	1
CFF13_ind102	CFF13	1
CFF13_ind103	CFF13	1
CFF13_ind104	CFF13	1
CFF13_ind105	CFF13	1
CFF13_ind106	CFF13	1
CFF13_ind107	CFF13	1
CFF13_ind108	CFF13	1
CFF13_ind109	CFF13	1
CFF13_ind110	CFF13	1
CFF13_ind111	CFF13	1
CFF13_ind112	CFF13	1
CFF13_ind113	CFF13	1
CFF13_ind114	CFF13	1
CFF13_ind115	CFF13	1
CFF13_ind116	CFF13	1
CFF13_ind117	CFF13	1
CFF13_ind001	CFF13	2
CFF13_ind002	CFF13	2
CFF13_ind003	CFF13	2
CFF13_ind004	CFF13	2
CFF13_ind005	CFF13	2
CFF13_ind006	CFF13	2
CFF13_ind007	CFF13	2
CFF13_ind008	CFF13	2
CFF13_ind009	CFF13	2
CFF13_ind010	CFF13	2
CFF13_ind011	CFF13	2
CFF13_ind012	CFF13	2
CFF13_ind013	CFF13	2
CFF13_ind014	CFF13	2
CFF13_ind015	CFF13	2
CFF13_ind016	CFF13	2
CFF13_ind017	CFF13	2
CFF13_ind018	CFF13	2
CFF13_ind019	CFF13	2
CFF13_ind020	CFF13	2
CFF13_ind021	CFF13	2
CFF13_ind023	CFF13	2
CFF13_ind024	CFF13	2
CFF13_ind025	CFF13	2
CFF13_ind026	CFF13	2
CFF13_ind027	CFF13	2
CFF13_ind028	CFF13	2
CFF13_ind029	CFF13	2
CFF13_ind030	CFF13	2
CFF13_ind031	CFF13	2
CFF13_ind032	CFF13	2
CFF13_ind033	CFF13	2
CFF13_ind034	CFF13	2
CFF13_ind035	CFF13	2
CFF13_ind036	CFF13	2
CFF13_ind037	CFF13	2
CFF13_ind038	CFF13	2
CFF13_ind039	CFF13	2
CFF13_ind040	CFF13	2
CFF13_ind041	CFF13	2
CFF13_ind042	CFF13	2
CFF13_ind043	CFF13	2
CFF13_ind047	CFF13	2
CFF13_ind048	CFF13	2
CFF13_ind049	CFF13	2
CFF13_ind050	CFF13	2
CFF13_ind051	CFF13	2
CFF13_ind052	CFF13	2
CFF13_ind053	CFF13	2
CFF13_ind054	CFF13	2
CFF13_ind055	CFF13	2
CFF13_ind056	CFF13	2
CFF13_ind057	CFF13	2
CFF13_ind058	CFF13	2
CFF13_ind059	CFF13	2
CFF13_ind060	CFF13	2
CFF13_ind061	CFF13	2
CFF13_ind062	CFF13	2
CFF13_ind063	CFF13	2
CFF13_ind064	CFF13	2
CFF13_ind065	CFF13	2
CFF13_ind066	CFF13	2
CFF13_ind067	CFF13	2
CFF13_ind069	CFF13	2
CFF13_ind070	CFF13	2
CFF13_ind071	CFF13	2
CFF13_ind072	CFF13	2
CFF13_ind073	CFF13	2
CFF13_ind074	CFF13	2
CFF13_ind075	CFF13	2
CFF13_ind077	CFF13	2
CFF13_ind078	CFF13	2
CFF13_ind079	CFF13	2
CFF13_ind080	CFF13	2
CFF13_ind081	CFF13	2
CFF13_ind082	CFF13	2
CFF13_ind083	CFF13	2
CFF13_ind084	CFF13	2
CFF13_ind085	CFF13	2
CFF13_ind086	CFF13	2
CFF13_ind087	CFF13	2
CFF13_ind088	CFF13	2
CFF13_ind089	CFF13	2
CFF13_ind090	CFF13	2
CFF13_ind092	CFF13	2
CFF13_ind093	CFF13	2
CFF13_ind094	CFF13	2
CFF13_ind095	CFF13	2
CFF13_ind096	CFF13	2
CFF13_ind098	CFF13	2
CFF13_ind099	CFF13	2
CFF13_ind100	CFF13	2
CFF13_ind101	CFF13	2
CFF13_ind102	CFF13	2
CFF13_ind103	CFF13	2
CFF13_ind104	CFF13	2
CFF13_ind105	CFF13	2
CFF13_ind106	CFF13	2
CFF13_ind107	CFF13	2
CFF13_ind108	CFF13	2
CFF13_ind109	CFF13	2
CFF13_ind110	CFF13	2
CFF13_ind111	CFF13	2
CFF13_ind112	CFF13	2
CFF13_ind113	CFF13	2
CFF13_ind114	CFF13	2
CFF13_ind115	CFF13	2
CFF13_ind116	CFF13	2
CFF13_ind117	CFF13	2
CFF13_ind001	CFF13	3
CFF13_ind002	CFF13	3
CFF13_ind003	CFF13	3
CFF13_ind004	CFF13	3
CFF13_ind005	CFF13	3
CFF13_ind006	CFF13	3
CFF13_ind007	CFF13	3
CFF13_ind008	CFF13	3
CFF13_ind009	CFF13	3
CFF13_ind010	CFF13	3
CFF13_ind011	CFF13	3
CFF13_ind012	CFF13	3
CFF13_ind013	CFF13	3
CFF13_ind014	CFF13	3
CFF13_ind015	CFF13	3
CFF13_ind016	CFF13	3
CFF13_ind017	CFF13	3
CFF13_ind018	CFF13	3
CFF13_ind019	CFF13	3
CFF13_ind020	CFF13	3
CFF13_ind021	CFF13	3
CFF13_ind023	CFF13	3
CFF13_ind024	CFF13	3
CFF13_ind025	CFF13	3
CFF13_ind026	CFF13	3
CFF13_ind027	CFF13	3
CFF13_ind028	CFF13	3
CFF13_ind029	CFF13	3
CFF13_ind030	CFF13	3
CFF13_ind031	CFF13	3
CFF13_ind032	CFF13	3
CFF13_ind033	CFF13	3
CFF13_ind034	CFF13	3
CFF13_ind035	CFF13	3
CFF13_ind036	CFF13	3
CFF13_ind037	CFF13	3
CFF13_ind038	CFF13	3
CFF13_ind039	CFF13	3
CFF13_ind040	CFF13	3
CFF13_ind041	CFF13	3
CFF13_ind042	CFF13	3
CFF13_ind043	CFF13	3
CFF13_ind047	CFF13	3
CFF13_ind048	CFF13	3
CFF13_ind049	CFF13	3
CFF13_ind050	CFF13	3
CFF13_ind051	CFF13	3
CFF13_ind052	CFF13	3
CFF13_ind053	CFF13	3
CFF13_ind054	CFF13	3
CFF13_ind055	CFF13	3
CFF13_ind056	CFF13	3
CFF13_ind057	CFF13	3
CFF13_ind058	CFF13	3
CFF13_ind059	CFF13	3
CFF13_ind060	CFF13	3
CFF13_ind061	CFF13	3
CFF13_ind062	CFF13	3
CFF13_ind063	CFF13	3
CFF13_ind064	CFF13	3
CFF13_ind065	CFF13	3
CFF13_ind066	CFF13	3
CFF13_ind067	CFF13	3
CFF13_ind069	CFF13	3
CFF13_ind070	CFF13	3
CFF13_ind071	CFF13	3
CFF13_ind072	CFF13	3
CFF13_ind073	CFF13	3
CFF13_ind074	CFF13	3
CFF13_ind075	CFF13	3
CFF13_ind077	CFF13	3
CFF13_ind078	CFF13	3
CFF13_ind079	CFF13	3
CFF13_ind080	CFF13	3
CFF13_ind081	CFF13	3
CFF13_ind082	CFF13	3
CFF13_ind083	CFF13	3
CFF13_ind084	CFF13	3
CFF13_ind085	CFF13	3
CFF13_ind086	CFF13	3
CFF13_ind087	CFF13	3
CFF13_ind088	CFF13	3
CFF13_ind089	CFF13	3
CFF13_ind090	CFF13	3
CFF13_ind092	CFF13	3
CFF13_ind093	CFF13	3
CFF13_ind094	CFF13	3
CFF13_ind095	CFF13	3
CFF13_ind096	CFF13	3
CFF13_ind098	CFF13	3
CFF13_ind099	CFF13	3
CFF13_ind100	CFF13	3
CFF13_ind101	CFF13	3
CFF13_ind102	CFF13	3
CFF13_ind103	CFF13	3
CFF13_ind104	CFF13	3
CFF13_ind105	CFF13	3
CFF13_ind106	CFF13	3
CFF13_ind107	CFF13	3
CFF13_ind108	CFF13	3
CFF13_ind109	CFF13	3
CFF13_ind110	CFF13	3
CFF13_ind111	CFF13	3
CFF13_ind112	CFF13	3
CFF13_ind113	CFF13	3
CFF13_ind114	CFF13	3
CFF13_ind115	CFF13	3
CFF13_ind116	CFF13	3
CFF13_ind117	CFF13	3
CFF13_ind001	CFF13	4
CFF13_ind002	CFF13	4
CFF13_ind003	CFF13	4
CFF13_ind004	CFF13	4
CFF13_ind005	CFF13	4
CFF13_ind006	CFF13	4
CFF13_ind007	CFF13	4
CFF13_ind008	CFF13	4
CFF13_ind009	CFF13	4
CFF13_ind010	CFF13	4
CFF13_ind011	CFF13	4
CFF13_ind012	CFF13	4
CFF13_ind013	CFF13	4
CFF13_ind014	CFF13	4
CFF13_ind015	CFF13	4
CFF13_ind016	CFF13	4
CFF13_ind017	CFF13	4
CFF13_ind018	CFF13	4
CFF13_ind019	CFF13	4
CFF13_ind020	CFF13	4
CFF13_ind021	CFF13	4
CFF13_ind023	CFF13	4
CFF13_ind024	CFF13	4
CFF13_ind025	CFF13	4
CFF13_ind026	CFF13	4
CFF13_ind027	CFF13	4
CFF13_ind028	CFF13	4
CFF13_ind029	CFF13	4
CFF13_ind030	CFF13	4
CFF13_ind031	CFF13	4
CFF13_ind032	CFF13	4
CFF13_ind033	CFF13	4
CFF13_ind034	CFF13	4
CFF13_ind035	CFF13	4
CFF13_ind036	CFF13	4
CFF13_ind037	CFF13	4
CFF13_ind038	CFF13	4
CFF13_ind039	CFF13	4
CFF13_ind040	CFF13	4
CFF13_ind041	CFF13	4
CFF13_ind042	CFF13	4
CFF13_ind043	CFF13	4
CFF13_ind047	CFF13	4
CFF13_ind048	CFF13	4
CFF13_ind049	CFF13	4
CFF13_ind050	CFF13	4
CFF13_ind051	CFF13	4
CFF13_ind052	CFF13	4
CFF13_ind053	CFF13	4
CFF13_ind054	CFF13	4
CFF13_ind055	CFF13	4
CFF13_ind056	CFF13	4
CFF13_ind057	CFF13	4
CFF13_ind058	CFF13	4
CFF13_ind059	CFF13	4
CFF13_ind060	CFF13	4
CFF13_ind061	CFF13	4
CFF13_ind062	CFF13	4
CFF13_ind063	CFF13	4
CFF13_ind064	CFF13	4
CFF13_ind065	CFF13	4
CFF13_ind066	CFF13	4
CFF13_ind067	CFF13	4
CFF13_ind069	CFF13	4
CFF13_ind070	CFF13	4
CFF13_ind071	CFF13	4
CFF13_ind072	CFF13	4
CFF13_ind073	CFF13	4
CFF13_ind074	CFF13	4
CFF13_ind075	CFF13	4
CFF13_ind077	CFF13	4
CFF13_ind078	CFF13	4
CFF13_ind079	CFF13	4
CFF13_ind080	CFF13	4
CFF13_ind081	CFF13	4
CFF13_ind082	CFF13	4
CFF13_ind083	CFF13	4
CFF13_ind084	CFF13	4
CFF13_ind085	CFF13	4
CFF13_ind086	CFF13	4
CFF13_ind087	CFF13	4
CFF13_ind088	CFF13	4
CFF13_ind089	CFF13	4
CFF13_ind090	CFF13	4
CFF13_ind092	CFF13	4
CFF13_ind093	CFF13	4
CFF13_ind094	CFF13	4
CFF13_ind095	CFF13	4
CFF13_ind096	CFF13	4
CFF13_ind098	CFF13	4
CFF13_ind099	CFF13	4
CFF13_ind100	CFF13	4
CFF13_ind101	CFF13	4
CFF13_ind102	CFF13	4
CFF13_ind103	CFF13	4
CFF13_ind104	CFF13	4
CFF13_ind105	CFF13	4
CFF13_ind106	CFF13	4
CFF13_ind107	CFF13	4
CFF13_ind108	CFF13	4
CFF13_ind109	CFF13	4
CFF13_ind110	CFF13	4
CFF13_ind111	CFF13	4
CFF13_ind112	CFF13	4
CFF13_ind113	CFF13	4
CFF13_ind114	CFF13	4
CFF13_ind115	CFF13	4
CFF13_ind116	CFF13	4
CFF13_ind117	CFF13	4
CFF13_ind001	CFF13	5
CFF13_ind002	CFF13	5
CFF13_ind003	CFF13	5
CFF13_ind004	CFF13	5
CFF13_ind005	CFF13	5
CFF13_ind006	CFF13	5
CFF13_ind007	CFF13	5
CFF13_ind008	CFF13	5
CFF13_ind009	CFF13	5
CFF13_ind010	CFF13	5
CFF13_ind011	CFF13	5
CFF13_ind012	CFF13	5
CFF13_ind013	CFF13	5
CFF13_ind014	CFF13	5
CFF13_ind015	CFF13	5
CFF13_ind016	CFF13	5
CFF13_ind017	CFF13	5
CFF13_ind018	CFF13	5
CFF13_ind019	CFF13	5
CFF13_ind020	CFF13	5
CFF13_ind021	CFF13	5
CFF13_ind023	CFF13	5
CFF13_ind024	CFF13	5
CFF13_ind025	CFF13	5
CFF13_ind026	CFF13	5
CFF13_ind027	CFF13	5
CFF13_ind028	CFF13	5
CFF13_ind029	CFF13	5
CFF13_ind030	CFF13	5
CFF13_ind031	CFF13	5
CFF13_ind032	CFF13	5
CFF13_ind033	CFF13	5
CFF13_ind034	CFF13	5
CFF13_ind035	CFF13	5
CFF13_ind036	CFF13	5
CFF13_ind037	CFF13	5
CFF13_ind038	CFF13	5
CFF13_ind039	CFF13	5
CFF13_ind040	CFF13	5
CFF13_ind041	CFF13	5
CFF13_ind042	CFF13	5
CFF13_ind043	CFF13	5
CFF13_ind047	CFF13	5
CFF13_ind048	CFF13	5
CFF13_ind049	CFF13	5
CFF13_ind050	CFF13	5
CFF13_ind051	CFF13	5
CFF13_ind052	CFF13	5
CFF13_ind053	CFF13	5
CFF13_ind054	CFF13	5
CFF13_ind055	CFF13	5
CFF13_ind056	CFF13	5
CFF13_ind057	CFF13	5
CFF13_ind058	CFF13	5
CFF13_ind059	CFF13	5
CFF13_ind060	CFF13	5
CFF13_ind061	CFF13	5
CFF13_ind062	CFF13	5
CFF13_ind063	CFF13	5
CFF13_ind064	CFF13	5
CFF13_ind065	CFF13	5
CFF13_ind066	CFF13	5
CFF13_ind067	CFF13	5
CFF13_ind069	CFF13	5
CFF13_ind070	CFF13	5
CFF13_ind071	CFF13	5
CFF13_ind072	CFF13	5
CFF13_ind073	CFF13	5
CFF13_ind074	CFF13	5
CFF13_ind075	CFF13	5
CFF13_ind077	CFF13	5
CFF13_ind078	CFF13	5
CFF13_ind079	CFF13	5
CFF13_ind080	CFF13	5
CFF13_ind081	CFF13	5
CFF13_ind082	CFF13	5
CFF13_ind083	CFF13	5
CFF13_ind084	CFF13	5
CFF13_ind085	CFF13	5
CFF13_ind086	CFF13	5
CFF13_ind087	CFF13	5
CFF13_ind088	CFF13	5
CFF13_ind089	CFF13	5
CFF13_ind090	CFF13	5
CFF13_ind092	CFF13	5
CFF13_ind093	CFF13	5
CFF13_ind094	CFF13	5
CFF13_ind095	CFF13	5
CFF13_ind096	CFF13	5
CFF13_ind098	CFF13	5
CFF13_ind099	CFF13	5
CFF13_ind100	CFF13	5
CFF13_ind101	CFF13	5
CFF13_ind102	CFF13	5
CFF13_ind103	CFF13	5
CFF13_ind104	CFF13	5
CFF13_ind105	CFF13	5
CFF13_ind106	CFF13	5
CFF13_ind107	CFF13	5
CFF13_ind108	CFF13	5
CFF13_ind109	CFF13	5
CFF13_ind110	CFF13	5
CFF13_ind111	CFF13	5
CFF13_ind112	CFF13	5
CFF13_ind113	CFF13	5
CFF13_ind114	CFF13	5
CFF13_ind115	CFF13	5
CFF13_ind116	CFF13	5
CFF13_ind117	CFF13	5
CFF13_ind001	CFF13	6
CFF13_ind002	CFF13	6
CFF13_ind003	CFF13	6
CFF13_ind004	CFF13	6
CFF13_ind005	CFF13	6
CFF13_ind006	CFF13	6
CFF13_ind007	CFF13	6
CFF13_ind008	CFF13	6
CFF13_ind009	CFF13	6
CFF13_ind010	CFF13	6
CFF13_ind011	CFF13	6
CFF13_ind012	CFF13	6
CFF13_ind013	CFF13	6
CFF13_ind014	CFF13	6
CFF13_ind015	CFF13	6
CFF13_ind016	CFF13	6
CFF13_ind017	CFF13	6
CFF13_ind018	CFF13	6
CFF13_ind019	CFF13	6
CFF13_ind020	CFF13	6
CFF13_ind021	CFF13	6
CFF13_ind023	CFF13	6
CFF13_ind024	CFF13	6
CFF13_ind025	CFF13	6
CFF13_ind026	CFF13	6
CFF13_ind027	CFF13	6
CFF13_ind028	CFF13	6
CFF13_ind029	CFF13	6
CFF13_ind030	CFF13	6
CFF13_ind031	CFF13	6
CFF13_ind032	CFF13	6
CFF13_ind033	CFF13	6
CFF13_ind034	CFF13	6
CFF13_ind035	CFF13	6
CFF13_ind036	CFF13	6
CFF13_ind037	CFF13	6
CFF13_ind038	CFF13	6
CFF13_ind039	CFF13	6
CFF13_ind040	CFF13	6
CFF13_ind041	CFF13	6
CFF13_ind042	CFF13	6
CFF13_ind043	CFF13	6
CFF13_ind047	CFF13	6
CFF13_ind048	CFF13	6
CFF13_ind049	CFF13	6
CFF13_ind050	CFF13	6
CFF13_ind051	CFF13	6
CFF13_ind052	CFF13	6
CFF13_ind053	CFF13	6
CFF13_ind054	CFF13	6
CFF13_ind055	CFF13	6
CFF13_ind056	CFF13	6
CFF13_ind057	CFF13	6
CFF13_ind058	CFF13	6
CFF13_ind059	CFF13	6
CFF13_ind060	CFF13	6
CFF13_ind061	CFF13	6
CFF13_ind062	CFF13	6
CFF13_ind063	CFF13	6
CFF13_ind064	CFF13	6
CFF13_ind065	CFF13	6
CFF13_ind066	CFF13	6
CFF13_ind067	CFF13	6
CFF13_ind069	CFF13	6
CFF13_ind070	CFF13	6
CFF13_ind071	CFF13	6
CFF13_ind072	CFF13	6
CFF13_ind073	CFF13	6
CFF13_ind074	CFF13	6
CFF13_ind075	CFF13	6
CFF13_ind077	CFF13	6
CFF13_ind078	CFF13	6
CFF13_ind079	CFF13	6
CFF13_ind080	CFF13	6
CFF13_ind081	CFF13	6
CFF13_ind082	CFF13	6
CFF13_ind083	CFF13	6
CFF13_ind084	CFF13	6
CFF13_ind085	CFF13	6
CFF13_ind086	CFF13	6
CFF13_ind087	CFF13	6
CFF13_ind088	CFF13	6
CFF13_ind089	CFF13	6
CFF13_ind090	CFF13	6
CFF13_ind092	CFF13	6
CFF13_ind093	CFF13	6
CFF13_ind094	CFF13	6
CFF13_ind095	CFF13	6
CFF13_ind096	CFF13	6
CFF13_ind098	CFF13	6
CFF13_ind099	CFF13	6
CFF13_ind100	CFF13	6
CFF13_ind101	CFF13	6
CFF13_ind102	CFF13	6
CFF13_ind103	CFF13	6
CFF13_ind104	CFF13	6
CFF13_ind105	CFF13	6
CFF13_ind106	CFF13	6
CFF13_ind107	CFF13	6
CFF13_ind108	CFF13	6
CFF13_ind109	CFF13	6
CFF13_ind110	CFF13	6
CFF13_ind111	CFF13	6
CFF13_ind112	CFF13	6
CFF13_ind113	CFF13	6
CFF13_ind114	CFF13	6
CFF13_ind115	CFF13	6
CFF13_ind116	CFF13	6
CFF13_ind117	CFF13	6
CFF13_ind001	CFF13	7
CFF13_ind002	CFF13	7
CFF13_ind003	CFF13	7
CFF13_ind004	CFF13	7
CFF13_ind005	CFF13	7
CFF13_ind006	CFF13	7
CFF13_ind007	CFF13	7
CFF13_ind008	CFF13	7
CFF13_ind009	CFF13	7
CFF13_ind010	CFF13	7
CFF13_ind011	CFF13	7
CFF13_ind012	CFF13	7
CFF13_ind013	CFF13	7
CFF13_ind014	CFF13	7
CFF13_ind015	CFF13	7
CFF13_ind016	CFF13	7
CFF13_ind017	CFF13	7
CFF13_ind018	CFF13	7
CFF13_ind019	CFF13	7
CFF13_ind020	CFF13	7
CFF13_ind021	CFF13	7
CFF13_ind023	CFF13	7
CFF13_ind024	CFF13	7
CFF13_ind025	CFF13	7
CFF13_ind026	CFF13	7
CFF13_ind027	CFF13	7
CFF13_ind028	CFF13	7
CFF13_ind029	CFF13	7
CFF13_ind030	CFF13	7
CFF13_ind031	CFF13	7
CFF13_ind032	CFF13	7
CFF13_ind033	CFF13	7
CFF13_ind034	CFF13	7
CFF13_ind035	CFF13	7
CFF13_ind036	CFF13	7
CFF13_ind037	CFF13	7
CFF13_ind038	CFF13	7
CFF13_ind039	CFF13	7
CFF13_ind040	CFF13	7
CFF13_ind041	CFF13	7
CFF13_ind042	CFF13	7
CFF13_ind043	CFF13	7
CFF13_ind047	CFF13	7
CFF13_ind048	CFF13	7
CFF13_ind049	CFF13	7
CFF13_ind050	CFF13	7
CFF13_ind051	CFF13	7
CFF13_ind052	CFF13	7
CFF13_ind053	CFF13	7
CFF13_ind054	CFF13	7
CFF13_ind055	CFF13	7
CFF13_ind056	CFF13	7
CFF13_ind057	CFF13	7
CFF13_ind058	CFF13	7
CFF13_ind059	CFF13	7
CFF13_ind060	CFF13	7
CFF13_ind061	CFF13	7
CFF13_ind062	CFF13	7
CFF13_ind063	CFF13	7
CFF13_ind064	CFF13	7
CFF13_ind065	CFF13	7
CFF13_ind066	CFF13	7
CFF13_ind067	CFF13	7
CFF13_ind069	CFF13	7
CFF13_ind070	CFF13	7
CFF13_ind071	CFF13	7
CFF13_ind072	CFF13	7
CFF13_ind073	CFF13	7
CFF13_ind074	CFF13	7
CFF13_ind075	CFF13	7
CFF13_ind077	CFF13	7
CFF13_ind078	CFF13	7
CFF13_ind079	CFF13	7
CFF13_ind080	CFF13	7
CFF13_ind081	CFF13	7
CFF13_ind082	CFF13	7
CFF13_ind083	CFF13	7
CFF13_ind084	CFF13	7
CFF13_ind085	CFF13	7
CFF13_ind086	CFF13	7
CFF13_ind087	CFF13	7
CFF13_ind088	CFF13	7
CFF13_ind089	CFF13	7
CFF13_ind090	CFF13	7
CFF13_ind092	CFF13	7
CFF13_ind093	CFF13	7
CFF13_ind094	CFF13	7
CFF13_ind095	CFF13	7
CFF13_ind096	CFF13	7
CFF13_ind098	CFF13	7
CFF13_ind099	CFF13	7
CFF13_ind100	CFF13	7
CFF13_ind101	CFF13	7
CFF13_ind102	CFF13	7
CFF13_ind103	CFF13	7
CFF13_ind104	CFF13	7
CFF13_ind105	CFF13	7
CFF13_ind106	CFF13	7
CFF13_ind107	CFF13	7
CFF13_ind108	CFF13	7
CFF13_ind109	CFF13	7
CFF13_ind110	CFF13	7
CFF13_ind111	CFF13	7
CFF13_ind112	CFF13	7
CFF13_ind113	CFF13	7
CFF13_ind114	CFF13	7
CFF13_ind115	CFF13	7
CFF13_ind116	CFF13	7
CFF13_ind117	CFF13	7
CFF13_ind001	CFF13	8
CFF13_ind002	CFF13	8
CFF13_ind003	CFF13	8
CFF13_ind004	CFF13	8
CFF13_ind005	CFF13	8
CFF13_ind006	CFF13	8
CFF13_ind007	CFF13	8
CFF13_ind008	CFF13	8
CFF13_ind009	CFF13	8
CFF13_ind010	CFF13	8
CFF13_ind011	CFF13	8
CFF13_ind012	CFF13	8
CFF13_ind013	CFF13	8
CFF13_ind014	CFF13	8
CFF13_ind015	CFF13	8
CFF13_ind016	CFF13	8
CFF13_ind017	CFF13	8
CFF13_ind018	CFF13	8
CFF13_ind019	CFF13	8
CFF13_ind020	CFF13	8
CFF13_ind021	CFF13	8
CFF13_ind023	CFF13	8
CFF13_ind024	CFF13	8
CFF13_ind025	CFF13	8
CFF13_ind026	CFF13	8
CFF13_ind027	CFF13	8
CFF13_ind028	CFF13	8
CFF13_ind029	CFF13	8
CFF13_ind030	CFF13	8
CFF13_ind031	CFF13	8
CFF13_ind032	CFF13	8
CFF13_ind033	CFF13	8
CFF13_ind034	CFF13	8
CFF13_ind035	CFF13	8
CFF13_ind036	CFF13	8
CFF13_ind037	CFF13	8
CFF13_ind038	CFF13	8
CFF13_ind039	CFF13	8
CFF13_ind040	CFF13	8
CFF13_ind041	CFF13	8
CFF13_ind042	CFF13	8
CFF13_ind043	CFF13	8
CFF13_ind047	CFF13	8
CFF13_ind048	CFF13	8
CFF13_ind049	CFF13	8
CFF13_ind050	CFF13	8
CFF13_ind051	CFF13	8
CFF13_ind052	CFF13	8
CFF13_ind053	CFF13	8
CFF13_ind054	CFF13	8
CFF13_ind055	CFF13	8
CFF13_ind056	CFF13	8
CFF13_ind057	CFF13	8
CFF13_ind058	CFF13	8
CFF13_ind059	CFF13	8
CFF13_ind060	CFF13	8
CFF13_ind061	CFF13	8
CFF13_ind062	CFF13	8
CFF13_ind063	CFF13	8
CFF13_ind064	CFF13	8
CFF13_ind065	CFF13	8
CFF13_ind066	CFF13	8
CFF13_ind067	CFF13	8
CFF13_ind069	CFF13	8
CFF13_ind070	CFF13	8
CFF13_ind071	CFF13	8
CFF13_ind072	CFF13	8
CFF13_ind073	CFF13	8
CFF13_ind074	CFF13	8
CFF13_ind075	CFF13	8
CFF13_ind077	CFF13	8
CFF13_ind078	CFF13	8
CFF13_ind079	CFF13	8
CFF13_ind080	CFF13	8
CFF13_ind081	CFF13	8
CFF13_ind082	CFF13	8
CFF13_ind083	CFF13	8
CFF13_ind084	CFF13	8
CFF13_ind085	CFF13	8
CFF13_ind086	CFF13	8
CFF13_ind087	CFF13	8
CFF13_ind088	CFF13	8
CFF13_ind089	CFF13	8
CFF13_ind090	CFF13	8
CFF13_ind092	CFF13	8
CFF13_ind093	CFF13	8
CFF13_ind094	CFF13	8
CFF13_ind095	CFF13	8
CFF13_ind096	CFF13	8
CFF13_ind098	CFF13	8
CFF13_ind099	CFF13	8
CFF13_ind100	CFF13	8
CFF13_ind101	CFF13	8
CFF13_ind102	CFF13	8
CFF13_ind103	CFF13	8
CFF13_ind104	CFF13	8
CFF13_ind105	CFF13	8
CFF13_ind106	CFF13	8
CFF13_ind107	CFF13	8
CFF13_ind108	CFF13	8
CFF13_ind109	CFF13	8
CFF13_ind110	CFF13	8
CFF13_ind111	CFF13	8
CFF13_ind112	CFF13	8
CFF13_ind113	CFF13	8
CFF13_ind114	CFF13	8
CFF13_ind115	CFF13	8
CFF13_ind116	CFF13	8
CFF13_ind117	CFF13	8
CFF13_ind001	CFF13	9
CFF13_ind002	CFF13	9
CFF13_ind003	CFF13	9
CFF13_ind004	CFF13	9
CFF13_ind005	CFF13	9
CFF13_ind006	CFF13	9
CFF13_ind007	CFF13	9
CFF13_ind008	CFF13	9
CFF13_ind009	CFF13	9
CFF13_ind010	CFF13	9
CFF13_ind011	CFF13	9
CFF13_ind012	CFF13	9
CFF13_ind013	CFF13	9
CFF13_ind014	CFF13	9
CFF13_ind015	CFF13	9
CFF13_ind016	CFF13	9
CFF13_ind017	CFF13	9
CFF13_ind018	CFF13	9
CFF13_ind019	CFF13	9
CFF13_ind020	CFF13	9
CFF13_ind021	CFF13	9
CFF13_ind023	CFF13	9
CFF13_ind024	CFF13	9
CFF13_ind025	CFF13	9
CFF13_ind026	CFF13	9
CFF13_ind027	CFF13	9
CFF13_ind028	CFF13	9
CFF13_ind029	CFF13	9
CFF13_ind030	CFF13	9
CFF13_ind031	CFF13	9
CFF13_ind032	CFF13	9
CFF13_ind033	CFF13	9
CFF13_ind034	CFF13	9
CFF13_ind035	CFF13	9
CFF13_ind036	CFF13	9
CFF13_ind037	CFF13	9
CFF13_ind038	CFF13	9
CFF13_ind039	CFF13	9
CFF13_ind040	CFF13	9
CFF13_ind041	CFF13	9
CFF13_ind042	CFF13	9
CFF13_ind043	CFF13	9
CFF13_ind047	CFF13	9
CFF13_ind048	CFF13	9
CFF13_ind049	CFF13	9
CFF13_ind050	CFF13	9
CFF13_ind051	CFF13	9
CFF13_ind052	CFF13	9
CFF13_ind053	CFF13	9
CFF13_ind054	CFF13	9
CFF13_ind055	CFF13	9
CFF13_ind056	CFF13	9
CFF13_ind057	CFF13	9
CFF13_ind058	CFF13	9
CFF13_ind059	CFF13	9
CFF13_ind060	CFF13	9
CFF13_ind061	CFF13	9
CFF13_ind062	CFF13	9
CFF13_ind063	CFF13	9
CFF13_ind064	CFF13	9
CFF13_ind065	CFF13	9
CFF13_ind066	CFF13	9
CFF13_ind067	CFF13	9
CFF13_ind069	CFF13	9
CFF13_ind070	CFF13	9
CFF13_ind071	CFF13	9
CFF13_ind072	CFF13	9
CFF13_ind073	CFF13	9
CFF13_ind074	CFF13	9
CFF13_ind075	CFF13	9
CFF13_ind077	CFF13	9
CFF13_ind078	CFF13	9
CFF13_ind079	CFF13	9
CFF13_ind080	CFF13	9
CFF13_ind081	CFF13	9
CFF13_ind082	CFF13	9
CFF13_ind083	CFF13	9
CFF13_ind084	CFF13	9
CFF13_ind085	CFF13	9
CFF13_ind086	CFF13	9
CFF13_ind087	CFF13	9
CFF13_ind088	CFF13	9
CFF13_ind089	CFF13	9
CFF13_ind090	CFF13	9
CFF13_ind092	CFF13	9
CFF13_ind093	CFF13	9
CFF13_ind094	CFF13	9
CFF13_ind095	CFF13	9
CFF13_ind096	CFF13	9
CFF13_ind098	CFF13	9
CFF13_ind099	CFF13	9
CFF13_ind100	CFF13	9
CFF13_ind101	CFF13	9
CFF13_ind102	CFF13	9
CFF13_ind103	CFF13	9
CFF13_ind104	CFF13	9
CFF13_ind105	CFF13	9
CFF13_ind106	CFF13	9
CFF13_ind107	CFF13	9
CFF13_ind108	CFF13	9
CFF13_ind109	CFF13	9
CFF13_ind110	CFF13	9
CFF13_ind111	CFF13	9
CFF13_ind112	CFF13	9
CFF13_ind113	CFF13	9
CFF13_ind114	CFF13	9
CFF13_ind115	CFF13	9
CFF13_ind116	CFF13	9
CFF13_ind117	CFF13	9
CFF13_ind001	CFF13	10
CFF13_ind002	CFF13	10
CFF13_ind003	CFF13	10
CFF13_ind004	CFF13	10
CFF13_ind005	CFF13	10
CFF13_ind006	CFF13	10
CFF13_ind007	CFF13	10
CFF13_ind008	CFF13	10
CFF13_ind009	CFF13	10
CFF13_ind010	CFF13	10
CFF13_ind011	CFF13	10
CFF13_ind012	CFF13	10
CFF13_ind013	CFF13	10
CFF13_ind014	CFF13	10
CFF13_ind015	CFF13	10
CFF13_ind016	CFF13	10
CFF13_ind017	CFF13	10
CFF13_ind018	CFF13	10
CFF13_ind019	CFF13	10
CFF13_ind020	CFF13	10
CFF13_ind021	CFF13	10
CFF13_ind023	CFF13	10
CFF13_ind024	CFF13	10
CFF13_ind025	CFF13	10
CFF13_ind026	CFF13	10
CFF13_ind027	CFF13	10
CFF13_ind028	CFF13	10
CFF13_ind029	CFF13	10
CFF13_ind030	CFF13	10
CFF13_ind031	CFF13	10
CFF13_ind032	CFF13	10
CFF13_ind033	CFF13	10
CFF13_ind034	CFF13	10
CFF13_ind035	CFF13	10
CFF13_ind036	CFF13	10
CFF13_ind037	CFF13	10
CFF13_ind038	CFF13	10
CFF13_ind039	CFF13	10
CFF13_ind040	CFF13	10
CFF13_ind041	CFF13	10
CFF13_ind042	CFF13	10
CFF13_ind043	CFF13	10
CFF13_ind047	CFF13	10
CFF13_ind048	CFF13	10
CFF13_ind049	CFF13	10
CFF13_ind050	CFF13	10
CFF13_ind051	CFF13	10
CFF13_ind052	CFF13	10
CFF13_ind053	CFF13	10
CFF13_ind054	CFF13	10
CFF13_ind055	CFF13	10
CFF13_ind056	CFF13	10
CFF13_ind057	CFF13	10
CFF13_ind058	CFF13	10
CFF13_ind059	CFF13	10
CFF13_ind060	CFF13	10
CFF13_ind061	CFF13	10
CFF13_ind062	CFF13	10
CFF13_ind063	CFF13	10
CFF13_ind064	CFF13	10
CFF13_ind065	CFF13	10
CFF13_ind066	CFF13	10
CFF13_ind067	CFF13	10
CFF13_ind069	CFF13	10
CFF13_ind070	CFF13	10
CFF13_ind071	CFF13	10
CFF13_ind072	CFF13	10
CFF13_ind073	CFF13	10
CFF13_ind074	CFF13	10
CFF13_ind075	CFF13	10
CFF13_ind077	CFF13	10
CFF13_ind078	CFF13	10
CFF13_ind079	CFF13	10
CFF13_ind080	CFF13	10
CFF13_ind081	CFF13	10
CFF13_ind082	CFF13	10
CFF13_ind083	CFF13	10
CFF13_ind084	CFF13	10
CFF13_ind085	CFF13	10
CFF13_ind086	CFF13	10
CFF13_ind087	CFF13	10
CFF13_ind088	CFF13	10
CFF13_ind089	CFF13	10
CFF13_ind090	CFF13	10
CFF13_ind092	CFF13	10
CFF13_ind093	CFF13	10
CFF13_ind094	CFF13	10
CFF13_ind095	CFF13	10
CFF13_ind096	CFF13	10
CFF13_ind098	CFF13	10
CFF13_ind099	CFF13	10
CFF13_ind100	CFF13	10
CFF13_ind101	CFF13	10
CFF13_ind102	CFF13	10
CFF13_ind103	CFF13	10
CFF13_ind104	CFF13	10
CFF13_ind105	CFF13	10
CFF13_ind106	CFF13	10
CFF13_ind107	CFF13	10
CFF13_ind108	CFF13	10
CFF13_ind109	CFF13	10
CFF13_ind110	CFF13	10
CFF13_ind111	CFF13	10
CFF13_ind112	CFF13	10
CFF13_ind113	CFF13	10
CFF13_ind114	CFF13	10
CFF13_ind115	CFF13	10
CFF13_ind116	CFF13	10
CFF13_ind117	CFF13	10
CFF15_ind001	CFF15	1
CFF15_ind002	CFF15	1
CFF15_ind003	CFF15	1
CFF15_ind004	CFF15	1
CFF15_ind005	CFF15	1
CFF15_ind006	CFF15	1
CFF15_ind007	CFF15	1
CFF15_ind008	CFF15	1
CFF15_ind009	CFF15	1
CFF15_ind010	CFF15	1
CFF15_ind011	CFF15	1
CFF15_ind012	CFF15	1
CFF15_ind013	CFF15	1
CFF15_ind014	CFF15	1
CFF15_ind015	CFF15	1
CFF15_ind016	CFF15	1
CFF15_ind017	CFF15	1
CFF15_ind018	CFF15	1
CFF15_ind019	CFF15	1
CFF15_ind020	CFF15	1
CFF15_ind021	CFF15	1
CFF15_ind022	CFF15	1
CFF15_ind023	CFF15	1
CFF15_ind024	CFF15	1
CFF15_ind025	CFF15	1
CFF15_ind026	CFF15	1
CFF15_ind027	CFF15	1
CFF15_ind028	CFF15	1
CFF15_ind029	CFF15	1
CFF15_ind030	CFF15	1
CFF15_ind031	CFF15	1
CFF15_ind032	CFF15	1
CFF15_ind033	CFF15	1
CFF15_ind034	CFF15	1
CFF15_ind035	CFF15	1
CFF15_ind036	CFF15	1
CFF15_ind037	CFF15	1
CFF15_ind038	CFF15	1
CFF15_ind039	CFF15	1
CFF15_ind040	CFF15	1
CFF15_ind041	CFF15	1
CFF15_ind042	CFF15	1
CFF15_ind043	CFF15	1
CFF15_ind044	CFF15	1
CFF15_ind046	CFF15	1
CFF15_ind047	CFF15	1
CFF15_ind048	CFF15	1
CFF15_ind049	CFF15	1
CFF15_ind050	CFF15	1
CFF15_ind051	CFF15	1
CFF15_ind052	CFF15	1
CFF15_ind053	CFF15	1
CFF15_ind054	CFF15	1
CFF15_ind055	CFF15	1
CFF15_ind056	CFF15	1
CFF15_ind057	CFF15	1
CFF15_ind058	CFF15	1
CFF15_ind059	CFF15	1
CFF15_ind060	CFF15	1
CFF15_ind061	CFF15	1
CFF15_ind062	CFF15	1
CFF15_ind063	CFF15	1
CFF15_ind064	CFF15	1
CFF15_ind065	CFF15	1
CFF15_ind066	CFF15	1
CFF15_ind067	CFF15	1
CFF15_ind068	CFF15	1
CFF15_ind069	CFF15	1
CFF15_ind070	CFF15	1
CFF15_ind071	CFF15	1
CFF15_ind072	CFF15	1
CFF15_ind073	CFF15	1
CFF15_ind074	CFF15	1
CFF15_ind075	CFF15	1
CFF15_ind076	CFF15	1
CFF15_ind077	CFF15	1
CFF15_ind078	CFF15	1
CFF15_ind079	CFF15	1
CFF15_ind080	CFF15	1
CFF15_ind081	CFF15	1
CFF15_ind082	CFF15	1
CFF15_ind083	CFF15	1
CFF15_ind084	CFF15	1
CFF15_ind085	CFF15	1
CFF15_ind086	CFF15	1
CFF15_ind087	CFF15	1
CFF15_ind088	CFF15	1
CFF15_ind089	CFF15	1
CFF15_ind090	CFF15	1
CFF15_ind091	CFF15	1
CFF15_ind092	CFF15	1
CFF15_ind093	CFF15	1
CFF15_ind094	CFF15	1
CFF15_ind095	CFF15	1
CFF15_ind096	CFF15	1
CFF15_ind097	CFF15	1
CFF15_ind098	CFF15	1
CFF15_ind099	CFF15	1
CFF15_ind100	CFF15	1
CFF15_ind101	CFF15	1
CFF15_ind102	CFF15	1
CFF15_ind103	CFF15	1
CFF15_ind104	CFF15	1
CFF15_ind105	CFF15	1
CFF15_ind106	CFF15	1
CFF15_ind107	CFF15	1
CFF15_ind108	CFF15	1
CFF15_ind109	CFF15	1
CFF15_ind110	CFF15	1
CFF15_ind111	CFF15	1
CFF15_ind112	CFF15	1
CFF15_ind113	CFF15	1
CFF15_ind114	CFF15	1
CFF15_ind115	CFF15	1
CFF15_ind001	CFF15	2
CFF15_ind002	CFF15	2
CFF15_ind003	CFF15	2
CFF15_ind004	CFF15	2
CFF15_ind005	CFF15	2
CFF15_ind006	CFF15	2
CFF15_ind007	CFF15	2
CFF15_ind008	CFF15	2
CFF15_ind009	CFF15	2
CFF15_ind010	CFF15	2
CFF15_ind011	CFF15	2
CFF15_ind012	CFF15	2
CFF15_ind013	CFF15	2
CFF15_ind014	CFF15	2
CFF15_ind015	CFF15	2
CFF15_ind016	CFF15	2
CFF15_ind017	CFF15	2
CFF15_ind018	CFF15	2
CFF15_ind019	CFF15	2
CFF15_ind020	CFF15	2
CFF15_ind021	CFF15	2
CFF15_ind022	CFF15	2
CFF15_ind023	CFF15	2
CFF15_ind024	CFF15	2
CFF15_ind025	CFF15	2
CFF15_ind026	CFF15	2
CFF15_ind027	CFF15	2
CFF15_ind028	CFF15	2
CFF15_ind029	CFF15	2
CFF15_ind030	CFF15	2
CFF15_ind031	CFF15	2
CFF15_ind032	CFF15	2
CFF15_ind033	CFF15	2
CFF15_ind034	CFF15	2
CFF15_ind035	CFF15	2
CFF15_ind036	CFF15	2
CFF15_ind037	CFF15	2
CFF15_ind038	CFF15	2
CFF15_ind039	CFF15	2
CFF15_ind040	CFF15	2
CFF15_ind041	CFF15	2
CFF15_ind042	CFF15	2
CFF15_ind043	CFF15	2
CFF15_ind044	CFF15	2
CFF15_ind046	CFF15	2
CFF15_ind047	CFF15	2
CFF15_ind048	CFF15	2
CFF15_ind049	CFF15	2
CFF15_ind050	CFF15	2
CFF15_ind051	CFF15	2
CFF15_ind052	CFF15	2
CFF15_ind053	CFF15	2
CFF15_ind054	CFF15	2
CFF15_ind055	CFF15	2
CFF15_ind056	CFF15	2
CFF15_ind057	CFF15	2
CFF15_ind058	CFF15	2
CFF15_ind059	CFF15	2
CFF15_ind060	CFF15	2
CFF15_ind061	CFF15	2
CFF15_ind062	CFF15	2
CFF15_ind063	CFF15	2
CFF15_ind064	CFF15	2
CFF15_ind065	CFF15	2
CFF15_ind066	CFF15	2
CFF15_ind067	CFF15	2
CFF15_ind068	CFF15	2
CFF15_ind069	CFF15	2
CFF15_ind070	CFF15	2
CFF15_ind071	CFF15	2
CFF15_ind072	CFF15	2
CFF15_ind073	CFF15	2
CFF15_ind074	CFF15	2
CFF15_ind075	CFF15	2
CFF15_ind076	CFF15	2
CFF15_ind077	CFF15	2
CFF15_ind078	CFF15	2
CFF15_ind079	CFF15	2
CFF15_ind080	CFF15	2
CFF15_ind081	CFF15	2
CFF15_ind082	CFF15	2
CFF15_ind083	CFF15	2
CFF15_ind084	CFF15	2
CFF15_ind085	CFF15	2
CFF15_ind086	CFF15	2
CFF15_ind087	CFF15	2
CFF15_ind088	CFF15	2
CFF15_ind089	CFF15	2
CFF15_ind090	CFF15	2
CFF15_ind091	CFF15	2
CFF15_ind092	CFF15	2
CFF15_ind093	CFF15	2
CFF15_ind094	CFF15	2
CFF15_ind095	CFF15	2
CFF15_ind096	CFF15	2
CFF15_ind097	CFF15	2
CFF15_ind098	CFF15	2
CFF15_ind099	CFF15	2
CFF15_ind100	CFF15	2
CFF15_ind101	CFF15	2
CFF15_ind102	CFF15	2
CFF15_ind103	CFF15	2
CFF15_ind104	CFF15	2
CFF15_ind105	CFF15	2
CFF15_ind106	CFF15	2
CFF15_ind107	CFF15	2
CFF15_ind108	CFF15	2
CFF15_ind109	CFF15	2
CFF15_ind110	CFF15	2
CFF15_ind111	CFF15	2
CFF15_ind112	CFF15	2
CFF15_ind113	CFF15	2
CFF15_ind114	CFF15	2
CFF15_ind115	CFF15	2
CFF15_ind001	CFF15	3
CFF15_ind002	CFF15	3
CFF15_ind003	CFF15	3
CFF15_ind004	CFF15	3
CFF15_ind005	CFF15	3
CFF15_ind006	CFF15	3
CFF15_ind007	CFF15	3
CFF15_ind008	CFF15	3
CFF15_ind009	CFF15	3
CFF15_ind010	CFF15	3
CFF15_ind011	CFF15	3
CFF15_ind012	CFF15	3
CFF15_ind013	CFF15	3
CFF15_ind014	CFF15	3
CFF15_ind015	CFF15	3
CFF15_ind016	CFF15	3
CFF15_ind017	CFF15	3
CFF15_ind018	CFF15	3
CFF15_ind019	CFF15	3
CFF15_ind020	CFF15	3
CFF15_ind021	CFF15	3
CFF15_ind022	CFF15	3
CFF15_ind023	CFF15	3
CFF15_ind024	CFF15	3
CFF15_ind025	CFF15	3
CFF15_ind026	CFF15	3
CFF15_ind027	CFF15	3
CFF15_ind028	CFF15	3
CFF15_ind029	CFF15	3
CFF15_ind030	CFF15	3
CFF15_ind031	CFF15	3
CFF15_ind032	CFF15	3
CFF15_ind033	CFF15	3
CFF15_ind034	CFF15	3
CFF15_ind035	CFF15	3
CFF15_ind036	CFF15	3
CFF15_ind037	CFF15	3
CFF15_ind038	CFF15	3
CFF15_ind039	CFF15	3
CFF15_ind040	CFF15	3
CFF15_ind041	CFF15	3
CFF15_ind042	CFF15	3
CFF15_ind043	CFF15	3
CFF15_ind044	CFF15	3
CFF15_ind046	CFF15	3
CFF15_ind047	CFF15	3
CFF15_ind048	CFF15	3
CFF15_ind049	CFF15	3
CFF15_ind050	CFF15	3
CFF15_ind051	CFF15	3
CFF15_ind052	CFF15	3
CFF15_ind053	CFF15	3
CFF15_ind054	CFF15	3
CFF15_ind055	CFF15	3
CFF15_ind056	CFF15	3
CFF15_ind057	CFF15	3
CFF15_ind058	CFF15	3
CFF15_ind059	CFF15	3
CFF15_ind060	CFF15	3
CFF15_ind061	CFF15	3
CFF15_ind062	CFF15	3
CFF15_ind063	CFF15	3
CFF15_ind064	CFF15	3
CFF15_ind065	CFF15	3
CFF15_ind066	CFF15	3
CFF15_ind067	CFF15	3
CFF15_ind068	CFF15	3
CFF15_ind069	CFF15	3
CFF15_ind070	CFF15	3
CFF15_ind071	CFF15	3
CFF15_ind072	CFF15	3
CFF15_ind073	CFF15	3
CFF15_ind074	CFF15	3
CFF15_ind075	CFF15	3
CFF15_ind076	CFF15	3
CFF15_ind077	CFF15	3
CFF15_ind078	CFF15	3
CFF15_ind079	CFF15	3
CFF15_ind080	CFF15	3
CFF15_ind081	CFF15	3
CFF15_ind082	CFF15	3
CFF15_ind083	CFF15	3
CFF15_ind084	CFF15	3
CFF15_ind085	CFF15	3
CFF15_ind086	CFF15	3
CFF15_ind087	CFF15	3
CFF15_ind088	CFF15	3
CFF15_ind089	CFF15	3
CFF15_ind090	CFF15	3
CFF15_ind091	CFF15	3
CFF15_ind092	CFF15	3
CFF15_ind093	CFF15	3
CFF15_ind094	CFF15	3
CFF15_ind095	CFF15	3
CFF15_ind096	CFF15	3
CFF15_ind097	CFF15	3
CFF15_ind098	CFF15	3
CFF15_ind099	CFF15	3
CFF15_ind100	CFF15	3
CFF15_ind101	CFF15	3
CFF15_ind102	CFF15	3
CFF15_ind103	CFF15	3
CFF15_ind104	CFF15	3
CFF15_ind105	CFF15	3
CFF15_ind106	CFF15	3
CFF15_ind107	CFF15	3
CFF15_ind108	CFF15	3
CFF15_ind109	CFF15	3
CFF15_ind110	CFF15	3
CFF15_ind111	CFF15	3
CFF15_ind112	CFF15	3
CFF15_ind113	CFF15	3
CFF15_ind114	CFF15	3
CFF15_ind115	CFF15	3
CFF15_ind001	CFF15	4
CFF15_ind002	CFF15	4
CFF15_ind003	CFF15	4
CFF15_ind004	CFF15	4
CFF15_ind005	CFF15	4
CFF15_ind006	CFF15	4
CFF15_ind007	CFF15	4
CFF15_ind008	CFF15	4
CFF15_ind009	CFF15	4
CFF15_ind010	CFF15	4
CFF15_ind011	CFF15	4
CFF15_ind012	CFF15	4
CFF15_ind013	CFF15	4
CFF15_ind014	CFF15	4
CFF15_ind015	CFF15	4
CFF15_ind016	CFF15	4
CFF15_ind017	CFF15	4
CFF15_ind018	CFF15	4
CFF15_ind019	CFF15	4
CFF15_ind020	CFF15	4
CFF15_ind021	CFF15	4
CFF15_ind022	CFF15	4
CFF15_ind023	CFF15	4
CFF15_ind024	CFF15	4
CFF15_ind025	CFF15	4
CFF15_ind026	CFF15	4
CFF15_ind027	CFF15	4
CFF15_ind028	CFF15	4
CFF15_ind029	CFF15	4
CFF15_ind030	CFF15	4
CFF15_ind031	CFF15	4
CFF15_ind032	CFF15	4
CFF15_ind033	CFF15	4
CFF15_ind034	CFF15	4
CFF15_ind035	CFF15	4
CFF15_ind036	CFF15	4
CFF15_ind037	CFF15	4
CFF15_ind038	CFF15	4
CFF15_ind039	CFF15	4
CFF15_ind040	CFF15	4
CFF15_ind041	CFF15	4
CFF15_ind042	CFF15	4
CFF15_ind043	CFF15	4
CFF15_ind044	CFF15	4
CFF15_ind046	CFF15	4
CFF15_ind047	CFF15	4
CFF15_ind048	CFF15	4
CFF15_ind049	CFF15	4
CFF15_ind050	CFF15	4
CFF15_ind051	CFF15	4
CFF15_ind052	CFF15	4
CFF15_ind053	CFF15	4
CFF15_ind054	CFF15	4
CFF15_ind055	CFF15	4
CFF15_ind056	CFF15	4
CFF15_ind057	CFF15	4
CFF15_ind058	CFF15	4
CFF15_ind059	CFF15	4
CFF15_ind060	CFF15	4
CFF15_ind061	CFF15	4
CFF15_ind062	CFF15	4
CFF15_ind063	CFF15	4
CFF15_ind064	CFF15	4
CFF15_ind065	CFF15	4
CFF15_ind066	CFF15	4
CFF15_ind067	CFF15	4
CFF15_ind068	CFF15	4
CFF15_ind069	CFF15	4
CFF15_ind070	CFF15	4
CFF15_ind071	CFF15	4
CFF15_ind072	CFF15	4
CFF15_ind073	CFF15	4
CFF15_ind074	CFF15	4
CFF15_ind075	CFF15	4
CFF15_ind076	CFF15	4
CFF15_ind077	CFF15	4
CFF15_ind078	CFF15	4
CFF15_ind079	CFF15	4
CFF15_ind080	CFF15	4
CFF15_ind081	CFF15	4
CFF15_ind082	CFF15	4
CFF15_ind083	CFF15	4
CFF15_ind084	CFF15	4
CFF15_ind085	CFF15	4
CFF15_ind086	CFF15	4
CFF15_ind087	CFF15	4
CFF15_ind088	CFF15	4
CFF15_ind089	CFF15	4
CFF15_ind090	CFF15	4
CFF15_ind091	CFF15	4
CFF15_ind092	CFF15	4
CFF15_ind093	CFF15	4
CFF15_ind094	CFF15	4
CFF15_ind095	CFF15	4
CFF15_ind096	CFF15	4
CFF15_ind097	CFF15	4
CFF15_ind098	CFF15	4
CFF15_ind099	CFF15	4
CFF15_ind100	CFF15	4
CFF15_ind101	CFF15	4
CFF15_ind102	CFF15	4
CFF15_ind103	CFF15	4
CFF15_ind104	CFF15	4
CFF15_ind105	CFF15	4
CFF15_ind106	CFF15	4
CFF15_ind107	CFF15	4
CFF15_ind108	CFF15	4
CFF15_ind109	CFF15	4
CFF15_ind110	CFF15	4
CFF15_ind111	CFF15	4
CFF15_ind112	CFF15	4
CFF15_ind113	CFF15	4
CFF15_ind114	CFF15	4
CFF15_ind115	CFF15	4
CFF15_ind001	CFF15	5
CFF15_ind002	CFF15	5
CFF15_ind003	CFF15	5
CFF15_ind004	CFF15	5
CFF15_ind005	CFF15	5
CFF15_ind006	CFF15	5
CFF15_ind007	CFF15	5
CFF15_ind008	CFF15	5
CFF15_ind009	CFF15	5
CFF15_ind010	CFF15	5
CFF15_ind011	CFF15	5
CFF15_ind012	CFF15	5
CFF15_ind013	CFF15	5
CFF15_ind014	CFF15	5
CFF15_ind015	CFF15	5
CFF15_ind016	CFF15	5
CFF15_ind017	CFF15	5
CFF15_ind018	CFF15	5
CFF15_ind019	CFF15	5
CFF15_ind020	CFF15	5
CFF15_ind021	CFF15	5
CFF15_ind022	CFF15	5
CFF15_ind023	CFF15	5
CFF15_ind024	CFF15	5
CFF15_ind025	CFF15	5
CFF15_ind026	CFF15	5
CFF15_ind027	CFF15	5
CFF15_ind028	CFF15	5
CFF15_ind029	CFF15	5
CFF15_ind030	CFF15	5
CFF15_ind031	CFF15	5
CFF15_ind032	CFF15	5
CFF15_ind033	CFF15	5
CFF15_ind034	CFF15	5
CFF15_ind035	CFF15	5
CFF15_ind036	CFF15	5
CFF15_ind037	CFF15	5
CFF15_ind038	CFF15	5
CFF15_ind039	CFF15	5
CFF15_ind040	CFF15	5
CFF15_ind041	CFF15	5
CFF15_ind042	CFF15	5
CFF15_ind043	CFF15	5
CFF15_ind044	CFF15	5
CFF15_ind046	CFF15	5
CFF15_ind047	CFF15	5
CFF15_ind048	CFF15	5
CFF15_ind049	CFF15	5
CFF15_ind050	CFF15	5
CFF15_ind051	CFF15	5
CFF15_ind052	CFF15	5
CFF15_ind053	CFF15	5
CFF15_ind054	CFF15	5
CFF15_ind055	CFF15	5
CFF15_ind056	CFF15	5
CFF15_ind057	CFF15	5
CFF15_ind058	CFF15	5
CFF15_ind059	CFF15	5
CFF15_ind060	CFF15	5
CFF15_ind061	CFF15	5
CFF15_ind062	CFF15	5
CFF15_ind063	CFF15	5
CFF15_ind064	CFF15	5
CFF15_ind065	CFF15	5
CFF15_ind066	CFF15	5
CFF15_ind067	CFF15	5
CFF15_ind068	CFF15	5
CFF15_ind069	CFF15	5
CFF15_ind070	CFF15	5
CFF15_ind071	CFF15	5
CFF15_ind072	CFF15	5
CFF15_ind073	CFF15	5
CFF15_ind074	CFF15	5
CFF15_ind075	CFF15	5
CFF15_ind076	CFF15	5
CFF15_ind077	CFF15	5
CFF15_ind078	CFF15	5
CFF15_ind079	CFF15	5
CFF15_ind080	CFF15	5
CFF15_ind081	CFF15	5
CFF15_ind082	CFF15	5
CFF15_ind083	CFF15	5
CFF15_ind084	CFF15	5
CFF15_ind085	CFF15	5
CFF15_ind086	CFF15	5
CFF15_ind087	CFF15	5
CFF15_ind088	CFF15	5
CFF15_ind089	CFF15	5
CFF15_ind090	CFF15	5
CFF15_ind091	CFF15	5
CFF15_ind092	CFF15	5
CFF15_ind093	CFF15	5
CFF15_ind094	CFF15	5
CFF15_ind095	CFF15	5
CFF15_ind096	CFF15	5
CFF15_ind097	CFF15	5
CFF15_ind098	CFF15	5
CFF15_ind099	CFF15	5
CFF15_ind100	CFF15	5
CFF15_ind101	CFF15	5
CFF15_ind102	CFF15	5
CFF15_ind103	CFF15	5
CFF15_ind104	CFF15	5
CFF15_ind105	CFF15	5
CFF15_ind106	CFF15	5
CFF15_ind107	CFF15	5
CFF15_ind108	CFF15	5
CFF15_ind109	CFF15	5
CFF15_ind110	CFF15	5
CFF15_ind111	CFF15	5
CFF15_ind112	CFF15	5
CFF15_ind113	CFF15	5
CFF15_ind114	CFF15	5
CFF15_ind115	CFF15	5
CFF15_ind001	CFF15	6
CFF15_ind002	CFF15	6
CFF15_ind003	CFF15	6
CFF15_ind004	CFF15	6
CFF15_ind005	CFF15	6
CFF15_ind006	CFF15	6
CFF15_ind007	CFF15	6
CFF15_ind008	CFF15	6
CFF15_ind009	CFF15	6
CFF15_ind010	CFF15	6
CFF15_ind011	CFF15	6
CFF15_ind012	CFF15	6
CFF15_ind013	CFF15	6
CFF15_ind014	CFF15	6
CFF15_ind015	CFF15	6
CFF15_ind016	CFF15	6
CFF15_ind017	CFF15	6
CFF15_ind018	CFF15	6
CFF15_ind019	CFF15	6
CFF15_ind020	CFF15	6
CFF15_ind021	CFF15	6
CFF15_ind022	CFF15	6
CFF15_ind023	CFF15	6
CFF15_ind024	CFF15	6
CFF15_ind025	CFF15	6
CFF15_ind026	CFF15	6
CFF15_ind027	CFF15	6
CFF15_ind028	CFF15	6
CFF15_ind029	CFF15	6
CFF15_ind030	CFF15	6
CFF15_ind031	CFF15	6
CFF15_ind032	CFF15	6
CFF15_ind033	CFF15	6
CFF15_ind034	CFF15	6
CFF15_ind035	CFF15	6
CFF15_ind036	CFF15	6
CFF15_ind037	CFF15	6
CFF15_ind038	CFF15	6
CFF15_ind039	CFF15	6
CFF15_ind040	CFF15	6
CFF15_ind041	CFF15	6
CFF15_ind042	CFF15	6
CFF15_ind043	CFF15	6
CFF15_ind044	CFF15	6
CFF15_ind046	CFF15	6
CFF15_ind047	CFF15	6
CFF15_ind048	CFF15	6
CFF15_ind049	CFF15	6
CFF15_ind050	CFF15	6
CFF15_ind051	CFF15	6
CFF15_ind052	CFF15	6
CFF15_ind053	CFF15	6
CFF15_ind054	CFF15	6
CFF15_ind055	CFF15	6
CFF15_ind056	CFF15	6
CFF15_ind057	CFF15	6
CFF15_ind058	CFF15	6
CFF15_ind059	CFF15	6
CFF15_ind060	CFF15	6
CFF15_ind061	CFF15	6
CFF15_ind062	CFF15	6
CFF15_ind063	CFF15	6
CFF15_ind064	CFF15	6
CFF15_ind065	CFF15	6
CFF15_ind066	CFF15	6
CFF15_ind067	CFF15	6
CFF15_ind068	CFF15	6
CFF15_ind069	CFF15	6
CFF15_ind070	CFF15	6
CFF15_ind071	CFF15	6
CFF15_ind072	CFF15	6
CFF15_ind073	CFF15	6
CFF15_ind074	CFF15	6
CFF15_ind075	CFF15	6
CFF15_ind076	CFF15	6
CFF15_ind077	CFF15	6
CFF15_ind078	CFF15	6
CFF15_ind079	CFF15	6
CFF15_ind080	CFF15	6
CFF15_ind081	CFF15	6
CFF15_ind082	CFF15	6
CFF15_ind083	CFF15	6
CFF15_ind084	CFF15	6
CFF15_ind085	CFF15	6
CFF15_ind086	CFF15	6
CFF15_ind087	CFF15	6
CFF15_ind088	CFF15	6
CFF15_ind089	CFF15	6
CFF15_ind090	CFF15	6
CFF15_ind091	CFF15	6
CFF15_ind092	CFF15	6
CFF15_ind093	CFF15	6
CFF15_ind094	CFF15	6
CFF15_ind095	CFF15	6
CFF15_ind096	CFF15	6
CFF15_ind097	CFF15	6
CFF15_ind098	CFF15	6
CFF15_ind099	CFF15	6
CFF15_ind100	CFF15	6
CFF15_ind101	CFF15	6
CFF15_ind102	CFF15	6
CFF15_ind103	CFF15	6
CFF15_ind104	CFF15	6
CFF15_ind105	CFF15	6
CFF15_ind106	CFF15	6
CFF15_ind107	CFF15	6
CFF15_ind108	CFF15	6
CFF15_ind109	CFF15	6
CFF15_ind110	CFF15	6
CFF15_ind111	CFF15	6
CFF15_ind112	CFF15	6
CFF15_ind113	CFF15	6
CFF15_ind114	CFF15	6
CFF15_ind115	CFF15	6
CFF15_ind001	CFF15	7
CFF15_ind002	CFF15	7
CFF15_ind003	CFF15	7
CFF15_ind004	CFF15	7
CFF15_ind005	CFF15	7
CFF15_ind006	CFF15	7
CFF15_ind007	CFF15	7
CFF15_ind008	CFF15	7
CFF15_ind009	CFF15	7
CFF15_ind010	CFF15	7
CFF15_ind011	CFF15	7
CFF15_ind012	CFF15	7
CFF15_ind013	CFF15	7
CFF15_ind014	CFF15	7
CFF15_ind015	CFF15	7
CFF15_ind016	CFF15	7
CFF15_ind017	CFF15	7
CFF15_ind018	CFF15	7
CFF15_ind019	CFF15	7
CFF15_ind020	CFF15	7
CFF15_ind021	CFF15	7
CFF15_ind022	CFF15	7
CFF15_ind023	CFF15	7
CFF15_ind024	CFF15	7
CFF15_ind025	CFF15	7
CFF15_ind026	CFF15	7
CFF15_ind027	CFF15	7
CFF15_ind028	CFF15	7
CFF15_ind029	CFF15	7
CFF15_ind030	CFF15	7
CFF15_ind031	CFF15	7
CFF15_ind032	CFF15	7
CFF15_ind033	CFF15	7
CFF15_ind034	CFF15	7
CFF15_ind035	CFF15	7
CFF15_ind036	CFF15	7
CFF15_ind037	CFF15	7
CFF15_ind038	CFF15	7
CFF15_ind039	CFF15	7
CFF15_ind040	CFF15	7
CFF15_ind041	CFF15	7
CFF15_ind042	CFF15	7
CFF15_ind043	CFF15	7
CFF15_ind044	CFF15	7
CFF15_ind046	CFF15	7
CFF15_ind047	CFF15	7
CFF15_ind048	CFF15	7
CFF15_ind049	CFF15	7
CFF15_ind050	CFF15	7
CFF15_ind051	CFF15	7
CFF15_ind052	CFF15	7
CFF15_ind053	CFF15	7
CFF15_ind054	CFF15	7
CFF15_ind055	CFF15	7
CFF15_ind056	CFF15	7
CFF15_ind057	CFF15	7
CFF15_ind058	CFF15	7
CFF15_ind059	CFF15	7
CFF15_ind060	CFF15	7
CFF15_ind061	CFF15	7
CFF15_ind062	CFF15	7
CFF15_ind063	CFF15	7
CFF15_ind064	CFF15	7
CFF15_ind065	CFF15	7
CFF15_ind066	CFF15	7
CFF15_ind067	CFF15	7
CFF15_ind068	CFF15	7
CFF15_ind069	CFF15	7
CFF15_ind070	CFF15	7
CFF15_ind071	CFF15	7
CFF15_ind072	CFF15	7
CFF15_ind073	CFF15	7
CFF15_ind074	CFF15	7
CFF15_ind075	CFF15	7
CFF15_ind076	CFF15	7
CFF15_ind077	CFF15	7
CFF15_ind078	CFF15	7
CFF15_ind079	CFF15	7
CFF15_ind080	CFF15	7
CFF15_ind081	CFF15	7
CFF15_ind082	CFF15	7
CFF15_ind083	CFF15	7
CFF15_ind084	CFF15	7
CFF15_ind085	CFF15	7
CFF15_ind086	CFF15	7
CFF15_ind087	CFF15	7
CFF15_ind088	CFF15	7
CFF15_ind089	CFF15	7
CFF15_ind090	CFF15	7
CFF15_ind091	CFF15	7
CFF15_ind092	CFF15	7
CFF15_ind093	CFF15	7
CFF15_ind094	CFF15	7
CFF15_ind095	CFF15	7
CFF15_ind096	CFF15	7
CFF15_ind097	CFF15	7
CFF15_ind098	CFF15	7
CFF15_ind099	CFF15	7
CFF15_ind100	CFF15	7
CFF15_ind101	CFF15	7
CFF15_ind102	CFF15	7
CFF15_ind103	CFF15	7
CFF15_ind104	CFF15	7
CFF15_ind105	CFF15	7
CFF15_ind106	CFF15	7
CFF15_ind107	CFF15	7
CFF15_ind108	CFF15	7
CFF15_ind109	CFF15	7
CFF15_ind110	CFF15	7
CFF15_ind111	CFF15	7
CFF15_ind112	CFF15	7
CFF15_ind113	CFF15	7
CFF15_ind114	CFF15	7
CFF15_ind115	CFF15	7
CFF15_ind001	CFF15	8
CFF15_ind002	CFF15	8
CFF15_ind003	CFF15	8
CFF15_ind004	CFF15	8
CFF15_ind005	CFF15	8
CFF15_ind006	CFF15	8
CFF15_ind007	CFF15	8
CFF15_ind008	CFF15	8
CFF15_ind009	CFF15	8
CFF15_ind010	CFF15	8
CFF15_ind011	CFF15	8
CFF15_ind012	CFF15	8
CFF15_ind013	CFF15	8
CFF15_ind014	CFF15	8
CFF15_ind015	CFF15	8
CFF15_ind016	CFF15	8
CFF15_ind017	CFF15	8
CFF15_ind018	CFF15	8
CFF15_ind019	CFF15	8
CFF15_ind020	CFF15	8
CFF15_ind021	CFF15	8
CFF15_ind022	CFF15	8
CFF15_ind023	CFF15	8
CFF15_ind024	CFF15	8
CFF15_ind025	CFF15	8
CFF15_ind026	CFF15	8
CFF15_ind027	CFF15	8
CFF15_ind028	CFF15	8
CFF15_ind029	CFF15	8
CFF15_ind030	CFF15	8
CFF15_ind031	CFF15	8
CFF15_ind032	CFF15	8
CFF15_ind033	CFF15	8
CFF15_ind034	CFF15	8
CFF15_ind035	CFF15	8
CFF15_ind036	CFF15	8
CFF15_ind037	CFF15	8
CFF15_ind038	CFF15	8
CFF15_ind039	CFF15	8
CFF15_ind040	CFF15	8
CFF15_ind041	CFF15	8
CFF15_ind042	CFF15	8
CFF15_ind043	CFF15	8
CFF15_ind044	CFF15	8
CFF15_ind046	CFF15	8
CFF15_ind047	CFF15	8
CFF15_ind048	CFF15	8
CFF15_ind049	CFF15	8
CFF15_ind050	CFF15	8
CFF15_ind051	CFF15	8
CFF15_ind052	CFF15	8
CFF15_ind053	CFF15	8
CFF15_ind054	CFF15	8
CFF15_ind055	CFF15	8
CFF15_ind056	CFF15	8
CFF15_ind057	CFF15	8
CFF15_ind058	CFF15	8
CFF15_ind059	CFF15	8
CFF15_ind060	CFF15	8
CFF15_ind061	CFF15	8
CFF15_ind062	CFF15	8
CFF15_ind063	CFF15	8
CFF15_ind064	CFF15	8
CFF15_ind065	CFF15	8
CFF15_ind066	CFF15	8
CFF15_ind067	CFF15	8
CFF15_ind068	CFF15	8
CFF15_ind069	CFF15	8
CFF15_ind070	CFF15	8
CFF15_ind071	CFF15	8
CFF15_ind072	CFF15	8
CFF15_ind073	CFF15	8
CFF15_ind074	CFF15	8
CFF15_ind075	CFF15	8
CFF15_ind076	CFF15	8
CFF15_ind077	CFF15	8
CFF15_ind078	CFF15	8
CFF15_ind079	CFF15	8
CFF15_ind080	CFF15	8
CFF15_ind081	CFF15	8
CFF15_ind082	CFF15	8
CFF15_ind083	CFF15	8
CFF15_ind084	CFF15	8
CFF15_ind085	CFF15	8
CFF15_ind086	CFF15	8
CFF15_ind087	CFF15	8
CFF15_ind088	CFF15	8
CFF15_ind089	CFF15	8
CFF15_ind090	CFF15	8
CFF15_ind091	CFF15	8
CFF15_ind092	CFF15	8
CFF15_ind093	CFF15	8
CFF15_ind094	CFF15	8
CFF15_ind095	CFF15	8
CFF15_ind096	CFF15	8
CFF15_ind097	CFF15	8
CFF15_ind098	CFF15	8
CFF15_ind099	CFF15	8
CFF15_ind100	CFF15	8
CFF15_ind101	CFF15	8
CFF15_ind102	CFF15	8
CFF15_ind103	CFF15	8
CFF15_ind104	CFF15	8
CFF15_ind105	CFF15	8
CFF15_ind106	CFF15	8
CFF15_ind107	CFF15	8
CFF15_ind108	CFF15	8
CFF15_ind109	CFF15	8
CFF15_ind110	CFF15	8
CFF15_ind111	CFF15	8
CFF15_ind112	CFF15	8
CFF15_ind113	CFF15	8
CFF15_ind114	CFF15	8
CFF15_ind115	CFF15	8
CFF15_ind001	CFF15	9
CFF15_ind002	CFF15	9
CFF15_ind003	CFF15	9
CFF15_ind004	CFF15	9
CFF15_ind005	CFF15	9
CFF15_ind006	CFF15	9
CFF15_ind007	CFF15	9
CFF15_ind008	CFF15	9
CFF15_ind009	CFF15	9
CFF15_ind010	CFF15	9
CFF15_ind011	CFF15	9
CFF15_ind012	CFF15	9
CFF15_ind013	CFF15	9
CFF15_ind014	CFF15	9
CFF15_ind015	CFF15	9
CFF15_ind016	CFF15	9
CFF15_ind017	CFF15	9
CFF15_ind018	CFF15	9
CFF15_ind019	CFF15	9
CFF15_ind020	CFF15	9
CFF15_ind021	CFF15	9
CFF15_ind022	CFF15	9
CFF15_ind023	CFF15	9
CFF15_ind024	CFF15	9
CFF15_ind025	CFF15	9
CFF15_ind026	CFF15	9
CFF15_ind027	CFF15	9
CFF15_ind028	CFF15	9
CFF15_ind029	CFF15	9
CFF15_ind030	CFF15	9
CFF15_ind031	CFF15	9
CFF15_ind032	CFF15	9
CFF15_ind033	CFF15	9
CFF15_ind034	CFF15	9
CFF15_ind035	CFF15	9
CFF15_ind036	CFF15	9
CFF15_ind037	CFF15	9
CFF15_ind038	CFF15	9
CFF15_ind039	CFF15	9
CFF15_ind040	CFF15	9
CFF15_ind041	CFF15	9
CFF15_ind042	CFF15	9
CFF15_ind043	CFF15	9
CFF15_ind044	CFF15	9
CFF15_ind046	CFF15	9
CFF15_ind047	CFF15	9
CFF15_ind048	CFF15	9
CFF15_ind049	CFF15	9
CFF15_ind050	CFF15	9
CFF15_ind051	CFF15	9
CFF15_ind052	CFF15	9
CFF15_ind053	CFF15	9
CFF15_ind054	CFF15	9
CFF15_ind055	CFF15	9
CFF15_ind056	CFF15	9
CFF15_ind057	CFF15	9
CFF15_ind058	CFF15	9
CFF15_ind059	CFF15	9
CFF15_ind060	CFF15	9
CFF15_ind061	CFF15	9
CFF15_ind062	CFF15	9
CFF15_ind063	CFF15	9
CFF15_ind064	CFF15	9
CFF15_ind065	CFF15	9
CFF15_ind066	CFF15	9
CFF15_ind067	CFF15	9
CFF15_ind068	CFF15	9
CFF15_ind069	CFF15	9
CFF15_ind070	CFF15	9
CFF15_ind071	CFF15	9
CFF15_ind072	CFF15	9
CFF15_ind073	CFF15	9
CFF15_ind074	CFF15	9
CFF15_ind075	CFF15	9
CFF15_ind076	CFF15	9
CFF15_ind077	CFF15	9
CFF15_ind078	CFF15	9
CFF15_ind079	CFF15	9
CFF15_ind080	CFF15	9
CFF15_ind081	CFF15	9
CFF15_ind082	CFF15	9
CFF15_ind083	CFF15	9
CFF15_ind084	CFF15	9
CFF15_ind085	CFF15	9
CFF15_ind086	CFF15	9
CFF15_ind087	CFF15	9
CFF15_ind088	CFF15	9
CFF15_ind089	CFF15	9
CFF15_ind090	CFF15	9
CFF15_ind091	CFF15	9
CFF15_ind092	CFF15	9
CFF15_ind093	CFF15	9
CFF15_ind094	CFF15	9
CFF15_ind095	CFF15	9
CFF15_ind096	CFF15	9
CFF15_ind097	CFF15	9
CFF15_ind098	CFF15	9
CFF15_ind099	CFF15	9
CFF15_ind100	CFF15	9
CFF15_ind101	CFF15	9
CFF15_ind102	CFF15	9
CFF15_ind103	CFF15	9
CFF15_ind104	CFF15	9
CFF15_ind105	CFF15	9
CFF15_ind106	CFF15	9
CFF15_ind107	CFF15	9
CFF15_ind108	CFF15	9
CFF15_ind109	CFF15	9
CFF15_ind110	CFF15	9
CFF15_ind111	CFF15	9
CFF15_ind112	CFF15	9
CFF15_ind113	CFF15	9
CFF15_ind114	CFF15	9
CFF15_ind115	CFF15	9
CFF15_ind001	CFF15	10
CFF15_ind002	CFF15	10
CFF15_ind003	CFF15	10
CFF15_ind004	CFF15	10
CFF15_ind005	CFF15	10
CFF15_ind006	CFF15	10
CFF15_ind007	CFF15	10
CFF15_ind008	CFF15	10
CFF15_ind009	CFF15	10
CFF15_ind010	CFF15	10
CFF15_ind011	CFF15	10
CFF15_ind012	CFF15	10
CFF15_ind013	CFF15	10
CFF15_ind014	CFF15	10
CFF15_ind015	CFF15	10
CFF15_ind016	CFF15	10
CFF15_ind017	CFF15	10
CFF15_ind018	CFF15	10
CFF15_ind019	CFF15	10
CFF15_ind020	CFF15	10
CFF15_ind021	CFF15	10
CFF15_ind022	CFF15	10
CFF15_ind023	CFF15	10
CFF15_ind024	CFF15	10
CFF15_ind025	CFF15	10
CFF15_ind026	CFF15	10
CFF15_ind027	CFF15	10
CFF15_ind028	CFF15	10
CFF15_ind029	CFF15	10
CFF15_ind030	CFF15	10
CFF15_ind031	CFF15	10
CFF15_ind032	CFF15	10
CFF15_ind033	CFF15	10
CFF15_ind034	CFF15	10
CFF15_ind035	CFF15	10
CFF15_ind036	CFF15	10
CFF15_ind037	CFF15	10
CFF15_ind038	CFF15	10
CFF15_ind039	CFF15	10
CFF15_ind040	CFF15	10
CFF15_ind041	CFF15	10
CFF15_ind042	CFF15	10
CFF15_ind043	CFF15	10
CFF15_ind044	CFF15	10
CFF15_ind046	CFF15	10
CFF15_ind047	CFF15	10
CFF15_ind048	CFF15	10
CFF15_ind049	CFF15	10
CFF15_ind050	CFF15	10
CFF15_ind051	CFF15	10
CFF15_ind052	CFF15	10
CFF15_ind053	CFF15	10
CFF15_ind054	CFF15	10
CFF15_ind055	CFF15	10
CFF15_ind056	CFF15	10
CFF15_ind057	CFF15	10
CFF15_ind058	CFF15	10
CFF15_ind059	CFF15	10
CFF15_ind060	CFF15	10
CFF15_ind061	CFF15	10
CFF15_ind062	CFF15	10
CFF15_ind063	CFF15	10
CFF15_ind064	CFF15	10
CFF15_ind065	CFF15	10
CFF15_ind066	CFF15	10
CFF15_ind067	CFF15	10
CFF15_ind068	CFF15	10
CFF15_ind069	CFF15	10
CFF15_ind070	CFF15	10
CFF15_ind071	CFF15	10
CFF15_ind072	CFF15	10
CFF15_ind073	CFF15	10
CFF15_ind074	CFF15	10
CFF15_ind075	CFF15	10
CFF15_ind076	CFF15	10
CFF15_ind077	CFF15	10
CFF15_ind078	CFF15	10
CFF15_ind079	CFF15	10
CFF15_ind080	CFF15	10
CFF15_ind081	CFF15	10
CFF15_ind082	CFF15	10
CFF15_ind083	CFF15	10
CFF15_ind084	CFF15	10
CFF15_ind085	CFF15	10
CFF15_ind086	CFF15	10
CFF15_ind087	CFF15	10
CFF15_ind088	CFF15	10
CFF15_ind089	CFF15	10
CFF15_ind090	CFF15	10
CFF15_ind091	CFF15	10
CFF15_ind092	CFF15	10
CFF15_ind093	CFF15	10
CFF15_ind094	CFF15	10
CFF15_ind095	CFF15	10
CFF15_ind096	CFF15	10
CFF15_ind097	CFF15	10
CFF15_ind098	CFF15	10
CFF15_ind099	CFF15	10
CFF15_ind100	CFF15	10
CFF15_ind101	CFF15	10
CFF15_ind102	CFF15	10
CFF15_ind103	CFF15	10
CFF15_ind104	CFF15	10
CFF15_ind105	CFF15	10
CFF15_ind106	CFF15	10
CFF15_ind107	CFF15	10
CFF15_ind108	CFF15	10
CFF15_ind109	CFF15	10
CFF15_ind110	CFF15	10
CFF15_ind111	CFF15	10
CFF15_ind112	CFF15	10
CFF15_ind113	CFF15	10
CFF15_ind114	CFF15	10
CFF15_ind115	CFF15	10
